code,ym,name,cat,T,Y,S,fill,L1_util,L1_full_surf,L1_price_index,L1_gross_margin,L1_unitval,L1_inventory_ratio,L1_channel_coverage,L1_demand_gap,L1_amt_per_cust,L1_new_cust,L1_purch_surf,L1_rep_rate2,L1_S,cat_一类烟,cat_三类烟,cat_二类烟,cat_五类烟,cat_四类烟,price_band_cat_中低档,price_band_cat_中档,price_band_cat_中高档,price_band_cat_高档
4891132530116,202501,红双喜(南洋经典),三类烟,0,0.0,22.000909964106903,0.0,87.5,100.0,1.1484823625922886,0.24217756114839845,41075.0,317.4115210843373,0.2345238095238095,-97.484848,0.00281763621607935,8.0,14.61,0.0,41.1974834563511,0,1,0,0,0,0,0,1,0
4891132530116,202502,红双喜(南洋经典),三类烟,0,0.0,22.000909964106903,0.0,87.5,100.0,1.177336276674025,0.24217756114839845,41075.0,317.4115210843373,0.2345238095238095,1.0,0.0,8.0,14.61,0.0,22.000909964106903,0,1,0,0,0,0,0,1,0
4891132530116,202503,红双喜(南洋经典),三类烟,0,0.0,22.000909964106903,0.0,87.5,100.0,1.177336276674025,0.24217756114839845,41075.0,317.4115210843373,0.2345238095238095,1.0,0.0,8.0,14.61,0.0,22.000909964106903,0,1,0,0,0,0,0,1,0
4891132530116,202504,红双喜(南洋经典),三类烟,0,0.0,22.000909964106903,0.0,87.5,100.0,1.177336276674025,0.24217756114839845,41075.0,317.4115210843373,0.2345238095238095,1.0,0.0,8.0,14.61,0.0,22.000909964106903,0,1,0,0,0,0,0,1,0
4891132530116,202505,红双喜(南洋经典),三类烟,0,0.0,22.000909964106903,0.0,87.5,100.0,1.177336276674025,0.24217756114839845,41075.0,317.4115210843373,0.2345238095238095,1.0,0.0,8.0,14.61,0.0,22.000909964106903,0,1,0,0,0,0,0,1,0
4891132530116,202506,红双喜(南洋经典),三类烟,0,0.0,22.000909964106903,0.0,87.5,100.0,1.177336276674025,0.24217756114839845,41075.0,317.4115210843373,0.2345238095238095,1.0,0.0,8.0,14.61,0.0,22.000909964106903,0,1,0,0,0,0,0,1,0
4891132530116,202507,红双喜(南洋经典),三类烟,0,0.0,22.000909964106903,0.0,87.5,100.0,1.177336276674025,0.24217756114839845,41075.0,317.4115210843373,0.2345238095238095,1.0,0.0,8.0,14.61,0.0,22.000909964106903,0,1,0,0,0,0,0,1,0
4891132530116,202508,红双喜(南洋经典),三类烟,0,0.0,22.000909964106903,0.0,87.5,100.0,1.177336276674025,0.24217756114839845,41075.0,317.4115210843373,0.2345238095238095,1.0,0.0,8.0,14.61,0.0,22.000909964106903,0,1,0,0,0,0,0,1,0
4891132530116,202509,红双喜(南洋经典),三类烟,0,0.0,22.000909964106903,0.0,87.5,100.0,1.177336276674025,0.24217756114839845,41075.0,317.4115210843373,0.2345238095238095,1.0,0.0,8.0,14.61,0.0,22.000909964106903,0,1,0,0,0,0,0,1,0
4891132530116,202510,红双喜(南洋经典),三类烟,0,18.70683566680094,22.000909964106903,0.0,100.0,100.0,1.177336276674025,0.24217756114839845,41075.0,317.4115210843373,0.0047281323877068,1.0,0.0,8.0,14.61,0.0,22.000909964106903,0,1,0,0,0,0,0,1,0
4891132530116,202511,红双喜(南洋经典),三类烟,0,-18.70683566680094,40.707745630907844,97.727273,87.5,100.0,1.177336276674025,0.24217756114839845,41075.0,317.4115210843373,0.2345238095238095,1.0,0.0,8.0,14.61,0.0,22.000909964106903,0,1,0,0,0,0,0,1,0
4891132530116,202512,红双喜(南洋经典),三类烟,1,0.0,22.000909964106903,0.0,100.0,100.0,1.177336276674025,0.2254718756951931,16987.5,10.953488372093023,0.0047114252061248,-96.727273,0.0006883038869257,43.0,5.06,0.0,40.707745630907844,0,1,0,0,0,0,0,1,0
4891132530116,202601,红双喜(南洋经典),三类烟,0,0.0,22.000909964106903,0.0,0.0,100.0,1.177336276674025,0.24217756114839845,41075.0,317.4115210843373,0.0047169811320754,1.0,0.0,8.0,14.61,0.0,22.000909964106903,0,1,0,0,0,0,0,1,0
4891132530116,202602,红双喜(南洋经典),三类烟,0,0.0,22.000909964106903,0.0,87.5,100.0,1.177336276674025,0.24217756114839845,41075.0,317.4115210843373,0.2345238095238095,1.0,0.0,8.0,14.61,0.0,22.000909964106903,0,1,0,0,0,0,0,1,0
4891132530116,202603,红双喜(南洋经典),三类烟,0,0.0,22.000909964106903,0.0,87.5,100.0,1.177336276674025,0.24217756114839845,41075.0,317.4115210843373,0.2345238095238095,1.0,0.0,8.0,14.61,0.0,22.000909964106903,0,1,0,0,0,0,0,1,0
4891132530116,202604,红双喜(南洋经典),三类烟,0,0.0,22.000909964106903,0.0,87.5,100.0,1.177336276674025,0.24217756114839845,41075.0,317.4115210843373,0.2345238095238095,1.0,0.0,8.0,14.61,0.0,22.000909964106903,0,1,0,0,0,0,0,1,0
4891132530116,202605,红双喜(南洋经典),三类烟,0,0.0,22.000909964106903,0.0,87.5,100.0,1.177336276674025,0.24217756114839845,41075.0,317.4115210843373,0.2345238095238095,1.0,0.0,8.0,14.61,0.0,22.000909964106903,0,1,0,0,0,0,0,1,0
4891132530116,202606,红双喜(南洋经典),三类烟,0,16.39813889621616,22.000909964106903,0.0,87.5,100.0,1.177336276674025,0.24217756114839845,41075.0,317.4115210843373,0.2345238095238095,1.0,0.0,8.0,14.61,0.0,22.000909964106903,0,1,0,0,0,0,0,1,0
4891132601014,202503,红双喜(爱国绿中支),一类烟,0,0.0,45.43048288115594,,87.5,100.0,1.1484823625922886,0.24217756114839845,41075.0,317.4115210843373,0.2345238095238095,-97.484848,0.00281763621607935,8.0,14.61,0.0,41.1974834563511,1,0,0,0,0,0,0,0,1
4891132601014,202507,红双喜(爱国绿中支),一类烟,0,0.0,45.43048288115594,,87.5,100.0,1.240419970761529,0.24217756114839845,41075.0,317.4115210843373,0.2345238095238095,-97.484848,0.00281763621607935,8.0,14.61,0.0,45.43048288115594,1,0,0,0,0,0,0,0,1
4891132601014,202508,红双喜(爱国绿中支),一类烟,0,2.776844621069209,45.43048288115594,0.0,87.5,100.0,1.240419970761529,0.24217756114839845,41075.0,317.4115210843373,0.2345238095238095,-97.484848,0.00281763621607935,8.0,14.61,0.0,45.43048288115594,1,0,0,0,0,0,0,0,1
4891132601014,202509,红双喜(爱国绿中支),一类烟,0,-2.776844621069209,48.20732750222515,100.0,87.5,100.0,1.240419970761529,0.24217756114839845,41075.0,317.4115210843373,0.2345238095238095,1.0,0.0,8.0,14.61,0.0,45.43048288115594,1,0,0,0,0,0,0,0,1
4891132601014,202510,红双喜(爱国绿中支),一类烟,0,2.9594251481150735,45.43048288115594,,87.5,100.0,1.240419970761529,0.2253798786160457,56432.5,94.0,0.2345238095238095,-99.0,0.0002134562647754,4.0,0.47,0.0,48.20732750222515,1,0,0,0,0,0,0,0,1
6901028000833,202501,双喜(软经典),三类烟,0,-0.8840389644277877,41.82875957257853,99.080695,87.5,100.0,1.1484823625922886,0.24217756114839845,41075.0,317.4115210843373,0.2345238095238095,-97.484848,0.00281763621607935,8.0,14.61,0.0,41.1974834563511,0,1,0,0,0,0,0,1,0
6901028000833,202502,双喜(软经典),三类烟,0,-3.499539071651597,40.94472060815074,98.658318,89.29,99.68,1.134020618556701,0.242164735891168,24250.0,67.69432989690722,0.9585308056872038,-98.080695,0.0222962085308056,3.0,97.75,93.33,41.82875957257853,0,1,0,0,0,0,0,1,0
6901028000833,202503,双喜(软经典),三类烟,1,4.1579651327230565,37.44518153649914,95.689655,72.55,100.0,1.134020618556701,0.2421613032871924,24250.0,307.60199456029017,0.8699763593380615,-97.658318,0.0126466903073286,8.0,14.61,0.0,40.94472060815074,0,1,0,0,0,0,0,1,0
6901028000833,202504,双喜(软经典),三类烟,0,-0.27683475203100016,41.6031466692222,99.408822,68.28,98.91,1.134020618556701,0.2421635553078852,24250.0,1259.013513513513,0.4757396449704142,-94.689655,0.0025484023668639,8.0,13.14,0.0,37.44518153649914,0,1,0,0,0,0,0,1,0
6901028000833,202505,双喜(软经典),三类烟,0,0.17963951258568756,41.3263119171912,99.48861,52.48,96.9,1.134020618556701,0.2421638637628394,24250.0,128.92086001829827,0.8601895734597157,-98.408822,0.0251234597156398,3.0,95.85,35.23,41.6031466692222,0,1,0,0,0,0,0,1,0
6901028000833,202506,双喜(软经典),三类烟,0,0.34165304756681536,41.505951429776886,99.545317,79.56,98.73,1.134020618556701,0.2421639849696502,24250.0,204.1771028037383,0.3523809523809524,-98.48861,0.0247119047619047,2.0,97.5,30.77,41.3263119171912,0,1,0,0,0,0,0,1,0
6901028000833,202507,双喜(软经典),三类烟,0,-0.20583821898371468,41.8476044773437,98.923028,54.71,97.24,1.134020618556701,0.2421645403518464,24250.0,155.41169305724728,0.9940334128878282,-98.545317,0.0380128878281622,4.0,97.73,58.61,41.505951429776886,0,1,0,0,0,0,0,1,0
6901028000833,202508,双喜(软经典),三类烟,0,-0.3482051006338125,41.641766258359986,98.74477,58.54,96.46,1.134020618556701,0.2421648824319729,24250.0,62.58821645853345,0.7247924080664294,-97.923028,0.0359348754448398,6.0,82.68,38.45,41.8476044773437,0,1,0,0,0,0,0,1,0
6901028000833,202509,双喜(软经典),三类烟,0,-2.327840492897977,41.293561157726174,98.513011,33.57,95.45,1.134020618556701,0.2421649484536082,24250.0,118.54176755447942,0.502375296912114,-97.74477,0.0190313539192399,3.0,97.86,0.49,41.641766258359986,0,1,0,0,0,0,0,1,0
6901028000833,202510,双喜(软经典),三类烟,1,2.4074153761575374,38.9657206648282,93.273543,32.13,95.68,1.134020618556701,0.24213081112624,24250.0,209.4811320754717,0.9988179669030732,-97.513011,0.0121536643026004,8.0,62.77,0.0,41.293561157726174,0,1,0,0,0,0,0,1,0
6901028000833,202511,双喜(软经典),三类烟,0,-0.39980611981135894,41.373136040985734,99.186165,23.08,81.39,1.134020618556701,0.2421535487708168,24250.0,844.6490384615386,1.0,-92.273543,0.002382054309327,8.0,12.28,0.0,38.9657206648282,0,1,0,0,0,0,0,1,0
6901028000833,202512,双喜(软经典),三类烟,0,0.8026905165297862,40.973329921174376,99.72067,19.35,89.27,1.134020618556701,0.2421349722442506,24250.0,188.30410256410252,1.0,-98.186165,0.0222791519434628,11.0,95.41,20.62,41.373136040985734,0,1,0,0,0,0,0,1,0
6901028000833,202601,双喜(软经典),三类烟,0,-0.021966093175436185,41.77602043770416,99.030256,6.16,89.83,1.134020618556701,0.2420975194201392,24250.0,292.9089635854342,0.6804245283018868,-98.72067,0.008167216981132,8.0,42.22,0.0,40.973329921174376,0,1,0,0,0,0,0,1,0
6901028000833,202602,双喜(软经典),三类烟,0,-0.10177673468008663,41.754054344528726,97.968907,36.47,93.31,1.134020618556701,0.2421644638811828,24250.0,81.99921660791226,0.98698224852071,-98.030256,0.0293066272189349,4.0,94.44,91.23,41.77602043770416,0,1,0,0,0,0,0,1,0
6901028000833,202603,双喜(软经典),三类烟,0,0.11670387032314977,41.65227760984864,99.71865,87.5,100.0,1.134020618556701,0.2421648956802355,24250.0,88.01638085487586,0.2345238095238095,-96.968907,0.0450093824228028,1.0,97.62,93.31,41.754054344528726,0,1,0,0,0,0,0,1,0
6901028000833,202604,双喜(软经典),三类烟,1,-35.855705333166256,41.76898148017179,93.960924,8.18,76.09,1.134020618556701,0.2421649484536082,24250.0,115.68480451430877,1.0,-98.71865,0.02868379022646,8.0,94.4,23.11,41.65227760984864,0,1,0,0,0,0,0,1,0
6901028000833,202605,双喜(软经典),三类烟,1,36.09234082796553,5.913276147005536,0.0,8.29,87.13,1.134020618556701,0.2421648185320159,24250.0,83.95085066162571,1.0,-92.960924,0.0185022836538461,1.0,70.67,0.0,41.76898148017179,0,1,0,0,0,0,0,1,0
6901028000833,202606,双喜(软经典),三类烟,0,-0.07420270129220796,42.00561697497107,99.575472,3.82,64.15,1.134020618556701,0.24217756114839845,41075.0,317.4115210843373,1.0,1.0,0.0,8.0,14.61,0.0,5.913276147005536,0,1,0,0,0,0,0,1,0
6901028001625,202501,双喜(硬经典1906),二类烟,0,-0.5884272132933077,40.9526512055515,98.986242,87.5,100.0,1.1484823625922886,0.24217756114839845,41075.0,317.4115210843373,0.2345238095238095,-97.484848,0.00281763621607935,8.0,14.61,0.0,41.1974834563511,0,0,1,0,0,0,0,0,1
6901028001625,202502,双喜(硬经典1906),二类烟,0,0.20955608717569163,40.36422399225819,99.626866,77.54,100.0,1.1294180175391977,0.2420934420757613,37630.0,143.21433796634966,0.976303317535545,-97.986242,0.0243792464454976,37.0,74.53,63.43,40.9526512055515,0,0,1,0,0,0,0,0,1
6901028001625,202503,双喜(硬经典1906),二类烟,0,0.05527061878092354,40.57378007943388,98.918919,93.62,100.0,1.1294180175391977,0.2420938250519298,37630.0,303.189138576779,0.2777777777777778,-98.626866,0.0095009078014184,8.0,14.61,0.0,40.36422399225819,0,0,1,0,0,0,0,0,1
6901028001625,202504,双喜(硬经典1906),二类烟,0,-0.2803348205642706,40.629050698214805,99.868938,91.8,100.0,1.1294180175391977,0.242126989520724,37630.0,249.8287795992714,0.072189349112426,-97.918919,0.0097793467455621,9.0,32.66,0.0,40.57378007943388,0,0,1,0,0,0,0,0,1
6901028001625,202505,双喜(硬经典1906),二类烟,0,0.6698067171887203,40.348715877650534,98.742138,90.63,98.29,1.1294180175391977,0.2421266817464984,37630.0,234.7729658792651,0.1516587677725118,-98.868938,0.0135896018957345,7.0,45.85,0.0,40.629050698214805,0,0,1,0,0,0,0,0,1
6901028001625,202506,双喜(硬经典1906),二类烟,0,-0.11534661472400387,41.018522594839254,99.534451,90.48,100.0,1.1294180175391977,0.2421270804734669,37630.0,311.0106157112526,0.025,-97.742138,0.0084398714285714,8.0,28.21,0.0,40.348715877650534,0,0,1,0,0,0,0,0,1
6901028001625,202507,双喜(硬经典1906),二类烟,0,-1.2323027647216946,40.90317598011525,98.595041,85.97,98.95,1.1294180175391977,0.2421267637950832,37630.0,128.9242282507016,0.2637231503579952,-98.534451,0.0192011789976133,18.0,56.21,15.29,41.018522594839254,0,0,1,0,0,0,0,0,1
6901028001625,202508,双喜(硬经典1906),二类烟,0,0.8288224148143613,39.670873215393556,97.373737,100.0,100.0,1.1294180175391977,0.2421267073251955,37630.0,160.26906957250628,0.0154211150652431,-97.595041,0.0213013475682087,11.0,46.86,49.37,40.90317598011525,0,0,1,0,0,0,0,0,1
6901028001625,202509,双喜(硬经典1906),二类烟,0,0.2515917151891216,40.49969563020792,98.066076,86.29,98.15,1.1294180175391977,0.2421266028804156,37630.0,495.195020746888,0.0736342042755344,-96.373737,0.0086164655581947,1.0,26.13,11.82,39.670873215393556,0,0,1,0,0,0,0,0,1
6901028001625,202510,双喜(硬经典1906),二类烟,0,-1.080814898927791,40.75128734539704,98.576512,78.72,100.0,1.1294180175391977,0.2421196767120763,37630.0,269.1717337715694,0.0709219858156028,-97.066076,0.021652817966903,26.0,41.02,48.13,40.49969563020792,0,0,1,0,0,0,0,0,1
6901028001625,202511,双喜(硬经典1906),二类烟,0,-4.94829491857859,39.67047244646925,98.686679,50.94,94.59,1.1294180175391977,0.2421100233990277,37630.0,199.74277978339347,0.500590318772137,-97.576512,0.0196902195985832,11.0,27.27,34.63,40.75128734539704,0,0,1,0,0,0,0,0,1
6901028001625,202512,双喜(硬经典1906),二类烟,0,4.998680688081045,34.72217752789066,97.391304,39.33,98.54,1.1294180175391977,0.2421222398599936,37630.0,494.8307984790874,0.4063604240282685,-97.686679,0.0093255029446407,6.0,24.15,34.15,39.67047244646925,0,0,1,0,0,0,0,0,1
6901028001625,202601,双喜(硬经典1906),二类烟,0,-35.51700916748224,39.7208582159717,98.942598,47.33,98.88,1.1294180175391977,0.2421207670551611,37630.0,1839.607142857143,0.2205188679245283,-96.391304,0.001988,1.0,6.96,0.0,34.72217752789066,0,0,1,0,0,0,0,0,1
6901028001625,202602,双喜(硬经典1906),二类烟,0,36.24480476908253,4.203849048489458,,63.9,100.0,1.1294180175391977,0.2421062454229916,37630.0,479.4015267175572,0.6863905325443787,-97.942598,0.0116675266272189,37.0,33.61,41.9,39.7208582159717,0,0,1,0,0,0,0,0,1
6901028001625,202603,双喜(硬经典1906),二类烟,0,-2.2119396355902765,40.44865381757199,98.277842,38.49,100.0,1.1294180175391977,0.24217756114839845,41075.0,317.4115210843373,0.3574821852731591,-97.484848,0.00281763621607935,8.0,14.61,0.0,4.203849048489458,0,0,1,0,0,0,0,0,1
6901028001625,202604,双喜(硬经典1906),二类烟,0,1.2656475769616193,38.23671418198171,97.2,53.5,96.94,1.1294180175391977,0.2421196084104698,37630.0,283.0373831775701,0.2181168057210965,-97.277842,0.0153569868891537,12.0,21.93,42.93,40.44865381757199,0,0,1,0,0,0,0,0,1
6901028001625,202605,双喜(硬经典1906),二类烟,1,-1.4900840762339556,39.50236175894333,93.811881,30.3,91.62,1.1294180175391977,0.2421222341424898,37630.0,884.522633744856,0.6334134615384616,-96.2,0.0043961971153846,13.0,12.14,29.7,38.23671418198171,0,0,1,0,0,0,0,0,1
6901028001625,202606,双喜(硬经典1906),二类烟,0,-2.4499582100471855,38.012277682709374,94.139194,18.55,92.44,1.1294180175391977,0.2421184397168093,37630.0,540.1108179419525,1.0,-92.811881,0.0068731421686746,6.0,12.77,33.02,39.50236175894333,0,0,1,0,0,0,0,0,1
6901028005036,202501,双喜(硬金五叶神),二类烟,0,-0.8482420891996796,43.20473231014933,98.955224,87.5,100.0,1.1484823625922886,0.24217756114839845,41075.0,317.4115210843373,0.2345238095238095,-97.484848,0.00281763621607935,8.0,14.61,0.0,41.1974834563511,0,0,1,0,0,0,0,0,1
6901028005036,202502,双喜(硬金五叶神),二类烟,0,-1.0337362507763004,42.35649022094965,97.777778,81.19,100.0,1.1484823625922886,0.2421638536148983,30475.0,180.23529411764704,0.4443127962085308,-97.955224,0.0095757938388625,35.0,76.78,0.0,43.20473231014933,0,0,1,0,0,0,0,0,1
6901028005036,202503,双喜(硬金五叶神),二类烟,0,1.1090682177281792,41.32275397017335,97.391304,85.53,100.0,1.1484823625922886,0.2421589976881199,30475.0,410.25909090909096,0.2777777777777778,-96.777778,0.003169976359338,8.0,14.61,0.0,42.35649022094965,0,0,1,0,0,0,0,0,1
6901028005036,202504,双喜(硬金五叶神),二类烟,0,-6.5105051907867875,42.43182218790153,99.145299,100.0,100.0,1.1484823625922886,0.2421224950193367,30475.0,687.2678571428571,0.0248520710059171,-96.391304,0.0016157159763313,8.0,6.63,0.0,41.32275397017335,0,0,1,0,0,0,0,0,1
6901028005036,202505,双喜(硬金五叶神),二类烟,1,7.437414223394079,35.921316997114744,90.47619,74.11,97.62,1.1484823625922886,0.2421239851772227,30475.0,385.98706896551727,0.1990521327014218,-98.145299,0.0033508056872037,8.0,13.86,0.0,42.43182218790153,0,0,1,0,0,0,0,0,1
6901028005036,202506,双喜(硬金五叶神),二类烟,0,-12.407490811971478,43.35873122050882,99.737533,85.33,100.0,1.1484823625922886,0.2421246923707957,30475.0,2155.6052631578946,0.0892857142857142,-89.47619,0.0005514523809523,8.0,2.26,0.0,35.921316997114744,0,0,1,0,0,0,0,0,1
6901028005036,202507,双喜(硬金五叶神),二类烟,0,8.679925543979067,30.951240408537345,96.296296,70.21,97.01,1.1484823625922886,0.2421249082509391,30475.0,134.15526315789472,0.3365155131264916,-98.737533,0.0055276849642004,8.0,22.79,0.0,43.35873122050882,0,0,1,0,0,0,0,0,1
6901028005036,202508,双喜(硬金五叶神),二类烟,0,0.6253622441340383,39.63116595251641,90.677966,41.74,93.22,1.1484823625922886,0.2421246923707957,30475.0,3506.461538461539,0.298932384341637,-95.296296,0.0003759667852906,8.0,1.54,0.0,30.951240408537345,0,0,1,0,0,0,0,0,1
6901028005036,202509,双喜(硬金五叶神),二类烟,0,2.9111257288323173,40.25652819665045,99.328859,49.38,94.74,1.1484823625922886,0.242125075709368,30475.0,1147.3177570093458,0.0914489311163895,-89.677966,0.0015490855106888,8.0,6.41,0.0,39.63116595251641,0,0,1,0,0,0,0,0,1
6901028005036,202510,双喜(硬金五叶神),二类烟,0,-1.0981491317394472,43.16765392548277,99.539171,57.58,100.0,1.1484823625922886,0.2421246923707957,30475.0,977.304054054054,0.0342789598108747,-98.328859,0.0021325295508274,8.0,8.75,0.0,40.25652819665045,0,0,1,0,0,0,0,0,1
6901028005036,202511,双喜(硬金五叶神),二类烟,0,0.7754544936474019,42.06950479374332,98.905109,34.89,97.22,1.1484823625922886,0.2421258317382189,30475.0,186.1898148148148,0.6115702479338843,-98.539171,0.0062173317591499,127.0,26.21,0.0,43.16765392548277,0,0,1,0,0,0,0,0,1
6901028005036,202512,双喜(硬金五叶神),二类烟,0,-0.12454025074323027,42.84495928739072,98.882682,24.95,92.18,1.1484823625922886,0.242110313638001,30475.0,482.9815498154981,1.0,-97.905109,0.0038910365135453,127.0,16.14,0.0,42.06950479374332,0,0,1,0,0,0,0,0,1
6901028005036,202601,双喜(硬金五叶神),二类烟,0,-2.366258986235181,42.72041903664749,99.575372,85.71,100.0,1.1484823625922886,0.2420554033824149,30475.0,266.2598870056497,0.008254716981132,-97.882682,0.002544375,10.0,10.5,0.0,42.84495928739072,0,0,1,0,0,0,0,0,1
6901028005036,202602,双喜(硬金五叶神),二类烟,0,1.2735993057637245,40.35416005041231,100.0,40.77,100.0,1.1484823625922886,0.2421382481708415,30475.0,309.0938166311301,0.7384615384615385,-98.575372,0.0067658106508875,74.0,43.91,26.42,42.72041903664749,0,0,1,0,0,0,0,0,1
6901028005036,202603,双喜(硬金五叶神),二类烟,0,0.7287984434765349,41.627759356176036,98.165138,17.7,95.95,1.1484823625922886,0.2421603595249135,30475.0,954.6358695652174,1.0,-99.0,0.0026638479809976,3.0,21.85,0.0,40.35416005041231,0,0,1,0,0,0,0,0,1
6901028005036,202604,双喜(硬金五叶神),二类烟,0,0.9959772871221233,42.35655779965257,98.765432,14.2,87.86,1.1484823625922886,0.2421200923079282,30475.0,604.107476635514,1.0,-97.165138,0.0031092491060786,8.0,11.68,11.22,41.627759356176036,0,0,1,0,0,0,0,0,1
6901028005036,202605,双喜(硬金五叶神),二类烟,0,-0.4443984285086273,43.352535086774694,99.192246,9.47,87.64,1.1484823625922886,0.2421211033634126,30475.0,406.13125,0.828125,-97.765432,0.0046884615384615,3.0,20.07,0.0,42.35655779965257,0,0,1,0,0,0,0,0,1
6901028005036,202606,双喜(硬金五叶神),二类烟,0,-1.918532681686969,42.908136658266066,98.071625,5.65,87.5,1.1484823625922886,0.2421208177792979,30475.0,135.3957654723127,1.0,-98.192246,0.0090176626506024,33.0,27.11,41.33,43.352535086774694,0,0,1,0,0,0,0,0,1
6901028009744,202501,双喜(勿忘我),一类烟,0,-0.04688659067077339,56.417176602903176,97.156398,87.5,100.0,1.1484823625922886,0.24217756114839845,41075.0,317.4115210843373,0.2345238095238095,-97.484848,0.00281763621607935,8.0,14.61,0.0,41.1974834563511,1,0,0,0,0,0,0,0,1
6901028009744,202502,双喜(勿忘我),一类烟,0,-1.1451818773539628,56.3702900122324,96.172249,63.65,99.82,1.1428571428571428,0.2755428571428571,43750.0,18.195121951219512,0.9976303317535544,-96.156398,0.0085011848341232,250.0,36.37,33.55,56.417176602903176,1,0,0,0,0,0,0,0,1
6901028009744,202503,双喜(勿忘我),一类烟,1,1.1798374599745571,55.22510813487844,89.361702,60.46,100.0,1.1428571428571428,0.2755428571428571,43750.0,32.38805970149254,0.5508274231678487,-95.172249,0.0041578014184397,8.0,14.61,0.0,56.3702900122324,1,0,0,0,0,0,0,0,1
6901028009744,202504,双喜(勿忘我),一类烟,0,-0.21027808554041627,56.404945594853,99.6,34.3,90.85,1.1428571428571428,0.2755142857142857,43750.0,340.54761904761904,0.4674556213017751,-88.361702,0.0008698224852071,8.0,2.49,0.0,55.22510813487844,1,0,0,0,0,0,0,0,1
6901028009744,202505,双喜(勿忘我),一类烟,1,0.2112820013797858,56.19466750931258,93.430657,54.76,95.74,1.1428571428571428,0.2755146299483649,43750.0,19.907630522088358,0.0995260663507109,-98.6,0.0051629146919431,8.0,14.93,0.0,56.404945594853,1,0,0,0,0,0,0,0,1
6901028009744,202506,双喜(勿忘我),一类烟,0,-0.05834425298577628,56.405949510692366,99.24812,59.0,96.67,1.1428571428571428,0.2755142857142857,43750.0,77.0234375,0.0595238095238095,-92.430657,0.0026666666666666,8.0,7.62,0.0,56.19466750931258,1,0,0,0,0,0,0,0,1
6901028009744,202507,双喜(勿忘我),一类烟,0,-0.2984929730842296,56.34760525770659,97.101449,51.09,97.18,1.1428571428571428,0.2755147186147186,43750.0,17.919191919191917,0.1634844868735083,-98.24812,0.0082696897374701,42.0,23.99,0.0,56.405949510692366,1,0,0,0,0,0,0,0,1
6901028009744,202508,双喜(勿忘我),一类烟,0,-1.1929112611255945,56.04911228462236,60.606061,35.8,95.35,1.1428571428571428,0.2755153518123667,43750.0,35.57089552238806,0.4175563463819691,-96.101449,0.0055634638196915,107.0,14.0,17.8,56.34760525770659,1,0,0,0,0,0,0,0,1
6901028009744,202509,双喜(勿忘我),一类烟,1,1.4993417353427603,54.856201023496766,40.425532,28.79,90.0,1.1428571428571428,0.275515,43750.0,116.6625,0.0783847980997624,-59.606061,0.0016627078384798,2.0,4.51,7.89,56.04911228462236,1,0,0,0,0,0,0,0,1
6901028009744,202510,双喜(勿忘我),一类烟,0,0.05080678962291785,56.355542758839526,96.640827,25.81,95.12,1.1428571428571428,0.2755142857142857,43750.0,440.8157894736843,0.2955082742316784,-39.425532,0.0007860520094562,8.0,2.25,0.0,54.856201023496766,1,0,0,0,0,0,0,0,1
6901028009744,202511,双喜(勿忘我),一类烟,0,-1.694008651229673,56.406349548462444,98.09221,12.81,89.61,1.1428571428571428,0.27551474407945,43750.0,33.3475935828877,0.6729634002361276,-95.640827,0.0077272727272727,26.0,21.25,5.56,56.355542758839526,1,0,0,0,0,0,0,0,1
6901028009744,202512,双喜(勿忘我),一类烟,1,1.5294451461599365,54.71234089723277,92.307692,9.38,83.65,1.1428571428571428,0.2755157212317666,43750.0,17.925445705024313,1.0,-97.09221,0.0127179034157832,33.0,28.62,33.33,56.406349548462444,1,0,0,0,0,0,0,0,1
6901028009744,202601,双喜(勿忘我),一类烟,0,0.10104922539515115,56.24178604339271,96.347032,3.32,81.82,1.1428571428571428,0.2755142857142857,43750.0,479.9166666666667,0.6804245283018868,-91.307692,0.0002476415094339,8.0,0.71,0.0,54.71234089723277,1,0,0,0,0,0,0,0,1
6901028009744,202602,双喜(勿忘我),一类烟,0,-0.13453287828291138,56.34283526878786,99.309154,15.15,100.0,1.1428571428571428,0.2755428571428571,43750.0,67.31516587677726,0.9857988165680474,-95.347032,0.0087396449704142,31.0,25.68,39.17,56.24178604339271,1,0,0,0,0,0,0,0,1
6901028009744,202603,双喜(勿忘我),一类烟,0,-0.10611048165811354,56.20830239050495,98.288509,7.46,89.81,1.1428571428571428,0.2755257639751552,43750.0,37.99652173913044,1.0,-98.309154,0.0119507125890736,42.0,29.33,63.16,56.34283526878786,1,0,0,0,0,0,0,0,1
6901028009744,202604,双喜(勿忘我),一类烟,1,-0.4189994982648315,56.102191908846834,96.25,3.85,79.03,1.1428571428571428,0.2755159914712153,43750.0,73.50248756218905,1.0,-97.288509,0.0083849821215733,7.0,16.69,47.86,56.20830239050495,1,0,0,0,0,0,0,0,1
6901028009744,202605,双喜(勿忘我),一类烟,0,-0.41736171803406563,55.683192410582,96.891192,2.16,100.0,1.1428571428571428,0.2755161410018553,43750.0,102.35930735930737,0.9987980769230768,-95.25,0.0048587740384615,3.0,10.7,38.2,56.102191908846834,1,0,0,0,0,0,0,0,1
6901028009744,202606,双喜(勿忘我),一类烟,1,-2.1308782620801097,55.26583069254794,91.981132,1.79,100.0,1.1428571428571428,0.2755162719633308,43750.0,216.2566844919786,0.9987951807228916,-95.891192,0.0039427710843373,6.0,8.67,38.89,55.683192410582,1,0,0,0,0,0,0,0,1
6901028009805,202501,双喜(百年经典),一类烟,0,-0.49905922228816735,56.332413635235135,99.076406,87.5,100.0,1.1484823625922886,0.24217756114839845,41075.0,317.4115210843373,0.2345238095238095,-97.484848,0.00281763621607935,8.0,14.61,0.0,41.1974834563511,1,0,0,0,0,0,0,0,1
6901028009805,202502,双喜(百年经典),一类烟,0,-0.09401723331763634,55.83335441294697,99.319728,87.5,100.0,1.1428571428571428,0.2755409685230024,43750.0,42.47796610169492,0.2345238095238095,-98.076406,0.0244668246445497,92.0,64.69,77.47,56.332413635235135,1,0,0,0,0,0,0,0,1
6901028009805,202503,双喜(百年经典),一类烟,0,-1.520868300838103,55.73933717962933,98.545455,87.5,100.0,1.1428571428571428,0.2755426614481409,43750.0,178.30479452054794,0.2345238095238095,-98.319728,0.0060401891252955,8.0,14.61,0.0,55.83335441294697,1,0,0,0,0,0,0,0,1
6901028009805,202504,双喜(百年经典),一类烟,0,-0.8428527353093287,54.21846887879123,100.0,87.5,100.0,1.1428571428571428,0.2755156562994201,43750.0,200.92988929889296,0.2345238095238095,-97.545455,0.0056124260355029,25.0,16.8,0.0,55.73933717962933,1,0,0,0,0,0,0,0,1
6901028009805,202505,双喜(百年经典),一类烟,0,1.523067930071008,53.3756161434819,100.0,82.22,99.17,1.1428571428571428,0.2755149068322981,43750.0,614.2173913043479,0.5165876777251185,-99.0,0.0019075829383886,1.0,5.57,0.0,54.21846887879123,1,0,0,0,0,0,0,0,1
6901028009805,202506,双喜(百年经典),一类烟,0,1.0349481132301293,54.89868407355291,100.0,34.17,86.36,1.1428571428571428,0.2755147699757869,43750.0,843.2881355932203,0.0714285714285714,-99.0,0.0012291666666666,8.0,3.57,0.0,53.3756161434819,1,0,0,0,0,0,0,0,1
6901028009805,202507,双喜(百年经典),一类烟,0,-3.6730262148571953,55.933632186783036,100.0,99.32,100.0,1.1428571428571428,0.275469387755102,43750.0,424.3999999999999,0.3532219570405728,-99.0,0.0029236276849642,8.0,8.47,0.0,54.89868407355291,1,0,0,0,0,0,0,0,1
6901028009805,202508,双喜(百年经典),一类烟,0,2.5792396966499993,52.26060597192584,77.55102,100.0,100.0,1.1428571428571428,0.2754716553287982,43750.0,143.34920634920636,0.0047449584816132,-99.0,0.0052313167259786,7.0,15.3,0.0,55.933632186783036,1,0,0,0,0,0,0,0,1
6901028009805,202509,双喜(百年经典),一类烟,0,0.455799286877955,54.83984566857584,98.765432,89.47,100.0,1.1428571428571428,0.2754827067669173,43750.0,1142.8684210526317,0.0225653206650831,-76.55102,0.0007897862232779,3.0,2.38,0.0,52.26060597192584,1,0,0,0,0,0,0,0,1
6901028009805,202510,双喜(百年经典),一类烟,0,0.24582343236846071,55.295644955453795,98.648649,69.05,93.33,1.1428571428571428,0.2754892857142857,43750.0,442.55,0.0342789598108747,-97.765432,0.0033096926713947,7.0,9.69,0.0,54.83984566857584,1,0,0,0,0,0,0,0,1
6901028009805,202511,双喜(百年经典),一类烟,0,-4.78623179266507,55.541468387822256,98.305085,35.23,93.75,1.1428571428571428,0.2754986301369863,43750.0,319.67808219178085,0.0519480519480519,-97.648649,0.0030165289256198,24.0,9.09,0.0,55.295644955453795,1,0,0,0,0,0,0,0,1
6901028009805,202512,双喜(百年经典),一类烟,0,3.6060859303552704,50.755236595157186,97.560976,13.46,83.56,1.1428571428571428,0.2755051724137931,43750.0,253.57327586206893,1.0,-97.305085,0.0047820965842167,34.0,12.25,22.12,55.541468387822256,1,0,0,0,0,0,0,0,1
6901028009805,202601,双喜(百年经典),一类烟,0,1.0236932062373612,54.361322525512456,97.340426,0.0,100.0,1.1428571428571428,0.2755,43750.0,1553.9,0.0188679245283018,-96.560976,0.0008254716981132,2.0,2.59,0.0,50.755236595157186,1,0,0,0,0,0,0,0,1
6901028009805,202602,双喜(百年经典),一类烟,0,-0.09244507767048304,55.38501573174982,98.376623,23.24,100.0,1.1428571428571428,0.2755300546448087,43750.0,577.0327868852459,0.7384615384615385,-96.340426,0.0037899408284023,39.0,15.5,39.69,54.361322525512456,1,0,0,0,0,0,0,0,1
6901028009805,202603,双喜(百年经典),一类烟,0,-10.993416063846482,55.292570654079334,96.995708,7.45,97.3,1.1428571428571428,0.2755068363979255,43750.0,296.2772277227723,1.0,-97.376623,0.0062975059382422,28.0,12.83,49.07,55.38501573174982,1,0,0,0,0,0,0,0,1
6901028009805,202604,双喜(百年经典),一类烟,0,4.036521452443921,44.29915459023285,100.0,5.48,79.03,1.1428571428571428,0.2755132743362832,43750.0,322.10176991150445,1.0,-95.995708,0.0047139451728247,7.0,7.39,40.32,55.292570654079334,1,0,0,0,0,0,0,0,1
6901028009805,202605,双喜(百年经典),一类烟,1,0.1647100746209489,48.33567604267677,92.0,2.67,84.0,1.1428571428571428,0.2754888888888889,43750.0,3307.444444444445,0.828125,-99.0,0.0003786057692307,1.0,2.16,0.0,44.29915459023285,1,0,0,0,0,0,0,0,1
6901028009805,202606,双喜(百年经典),一类烟,0,-1.0633235722122194,48.50038611729772,90.0,1.11,63.16,1.1428571428571428,0.2754782608695652,43750.0,2209.1739130434785,1.0,-91.0,0.0004849397590361,4.0,2.41,15.0,48.33567604267677,1,0,0,0,0,0,0,0,1
6901028010115,202501,中南海(典8),三类烟,0,-35.868650767512165,41.781926914517705,98.94958,87.5,100.0,1.1484823625922886,0.24217756114839845,41075.0,317.4115210843373,0.2345238095238095,-97.484848,0.00281763621607935,8.0,14.61,0.0,41.1974834563511,0,1,0,0,0,0,0,1,0
6901028010115,202502,中南海(典8),三类烟,1,0.0,5.913276147005536,0.0,100.0,100.0,1.134020618556701,0.2421305841924398,24250.0,76.71974522292993,0.0047393364928909,-97.94958,0.0054131516587677,445.0,55.33,0.0,41.781926914517705,0,1,0,0,0,0,0,1,0
6901028010115,202503,中南海(典8),三类烟,0,31.47713895528391,5.913276147005536,0.0,87.5,100.0,1.134020618556701,0.24217756114839845,41075.0,317.4115210843373,0.2345238095238095,1.0,0.0,8.0,14.61,0.0,5.913276147005536,0,1,0,0,0,0,0,1,0
6901028010115,202504,中南海(典8),三类烟,0,-24.993265939542333,37.390415102289445,90.47619,100.0,100.0,1.134020618556701,0.24217756114839845,41075.0,317.4115210843373,0.0236686390532544,1.0,0.0,8.0,14.61,0.0,5.913276147005536,0,1,0,0,0,0,0,1,0
6901028010115,202505,中南海(典8),三类烟,1,28.720836109512767,12.397149162747112,85.714286,87.5,100.0,1.134020618556701,0.2421513836136734,24250.0,1272.578947368421,0.2345238095238095,-89.47619,0.0004367298578199,19.0,2.25,0.0,37.390415102289445,0,1,0,0,0,0,0,1,0
6901028010115,202506,中南海(典8),三类烟,0,0.5582208186660438,41.11798527225988,99.447514,100.0,100.0,1.134020618556701,0.2421649484536082,24250.0,8067.166666666666,0.0047619047619047,-84.714286,6.928571428571429e-05,8.0,0.36,0.0,12.397149162747112,0,1,0,0,0,0,0,1,0
6901028010115,202507,中南海(典8),三类烟,0,-35.76292994392038,41.67620609092592,99.738903,87.5,100.0,1.134020618556701,0.2421529209621993,24250.0,259.6,0.2345238095238095,-98.447514,0.0020835322195704,51.0,10.86,0.0,41.11798527225988,0,1,0,0,0,0,0,1,0
6901028010115,202508,中南海(典8),三类烟,1,0.0,5.913276147005536,0.0,87.5,100.0,1.134020618556701,0.2421511847573811,24250.0,107.68848167539268,0.2345238095238095,-98.738903,0.0043954922894424,37.0,23.01,0.0,41.67620609092592,0,1,0,0,0,0,0,1,0
6901028010115,202509,中南海(典8),三类烟,0,0.0,5.913276147005536,0.0,87.5,100.0,1.134020618556701,0.24217756114839845,41075.0,317.4115210843373,0.2345238095238095,1.0,0.0,8.0,14.61,0.0,5.913276147005536,0,1,0,0,0,0,0,1,0
6901028010115,202510,中南海(典8),三类烟,0,0.0,5.913276147005536,,87.5,100.0,1.134020618556701,0.24217756114839845,41075.0,317.4115210843373,0.2345238095238095,1.0,0.0,8.0,14.61,0.0,5.913276147005536,0,1,0,0,0,0,0,1,0
6901028010115,202511,中南海(典8),三类烟,0,0.0,5.913276147005536,,100.0,100.0,1.134020618556701,0.24217756114839845,41075.0,317.4115210843373,0.0047225501770956,-97.484848,0.00281763621607935,8.0,14.61,0.0,5.913276147005536,0,1,0,0,0,0,0,1,0
6901028010115,202512,中南海(典8),三类烟,0,29.391162970440096,5.913276147005536,,87.5,100.0,1.134020618556701,0.24217756114839845,41075.0,317.4115210843373,0.2345238095238095,-97.484848,0.00281763621607935,8.0,14.61,0.0,5.913276147005536,0,1,0,0,0,0,0,1,0
6901028010115,202601,中南海(典8),三类烟,0,-15.128503808753312,35.30443911744563,92.857143,87.5,100.0,1.134020618556701,0.24217756114839845,41075.0,317.4115210843373,0.2345238095238095,-97.484848,0.00281763621607935,8.0,14.61,0.0,5.913276147005536,0,1,0,0,0,0,0,1,0
6901028010115,202602,中南海(典8),三类烟,0,14.3279333402816,20.17593530869232,100.0,100.0,100.0,1.134020618556701,0.2421570182394924,24250.0,1840.1538461538464,0.0023668639053254,-91.857143,0.0002984615384615,26.0,3.08,0.0,35.30443911744563,0,1,0,0,0,0,0,1,0
6901028010115,202603,中南海(典8),三类烟,1,2.2749938547527933,34.50386864897392,96.153846,87.5,100.0,1.134020618556701,0.2421649484536082,24250.0,5952.909090909091,0.2345238095238095,-99.0,0.0001267220902612,8.0,1.31,0.0,20.17593530869232,0,1,0,0,0,0,0,1,0
6901028010115,202604,中南海(典8),三类烟,0,4.250557973448288,36.778862503726714,100.0,87.5,94.12,1.134020618556701,0.242160824742268,24250.0,2058.16,0.0226460071513706,-95.153846,0.0002890345649582,2.0,1.43,8.33,34.50386864897392,0,1,0,0,0,0,0,1,0
6901028010115,202605,中南海(典8),三类烟,0,0.8994072574879226,41.029420477175,98.701299,79.55,94.44,1.134020618556701,0.2421604661586732,24250.0,1439.7826086956522,0.0264423076923076,-99.0,0.0002681490384615,3.0,1.44,0.0,36.778862503726714,0,1,0,0,0,0,0,1,0
6901028010115,202606,中南海(典8),三类烟,1,-0.6944371992037901,41.928827734662924,96.5,80.77,100.0,1.134020618556701,0.2421635919696147,24250.0,284.82894736842104,0.0192771084337349,-97.701299,0.0008881927710843,29.0,4.94,0.0,41.029420477175,0,1,0,0,0,0,0,1,0
6901028010771,202501,中南海(冰耀中支),一类烟,0,20.78621812845685,31.839797855800473,100.0,87.5,100.0,1.1484823625922886,0.24217756114839845,41075.0,317.4115210843373,0.2345238095238095,-97.484848,0.00281763621607935,8.0,14.61,0.0,41.1974834563511,1,0,0,0,0,0,0,0,1
6901028010771,202503,中南海(冰耀中支),一类烟,1,-43.74694808550289,52.62601598425732,95.238095,150.33,100.0,1.1420059582919562,0.2755213505461767,50350.0,6668.75,0.1777251184834123,-99.0,9.545023696682464e-05,8.0,0.47,0.0,31.839797855800473,1,0,0,0,0,0,0,0,1
6901028010771,202504,中南海(冰耀中支),一类烟,0,31.697461121505235,8.879067898754428,,72.86,98.7,1.1420059582919562,0.2755213505461767,50350.0,1019.1,0.1242603550295858,-94.238095,0.000953372781065,16.0,2.37,0.0,52.62601598425732,1,0,0,0,0,0,0,0,1
6901028010771,202505,中南海(冰耀中支),一类烟,0,-31.697461121505235,40.57652902025966,100.0,100.0,100.0,1.1420059582919562,0.24217756114839845,41075.0,317.4115210843373,0.0047393364928909,-97.484848,0.00281763621607935,8.0,14.61,0.0,8.879067898754428,1,0,0,0,0,0,0,0,1
6901028010771,202506,中南海(冰耀中支),一类烟,0,0.0,8.879067898754428,,80.95,100.0,1.1420059582919562,0.2755213505461767,50350.0,4294.125,0.025,-99.0,0.0001918095238095,8.0,0.48,0.0,40.57652902025966,1,0,0,0,0,0,0,0,1
6901028010771,202507,中南海(冰耀中支),一类烟,0,0.0,8.879067898754428,,64.0,100.0,1.1420059582919562,0.24217756114839845,41075.0,317.4115210843373,0.0298329355608591,-97.484848,0.00281763621607935,8.0,14.61,0.0,8.879067898754428,1,0,0,0,0,0,0,0,1
6901028010771,202508,中南海(冰耀中支),一类烟,0,35.00057318465513,8.879067898754428,0.0,57.0,96.55,1.1420059582919562,0.24217756114839845,41075.0,317.4115210843373,0.059311981020166,-97.484848,0.00281763621607935,8.0,14.61,0.0,8.879067898754428,1,0,0,0,0,0,0,0,1
6901028010771,202510,中南海(冰耀中支),一类烟,0,-35.00057318465513,43.87964108340956,100.0,75.0,100.0,1.1420059582919562,0.24217756114839845,41075.0,317.4115210843373,0.004750593824228,1.0,0.0,8.0,14.61,0.0,8.879067898754428,1,0,0,0,0,0,0,0,1
6901028010771,202511,中南海(冰耀中支),一类烟,0,37.5879596265653,8.879067898754428,,29.45,95.45,1.1420059582919562,0.2755089374379344,50350.0,3395.0,0.0861865407319952,-99.0,0.0001902243211334,8.0,0.47,0.0,43.87964108340956,1,0,0,0,0,0,0,0,1
6901028010771,202601,中南海(冰耀中支),一类烟,0,6.4953203171791145,46.46702752531973,100.0,16.15,91.35,1.1420059582919562,0.24217756114839845,41075.0,317.4115210843373,1.0,-97.484848,0.00281763621607935,8.0,14.61,0.0,8.879067898754428,1,0,0,0,0,0,0,0,1
6901028010771,202603,中南海(冰耀中支),一类烟,0,0.997590040541354,52.96234784249884,100.0,87.5,100.0,1.1420059582919562,0.2755213505461767,50350.0,2693.1,0.2345238095238095,-99.0,0.0002383431952662,8.0,0.24,0.0,46.46702752531973,1,0,0,0,0,0,0,0,1
6901028010771,202604,中南海(冰耀中支),一类烟,0,1.07466061638155,53.9599378830402,100.0,87.5,100.0,1.1420059582919562,0.2755213505461767,50350.0,927.6857142857142,0.2345238095238095,-99.0,0.0008401668653158,13.0,2.03,5.88,52.96234784249884,1,0,0,0,0,0,0,0,1
6901028010771,202605,中南海(冰耀中支),一类烟,0,-0.8611648163459051,55.03459849942175,100.0,87.5,100.0,1.1420059582919562,0.2755213505461767,50350.0,656.5428571428571,0.2345238095238095,-99.0,0.000847235576923,5.0,2.16,0.0,53.9599378830402,1,0,0,0,0,0,0,0,1
6901028010771,202606,中南海(冰耀中支),一类烟,0,-2.550552826255398,54.17343368307584,97.058824,100.0,100.0,1.1420059582919562,0.2755213505461767,50350.0,364.45238095238096,0.0024096385542168,-99.0,0.0010191325301204,1.0,1.45,75.0,55.03459849942175,1,0,0,0,0,0,0,0,1
6901028011785,202501,真龙(起源),一类烟,0,0.8915732535475271,59.056562137222556,95.0,87.5,100.0,1.1484823625922886,0.24217756114839845,41075.0,317.4115210843373,0.2345238095238095,-97.484848,0.00281763621607935,8.0,14.61,0.0,41.1974834563511,1,0,0,0,0,0,0,0,1
6901028011785,202502,真龙(起源),一类烟,0,-37.23821172664797,59.948135390770084,94.936709,98.53,100.0,1.179245283018868,0.2755188679245283,53000.0,524.0877192982456,0.0805687203791469,-94.0,0.0014317535545023,53.0,6.75,0.0,59.056562137222556,1,0,0,0,0,0,0,0,1
6901028011785,202504,真龙(起源),一类烟,0,37.57785325177443,22.709923664122115,,67.93,100.0,1.179245283018868,0.2755188679245283,53000.0,281.76000000000005,0.2801418439716312,-93.936709,0.0018794326241134,8.0,14.61,0.0,59.948135390770084,1,0,0,0,0,0,0,0,1
6901028011785,202505,真龙(起源),一类烟,0,-23.23391510303084,60.28777691589654,98.484848,53.41,97.2,1.179245283018868,0.24217756114839845,41075.0,317.4115210843373,0.3127962085308057,-97.484848,0.00281763621607935,8.0,14.61,0.0,22.709923664122115,1,0,0,0,0,0,0,0,1
6901028011785,202506,真龙(起源),一类烟,0,21.837874289425564,37.053861812865705,100.0,67.5,98.11,1.179245283018868,0.2755188679245283,53000.0,189.44615384615383,0.6464285714285715,-97.484848,0.0032809523809523,4.0,7.74,0.0,60.28777691589654,1,0,0,0,0,0,0,0,1
6901028011785,202507,真龙(起源),一类烟,0,-4.6005526135169745,58.89173610229127,100.0,95.31,99.18,1.179245283018868,0.2755188679245283,53000.0,6504.374999999999,0.3054892601431981,-99.0,0.0002023866348448,8.0,0.48,0.0,37.053861812865705,1,0,0,0,0,0,0,0,1
6901028011785,202508,真龙(起源),一类烟,0,-31.58125982465218,54.291183488774294,95.454545,97.67,100.0,1.179245283018868,0.2752177565262341,53000.0,536.2328767123288,0.0510083036773428,-99.0,0.0018358244365361,8.0,4.39,0.0,58.89173610229127,1,0,0,0,0,0,0,0,1
6901028011785,202509,真龙(起源),一类烟,0,23.349392825841498,22.709923664122115,,93.8,99.22,1.179245283018868,0.275217879604672,53000.0,1786.6666666666667,0.1627078384798099,-94.454545,0.0005287410926365,8.0,1.31,0.0,54.291183488774294,1,0,0,0,0,0,0,0,1
6901028011785,202510,真龙(起源),一类烟,0,-23.349392825841498,46.059316489963614,100.0,86.98,98.81,1.179245283018868,0.24217756114839845,53000.0,317.4115210843373,0.0744680851063829,-97.484848,0.0002004728132387,8.0,0.47,0.0,22.709923664122115,1,0,0,0,0,0,0,0,1
6901028011785,202511,真龙(起源),一类烟,0,36.61942784828431,22.709923664122115,,91.38,95.65,1.179245283018868,0.2754834905660377,53000.0,4052.875,0.0295159386068477,-99.0,0.0002002361275088,8.0,0.47,0.0,46.059316489963614,1,0,0,0,0,0,0,0,1
6901028011785,202601,真龙(起源),一类烟,0,-36.61942784828431,59.329351512406426,99.047619,100.0,100.0,1.179245283018868,0.24217756114839845,41075.0,317.4115210843373,0.0047114252061248,-97.484848,0.00281763621607935,8.0,14.61,0.0,22.709923664122115,1,0,0,0,0,0,0,0,1
6901028011785,202602,真龙(起源),一类烟,0,34.436304284368966,22.709923664122115,,87.5,100.0,1.179245283018868,0.2754984579100145,53000.0,447.7307692307692,0.2345238095238095,-98.047619,0.0026092307692307,50.0,9.82,22.89,59.329351512406426,1,0,0,0,0,0,0,0,1
6901028011785,202603,真龙(起源),一类烟,0,2.8048423988150617,57.14622794849108,100.0,50.39,100.0,1.179245283018868,0.24217756114839845,41075.0,317.4115210843373,0.1828978622327791,-97.484848,0.00281763621607935,8.0,14.61,0.0,22.709923664122115,1,0,0,0,0,0,0,0,1
6901028011785,202604,真龙(起源),一类烟,0,-0.029606151831139016,59.95107034730614,99.038462,82.19,97.74,1.179245283018868,0.2755188679245283,53000.0,1043.3125,0.2550655542312277,-99.0,0.0008085816448152,3.0,1.79,6.67,57.14622794849108,1,0,0,0,0,0,0,0,1
6901028011785,202605,真龙(起源),一类烟,0,0.05412149993527038,59.921464195475004,98.198198,84.78,98.31,1.179245283018868,0.275518409965195,53000.0,280.9126213592233,0.0829326923076923,-98.038462,0.0026245192307692,20.0,6.49,0.0,59.95107034730614,1,0,0,0,0,0,0,0,1
6901028011785,202606,真龙(起源),一类烟,0,-1.9157652608320177,59.975585695410274,99.074074,62.96,97.13,1.179245283018868,0.2755188679245283,53000.0,289.0091743119266,0.4602409638554217,-97.198198,0.0027840963855421,22.0,7.47,0.0,59.921464195475004,1,0,0,0,0,0,0,0,1
6901028012003,202501,真龙(凌云),二类烟,0,1.4808718262059983,51.549414911573386,94.366197,87.5,100.0,1.1484823625922886,0.24217756114839845,41075.0,317.4115210843373,0.2345238095238095,-97.484848,0.00281763621607935,8.0,14.61,0.0,41.1974834563511,0,0,1,0,0,0,0,0,1
6901028012003,202502,真龙(凌云),二类烟,0,-3.635068980091262,53.030286737779385,96.987952,100.0,100.0,1.2305168170631664,0.2421657095980311,30475.0,672.7462686567163,0.0047393364928909,-93.366197,0.0009676895734597,8.0,7.94,0.0,51.549414911573386,0,0,1,0,0,0,0,0,1
6901028012003,202503,真龙(凌云),二类烟,0,3.826889655691538,49.39521775768812,100.0,87.5,100.0,1.2305168170631664,0.2421657095980311,30475.0,270.2484472049689,0.2345238095238095,-95.987952,0.0023198463356973,8.0,14.61,0.0,53.030286737779385,0,0,1,0,0,0,0,0,1
6901028012003,202504,真龙(凌云),二类烟,0,0.5294076407417165,53.22210741337966,98.947368,87.5,100.0,1.2305168170631664,0.2421246923707957,30475.0,1253.804347826087,0.2345238095238095,-99.0,0.000663597633136,8.0,2.72,0.0,49.39521775768812,0,0,1,0,0,0,0,0,1
6901028012003,202505,真龙(凌云),二类烟,0,-0.37916447128425546,53.75151505412138,99.457259,87.5,100.0,1.2305168170631664,0.2421252741754373,30475.0,213.72695035460995,0.2345238095238095,-97.947368,0.004072962085308,112.0,16.94,0.0,53.22210741337966,0,0,1,0,0,0,0,0,1
6901028012003,202506,真龙(凌云),二类烟,0,-2.4563263774463024,53.37235058283712,98.985801,75.0,100.0,1.2305168170631664,0.2421250840769221,30475.0,69.81446111869032,0.0047619047619047,-98.457259,0.0106372261904761,112.0,44.05,0.0,53.75151505412138,0,0,1,0,0,0,0,0,1
6901028012003,202507,真龙(凌云),二类烟,1,2.1388735126510525,50.91602420539082,94.382022,55.88,90.0,1.2305168170631664,0.242124860474186,30475.0,172.84631147540983,0.0202863961813842,-97.985801,0.0070987112171837,217.0,29.24,0.0,53.37235058283712,0,0,1,0,0,0,0,0,1
6901028012003,202508,真龙(凌云),二类烟,0,-0.40636481216129994,53.05489771804187,97.718631,41.79,100.0,1.2305168170631664,0.2421246923707957,30475.0,840.4523809523808,0.0747330960854092,-93.382022,0.0012146619217081,8.0,4.98,0.0,50.91602420539082,0,0,1,0,0,0,0,0,1
6901028012003,202509,真龙(凌云),二类烟,0,-2.453325664963053,52.64853290588057,97.093023,5.92,97.01,1.2305168170631664,0.2421248519709017,30475.0,259.1284046692607,1.0,-96.718631,0.003720700712589,3.0,15.32,0.0,53.05489771804187,0,0,1,0,0,0,0,0,1
6901028012003,202510,真龙(凌云),二类烟,0,-29.596687232994135,50.19520724091752,100.0,87.5,100.0,1.2305168170631664,0.2421249379829348,30475.0,369.58682634730536,0.2345238095238095,-96.093023,0.0024063002364066,8.0,9.93,0.0,52.64853290588057,0,0,1,0,0,0,0,0,1
6901028012003,202511,真龙(凌云),二类烟,0,21.15388623170479,20.598520007923383,100.0,87.5,100.0,1.2305168170631664,0.2421254662807435,30475.0,1036.4528301886794,0.2345238095238095,-99.0,0.000762774498229,8.0,2.72,17.39,50.19520724091752,0,0,1,0,0,0,0,0,1
6901028012003,202512,真龙(凌云),二类烟,0,0.0,41.75240623962817,,87.5,100.0,1.2305168170631664,0.2421144380639869,30475.0,10004.0,0.2345238095238095,-99.0,0.0001148645465253,8.0,0.47,0.0,20.598520007923383,0,0,1,0,0,0,0,0,1
6901028012003,202601,真龙(凌云),二类烟,0,11.3917832748958,41.75240623962817,,0.0,100.0,1.2305168170631664,0.24217756114839845,41075.0,317.4115210843373,0.9846698113207548,-97.484848,0.00281763621607935,8.0,14.61,0.0,41.75240623962817,0,0,1,0,0,0,0,0,1
6901028012003,202602,真龙(凌云),二类烟,0,0.41784668133844605,53.14418951452397,98.484848,87.5,100.0,1.2305168170631664,0.24217756114839845,41075.0,317.4115210843373,0.2345238095238095,-97.484848,0.00281763621607935,8.0,14.61,0.0,41.75240623962817,0,0,1,0,0,0,0,0,1
6901028012003,202603,真龙(凌云),二类烟,0,-0.678946436742045,53.56203619586242,99.447514,87.5,100.0,1.2305168170631664,0.2421638164952357,30475.0,239.08461538461535,0.2345238095238095,-97.484848,0.0018820665083135,13.0,15.44,0.0,53.14418951452397,0,0,1,0,0,0,0,0,1
6901028012003,202604,真龙(凌云),二类烟,0,0.9222506106907105,52.883089759120374,100.0,24.91,88.46,1.2305168170631664,0.242124464497311,30475.0,121.24722222222223,0.2753277711561382,-98.447514,0.0052305125148986,55.0,21.1,2.82,53.56203619586242,0,0,1,0,0,0,0,0,1
6901028012003,202605,真龙(凌云),二类烟,0,0.04155179805845677,53.805340369811084,99.585921,13.1,83.23,1.2305168170631664,0.2421250429453874,30475.0,305.8461538461538,1.0,-99.0,0.00171421875,2.0,7.09,0.0,52.883089759120374,0,0,1,0,0,0,0,0,1
6901028012003,202606,真龙(凌云),二类烟,0,-12.094485928241369,53.84689216786954,100.0,8.36,81.58,1.2305168170631664,0.2421032883707207,30475.0,52.82120582120582,0.993975903614458,-98.585921,0.0070643253012048,94.0,29.4,0.0,53.805340369811084,0,0,1,0,0,0,0,0,1
6901028013611,202503,真龙(海韵),一类烟,0,0.0,1.8538713195201506,,100.0,100.0,1.1230907457322552,0.3088948787061994,111300.0,3811.5,0.0390995260663507,-99.0,0.0002109952606635,4.0,0.47,0.0,53.326296570738805,1,0,0,0,0,0,0,0,1
6901028013611,202505,真龙(海韵),一类烟,0,4.993681094043872,60.14508905016792,100.0,96.25,97.44,1.1230907457322552,0.24217756114839845,41075.0,317.4115210843373,0.0473933649289099,-97.484848,0.00281763621607935,8.0,14.61,0.0,1.8538713195201506,1,0,0,0,0,0,0,0,1
6901028013611,202506,真龙(海韵),一类烟,1,1.6401808177579937,65.13877014421179,95.0,100.0,100.0,1.1230907457322552,0.3088948787061994,111300.0,1958.1666666666667,0.0083333333333333,-99.0,0.000318,8.0,0.36,0.0,60.14508905016792,1,0,0,0,0,0,0,0,1
6901028013611,202507,真龙(海韵),一类烟,0,0.1676129774770061,66.77895096196978,94.915254,94.44,100.0,1.1230907457322552,0.3088948787061994,111300.0,600.8947368421053,0.0167064439140811,-94.0,0.0010094033412887,10.0,1.19,0.0,65.13877014421179,1,0,0,0,0,0,0,0,1
6901028013611,202509,真龙(海韵),一类烟,0,0.0,1.8538713195201506,,100.0,100.0,1.1230907457322552,0.3088945710101047,111300.0,109.5068493150685,0.004750593824228,-89.123457,0.003859809976247,56.0,7.96,0.0,66.94656393944679,1,0,0,0,0,0,0,0,1
6901028013611,202601,真龙(海韵),一类烟,0,0.0,1.8538713195201506,,66.67,100.0,1.1230907457322552,0.24217756114839845,41075.0,317.4115210843373,0.0130023640661938,-97.484848,0.00281763621607935,8.0,14.61,0.0,1.8538713195201506,1,0,0,0,0,0,0,0,1
6901028013611,202605,真龙(海韵),一类烟,0,0.0,1.8538713195201506,,38.41,100.0,1.1230907457322552,0.24217756114839845,41075.0,317.4115210843373,0.9609467455621302,-97.484848,0.00281763621607935,8.0,14.61,0.0,1.8538713195201506,1,0,0,0,0,0,0,0,1
6901028013611,202606,真龙(海韵),一类烟,0,0.0,1.8538713195201506,,87.5,100.0,1.1230907457322552,0.24217756114839845,41075.0,317.4115210843373,0.2345238095238095,-97.484848,0.00281763621607935,8.0,14.61,0.0,1.8538713195201506,1,0,0,0,0,0,0,0,1
6901028018630,202501,中华(金中支),一类烟,0,-45.345547832879774,68.05547149700189,100.0,87.5,100.0,1.1484823625922886,0.24217756114839845,41075.0,317.4115210843373,0.2345238095238095,-97.484848,0.00281763621607935,8.0,14.61,0.0,41.1974834563511,1,0,0,0,0,0,0,0,1
6901028018630,202502,中华(金中支),一类烟,0,47.654429996048265,22.709923664122115,,100.0,100.0,1.179245283018868,0.3088885613207547,169600.0,1697.0,0.0710900473933649,-99.0,0.0006430331753554,4.0,0.47,100.0,68.05547149700189,1,0,0,0,0,0,0,0,1
6901028018630,202503,中华(金中支),一类烟,0,0.23087008709578072,70.36435366017038,100.0,100.0,100.0,1.179245283018868,0.24217756114839845,41075.0,317.4115210843373,0.0047281323877068,-97.484848,0.00281763621607935,8.0,14.61,0.0,22.709923664122115,1,0,0,0,0,0,0,0,1
6901028018630,202505,中华(金中支),一类烟,0,-47.885300083144045,70.59522374726616,100.0,87.5,100.0,1.179245283018868,0.3088959316037736,169600.0,1070.25,0.2345238095238095,-99.0,0.0006422721893491,8.0,0.47,0.0,70.36435366017038,1,0,0,0,0,0,0,0,1
6901028018630,202507,中华(金中支),一类烟,1,0.0,22.709923664122115,0.0,87.5,100.0,1.179245283018868,0.3088959316037736,169600.0,1007.5,0.2345238095238095,-99.0,0.0006460952380952,8.0,0.48,0.0,70.59522374726616,1,0,0,0,0,0,0,0,1
6901028018630,202508,中华(金中支),一类烟,0,0.0,22.709923664122115,0.0,87.5,100.0,1.179245283018868,0.24217756114839845,41075.0,317.4115210843373,0.2345238095238095,1.0,0.0,8.0,14.61,0.0,22.709923664122115,1,0,0,0,0,0,0,0,1
6901028018630,202601,中华(金中支),一类烟,0,35.98221231054098,22.709923664122115,,87.5,100.0,1.179245283018868,0.24217756114839845,41075.0,317.4115210843373,0.2345238095238095,1.0,0.0,8.0,14.61,0.0,22.709923664122115,1,0,0,0,0,0,0,0,1
6901028018630,202602,中华(金中支),一类烟,0,-35.98221231054098,58.692135974663096,100.0,100.0,100.0,1.179245283018868,0.24217756114839845,41075.0,317.4115210843373,0.0177514792899408,-97.484848,0.00281763621607935,8.0,14.61,0.0,22.709923664122115,1,0,0,0,0,0,0,0,1
6901028018630,202603,中华(金中支),一类烟,0,0.0,22.709923664122115,,66.67,100.0,1.179245283018868,0.3082252358490566,169600.0,4170.0,0.0178147268408551,-99.0,0.0001611401425178,2.0,0.24,0.0,58.692135974663096,1,0,0,0,0,0,0,0,1
6901028018630,202605,中华(金中支),一类烟,0,17.91888634915732,22.709923664122115,,87.5,100.0,1.179245283018868,0.24217756114839845,41075.0,317.4115210843373,0.2345238095238095,-97.484848,0.00281763621607935,8.0,14.61,0.0,22.709923664122115,1,0,0,0,0,0,0,0,1
6901028018630,202606,中华(金中支),一类烟,0,-17.91888634915732,40.628810013279434,100.0,100.0,100.0,1.179245283018868,0.24217756114839845,41075.0,317.4115210843373,0.0072289156626506,-97.484848,0.00281763621607935,8.0,14.61,0.0,22.709923664122115,1,0,0,0,0,0,0,0,1
6901028018722,202501,中华(双中支),一类烟,0,-31.532009611259355,72.77645404451825,88.235294,87.5,100.0,1.1484823625922886,0.24217756114839845,41075.0,317.4115210843373,0.2345238095238095,-97.484848,0.00281763621607935,8.0,14.61,0.0,41.1974834563511,1,0,0,0,0,0,0,0,1
6901028018722,202502,中华(双中支),一类烟,1,19.902197249143086,41.24444443325889,57.142857,118.36,100.0,1.179245283018868,0.3088915094339622,106000.0,414.1666666666667,0.6883886255924171,-87.235294,0.0030142180094786,60.0,7.11,0.0,72.77645404451825,1,0,0,0,0,0,0,0,1
6901028018722,202504,中华(双中支),一类烟,0,-38.43671801827986,61.14664168240198,100.0,100.0,100.0,1.179245283018868,0.3088915094339622,106000.0,8984.5,0.1004728132387706,-56.142857,0.0002004728132387,8.0,14.61,0.0,41.24444443325889,1,0,0,0,0,0,0,0,1
6901028018722,202505,中华(双中支),一类烟,0,0.0,22.709923664122115,,87.5,100.0,1.179245283018868,0.3088915094339622,106000.0,3575.125,0.2345238095238095,-99.0,0.0004018957345971,8.0,0.47,0.0,61.14664168240198,1,0,0,0,0,0,0,0,1
6901028018722,202506,中华(双中支),一类烟,0,0.0,22.709923664122115,,100.0,100.0,1.179245283018868,0.24217756114839845,41075.0,317.4115210843373,0.0476190476190476,-97.484848,0.00281763621607935,8.0,14.61,0.0,22.709923664122115,1,0,0,0,0,0,0,0,1
6901028018722,202507,中华(双中支),一类烟,0,0.0,22.709923664122115,,100.0,100.0,1.179245283018868,0.24217756114839845,41075.0,317.4115210843373,0.0477326968973747,-97.484848,0.00281763621607935,8.0,14.61,0.0,22.709923664122115,1,0,0,0,0,0,0,0,1
6901028018722,202508,中华(双中支),一类烟,0,0.0,22.709923664122115,0.0,100.0,100.0,1.179245283018868,0.24217756114839845,41075.0,317.4115210843373,0.0047449584816132,-97.484848,0.00281763621607935,8.0,14.61,0.0,22.709923664122115,1,0,0,0,0,0,0,0,1
6901028018722,202509,中华(双中支),一类烟,0,39.29316808833829,22.709923664122115,,100.0,100.0,1.179245283018868,0.24217756114839845,41075.0,317.4115210843373,0.0534441805225653,1.0,0.0,8.0,14.61,0.0,22.709923664122115,1,0,0,0,0,0,0,0,1
6901028018722,202510,中华(双中支),一类烟,0,-39.29316808833829,62.003091752460406,100.0,97.3,100.0,1.179245283018868,0.24217756114839845,41075.0,317.4115210843373,0.0437352245862884,-97.484848,0.00281763621607935,8.0,14.61,0.0,22.709923664122115,1,0,0,0,0,0,0,0,1
6901028018722,202511,中华(双中支),一类烟,0,43.82911827344164,22.709923664122115,,100.0,100.0,1.179245283018868,0.3087765330188679,106000.0,3329.875,0.0047225501770956,-99.0,0.0004004722550177,8.0,0.47,0.0,62.003091752460406,1,0,0,0,0,0,0,0,1
6901028018722,202601,中华(双中支),一类烟,0,2.598077384620325,66.53904193756375,100.0,86.45,98.21,1.179245283018868,0.24217756114839845,41075.0,317.4115210843373,0.3780918727915194,-97.484848,0.00281763621607935,8.0,14.61,0.0,22.709923664122115,1,0,0,0,0,0,0,0,1
6901028018722,202602,中华(双中支),一类烟,0,-46.42719565806196,69.13711932218408,100.0,95.36,99.86,1.179245283018868,0.3088852201257861,106000.0,2108.8,0.8603550295857988,-99.0,0.0007526627218934,11.0,1.78,0.0,66.53904193756375,1,0,0,0,0,0,0,0,1
6901028018722,202604,中华(双中支),一类烟,0,45.62307130119669,22.709923664122115,,35.04,99.59,1.179245283018868,0.3088860062893082,106000.0,1402.7333333333331,0.7731591448931117,-99.0,0.0015106888361045,8.0,1.78,100.0,69.13711932218408,1,0,0,0,0,0,0,0,1
6901028018722,202605,中华(双中支),一类烟,0,-2.3685005917328255,68.3329949653188,100.0,76.55,96.04,1.179245283018868,0.24217756114839845,41075.0,317.4115210843373,0.4651442307692308,-97.484848,0.00281763621607935,8.0,14.61,0.0,22.709923664122115,1,0,0,0,0,0,0,0,1
6901028024976,202501,娇子(X),三类烟,0,-2.843351815480723,41.144686567866835,98.753894,87.5,100.0,1.1484823625922886,0.24217756114839845,41075.0,317.4115210843373,0.2345238095238095,-97.484848,0.00281763621607935,8.0,14.61,0.0,41.1974834563511,0,1,0,0,0,0,0,1,0
6901028024976,202502,娇子(X),三类烟,1,-32.38805860538058,38.30133475238611,96.666667,95.51,99.6,1.134020618556701,0.2421688510195453,24250.0,254.070189274448,0.9218009478672986,-97.753894,0.0145729857819905,32.0,89.93,66.01,41.144686567866835,0,1,0,0,0,0,0,1,0
6901028024976,202503,娇子(X),三类烟,1,34.68226480259595,5.913276147005536,0.0,96.76,99.75,1.134020618556701,0.2421658371845005,24250.0,1026.5603448275865,0.9704491725768322,-95.666667,0.0026600472813238,8.0,14.61,0.0,38.30133475238611,0,1,0,0,0,0,0,1,0
6901028024976,202504,娇子(X),三类烟,0,-0.040212771082345,40.59554094960149,98.454746,93.45,100.0,1.134020618556701,0.24217756114839845,41075.0,317.4115210843373,0.9751479289940828,1.0,0.0,8.0,14.61,0.0,5.913276147005536,0,1,0,0,0,0,0,1,0
6901028024976,202505,娇子(X),三类烟,0,0.9185808742904271,40.55532817851915,99.350649,87.5,100.0,1.134020618556701,0.2421649484536082,24250.0,402.90358744394615,0.2345238095238095,-97.454746,0.0051258293838862,8.0,26.54,0.0,40.59554094960149,0,1,0,0,0,0,0,1,0
6901028024976,202506,娇子(X),三类烟,0,-0.9249686113818072,41.473909052809574,99.173554,88.64,96.21,1.134020618556701,0.2421649484536082,24250.0,413.8333333333333,0.9988095238095238,-98.350649,0.0035335714285714,8.0,15.36,18.6,40.55532817851915,0,1,0,0,0,0,0,1,0
6901028024976,202507,娇子(X),三类烟,0,0.6758242479532228,40.54894044142777,99.553571,92.1,99.35,1.134020618556701,0.2421649484536082,24250.0,164.165,0.9809069212410502,-98.173554,0.006945107398568,8.0,26.97,33.63,41.473909052809574,0,1,0,0,0,0,0,1,0
6901028024976,202508,娇子(X),三类烟,0,0.4890453779474342,41.22476468938099,99.25187,87.5,100.0,1.134020618556701,0.2421649484536082,24250.0,415.5695067264574,0.2345238095238095,-98.553571,0.0051319098457888,2.0,26.57,0.0,40.54894044142777,0,1,0,0,0,0,0,1,0
6901028024976,202509,娇子(X),三类烟,0,-2.235236272344281,41.713810067328424,98.893617,93.11,98.42,1.134020618556701,0.2421649484536082,24250.0,231.88190954773867,0.5605700712589073,-98.25187,0.0091700712589073,234.0,47.62,0.0,41.22476468938099,0,1,0,0,0,0,0,1,0
6901028024976,202510,娇子(X),三类烟,0,1.6386419655792892,39.47857379498414,99.061033,86.3,99.12,1.134020618556701,0.2421649484536082,24250.0,98.96041308089502,1.0,-97.893617,0.0133231678486997,82.0,64.78,7.12,41.713810067328424,0,1,0,0,0,0,0,1,0
6901028024976,202511,娇子(X),三类烟,0,-32.44491912876015,41.11721576056343,97.402597,91.94,97.98,1.134020618556701,0.2421649484536082,24250.0,706.4928909952606,0.4391971664698937,-98.061033,0.0024164108618654,8.0,12.51,0.0,39.47857379498414,0,1,0,0,0,0,0,1,0
6901028024976,202512,娇子(X),三类烟,1,33.055121554182705,8.672296631803288,50.0,87.5,100.0,1.134020618556701,0.2421618938526155,24250.0,260.7822222222222,0.2345238095238095,-96.402597,0.0077120141342756,4.0,39.93,0.0,41.11721576056343,0,1,0,0,0,0,0,1,0
6901028024976,202601,娇子(X),三类烟,0,-2.341367673273041,41.727418185986,98.784893,87.5,100.0,1.134020618556701,0.2421649484536082,24250.0,43025.0,0.2345238095238095,-49.0,2.287735849056604e-05,8.0,0.24,0.0,8.672296631803288,0,1,0,0,0,0,0,1,0
6901028024976,202602,娇子(X),三类烟,0,-2.988583115978578,39.386050512712956,98.392283,93.45,99.88,1.134020618556701,0.2421648799078745,24250.0,95.25432180851062,0.9964497041420118,-97.784893,0.0345297041420118,45.0,74.32,41.72,41.727418185986,0,1,0,0,0,0,0,1,0
6901028024976,202603,娇子(X),三类烟,0,-30.48419124972884,36.39746739673438,100.0,87.5,100.0,1.134020618556701,0.2421649484536082,24250.0,731.640522875817,0.2345238095238095,-97.392283,0.0035251781472684,4.0,36.34,0.0,39.386050512712956,0,1,0,0,0,0,0,1,0
6901028024976,202604,娇子(X),三类烟,0,35.592821681968374,5.913276147005536,,87.5,100.0,1.134020618556701,0.2419790434341727,24250.0,1523.770491803279,0.2345238095238095,-99.0,0.0014104886769964,8.0,7.27,0.0,36.39746739673438,0,1,0,0,0,0,0,1,0
6901028024976,202605,娇子(X),三类烟,0,-0.766781507793354,41.50609782897391,99.099099,87.5,100.0,1.134020618556701,0.24217756114839845,41075.0,317.4115210843373,0.2345238095238095,-97.484848,0.00281763621607935,8.0,14.61,0.0,5.913276147005536,0,1,0,0,0,0,0,1,0
6901028024976,202606,娇子(X),三类烟,0,-6.7061386212048575,40.73931632118055,99.30192,87.5,100.0,1.134020618556701,0.2421485899292834,24250.0,153.6421487603306,0.2345238095238095,-98.099099,0.0141409638554216,22.0,46.14,19.32,41.50609782897391,0,1,0,0,0,0,0,1,0
6901028025645,202501,娇子(时代阳光),三类烟,0,0.14014809441147236,40.73139948034994,99.144487,87.5,100.0,1.1484823625922886,0.24217756114839845,41075.0,317.4115210843373,0.2345238095238095,-97.484848,0.00281763621607935,8.0,14.61,0.0,41.1974834563511,0,1,0,0,0,0,0,1,0
6901028025645,202502,娇子(时代阳光),三类烟,0,-0.1178136797041347,40.871547574761415,99.34811,87.5,100.0,1.1267605633802815,0.2420990260947568,16695.0,114.53499520613614,0.2345238095238095,-98.144487,0.0082525521327014,7.0,88.27,0.0,40.73139948034994,0,1,0,0,0,0,0,1,0
6901028025645,202503,娇子(时代阳光),三类烟,0,-37.53687549273505,40.75373389505728,99.226804,40.69,100.0,1.1267605633802815,0.2421154706290644,16695.0,78.2263779527559,0.5520094562647754,-98.34811,0.0120298723404255,8.0,14.61,0.0,40.871547574761415,0,1,0,0,0,0,0,1,0
6901028025645,202504,娇子(时代阳光),三类烟,1,38.27953914351542,3.2168584023222304,0.0,21.35,87.5,1.1267605633802815,0.242063492063492,16695.0,104.61103896103896,0.3325443786982248,-98.226804,0.0121705562130177,4.0,91.12,0.0,40.75373389505728,0,1,0,0,0,0,0,1,0
6901028025645,202505,娇子(时代阳光),三类烟,0,-0.4159444000421786,41.49639754583765,99.556049,87.5,100.0,1.1267605633802815,0.24217756114839845,41075.0,317.4115210843373,0.2345238095238095,1.0,0.0,8.0,14.61,0.0,3.2168584023222304,0,1,0,0,0,0,0,1,0
6901028025645,202506,娇子(时代阳光),三类烟,0,-37.86359474347324,41.080453145795474,99.661836,43.43,94.87,1.1267605633802815,0.2432669147549735,17750.0,33.26254180602007,0.2083333333333333,-98.556049,0.0303271428571428,2.0,91.07,0.0,41.49639754583765,0,1,0,0,0,0,0,1,0
6901028025645,202507,娇子(时代阳光),三类烟,1,37.21936477091462,3.2168584023222304,0.0,28.38,88.46,1.1267605633802815,0.2422448505867976,17750.0,35.4769752787203,0.2780429594272076,-98.661836,0.0174788782816229,1.0,92.0,34.24,41.080453145795474,0,1,0,0,0,0,0,1,0
6901028025645,202508,娇子(时代阳光),三类烟,0,0.5830714584035661,40.436223173236854,99.209932,27.99,78.38,1.1267605633802815,0.24217756114839845,41075.0,317.4115210843373,0.4994068801897983,1.0,0.0,8.0,14.61,0.0,3.2168584023222304,0,1,0,0,0,0,0,1,0
6901028025645,202509,娇子(时代阳光),三类烟,0,-0.12705752694341754,41.01929463164042,99.599252,12.71,85.25,1.1267605633802815,0.2421120351231392,17750.0,196.17406143344712,1.0,-98.209932,0.0074119952494061,10.0,52.61,0.0,40.436223173236854,0,1,0,0,0,0,0,1,0
6901028025645,202510,娇子(时代阳光),三类烟,0,-37.67537870237477,40.892237104697,99.563319,14.25,81.48,1.1267605633802815,0.2420905367829293,17750.0,35.365075107296136,0.3628841607565012,-98.599252,0.0312869976359338,15.0,93.5,88.5,41.01929463164042,0,1,0,0,0,0,0,1,0
6901028025645,202511,娇子(时代阳光),三类烟,1,0.0,3.2168584023222304,0.0,18.07,76.47,1.1267605633802815,0.2420866279548637,17750.0,69.4751461988304,0.0979929161747343,-98.563319,0.0114672963400236,1.0,40.85,0.0,40.892237104697,0,1,0,0,0,0,0,1,0
6901028025645,202512,娇子(时代阳光),三类烟,0,37.8371681101595,3.2168584023222304,0.0,19.35,100.0,1.1267605633802815,0.24217756114839845,41075.0,317.4115210843373,0.0577149587750294,1.0,0.0,8.0,14.61,0.0,3.2168584023222304,0,1,0,0,0,0,0,1,0
6901028025645,202601,娇子(时代阳光),三类烟,0,-37.8371681101595,41.054026512481734,99.622552,1.65,80.0,1.1267605633802815,0.24217756114839845,41075.0,317.4115210843373,0.5554245283018868,1.0,0.0,8.0,14.61,0.0,3.2168584023222304,0,1,0,0,0,0,0,1,0
6901028025645,202602,娇子(时代阳光),三类烟,1,0.0,3.2168584023222304,0.0,13.3,100.0,1.1267605633802815,0.2421162780614542,17750.0,28.71655221406583,0.9692307692307692,-98.622552,0.0354831952662721,25.0,96.92,96.34,41.054026512481734,0,1,0,0,0,0,0,1,0
6901028025645,202603,娇子(时代阳光),三类烟,0,0.0,3.2168584023222304,,7.5,90.63,1.1267605633802815,0.24217756114839845,41075.0,317.4115210843373,0.9655581947743468,1.0,0.0,8.0,14.61,0.0,3.2168584023222304,0,1,0,0,0,0,0,1,0
6901028025645,202604,娇子(时代阳光),三类烟,0,0.0,3.2168584023222304,0.0,3.8,77.05,1.1267605633802815,0.24217756114839845,41075.0,317.4115210843373,1.0,-97.484848,0.00281763621607935,8.0,14.61,0.0,3.2168584023222304,0,1,0,0,0,0,0,1,0
6901028025645,202605,娇子(时代阳光),三类烟,0,0.0,3.2168584023222304,0.0,3.0,100.0,1.1267605633802815,0.24217756114839845,41075.0,317.4115210843373,0.9987980769230768,1.0,0.0,8.0,14.61,0.0,3.2168584023222304,0,1,0,0,0,0,0,1,0
6901028025645,202606,娇子(时代阳光),三类烟,0,37.79497377134567,3.2168584023222304,0.0,3.11,100.0,1.1267605633802815,0.24217756114839845,41075.0,317.4115210843373,0.9987951807228916,1.0,0.0,8.0,14.61,0.0,3.2168584023222304,0,1,0,0,0,0,0,1,0
6901028029919,202501,娇子(宽窄逍遥细支),一类烟,0,0.0,22.70992366412203,,87.5,100.0,1.1484823625922886,0.24217756114839845,41075.0,317.4115210843373,0.2345238095238095,-97.484848,0.00281763621607935,8.0,14.61,0.0,41.1974834563511,1,0,0,0,0,0,0,0,1
6901028029919,202502,娇子(宽窄逍遥细支),一类烟,0,0.0,22.70992366412203,,87.5,100.0,1.1792452830188678,0.24217756114839845,41075.0,317.4115210843373,0.2345238095238095,-97.484848,0.00281763621607935,8.0,14.61,0.0,22.70992366412203,1,0,0,0,0,0,0,0,1
6901028029919,202505,娇子(宽窄逍遥细支),一类烟,0,0.0,22.70992366412203,,87.5,100.0,1.1792452830188678,0.24217756114839845,41075.0,317.4115210843373,0.2345238095238095,-97.484848,0.00281763621607935,8.0,14.61,0.0,22.70992366412203,1,0,0,0,0,0,0,0,1
6901028029919,202506,娇子(宽窄逍遥细支),一类烟,0,0.0,22.70992366412203,,87.5,100.0,1.1792452830188678,0.24217756114839845,41075.0,317.4115210843373,0.2345238095238095,-97.484848,0.00281763621607935,8.0,14.61,0.0,22.70992366412203,1,0,0,0,0,0,0,0,1
6901028029919,202507,娇子(宽窄逍遥细支),一类烟,0,0.0,22.70992366412203,,87.5,100.0,1.1792452830188678,0.24217756114839845,41075.0,317.4115210843373,0.2345238095238095,-97.484848,0.00281763621607935,8.0,14.61,0.0,22.70992366412203,1,0,0,0,0,0,0,0,1
6901028039758,202501,贵烟(硬黄精品),二类烟,0,34.40745892123977,6.4148804960164885,,87.5,100.0,1.1484823625922886,0.24217756114839845,41075.0,317.4115210843373,0.2345238095238095,-97.484848,0.00281763621607935,8.0,14.61,0.0,41.1974834563511,0,0,1,0,0,0,0,0,1
6901028039758,202502,贵烟(硬黄精品),二类烟,0,1.24557114267553,40.82233941725626,96.666667,94.59,100.0,1.1353711790393013,0.24217756114839845,41075.0,317.4115210843373,0.0390995260663507,-97.484848,0.00281763621607935,8.0,14.61,0.0,6.4148804960164885,0,0,1,0,0,0,0,0,1
6901028039758,202503,贵烟(硬黄精品),二类烟,0,-0.13522457439304247,42.06791055993179,100.0,96.67,100.0,1.1353711790393013,0.2421834061135371,28625.0,388.7068965517241,0.0236406619385342,-95.666667,0.000784988179669,8.0,14.61,0.0,40.82233941725626,0,0,1,0,0,0,0,0,1
6901028039758,202504,贵烟(硬黄精品),二类烟,0,-2.854855102828857,41.93268598553875,100.0,95.0,100.0,1.1353711790393013,0.2421399021571395,28625.0,45.44548872180451,0.0236686390532544,-99.0,0.0072087573964497,267.0,31.6,0.0,42.06791055993179,0,0,1,0,0,0,0,0,1
6901028039758,202505,贵烟(硬黄精品),二类烟,0,2.72090975355529,39.07783088270989,97.560976,72.5,93.33,1.1353711790393013,0.2421403636090639,28625.0,82.24928366762178,0.0236966824644549,-99.0,0.0047346563981042,45.0,20.97,0.0,41.93268598553875,0,0,1,0,0,0,0,0,1
6901028039758,202506,贵烟(硬黄精品),二类烟,0,-1.9423949064949184,41.79874063626518,98.765432,96.0,100.0,1.1353711790393013,0.2421397379912663,28625.0,858.125,0.025,-96.560976,0.000545238095238,8.0,2.38,0.0,39.07783088270989,0,0,1,0,0,0,0,0,1
6901028039758,202507,贵烟(硬黄精品),二类烟,0,0.38786561916783313,39.85634572977026,100.0,79.76,97.06,1.1353711790393013,0.2421397379912663,28625.0,118.5875,0.0501193317422434,-97.765432,0.0021861575178997,2.0,9.55,0.0,41.79874063626518,0,0,1,0,0,0,0,0,1
6901028039758,202508,贵烟(硬黄精品),二类烟,0,1.1663568959846842,40.244211348938094,95.0,87.5,100.0,1.1353711790393013,0.2421397379912664,28625.0,646.5263157894738,0.2345238095238095,-99.0,0.0005161328588374,8.0,2.25,0.0,39.85634572977026,0,0,1,0,0,0,0,0,1
6901028039758,202509,贵烟(硬黄精品),二类烟,0,-34.99568774890629,41.41056824492278,100.0,87.5,100.0,1.1353711790393013,0.2421397379912664,28625.0,541.1052631578948,0.2345238095238095,-94.0,0.0005167458432304,8.0,2.26,0.0,40.244211348938094,0,0,1,0,0,0,0,0,1
6901028039758,202510,贵烟(硬黄精品),二类烟,0,34.68670736825997,6.4148804960164885,,87.5,100.0,1.1353711790393013,0.2420815138282387,28625.0,217.7777777777778,0.2345238095238095,-99.0,0.0004872340425531,8.0,2.13,0.0,41.41056824492278,0,0,1,0,0,0,0,0,1
6901028039758,202511,贵烟(硬黄精品),二类烟,0,0.3798843572075228,41.10158786427645,98.360656,0.0,100.0,1.1353711790393013,0.24217756114839845,41075.0,317.4115210843373,0.0047225501770956,-97.484848,0.00281763621607935,8.0,14.61,0.0,6.4148804960164885,0,0,1,0,0,0,0,0,1
6901028039758,202512,贵烟(硬黄精品),二类烟,0,-35.06659172546749,41.481472221483976,100.0,87.5,100.0,1.1353711790393013,0.2419286754002911,28625.0,285.18333333333334,0.2345238095238095,-97.360656,0.0008091872791519,1.0,3.53,0.0,41.10158786427645,0,0,1,0,0,0,0,0,1
6901028039758,202602,贵烟(硬黄精品),二类烟,0,35.027141991456105,6.4148804960164885,,0.0,100.0,1.1353711790393013,0.2419283842794759,28625.0,181.9,0.0047169811320754,-99.0,0.0006751179245283,8.0,2.95,0.0,41.481472221483976,0,0,1,0,0,0,0,0,1
6901028039758,202603,贵烟(硬黄精品),二类烟,0,-35.027141991456105,41.44202248747259,99.519231,41.79,100.0,1.1353711790393013,0.24217756114839845,41075.0,317.4115210843373,0.5118764845605701,-97.484848,0.00281763621607935,8.0,14.61,0.0,6.4148804960164885,0,0,1,0,0,0,0,0,1
6901028039758,202604,贵烟(硬黄精品),二类烟,0,35.455948284246716,6.4148804960164885,,61.01,96.9,1.1353711790393013,0.242009155538679,28625.0,201.3816425120773,0.2419547079856972,-98.519231,0.0028249702026221,56.0,12.4,0.0,41.44202248747259,0,0,1,0,0,0,0,0,1
6901028039758,202605,贵烟(硬黄精品),二类烟,0,0.015809246048803516,41.8708287802632,98.863636,48.73,94.58,1.1353711790393013,0.24217756114839845,41075.0,317.4115210843373,0.4663461538461538,-97.484848,0.00281763621607935,8.0,14.61,0.0,6.4148804960164885,0,0,1,0,0,0,0,0,1
6901028039758,202606,贵烟(硬黄精品),二类烟,0,0.22255004556772917,41.886638026312006,98.310811,22.15,86.56,1.1353711790393013,0.242130535896535,28625.0,97.99616858237547,1.0,-97.863636,0.0036005421686746,57.0,16.27,0.0,41.8708287802632,0,0,1,0,0,0,0,0,1
6901028042215,202501,娇子(宽窄平安中支),一类烟,0,0.0,22.709923664122115,,87.5,100.0,1.1484823625922886,0.24217756114839845,41075.0,317.4115210843373,0.2345238095238095,-97.484848,0.00281763621607935,8.0,14.61,0.0,41.1974834563511,1,0,0,0,0,0,0,0,1
6901028042215,202502,娇子(宽窄平安中支),一类烟,0,0.0,22.709923664122115,,41.26,99.78,1.179245283018868,0.24217756114839845,41075.0,317.4115210843373,1.0,-97.484848,0.00281763621607935,8.0,14.61,0.0,22.709923664122115,1,0,0,0,0,0,0,0,1
6901028042215,202503,娇子(宽窄平安中支),一类烟,0,0.0,22.709923664122115,,87.5,100.0,1.179245283018868,0.24217756114839845,41075.0,317.4115210843373,0.2345238095238095,-97.484848,0.00281763621607935,8.0,14.61,0.0,22.709923664122115,1,0,0,0,0,0,0,0,1
6901028042215,202504,娇子(宽窄平安中支),一类烟,0,0.0,22.709923664122115,,87.5,100.0,1.179245283018868,0.24217756114839845,41075.0,317.4115210843373,0.2345238095238095,-97.484848,0.00281763621607935,8.0,14.61,0.0,22.709923664122115,1,0,0,0,0,0,0,0,1
6901028042215,202505,娇子(宽窄平安中支),一类烟,0,0.0,22.709923664122115,,87.5,100.0,1.179245283018868,0.24217756114839845,41075.0,317.4115210843373,0.2345238095238095,-97.484848,0.00281763621607935,8.0,14.61,0.0,22.709923664122115,1,0,0,0,0,0,0,0,1
6901028042215,202506,娇子(宽窄平安中支),一类烟,0,0.0,22.709923664122115,,87.5,100.0,1.179245283018868,0.24217756114839845,41075.0,317.4115210843373,0.2345238095238095,-97.484848,0.00281763621607935,8.0,14.61,0.0,22.709923664122115,1,0,0,0,0,0,0,0,1
6901028042215,202507,娇子(宽窄平安中支),一类烟,0,0.0,22.709923664122115,,87.5,100.0,1.179245283018868,0.24217756114839845,41075.0,317.4115210843373,0.2345238095238095,-97.484848,0.00281763621607935,8.0,14.61,0.0,22.709923664122115,1,0,0,0,0,0,0,0,1
6901028042215,202508,娇子(宽窄平安中支),一类烟,0,0.0,22.709923664122115,,87.5,100.0,1.179245283018868,0.24217756114839845,41075.0,317.4115210843373,0.2345238095238095,-97.484848,0.00281763621607935,8.0,14.61,0.0,22.709923664122115,1,0,0,0,0,0,0,0,1
6901028042215,202509,娇子(宽窄平安中支),一类烟,0,0.0,22.709923664122115,,87.5,100.0,1.179245283018868,0.24217756114839845,41075.0,317.4115210843373,0.2345238095238095,-97.484848,0.00281763621607935,8.0,14.61,0.0,22.709923664122115,1,0,0,0,0,0,0,0,1
6901028042215,202510,娇子(宽窄平安中支),一类烟,0,0.0,22.709923664122115,,87.5,100.0,1.179245283018868,0.24217756114839845,41075.0,317.4115210843373,0.2345238095238095,-97.484848,0.00281763621607935,8.0,14.61,0.0,22.709923664122115,1,0,0,0,0,0,0,0,1
6901028042215,202511,娇子(宽窄平安中支),一类烟,0,0.0,22.709923664122115,,87.5,100.0,1.179245283018868,0.24217756114839845,41075.0,317.4115210843373,0.2345238095238095,-97.484848,0.00281763621607935,8.0,14.61,0.0,22.709923664122115,1,0,0,0,0,0,0,0,1
6901028042635,202501,娇子(宽窄好运),一类烟,0,-2.727145183367284,68.77534894517935,98.290598,87.5,100.0,1.1484823625922886,0.24217756114839845,41075.0,317.4115210843373,0.2345238095238095,-97.484848,0.00281763621607935,8.0,14.61,0.0,41.1974834563511,1,0,0,0,0,0,0,0,1
6901028042635,202502,娇子(宽窄好运),一类烟,0,-1.671686862313905,66.04820376181206,96.938776,6.22,100.0,1.1406844106463878,0.308008486251171,65750.0,108.36405797101447,0.5260663507109005,-97.290598,0.053752962085308,266.0,54.38,76.91,68.77534894517935,1,0,0,0,0,0,0,0,1
6901028042635,202505,娇子(宽窄好运),一类烟,0,0.6862225250531822,67.03741698225826,96.202532,87.5,100.0,1.1406844106463878,0.24217756114839845,41075.0,317.4115210843373,0.2345238095238095,-97.484848,0.00281763621607935,8.0,14.61,0.0,8.388239050300362,1,0,0,0,0,0,0,0,1
6901028042635,202506,娇子(宽窄好运),一类烟,0,0.9023548557022565,67.72363950731145,98.69281,8.55,96.67,1.1406844106463878,0.3085798979387633,65750.0,642.6973684210526,0.4107142857142857,-95.202532,0.0047590476190476,2.0,9.29,0.0,67.03741698225826,1,0,0,0,0,0,0,0,1
6901028042635,202507,娇子(宽窄好运),一类烟,0,0.21246251011042716,68.6259943630137,98.850575,87.5,100.0,1.1406844106463878,0.3085445571978949,65750.0,452.3509933774835,0.2345238095238095,-97.69281,0.0047390214797136,7.0,9.31,2.56,67.72363950731145,1,0,0,0,0,0,0,0,1
6901028042635,202508,娇子(宽窄好运),一类烟,0,-2.03781452488316,68.83845687312413,96.816976,87.5,100.0,1.1406844106463878,0.3086439119285525,65750.0,217.86744186046516,0.2345238095238095,-97.850575,0.0134151838671411,20.0,17.56,24.32,68.6259943630137,1,0,0,0,0,0,0,0,1
6901028042635,202509,娇子(宽窄好运),一类烟,0,-7.853070945514439,66.80064234824097,99.029126,87.5,100.0,1.1406844106463878,0.3087046200322933,65750.0,166.7041095890411,0.2345238095238095,-95.816976,0.0114008313539192,29.0,14.49,46.72,68.83845687312413,1,0,0,0,0,0,0,0,1
6901028042635,202510,娇子(宽窄好运),一类烟,0,-0.674792010757713,58.94757140272653,100.0,87.5,100.0,1.1406844106463878,0.3087049876985014,65750.0,720.6176470588235,0.2345238095238095,-98.029126,0.0031709219858156,10.0,6.38,3.7,66.80064234824097,1,0,0,0,0,0,0,0,1
6901028042635,202511,娇子(宽窄好运),一类烟,0,-17.44049127280318,58.27277939196882,100.0,87.5,100.0,1.1406844106463878,0.3087046894803549,65750.0,2855.0333333333333,0.2345238095238095,-99.0,0.0009315230224321,2.0,2.01,0.0,58.94757140272653,1,0,0,0,0,0,0,0,1
6901028042635,202512,娇子(宽窄好运),一类烟,0,24.21621942877158,40.83228811916564,100.0,0.0,100.0,1.1406844106463878,0.3084996831432193,65750.0,3016.208333333333,0.0023557126030624,-99.0,0.0007434628975265,1.0,1.18,20.0,58.27277939196882,1,0,0,0,0,0,0,0,1
6901028042635,202601,娇子(宽窄好运),一类烟,0,-0.7893453433571267,65.04850754793722,98.75,87.5,100.0,1.1406844106463878,0.308466413181242,65750.0,7752.888888888889,0.2345238095238095,-99.0,0.0002791273584905,8.0,0.59,0.0,40.83228811916564,1,0,0,0,0,0,0,0,1
6901028042635,202602,娇子(宽窄好运),一类烟,0,2.6106400204521236,64.2591622045801,98.387097,87.5,100.0,1.1406844106463878,0.3087000048130144,65750.0,1196.3037974683543,0.2345238095238095,-97.75,0.0049176331360946,37.0,13.49,38.6,65.04850754793722,1,0,0,0,0,0,0,0,1
6901028042635,202603,娇子(宽窄好运),一类烟,0,-18.725591080470792,66.86980222503222,98.237885,61.3,100.0,1.1406844106463878,0.3088543289908371,65750.0,1427.5819672131147,0.3574821852731591,-97.387097,0.0038106888361045,11.0,7.6,0.0,64.2591622045801,1,0,0,0,0,0,0,0,1
6901028042635,202604,娇子(宽窄好运),一类烟,0,7.225680355949422,48.144211144561424,100.0,96.38,99.33,1.1406844106463878,0.3088523248478235,65750.0,717.7982062780269,0.7318235995232419,-97.237885,0.0069903456495828,15.0,7.27,39.34,66.86980222503222,1,0,0,0,0,0,0,0,1
6901028042635,202605,娇子(宽窄好运),一类烟,0,3.5197933164186566,55.369891500510846,100.0,87.5,100.0,1.1406844106463878,0.3087939163498099,65750.0,5801.04,0.2345238095238095,-99.0,0.0007902644230769,8.0,3.0,0.0,48.144211144561424,1,0,0,0,0,0,0,0,1
6901028042635,202606,娇子(宽窄好运),一类烟,1,-6.326000543139237,58.8896848169295,90.740741,87.5,100.0,1.1406844106463878,0.3087865290602933,65750.0,3836.314285714285,0.2345238095238095,-99.0,0.0011090361445783,5.0,3.49,24.14,55.369891500510846,1,0,0,0,0,0,0,0,1
6901028042758,202501,娇子(宽窄逍遥),一类烟,0,-50.622052794415396,73.33197645853751,93.333333,87.5,100.0,1.1484823625922886,0.24217756114839845,41075.0,317.4115210843373,0.2345238095238095,-97.484848,0.00281763621607935,8.0,14.61,0.0,41.1974834563511,1,0,0,0,0,0,0,0,1
6901028042758,202502,娇子(宽窄逍遥),一类烟,0,45.362285545679015,22.709923664122115,,45.18,99.56,1.179245283018868,0.3088885613207547,169600.0,262.8571428571429,1.0,-92.333333,0.002250616113744,21.0,3.32,0.0,73.33197645853751,1,0,0,0,0,0,0,0,1
6901028042758,202503,娇子(宽窄逍遥),一类烟,0,5.905868583292232,68.07220920980113,100.0,50.81,100.0,1.179245283018868,0.24217756114839845,41075.0,317.4115210843373,0.4373522458628842,-97.484848,0.00281763621607935,8.0,14.61,0.0,22.709923664122115,1,0,0,0,0,0,0,0,1
6901028042758,202507,娇子(宽窄逍遥),一类烟,0,0.0,22.709923664122115,,41.92,92.92,1.179245283018868,0.3088958066837224,169600.0,88.03389830508475,0.3095238095238095,-95.721311,0.0047649523809523,26.0,3.57,0.0,73.97807779309336,1,0,0,0,0,0,0,0,1
6901028042758,202508,娇子(宽窄逍遥),一类烟,0,0.0,22.709923664122115,,22.77,88.38,1.179245283018868,0.24217756114839845,41075.0,317.4115210843373,0.99644128113879,-97.484848,0.00281763621607935,8.0,14.61,0.0,22.709923664122115,1,0,0,0,0,0,0,0,1
6901028042758,202509,娇子(宽窄逍遥),一类烟,0,0.0,22.709923664122115,,14.73,95.45,1.179245283018868,0.24217756114839845,41075.0,317.4115210843373,1.0,-97.484848,0.00281763621607935,8.0,14.61,0.0,22.709923664122115,1,0,0,0,0,0,0,0,1
6901028042758,202601,娇子(宽窄逍遥),一类烟,0,0.0,22.709923664122115,,87.5,100.0,1.179245283018868,0.24217756114839845,41075.0,317.4115210843373,0.2345238095238095,-97.484848,0.00281763621607935,8.0,14.61,0.0,22.709923664122115,1,0,0,0,0,0,0,0,1
6901028042758,202603,娇子(宽窄逍遥),一类烟,0,0.0,22.709923664122115,,87.5,100.0,1.179245283018868,0.24217756114839845,41075.0,317.4115210843373,0.2345238095238095,-97.484848,0.00281763621607935,8.0,14.61,0.0,22.709923664122115,1,0,0,0,0,0,0,0,1
6901028042963,202501,娇子(五粮醇香),一类烟,0,-1.3074000449886896,55.92293161153885,98.144467,87.5,100.0,1.1484823625922886,0.24217756114839845,41075.0,317.4115210843373,0.2345238095238095,-97.484848,0.00281763621607935,8.0,14.61,0.0,41.1974834563511,1,0,0,0,0,0,0,0,1
6901028042963,202502,娇子(五粮醇香),一类烟,0,-2.21774027441149,54.61553156655016,98.947368,116.44,99.88,1.1420059582919562,0.2751895743971806,50350.0,87.02565833896016,0.9680094786729858,-97.144467,0.0353404502369668,118.0,53.32,75.78,55.92293161153885,1,0,0,0,0,0,0,0,1
6901028042963,202503,娇子(五粮醇香),一类烟,0,-43.51872339338424,52.39779129213867,98.461538,98.59,100.0,1.1420059582919562,0.2754413256143168,50350.0,469.67553191489367,0.9905437352245864,-97.947368,0.0044755555555555,8.0,14.61,0.0,54.61553156655016,1,0,0,0,0,0,0,0,1
6901028042963,202504,娇子(五粮醇香),一类烟,0,46.029283645035676,8.879067898754428,,97.86,99.4,1.1420059582919562,0.275480232125124,50350.0,1076.671875,0.9988165680473372,-97.461538,0.0015253964497041,2.0,3.91,0.0,52.39779129213867,1,0,0,0,0,0,0,0,1
6901028042963,202505,娇子(五粮醇香),一类烟,0,-46.029283645035676,54.908351543790104,99.090909,97.49,99.88,1.1420059582919562,0.24217756114839845,41075.0,317.4115210843373,1.0,-97.484848,0.00281763621607935,8.0,14.61,0.0,8.879067898754428,1,0,0,0,0,0,0,0,1
6901028042963,202506,娇子(五粮醇香),一类烟,0,47.21315209160476,8.879067898754428,,96.96,99.88,1.1420059582919562,0.2754858194473547,50350.0,394.9128440366972,0.9988095238095238,-98.090909,0.0052268095238095,4.0,13.45,0.0,54.908351543790104,1,0,0,0,0,0,0,0,1
6901028042963,202507,娇子(五粮醇香),一类烟,0,-0.2633476370815515,56.09221999035919,98.271605,97.59,99.88,1.1420059582919562,0.24217756114839845,41075.0,317.4115210843373,0.9976133651551312,-97.484848,0.00281763621607935,8.0,14.61,0.0,8.879067898754428,1,0,0,0,0,0,0,0,1
6901028042963,202508,娇子(五粮醇香),一类烟,0,-46.94980445452321,55.82887235327764,97.945205,87.5,100.0,1.1420059582919562,0.2754554176044073,50350.0,69.8429648241206,0.2345238095238095,-97.271605,0.0190171293001186,40.0,28.59,49.38,56.09221999035919,1,0,0,0,0,0,0,0,1
6901028042963,202509,娇子(五粮醇香),一类烟,0,0.0,8.879067898754428,,87.5,100.0,1.1420059582919562,0.2754553787820918,50350.0,141.41608391608392,0.2345238095238095,-96.945205,0.0068409026128266,13.0,18.29,24.68,55.82887235327764,1,0,0,0,0,0,0,0,1
6901028042963,202510,娇子(五粮醇香),一类烟,0,0.0,8.879067898754428,,87.5,100.0,1.1420059582919562,0.24217756114839845,41075.0,317.4115210843373,0.2345238095238095,-97.484848,0.00281763621607935,8.0,14.61,0.0,8.879067898754428,1,0,0,0,0,0,0,0,1
6901028042963,202511,娇子(五粮醇香),一类烟,0,0.0,8.879067898754428,,96.92,100.0,1.1420059582919562,0.24217756114839845,41075.0,317.4115210843373,0.063754427390791,-97.484848,0.00281763621607935,8.0,14.61,0.0,8.879067898754428,1,0,0,0,0,0,0,0,1
6901028042963,202512,娇子(五粮醇香),一类烟,0,0.0,8.879067898754428,0.0,98.67,100.0,1.1420059582919562,0.24217756114839845,41075.0,317.4115210843373,0.1766784452296819,-97.484848,0.00281763621607935,8.0,14.61,0.0,8.879067898754428,1,0,0,0,0,0,0,0,1
6901028042963,202601,娇子(五粮醇香),一类烟,0,0.0,8.879067898754428,,33.29,99.45,1.1420059582919562,0.24217756114839845,41075.0,317.4115210843373,0.9952830188679244,1.0,0.0,8.0,14.61,0.0,8.879067898754428,1,0,0,0,0,0,0,0,1
6901028042963,202602,娇子(五粮醇香),一类烟,0,0.0,8.879067898754428,,160.68,99.64,1.1420059582919562,0.24217756114839845,41075.0,317.4115210843373,0.970414201183432,-97.484848,0.00281763621607935,8.0,14.61,0.0,8.879067898754428,1,0,0,0,0,0,0,0,1
6901028042963,202603,娇子(五粮醇香),一类烟,0,0.0,8.879067898754428,,87.5,100.0,1.1420059582919562,0.24217756114839845,41075.0,317.4115210843373,0.2345238095238095,-97.484848,0.00281763621607935,8.0,14.61,0.0,8.879067898754428,1,0,0,0,0,0,0,0,1
6901028042963,202605,娇子(五粮醇香),一类烟,0,0.0,8.879067898754428,,87.5,100.0,1.1420059582919562,0.24217756114839845,41075.0,317.4115210843373,0.2345238095238095,-97.484848,0.00281763621607935,8.0,14.61,0.0,8.879067898754428,1,0,0,0,0,0,0,0,1
6901028045919,202501,云烟(软珍品),一类烟,0,-15.300415050827802,50.37513123907934,92.178771,87.5,100.0,1.1484823625922886,0.24217756114839845,41075.0,317.4115210843373,0.2345238095238095,-97.484848,0.00281763621607935,8.0,14.61,0.0,41.1974834563511,1,0,0,0,0,0,0,0,1
6901028045919,202502,云烟(软珍品),一类烟,1,8.924501638434784,35.074716188251536,74.074074,100.7,100.0,1.1127237542331885,0.2753901863335825,51675.0,812.2242424242423,0.9869668246445498,-91.178771,0.0040409360189573,2.0,8.18,92.75,50.37513123907934,1,0,0,0,0,0,0,0,1
6901028045919,202503,云烟(软珍品),一类烟,0,8.292234610374983,43.99921782668632,91.489362,88.55,100.0,1.1127237542331885,0.2754257377842283,51675.0,4974.7,0.9976359338061466,-73.074074,0.0004886524822695,8.0,14.61,0.0,35.074716188251536,1,0,0,0,0,0,0,0,1
6901028045919,202504,云烟(软珍品),一类烟,0,-1.7307233277024423,52.2914524370613,98.989899,100.0,100.0,1.1127237542331885,0.275476198512618,51675.0,2554.5116279069766,0.0189349112426035,-90.489362,0.0010518461538461,17.0,2.6,0.0,43.99921782668632,1,0,0,0,0,0,0,0,1
6901028045919,202505,云烟(软珍品),一类烟,0,-50.56072910935886,50.56072910935886,97.902098,83.86,99.06,1.1127237542331885,0.2754992200073062,51675.0,303.19642857142856,0.8957345971563981,-97.989899,0.0096002843601895,133.0,23.34,0.0,52.2914524370613,1,0,0,0,0,0,0,0,1
6901028045919,202506,云烟(软珍品),一类烟,1,48.725000848555894,0.0,0.0,84.38,98.4,1.1127237542331885,0.2755086737162208,51675.0,774.6285714285713,0.9988095238095238,-96.902098,0.003445,1.0,8.45,0.0,50.56072910935886,1,0,0,0,0,0,0,0,1
6901028045919,202507,云烟(软珍品),一类烟,0,-1.0616194618666484,48.725000848555894,98.113208,85.47,99.58,1.1127237542331885,0.24217756114839845,41075.0,317.4115210843373,0.9976133651551312,1.0,0.0,8.0,14.61,0.0,0.0,1,0,0,0,0,0,0,0,1
6901028045919,202508,云烟(软珍品),一类烟,0,-19.40885138218866,47.663381386689245,86.956522,100.0,100.0,1.1127237542331885,0.2755172862937739,51675.0,1274.5096153846157,0.0047449584816132,-97.113208,0.0025500355871886,8.0,6.17,0.0,48.725000848555894,1,0,0,0,0,0,0,0,1
6901028045919,202509,云烟(软珍品),一类烟,0,-28.254530004500584,28.254530004500584,87.5,95.14,100.0,1.1127237542331885,0.2755184647637478,51675.0,1563.1833333333334,0.2197149643705463,-85.956522,0.0014729216152019,8.0,3.68,0.0,47.663381386689245,1,0,0,0,0,0,0,0,1
6901028045919,202510,云烟(软珍品),一类烟,1,41.04361267840876,0.0,0.0,81.93,98.51,1.1127237542331885,0.2755200774068698,51675.0,6838.642857142857,0.6773049645390071,-86.5,0.0003420567375886,8.0,0.83,0.0,28.254530004500584,1,0,0,0,0,0,0,0,1
6901028045919,202511,云烟(软珍品),一类烟,0,6.877380084852902,41.04361267840876,91.549296,82.34,98.13,1.1127237542331885,0.24217756114839845,41075.0,317.4115210843373,0.4545454545454545,1.0,0.0,8.0,14.61,0.0,0.0,1,0,0,0,0,0,0,0,1
6901028045919,202512,云烟(软珍品),一类烟,0,4.10098995144201,47.920992763261665,99.300699,87.5,100.0,1.1127237542331885,0.2753756838227085,51675.0,3346.938461538461,0.2345238095238095,-90.549296,0.0015825088339222,2.0,3.89,0.0,41.04361267840876,1,0,0,0,0,0,0,0,1
6901028045919,202601,云烟(软珍品),一类烟,0,-1.5021295429071841,52.021982714703675,98.853868,25.12,99.65,1.1127237542331885,0.2753759616236363,51675.0,1477.711267605634,0.9422169811320756,-98.300699,0.00346125,75.0,8.84,0.0,47.920992763261665,1,0,0,0,0,0,0,0,1
6901028045919,202602,云烟(软珍品),一类烟,0,0.6321359608971662,50.51985317179649,99.348534,101.43,99.75,1.1127237542331885,0.275464406161699,51675.0,372.66231884057976,0.9988165680473372,-97.853868,0.0168784615384615,266.0,45.21,64.14,52.021982714703675,1,0,0,0,0,0,0,0,1
6901028045919,202603,云烟(软珍品),一类烟,0,-0.27077432104860577,51.15198913269366,98.47561,87.5,100.0,1.1127237542331885,0.2754721739751123,51675.0,781.7803278688525,0.2345238095238095,-98.348534,0.0074873515439429,18.0,31.95,13.38,50.51985317179649,1,0,0,0,0,0,0,0,1
6901028045919,202604,云烟(软珍品),一类烟,0,-1.7418633456792776,50.88121481164505,98.678414,74.25,98.75,1.1127237542331885,0.2755022534565732,51675.0,613.2291021671826,1.0,-97.47561,0.0079575804529201,7.0,19.07,5.0,51.15198913269366,1,0,0,0,0,0,0,0,1
6901028045919,202605,云烟(软珍品),一类烟,1,-4.82095939302291,49.139351465965774,95.424837,63.78,98.15,1.1127237542331885,0.2754904882852996,51675.0,685.5491071428571,1.0,-97.678414,0.005565,11.0,14.3,0.0,50.88121481164505,1,0,0,0,0,0,0,0,1
6901028045919,202606,云烟(软珍品),一类烟,0,-5.775176714068728,44.31839207294286,99.130435,60.77,97.41,1.1127237542331885,0.2754849527142109,51675.0,1158.3835616438355,0.9963855421686748,-94.424837,0.0036359277108433,3.0,9.4,0.0,49.139351465965774,1,0,0,0,0,0,0,0,1
6901028046893,202501,云烟(紫),二类烟,0,0.029897466786529492,42.02518169444205,99.340297,87.5,100.0,1.1484823625922886,0.24217756114839845,41075.0,317.4115210843373,0.2345238095238095,-97.484848,0.00281763621607935,8.0,14.61,0.0,41.1974834563511,0,0,1,0,0,0,0,0,1
6901028046893,202502,云烟(紫),二类烟,0,-25.038387967325257,42.055079161228576,99.095238,100.0,100.0,1.1353711790393013,0.242154237644483,28625.0,58.61372440509132,0.0047393364928909,-98.340297,0.0490287914691943,9.0,94.08,95.09,42.02518169444205,0,0,1,0,0,0,0,0,1
6901028046893,202503,云烟(紫),二类烟,1,24.729258904364187,17.01669119390332,82.051282,87.5,100.0,1.1353711790393013,0.2421716129925779,28625.0,52.37193656895724,0.2345238095238095,-98.095238,0.0281648345153664,8.0,14.61,0.0,42.055079161228576,0,0,1,0,0,0,0,0,1
6901028046893,202504,云烟(紫),二类烟,0,0.2494235649646015,41.74595009826751,99.295223,87.5,100.0,1.1353711790393013,0.2421370087336244,28625.0,6854.0,0.2345238095238095,-81.051282,0.0004336094674556,8.0,1.89,0.0,17.01669119390332,0,0,1,0,0,0,0,0,1
6901028046893,202505,云烟(紫),二类烟,0,0.07934074927076296,41.99537366323211,99.576271,87.5,100.0,1.1353711790393013,0.2421377405534969,28625.0,132.7192429022082,0.2345238095238095,-98.295223,0.0172021327014218,3.0,75.47,0.0,41.74595009826751,0,0,1,0,0,0,0,0,1
6901028046893,202506,云烟(紫),二类烟,0,-33.245275143771586,42.07471441250287,99.764982,87.5,100.0,1.1353711790393013,0.2421388553377311,28625.0,65.04734042553191,0.2345238095238095,-98.576271,0.0256261904761904,2.0,81.9,37.65,41.99537366323211,0,0,1,0,0,0,0,0,1
6901028046893,202507,云烟(紫),二类烟,1,31.15957514889419,8.829439268731283,80.0,87.5,100.0,1.1353711790393013,0.2421391036290661,28625.0,43.50961915979584,0.2345238095238095,-98.764982,0.0348008949880668,2.0,84.49,80.51,42.07471441250287,0,0,1,0,0,0,0,0,1
6901028046893,202508,云烟(紫),二类烟,0,1.878592268790932,39.98901441762548,96.969697,87.5,100.0,1.1353711790393013,0.2421397379912663,28625.0,24673.25,0.2345238095238095,-79.0,0.0001086595492289,8.0,0.47,0.0,8.829439268731283,0,0,1,0,0,0,0,0,1
6901028046893,202509,云烟(紫),二类烟,0,-0.9063035645748698,41.86760668641641,99.70487,87.5,100.0,1.1353711790393013,0.2421394898769353,28625.0,610.440340909091,0.2345238095238095,-95.969697,0.0047866983372921,1.0,20.9,0.0,39.98901441762548,0,0,1,0,0,0,0,0,1
6901028046893,202510,云烟(紫),二类烟,0,-34.54642262582505,40.96130312184154,99.529042,87.5,100.0,1.1353711790393013,0.242152383865846,28625.0,101.24124321657622,0.2345238095238095,-98.70487,0.0274339834515366,32.0,79.08,8.07,41.86760668641641,0,0,1,0,0,0,0,0,1
6901028046893,202511,云烟(紫),二类烟,1,34.396112153180475,6.4148804960164885,0.0,87.5,100.0,1.1353711790393013,0.2421401512542531,28625.0,346.2460567823344,0.2345238095238095,-98.529042,0.0085706021251475,3.0,37.78,0.0,40.96130312184154,0,0,1,0,0,0,0,0,1
6901028046893,202512,云烟(紫),二类烟,0,1.1462446422777148,40.81099264919696,99.315068,29.89,94.55,1.1353711790393013,0.24217756114839845,41075.0,317.4115210843373,0.2108362779740871,1.0,0.0,8.0,14.61,0.0,6.4148804960164885,0,0,1,0,0,0,0,0,1
6901028046893,202601,云烟(紫),二类烟,0,-35.54235679545819,41.95723729147468,98.762568,87.5,100.0,1.1353711790393013,0.2421488731616724,28625.0,388.0459770114943,0.2345238095238095,-98.315068,0.0058735259433962,10.0,33.96,0.0,40.81099264919696,0,0,1,0,0,0,0,0,1
6901028046893,202602,云烟(紫),二类烟,1,34.991846983782,6.4148804960164885,0.0,100.0,100.0,1.1353711790393013,0.2421584431305632,28625.0,77.53693552597232,0.0023668639053254,-97.762568,0.0519111834319526,85.0,93.25,93.91,41.95723729147468,0,0,1,0,0,0,0,0,1
6901028046893,202603,云烟(紫),二类烟,0,0.11171297530069779,41.406727479798484,98.75467,87.5,100.0,1.1353711790393013,0.24217756114839845,41075.0,317.4115210843373,0.2345238095238095,1.0,0.0,8.0,14.61,0.0,6.4148804960164885,0,0,1,0,0,0,0,0,1
6901028046893,202604,云烟(紫),二类烟,0,0.07576931504704731,41.51844045509918,99.602386,100.0,100.0,1.1353711790393013,0.242141555201903,28625.0,225.33291298865063,0.0047675804529201,-97.75467,0.0216444576877234,3.0,76.04,20.38,41.406727479798484,0,0,1,0,0,0,0,0,1
6901028046893,202605,云烟(紫),二类烟,0,0.09860459817221567,41.59420977014623,99.525102,100.0,100.0,1.1353711790393013,0.2421383434005352,28625.0,194.62125748503,0.0024038461538461,-98.602386,0.0275790865384615,8.0,71.27,55.65,41.51844045509918,0,0,1,0,0,0,0,0,1
6901028046893,202606,云烟(紫),二类烟,0,-1.3721639669842176,41.692814368318444,98.313705,83.33,100.0,1.1353711790393013,0.2421370291984056,28625.0,173.88479890933877,0.0072289156626506,-98.525102,0.0202375301204819,3.0,60.36,47.9,41.59420977014623,0,0,1,0,0,0,0,0,1
6901028051989,202501,云烟(软大重九),一类烟,0,14.28727765188249,75.40737883666709,80.0,87.5,100.0,1.1484823625922886,0.24217756114839845,41075.0,317.4115210843373,0.2345238095238095,-97.484848,0.00281763621607935,8.0,14.61,0.0,41.1974834563511,1,0,0,0,0,0,0,0,1
6901028051989,202503,云烟(软大重九),一类烟,0,0.0,89.69465648854958,,87.5,100.0,1.3596004439511655,0.3088720865704772,180200.0,5765.75,0.2345238095238095,-79.0,0.0003416113744075,4.0,0.47,0.0,75.40737883666709,1,0,0,0,0,0,0,0,1
6901028051989,202504,云烟(软大重九),一类烟,0,0.0,89.69465648854958,,87.5,100.0,1.3596004439511655,0.24217756114839845,41075.0,317.4115210843373,0.2345238095238095,-97.484848,0.00281763621607935,8.0,14.61,0.0,89.69465648854958,1,0,0,0,0,0,0,0,1
6901028051989,202505,云烟(软大重九),一类烟,0,0.0,89.69465648854958,,87.5,100.0,1.3596004439511655,0.24217756114839845,41075.0,317.4115210843373,0.2345238095238095,-97.484848,0.00281763621607935,8.0,14.61,0.0,89.69465648854958,1,0,0,0,0,0,0,0,1
6901028051989,202508,云烟(软大重九),一类烟,0,0.0,89.69465648854958,,87.5,100.0,1.3596004439511655,0.24217756114839845,41075.0,317.4115210843373,0.2345238095238095,-97.484848,0.00281763621607935,8.0,14.61,0.0,89.69465648854958,1,0,0,0,0,0,0,0,1
6901028051989,202510,云烟(软大重九),一类烟,0,6.2505836983416,89.69465648854958,,87.5,100.0,1.3596004439511655,0.24217756114839845,41075.0,317.4115210843373,0.2345238095238095,-97.484848,0.0,8.0,14.61,0.0,89.69465648854958,1,0,0,0,0,0,0,0,1
6901028051989,202511,云烟(软大重九),一类烟,0,-6.2505836983416,95.94524018689118,98.165138,87.5,100.0,1.3596004439511655,0.24217756114839845,41075.0,317.4115210843373,0.2345238095238095,-97.484848,0.00281763621607935,8.0,14.61,0.0,89.69465648854958,1,0,0,0,0,0,0,0,1
6901028051989,202512,云烟(软大重九),一类烟,0,-26.623434016707947,89.69465648854958,,22.91,95.24,1.3596004439511655,0.3084629487485348,180200.0,139.2336448598131,0.2108362779740871,-97.165138,0.0090842873969375,55.0,6.48,0.0,95.94524018689118,1,0,0,0,0,0,0,0,1
6901028051989,202601,云烟(软大重九),一类烟,0,26.623434016707947,63.07122247184164,100.0,87.5,100.0,1.3596004439511655,0.24217756114839845,41075.0,317.4115210843373,0.2345238095238095,-97.484848,0.00281763621607935,8.0,14.61,0.0,89.69465648854958,1,0,0,0,0,0,0,0,1
6901028051989,202603,云烟(软大重九),一类烟,0,-15.048857689488159,89.69465648854958,,87.5,100.0,1.3596004439511655,0.3085113762486126,180200.0,15012.499999999998,0.2345238095238095,-99.0,0.0001706035502958,8.0,0.24,0.0,63.07122247184164,1,0,0,0,0,0,0,0,1
6901028051989,202604,云烟(软大重九),一类烟,0,13.573230369841212,74.64579879906142,100.0,66.67,100.0,1.3596004439511655,0.24217756114839845,180200.0,317.4115210843373,0.0035756853396901,-97.484848,0.0006872943980929,8.0,0.48,0.0,89.69465648854958,1,0,0,0,0,0,0,0,1
6901028051989,202605,云烟(软大重九),一类烟,0,6.683151983000343,88.21902916890264,100.0,40.0,100.0,1.3596004439511655,0.3085009711431742,180200.0,5932.5,0.0060096153846153,-99.0,0.0003465384615384,8.0,0.24,0.0,74.64579879906142,1,0,0,0,0,0,0,0,1
6901028053440,202501,玉溪(高配版),一类烟,0,0.0,45.761349939734735,,87.5,100.0,1.1484823625922886,0.24217756114839845,41075.0,317.4115210843373,0.2345238095238095,-97.484848,0.00281763621607935,8.0,14.61,0.0,41.1974834563511,1,0,0,0,0,0,0,0,1
6901028053440,202502,玉溪(高配版),一类烟,0,0.0,45.761349939734735,,87.5,100.0,1.2413108242303872,0.24217756114839845,41075.0,317.4115210843373,0.2345238095238095,-97.484848,0.00281763621607935,8.0,14.61,0.0,45.761349939734735,1,0,0,0,0,0,0,0,1
6901028053440,202504,玉溪(高配版),一类烟,0,0.0,45.761349939734735,,87.5,100.0,1.2413108242303872,0.24217756114839845,41075.0,317.4115210843373,0.2345238095238095,-97.484848,0.00281763621607935,8.0,14.61,0.0,45.761349939734735,1,0,0,0,0,0,0,0,1
6901028053440,202505,玉溪(高配版),一类烟,0,0.0,45.761349939734735,,87.5,100.0,1.2413108242303872,0.24217756114839845,41075.0,317.4115210843373,0.2345238095238095,-97.484848,0.00281763621607935,8.0,14.61,0.0,45.761349939734735,1,0,0,0,0,0,0,0,1
6901028053440,202506,玉溪(高配版),一类烟,0,0.0,45.761349939734735,,87.5,100.0,1.2413108242303872,0.24217756114839845,41075.0,317.4115210843373,0.2345238095238095,-97.484848,0.00281763621607935,8.0,14.61,0.0,45.761349939734735,1,0,0,0,0,0,0,0,1
6901028057080,202501,双喜(硬晶彩好日子),一类烟,0,-29.746457488491895,37.598423862054545,84.615385,87.5,100.0,1.1484823625922886,0.24217756114839845,41075.0,317.4115210843373,0.2345238095238095,-97.484848,0.00281763621607935,8.0,14.61,0.0,41.1974834563511,1,0,0,0,0,0,0,0,1
6901028057080,202502,双喜(硬晶彩好日子),一类烟,0,0.0,7.851966373562651,,87.5,100.0,1.139240506329114,0.2420886075949367,39500.0,1384.8787878787878,0.2345238095238095,-83.615385,0.0006177725118483,8.0,3.91,0.0,37.598423862054545,1,0,0,0,0,0,0,0,1
6901028057080,202503,双喜(硬晶彩好日子),一类烟,0,33.32586890625945,7.851966373562651,,87.5,100.0,1.139240506329114,0.24217756114839845,41075.0,317.4115210843373,0.2345238095238095,-97.484848,0.00281763621607935,8.0,14.61,0.0,7.851966373562651,1,0,0,0,0,0,0,0,1
6901028057080,202504,双喜(硬晶彩好日子),一类烟,0,-6.451727389676634,41.177835279822105,96.25,87.5,100.0,1.139240506329114,0.24217756114839845,41075.0,317.4115210843373,0.2345238095238095,-97.484848,0.00281763621607935,8.0,14.61,0.0,7.851966373562651,1,0,0,0,0,0,0,0,1
6901028057080,202505,双喜(硬晶彩好日子),一类烟,0,4.918014398091849,34.72610789014547,100.0,87.5,100.0,1.139240506329114,0.2421198421831333,39500.0,415.3896103896104,0.2345238095238095,-95.25,0.0014414691943127,8.0,4.62,0.0,41.177835279822105,1,0,0,0,0,0,0,0,1
6901028057080,202506,双喜(硬晶彩好日子),一类烟,1,-31.79215591467467,39.64412228823732,91.891892,87.5,100.0,1.139240506329114,0.2421202531645569,39500.0,2169.0,0.2345238095238095,-99.0,0.0002633333333333,8.0,0.83,0.0,34.72610789014547,1,0,0,0,0,0,0,0,1
6901028057080,202507,双喜(硬晶彩好日子),一类烟,0,21.759817057338218,7.851966373562651,,87.5,100.0,1.139240506329114,0.2421202531645569,39500.0,832.2941176470587,0.2345238095238095,-90.891892,0.0006410501193317,8.0,1.55,30.77,39.64412228823732,1,0,0,0,0,0,0,0,1
6901028057080,202508,双喜(硬晶彩好日子),一类烟,0,6.708097259708143,29.611783430900868,72.727273,87.5,100.0,1.139240506329114,0.24217756114839845,41075.0,317.4115210843373,0.2345238095238095,-97.484848,0.00281763621607935,8.0,14.61,0.0,7.851966373562651,1,0,0,0,0,0,0,0,1
6901028057080,202509,双喜(硬晶彩好日子),一类烟,1,3.237056185321329,36.31988069060901,41.666667,87.5,100.0,1.139240506329114,0.2418591772151898,39500.0,3530.7499999999995,0.2345238095238095,-71.727273,0.0001501187648456,8.0,0.48,0.0,29.611783430900868,1,0,0,0,0,0,0,0,1
6901028057080,202510,双喜(硬晶彩好日子),一类烟,0,2.6181181826022524,39.55693687593034,100.0,87.5,100.0,1.139240506329114,0.2419651898734177,39500.0,1719.0,0.2345238095238095,-40.666667,0.0003735224586288,8.0,1.18,0.0,36.31988069060901,1,0,0,0,0,0,0,0,1
6901028057080,202511,双喜(硬晶彩好日子),一类烟,0,-34.32308868496994,42.17505505853259,98.986486,87.5,100.0,1.139240506329114,0.242,39500.0,842.95,0.2345238095238095,-99.0,0.0007461629279811,2.0,2.36,0.0,39.55693687593034,1,0,0,0,0,0,0,0,1
6901028057080,202512,双喜(硬晶彩好日子),一类烟,0,34.422055146567324,7.851966373562651,,87.5,100.0,1.139240506329114,0.2420542618913898,39500.0,137.2354948805461,0.2345238095238095,-97.986486,0.0054527679623085,133.0,18.37,0.0,42.17505505853259,1,0,0,0,0,0,0,0,1
6901028057080,202601,双喜(硬晶彩好日子),一类烟,0,-1.0631926734207227,42.27402152012998,99.463807,0.0,100.0,1.139240506329114,0.24217756114839845,41075.0,317.4115210843373,0.0047169811320754,-97.484848,0.00281763621607935,8.0,14.61,0.0,7.851966373562651,1,0,0,0,0,0,0,0,1
6901028057080,202603,双喜(硬晶彩好日子),一类烟,0,0.9816276104527759,41.210828846709255,99.24812,87.5,100.0,1.139240506329114,0.2420770070626769,39500.0,112.80323450134772,0.2345238095238095,-98.463807,0.0069370414201183,186.0,34.44,27.49,42.27402152012998,1,0,0,0,0,0,0,0,1
6901028057080,202604,双喜(硬晶彩好日子),一类烟,0,-1.2099969187413322,42.19245645716203,98.714653,87.5,100.0,1.139240506329114,0.2421188147295742,39500.0,406.31060606060606,0.2345238095238095,-98.24812,0.0024858164481525,7.0,6.2,30.77,41.210828846709255,1,0,0,0,0,0,0,0,1
6901028057080,202605,双喜(硬晶彩好日子),一类烟,0,0.6314763931088976,40.9824595384207,98.571429,87.5,100.0,1.139240506329114,0.2420650382383966,39500.0,133.67447916666669,0.2345238095238095,-97.714653,0.0072923076923076,24.0,18.63,34.19,42.19245645716203,1,0,0,0,0,0,0,0,1
6901028057080,202606,双喜(硬晶彩好日子),一类烟,0,-2.9376189657332574,41.613935931529596,96.680498,87.5,100.0,1.139240506329114,0.2421138323243441,39500.0,467.8405797101449,0.2345238095238095,-97.571429,0.0026269879518072,4.0,9.16,0.0,40.9824595384207,1,0,0,0,0,0,0,0,1
6901028058148,202501,好猫(细支长乐),二类烟,0,7.329712508131976,35.20549784395066,95.890411,87.5,100.0,1.1484823625922886,0.24217756114839845,41075.0,317.4115210843373,0.2345238095238095,-97.484848,0.00281763621607935,8.0,14.61,0.0,41.1974834563511,0,0,1,0,0,0,0,0,1
6901028058148,202502,好猫(细支长乐),二类烟,0,-33.09731999816172,42.535210352082636,99.222395,103.99,99.79,1.1435105774728418,0.2420668953687821,34980.0,2176.6,0.6516587677725119,-94.890411,0.0011604739336492,50.0,8.29,0.0,35.20549784395066,0,0,1,0,0,0,0,0,1
6901028058148,202503,好猫(细支长乐),二类烟,0,31.86292209595489,9.43789035392091,,87.5,100.0,1.1435105774728418,0.2420668953687822,34980.0,184.39968652037615,0.2345238095238095,-98.222395,0.0105518865248226,8.0,14.61,0.0,42.535210352082636,0,0,1,0,0,0,0,0,1
6901028058148,202504,好猫(细支长乐),二类烟,0,-10.217954312050601,41.3008124498758,97.260274,98.36,100.0,1.1435105774728418,0.24217756114839845,41075.0,317.4115210843373,0.072189349112426,-97.484848,0.00281763621607935,8.0,14.61,0.0,9.43789035392091,0,0,1,0,0,0,0,0,1
6901028058148,202505,好猫(细支长乐),二类烟,1,-21.64496778390429,31.0828581378252,88.888889,100.0,100.0,1.1435105774728418,0.2421026300743282,34980.0,523.7816901408451,0.0722748815165876,-96.260274,0.0023541042654028,1.0,8.41,0.0,41.3008124498758,0,0,1,0,0,0,0,0,1
6901028058148,202506,好猫(细支长乐),二类烟,0,0.3808485670782158,9.43789035392091,,94.09,98.86,1.1435105774728418,0.2421026300743282,34980.0,3300.9999999999995,0.1107142857142857,-87.888889,0.0006662857142857,8.0,2.38,0.0,31.0828581378252,0,0,1,0,0,0,0,0,1
6901028058148,202507,好猫(细支长乐),二类烟,0,30.770466847109105,9.818738920999126,100.0,96.72,100.0,1.1435105774728418,0.24217756114839845,41075.0,317.4115210843373,0.0727923627684964,-97.484848,0.00281763621607935,8.0,14.61,0.0,9.43789035392091,0,0,1,0,0,0,0,0,1
6901028058148,202508,好猫(细支长乐),二类烟,0,-8.812449647394367,40.58920576810823,91.891892,100.0,100.0,1.1435105774728418,0.2420936963979417,34980.0,13138.875,0.0249110320284697,-99.0,0.0001327829181494,8.0,0.47,0.0,9.818738920999126,0,0,1,0,0,0,0,0,1
6901028058148,202509,好猫(细支长乐),二类烟,1,5.907368448741444,31.776756120713863,58.823529,87.5,100.0,1.1435105774728418,0.2420994770120741,34980.0,716.8529411764706,0.2345238095238095,-90.891892,0.0011299952494061,8.0,4.04,0.0,40.58920576810823,0,0,1,0,0,0,0,0,1
6901028058148,202510,好猫(细支长乐),二类烟,0,4.180194943241112,37.68412456945531,97.777778,87.5,100.0,1.1435105774728418,0.2421026300743282,34980.0,3112.4,0.2345238095238095,-57.823529,0.0001653900709219,8.0,0.47,25.0,31.776756120713863,0,0,1,0,0,0,0,0,1
6901028058148,202511,好猫(细支长乐),二类烟,0,-32.426429158775505,41.86431951269642,99.489796,87.5,100.0,1.1435105774728418,0.2421010057695306,34980.0,1506.6136363636365,0.2345238095238095,-96.777778,0.0007268571428571,8.0,2.6,0.0,37.68412456945531,0,0,1,0,0,0,0,0,1
6901028058148,202512,好猫(细支长乐),二类烟,0,32.46784259974555,9.43789035392091,,87.5,100.0,1.1435105774728418,0.2420353755259416,34980.0,363.3282051282051,0.2345238095238095,-98.489796,0.0032137102473498,68.0,10.84,7.61,41.86431951269642,0,0,1,0,0,0,0,0,1
6901028058148,202601,好猫(细支长乐),二类烟,0,-7.248608945761845,41.905732953666465,99.026764,87.5,100.0,1.1435105774728418,0.24217756114839845,41075.0,317.4115210843373,0.2345238095238095,-97.484848,0.00281763621607935,8.0,14.61,0.0,9.43789035392091,0,0,1,0,0,0,0,0,1
6901028058148,202602,好猫(细支长乐),二类烟,0,7.5171205632564835,34.65712400790462,100.0,83.67,100.0,1.1435105774728418,0.2420489841158794,34980.0,353.5479115479116,0.0224852071005917,-98.026764,0.0067393420118343,202.0,34.32,22.07,41.905732953666465,0,0,1,0,0,0,0,0,1
6901028058148,202603,好猫(细支长乐),二类烟,0,-1.4532000162318894,42.174244571161104,100.0,42.86,100.0,1.1435105774728418,0.2420529122231337,34980.0,2324.1304347826085,0.0558194774346793,-99.0,0.0007644085510688,1.0,5.46,0.0,34.65712400790462,0,0,1,0,0,0,0,0,1
6901028058148,202604,好猫(细支长乐),二类烟,1,1.185746100859049,40.721044554929215,97.849462,46.67,100.0,1.1435105774728418,0.2420877063850388,34980.0,284.7662835249042,0.0524433849821215,-99.0,0.0043526960667461,14.0,15.02,6.35,42.174244571161104,0,0,1,0,0,0,0,0,1
6901028058148,202605,好猫(细支长乐),二类烟,0,-3.253474762921975,41.906790655788264,99.646643,47.06,100.0,1.1435105774728418,0.2420881005786666,34980.0,679.7857142857143,0.0204326923076923,-96.849462,0.00306075,8.0,11.3,0.0,40.721044554929215,0,0,1,0,0,0,0,0,1
6901028058148,202606,好猫(细支长乐),二类烟,0,-1.1274405254759472,38.65331589286629,98.404255,19.7,85.71,1.1435105774728418,0.2420914788186968,34980.0,357.8687943262412,0.0397590361445783,-98.646643,0.0047539084337349,30.0,16.27,11.11,41.906790655788264,0,0,1,0,0,0,0,0,1
6901028059114,202601,好猫(细支长乐吉祥),一类烟,0,-42.45153501820707,56.36298539988638,97.619048,87.5,100.0,1.1484823625922886,0.24217756114839845,41075.0,317.4115210843373,0.2345238095238095,-97.484848,0.00281763621607935,8.0,14.61,0.0,41.1974834563511,1,0,0,0,0,0,0,0,1
6901028059114,202602,好猫(细支长乐吉祥),一类烟,0,42.31251396151826,13.911450381679305,,87.5,100.0,1.1555555555555554,0.2755111111111111,56250.0,458.2195121951219,0.2345238095238095,-96.619048,0.0010917159763313,16.0,1.89,81.25,56.36298539988638,1,0,0,0,0,0,0,0,1
6901028059114,202603,好猫(细支长乐吉祥),一类烟,0,-2.3814746614547744,56.22396434319757,95.454545,40.57,100.0,1.1555555555555554,0.24217756114839845,56250.0,317.4115210843373,0.0724465558194774,-97.484848,0.0008016627078384,17.0,3.56,0.0,13.911450381679305,1,0,0,0,0,0,0,0,1
6901028059114,202604,好猫(细支长乐吉祥),一类烟,0,-0.6456197710775555,53.8424896817428,100.0,30.98,89.53,1.1555555555555554,0.2754888888888889,56250.0,493.5952380952381,0.7044100119189511,-94.454545,0.0011263408820023,3.0,2.38,5.0,56.22396434319757,1,0,0,0,0,0,0,0,1
6901028059114,202605,好猫(细支长乐吉祥),一类烟,1,3.1834975911129106,53.19686991066524,92.857143,29.02,95.08,1.1555555555555554,0.2754888888888889,56250.0,1140.875,0.2451923076923076,-99.0,0.0004326923076923,1.0,0.96,0.0,53.8424896817428,1,0,0,0,0,0,0,0,1
6901028059114,202606,好猫(细支长乐吉祥),一类烟,0,-3.6052930346842444,56.38036750177815,97.826087,9.09,87.69,1.1555555555555554,0.2754905982905983,56250.0,1316.5384615384614,1.0,-91.857143,0.0003524096385542,5.0,0.84,0.0,53.19686991066524,1,0,0,0,0,0,0,0,1
6901028062015,202501,苏烟(五星红杉树),一类烟,0,-0.24219193568654163,59.079696143644576,97.587455,87.5,100.0,1.1484823625922886,0.24217756114839845,41075.0,317.4115210843373,0.2345238095238095,-97.484848,0.00281763621607935,8.0,14.61,0.0,41.1974834563511,1,0,0,0,0,0,0,0,1
6901028062015,202502,苏烟(五星红杉树),一类烟,0,-0.6874269704663334,58.837504207958034,98.449612,87.5,100.0,1.165995336018656,0.2754924394393893,47170.0,69.08652657601976,0.2345238095238095,-96.587455,0.0180855592417061,238.0,52.84,73.54,59.079696143644576,1,0,0,0,0,0,0,0,1
6901028062015,202503,苏烟(五星红杉树),一类烟,0,0.2667914065665471,58.1500772374917,96.551724,87.5,100.0,1.165995336018656,0.2754841342839353,47170.0,134.01312335958005,0.2345238095238095,-97.449612,0.0084972907801418,8.0,14.61,0.0,58.837504207958034,1,0,0,0,0,0,0,0,1
6901028062015,202504,苏烟(五星红杉树),一类烟,0,-0.6840922983787792,58.41686864405825,97.674419,87.5,100.0,1.165995336018656,0.2755178836427511,47170.0,324.5142857142857,0.2345238095238095,-95.551724,0.0031260591715976,8.0,8.28,0.0,58.1500772374917,1,0,0,0,0,0,0,0,1
6901028062015,202505,苏烟(五星红杉树),一类烟,1,-2.8648760244919913,57.73277634567947,93.023256,100.0,100.0,1.165995336018656,0.2755190824474797,47170.0,252.13095238095235,0.0047393364928909,-96.674419,0.0037557156398104,8.0,9.95,0.0,58.41686864405825,1,0,0,0,0,0,0,0,1
6901028062015,202506,苏烟(五星红杉树),一类烟,0,3.5673559682721177,54.86790032118748,91.304348,87.5,100.0,1.165995336018656,0.2755193979224083,47170.0,438.1,0.2345238095238095,-92.023256,0.0017969523809523,8.0,4.76,0.0,57.73277634567947,1,0,0,0,0,0,0,0,1
6901028062015,202507,苏烟(五星红杉树),一类烟,0,-40.6464236279964,58.435256289459595,95.3125,87.5,100.0,1.165995336018656,0.2755055170255509,47170.0,1215.2619047619046,0.2345238095238095,-90.304348,0.0009456515513126,8.0,2.51,0.0,54.86790032118748,1,0,0,0,0,0,0,0,1
6901028062015,202508,苏烟(五星红杉树),一类烟,1,0.0,17.788832661463193,0.0,87.5,100.0,1.165995336018656,0.275506365187654,47170.0,245.75409836065572,0.2345238095238095,-94.3125,0.0027306002372479,8.0,7.24,0.0,58.435256289459595,1,0,0,0,0,0,0,0,1
6901028062015,202509,苏烟(五星红杉树),一类烟,0,41.21762537485422,17.788832661463193,0.0,87.5,100.0,1.165995336018656,0.24217756114839845,41075.0,317.4115210843373,0.2345238095238095,1.0,0.0,8.0,14.61,0.0,17.788832661463193,1,0,0,0,0,0,0,0,1
6901028062015,202510,苏烟(五星红杉树),一类烟,0,-2.19568206043229,59.00645803631742,98.776758,87.5,100.0,1.165995336018656,0.24217756114839845,41075.0,317.4115210843373,0.2345238095238095,1.0,0.0,8.0,14.61,0.0,17.788832661463193,1,0,0,0,0,0,0,0,1
6901028062015,202511,苏烟(五星红杉树),一类烟,0,0.8957489545344686,56.81077597588513,98.95288,0.0,100.0,1.165995336018656,0.2755193158793928,47170.0,91.90712074303406,0.0047225501770956,-97.776758,0.0071952349468713,121.0,19.13,0.0,59.00645803631742,1,0,0,0,0,0,0,0,1
6901028062015,202512,苏烟(五星红杉树),一类烟,0,1.4470579640969703,57.7065249304196,100.0,87.5,100.0,1.165995336018656,0.2755192577113289,47170.0,688.6825396825396,0.2345238095238095,-97.95288,0.0042002968197879,58.0,11.19,0.0,56.81077597588513,1,0,0,0,0,0,0,0,1
6901028062015,202601,苏烟(五星红杉树),一类烟,0,-0.4588319525118649,59.15358289451657,99.151858,87.5,100.0,1.165995336018656,0.275516575448491,47170.0,444.9289940828402,0.2345238095238095,-99.0,0.0075205,90.0,20.28,0.0,57.7065249304196,1,0,0,0,0,0,0,0,1
6901028062015,202602,苏烟(五星红杉树),一类烟,0,-0.46490464619746064,58.6947509420047,99.063232,87.5,100.0,1.165995336018656,0.275504663765459,47170.0,50.32993890020367,0.2345238095238095,-98.151858,0.0548176804733727,235.0,66.51,84.88,59.15358289451657,1,0,0,0,0,0,0,0,1
6901028062015,202603,苏烟(五星红杉树),一类烟,0,0.5510336568241385,58.22984629580724,99.328859,87.5,100.0,1.165995336018656,0.2754918956683511,47170.0,173.6548463356974,0.2345238095238095,-98.063232,0.0094788171021377,8.0,50.24,0.0,58.6947509420047,1,0,0,0,0,0,0,0,1
6901028062015,202604,苏烟(五星红杉树),一类烟,0,0.39147306192667486,58.78087995263138,98.444444,87.5,100.0,1.165995336018656,0.2755188607623948,47170.0,302.9391891891892,0.2345238095238095,-98.328859,0.0066566483909415,8.0,16.69,7.14,58.22984629580724,1,0,0,0,0,0,0,0,1
6901028062015,202605,苏烟(五星红杉树),一类烟,0,-0.5234133794134053,59.172353014558055,98.748883,87.5,100.0,1.165995336018656,0.2755183809964535,47170.0,153.117381489842,0.2345238095238095,-97.444444,0.0100463028846153,6.0,27.52,0.0,58.78087995263138,1,0,0,0,0,0,0,0,1
6901028062015,202606,苏烟(五星红杉树),一类烟,0,0.2541785349404293,58.64893963514465,98.829431,87.5,100.0,1.165995336018656,0.2755140499799992,47170.0,46.246153846153845,0.2345238095238095,-97.748883,0.0251194457831325,9.0,31.08,49.61,59.172353014558055,1,0,0,0,0,0,0,0,1
6901028062329,202501,南京(十二钗烤烟),一类烟,0,30.732390975850315,23.768227675107376,66.666667,87.5,100.0,1.1484823625922886,0.24217756114839845,41075.0,317.4115210843373,0.2345238095238095,-97.484848,0.00281763621607935,8.0,14.61,0.0,41.1974834563511,1,0,0,0,0,0,0,0,1
6901028062329,202502,南京(十二钗烤烟),一类烟,0,-1.9124505382053627,54.50061865095769,95.238095,111.44,100.0,1.1484823625922886,0.2755127153404429,60950.0,18164.75,0.9597156398104264,-65.666667,0.0001155450236966,8.0,0.47,0.0,23.768227675107376,1,0,0,0,0,0,0,0,1
6901028062329,202503,南京(十二钗烤烟),一类烟,1,0.15195114895706752,52.58816811275233,93.023256,92.8,100.0,1.1484823625922886,0.2755127153404429,60950.0,726.5749999999999,0.8865248226950354,-94.238095,0.0023054373522458,8.0,14.61,0.0,54.50061865095769,1,0,0,0,0,0,0,0,1
6901028062329,202504,南京(十二钗烤烟),一类烟,0,-41.45568514289103,52.740119261709395,97.560976,99.5,100.0,1.1484823625922886,0.2755127153404429,60950.0,1246.375,0.072189349112426,-92.023256,0.0011540828402366,8.0,2.37,0.0,52.58816811275233,1,0,0,0,0,0,0,0,1
6901028062329,202506,南京(十二钗烤烟),一类烟,0,0.0,11.284434118818366,,95.78,99.7,1.1484823625922886,0.2755127153404429,60950.0,1205.075,0.8151658767772512,-96.560976,0.0011554502369668,8.0,2.37,0.0,52.740119261709395,1,0,0,0,0,0,0,0,1
6901028062329,202507,南京(十二钗烤烟),一类烟,0,0.0,11.284434118818366,,92.99,99.87,1.1484823625922886,0.24217756114839845,41075.0,317.4115210843373,0.9964200477326968,-97.484848,0.00281763621607935,8.0,14.61,0.0,11.284434118818366,1,0,0,0,0,0,0,0,1
6901028062329,202508,南京(十二钗烤烟),一类烟,0,0.0,11.284434118818366,0.0,98.35,100.0,1.1484823625922886,0.24217756114839845,41075.0,317.4115210843373,0.6488730723606169,-97.484848,0.00281763621607935,8.0,14.61,0.0,11.284434118818366,1,0,0,0,0,0,0,0,1
6901028062329,202509,南京(十二钗烤烟),一类烟,0,44.13534052428409,11.284434118818366,,97.2,99.54,1.1484823625922886,0.24217756114839845,41075.0,317.4115210843373,0.8111638954869359,1.0,0.0,8.0,14.61,0.0,11.284434118818366,1,0,0,0,0,0,0,0,1
6901028062329,202510,南京(十二钗烤烟),一类烟,0,1.0170771253280932,55.41977464310246,98.630137,95.99,99.69,1.1484823625922886,0.24217756114839845,41075.0,317.4115210843373,0.8037825059101655,-97.484848,0.00281763621607935,8.0,14.61,0.0,11.284434118818366,1,0,0,0,0,0,0,0,1
6901028062329,202511,南京(十二钗烤烟),一类烟,0,-45.15241764961218,56.43685176843055,100.0,96.01,99.4,1.1484823625922886,0.2754745465317655,60950.0,472.6111111111112,0.2054309327036599,-97.630137,0.0020724439197166,23.0,4.37,0.0,55.41977464310246,1,0,0,0,0,0,0,0,1
6901028062329,202512,南京(十二钗烤烟),一类烟,0,43.290022965157945,11.284434118818366,,96.34,99.51,1.1484823625922886,0.2754745866503368,60950.0,196.1760563380282,0.4994110718492344,-99.0,0.0040776914016489,74.0,8.72,0.0,56.43685176843055,1,0,0,0,0,0,0,0,1
6901028062329,202601,南京(十二钗烤烟),一类烟,0,-0.8035407054359638,54.57445708397631,95.348837,87.5,100.0,1.1484823625922886,0.24217756114839845,41075.0,317.4115210843373,0.2345238095238095,-97.484848,0.00281763621607935,8.0,14.61,0.0,11.284434118818366,1,0,0,0,0,0,0,0,1
6901028062329,202602,南京(十二钗烤烟),一类烟,0,2.2949108103603777,53.77091637854035,97.435897,97.5,100.0,1.1484823625922886,0.2755077132395606,60950.0,705.9634146341464,0.0331360946745562,-94.348837,0.0023658698224852,8.0,7.93,22.39,54.57445708397631,1,0,0,0,0,0,0,0,1
6901028062329,202603,南京(十二钗烤烟),一类烟,0,0.5644800504061251,56.06582718890073,98.979592,47.06,100.0,1.1484823625922886,0.2755116359397263,60950.0,924.7894736842106,0.0558194774346793,-96.435897,0.0011002850356294,8.0,4.51,0.0,53.77091637854035,1,0,0,0,0,0,0,0,1
6901028062329,202604,南京(十二钗烤烟),一类烟,0,-0.23083839437342846,56.63030723930685,100.0,73.84,95.38,1.1484823625922886,0.2755127153404429,60950.0,301.1546391752577,0.102502979737783,-97.979592,0.0028186650774731,8.0,5.96,0.0,56.06582718890073,1,0,0,0,0,0,0,0,1
6901028062329,202605,南京(十二钗烤烟),一类烟,0,0.22160231200194147,56.39946884493342,99.193548,64.41,95.89,1.1484823625922886,0.2755127153404429,60950.0,147.7301587301587,0.1334134615384615,-99.0,0.0036921634615384,14.0,7.93,0.0,56.63030723930685,1,0,0,0,0,0,0,0,1
6901028062329,202606,南京(十二钗烤烟),一类烟,0,-0.7285083281111397,56.621071156935365,98.136646,71.3,84.85,1.1484823625922886,0.2755127153404429,60950.0,210.4715447154472,0.053012048192771,-98.193548,0.0036129397590361,14.0,7.71,4.69,56.39946884493342,1,0,0,0,0,0,0,0,1
6901028062350,202601,南京(十二钗薄荷),一类烟,0,0.7043732852831823,58.14063102894055,95.121951,87.5,100.0,1.1484823625922886,0.24217756114839845,41075.0,317.4115210843373,0.2345238095238095,-97.484848,0.00281763621607935,8.0,14.61,0.0,41.1974834563511,1,0,0,0,0,0,0,0,1
6901028062350,202602,南京(十二钗薄荷),一类烟,0,0.3495193894805624,58.84500431422373,97.560976,113.51,100.0,1.165995336018656,0.2755010518419465,47170.0,325.2564102564103,0.8414201183431953,-94.121951,0.0008708307692307,27.0,3.2,14.81,58.14063102894055,1,0,0,0,0,0,0,0,1
6901028062350,202603,南京(十二钗薄荷),一类烟,0,-0.24056845247479686,59.19452370370429,99.21875,0.0,100.0,1.165995336018656,0.2754928980284079,47170.0,132.925,1.0,-96.560976,0.0008963420427553,14.0,4.75,0.0,58.84500431422373,1,0,0,0,0,0,0,0,1
6901028062350,202604,南京(十二钗薄荷),一类烟,0,-0.13890356142353966,58.953955251229495,100.0,98.09,99.69,1.165995336018656,0.2755187719406602,47170.0,40.732283464566926,0.3861740166865315,-98.21875,0.0028560619785458,29.0,7.75,0.0,59.19452370370429,1,0,0,0,0,0,0,0,1
6901028062350,202605,南京(十二钗薄荷),一类烟,1,0.2937557582783228,58.815051689805955,96.25,96.02,99.35,1.165995336018656,0.2755188419805761,47170.0,106.12587412587412,0.7680288461538461,-99.0,0.0032429375,22.0,8.77,0.0,58.953955251229495,1,0,0,0,0,0,0,0,1
6901028062350,202606,南京(十二钗薄荷),一类烟,0,-0.07399736560893899,59.10880744808428,98.461538,90.28,99.44,1.165995336018656,0.2755176771500706,47170.0,143.75324675324677,0.9795180722891568,-95.25,0.0017504048192771,8.0,3.98,24.24,58.815051689805955,1,0,0,0,0,0,0,0,1
6901028063371,202501,白沙(硬新精品二代),三类烟,0,0.0,5.913276147005536,0.0,87.5,100.0,1.1484823625922886,0.24217756114839845,41075.0,317.4115210843373,0.2345238095238095,-97.484848,0.00281763621607935,8.0,14.61,0.0,41.1974834563511,0,1,0,0,0,0,0,1,0
6901028063371,202502,白沙(硬新精品二代),三类烟,0,0.0,5.913276147005536,0.0,87.5,100.0,1.134020618556701,0.24217756114839845,41075.0,317.4115210843373,0.2345238095238095,1.0,0.0,8.0,14.61,0.0,5.913276147005536,0,1,0,0,0,0,0,1,0
6901028063371,202503,白沙(硬新精品二代),三类烟,0,34.99912633762959,5.913276147005536,0.0,87.5,100.0,1.134020618556701,0.24217756114839845,41075.0,317.4115210843373,0.2345238095238095,1.0,0.0,8.0,14.61,0.0,5.913276147005536,0,1,0,0,0,0,0,1,0
6901028063371,202504,白沙(硬新精品二代),三类烟,0,-9.304115874954515,40.91240248463512,99.721836,87.5,100.0,1.134020618556701,0.24217756114839845,41075.0,317.4115210843373,0.2345238095238095,1.0,0.0,8.0,14.61,0.0,5.913276147005536,0,1,0,0,0,0,0,1,0
6901028063371,202505,白沙(硬新精品二代),三类烟,0,9.366723262871854,31.608286609680608,98.795181,87.5,100.0,1.134020618556701,0.2421935613739952,24250.0,319.884239888424,0.2345238095238095,-98.721836,0.0082404028436018,360.0,42.65,0.0,40.91240248463512,0,1,0,0,0,0,0,1,0
6901028063371,202506,白沙(硬新精品二代),三类烟,0,0.2910354576509562,40.97500987255246,98.657718,87.5,100.0,1.134020618556701,0.2421938647221523,24250.0,2848.756097560976,0.2345238095238095,-97.795181,0.0009469047619047,6.0,2.62,0.0,31.608286609680608,0,1,0,0,0,0,0,1,0
6901028063371,202507,白沙(硬新精品二代),三类烟,0,0.19518399222708638,41.26604533020342,99.65035,87.5,100.0,1.134020618556701,0.2421935268952942,24250.0,302.8639455782313,0.2345238095238095,-97.657718,0.0068062052505966,294.0,35.08,0.0,40.97500987255246,0,1,0,0,0,0,0,1,0
6901028063371,202508,白沙(硬新精品二代),三类烟,0,-0.39747186384002475,41.461229322430505,98.992248,87.5,100.0,1.134020618556701,0.2421669982516428,24250.0,220.8842105263158,0.2345238095238095,-98.65035,0.0098380782918149,78.0,50.77,0.0,41.26604533020342,0,1,0,0,0,0,0,1,0
6901028063371,202509,白沙(硬新精品二代),三类烟,0,0.24728774493257077,41.06375745859048,98.916968,87.5,100.0,1.134020618556701,0.2421659979494466,24250.0,167.72513703993738,0.2345238095238095,-97.992248,0.0147112826603325,66.0,62.47,21.67,41.461229322430505,0,1,0,0,0,0,0,1,0
6901028063371,202510,白沙(硬新精品二代),三类烟,0,0.5487875771787216,41.31104520352305,99.705449,87.5,100.0,1.134020618556701,0.2421650738706198,24250.0,275.6569343065694,0.2345238095238095,-97.916968,0.0094248226950354,11.0,48.7,0.0,41.06375745859048,0,1,0,0,0,0,0,1,0
6901028063371,202511,白沙(硬新精品二代),三类烟,0,-35.94655663369623,41.85983278070177,98.57077,87.5,100.0,1.134020618556701,0.2421651007324612,24250.0,208.44756277695717,0.2345238095238095,-98.705449,0.0077531286894923,11.0,40.14,0.0,41.31104520352305,0,1,0,0,0,0,0,1,0
6901028063371,202512,白沙(硬新精品二代),三类烟,0,35.35891288438417,5.913276147005536,,87.5,100.0,1.134020618556701,0.2421649484536082,24250.0,59.27174929840973,0.2345238095238095,-97.57077,0.0244270906949352,11.0,89.4,41.37,41.85983278070177,0,1,0,0,0,0,0,1,0
6901028063371,202601,白沙(硬新精品二代),三类烟,0,-35.35891288438417,41.2721890313897,98.825065,87.5,100.0,1.134020618556701,0.24217756114839845,41075.0,317.4115210843373,0.2345238095238095,-97.484848,0.00281763621607935,8.0,14.61,0.0,5.913276147005536,0,1,0,0,0,0,0,1,0
6901028063371,202602,白沙(硬新精品二代),三类烟,1,34.99330457740048,5.913276147005536,0.0,100.0,100.0,1.134020618556701,0.2421649484536082,24250.0,218.99207397622192,0.0331360946745562,-97.825065,0.0086898224852071,12.0,89.59,0.0,41.2721890313897,0,1,0,0,0,0,0,1,0
6901028063371,202603,白沙(硬新精品二代),三类烟,0,-34.99330457740048,40.90658072440602,100.0,56.59,100.0,1.134020618556701,0.24217756114839845,41075.0,317.4115210843373,0.1223277909738717,1.0,0.0,8.0,14.61,0.0,5.913276147005536,0,1,0,0,0,0,0,1,0
6901028063371,202604,白沙(硬新精品二代),三类烟,0,35.28819701621778,5.913276147005536,,100.0,100.0,1.134020618556701,0.2421649484536082,24250.0,318.3636363636364,0.0202622169249106,-99.0,0.0069946364719904,5.0,36.11,0.0,40.90658072440602,0,1,0,0,0,0,0,1,0
6901028063371,202605,白沙(硬新精品二代),三类烟,0,0.2618696308845685,41.20147316322331,96.422182,87.5,100.0,1.134020618556701,0.24217756114839845,41075.0,317.4115210843373,0.2345238095238095,-97.484848,0.00281763621607935,8.0,14.61,0.0,5.913276147005536,0,1,0,0,0,0,0,1,0
6901028063371,202606,白沙(硬新精品二代),三类烟,0,-35.55006664710234,41.46334279410788,98.372781,87.5,100.0,1.134020618556701,0.242145247977354,24250.0,236.07606679035248,0.2345238095238095,-95.422182,0.006299156626506,8.0,32.53,0.0,41.20147316322331,0,1,0,0,0,0,0,1,0
6901028065504,202501,兰州(硬珍品),二类烟,0,-7.017484014877773,23.058853135783938,100.0,87.5,100.0,1.1484823625922886,0.24217756114839845,41075.0,317.4115210843373,0.2345238095238095,-97.484848,0.00281763621607935,8.0,14.61,0.0,41.1974834563511,0,0,1,0,0,0,0,0,1
6901028065504,202502,兰州(硬珍品),二类烟,0,0.0,16.041369120906165,,90.58,100.0,1.1612903225806452,0.2474838709677419,38750.0,6663.75,0.971563981042654,-99.0,7.345971563981042e-05,4.0,0.47,0.0,23.058853135783938,0,0,1,0,0,0,0,0,1
6901028065504,202503,兰州(硬珍品),二类烟,0,-2.839350287036398,16.041369120906165,,78.1,100.0,1.1612903225806452,0.24217756114839845,41075.0,317.4115210843373,0.9657210401891252,-97.484848,0.00281763621607935,8.0,14.61,0.0,16.041369120906165,0,0,1,0,0,0,0,0,1
6901028065504,202504,兰州(硬珍品),二类烟,0,-0.6950210830666492,13.202018833869767,100.0,89.24,99.63,1.1612903225806452,0.24217756114839845,41075.0,317.4115210843373,0.3597633136094674,-97.484848,0.00281763621607935,8.0,14.61,0.0,16.041369120906165,0,0,1,0,0,0,0,0,1
6901028065504,202505,兰州(硬珍品),二类烟,0,3.534371370103047,12.506997750803118,100.0,58.14,97.69,1.1612903225806452,0.2450564516129032,38750.0,9776.624999999998,0.523696682464455,-99.0,0.0001469194312796,8.0,0.47,0.0,13.202018833869767,0,0,1,0,0,0,0,0,1
6901028065504,202506,兰州(硬珍品),二类烟,0,0.0,16.041369120906165,,84.02,97.22,1.1612903225806452,0.2433145161290322,38750.0,10642.875,0.4023809523809524,-99.0,0.000147619047619,8.0,0.48,0.0,12.506997750803118,0,0,1,0,0,0,0,0,1
6901028065504,202507,兰州(硬珍品),二类烟,0,0.0,16.041369120906165,,67.31,95.9,1.1612903225806452,0.24217756114839845,41075.0,317.4115210843373,0.8902147971360382,-97.484848,0.00281763621607935,8.0,14.61,0.0,16.041369120906165,0,0,1,0,0,0,0,0,1
6901028065504,202508,兰州(硬珍品),二类烟,0,27.43235827648098,16.041369120906165,0.0,81.71,98.04,1.1612903225806452,0.24217756114839845,41075.0,317.4115210843373,0.0711743772241993,-97.484848,0.00281763621607935,8.0,14.61,0.0,16.041369120906165,0,0,1,0,0,0,0,0,1
6901028065504,202509,兰州(硬珍品),二类烟,0,0.20007029181989822,43.473727397387144,98.947368,78.69,97.86,1.1612903225806452,0.24217756114839845,41075.0,317.4115210843373,0.2090261282660332,1.0,0.0,8.0,14.61,0.0,16.041369120906165,0,0,1,0,0,0,0,0,1
6901028065504,202510,兰州(硬珍品),二类烟,0,-27.632428568300877,43.67379768920704,100.0,49.84,96.49,1.1612903225806452,0.2421763898421414,38750.0,539.4574468085107,0.5626477541371159,-97.947368,0.0017222222222222,43.0,5.56,0.0,43.473727397387144,0,0,1,0,0,0,0,0,1
6901028065504,202512,兰州(硬珍品),二类烟,0,23.52687024665723,16.041369120906165,,40.95,92.09,1.1612903225806452,0.2421507876969242,38750.0,482.3023255813954,0.3848878394332939,-99.0,0.0015737898465171,27.0,4.6,10.26,43.67379768920704,0,0,1,0,0,0,0,0,1
6901028065504,202601,兰州(硬珍品),二类烟,0,-6.5220336476377625,39.56823936756339,97.560976,24.82,87.67,1.1612903225806452,0.24217756114839845,41075.0,317.4115210843373,0.3384433962264151,-97.484848,0.00281763621607935,8.0,14.61,0.0,16.041369120906165,0,0,1,0,0,0,0,0,1
6901028065504,202602,兰州(硬珍品),二类烟,0,7.657140121946462,33.04620571992563,100.0,37.24,100.0,1.1612903225806452,0.2421306451612903,38750.0,1596.0,0.9857988165680474,-96.560976,0.0007337278106508,1.0,4.73,0.0,39.56823936756339,0,0,1,0,0,0,0,0,1
6901028065504,202603,兰州(硬珍品),二类烟,0,0.4941376144790084,40.70334584187209,100.0,22.17,100.0,1.1612903225806452,0.2421290322580645,38750.0,3368.5,1.0,-99.0,0.0002577197149643,8.0,1.66,0.0,33.04620571992563,0,0,1,0,0,0,0,0,1
6901028065504,202604,兰州(硬珍品),二类烟,0,1.2010089398529544,41.1974834563511,100.0,50.55,95.56,1.1612903225806452,0.2421290322580645,38750.0,1287.3055555555557,0.1048867699642431,-99.0,0.0006650774731823,1.0,2.03,5.88,40.70334584187209,0,0,1,0,0,0,0,0,1
6901028065504,202605,兰州(硬珍品),二类烟,0,-30.38380124590646,42.398492396204055,100.0,36.21,90.91,1.1612903225806452,0.2421290322580645,38750.0,1153.0,0.2427884615384615,-99.0,0.0007451923076923,2.0,2.4,0.0,41.1974834563511,0,0,1,0,0,0,0,0,1
6901028065504,202606,兰州(硬珍品),二类烟,0,0.019306141196304694,12.014691150297592,100.0,16.37,87.63,1.1612903225806452,0.2420332068311195,38750.0,816.1764705882352,1.0,-99.0,0.0012698795180722,7.0,3.01,40.0,42.398492396204055,0,0,1,0,0,0,0,0,1
6901028071475,202501,中南海(5mg),二类烟,0,-35.579336754033754,41.99421725005024,99.126638,87.5,100.0,1.1484823625922886,0.24217756114839845,41075.0,317.4115210843373,0.2345238095238095,-97.484848,0.00281763621607935,8.0,14.61,0.0,41.1974834563511,0,0,1,0,0,0,0,0,1
6901028071475,202502,中南海(5mg),二类烟,1,35.02003911491614,6.4148804960164885,0.0,87.5,100.0,1.1353711790393013,0.2420872208221919,28625.0,59.76211453744494,0.2345238095238095,-98.126638,0.0030795616113744,26.0,26.42,0.0,41.99421725005024,0,0,1,0,0,0,0,0,1
6901028071475,202503,中南海(5mg),二类烟,0,-13.897590499021916,41.434919610932624,98.709677,60.12,100.0,1.1353711790393013,0.24217756114839845,41075.0,317.4115210843373,0.2044917257683215,1.0,0.0,8.0,14.61,0.0,6.4148804960164885,0,0,1,0,0,0,0,0,1
6901028071475,202504,中南海(5mg),二类烟,0,10.50414492352737,27.537329111910708,100.0,66.92,97.73,1.1353711790393013,0.2421131946228273,28625.0,214.59477124183005,0.0769230769230769,-97.709677,0.0020731952662721,1.0,9.11,0.0,41.434919610932624,0,0,1,0,0,0,0,0,1
6901028071475,202505,中南海(5mg),二类烟,1,-2.885594589376886,38.04147403543808,91.891892,87.5,100.0,1.1353711790393013,0.2421288209606987,28625.0,3993.625,0.2345238095238095,-99.0,0.0001085308056872,8.0,0.47,0.0,27.537329111910708,0,0,1,0,0,0,0,0,1
6901028071475,202506,中南海(5mg),二类烟,0,4.335390424431068,35.15587944606119,100.0,87.5,100.0,1.1353711790393013,0.2421268944258926,28625.0,1138.4117647058824,0.2345238095238095,-90.891892,0.0004634523809523,14.0,2.02,0.0,38.04147403543808,0,0,1,0,0,0,0,0,1
6901028071475,202507,中南海(5mg),二类烟,0,-20.81507061765001,39.49126987049226,100.0,75.0,100.0,1.1353711790393013,0.2421206331877729,28625.0,1922.03125,0.0047732696897374,-99.0,0.0004372315035799,3.0,1.91,0.0,35.15587944606119,0,0,1,0,0,0,0,0,1
6901028071475,202508,中南海(5mg),二类烟,0,19.68285017855825,18.67619925284225,10.714286,87.5,100.0,1.1353711790393013,0.2420960698689956,28625.0,741.0175438596491,0.2345238095238095,-99.0,0.0007741992882562,29.0,3.44,0.0,39.49126987049226,0,0,1,0,0,0,0,0,1
6901028071475,202509,中南海(5mg),二类烟,0,1.6936139254827367,38.3590494314005,53.191489,75.0,100.0,1.1353711790393013,0.2421251819505094,28625.0,6401.666666666666,0.004750593824228,-9.714286,8.159144893111639e-05,8.0,0.36,0.0,18.67619925284225,0,0,1,0,0,0,0,0,1
6901028071475,202510,中南海(5mg),二类烟,0,1.8767206747309615,40.05266335688324,100.0,39.47,100.0,1.1353711790393013,0.2421344978165938,28625.0,1052.9199999999998,0.0342789598108747,-52.191489,0.0003383569739952,8.0,1.54,0.0,38.3590494314005,0,0,1,0,0,0,0,0,1
6901028071475,202511,中南海(5mg),二类烟,0,-35.51450353559771,41.9293840316142,99.120879,33.59,95.45,1.1353711790393013,0.2421366913780847,28625.0,592.8372093023256,0.0755608028335301,-99.0,0.0005812868949232,3.0,2.6,0.0,40.05266335688324,0,0,1,0,0,0,0,0,1
6901028071475,202601,中南海(5mg),二类烟,1,23.215619917553234,6.4148804960164885,0.0,16.58,86.62,1.1353711790393013,0.2421318951577765,28625.0,82.22838137472284,0.6277974087161367,-98.120879,0.0060823910482921,175.0,21.79,28.11,41.9293840316142,0,0,1,0,0,0,0,0,1
6901028071475,202602,中南海(5mg),二类烟,0,-20.801061144838435,29.63050041356972,94.117647,87.5,100.0,1.1353711790393013,0.24217756114839845,41075.0,317.4115210843373,0.2345238095238095,1.0,0.0,8.0,14.61,0.0,6.4148804960164885,0,0,1,0,0,0,0,0,1
6901028071475,202603,中南海(5mg),二类烟,0,29.81574193584848,8.829439268731283,100.0,19.12,100.0,1.1353711790393013,0.2421834061135371,28625.0,3430.625,0.4596199524940617,-93.117647,0.0002175771971496,7.0,1.9,0.0,29.63050041356972,0,0,1,0,0,0,0,0,1
6901028071475,202604,中南海(5mg),二类烟,1,2.5489334024307624,38.645181204579764,90.0,33.33,100.0,1.1353711790393013,0.2421397379912663,28625.0,33679.0,0.0035756853396901,-99.0,2.7294398092967818e-05,8.0,0.12,0.0,8.829439268731283,0,0,1,0,0,0,0,0,1
6901028071475,202605,中南海(5mg),二类烟,0,-0.677263925318023,41.194114607010526,98.717949,19.15,80.0,1.1353711790393013,0.242144590004852,28625.0,976.2444444444444,0.0564903846153846,-89.0,0.0006192908653846,7.0,3.0,0.0,38.645181204579764,0,0,1,0,0,0,0,0,1
6901028071475,202606,中南海(5mg),二类烟,1,-19.54078680979055,40.5168506816925,96.551724,8.57,86.67,1.1353711790393013,0.2421442749390347,28625.0,283.4155844155844,0.1963855421686747,-97.717949,0.0021244578313253,43.0,9.52,7.59,41.194114607010526,0,0,1,0,0,0,0,0,1
6901028071536,202501,中南海(5mg细支),二类烟,0,31.73300204066487,11.284434118818366,,87.5,100.0,1.1484823625922886,0.24217756114839845,41075.0,317.4115210843373,0.2345238095238095,-97.484848,0.00281763621607935,8.0,14.61,0.0,41.1974834563511,0,0,1,0,0,0,0,0,1
6901028071536,202502,中南海(5mg细支),二类烟,0,0.20861916066370156,43.01743615948324,97.196262,100.0,100.0,1.1484823625922886,0.24217756114839845,41075.0,317.4115210843373,0.0047393364928909,-97.484848,0.00281763621607935,8.0,14.61,0.0,11.284434118818366,0,0,1,0,0,0,0,0,1
6901028071536,202503,中南海(5mg细支),二类烟,0,-31.941621201328573,43.22605532014694,97.752809,87.5,100.0,1.1484823625922886,0.2419961191392692,30475.0,212.95192307692307,0.2345238095238095,-96.196262,0.0014985342789598,8.0,14.61,0.0,43.01743615948324,0,0,1,0,0,0,0,0,1
6901028071536,202504,中南海(5mg细支),二类烟,0,0.0,11.284434118818366,,100.0,100.0,1.1484823625922886,0.2420817892940322,30475.0,165.54022988505747,0.0047337278106508,-96.752809,0.0012550650887573,44.0,5.21,0.0,43.22605532014694,0,0,1,0,0,0,0,0,1
6901028071536,202505,中南海(5mg细支),二类烟,0,24.153645571404027,11.284434118818366,,87.5,100.0,1.1484823625922886,0.24217756114839845,41075.0,317.4115210843373,0.2345238095238095,-97.484848,0.00281763621607935,8.0,14.61,0.0,11.284434118818366,0,0,1,0,0,0,0,0,1
6901028071536,202506,中南海(5mg细支),二类烟,0,-24.153645571404027,35.438079690222395,100.0,100.0,100.0,1.1484823625922886,0.24217756114839845,41075.0,317.4115210843373,0.0047619047619047,-97.484848,0.00281763621607935,8.0,14.61,0.0,11.284434118818366,0,0,1,0,0,0,0,0,1
6901028071536,202507,中南海(5mg细支),二类烟,0,26.13660963074821,11.284434118818366,,87.5,100.0,1.1484823625922886,0.2420836751435603,30475.0,2282.5,0.2345238095238095,-99.0,8.727923627684964e-05,8.0,0.36,0.0,35.438079690222395,0,0,1,0,0,0,0,0,1
6901028071536,202508,中南海(5mg细支),二类烟,0,5.098358258039113,37.42104374956658,10.714286,87.5,100.0,1.1484823625922886,0.24217756114839845,41075.0,317.4115210843373,0.2345238095238095,-97.484848,0.00281763621607935,8.0,14.61,0.0,11.284434118818366,0,0,1,0,0,0,0,0,1
6901028071536,202509,中南海(5mg细支),二类烟,0,0.6612239625548995,42.51940200760569,57.692308,87.5,100.0,1.1484823625922886,0.2421110199617173,30475.0,1746.4999999999998,0.2345238095238095,-9.714286,8.68646080760095e-05,8.0,0.36,0.0,37.42104374956658,0,0,1,0,0,0,0,0,1
6901028071536,202510,中南海(5mg细支),二类烟,0,0.5999160527990952,43.18062597016059,100.0,87.5,100.0,1.1484823625922886,0.2421192234071643,30475.0,361.6666666666667,0.2345238095238095,-56.692308,0.000432269503546,9.0,1.77,0.0,42.51940200760569,0,0,1,0,0,0,0,0,1
6901028071536,202511,中南海(5mg细支),二类烟,0,-32.49610790414132,43.780542022959686,97.947214,87.5,100.0,1.1484823625922886,0.2421199229257683,30475.0,182.0232558139535,0.2345238095238095,-99.0,0.000618854781582,13.0,2.6,0.0,43.18062597016059,0,0,1,0,0,0,0,0,1
6901028071536,202512,中南海(5mg细支),二类烟,0,32.27103109468953,11.284434118818366,,87.5,100.0,1.1484823625922886,0.2421261660436305,30475.0,16.898203592814372,0.2345238095238095,-96.947214,0.0047955948174322,136.0,16.73,26.76,43.780542022959686,0,0,1,0,0,0,0,0,1
6901028071536,202602,中南海(5mg细支),二类烟,0,-10.505380102669235,43.5554652135079,97.368421,87.5,100.0,1.1484823625922886,0.24217756114839845,41075.0,317.4115210843373,0.2345238095238095,-97.484848,0.00281763621607935,8.0,14.61,0.0,11.284434118818366,0,0,1,0,0,0,0,0,1
6901028071536,202603,中南海(5mg细支),二类烟,0,9.976346404876878,33.050085110838666,100.0,100.0,100.0,1.1484823625922886,0.2421657095980312,30475.0,85.10810810810811,0.002375296912114,-96.368421,0.0010713301662707,39.0,8.79,0.0,43.5554652135079,0,0,1,0,0,0,0,0,1
6901028071536,202604,中南海(5mg细支),二类烟,0,-0.05538398843560799,43.026431515715544,100.0,87.5,100.0,1.1484823625922886,0.2421246923707957,30475.0,2936.0,0.2345238095238095,-99.0,2.905840286054827e-05,8.0,0.12,0.0,33.050085110838666,0,0,1,0,0,0,0,0,1
6901028071536,202605,中南海(5mg细支),二类烟,0,0.14732998275184173,42.971047527279936,100.0,87.5,100.0,1.1484823625922886,0.2421292498404885,30475.0,224.94444444444449,0.2345238095238095,-99.0,0.0002637259615384,1.0,1.2,0.0,43.026431515715544,0,0,1,0,0,0,0,0,1
6901028071536,202606,中南海(5mg细支),二类烟,1,-2.2729164046621406,43.11837751003178,91.891892,87.5,100.0,1.1484823625922886,0.2421274268526114,30475.0,239.8,0.2345238095238095,-99.0,0.0004406024096385,4.0,1.81,6.67,42.971047527279936,0,0,1,0,0,0,0,0,1
6901028075015,202501,中华(硬),一类烟,0,-0.736538352945928,74.0987385325286,97.002398,87.5,100.0,1.1484823625922886,0.24217756114839845,41075.0,317.4115210843373,0.2345238095238095,-97.484848,0.00281763621607935,8.0,14.61,0.0,41.1974834563511,1,0,0,0,0,0,0,0,1
6901028075015,202502,中华(硬),一类烟,1,-0.49236637650666637,73.36220017958267,90.425532,151.13,100.0,1.1792452830188678,0.3089095131292871,95400.0,56.724969097651424,0.3815165876777251,-96.002398,0.0731550710900473,146.0,69.31,77.44,74.0987385325286,1,0,0,0,0,0,0,0,1
6901028075015,202503,中华(硬),一类烟,0,-50.159910138953975,72.869833803076,92.366412,98.48,100.0,1.1792452830188678,0.3088784067085954,95400.0,253.5411764705882,0.1004728132387706,-89.425532,0.0076680851063829,8.0,14.61,0.0,73.36220017958267,1,0,0,0,0,0,0,0,1
6901028075015,202504,中华(硬),一类烟,1,48.996823625782724,22.70992366412203,0.0,97.65,100.0,1.1792452830188678,0.3089096366755029,95400.0,390.75206611570246,0.1005917159763313,-91.366412,0.0054643313609467,8.0,7.22,0.0,72.869833803076,1,0,0,0,0,0,0,0,1
6901028075015,202505,中华(硬),一类烟,0,-1.0497426817722868,71.70674728990475,91.954023,87.5,100.0,1.1792452830188678,0.24217756114839845,41075.0,317.4115210843373,0.2345238095238095,1.0,0.0,8.0,14.61,0.0,22.70992366412203,1,0,0,0,0,0,0,0,1
6901028075015,202506,中华(硬),一类烟,0,-28.975709161709837,70.65700460813247,95.454545,87.5,100.0,1.1792452830188678,0.3089098532494759,95400.0,706.9,0.2345238095238095,-90.954023,0.0036342857142857,8.0,4.76,0.0,71.70674728990475,1,0,0,0,0,0,0,0,1
6901028075015,202507,中华(硬),一类烟,1,29.950653474123207,41.68129544642263,80.0,100.0,100.0,1.1792452830188678,0.308886767495258,95400.0,989.7142857142856,0.0047732696897374,-94.454545,0.005737661097852,8.0,4.77,47.5,70.65700460813247,1,0,0,0,0,0,0,0,1
6901028075015,202508,中华(硬),一类烟,0,-2.7017578131116124,71.63194892054584,67.045455,100.0,100.0,1.1792452830188678,0.3086412473794549,95400.0,8838.625,0.0047449584816132,-79.0,0.0003621352313167,8.0,0.47,0.0,41.68129544642263,1,0,0,0,0,0,0,0,1
6901028075015,202509,中华(硬),一类烟,0,-28.029530119238444,68.93019110743423,97.297297,87.5,100.0,1.1792452830188678,0.3088974167643818,95400.0,725.8813559322034,0.2345238095238095,-66.045455,0.0053478384798099,8.0,5.34,31.11,71.63194892054584,1,0,0,0,0,0,0,0,1
6901028075015,202510,中华(硬),一类烟,1,31.877965258133997,40.90066098819578,80.0,87.5,100.0,1.1792452830188678,0.3089040298159795,95400.0,1460.9305555555557,0.2345238095238095,-96.297297,0.003247659574468,12.0,4.26,0.0,68.93019110743423,1,0,0,0,0,0,0,0,1
6901028075015,202511,中华(硬),一类烟,0,-5.432650012156856,72.77862624632978,98.930481,100.0,100.0,1.1792452830188678,0.3089065775681341,95400.0,11601.125,0.0047225501770956,-79.0,0.0003604250295159,8.0,0.47,0.0,40.90066098819578,1,0,0,0,0,0,0,0,1
6901028075015,202512,中华(硬),一类烟,0,6.716295165177485,67.34597623417292,98.717949,100.0,100.0,1.1792452830188678,0.3089095227302775,95400.0,415.5297297297297,0.0424028268551236,-97.930481,0.0249455830388692,209.0,32.98,0.0,72.77862624632978,1,0,0,0,0,0,0,0,1
6901028075015,202601,中华(硬),一类烟,0,-0.2279385726372709,74.06227139935041,99.22305,60.95,100.0,1.1792452830188678,0.3089096830842113,95400.0,1892.12987012987,0.0625,-97.717949,0.00693,6.0,9.08,0.0,67.34597623417292,1,0,0,0,0,0,0,0,1
6901028075015,202602,中华(硬),一类烟,0,-1.0536866330866417,73.83433282671314,97.788462,92.53,100.0,1.1792452830188678,0.3089094428541626,95400.0,66.62903752039152,0.6260355029585799,-98.22305,0.138414674556213,418.0,82.84,82.14,74.06227139935041,1,0,0,0,0,0,0,0,1
6901028075015,202603,中华(硬),一类烟,0,0.5532671027516898,72.7806461936265,98.961938,54.53,99.01,1.1792452830188678,0.3089095955754273,95400.0,128.59882005899706,0.5344418052256532,-96.788462,0.0460911163895486,5.0,58.31,30.14,73.83433282671314,1,0,0,0,0,0,0,0,1
6901028075015,202604,中华(硬),一类烟,0,0.3142638737733279,73.33391329637819,99.66443,94.78,98.15,1.1792452830188678,0.308909120229875,95400.0,414.9370629370629,0.0655542312276519,-97.961938,0.0130080572109654,8.0,12.16,8.82,72.7806461936265,1,0,0,0,0,0,0,0,1
6901028075015,202605,中华(硬),一类烟,0,-0.29328993354722854,73.64817717015151,99.550562,63.14,96.0,1.1792452830188678,0.3089098532494759,95400.0,264.63973063973066,0.4651442307692308,-98.66443,0.0272440384615384,2.0,36.42,0.0,73.33391329637819,1,0,0,0,0,0,0,0,1
6901028075015,202606,中华(硬),一类烟,0,-1.8135060415693687,73.35488723660428,99.175824,43.96,93.77,1.1792452830188678,0.3089098532494759,95400.0,179.2234762979684,0.7108433734939759,-98.550562,0.0407346506024096,26.0,43.25,26.18,73.64817717015151,1,0,0,0,0,0,0,0,1
6901028075022,202501,中华(软),一类烟,0,-0.2537858199641221,76.69728476403014,96.158463,87.5,100.0,1.1484823625922886,0.24217756114839845,41075.0,317.4115210843373,0.2345238095238095,-97.484848,0.00281763621607935,8.0,14.61,0.0,41.1974834563511,1,0,0,0,0,0,0,0,1
6901028075022,202502,中华(软),一类烟,1,0.16203542807234328,76.44349894406602,93.75,100.0,100.0,1.2006861063464838,0.30889923187782,145750.0,70.79275905118601,0.0047393364928909,-95.158463,0.0553297393364928,244.0,57.7,32.65,76.69728476403014,1,0,0,0,0,0,0,0,1
6901028075022,202503,中华(软),一类烟,0,-45.932390721895516,76.60553437213837,94.318182,87.5,100.0,1.2006861063464838,0.3089002067115274,145750.0,139.87692307692308,0.2345238095238095,-92.75,0.0134379432624113,8.0,14.61,0.0,76.44349894406602,1,0,0,0,0,0,0,0,1
6901028075022,202504,中华(软),一类烟,1,0.0,30.67314365024285,0.0,87.5,100.0,1.2006861063464838,0.3089001632602451,145750.0,95.8313253012048,0.2345238095238095,-93.318182,0.0114530177514792,8.0,9.82,0.0,76.60553437213837,1,0,0,0,0,0,0,0,1
6901028075022,202505,中华(软),一类烟,0,12.880189286604349,30.67314365024285,0.0,87.5,100.0,1.2006861063464838,0.24217756114839845,41075.0,317.4115210843373,0.2345238095238095,1.0,0.0,8.0,14.61,0.0,30.67314365024285,1,0,0,0,0,0,0,0,1
6901028075022,202506,中华(软),一类烟,0,12.086098025734515,43.5533329368472,80.0,87.5,100.0,1.2006861063464838,0.24217756114839845,41075.0,317.4115210843373,0.2345238095238095,1.0,0.0,8.0,14.61,0.0,30.67314365024285,1,0,0,0,0,0,0,0,1
6901028075022,202507,中华(软),一类烟,0,-24.966287312338864,55.63943096258171,80.0,87.5,100.0,1.2006861063464838,0.3089022298456261,145750.0,10994.249999999998,0.2345238095238095,-79.0,0.0005565632458233,8.0,0.48,0.0,43.5533329368472,1,0,0,0,0,0,0,0,1
6901028075022,202508,中华(软),一类烟,1,0.0,30.67314365024285,0.0,87.5,100.0,1.2006861063464838,0.3088529159519726,145750.0,5789.25,0.2345238095238095,-79.0,0.0005532621589561,8.0,0.47,0.0,55.63943096258171,1,0,0,0,0,0,0,0,1
6901028075022,202509,中华(软),一类烟,0,21.13301604551952,30.67314365024285,0.0,87.5,100.0,1.2006861063464838,0.24217756114839845,41075.0,317.4115210843373,0.2345238095238095,1.0,0.0,8.0,14.61,0.0,30.67314365024285,1,0,0,0,0,0,0,0,1
6901028075022,202510,中华(软),一类烟,0,18.073635379662726,51.80615969576237,80.0,87.5,100.0,1.2006861063464838,0.24217756114839845,41075.0,317.4115210843373,0.2345238095238095,1.0,0.0,8.0,14.61,0.0,30.67314365024285,1,0,0,0,0,0,0,0,1
6901028075022,202511,中华(软),一类烟,0,-2.2515510358710316,69.8797950754251,93.506494,87.5,100.0,1.2006861063464838,0.3088529159519726,145750.0,6831.125,0.2345238095238095,-79.0,0.0005506493506493,8.0,0.47,0.0,51.80615969576237,1,0,0,0,0,0,0,0,1
6901028075022,202512,中华(软),一类烟,0,8.862643282561308,67.62824403955406,96.969697,100.0,100.0,1.2006861063464838,0.3088800743281875,145750.0,1921.6944444444448,0.0047114252061248,-92.506494,0.0049441696113074,32.0,4.24,0.0,69.8797950754251,1,0,0,0,0,0,0,0,1
6901028075022,202601,中华(软),一类烟,0,0.0586418434762237,76.49088732211537,97.131931,0.0,100.0,1.2006861063464838,0.3088813250428817,145750.0,2533.796875,0.0047169811320754,-95.969697,0.0043999999999999,32.0,3.77,0.0,67.62824403955406,1,0,0,0,0,0,0,0,1
6901028075022,202602,中华(软),一类烟,1,-1.7501696189876697,76.5495291655916,92.758621,87.5,100.0,1.2006861063464838,0.3088811942032117,145750.0,124.93503937007874,0.2345238095238095,-96.131931,0.0700979881656804,403.0,55.5,12.37,76.49088732211537,1,0,0,0,0,0,0,0,1
6901028075022,202603,中华(软),一类烟,0,1.6818090817981783,74.79935954660392,96.946565,87.5,100.0,1.2006861063464838,0.3088811025312393,145750.0,108.98636926889714,0.2345238095238095,-91.758621,0.0558766033254156,17.0,48.1,0.0,76.5495291655916,1,0,0,0,0,0,0,0,1
6901028075022,202604,中华(软),一类烟,0,0.08304158631395353,76.4811686284021,98.989899,87.5,100.0,1.2006861063464838,0.3088811604381356,145750.0,584.6850393700787,0.2345238095238095,-95.946565,0.0088249106078665,7.0,6.44,7.41,74.79935954660392,1,0,0,0,0,0,0,0,1
6901028075022,202605,中华(软),一类烟,0,-0.023676789409407206,76.56421021471606,99.548872,87.5,100.0,1.2006861063464838,0.3088717751251443,145750.0,126.55510204081634,0.2345238095238095,-97.989899,0.0343353365384615,12.0,30.05,0.0,76.4811686284021,1,0,0,0,0,0,0,0,1
6901028075022,202606,中华(软),一类烟,0,-45.8673897750638,76.54053342530665,97.814208,87.5,100.0,1.2006861063464838,0.3088896633207754,145750.0,105.92447129909364,0.2345238095238095,-98.548872,0.0464995180722891,45.0,30.96,33.07,76.56421021471606,1,0,0,0,0,0,0,0,1
6901028075053,202501,牡丹(软),二类烟,0,0.3159383598845906,42.98263342877771,95.747126,87.5,100.0,1.1484823625922886,0.24217756114839845,41075.0,317.4115210843373,0.2345238095238095,-97.484848,0.00281763621607935,8.0,14.61,0.0,41.1974834563511,0,0,1,0,0,0,0,0,1
6901028075053,202502,牡丹(软),二类烟,0,0.0640829163605261,43.2985717886623,96.109637,100.0,100.0,1.1484823625922886,0.2422488273406162,30475.0,249.81632653061223,0.0047393364928909,-94.747126,0.012031125592417,28.0,98.7,0.0,42.98263342877771,0,0,1,0,0,0,0,0,1
6901028075053,202503,牡丹(软),二类烟,0,-0.44359073460746856,43.36265470502283,98.058252,94.12,100.0,1.1484823625922886,0.2422044250305459,30475.0,159.12971481140755,0.1004728132387706,-95.109637,0.0156625650118203,8.0,14.61,0.0,43.2985717886623,0,0,1,0,0,0,0,0,1
6901028075053,202504,牡丹(软),二类烟,0,-0.24343202478977588,42.91906397041536,99.371069,100.0,100.0,1.1484823625922886,0.2421271290377602,30475.0,133.32970297029703,0.0236686390532544,-97.058252,0.0145702958579881,1.0,59.88,0.79,43.36265470502283,0,0,1,0,0,0,0,0,1
6901028075053,202505,牡丹(软),二类烟,0,0.47702156027018106,42.67563194562558,98.662207,100.0,100.0,1.1484823625922886,0.2421256009802598,30475.0,253.73101265822783,0.0236966824644549,-98.371069,0.0091280568720379,3.0,37.44,0.0,42.91906397041536,0,0,1,0,0,0,0,0,1
6901028075053,202506,牡丹(软),二类烟,0,0.24387683789524317,43.15265350589576,99.45593,87.5,100.0,1.1484823625922886,0.242124831412244,30475.0,319.81186440677965,0.2345238095238095,-97.662207,0.0085620238095238,8.0,35.12,0.0,42.67563194562558,0,0,1,0,0,0,0,0,1
6901028075053,202507,牡丹(软),二类烟,0,-12.318350803782817,43.39653034379101,98.113208,87.5,100.0,1.1484823625922886,0.2421056646855136,30475.0,188.0798687089716,0.2345238095238095,-98.45593,0.0265910739856801,3.0,91.89,18.96,43.15265350589576,0,0,1,0,0,0,0,0,1
6901028075053,202508,牡丹(软),二类烟,0,12.275570805460251,31.07817954000819,50.0,87.5,100.0,1.1484823625922886,0.2420707915273132,30475.0,118.0128205128205,0.2345238095238095,-97.113208,0.0135348042704626,6.0,55.63,0.0,43.39653034379101,0,0,1,0,0,0,0,0,1
6901028075053,202509,牡丹(软),二类烟,0,-0.8756596412533995,43.35375034546844,99.240122,87.5,100.0,1.1484823625922886,0.2421192234071643,30475.0,3471.366666666667,0.2345238095238095,-49.0,0.00086864608076,8.0,1.78,0.0,31.07817954000819,0,0,1,0,0,0,0,0,1
6901028075053,202510,牡丹(软),二类烟,0,-16.41104835328198,42.47809070421504,97.818182,87.5,100.0,1.1484823625922886,0.2421187879001064,30475.0,134.84532924961715,0.2345238095238095,-98.240122,0.0188181323877068,8.0,54.73,41.25,43.35375034546844,0,0,1,0,0,0,0,0,1
6901028075053,202511,牡丹(软),二类烟,1,13.472661222777777,26.06704235093306,84.375,83.72,94.59,1.1484823625922886,0.2421240824492011,30475.0,373.42193308550185,0.050767414403778,-96.818182,0.007742880755608,8.0,31.76,0.0,42.47809070421504,0,0,1,0,0,0,0,0,1
6901028075053,202512,牡丹(软),二类烟,0,3.0651069546577787,39.53970357371084,95.505618,54.2,91.89,1.1484823625922886,0.2418861847902045,30475.0,4808.11111111111,0.1542991755005889,-83.375,0.0007753356890459,8.0,2.47,28.57,26.06704235093306,0,0,1,0,0,0,0,0,1
6901028075053,202601,牡丹(软),二类烟,0,0.6683102006263368,42.60481052836862,98.034935,87.5,100.0,1.1484823625922886,0.2421155238141195,30475.0,1171.141176470588,0.2345238095238095,-94.505618,0.0012218749999999,8.0,5.07,0.0,39.53970357371084,0,0,1,0,0,0,0,0,1
6901028075053,202602,牡丹(软),二类烟,0,-0.3660137135139152,43.273120728994954,98.762887,87.5,100.0,1.1484823625922886,0.2421618727972652,30475.0,343.0779510022272,0.2345238095238095,-97.034935,0.0064772899408284,8.0,50.65,0.0,42.60481052836862,0,0,1,0,0,0,0,0,1
6901028075053,202603,牡丹(软),二类烟,0,-2.863424024737469,42.90710701548104,99.733333,50.0,100.0,1.1484823625922886,0.2421517517524375,30475.0,160.33507306889354,0.002375296912114,-97.762887,0.0138693824228028,8.0,50.83,59.11,43.273120728994954,0,0,1,0,0,0,0,0,1
6901028075053,202604,牡丹(软),二类烟,0,3.5295051738005654,40.04368299074357,98.611111,100.0,100.0,1.1484823625922886,0.2421246923707957,30475.0,256.88235294117646,0.0047675804529201,-98.733333,0.010867842669845,8.0,30.04,34.52,42.90710701548104,0,0,1,0,0,0,0,0,1
6901028075053,202605,牡丹(软),二类烟,0,-0.6851825605319561,43.573188164544135,99.244468,100.0,100.0,1.1484823625922886,0.2421246923707957,30475.0,1035.1549295774648,0.0024038461538461,-97.611111,0.0020805048076923,2.0,8.29,0.0,40.04368299074357,0,0,1,0,0,0,0,0,1
6901028075053,202606,牡丹(软),二类烟,0,0.7418831686781431,42.88800560401218,98.960653,100.0,100.0,1.1484823625922886,0.2421146332248016,30475.0,74.75203915171288,0.0120481927710843,-98.244468,0.0270089277108433,195.0,71.2,43.32,43.573188164544135,0,0,1,0,0,0,0,0,1
6901028077910,202501,钻石(软荷花),一类烟,0,-1.2996256326589162,74.07844256434113,98.322851,87.5,100.0,1.1484823625922886,0.24217756114839845,41075.0,317.4115210843373,0.2345238095238095,-97.484848,0.00281763621607935,8.0,14.61,0.0,41.1974834563511,1,0,0,0,0,0,0,0,1
6901028077910,202502,钻石(软荷花),一类烟,1,0.676071239700704,72.77881693168221,92.424242,109.85,100.0,1.179245283018868,0.3089009760831959,84800.0,61.31556503198295,0.9644549763033176,-97.322851,0.0188489099526066,60.0,40.88,35.94,74.07844256434113,1,0,0,0,0,0,0,0,1
6901028077910,202503,钻石(软荷花),一类烟,0,-0.9578809111615243,73.45488817138292,93.023256,98.45,100.0,1.179245283018868,0.3089033018867925,84800.0,414.8032786885246,0.6040189125295509,-91.424242,0.002445768321513,8.0,14.61,0.0,72.77881693168221,1,0,0,0,0,0,0,0,1
6901028077910,202504,钻石(软荷花),一类烟,0,-0.6775342825397814,72.4970072602214,97.560976,97.92,99.45,1.179245283018868,0.3088885613207547,84800.0,229.45,0.4378698224852071,-92.023256,0.0048170414201183,8.0,7.1,0.0,73.45488817138292,1,0,0,0,0,0,0,0,1
6901028077910,202505,钻石(软荷花),一类烟,1,-30.926000356610977,71.81947297768161,89.361702,91.02,98.37,1.179245283018868,0.3088885613207547,84800.0,489.8,0.4751184834123222,-96.560976,0.0032151658767772,8.0,4.74,0.0,72.4970072602214,1,0,0,0,0,0,0,0,1
6901028077910,202506,钻石(软荷花),一类烟,0,32.285751147513075,40.893472621070636,100.0,100.0,100.0,1.179245283018868,0.3088885613207547,84800.0,673.952380952381,0.0226190476190476,-88.361702,0.0016959999999999,8.0,2.5,0.0,71.81947297768161,1,0,0,0,0,0,0,0,1
6901028077910,202507,钻石(软荷花),一类烟,0,-50.469300104461595,73.17922376858371,98.630137,100.0,100.0,1.179245283018868,0.3088885613207547,84800.0,12585.75,0.0047732696897374,-99.0,0.0001619093078758,8.0,0.24,0.0,40.893472621070636,1,0,0,0,0,0,0,0,1
6901028077910,202508,钻石(软荷花),一类烟,1,35.93107652562481,22.709923664122115,0.0,100.0,100.0,1.179245283018868,0.3088885613207547,84800.0,304.375,0.0474495848161328,-97.630137,0.0028970818505338,8.0,4.27,0.0,73.17922376858371,1,0,0,0,0,0,0,0,1
6901028077910,202509,钻石(软荷花),一类烟,0,-35.93107652562481,58.641000189746926,100.0,99.29,100.0,1.179245283018868,0.24217756114839845,41075.0,317.4115210843373,0.167458432304038,1.0,0.0,8.0,14.61,0.0,22.709923664122115,1,0,0,0,0,0,0,0,1
6901028077910,202510,钻石(软荷花),一类烟,0,0.0,22.709923664122115,,97.24,99.19,1.179245283018868,0.3088885613207547,84800.0,4255.833333333333,0.2635933806146572,-99.0,0.0002405673758865,8.0,0.35,0.0,58.641000189746926,1,0,0,0,0,0,0,0,1
6901028077910,202511,钻石(软荷花),一类烟,0,0.0,22.709923664122115,,94.3,99.61,1.179245283018868,0.24217756114839845,41075.0,317.4115210843373,0.3211334120425029,-97.484848,0.00281763621607935,8.0,14.61,0.0,22.709923664122115,1,0,0,0,0,0,0,0,1
6901028077910,202601,钻石(软荷花),一类烟,0,-1.8526567162105323,73.22196004447127,97.478992,40.56,100.0,1.179245283018868,0.24217756114839845,41075.0,317.4115210843373,0.4150943396226415,-97.484848,0.00281763621607935,8.0,14.61,0.0,22.709923664122115,1,0,0,0,0,0,0,0,1
6901028077910,202602,钻石(软荷花),一类烟,0,-8.17283467361463,71.36930332826074,100.0,97.59,100.0,1.179245283018868,0.3088961857514639,84800.0,293.5862068965517,0.7017751479289941,-96.478992,0.004656473372781,11.0,5.56,95.74,73.22196004447127,1,0,0,0,0,0,0,0,1
6901028077910,202603,钻石(软荷花),一类烟,0,10.216695838948496,63.19646865464611,100.0,98.44,99.76,1.179245283018868,0.3088974056603773,84800.0,797.2666666666667,0.5118764845605701,-99.0,0.0006042755344418,8.0,1.78,0.0,71.36930332826074,1,0,0,0,0,0,0,0,1
6901028077910,202604,钻石(软荷花),一类烟,0,-4.501664732088855,73.4131644935946,100.0,92.54,98.9,1.179245283018868,0.3088885613207547,84800.0,3017.666666666667,0.5852205005959475,-99.0,0.0002425744934445,2.0,0.36,0.0,63.19646865464611,1,0,0,0,0,0,0,0,1
6901028077910,202605,钻石(软荷花),一类烟,0,-10.945884227654986,68.91149976150575,100.0,88.53,98.85,1.179245283018868,0.3088878593890387,84800.0,240.7142857142857,0.5913461538461539,-99.0,0.0017123076923076,2.0,2.52,0.0,73.4131644935946,1,0,0,0,0,0,0,0,1
6901028077910,202606,钻石(软荷花),一类烟,0,16.003694814657365,57.965615533850766,100.0,88.39,98.39,1.179245283018868,0.3088885613207547,84800.0,1464.3333333333333,0.5891566265060241,-99.0,0.0004904096385542,8.0,0.72,0.0,68.91149976150575,1,0,0,0,0,0,0,0,1
6901028079990,202501,钻石(荷花),一类烟,0,-1.1122517412948696,71.98203211285099,97.935435,87.5,100.0,1.1484823625922886,0.24217756114839845,41075.0,317.4115210843373,0.2345238095238095,-97.484848,0.00281763621607935,8.0,14.61,0.0,41.1974834563511,1,0,0,0,0,0,0,0,1
6901028079990,202502,钻石(荷花),一类烟,0,0.5128066300912764,70.86978037155612,96.954315,97.99,100.0,1.161103047895501,0.3088917256944116,68900.0,19.64430816404753,1.0,-96.935435,0.0851943601895734,31.0,93.36,61.17,71.98203211285099,1,0,0,0,0,0,0,0,1
6901028079990,202503,钻石(荷花),一类烟,0,-0.17356541137786508,71.3825870016474,98.305085,96.09,100.0,1.161103047895501,0.308875447381819,68900.0,320.1867364746946,0.6560283687943262,-95.954315,0.018666524822695,8.0,14.61,0.0,70.86978037155612,1,0,0,0,0,0,0,0,1
6901028079990,202504,钻石(荷花),一类烟,0,-9.13984305755298,71.20902159026953,97.463284,95.91,99.76,1.161103047895501,0.3089077893229337,68900.0,184.31432360742707,1.0,-97.305085,0.024592,8.0,42.96,4.13,71.3825870016474,1,0,0,0,0,0,0,0,1
6901028079990,202505,钻石(荷花),一类烟,1,-23.41767058556009,62.06917853271655,84.444444,95.44,99.63,1.161103047895501,0.308907688331312,68900.0,231.47808219178089,1.0,-96.463284,0.0238374407582938,13.0,43.6,0.0,71.20902159026953,1,0,0,0,0,0,0,0,1
6901028079990,202506,钻石(荷花),一类烟,1,31.24937017277655,38.65150794715646,80.0,94.63,99.62,1.161103047895501,0.3089078374455733,68900.0,2715.684210526316,1.0,-83.444444,0.0012467619047619,8.0,2.26,0.0,62.06917853271655,1,0,0,0,0,0,0,0,1
6901028079990,202507,钻石(荷花),一类烟,0,1.4345018403850958,69.90087811993301,95.867769,87.5,100.0,1.161103047895501,0.3088987663280116,68900.0,15610.0,0.2345238095238095,-79.0,0.0002631026252983,8.0,0.48,0.0,38.65150794715646,1,0,0,0,0,0,0,0,1
6901028079990,202508,钻石(荷花),一类烟,0,0.07357775515865228,71.33537996031811,83.58209,94.32,99.77,1.161103047895501,0.3088799984985736,68900.0,584.0258620689655,0.561091340450771,-94.867769,0.0037923606168446,8.0,4.74,0.0,69.90087811993301,1,0,0,0,0,0,0,0,1
6901028079990,202509,钻石(荷花),一类烟,0,0.28783589361700024,71.40895771547676,98.8,98.49,100.0,1.161103047895501,0.3089060232220609,68900.0,196.9535714285714,0.7589073634204275,-82.58209,0.0091648456057007,1.0,16.63,0.0,71.33537996031811,1,0,0,0,0,0,0,0,1
6901028079990,202512,钻石(荷花),一类烟,0,2.4814898480122594,69.13664954986706,99.145299,87.5,100.0,1.161103047895501,0.24217756114839845,41075.0,317.4115210843373,0.2345238095238095,1.0,0.0,8.0,14.61,0.0,15.971814445096905,1,0,0,0,0,0,0,0,1
6901028079990,202601,钻石(荷花),一类烟,0,0.2994302992162261,71.61813939787932,98.396018,45.57,100.0,1.161103047895501,0.3087551924328112,68900.0,778.2068965517242,0.6391509433962265,-98.145299,0.00754,5.0,17.57,0.0,69.13664954986706,1,0,0,0,0,0,0,0,1
6901028079990,202602,钻石(荷花),一类烟,0,-0.10459385889571138,71.91756969709554,99.344692,87.5,100.0,1.161103047895501,0.3088831480969315,68900.0,117.619449128724,0.2345238095238095,-97.396018,0.0580227692307692,194.0,68.52,68.05,71.61813939787932,1,0,0,0,0,0,0,0,1
6901028079990,202603,钻石(荷花),一类烟,0,-0.10732885487297494,71.81297583819983,99.622285,87.5,100.0,1.161103047895501,0.3088898866852269,68900.0,36.96569920844327,0.2345238095238095,-98.344692,0.0248105463182897,9.0,50.24,0.0,71.91756969709554,1,0,0,0,0,0,0,0,1
6901028079990,202604,钻石(荷花),一类烟,0,0.20036652033564906,71.70564698332686,99.784483,87.5,100.0,1.161103047895501,0.3089075794991023,68900.0,67.31279620853081,0.2345238095238095,-98.622285,0.0346553039332538,29.0,54.35,14.91,71.81297583819983,1,0,0,0,0,0,0,0,1
6901028079990,202605,钻石(荷花),一类烟,0,-0.10466231595628983,71.9060135036625,99.56427,87.5,100.0,1.161103047895501,0.3088961605858178,68900.0,95.2462203023758,0.2345238095238095,-98.784483,0.03067375,46.0,52.4,0.0,71.70564698332686,1,0,0,0,0,0,0,0,1
6901028079990,202606,钻石(荷花),一类烟,0,-0.12982098610564208,71.80135118770622,98.816156,89.29,100.0,1.161103047895501,0.3088906082769878,68900.0,40.18490153172866,0.0337349397590361,-98.56427,0.0303492048192771,8.0,52.29,6.22,71.9060135036625,1,0,0,0,0,0,0,0,1
6901028080224,202501,钻石(硬特醇),四类烟,0,-1.05502187840127,33.50390993197554,96.61215,87.5,100.0,1.1484823625922886,0.24217756114839845,41075.0,317.4115210843373,0.2345238095238095,-97.484848,0.00281763621607935,8.0,14.61,0.0,41.1974834563511,0,0,0,0,1,0,1,0,0
6901028080224,202502,钻石(硬特醇),四类烟,0,1.3509616457883524,32.44888805357427,97.926635,95.83,100.0,1.1235955056179776,0.2170786516853932,11125.0,158.22611850060463,0.0805687203791469,-95.61215,0.0043603672985781,8.0,97.99,0.0,33.50390993197554,0,0,0,0,1,0,1,0,0
6901028080224,202503,钻石(硬特醇),四类烟,0,-0.3036880742372077,33.799849699362625,99.489633,100.0,100.0,1.1235955056179776,0.2170786516853932,11125.0,444.9788273615635,0.0472813238770685,-96.926635,0.0032296690307328,8.0,14.61,0.0,32.44888805357427,0,0,0,0,1,0,1,0,0
6901028080224,202504,钻石(硬特醇),四类烟,0,0.38173919181792826,33.49616162512542,99.383097,48.78,100.0,1.1235955056179776,0.2170786516853932,11125.0,77.7903174094261,0.0568047337278106,-98.489633,0.0164255029585798,3.0,97.87,48.61,33.799849699362625,0,0,0,0,1,0,1,0,0
6901028080224,202505,钻石(硬特醇),四类烟,0,-31.836559363988552,33.877900816943345,99.120938,87.5,100.0,1.1235955056179776,0.2170786516853932,11125.0,160.33209186840472,0.2345238095238095,-98.383097,0.0084940165876777,2.0,95.62,0.0,33.49616162512542,0,0,0,0,1,0,1,0,0
6901028080224,202506,钻石(硬特醇),四类烟,1,31.491323363173525,2.0413414529547915,0.0,100.0,100.0,1.1235955056179776,0.2170786516853932,11125.0,56.57618919645257,0.0047619047619047,-98.120938,0.0197124404761904,1.0,95.0,34.34,33.877900816943345,0,0,0,0,1,0,1,0,0
6901028080224,202507,钻石(硬特醇),四类烟,0,0.13572656985933662,33.53266481612832,99.731183,87.5,100.0,1.1235955056179776,0.24217756114839845,41075.0,317.4115210843373,0.2345238095238095,1.0,0.0,8.0,14.61,0.0,2.0413414529547915,0,0,0,0,1,0,1,0,0
6901028080224,202508,钻石(硬特醇),四类烟,0,0.11738470999652861,33.668391385987654,96.373694,87.5,100.0,1.1235955056179776,0.2169536731376884,11125.0,150.41060197663973,0.2345238095238095,-98.731183,0.0058752669039145,7.0,52.67,0.0,33.53266481612832,0,0,0,0,1,0,1,0,0
6901028080224,202509,钻石(硬特醇),四类烟,0,-0.2103017760398629,33.78577609598418,99.300699,87.5,100.0,1.1235955056179776,0.2169923756019261,11125.0,113.5204081632653,0.2345238095238095,-95.373694,0.0082869358669833,1.0,74.58,0.0,33.668391385987654,0,0,0,0,1,0,1,0,0
6901028080224,202510,钻石(硬特醇),四类烟,0,-31.534132866989527,33.57547431994432,99.5149,87.5,100.0,1.1235955056179776,0.2170758031334071,11125.0,81.61549295774648,0.2345238095238095,-98.300699,0.0112039007092198,2.0,74.35,0.48,33.78577609598418,0,0,0,0,1,0,1,0,0
6901028080224,202511,钻石(硬特醇),四类烟,1,27.911433756940855,2.0413414529547915,0.0,87.5,100.0,1.1235955056179776,0.2170777127476448,11125.0,138.775069637883,0.2345238095238095,-98.5149,0.0075445100354191,7.0,42.62,0.0,33.57547431994432,0,0,0,0,1,0,1,0,0
6901028080224,202512,钻石(硬特醇),四类烟,0,-27.911433756940855,29.95277520989565,96.862745,87.5,100.0,1.1235955056179776,0.24217756114839845,41075.0,317.4115210843373,0.2345238095238095,1.0,0.0,8.0,14.61,0.0,2.0413414529547915,0,0,0,0,1,0,1,0,0
6901028080224,202601,钻石(硬特醇),四类烟,1,0.0,2.0413414529547915,0.0,87.5,100.0,1.1235955056179776,0.2169913114679525,11125.0,1123.4170040485828,0.2345238095238095,-95.862745,0.0012961674528301,1.0,29.13,0.0,29.95277520989565,0,0,0,0,1,0,1,0,0
6901028080224,202602,钻石(硬特醇),四类烟,0,0.0,2.0413414529547915,,100.0,100.0,1.1235955056179776,0.24217756114839845,41075.0,317.4115210843373,0.0177514792899408,1.0,0.0,8.0,14.61,0.0,2.0413414529547915,0,0,0,0,1,0,1,0,0
6901028080224,202603,钻石(硬特醇),四类烟,0,0.0,2.0413414529547915,,87.5,100.0,1.1235955056179776,0.24217756114839845,41075.0,317.4115210843373,0.2345238095238095,-97.484848,0.00281763621607935,8.0,14.61,0.0,2.0413414529547915,0,0,0,0,1,0,1,0,0
6901028080224,202604,钻石(硬特醇),四类烟,0,0.0,2.0413414529547915,,87.5,100.0,1.1235955056179776,0.24217756114839845,41075.0,317.4115210843373,0.2345238095238095,-97.484848,0.00281763621607935,8.0,14.61,0.0,2.0413414529547915,0,0,0,0,1,0,1,0,0
6901028080224,202605,钻石(硬特醇),四类烟,0,0.0,2.0413414529547915,,87.5,100.0,1.1235955056179776,0.24217756114839845,41075.0,317.4115210843373,0.2345238095238095,-97.484848,0.00281763621607935,8.0,14.61,0.0,2.0413414529547915,0,0,0,0,1,0,1,0,0
6901028080224,202606,钻石(硬特醇),四类烟,0,0.0,2.0413414529547915,,87.5,100.0,1.1235955056179776,0.24217756114839845,41075.0,317.4115210843373,0.2345238095238095,-97.484848,0.00281763621607935,8.0,14.61,0.0,2.0413414529547915,0,0,0,0,1,0,1,0,0
6901028080446,202501,钻石(硬蓝),三类烟,0,0.0,12.977099236641138,,87.5,100.0,1.1484823625922886,0.24217756114839845,41075.0,317.4115210843373,0.2345238095238095,-97.484848,0.00281763621607935,8.0,14.61,0.0,41.1974834563511,0,1,0,0,0,0,1,0,0
6901028080446,202502,钻石(硬蓝),三类烟,0,0.0,12.977099236641138,,87.5,100.0,1.1530398322851152,0.24217756114839845,41075.0,317.4115210843373,0.2345238095238095,-97.484848,0.00281763621607935,8.0,14.61,0.0,12.977099236641138,0,1,0,0,0,0,1,0,0
6901028080446,202503,钻石(硬蓝),三类烟,0,0.0,12.977099236641138,,87.5,100.0,1.1530398322851152,0.24217756114839845,41075.0,317.4115210843373,0.2345238095238095,-97.484848,0.00281763621607935,8.0,14.61,0.0,12.977099236641138,0,1,0,0,0,0,1,0,0
6901028080446,202504,钻石(硬蓝),三类烟,0,0.0,12.977099236641138,,87.5,100.0,1.1530398322851152,0.24217756114839845,41075.0,317.4115210843373,0.2345238095238095,-97.484848,0.00281763621607935,8.0,14.61,0.0,12.977099236641138,0,1,0,0,0,0,1,0,0
6901028080446,202505,钻石(硬蓝),三类烟,0,0.0,12.977099236641138,,87.5,100.0,1.1530398322851152,0.24217756114839845,41075.0,317.4115210843373,0.2345238095238095,-97.484848,0.00281763621607935,8.0,14.61,0.0,12.977099236641138,0,1,0,0,0,0,1,0,0
6901028080446,202506,钻石(硬蓝),三类烟,0,0.0,12.977099236641138,,87.5,100.0,1.1530398322851152,0.24217756114839845,41075.0,317.4115210843373,0.2345238095238095,-97.484848,0.00281763621607935,8.0,14.61,0.0,12.977099236641138,0,1,0,0,0,0,1,0,0
6901028080446,202507,钻石(硬蓝),三类烟,0,0.0,12.977099236641138,,87.5,100.0,1.1530398322851152,0.24217756114839845,41075.0,317.4115210843373,0.2345238095238095,-97.484848,0.00281763621607935,8.0,14.61,0.0,12.977099236641138,0,1,0,0,0,0,1,0,0
6901028080446,202508,钻石(硬蓝),三类烟,0,0.0,12.977099236641138,,87.5,100.0,1.1530398322851152,0.24217756114839845,41075.0,317.4115210843373,0.2345238095238095,-97.484848,0.00281763621607935,8.0,14.61,0.0,12.977099236641138,0,1,0,0,0,0,1,0,0
6901028080521,202501,钻石(细支荷花),一类烟,0,-1.213984345150834,71.8982189550891,90.789474,87.5,100.0,1.1484823625922886,0.24217756114839845,41075.0,317.4115210843373,0.2345238095238095,-97.484848,0.00281763621607935,8.0,14.61,0.0,41.1974834563511,1,0,0,0,0,0,0,0,1
6901028080521,202502,钻石(细支荷花),一类烟,0,-1.0833278191768017,70.68423460993827,89.795918,78.52,100.0,1.165371809100999,0.3089067702552719,90100.0,187.69565217391303,0.159952606635071,-89.789474,0.0029463981042654,20.0,7.7,0.0,71.8982189550891,1,0,0,0,0,0,0,0,1
6901028080521,202504,钻石(细支荷花),一类烟,1,43.56713629250001,17.55725190839695,0.0,87.5,100.0,1.165371809100999,0.308906076581576,90100.0,812.025,0.2345238095238095,-89.909091,0.0017060355029585,8.0,2.37,0.0,69.60090679076147,1,0,0,0,0,0,0,0,1
6901028080521,202505,钻石(细支荷花),一类烟,0,-43.56713629250001,61.12438820089696,88.888889,87.5,94.44,1.165371809100999,0.24217756114839845,41075.0,317.4115210843373,0.0236966824644549,1.0,0.0,8.0,14.61,0.0,17.55725190839695,1,0,0,0,0,0,0,0,1
6901028080521,202506,钻石(细支荷花),一类烟,0,0.0,17.55725190839695,,80.0,100.0,1.165371809100999,0.3089067702552719,90100.0,3116.0,0.0178571428571428,-87.888889,0.000343238095238,8.0,0.48,0.0,61.12438820089696,1,0,0,0,0,0,0,0,1
6901028080521,202507,钻石(细支荷花),一类烟,0,0.0,17.55725190839695,,100.0,100.0,1.165371809100999,0.24217756114839845,41075.0,317.4115210843373,0.0047732696897374,-97.484848,0.00281763621607935,8.0,14.61,0.0,17.55725190839695,1,0,0,0,0,0,0,0,1
6901028080521,202508,钻石(细支荷花),一类烟,0,0.0,17.55725190839695,0.0,100.0,100.0,1.165371809100999,0.24217756114839845,41075.0,317.4115210843373,0.0047449584816132,-97.484848,0.00281763621607935,8.0,14.61,0.0,17.55725190839695,1,0,0,0,0,0,0,0,1
6901028080521,202509,钻石(细支荷花),一类烟,0,0.0,17.55725190839695,,87.5,100.0,1.165371809100999,0.24217756114839845,41075.0,317.4115210843373,0.2345238095238095,1.0,0.0,8.0,14.61,0.0,17.55725190839695,1,0,0,0,0,0,0,0,1
6901028080521,202510,钻石(细支荷花),一类烟,0,0.0,17.55725190839695,,87.5,100.0,1.165371809100999,0.24217756114839845,41075.0,317.4115210843373,0.2345238095238095,-97.484848,0.00281763621607935,8.0,14.61,0.0,17.55725190839695,1,0,0,0,0,0,0,0,1
6901028080521,202511,钻石(细支荷花),一类烟,0,0.0,17.55725190839695,0.0,87.5,100.0,1.165371809100999,0.24217756114839845,41075.0,317.4115210843373,0.2345238095238095,-97.484848,0.00281763621607935,8.0,14.61,0.0,17.55725190839695,1,0,0,0,0,0,0,0,1
6901028080521,202602,钻石(细支荷花),一类烟,1,0.0,17.55725190839695,0.0,87.5,100.0,1.165371809100999,0.3089067702552719,90100.0,969.3235294117646,0.2345238095238095,-99.0,0.0014501301775147,15.0,1.78,100.0,69.02245009302709,1,0,0,0,0,0,0,0,1
6901028080521,202603,钻石(细支荷花),一类烟,0,0.0,17.55725190839695,0.0,43.33,100.0,1.165371809100999,0.24217756114839845,41075.0,317.4115210843373,0.0178147268408551,1.0,0.0,8.0,14.61,0.0,17.55725190839695,1,0,0,0,0,0,0,0,1
6901028080521,202605,钻石(细支荷花),一类烟,0,-2.1331217200469865,71.21600484620804,98.039216,50.0,78.57,1.165371809100999,0.24217756114839845,41075.0,317.4115210843373,0.0300480769230769,-97.484848,0.00281763621607935,8.0,14.61,0.0,17.55725190839695,1,0,0,0,0,0,0,0,1
6901028084321,202501,娇子(软阳光),三类烟,0,-0.9407410271823125,42.091288758832384,99.24734,87.5,100.0,1.1484823625922886,0.24217756114839845,41075.0,317.4115210843373,0.2345238095238095,-97.484848,0.00281763621607935,8.0,14.61,0.0,41.1974834563511,0,1,0,0,0,0,0,1,0
6901028084321,202502,娇子(软阳光),三类烟,0,0.24074933658553022,41.15054773165007,99.032882,96.3,100.0,1.1363636363636365,0.2421272941232407,22000.0,71.11924686192468,0.159952606635071,-98.24734,0.0398710900473933,4.0,99.17,95.7,42.091288758832384,0,1,0,0,0,0,0,1,0
6901028084321,202503,娇子(软阳光),三类烟,0,0.4075144324358604,41.3912970682356,99.178886,71.28,100.0,1.1363636363636365,0.2421589429450757,22000.0,330.24283854166663,0.541371158392435,-98.032882,0.015977304964539,8.0,14.61,0.0,41.15054773165007,0,1,0,0,0,0,0,1,0
6901028084321,202504,娇子(软阳光),三类烟,0,-0.320033698344659,41.79881150067146,99.692623,87.5,100.0,1.1363636363636365,0.2421023735283049,22000.0,258.6729745712596,0.2345238095238095,-98.178886,0.0176104142011834,1.0,97.99,2.42,41.3912970682356,0,1,0,0,0,0,0,1,0
6901028084321,202505,娇子(软阳光),三类烟,0,0.6221043193287059,41.4787778023268,99.328449,98.18,100.0,1.1363636363636365,0.2421023311221153,22000.0,147.9068174032203,0.1303317535545023,-98.692623,0.0304350710900473,3.0,99.29,74.46,41.79881150067146,0,1,0,0,0,0,0,1,0
6901028084321,202506,娇子(软阳光),三类烟,0,-35.317398429774876,42.10088212165551,99.683811,93.68,98.78,1.1363636363636365,0.2421023076493267,22000.0,234.8887523048556,0.1035714285714285,-98.328449,0.0170447619047619,1.0,96.9,0.0,41.4787778023268,0,1,0,0,0,0,0,1,0
6901028084321,202507,娇子(软阳光),三类烟,1,0.0,6.783483691880636,0.0,73.89,98.07,1.1363636363636365,0.2421018041484842,22000.0,65.74751533093678,0.9964200477326968,-98.683811,0.0496601431980906,1.0,98.93,96.86,42.10088212165551,0,1,0,0,0,0,0,1,0
6901028084321,202508,娇子(软阳光),三类烟,0,0.0,6.783483691880636,0.0,100.0,100.0,1.1363636363636365,0.24217756114839845,41075.0,317.4115210843373,0.0225385527876631,1.0,0.0,8.0,14.61,0.0,6.783483691880636,0,1,0,0,0,0,0,1,0
6901028084321,202509,娇子(软阳光),三类烟,0,30.599536581036947,6.783483691880636,0.0,90.63,100.0,1.1363636363636365,0.24217756114839845,41075.0,317.4115210843373,0.0760095011876484,1.0,0.0,8.0,14.61,0.0,6.783483691880636,0,1,0,0,0,0,0,1,0
6901028084321,202510,娇子(软阳光),三类烟,0,2.2153313138907365,37.383020272917584,94.029851,68.65,96.71,1.1363636363636365,0.24217756114839845,41075.0,317.4115210843373,0.6666666666666666,1.0,0.0,8.0,14.61,0.0,6.783483691880636,0,1,0,0,0,0,0,1,0
6901028084321,202511,娇子(软阳光),三类烟,0,2.5521123795703033,39.59835158680832,98.013245,68.66,97.33,1.1363636363636365,0.2421022727272727,22000.0,1348.1031746031745,0.4403778040141676,-93.029851,0.0013090909090909,8.0,6.14,21.15,37.383020272917584,0,1,0,0,0,0,0,1,0
6901028084321,202512,娇子(软阳光),三类烟,0,0.09111314651202918,42.150463966378624,99.537839,44.61,95.78,1.1363636363636365,0.2421018888206388,22000.0,745.9391891891893,0.9564193168433452,-97.013245,0.0030680800942285,8.0,17.43,0.0,39.59835158680832,0,1,0,0,0,0,0,1,0
6901028084321,202601,娇子(软阳光),三类烟,0,-2.553094383547325,42.24157711289065,99.308886,17.97,75.7,1.1363636363636365,0.2420810689600591,22000.0,50.02263493905977,0.6804245283018868,-98.537839,0.0178801886792452,16.0,63.92,42.99,42.150463966378624,0,1,0,0,0,0,0,1,0
6901028084321,202602,娇子(软阳光),三类烟,0,2.252427478393855,39.68848272934333,98.986486,79.32,98.19,1.1363636363636365,0.242121938386851,22000.0,29.69038488851016,0.4875739644970414,-98.308886,0.0733263905325443,265.0,98.58,92.2,42.24157711289065,0,1,0,0,0,0,0,1,0
6901028084321,202603,娇子(软阳光),三类烟,0,-35.15742651585655,41.94091020773718,99.664992,35.61,100.0,1.1363636363636365,0.2421590909090909,22000.0,727.6450511945393,0.6888361045130641,-97.986486,0.0030622327790973,8.0,34.8,0.0,39.68848272934333,0,1,0,0,0,0,0,1,0
6901028084321,202604,娇子(软阳光),三类烟,0,35.426278621519366,6.783483691880636,,64.55,95.83,1.1363636363636365,0.242102495543672,22000.0,109.30252100840336,0.0441001191895113,-98.664992,0.0187222884386174,8.0,71.39,49.58,41.94091020773718,0,1,0,0,0,0,0,1,0
6901028084321,202605,娇子(软阳光),三类烟,0,0.01843881954072657,42.2097623134,99.826432,33.68,92.54,1.1363636363636365,0.24217756114839845,41075.0,317.4115210843373,0.4591346153846153,-97.484848,0.00281763621607935,8.0,14.61,0.0,6.783483691880636,0,1,0,0,0,0,0,1,0
6901028084321,202606,娇子(软阳光),三类烟,0,-0.15864105877208345,42.228201132940725,99.563319,21.12,89.66,1.1363636363636365,0.2421023574041457,22000.0,36.21410829607551,1.0,-98.826432,0.0426853012048192,2.0,89.64,41.26,42.2097623134,0,1,0,0,0,0,0,1,0
6901028084772,202501,娇子(格调细支),二类烟,0,28.866152701498585,15.596606507146483,,87.5,100.0,1.1484823625922886,0.24217756114839845,41075.0,317.4115210843373,0.2345238095238095,-97.484848,0.00281763621607935,8.0,14.61,0.0,41.1974834563511,0,0,1,0,0,0,0,0,1
6901028084772,202502,娇子(格调细支),二类烟,0,-28.866152701498585,44.46275920864507,99.522673,77.83,100.0,1.160092807424594,0.24217756114839845,32325.0,317.4115210843373,0.5604265402843602,-97.484848,0.0019915876777251,8.0,15.4,0.0,15.596606507146483,0,0,1,0,0,0,0,0,1
6901028084772,202503,娇子(格调细支),二类烟,0,28.517182968189566,15.596606507146483,,65.4,100.0,1.160092807424594,0.2420726991492652,32325.0,219.10071942446044,0.5319148936170213,-98.522673,0.0063732978723404,8.0,14.61,0.0,44.46275920864507,0,0,1,0,0,0,0,0,1
6901028084772,202504,娇子(格调细支),二类烟,0,-0.962547633368132,44.11378947533605,98.630137,77.06,96.99,1.160092807424594,0.24217756114839845,41075.0,317.4115210843373,0.2011834319526627,-97.484848,0.00281763621607935,8.0,14.61,0.0,15.596606507146483,0,0,1,0,0,0,0,0,1
6901028084772,202505,娇子(格调细支),二类烟,0,1.5599675075049362,43.15124184196792,99.390244,87.5,100.0,1.160092807424594,0.2421113689095128,32325.0,318.1435185185185,0.2345238095238095,-97.630137,0.0033090995260663,8.0,12.8,0.0,44.11378947533605,0,0,1,0,0,0,0,0,1
6901028084772,202506,娇子(格调细支),二类烟,0,-14.264656940883096,44.71120934947285,99.596449,54.31,96.33,1.160092807424594,0.2421111316717198,32325.0,579.7361963190184,0.2345238095238095,-98.390244,0.0025090357142857,8.0,9.76,0.0,43.15124184196792,0,0,1,0,0,0,0,0,1
6901028084772,202507,娇子(格调细支),二类烟,0,9.403471846200407,30.446552408589756,97.87234,64.25,96.95,1.160092807424594,0.2421109928664633,32325.0,155.72528363047002,0.2422434367541766,-98.596449,0.0190401193317422,18.0,74.34,0.0,44.71120934947285,0,0,1,0,0,0,0,0,1
6901028084772,202508,娇子(格调细支),二类烟,0,4.9919057765575445,39.85002425479016,95.081967,65.69,99.19,1.160092807424594,0.2421113689095127,32325.0,4032.869565217392,0.2230130486358244,-96.87234,0.0007055516014234,8.0,2.25,21.05,30.446552408589756,0,0,1,0,0,0,0,0,1
6901028084772,202509,娇子(格调细支),二类烟,0,-0.657350529798407,44.84193003134771,99.413735,87.5,100.0,1.160092807424594,0.2421113689095127,32325.0,1477.0258620689656,0.2345238095238095,-94.081967,0.0017813301662707,8.0,6.89,0.0,39.85002425479016,0,0,1,0,0,0,0,0,1
6901028084772,202510,娇子(格调细支),二类烟,0,0.3376879073993493,44.1845795015493,99.646018,65.7,98.28,1.160092807424594,0.242110749932727,32325.0,120.1693344566133,0.1016548463356974,-98.413735,0.0181417375886524,35.0,57.57,23.82,44.84193003134771,0,0,1,0,0,0,0,0,1
6901028084772,202511,娇子(格调细支),二类烟,0,-0.5204765152532005,44.52226740894865,99.272349,56.13,95.08,1.160092807424594,0.2421108881132041,32325.0,298.8507992895204,0.1251475796930342,-98.646018,0.0085945572609208,3.0,30.93,8.78,44.1845795015493,0,0,1,0,0,0,0,0,1
6901028084772,202512,娇子(格调细支),二类烟,0,-0.3168935928165766,44.00179089369545,98.927614,45.0,95.97,1.160092807424594,0.2421080890659734,32325.0,206.7643979057592,0.3180212014134275,-98.272349,0.0145443462897526,21.0,44.64,28.76,44.52226740894865,0,0,1,0,0,0,0,0,1
6901028084772,202601,娇子(格调细支),二类烟,0,-1.0910326542474564,43.68489730087887,97.798165,15.91,100.0,1.160092807424594,0.242102880425556,32325.0,347.66395663956644,0.0660377358490566,-97.927614,0.0056263797169811,3.0,12.62,0.0,44.00179089369545,0,0,1,0,0,0,0,0,1
6901028084772,202602,娇子(格调细支),二类烟,0,-7.281072052812455,42.59386464663142,99.638989,30.49,95.89,1.160092807424594,0.2420793738545988,32325.0,431.24577861163226,0.9881656804733728,-96.798165,0.0081558461538461,25.0,39.29,15.66,43.68489730087887,0,0,1,0,0,0,0,0,1
6901028084772,202603,娇子(格调细支),二类烟,0,7.091682431566454,35.31279259381896,100.0,25.17,100.0,1.160092807424594,0.2420682156988017,32325.0,726.5760869565216,0.9655581947743468,-98.638989,0.0042383372921615,7.0,32.78,0.0,42.59386464663142,0,0,1,0,0,0,0,0,1
6901028084772,202604,娇子(格调细支),二类烟,0,1.90027463117071,42.404475025385416,98.850575,43.96,85.71,1.160092807424594,0.2421064671089179,32325.0,2709.704225352113,0.1048867699642431,-99.0,0.0010941954707985,8.0,2.86,45.83,35.31279259381896,0,0,1,0,0,0,0,0,1
6901028084772,202605,娇子(格调细支),二类烟,1,-0.6277651729230271,44.304749656556126,91.015625,20.92,96.08,1.160092807424594,0.2421053735978464,32325.0,782.0813953488372,0.2860576923076923,-97.850575,0.0040095432692307,5.0,16.11,0.0,42.404475025385416,0,0,1,0,0,0,0,0,1
6901028084772,202606,娇子(格调细支),二类烟,0,-2.733457434338156,43.6769844836331,96.065129,8.25,82.67,1.160092807424594,0.2421046750025171,32325.0,265.51502145922746,1.0,-90.015625,0.0108892409638554,29.0,31.45,41.76,44.304749656556126,0,0,1,0,0,0,0,0,1
6901028084925,202501,长城(醇雅薄荷),一类烟,0,-46.182044432113386,52.96552812399394,92.857143,87.5,100.0,1.1484823625922886,0.24217756114839845,41075.0,317.4115210843373,0.2345238095238095,-97.484848,0.00281763621607935,8.0,14.61,0.0,41.1974834563511,1,0,0,0,0,0,0,0,1
6901028084925,202502,长城(醇雅薄荷),一类烟,0,50.37904260793974,6.783483691880554,,87.5,100.0,1.1363636363636362,0.2825369075369076,44000.0,1497.7692307692307,0.2345238095238095,-91.857143,0.000243981042654,8.0,1.54,0.0,52.96552812399394,1,0,0,0,0,0,0,0,1
6901028084925,202503,长城(醇雅薄荷),一类烟,0,-50.37904260793974,57.16252629982029,92.682927,87.5,100.0,1.1363636363636362,0.24217756114839845,41075.0,317.4115210843373,0.2345238095238095,-97.484848,0.00281763621607935,8.0,14.61,0.0,6.783483691880554,1,0,0,0,0,0,0,0,1
6901028084925,202504,长城(醇雅薄荷),一类烟,0,49.6078537744779,6.783483691880554,,87.5,100.0,1.1363636363636362,0.2825043195108984,44000.0,353.5,0.2345238095238095,-91.682927,0.0007123313609467,8.0,2.25,0.0,57.16252629982029,1,0,0,0,0,0,0,0,1
6901028084925,202505,长城(醇雅薄荷),一类烟,0,1.7748276878343603,56.39133746635846,98.765432,87.5,100.0,1.1363636363636362,0.24217756114839845,41075.0,317.4115210843373,0.2345238095238095,-97.484848,0.00281763621607935,8.0,14.61,0.0,6.783483691880554,1,0,0,0,0,0,0,0,1
6901028084925,202506,长城(醇雅薄荷),一类烟,0,-0.11064722709917163,58.16616515419282,98.611111,87.5,100.0,1.1363636363636362,0.2826444128787879,44000.0,578.3000000000001,0.2345238095238095,-97.765432,0.0015085714285714,16.0,4.05,17.65,56.39133746635846,1,0,0,0,0,0,0,0,1
6901028084925,202507,长城(醇雅薄荷),一类烟,0,-0.8569346966557845,58.055517927093646,99.442897,87.5,100.0,1.1363636363636362,0.2826635634514155,44000.0,97.98239436619718,0.2345238095238095,-97.611111,0.0053682100238663,78.0,13.48,26.55,58.16616515419282,1,0,0,0,0,0,0,0,1
6901028084925,202508,长城(醇雅薄荷),一类烟,0,1.0184492058376762,57.19858323043786,88.741722,87.5,100.0,1.1363636363636362,0.2826696587725999,44000.0,128.7170868347339,0.2345238095238095,-98.442897,0.0067080427046263,181.0,21.47,0.0,58.055517927093646,1,0,0,0,0,0,0,0,1
6901028084925,202509,长城(醇雅薄荷),一类烟,0,-0.3952316885148619,58.21703243627554,97.472194,87.5,100.0,1.1363636363636362,0.2826704545454545,44000.0,361.7164179104477,0.2345238095238095,-87.741722,0.0025208551068883,49.0,7.84,3.03,57.19858323043786,1,0,0,0,0,0,0,0,1
6901028084925,202510,长城(醇雅薄荷),一类烟,0,-0.5554536947223596,57.821800747760676,99.079755,87.5,100.0,1.1363636363636362,0.2826711094345949,44000.0,84.97510373443983,0.2345238095238095,-96.472194,0.0180493617021276,129.0,42.79,36.19,58.21703243627554,1,0,0,0,0,0,0,0,1
6901028084925,202511,长城(醇雅薄荷),一类烟,0,-2.795291034057179,57.26634705303832,98.095238,87.5,100.0,1.1363636363636362,0.2826713340838728,44000.0,192.42260061919504,0.2345238095238095,-98.079755,0.0120810389610389,23.0,29.75,31.75,57.821800747760676,1,0,0,0,0,0,0,0,1
6901028084925,202512,长城(醇雅薄荷),一类烟,0,2.4514730627222647,54.47105601898114,98.795181,87.5,100.0,1.1363636363636362,0.2826713739335098,44000.0,343.3980582524272,0.2345238095238095,-97.095238,0.0057650883392226,7.0,17.2,8.9,57.26634705303832,1,0,0,0,0,0,0,0,1
6901028084925,202601,长城(醇雅薄荷),一类烟,0,0.377028425485058,56.9225290817034,99.086758,0.0,100.0,1.1363636363636362,0.2826719943335797,44000.0,1103.2195121951218,0.0047169811320754,-97.795181,0.0015316981132075,2.0,5.07,0.0,54.47105601898114,1,0,0,0,0,0,0,0,1
6901028084925,202602,长城(醇雅薄荷),一类烟,0,-0.00816350417700562,57.29955750718846,98.322148,87.5,100.0,1.1363636363636362,0.2827020202020202,44000.0,440.1705069124424,0.2345238095238095,-98.086758,0.0040677869822485,29.0,19.05,34.78,56.9225290817034,1,0,0,0,0,0,0,0,1
6901028084925,202603,长城(醇雅薄荷),一类烟,0,-6.316655760674109,57.291394003011455,100.0,87.5,100.0,1.1363636363636362,0.2826832747267901,44000.0,335.66211604095565,0.2345238095238095,-97.322148,0.0055120190023752,18.0,17.1,43.06,57.29955750718846,1,0,0,0,0,0,0,0,1
6901028084925,202604,长城(醇雅薄荷),一类烟,1,2.224193508871778,50.974738242337345,97.727273,87.5,100.0,1.1363636363636362,0.2826754148629148,44000.0,337.02857142857147,0.2345238095238095,-99.0,0.0052862932061978,6.0,9.65,38.27,57.291394003011455,1,0,0,0,0,0,0,0,1
6901028084925,202605,长城(醇雅薄荷),一类烟,0,-0.0868928006623193,53.19893175120912,96.491228,87.5,100.0,1.1363636363636362,0.2827020202020202,44000.0,2056.767441860465,0.2345238095238095,-96.727273,0.0008186538461538,2.0,5.17,0.0,50.974738242337345,1,0,0,0,0,0,0,0,1
6901028084925,202606,长城(醇雅薄荷),一类烟,0,-7.892730106585084,53.112038950546804,94.545455,87.5,100.0,1.1363636363636362,0.2827020202020202,44000.0,1452.2363636363636,0.2345238095238095,-95.491228,0.0010496385542168,8.0,5.3,25.0,53.19893175120912,1,0,0,0,0,0,0,0,1
6901028092432,202507,人民大会堂(红细支),一类烟,0,-38.29655266751688,52.208003049196186,100.0,87.5,100.0,1.1484823625922886,0.24217756114839845,41075.0,317.4115210843373,0.2345238095238095,-97.484848,0.00281763621607935,8.0,14.61,0.0,41.1974834563511,1,0,0,0,0,0,0,0,1
6901028092432,202508,人民大会堂(红细支),一类烟,1,43.32782311500307,13.911450381679305,0.0,87.5,100.0,1.1555555555555554,0.2754888888888889,56250.0,1585.1249999999998,0.2345238095238095,-99.0,0.0002135231316725,4.0,0.47,0.0,52.208003049196186,1,0,0,0,0,0,0,0,1
6901028092432,202510,人民大会堂(红细支),一类烟,0,-0.5964835534262036,57.23927349668237,98.507463,87.5,100.0,1.1555555555555554,0.24217756114839845,41075.0,317.4115210843373,0.2345238095238095,1.0,0.0,8.0,14.61,0.0,13.911450381679305,1,0,0,0,0,0,0,0,1
6901028092432,202601,人民大会堂(红细支),一类烟,1,-42.73133956157686,56.64278994325617,92.857143,100.0,100.0,1.1555555555555554,0.2754888888888888,56250.0,217.63636363636363,0.0153482880755608,-97.507463,0.0017532467532467,29.0,3.9,0.0,57.23927349668237,1,0,0,0,0,0,0,0,1
6901028092432,202602,人民大会堂(红细支),一类烟,1,10.722942779731603,13.911450381679305,0.0,61.3,100.0,1.1555555555555554,0.2755111111111111,56250.0,382.1692307692308,0.5100591715976331,-91.857143,0.0017307692307692,24.0,6.15,25.0,56.64278994325617,1,0,0,0,0,0,0,0,1
6901028092432,202603,人民大会堂(红细支),一类烟,0,31.106616543087927,24.63439316141091,100.0,87.5,100.0,1.1555555555555554,0.24217756114839845,41075.0,317.4115210843373,0.2345238095238095,1.0,0.0,8.0,14.61,0.0,13.911450381679305,1,0,0,0,0,0,0,0,1
6901028092432,202604,人民大会堂(红细支),一类烟,1,0.6988516924610977,55.741009704498836,97.5,88.16,96.97,1.1555555555555554,0.2754888888888889,56250.0,14415.5,0.0441001191895113,-99.0,5.363528009535161e-05,8.0,0.12,0.0,24.63439316141091,1,0,0,0,0,0,0,0,1
6901028092432,202605,人民大会堂(红细支),一类烟,0,-0.3571295357090918,56.439861396959934,97.5,58.08,98.08,1.1555555555555554,0.2754894586894587,56250.0,624.9230769230769,0.0829326923076923,-96.5,0.0010546874999999,2.0,1.8,33.33,55.741009704498836,1,0,0,0,0,0,0,0,1
6901028092432,202606,人民大会堂(红细支),一类烟,1,-1.642566172140235,56.08273186125084,94.047619,60.61,93.55,1.1555555555555554,0.2754900284900285,56250.0,435.0384615384616,0.1192771084337349,-96.5,0.0021144578313253,19.0,4.94,0.0,56.439861396959934,1,0,0,0,0,0,0,0,1
6901028092838,202501,人民大会堂(硬红细支),二类烟,0,-26.937448712823574,36.74549419512403,91.176471,87.5,100.0,1.1484823625922886,0.24217756114839845,41075.0,317.4115210843373,0.2345238095238095,-97.484848,0.00281763621607935,8.0,14.61,0.0,41.1974834563511,0,0,1,0,0,0,0,0,1
6901028092838,202502,人民大会堂(硬红细支),二类烟,1,-0.3701551283795457,9.808045482300455,57.142857,100.0,100.0,1.1435105774728418,0.2420668953687821,34980.0,1758.0322580645163,0.0390995260663507,-90.176471,0.0005139241706161,30.0,3.67,0.0,36.74549419512403,0,0,1,0,0,0,0,0,1
6901028092838,202503,人民大会堂(硬红细支),二类烟,0,16.01026597693719,9.43789035392091,,87.5,100.0,1.1435105774728418,0.2420668953687821,34980.0,11334.25,0.2345238095238095,-56.142857,6.615602836879433e-05,8.0,14.61,0.0,9.808045482300455,0,0,1,0,0,0,0,0,1
6901028092838,202504,人民大会堂(硬红细支),二类烟,0,-16.01026597693719,25.4481563308581,100.0,87.5,100.0,1.1435105774728418,0.24217756114839845,41075.0,317.4115210843373,0.2345238095238095,-97.484848,0.00281763621607935,8.0,14.61,0.0,9.43789035392091,0,0,1,0,0,0,0,0,1
6901028092838,202505,人民大会堂(硬红细支),二类烟,0,0.0,9.43789035392091,,95.0,100.0,1.1435105774728418,0.2421026300743282,34980.0,4832.499999999999,0.0473933649289099,-99.0,0.000132625592417,8.0,0.47,0.0,25.4481563308581,0,0,1,0,0,0,0,0,1
6901028092838,202506,人民大会堂(硬红细支),二类烟,0,0.0,9.43789035392091,,100.0,100.0,1.1435105774728418,0.24217756114839845,41075.0,317.4115210843373,0.025,-97.484848,0.00281763621607935,8.0,14.61,0.0,9.43789035392091,0,0,1,0,0,0,0,0,1
6901028092838,202507,人民大会堂(硬红细支),二类烟,0,0.0,9.43789035392091,,87.5,100.0,1.1435105774728418,0.24217756114839845,41075.0,317.4115210843373,0.2345238095238095,-97.484848,0.00281763621607935,8.0,14.61,0.0,9.43789035392091,0,0,1,0,0,0,0,0,1
6901028092838,202508,人民大会堂(硬红细支),二类烟,0,0.0,9.43789035392091,0.0,92.86,100.0,1.1435105774728418,0.24217756114839845,41075.0,317.4115210843373,0.033214709371293,-97.484848,0.00281763621607935,8.0,14.61,0.0,9.43789035392091,0,0,1,0,0,0,0,0,1
6901028092838,202509,人民大会堂(硬红细支),二类烟,0,0.0,9.43789035392091,,86.11,100.0,1.1435105774728418,0.24217756114839845,41075.0,317.4115210843373,0.0427553444180522,1.0,0.0,8.0,14.61,0.0,9.43789035392091,0,0,1,0,0,0,0,0,1
6901028092838,202510,人民大会堂(硬红细支),二类烟,0,0.0,9.43789035392091,,87.5,100.0,1.1435105774728418,0.24217756114839845,41075.0,317.4115210843373,0.2345238095238095,-97.484848,0.00281763621607935,8.0,14.61,0.0,9.43789035392091,0,0,1,0,0,0,0,0,1
6901028092838,202511,人民大会堂(硬红细支),二类烟,0,0.0,9.43789035392091,,87.5,100.0,1.1435105774728418,0.24217756114839845,41075.0,317.4115210843373,0.2345238095238095,-97.484848,0.00281763621607935,8.0,14.61,0.0,9.43789035392091,0,0,1,0,0,0,0,0,1
6901028092838,202512,人民大会堂(硬红细支),二类烟,0,0.0,9.43789035392091,,87.5,100.0,1.1435105774728418,0.24217756114839845,41075.0,317.4115210843373,0.2345238095238095,-97.484848,0.00281763621607935,8.0,14.61,0.0,9.43789035392091,0,0,1,0,0,0,0,0,1
6901028092838,202601,人民大会堂(硬红细支),二类烟,0,0.0,9.43789035392091,,87.5,100.0,1.1435105774728418,0.24217756114839845,41075.0,317.4115210843373,0.2345238095238095,-97.484848,0.00281763621607935,8.0,14.61,0.0,9.43789035392091,0,0,1,0,0,0,0,0,1
6901028092838,202602,人民大会堂(硬红细支),二类烟,0,0.0,9.43789035392091,,87.5,100.0,1.1435105774728418,0.24217756114839845,41075.0,317.4115210843373,0.2345238095238095,-97.484848,0.00281763621607935,8.0,14.61,0.0,9.43789035392091,0,0,1,0,0,0,0,0,1
6901028095891,202501,黄果树(长征),三类烟,0,0.0,7.469744926456848,0.0,87.5,100.0,1.1484823625922886,0.24217756114839845,41075.0,317.4115210843373,0.2345238095238095,-97.484848,0.00281763621607935,8.0,14.61,0.0,41.1974834563511,0,1,0,0,0,0,1,0,0
6901028095891,202502,黄果树(长征),三类烟,0,0.0,7.469744926456848,0.0,87.5,100.0,1.1382113821138211,0.24217756114839845,41075.0,317.4115210843373,0.2345238095238095,1.0,0.0,8.0,14.61,0.0,7.469744926456848,0,1,0,0,0,0,1,0,0
6901028095891,202503,黄果树(长征),三类烟,0,0.0,7.469744926456848,0.0,95.08,100.0,1.1382113821138211,0.24217756114839845,41075.0,317.4115210843373,0.0721040189125295,1.0,0.0,8.0,14.61,0.0,7.469744926456848,0,1,0,0,0,0,1,0,0
6901028095891,202504,黄果树(长征),三类烟,0,0.0,7.469744926456848,0.0,85.81,99.25,1.1382113821138211,0.24217756114839845,41075.0,317.4115210843373,0.3668639053254438,1.0,0.0,8.0,14.61,0.0,7.469744926456848,0,1,0,0,0,0,1,0,0
6901028095891,202505,黄果树(长征),三类烟,0,0.0,7.469744926456848,0.0,62.77,97.18,1.1382113821138211,0.24217756114839845,41075.0,317.4115210843373,0.3293838862559242,1.0,0.0,8.0,14.61,0.0,7.469744926456848,0,1,0,0,0,0,1,0,0
6901028095891,202506,黄果树(长征),三类烟,0,0.0,7.469744926456848,0.0,95.24,100.0,1.1382113821138211,0.24217756114839845,41075.0,317.4115210843373,0.025,1.0,0.0,8.0,14.61,0.0,7.469744926456848,0,1,0,0,0,0,1,0,0
6901028095891,202507,黄果树(长征),三类烟,0,0.0,7.469744926456848,0.0,91.95,100.0,1.1382113821138211,0.24217756114839845,41075.0,317.4115210843373,0.1038186157517899,1.0,0.0,8.0,14.61,0.0,7.469744926456848,0,1,0,0,0,0,1,0,0
6901028095891,202508,黄果树(长征),三类烟,0,0.0,7.469744926456848,0.0,90.48,100.0,1.1382113821138211,0.24217756114839845,41075.0,317.4115210843373,0.0249110320284697,1.0,0.0,8.0,14.61,0.0,7.469744926456848,0,1,0,0,0,0,1,0,0
6901028095891,202509,黄果树(长征),三类烟,0,0.0,7.469744926456848,,90.48,100.0,1.1382113821138211,0.24217756114839845,41075.0,317.4115210843373,0.0249406175771971,1.0,0.0,8.0,14.61,0.0,7.469744926456848,0,1,0,0,0,0,1,0,0
6901028095891,202510,黄果树(长征),三类烟,0,0.0,7.469744926456848,0.0,94.74,100.0,1.1382113821138211,0.24217756114839845,41075.0,317.4115210843373,0.0070921985815602,-97.484848,0.00281763621607935,8.0,14.61,0.0,7.469744926456848,0,1,0,0,0,0,1,0,0
6901028095891,202511,黄果树(长征),三类烟,0,0.0,7.469744926456848,0.0,87.5,100.0,1.1382113821138211,0.24217756114839845,41075.0,317.4115210843373,0.2345238095238095,1.0,0.0,8.0,14.61,0.0,7.469744926456848,0,1,0,0,0,0,1,0,0
6901028095891,202512,黄果树(长征),三类烟,0,0.0,7.469744926456848,0.0,83.33,100.0,1.1382113821138211,0.24217756114839845,41075.0,317.4115210843373,0.0424028268551236,1.0,0.0,8.0,14.61,0.0,7.469744926456848,0,1,0,0,0,0,1,0,0
6901028095891,202601,黄果树(长征),三类烟,0,0.0,7.469744926456848,0.0,100.0,100.0,1.1382113821138211,0.24217756114839845,41075.0,317.4115210843373,0.0294811320754717,1.0,0.0,8.0,14.61,0.0,7.469744926456848,0,1,0,0,0,0,1,0,0
6901028095891,202602,黄果树(长征),三类烟,0,0.0,7.469744926456848,0.0,87.5,100.0,1.1382113821138211,0.24217756114839845,41075.0,317.4115210843373,0.2345238095238095,1.0,0.0,8.0,14.61,0.0,7.469744926456848,0,1,0,0,0,0,1,0,0
6901028095891,202603,黄果树(长征),三类烟,0,0.0,7.469744926456848,0.0,87.5,100.0,1.1382113821138211,0.24217756114839845,41075.0,317.4115210843373,0.2345238095238095,1.0,0.0,8.0,14.61,0.0,7.469744926456848,0,1,0,0,0,0,1,0,0
6901028095891,202604,黄果树(长征),三类烟,0,0.0,7.469744926456848,0.0,73.4,99.04,1.1382113821138211,0.24217756114839845,41075.0,317.4115210843373,0.168057210965435,1.0,0.0,8.0,14.61,0.0,7.469744926456848,0,1,0,0,0,0,1,0,0
6901028095891,202605,黄果树(长征),三类烟,0,35.0107265893129,7.469744926456848,0.0,87.5,100.0,1.1382113821138211,0.24217756114839845,41075.0,317.4115210843373,0.2345238095238095,1.0,0.0,8.0,14.61,0.0,7.469744926456848,0,1,0,0,0,0,1,0,0
6901028095891,202606,黄果树(长征),三类烟,0,0.013015928898177265,42.48047151576975,99.627098,47.11,93.33,1.1382113821138211,0.24217756114839845,41075.0,317.4115210843373,0.3337349397590361,1.0,0.0,8.0,14.61,0.0,7.469744926456848,0,1,0,0,0,0,1,0,0
6901028098335,202501,长白山(蓝尚),一类烟,0,-26.28309958167394,34.13506595523659,86.842105,87.5,100.0,1.1484823625922886,0.24217756114839845,41075.0,317.4115210843373,0.2345238095238095,-97.484848,0.00281763621607935,8.0,14.61,0.0,41.1974834563511,1,0,0,0,0,0,0,0,1
6901028098335,202502,长白山(蓝尚),一类烟,0,31.92312355342406,7.851966373562651,,391.67,100.0,1.139240506329114,0.2420886075949367,39500.0,2326.212121212121,0.0272511848341232,-85.842105,0.0006177725118483,29.0,3.91,0.0,34.13506595523659,1,0,0,0,0,0,0,0,1
6901028098335,202504,长白山(蓝尚),一类烟,0,-0.7825979761927542,39.77508992698671,96.202532,97.53,100.0,1.139240506329114,0.24217756114839845,41075.0,317.4115210843373,0.0721040189125295,-97.484848,0.00281763621607935,8.0,14.61,0.0,7.851966373562651,1,0,0,0,0,0,0,0,1
6901028098335,202505,长白山(蓝尚),一类烟,1,-31.140525577231305,38.992491950793955,89.361702,87.5,100.0,1.139240506329114,0.2419736842105262,39500.0,780.8026315789474,0.2345238095238095,-95.202532,0.0014227488151658,8.0,4.5,0.0,39.77508992698671,1,0,0,0,0,0,0,0,1
6901028098335,202506,长白山(蓝尚),一类烟,0,32.73487962702663,7.851966373562651,,95.0,100.0,1.139240506329114,0.2420102471368294,39500.0,997.4761904761904,0.0476190476190476,-88.361702,0.00079,8.0,2.5,0.0,38.992491950793955,1,0,0,0,0,0,0,0,1
6901028098335,202507,长白山(蓝尚),一类烟,0,0.950799357038079,40.58684600058928,100.0,87.5,100.0,1.139240506329114,0.24217756114839845,41075.0,317.4115210843373,0.2345238095238095,-97.484848,0.00281763621607935,8.0,14.61,0.0,7.851966373562651,1,0,0,0,0,0,0,0,1
6901028098335,202508,长白山(蓝尚),一类烟,0,0.18092073506552708,41.53764535762736,54.385965,87.5,100.0,1.139240506329114,0.2421141674780915,39500.0,575.4038461538462,0.2345238095238095,-99.0,0.0009746144721233,13.0,3.08,0.0,40.58684600058928,1,0,0,0,0,0,0,0,1
6901028098335,202509,长白山(蓝尚),一类烟,0,-3.1505067562308824,41.71856609269289,88.80597,87.5,100.0,1.139240506329114,0.2421171906900776,39500.0,317.3064516129032,0.2345238095238095,-53.385965,0.0011634204275534,17.0,3.68,0.0,41.53764535762736,1,0,0,0,0,0,0,0,1
6901028098335,202510,长白山(蓝尚),一类烟,0,1.5233621541621645,38.56805933646201,92.857143,75.0,100.0,1.139240506329114,0.2419673438995851,39500.0,251.8823529411765,0.0200945626477541,-87.80597,0.0022224586288416,9.0,7.09,0.0,41.71856609269289,1,0,0,0,0,0,0,0,1
6901028098335,202511,长白山(蓝尚),一类烟,0,-32.23945511706152,40.09142149062417,100.0,87.5,100.0,1.139240506329114,0.2420472249269717,39500.0,1116.8461538461538,0.2345238095238095,-91.857143,0.0004850059031877,8.0,1.53,0.0,38.56805933646201,1,0,0,0,0,0,0,0,1
6901028098335,202512,长白山(蓝尚),一类烟,0,34.340619430877155,7.851966373562651,,87.5,100.0,1.139240506329114,0.2420729801531489,39500.0,705.5925925925926,0.2345238095238095,-99.0,0.0015074204946996,8.0,2.59,86.36,40.09142149062417,1,0,0,0,0,0,0,0,1
6901028098335,202601,长白山(蓝尚),一类烟,0,-1.423106088138823,42.19258580443981,94.822006,0.0,100.0,1.139240506329114,0.24217756114839845,41075.0,317.4115210843373,0.1308962264150943,-97.484848,0.00281763621607935,8.0,14.61,0.0,7.851966373562651,1,0,0,0,0,0,0,0,1
6901028098335,202603,长白山(蓝尚),一类烟,0,0.8230978607049906,40.769479716300985,94.366197,87.5,100.0,1.139240506329114,0.242081047219942,39500.0,135.3754266211604,0.2345238095238095,-93.822006,0.0054785798816568,185.0,29.59,17.2,42.19258580443981,1,0,0,0,0,0,0,0,1
6901028098335,202604,长白山(蓝尚),一类烟,0,0.3979441479304242,41.592577577005976,96.638655,2.21,83.33,1.139240506329114,0.2421197808426223,39500.0,526.3731343283582,1.0,-93.366197,0.0012617401668653,8.0,3.93,3.03,40.769479716300985,1,0,0,0,0,0,0,0,1
6901028098335,202605,长白山(蓝尚),一类烟,0,0.166851732071585,41.9905217249364,99.173554,3.0,100.0,1.139240506329114,0.2421199779856907,39500.0,302.6782608695652,0.9987980769230768,-95.638655,0.0021838942307692,2.0,6.25,11.54,41.592577577005976,1,0,0,0,0,0,0,0,1
6901028098335,202606,长白山(蓝尚),一类烟,1,-34.30540708344533,42.157373457007985,85.454545,1.11,57.14,1.139240506329114,0.2421191983122363,39500.0,194.4333333333333,1.0,-98.173554,0.0022843373493975,1.0,7.47,0.0,41.9905217249364,1,0,0,0,0,0,0,0,1
6901028100274,202501,长白山(777),二类烟,0,-0.1024491237962053,52.61505253913105,100.0,87.5,100.0,1.1484823625922886,0.24217756114839845,41075.0,317.4115210843373,0.2345238095238095,-97.484848,0.00281763621607935,8.0,14.61,0.0,41.1974834563511,0,0,1,0,0,0,0,0,1
6901028100274,202502,长白山(777),二类烟,1,-10.760197175706672,52.512603415334844,90.804598,96.96,100.0,1.2305168170631664,0.2419484055643795,30475.0,359.54255319148933,0.5059241706161137,-99.0,0.001357654028436,28.0,11.02,0.0,52.61505253913105,0,0,1,0,0,0,0,0,1
6901028100274,202503,长白山(777),二类烟,0,0.0,41.75240623962817,,90.91,100.0,1.2305168170631664,0.2421490950249737,30475.0,409.1518987341772,0.8191489361702128,-89.804598,0.0011383096926713,8.0,14.61,0.0,52.512603415334844,0,0,1,0,0,0,0,0,1
6901028100274,202504,长白山(777),二类烟,0,10.844123140262475,41.75240623962817,,73.38,97.39,1.2305168170631664,0.24217756114839845,41075.0,317.4115210843373,0.1739644970414201,-97.484848,0.00281763621607935,8.0,14.61,0.0,41.75240623962817,0,0,1,0,0,0,0,0,1
6901028100274,202505,长白山(777),二类烟,0,-10.844123140262475,52.59652937989065,97.435897,100.0,100.0,1.2305168170631664,0.24217756114839845,41075.0,317.4115210843373,0.0236966824644549,-97.484848,0.00281763621607935,8.0,14.61,0.0,41.75240623962817,0,0,1,0,0,0,0,0,1
6901028100274,202506,长白山(777),二类烟,0,0.0,41.75240623962817,,50.37,98.55,1.2305168170631664,0.2421225335693622,30475.0,383.4605263157895,0.1619047619047619,-96.435897,0.0011029047619047,1.0,4.52,0.0,52.59652937989065,0,0,1,0,0,0,0,0,1
6901028100274,202507,长白山(777),二类烟,0,0.0,41.75240623962817,,98.64,100.0,1.2305168170631664,0.24217756114839845,41075.0,317.4115210843373,0.2637231503579952,-97.484848,0.00281763621607935,8.0,14.61,0.0,41.75240623962817,0,0,1,0,0,0,0,0,1
6901028100274,202508,长白山(777),二类烟,0,0.0,41.75240623962817,0.0,88.37,99.6,1.2305168170631664,0.24217756114839845,41075.0,317.4115210843373,0.9988137603795968,-97.484848,0.00281763621607935,8.0,14.61,0.0,41.75240623962817,0,0,1,0,0,0,0,0,1
6901028100274,202509,长白山(777),二类烟,0,0.0,41.75240623962817,,100.0,100.0,1.2305168170631664,0.24217756114839845,41075.0,317.4115210843373,0.004750593824228,1.0,0.0,8.0,14.61,0.0,41.75240623962817,0,0,1,0,0,0,0,0,1
6901028100274,202510,长白山(777),二类烟,0,0.0,41.75240623962817,,87.5,100.0,1.2305168170631664,0.24217756114839845,41075.0,317.4115210843373,0.2345238095238095,-97.484848,0.00281763621607935,8.0,14.61,0.0,41.75240623962817,0,0,1,0,0,0,0,0,1
6901028100274,202512,长白山(777),二类烟,0,0.0,41.75240623962817,,87.5,100.0,1.2305168170631664,0.24217756114839845,41075.0,317.4115210843373,0.2345238095238095,-97.484848,0.00281763621607935,8.0,14.61,0.0,41.75240623962817,0,0,1,0,0,0,0,0,1
6901028100274,202601,长白山(777),二类烟,0,0.0,41.75240623962817,,87.5,100.0,1.2305168170631664,0.24217756114839845,41075.0,317.4115210843373,0.2345238095238095,-97.484848,0.00281763621607935,8.0,14.61,0.0,41.75240623962817,0,0,1,0,0,0,0,0,1
6901028100274,202602,长白山(777),二类烟,0,0.0,41.75240623962817,,87.5,100.0,1.2305168170631664,0.24217756114839845,41075.0,317.4115210843373,0.2345238095238095,-97.484848,0.00281763621607935,8.0,14.61,0.0,41.75240623962817,0,0,1,0,0,0,0,0,1
6901028102094,202501,贵烟(红中支),一类烟,0,0.23660207176448012,68.80998647406265,92.105263,87.5,100.0,1.1484823625922886,0.24217756114839845,41075.0,317.4115210843373,0.2345238095238095,-97.484848,0.00281763621607935,8.0,14.61,0.0,41.1974834563511,1,0,0,0,0,0,0,0,1
6901028102094,202502,贵烟(红中支),一类烟,1,-0.4958438651898831,69.04658854582713,87.878788,87.5,100.0,1.1406844106463878,0.3088712656165128,65750.0,192.5142857142857,0.2345238095238095,-91.105263,0.0010906398104265,18.0,3.67,12.9,68.80998647406265,1,0,0,0,0,0,0,0,1
6901028102094,202503,贵烟(红中支),一类烟,0,-0.10829528479565909,68.55074468063725,86.363636,89.41,100.0,1.1406844106463878,0.3088816048249639,65750.0,129.32758620689654,0.2009456264775413,-86.878788,0.001803073286052,8.0,14.61,0.0,69.04658854582713,1,0,0,0,0,0,0,0,1
6901028102094,202504,贵烟(红中支),一类烟,0,0.5118594625948418,68.44244939584159,100.0,100.0,100.0,1.1406844106463878,0.3089093456073644,65750.0,267.10526315789474,0.0047337278106508,-85.363636,0.0011827218934911,8.0,2.25,0.0,68.55074468063725,1,0,0,0,0,0,0,0,1
6901028102094,202505,贵烟(红中支),一类烟,1,0.08297722425193399,68.95430885843643,96.0,100.0,100.0,1.1406844106463878,0.3089091385866002,65750.0,296.51724137931035,0.0248815165876777,-99.0,0.0009036729857819,8.0,1.78,0.0,68.44244939584159,1,0,0,0,0,0,0,0,1
6901028102094,202507,贵烟(红中支),一类烟,0,0.0,8.388239050300362,,100.0,100.0,1.1406844106463878,0.3089132285341354,65750.0,135.28358208955223,0.0119331742243436,-99.0,0.0021027446300715,17.0,4.06,0.0,69.03728608268837,1,0,0,0,0,0,0,0,1
6901028102094,202508,贵烟(红中支),一类烟,0,0.0,8.388239050300362,0.0,96.3,100.0,1.1406844106463878,0.24217756114839845,41075.0,317.4115210843373,0.096085409252669,-97.484848,0.00281763621607935,8.0,14.61,0.0,8.388239050300362,1,0,0,0,0,0,0,0,1
6901028102094,202510,贵烟(红中支),一类烟,0,0.0,8.388239050300362,,87.5,100.0,1.1406844106463878,0.24217756114839845,41075.0,317.4115210843373,0.2345238095238095,1.0,0.0,8.0,14.61,0.0,8.388239050300362,1,0,0,0,0,0,0,0,1
6901028102094,202511,贵烟(红中支),一类烟,0,0.0,8.388239050300362,,87.5,100.0,1.1406844106463878,0.24217756114839845,41075.0,317.4115210843373,0.2345238095238095,-97.484848,0.00281763621607935,8.0,14.61,0.0,8.388239050300362,1,0,0,0,0,0,0,0,1
6901028102094,202512,贵烟(红中支),一类烟,0,0.0,8.388239050300362,,87.5,100.0,1.1406844106463878,0.24217756114839845,41075.0,317.4115210843373,0.2345238095238095,-97.484848,0.00281763621607935,8.0,14.61,0.0,8.388239050300362,1,0,0,0,0,0,0,0,1
6901028102094,202601,贵烟(红中支),一类烟,0,0.0,8.388239050300362,,0.0,100.0,1.1406844106463878,0.24217756114839845,41075.0,317.4115210843373,0.0047169811320754,-97.484848,0.00281763621607935,8.0,14.61,0.0,8.388239050300362,1,0,0,0,0,0,0,0,1
6901028102094,202602,贵烟(红中支),一类烟,0,0.0,8.388239050300362,,87.5,100.0,1.1406844106463878,0.24217756114839845,41075.0,317.4115210843373,0.2345238095238095,-97.484848,0.00281763621607935,8.0,14.61,0.0,8.388239050300362,1,0,0,0,0,0,0,0,1
6901028102094,202603,贵烟(红中支),一类烟,0,0.0,8.388239050300362,,87.5,100.0,1.1406844106463878,0.24217756114839845,41075.0,317.4115210843373,0.2345238095238095,-97.484848,0.00281763621607935,8.0,14.61,0.0,8.388239050300362,1,0,0,0,0,0,0,0,1
6901028102094,202604,贵烟(红中支),一类烟,0,0.0,8.388239050300362,,87.5,100.0,1.1406844106463878,0.24217756114839845,41075.0,317.4115210843373,0.2345238095238095,-97.484848,0.00281763621607935,8.0,14.61,0.0,8.388239050300362,1,0,0,0,0,0,0,0,1
6901028102094,202605,贵烟(红中支),一类烟,0,0.0,8.388239050300362,,87.5,100.0,1.1406844106463878,0.24217756114839845,41075.0,317.4115210843373,0.2345238095238095,-97.484848,0.00281763621607935,8.0,14.61,0.0,8.388239050300362,1,0,0,0,0,0,0,0,1
6901028104241,202501,哈尔滨(老巴夺),三类烟,0,0.04974673078256586,41.6869676586144,97.183099,87.5,100.0,1.1484823625922886,0.24217756114839845,41075.0,317.4115210843373,0.2345238095238095,-97.484848,0.00281763621607935,8.0,14.61,0.0,41.1974834563511,0,1,0,0,0,0,0,1,0
6901028104241,202502,哈尔滨(老巴夺),三类烟,0,-0.11208390671830415,41.736714389396965,98.591549,87.5,100.0,1.134020618556701,0.2421330743562926,24250.0,102.79951690821257,0.2345238095238095,-96.183099,0.0047580568720379,5.0,49.05,0.0,41.6869676586144,0,1,0,0,0,0,0,1,0
6901028104241,202503,哈尔滨(老巴夺),三类烟,0,-2.9351287060057487,41.62463048267866,98.142415,82.16,100.0,1.134020618556701,0.2421330387825233,24250.0,89.27460317460317,0.1312056737588652,-97.591549,0.0072234042553191,8.0,14.61,0.0,41.736714389396965,0,1,0,0,0,0,0,1,0
6901028104241,202504,哈尔滨(老巴夺),三类烟,1,2.2968118566349602,38.68950177667291,88.888889,87.5,100.0,1.134020618556701,0.2421447851962665,24250.0,121.01261829652996,0.2345238095238095,-97.142415,0.0036389349112426,8.0,13.61,0.0,41.62463048267866,0,1,0,0,0,0,0,1,0
6901028104241,202505,哈尔滨(老巴夺),三类烟,0,0.48042555113862306,40.98631363330787,98.561151,82.5,94.12,1.134020618556701,0.2421443298969072,24250.0,918.725,0.0236966824644549,-87.888889,0.0004597156398104,8.0,2.37,0.0,38.68950177667291,0,1,0,0,0,0,0,1,0
6901028104241,202506,哈尔滨(老巴夺),三类烟,0,0.5376531397923543,41.466739184446496,98.198198,66.67,86.67,1.134020618556701,0.242144630897735,24250.0,294.4890510948905,0.025,-97.561151,0.0015820238095238,5.0,8.21,0.0,40.98631363330787,0,1,0,0,0,0,0,1,0
6901028104241,202507,哈尔滨(老巴夺),三类烟,0,-3.9133647101716704,42.00439232423885,98.432056,45.42,95.08,1.134020618556701,0.2421483968599262,24250.0,164.3188073394495,0.3126491646778043,-97.198198,0.0050467780429594,8.0,26.01,0.0,41.466739184446496,0,1,0,0,0,0,0,1,0
6901028104241,202508,哈尔滨(老巴夺),三类烟,0,3.913078893319458,38.09102761406718,12.698413,33.98,94.44,1.134020618556701,0.2421618465468479,24250.0,9.539233038348083,0.1221826809015421,-97.432056,0.0195035587188612,35.0,88.14,14.4,42.00439232423885,0,1,0,0,0,0,0,1,0
6901028104241,202509,哈尔滨(老巴夺),三类烟,0,-36.090830360381105,42.00410650738664,65.853659,30.82,95.65,1.134020618556701,0.2421649484536082,24250.0,1083.625,0.0866983372921615,-11.698413,9.216152019002376e-05,8.0,0.48,0.0,38.09102761406718,0,1,0,0,0,0,0,1,0
6901028104241,202510,哈尔滨(老巴夺),三类烟,1,0.0,5.913276147005536,0.0,50.0,100.0,1.134020618556701,0.2421611302023673,24250.0,0.3333333333333333,0.0047281323877068,-64.853659,0.0006191489361702,8.0,3.19,0.0,42.00410650738664,0,1,0,0,0,0,0,1,0
6901028104241,202511,哈尔滨(老巴夺),三类烟,0,0.0,5.913276147005536,0.0,87.5,100.0,1.134020618556701,0.24217756114839845,41075.0,317.4115210843373,0.2345238095238095,1.0,0.0,8.0,14.61,0.0,5.913276147005536,0,1,0,0,0,0,0,1,0
6901028104241,202512,哈尔滨(老巴夺),三类烟,0,0.0,5.913276147005536,0.0,87.5,100.0,1.134020618556701,0.24217756114839845,41075.0,317.4115210843373,0.2345238095238095,1.0,0.0,8.0,14.61,0.0,5.913276147005536,0,1,0,0,0,0,0,1,0
6901028104241,202601,哈尔滨(老巴夺),三类烟,0,0.0,5.913276147005536,0.0,87.5,100.0,1.134020618556701,0.24217756114839845,41075.0,317.4115210843373,0.2345238095238095,1.0,0.0,8.0,14.61,0.0,5.913276147005536,0,1,0,0,0,0,0,1,0
6901028104241,202602,哈尔滨(老巴夺),三类烟,0,0.0,5.913276147005536,,12.99,94.54,1.134020618556701,0.24217756114839845,41075.0,317.4115210843373,0.9964497041420118,1.0,0.0,8.0,14.61,0.0,5.913276147005536,0,1,0,0,0,0,0,1,0
6901028104241,202603,哈尔滨(老巴夺),三类烟,0,0.0,5.913276147005536,,87.5,100.0,1.134020618556701,0.24217756114839845,41075.0,317.4115210843373,0.2345238095238095,-97.484848,0.00281763621607935,8.0,14.61,0.0,5.913276147005536,0,1,0,0,0,0,0,1,0
6901028104241,202604,哈尔滨(老巴夺),三类烟,0,0.0,5.913276147005536,,87.5,100.0,1.134020618556701,0.24217756114839845,41075.0,317.4115210843373,0.2345238095238095,-97.484848,0.00281763621607935,8.0,14.61,0.0,5.913276147005536,0,1,0,0,0,0,0,1,0
6901028104241,202605,哈尔滨(老巴夺),三类烟,0,0.0,5.913276147005536,,87.5,100.0,1.134020618556701,0.24217756114839845,41075.0,317.4115210843373,0.2345238095238095,-97.484848,0.00281763621607935,8.0,14.61,0.0,5.913276147005536,0,1,0,0,0,0,0,1,0
6901028104241,202606,哈尔滨(老巴夺),三类烟,0,0.0,5.913276147005536,,87.5,100.0,1.134020618556701,0.24217756114839845,41075.0,317.4115210843373,0.2345238095238095,-97.484848,0.00281763621607935,8.0,14.61,0.0,5.913276147005536,0,1,0,0,0,0,0,1,0
6901028104302,202501,龙烟(老巴夺传琦),一类烟,0,-0.13814749775661284,57.96464219420946,99.082569,87.5,100.0,1.1484823625922886,0.24217756114839845,41075.0,317.4115210843373,0.2345238095238095,-97.484848,0.00281763621607935,8.0,14.61,0.0,41.1974834563511,1,0,0,0,0,0,0,0,1
6901028104302,202502,龙烟(老巴夺传琦),一类烟,0,-43.91504431477354,57.82649469645285,96.815287,87.5,100.0,1.1555555555555554,0.2755111111111111,56250.0,22.892592592592592,0.2345238095238095,-98.082569,0.0143957345971564,301.0,36.61,74.76,57.96464219420946,1,0,0,0,0,0,0,0,1
6901028104302,202503,龙烟(老巴夺传琦),一类烟,0,43.27513354987795,13.911450381679305,,87.5,100.0,1.1555555555555554,0.2755111111111111,56250.0,60.440789473684205,0.2345238095238095,-95.815287,0.0040425531914893,8.0,14.61,0.0,57.82649469645285,1,0,0,0,0,0,0,0,1
6901028104302,202504,龙烟(老巴夺传琦),一类烟,0,-0.9611102641199949,57.18658393155726,91.666667,87.5,100.0,1.1555555555555554,0.24217756114839845,41075.0,317.4115210843373,0.2345238095238095,-97.484848,0.00281763621607935,8.0,14.61,0.0,13.911450381679305,1,0,0,0,0,0,0,0,1
6901028104302,202505,龙烟(老巴夺传琦),一类烟,0,1.6980223382621205,56.225473667437264,90.322581,87.5,100.0,1.1555555555555554,0.2754895622895623,56250.0,232.03030303030303,0.2345238095238095,-90.666667,0.0008797393364928,8.0,2.01,0.0,57.18658393155726,1,0,0,0,0,0,0,0,1
6901028104302,202506,龙烟(老巴夺传琦),一类烟,0,-1.014963802270401,57.923496005699384,99.58159,87.5,100.0,1.1555555555555554,0.2754904761904762,56250.0,493.3571428571428,0.2345238095238095,-89.322581,0.00075,8.0,1.79,0.0,56.225473667437264,1,0,0,0,0,0,0,0,1
6901028104302,202507,龙烟(老巴夺传琦),一类烟,0,-0.24966988579517846,56.90853220342898,100.0,87.5,100.0,1.1555555555555554,0.2754894491129785,56250.0,31.726890756302524,0.2345238095238095,-98.58159,0.006390214797136,8.0,14.56,0.0,57.923496005699384,1,0,0,0,0,0,0,0,1
6901028104302,202508,龙烟(老巴夺传琦),一类烟,0,-14.30514882262338,56.658862317633805,47.368421,87.5,100.0,1.1555555555555554,0.2754895238095238,56250.0,307.6,0.2345238095238095,-99.0,0.0018683274021352,7.0,4.27,0.0,56.90853220342898,1,0,0,0,0,0,0,0,1
6901028104302,202509,龙烟(老巴夺传琦),一类烟,0,-28.44226311333112,42.353713495010425,100.0,87.5,100.0,1.1555555555555554,0.2754893827160494,56250.0,375.44444444444446,0.2345238095238095,-46.368421,0.0012024940617577,8.0,2.73,0.0,56.658862317633805,1,0,0,0,0,0,0,0,1
6901028104302,202511,龙烟(老巴夺传琦),一类烟,0,0.0,13.911450381679305,,87.5,100.0,1.1555555555555554,0.2754888888888889,56250.0,4263.499999999999,0.2345238095238095,-99.0,0.0001063829787234,8.0,0.24,0.0,42.353713495010425,1,0,0,0,0,0,0,0,1
6901028104302,202512,龙烟(老巴夺传琦),一类烟,0,43.79833094870506,13.911450381679305,,87.5,100.0,1.1555555555555554,0.24217756114839845,41075.0,317.4115210843373,0.2345238095238095,-97.484848,0.00281763621607935,8.0,14.61,0.0,13.911450381679305,1,0,0,0,0,0,0,0,1
6901028104302,202601,龙烟(老巴夺传琦),一类烟,0,-2.0779200604104986,57.70978133038437,98.842593,87.5,100.0,1.1555555555555554,0.24217756114839845,41075.0,317.4115210843373,0.2345238095238095,-97.484848,0.00281763621607935,8.0,14.61,0.0,13.911450381679305,1,0,0,0,0,0,0,0,1
6901028104302,202602,龙烟(老巴夺传琦),一类烟,1,1.7235122077903569,55.63186126997387,95.522388,87.5,100.0,1.1555555555555554,0.2755011189175123,56250.0,91.07962529274003,0.2345238095238095,-97.842593,0.0113698224852071,1.0,21.66,53.01,57.70978133038437,1,0,0,0,0,0,0,0,1
6901028104302,202603,龙烟(老巴夺传琦),一类烟,0,-4.480643730388813,57.355373477764225,95.27897,87.5,100.0,1.1555555555555554,0.2755111111111111,56250.0,656.9374999999999,0.2345238095238095,-94.522388,0.001710213776722,8.0,7.6,0.0,55.63186126997387,1,0,0,0,0,0,0,0,1
6901028104302,202604,龙烟(老巴夺传琦),一类烟,0,3.0979400545589044,52.87472974737541,96.153846,87.5,100.0,1.1555555555555554,0.2754898898898898,56250.0,186.1891891891892,0.2345238095238095,-94.27897,0.005953516090584,9.0,6.44,35.19,57.355373477764225,1,0,0,0,0,0,0,0,1
6901028104302,202605,龙烟(老巴夺传琦),一类烟,0,-2.108653189934195,55.972669801934316,96.491228,100.0,100.0,1.1555555555555554,0.2755111111111111,56250.0,1406.32,0.0096153846153846,-95.153846,0.0006760817307692,7.0,3.0,0.0,52.87472974737541,1,0,0,0,0,0,0,0,1
6901028104302,202606,龙烟(老巴夺传琦),一类烟,1,-9.24157079137467,53.86401661200012,83.333333,100.0,100.0,1.1555555555555554,0.2754925252525252,56250.0,562.290909090909,0.0072289156626506,-95.491228,0.0014909638554216,2.0,2.53,28.57,55.972669801934316,1,0,0,0,0,0,0,0,1
6901028104692,202501,龙烟(呈祥),二类烟,0,0.0,15.596606507146483,,87.5,100.0,1.1484823625922886,0.24217756114839845,41075.0,317.4115210843373,0.2345238095238095,-97.484848,0.00281763621607935,8.0,14.61,0.0,41.1974834563511,0,0,1,0,0,0,0,0,1
6901028104692,202502,龙烟(呈祥),二类烟,0,0.0,15.596606507146483,,64.98,100.0,1.160092807424594,0.24217756114839845,41075.0,317.4115210843373,0.5082938388625592,-97.484848,0.00281763621607935,8.0,14.61,0.0,15.596606507146483,0,0,1,0,0,0,0,0,1
6901028104692,202503,龙烟(呈祥),二类烟,0,0.0,15.596606507146483,,87.5,100.0,1.160092807424594,0.24217756114839845,41075.0,317.4115210843373,0.2345238095238095,-97.484848,0.00281763621607935,8.0,14.61,0.0,15.596606507146483,0,0,1,0,0,0,0,0,1
6901028104692,202504,龙烟(呈祥),二类烟,0,0.0,15.596606507146483,,87.5,100.0,1.160092807424594,0.24217756114839845,41075.0,317.4115210843373,0.2345238095238095,-97.484848,0.00281763621607935,8.0,14.61,0.0,15.596606507146483,0,0,1,0,0,0,0,0,1
6901028104692,202505,龙烟(呈祥),二类烟,0,0.0,15.596606507146483,,87.5,100.0,1.160092807424594,0.24217756114839845,41075.0,317.4115210843373,0.2345238095238095,-97.484848,0.00281763621607935,8.0,14.61,0.0,15.596606507146483,0,0,1,0,0,0,0,0,1
6901028104692,202506,龙烟(呈祥),二类烟,0,0.0,15.596606507146483,,87.5,100.0,1.160092807424594,0.24217756114839845,41075.0,317.4115210843373,0.2345238095238095,-97.484848,0.00281763621607935,8.0,14.61,0.0,15.596606507146483,0,0,1,0,0,0,0,0,1
6901028104692,202507,龙烟(呈祥),二类烟,0,0.0,15.596606507146483,,87.5,100.0,1.160092807424594,0.24217756114839845,41075.0,317.4115210843373,0.2345238095238095,-97.484848,0.00281763621607935,8.0,14.61,0.0,15.596606507146483,0,0,1,0,0,0,0,0,1
6901028104692,202508,龙烟(呈祥),二类烟,0,0.0,15.596606507146483,,87.5,100.0,1.160092807424594,0.24217756114839845,41075.0,317.4115210843373,0.2345238095238095,-97.484848,0.00281763621607935,8.0,14.61,0.0,15.596606507146483,0,0,1,0,0,0,0,0,1
6901028104692,202509,龙烟(呈祥),二类烟,0,0.0,15.596606507146483,,87.5,100.0,1.160092807424594,0.24217756114839845,41075.0,317.4115210843373,0.2345238095238095,-97.484848,0.00281763621607935,8.0,14.61,0.0,15.596606507146483,0,0,1,0,0,0,0,0,1
6901028104692,202510,龙烟(呈祥),二类烟,0,0.0,15.596606507146483,,87.5,100.0,1.160092807424594,0.24217756114839845,41075.0,317.4115210843373,0.2345238095238095,-97.484848,0.00281763621607935,8.0,14.61,0.0,15.596606507146483,0,0,1,0,0,0,0,0,1
6901028104692,202511,龙烟(呈祥),二类烟,0,0.0,15.596606507146483,,87.5,100.0,1.160092807424594,0.24217756114839845,41075.0,317.4115210843373,0.2345238095238095,-97.484848,0.00281763621607935,8.0,14.61,0.0,15.596606507146483,0,0,1,0,0,0,0,0,1
6901028107150,202501,钻石(双中支荷花),一类烟,0,-0.7004292305648363,74.10377179749644,94.642857,87.5,100.0,1.1484823625922886,0.24217756114839845,41075.0,317.4115210843373,0.2345238095238095,-97.484848,0.00281763621607935,8.0,14.61,0.0,41.1974834563511,1,0,0,0,0,0,0,0,1
6901028107150,202502,钻石(双中支荷花),一类烟,1,-50.69341890280957,73.4033425669316,87.5,87.5,100.0,1.1792452830188678,0.3088641173213085,95400.0,50.43396226415094,0.2345238095238095,-93.642857,0.004792606635071,89.0,12.56,0.0,74.10377179749644,1,0,0,0,0,0,0,0,1
6901028107150,202504,钻石(双中支荷花),一类烟,0,-0.2282754891727592,73.47735531245185,94.594595,87.5,100.0,1.1792452830188678,0.24217756114839845,41075.0,317.4115210843373,0.2345238095238095,-97.484848,0.00281763621607935,8.0,14.61,0.0,22.70992366412203,1,0,0,0,0,0,0,0,1
6901028107150,202505,钻石(双中支荷花),一类烟,1,-2.0351085145914993,73.24907982327909,88.888889,100.0,100.0,1.1792452830188678,0.3088948787061994,95400.0,224.0285714285714,0.0473933649289099,-93.594595,0.0015824644549763,8.0,2.13,0.0,73.47735531245185,1,0,0,0,0,0,0,0,1
6901028107150,202506,钻石(双中支荷花),一类烟,0,1.8546869151003023,71.21397130868759,100.0,87.5,100.0,1.1792452830188678,0.3089011180992313,95400.0,286.75,0.2345238095238095,-87.888889,0.0010902857142857,8.0,1.43,0.0,73.24907982327909,1,0,0,0,0,0,0,0,1
6901028107150,202507,钻石(双中支荷花),一类烟,0,-50.35873455966586,73.06865822378789,100.0,87.5,100.0,1.1792452830188678,0.3089033018867924,95400.0,840.125,0.2345238095238095,-99.0,0.0003642959427207,8.0,0.48,0.0,71.21397130868759,1,0,0,0,0,0,0,0,1
6901028107150,202508,钻石(双中支荷花),一类烟,1,0.0,22.70992366412203,0.0,100.0,100.0,1.1792452830188678,0.3087624475890985,95400.0,320.75,0.0225385527876631,-99.0,0.0003621352313167,8.0,0.47,0.0,73.06865822378789,1,0,0,0,0,0,0,0,1
6901028107150,202509,钻石(双中支荷花),一类烟,0,0.0,22.70992366412203,,87.5,100.0,1.1792452830188678,0.24217756114839845,41075.0,317.4115210843373,0.2345238095238095,1.0,0.0,8.0,14.61,0.0,22.70992366412203,1,0,0,0,0,0,0,0,1
6901028107150,202510,钻石(双中支荷花),一类烟,0,0.0,22.70992366412203,,87.5,100.0,1.1792452830188678,0.24217756114839845,41075.0,317.4115210843373,0.2345238095238095,-97.484848,0.00281763621607935,8.0,14.61,0.0,22.70992366412203,1,0,0,0,0,0,0,0,1
6901028107150,202511,钻石(双中支荷花),一类烟,0,0.0,22.70992366412203,,87.5,100.0,1.1792452830188678,0.24217756114839845,41075.0,317.4115210843373,0.2345238095238095,-97.484848,0.00281763621607935,8.0,14.61,0.0,22.70992366412203,1,0,0,0,0,0,0,0,1
6901028107150,202512,钻石(双中支荷花),一类烟,0,0.0,22.70992366412203,,87.5,100.0,1.1792452830188678,0.24217756114839845,41075.0,317.4115210843373,0.2345238095238095,-97.484848,0.00281763621607935,8.0,14.61,0.0,22.70992366412203,1,0,0,0,0,0,0,0,1
6901028107150,202601,钻石(双中支荷花),一类烟,0,0.0,22.70992366412203,,87.5,100.0,1.1792452830188678,0.24217756114839845,41075.0,317.4115210843373,0.2345238095238095,-97.484848,0.00281763621607935,8.0,14.61,0.0,22.70992366412203,1,0,0,0,0,0,0,0,1
6901028107150,202602,钻石(双中支荷花),一类烟,0,0.0,22.70992366412203,,87.5,100.0,1.1792452830188678,0.24217756114839845,41075.0,317.4115210843373,0.2345238095238095,-97.484848,0.00281763621607935,8.0,14.61,0.0,22.70992366412203,1,0,0,0,0,0,0,0,1
6901028107150,202604,钻石(双中支荷花),一类烟,0,0.0,22.70992366412203,,87.5,100.0,1.1792452830188678,0.24217756114839845,41075.0,317.4115210843373,0.2345238095238095,-97.484848,0.00281763621607935,8.0,14.61,0.0,22.70992366412203,1,0,0,0,0,0,0,0,1
6901028107150,202605,钻石(双中支荷花),一类烟,0,0.0,22.70992366412203,,87.5,100.0,1.1792452830188678,0.24217756114839845,41075.0,317.4115210843373,0.2345238095238095,-97.484848,0.00281763621607935,8.0,14.61,0.0,22.70992366412203,1,0,0,0,0,0,0,0,1
6901028107150,202606,钻石(双中支荷花),一类烟,0,0.0,22.70992366412203,,87.5,100.0,1.1792452830188678,0.24217756114839845,41075.0,317.4115210843373,0.2345238095238095,-97.484848,0.00281763621607935,8.0,14.61,0.0,22.70992366412203,1,0,0,0,0,0,0,0,1
6901028107297,202501,钻石(玫瑰二代),三类烟,0,34.35700452149058,5.913276147005536,,87.5,100.0,1.1484823625922886,0.24217756114839845,41075.0,317.4115210843373,0.2345238095238095,-97.484848,0.00281763621607935,8.0,14.61,0.0,41.1974834563511,0,1,0,0,0,0,0,1,0
6901028107297,202502,钻石(玫瑰二代),三类烟,0,-34.35700452149058,40.27028066849611,94.186047,87.5,100.0,1.134020618556701,0.24217756114839845,41075.0,317.4115210843373,0.2345238095238095,-97.484848,0.00281763621607935,8.0,14.61,0.0,5.913276147005536,0,1,0,0,0,0,0,1,0
6901028107297,202503,钻石(玫瑰二代),三类烟,0,34.18609127450897,5.913276147005536,,95.0,100.0,1.134020618556701,0.2421649484536082,24250.0,491.3086419753086,0.0236406619385342,-93.186047,0.0009287234042553,8.0,14.61,0.0,40.27028066849611,0,1,0,0,0,0,0,1,0
6901028107297,202504,钻石(玫瑰二代),三类烟,0,-34.18609127450897,40.0993674215145,95.238095,87.5,100.0,1.134020618556701,0.24217756114839845,41075.0,317.4115210843373,0.2345238095238095,-97.484848,0.00281763621607935,8.0,14.61,0.0,5.913276147005536,0,1,0,0,0,0,0,1,0
6901028107297,202505,钻石(玫瑰二代),三类烟,1,0.0,5.913276147005536,0.0,91.67,100.0,1.134020618556701,0.2421649484536082,24250.0,537.7625,0.0236966824644549,-94.238095,0.0009194312796208,8.0,4.74,0.0,40.0993674215145,0,1,0,0,0,0,0,1,0
6901028107297,202506,钻石(玫瑰二代),三类烟,0,32.60315949607279,5.913276147005536,,100.0,100.0,1.134020618556701,0.24217756114839845,41075.0,317.4115210843373,0.0047619047619047,1.0,0.0,8.0,14.61,0.0,5.913276147005536,0,1,0,0,0,0,0,1,0
6901028107297,202507,钻石(玫瑰二代),三类烟,0,-32.60315949607279,38.51643564307833,95.0,87.5,100.0,1.134020618556701,0.24217756114839845,41075.0,317.4115210843373,0.2345238095238095,-97.484848,0.00281763621607935,8.0,14.61,0.0,5.913276147005536,0,1,0,0,0,0,0,1,0
6901028107297,202508,钻石(玫瑰二代),三类烟,1,0.0,5.913276147005536,0.0,100.0,100.0,1.134020618556701,0.2421649484536082,24250.0,968.0,0.0047449584816132,-94.0,0.0004372479240806,8.0,2.25,0.0,38.51643564307833,0,1,0,0,0,0,0,1,0
6901028107297,202509,钻石(玫瑰二代),三类烟,0,0.0,5.913276147005536,0.0,87.5,100.0,1.134020618556701,0.24217756114839845,41075.0,317.4115210843373,0.2345238095238095,1.0,0.0,8.0,14.61,0.0,5.913276147005536,0,1,0,0,0,0,0,1,0
6901028107297,202510,钻石(玫瑰二代),三类烟,0,0.0,5.913276147005536,,87.5,100.0,1.134020618556701,0.24217756114839845,41075.0,317.4115210843373,0.2345238095238095,1.0,0.0,8.0,14.61,0.0,5.913276147005536,0,1,0,0,0,0,0,1,0
6901028107297,202511,钻石(玫瑰二代),三类烟,0,0.0,5.913276147005536,,87.5,100.0,1.134020618556701,0.24217756114839845,41075.0,317.4115210843373,0.2345238095238095,-97.484848,0.00281763621607935,8.0,14.61,0.0,5.913276147005536,0,1,0,0,0,0,0,1,0
6901028107297,202512,钻石(玫瑰二代),三类烟,0,0.0,5.913276147005536,,87.5,100.0,1.134020618556701,0.24217756114839845,41075.0,317.4115210843373,0.2345238095238095,-97.484848,0.00281763621607935,8.0,14.61,0.0,5.913276147005536,0,1,0,0,0,0,0,1,0
6901028107297,202602,钻石(玫瑰二代),三类烟,0,0.0,5.913276147005536,,87.5,100.0,1.134020618556701,0.24217756114839845,41075.0,317.4115210843373,0.2345238095238095,-97.484848,0.00281763621607935,8.0,14.61,0.0,5.913276147005536,0,1,0,0,0,0,0,1,0
6901028107297,202604,钻石(玫瑰二代),三类烟,0,0.0,5.913276147005536,,87.5,100.0,1.134020618556701,0.24217756114839845,41075.0,317.4115210843373,0.2345238095238095,-97.484848,0.00281763621607935,8.0,14.61,0.0,5.913276147005536,0,1,0,0,0,0,0,1,0
6901028107297,202605,钻石(玫瑰二代),三类烟,0,0.0,5.913276147005536,,87.5,100.0,1.134020618556701,0.24217756114839845,41075.0,317.4115210843373,0.2345238095238095,-97.484848,0.00281763621607935,8.0,14.61,0.0,5.913276147005536,0,1,0,0,0,0,0,1,0
6901028111270,202501,南京(炫赫门),二类烟,0,-0.8697462039902035,45.06415382898925,97.938788,87.5,100.0,1.1484823625922886,0.24217756114839845,41075.0,317.4115210843373,0.2345238095238095,-97.484848,0.00281763621607935,8.0,14.61,0.0,41.1974834563511,0,0,1,0,0,0,0,0,1
6901028111270,202502,南京(炫赫门),二类烟,0,-4.25151115582738,44.194407624999045,97.478992,100.0,100.0,1.1612903225806452,0.2421290322580645,38750.0,102.047193877551,0.0047393364928909,-96.938788,0.0287962085308056,432.0,92.54,88.22,45.06415382898925,0,0,1,0,0,0,0,0,1
6901028111270,202503,南京(炫赫门),二类烟,1,4.935511306880919,39.942896469171664,88.157895,87.5,100.0,1.1612903225806452,0.2421260659992584,38750.0,338.12068965517244,0.2345238095238095,-96.478992,0.0127517730496453,8.0,14.61,0.0,44.194407624999045,0,0,1,0,0,0,0,0,1
6901028111270,202504,南京(炫赫门),二类烟,0,-28.83703865514642,44.87840777605258,99.546828,87.5,100.0,1.1612903225806452,0.2421116995666827,38750.0,1492.1144278606964,0.2345238095238095,-87.157895,0.0036869822485207,8.0,7.22,65.57,39.942896469171664,0,0,1,0,0,0,0,0,1
6901028111270,202505,南京(炫赫门),二类烟,1,28.996744191339378,16.041369120906165,0.0,100.0,100.0,1.1612903225806452,0.2420862988888345,38750.0,147.89833080424887,0.0047393364928909,-98.546828,0.0242049763033175,12.0,78.2,0.0,44.87840777605258,0,0,1,0,0,0,0,0,1
6901028111270,202506,南京(炫赫门),二类烟,0,0.12894254513737025,45.03811331224554,98.728544,87.5,100.0,1.1612903225806452,0.24217756114839845,41075.0,317.4115210843373,0.2345238095238095,1.0,0.0,8.0,14.61,0.0,16.041369120906165,0,0,1,0,0,0,0,0,1
6901028111270,202507,南京(炫赫门),二类烟,0,-0.14697911301214361,45.16705585738291,97.111913,87.5,100.0,1.1612903225806452,0.242117774131234,38750.0,107.90405666452028,0.2345238095238095,-97.728544,0.0287249403341288,15.0,92.72,0.0,45.03811331224554,0,0,1,0,0,0,0,0,1
6901028111270,202508,南京(炫赫门),二类烟,0,0.1348937548437661,45.02007674437077,98.85,87.5,100.0,1.1612903225806452,0.2421224967022424,38750.0,73.36988847583642,0.2345238095238095,-96.111913,0.0197841043890865,2.0,63.82,0.0,45.16705585738291,0,0,1,0,0,0,0,0,1
6901028111270,202509,南京(炫赫门),二类烟,0,-0.0955572937945206,45.154970499214535,97.953795,87.5,100.0,1.1612903225806452,0.2421278900908839,38750.0,113.90338897319172,0.2345238095238095,-97.85,0.0363937054631829,11.0,78.15,45.44,45.02007674437077,0,0,1,0,0,0,0,0,1
6901028111270,202510,南京(炫赫门),二类烟,0,-0.48374424938714355,45.059413205420014,96.782842,87.5,100.0,1.1612903225806452,0.2421080775584732,38750.0,75.09097035040432,0.2345238095238095,-96.953795,0.0271891252955082,15.0,76.83,7.23,45.154970499214535,0,0,1,0,0,0,0,0,1
6901028111270,202511,南京(炫赫门),二类烟,0,0.7869575737626064,44.57566895603287,98.588235,87.5,100.0,1.1612903225806452,0.2420873916540076,38750.0,98.81994459833795,0.2345238095238095,-95.782842,0.0066062573789846,1.0,19.72,0.0,45.059413205420014,0,0,1,0,0,0,0,0,1
6901028111270,202512,南京(炫赫门),二类烟,0,-0.038222643969803016,45.36262652979548,99.668874,87.5,100.0,1.1612903225806452,0.2421092462853183,38750.0,232.67064439140813,0.2345238095238095,-97.588235,0.0152991755005889,2.0,48.17,0.0,44.57566895603287,0,0,1,0,0,0,0,0,1
6901028111270,202601,南京(炫赫门),二类烟,0,-29.28303476491951,45.324403885825674,98.640133,87.5,100.0,1.1612903225806452,0.2421172435966134,38750.0,19.64451827242525,0.2345238095238095,-98.668874,0.011003537735849,4.0,34.79,0.0,45.36262652979548,0,0,1,0,0,0,0,0,1
6901028111270,202602,南京(炫赫门),二类烟,1,28.4384759938136,16.041369120906165,0.0,100.0,100.0,1.1612903225806452,0.2421181204850641,38750.0,30.128446536650973,0.0177514792899408,-97.640133,0.0545526627218934,7.0,90.77,82.01,45.324403885825674,0,0,1,0,0,0,0,0,1
6901028111270,202603,南京(炫赫门),二类烟,0,0.551352800850168,44.479845114719765,99.656751,93.33,100.0,1.1612903225806452,0.24217756114839845,41075.0,317.4115210843373,0.0178147268408551,1.0,0.0,8.0,14.61,0.0,16.041369120906165,0,0,1,0,0,0,0,0,1
6901028111270,202604,南京(炫赫门),二类烟,0,0.21983652035824264,45.03119791556993,99.503722,87.5,100.0,1.1612903225806452,0.2421287359727417,38750.0,260.82893226176805,0.2345238095238095,-98.656751,0.0160911799761621,8.0,38.02,33.86,44.479845114719765,0,0,1,0,0,0,0,0,1
6901028111270,202605,南京(炫赫门),二类烟,0,0.04407340171509588,45.251034435928176,99.674721,66.0,94.12,1.1612903225806452,0.2421208269648459,38750.0,110.1147132169576,0.0300480769230769,-98.503722,0.0373527644230769,2.0,73.68,60.03,45.03119791556993,0,0,1,0,0,0,0,0,1
6901028111270,202606,南京(炫赫门),二类烟,0,-0.04320513521293634,45.29510783764327,99.368687,60.0,100.0,1.1612903225806452,0.242125874125874,38750.0,50.9109557109557,0.0120481927710843,-98.674721,0.0400572289156626,13.0,85.66,46.13,45.251034435928176,0,0,1,0,0,0,0,0,1
6901028111546,202501,南京(雨花石),一类烟,0,8.864321598098172,58.13317329502762,100.0,87.5,100.0,1.1484823625922886,0.24217756114839845,41075.0,317.4115210843373,0.2345238095238095,-97.484848,0.00281763621607935,8.0,14.61,0.0,41.1974834563511,1,0,0,0,0,0,0,0,1
6901028111546,202504,南京(雨花石),一类烟,0,-50.39887959044509,66.99749489312579,100.0,87.5,100.0,1.162790697674419,0.3088799912242211,113950.0,3839.25,0.2345238095238095,-99.0,0.0002160189573459,4.0,0.47,0.0,58.13317329502762,1,0,0,0,0,0,0,0,1
6901028111546,202505,南京(雨花石),一类烟,0,0.0,16.598615302680695,,87.5,100.0,1.162790697674419,0.3069740017551557,113950.0,1223.25,0.2345238095238095,-99.0,0.0008640758293838,8.0,0.47,100.0,66.99749489312579,1,0,0,0,0,0,0,0,1
6901028111546,202507,南京(雨花石),一类烟,0,0.0,16.598615302680695,,87.5,100.0,1.162790697674419,0.24217756114839845,41075.0,317.4115210843373,0.2345238095238095,-97.484848,0.00281763621607935,8.0,14.61,0.0,16.598615302680695,1,0,0,0,0,0,0,0,1
6901028111546,202508,南京(雨花石),一类烟,0,0.0,16.598615302680695,0.0,87.5,100.0,1.162790697674419,0.24217756114839845,41075.0,317.4115210843373,0.2345238095238095,-97.484848,0.00281763621607935,8.0,14.61,0.0,16.598615302680695,1,0,0,0,0,0,0,0,1
6901028111546,202601,南京(雨花石),一类烟,0,-2.450387790008037,70.41881793749604,96.078431,87.5,100.0,1.162790697674419,0.24217756114839845,41075.0,317.4115210843373,0.2345238095238095,-97.484848,0.00281763621607935,8.0,14.61,0.0,16.598615302680695,1,0,0,0,0,0,0,0,1
6901028111546,202602,南京(雨花石),一类烟,0,2.8431646569270015,67.96843014748801,100.0,96.67,100.0,1.162790697674419,0.3088854760860026,113950.0,500.63265306122446,0.0177514792899408,-95.078431,0.0026431005917159,15.0,1.78,100.0,70.41881793749604,1,0,0,0,0,0,0,0,1
6901028111546,202604,南京(雨花石),一类烟,0,-0.7570588188895897,70.81159480441501,100.0,100.0,100.0,1.162790697674419,0.3088854760860026,113950.0,1166.642857142857,0.004750593824228,-99.0,0.000757862232779,8.0,1.66,0.0,67.96843014748801,1,0,0,0,0,0,0,0,1
6901028111546,202605,南京(雨花石),一类烟,0,-0.8842450249283758,70.05453598552542,100.0,73.53,92.31,1.162790697674419,0.3088961133937,113950.0,395.030303030303,0.0408653846153846,-99.0,0.001807860576923,6.0,2.04,0.0,70.81159480441501,1,0,0,0,0,0,0,0,1
6901028112505,202501,南京(大观园爆冰),一类烟,0,0.0,8.388239050300362,0.0,87.5,100.0,1.1484823625922886,0.24217756114839845,41075.0,317.4115210843373,0.2345238095238095,-97.484848,0.00281763621607935,8.0,14.61,0.0,41.1974834563511,1,0,0,0,0,0,0,0,1
6901028112505,202502,南京(大观园爆冰),一类烟,0,0.0,8.388239050300362,,87.5,100.0,1.1406844106463878,0.24217756114839845,41075.0,317.4115210843373,0.2345238095238095,1.0,0.0,8.0,14.61,0.0,8.388239050300362,1,0,0,0,0,0,0,0,1
6901028112505,202503,南京(大观园爆冰),一类烟,0,0.0,8.388239050300362,,87.5,100.0,1.1406844106463878,0.24217756114839845,41075.0,317.4115210843373,0.2345238095238095,-97.484848,0.00281763621607935,8.0,14.61,0.0,8.388239050300362,1,0,0,0,0,0,0,0,1
6901028112505,202504,南京(大观园爆冰),一类烟,0,0.0,8.388239050300362,,87.5,100.0,1.1406844106463878,0.24217756114839845,41075.0,317.4115210843373,0.2345238095238095,-97.484848,0.00281763621607935,8.0,14.61,0.0,8.388239050300362,1,0,0,0,0,0,0,0,1
6901028112505,202505,南京(大观园爆冰),一类烟,0,0.0,8.388239050300362,,87.5,100.0,1.1406844106463878,0.24217756114839845,41075.0,317.4115210843373,0.2345238095238095,-97.484848,0.00281763621607935,8.0,14.61,0.0,8.388239050300362,1,0,0,0,0,0,0,0,1
6901028112505,202506,南京(大观园爆冰),一类烟,0,0.0,8.388239050300362,,87.5,100.0,1.1406844106463878,0.24217756114839845,41075.0,317.4115210843373,0.2345238095238095,-97.484848,0.00281763621607935,8.0,14.61,0.0,8.388239050300362,1,0,0,0,0,0,0,0,1
6901028112505,202507,南京(大观园爆冰),一类烟,0,0.0,8.388239050300362,,87.5,100.0,1.1406844106463878,0.24217756114839845,41075.0,317.4115210843373,0.2345238095238095,-97.484848,0.00281763621607935,8.0,14.61,0.0,8.388239050300362,1,0,0,0,0,0,0,0,1
6901028112505,202508,南京(大观园爆冰),一类烟,0,0.0,8.388239050300362,0.0,87.5,100.0,1.1406844106463878,0.24217756114839845,41075.0,317.4115210843373,0.2345238095238095,-97.484848,0.00281763621607935,8.0,14.61,0.0,8.388239050300362,1,0,0,0,0,0,0,0,1
6901028112505,202509,南京(大观园爆冰),一类烟,0,0.0,8.388239050300362,,87.5,100.0,1.1406844106463878,0.24217756114839845,41075.0,317.4115210843373,0.2345238095238095,1.0,0.0,8.0,14.61,0.0,8.388239050300362,1,0,0,0,0,0,0,0,1
6901028112505,202601,南京(大观园爆冰),一类烟,0,-27.183399316025735,64.77324569056448,87.878788,87.5,100.0,1.1406844106463878,0.24217756114839845,41075.0,317.4115210843373,0.2345238095238095,1.0,0.0,8.0,14.61,0.0,8.388239050300362,1,0,0,0,0,0,0,0,1
6901028112505,202602,南京(大观园爆冰),一类烟,0,27.569205249030965,37.589846374538745,100.0,100.0,100.0,1.1406844106463878,0.3082273502032253,65750.0,1219.8620689655172,0.0023668639053254,-86.878788,0.0009026035502958,6.0,1.78,93.33,64.77324569056448,1,0,0,0,0,0,0,0,1
6901028112505,202603,南京(大观园爆冰),一类烟,0,2.6376587340980535,65.15905162356971,100.0,100.0,100.0,1.1406844106463878,0.3082319391634981,65750.0,8608.75,0.002375296912114,-99.0,0.0001249406175771,8.0,0.48,0.0,37.589846374538745,1,0,0,0,0,0,0,0,1
6901028112505,202604,南京(大观园爆冰),一类烟,0,0.35894172498370835,67.79671035766776,100.0,87.5,100.0,1.1406844106463878,0.3058086185044359,65750.0,852.7,0.2345238095238095,-99.0,0.0009404052443384,2.0,1.79,0.0,65.15905162356971,1,0,0,0,0,0,0,0,1
6901028112505,202605,南京(大观园爆冰),一类烟,1,0.39372637653040954,68.15565208265147,94.594595,87.5,100.0,1.1406844106463878,0.3080752851711026,65750.0,381.6,0.2345238095238095,-99.0,0.0015805288461538,14.0,3.13,0.0,67.79671035766776,1,0,0,0,0,0,0,0,1
6901028112505,202606,南京(大观园爆冰),一类烟,0,-0.25793248836578186,68.54937845918188,100.0,87.5,100.0,1.1406844106463878,0.3087072243346008,65750.0,352.57142857142856,0.2345238095238095,-93.594595,0.0011090361445783,8.0,1.69,28.57,68.15565208265147,1,0,0,0,0,0,0,0,1
6901028114455,202501,苏烟(软金砂),一类烟,0,0.0,22.70992366412203,0.0,87.5,100.0,1.1484823625922886,0.24217756114839845,41075.0,317.4115210843373,0.2345238095238095,-97.484848,0.00281763621607935,8.0,14.61,0.0,41.1974834563511,1,0,0,0,0,0,0,0,1
6901028114455,202502,苏烟(软金砂),一类烟,0,0.0,22.70992366412203,0.0,94.9,100.0,1.1792452830188678,0.24217756114839845,41075.0,317.4115210843373,0.981042654028436,1.0,0.0,8.0,14.61,0.0,22.70992366412203,1,0,0,0,0,0,0,0,1
6901028114455,202503,苏烟(软金砂),一类烟,0,42.50311953061343,22.70992366412203,0.0,100.0,100.0,1.1792452830188678,0.24217756114839845,41075.0,317.4115210843373,0.1312056737588652,1.0,0.0,8.0,14.61,0.0,22.70992366412203,1,0,0,0,0,0,0,0,1
6901028114455,202504,苏烟(软金砂),一类烟,0,-42.50311953061343,65.21304319473546,80.0,100.0,100.0,1.1792452830188678,0.24217756114839845,41075.0,317.4115210843373,0.0236686390532544,1.0,0.0,8.0,14.61,0.0,22.70992366412203,1,0,0,0,0,0,0,0,1
6901028114455,202505,苏烟(软金砂),一类烟,1,0.0,22.70992366412203,0.0,97.8,99.21,1.1792452830188678,0.3089098532494759,95400.0,2471.8749999999995,0.4585308056872038,-79.0,0.0003617061611374,4.0,0.47,0.0,65.21304319473546,1,0,0,0,0,0,0,0,1
6901028114455,202506,苏烟(软金砂),一类烟,0,0.0,22.70992366412203,0.0,87.5,100.0,1.1792452830188678,0.24217756114839845,41075.0,317.4115210843373,0.2345238095238095,1.0,0.0,8.0,14.61,0.0,22.70992366412203,1,0,0,0,0,0,0,0,1
6901028114455,202507,苏烟(软金砂),一类烟,0,0.0,22.70992366412203,0.0,99.17,100.0,1.1792452830188678,0.24217756114839845,41075.0,317.4115210843373,0.2887828162291169,1.0,0.0,8.0,14.61,0.0,22.70992366412203,1,0,0,0,0,0,0,0,1
6901028114455,202508,苏烟(软金砂),一类烟,0,0.0,22.70992366412203,0.0,87.5,100.0,1.1792452830188678,0.24217756114839845,41075.0,317.4115210843373,0.2345238095238095,1.0,0.0,8.0,14.61,0.0,22.70992366412203,1,0,0,0,0,0,0,0,1
6901028114455,202509,苏烟(软金砂),一类烟,0,0.0,22.70992366412203,0.0,87.5,100.0,1.1792452830188678,0.24217756114839845,41075.0,317.4115210843373,0.2345238095238095,1.0,0.0,8.0,14.61,0.0,22.70992366412203,1,0,0,0,0,0,0,0,1
6901028114455,202510,苏烟(软金砂),一类烟,0,0.0,22.70992366412203,0.0,87.5,100.0,1.1792452830188678,0.24217756114839845,41075.0,317.4115210843373,0.2345238095238095,1.0,0.0,8.0,14.61,0.0,22.70992366412203,1,0,0,0,0,0,0,0,1
6901028114455,202511,苏烟(软金砂),一类烟,0,0.0,22.70992366412203,0.0,87.5,100.0,1.1792452830188678,0.24217756114839845,41075.0,317.4115210843373,0.2345238095238095,1.0,0.0,8.0,14.61,0.0,22.70992366412203,1,0,0,0,0,0,0,0,1
6901028114455,202512,苏烟(软金砂),一类烟,0,0.0,22.70992366412203,,87.5,100.0,1.1792452830188678,0.24217756114839845,41075.0,317.4115210843373,0.2345238095238095,1.0,0.0,8.0,14.61,0.0,22.70992366412203,1,0,0,0,0,0,0,0,1
6901028114455,202601,苏烟(软金砂),一类烟,0,0.0,22.70992366412203,0.0,87.5,100.0,1.1792452830188678,0.24217756114839845,41075.0,317.4115210843373,0.2345238095238095,-97.484848,0.00281763621607935,8.0,14.61,0.0,22.70992366412203,1,0,0,0,0,0,0,0,1
6901028114455,202602,苏烟(软金砂),一类烟,0,0.0,22.70992366412203,,87.5,100.0,1.1792452830188678,0.24217756114839845,41075.0,317.4115210843373,0.2345238095238095,1.0,0.0,8.0,14.61,0.0,22.70992366412203,1,0,0,0,0,0,0,0,1
6901028114455,202603,苏烟(软金砂),一类烟,0,0.0,22.70992366412203,,87.5,100.0,1.1792452830188678,0.24217756114839845,41075.0,317.4115210843373,0.2345238095238095,-97.484848,0.00281763621607935,8.0,14.61,0.0,22.70992366412203,1,0,0,0,0,0,0,0,1
6901028114455,202604,苏烟(软金砂),一类烟,0,0.0,22.70992366412203,,87.5,100.0,1.1792452830188678,0.24217756114839845,41075.0,317.4115210843373,0.2345238095238095,-97.484848,0.00281763621607935,8.0,14.61,0.0,22.70992366412203,1,0,0,0,0,0,0,0,1
6901028114455,202605,苏烟(软金砂),一类烟,0,0.0,22.70992366412203,,87.5,100.0,1.1792452830188678,0.24217756114839845,41075.0,317.4115210843373,0.2345238095238095,-97.484848,0.00281763621607935,8.0,14.61,0.0,22.70992366412203,1,0,0,0,0,0,0,0,1
6901028114455,202606,苏烟(软金砂),一类烟,0,0.0,22.70992366412203,,87.5,100.0,1.1792452830188678,0.24217756114839845,41075.0,317.4115210843373,0.2345238095238095,-97.484848,0.00281763621607935,8.0,14.61,0.0,22.70992366412203,1,0,0,0,0,0,0,0,1
6901028118187,202501,利群(新版),二类烟,0,-2.566519892117917,41.478145305986054,98.623,87.5,100.0,1.1484823625922886,0.24217756114839845,41075.0,317.4115210843373,0.2345238095238095,-97.484848,0.00281763621607935,8.0,14.61,0.0,41.1974834563511,0,0,1,0,0,0,0,0,1
6901028118187,202502,利群(新版),二类烟,0,0.09974189364550767,38.91162541386814,97.767145,94.38,99.7,1.1180992313067786,0.2467004865313872,35775.0,119.13415094339622,0.957345971563981,-97.623,0.0898613744075829,4.0,99.05,95.81,41.478145305986054,0,0,1,0,0,0,0,0,1
6901028118187,202503,利群(新版),二类烟,0,0.45912740857779966,39.011367307513645,98.909436,87.5,100.0,1.1180992313067786,0.2427507087869056,35775.0,388.3727569331158,0.2345238095238095,-96.767145,0.020737659574468,8.0,14.61,0.0,38.91162541386814,0,0,1,0,0,0,0,0,1
6901028118187,202504,利群(新版),二类烟,0,-0.20542662555885727,39.470494716091444,99.617125,100.0,100.0,1.1180992313067786,0.2422472735946206,35775.0,306.6677852348993,0.072189349112426,-97.909436,0.035326224852071,2.0,97.75,26.51,39.011367307513645,0,0,1,0,0,0,0,0,1
6901028118187,202505,利群(新版),二类烟,0,-0.47512662084529467,39.26506809053259,99.420024,75.8,97.76,1.1180992313067786,0.2421499139792192,35775.0,171.31970649895177,0.4822274881516588,-98.617125,0.0485251421800947,2.0,97.16,17.93,39.470494716091444,0,0,1,0,0,0,0,0,1
6901028118187,202506,利群(新版),二类烟,0,0.5375646499241782,38.78994146968729,98.642534,96.29,99.41,1.1180992313067786,0.2421208140205249,35775.0,223.99846484494927,0.2083333333333333,-98.420024,0.0554853214285714,1.0,97.98,98.06,39.26506809053259,0,0,1,0,0,0,0,0,1
6901028118187,202507,利群(新版),二类烟,0,0.33330802369666657,39.32750611961147,98.766816,87.5,100.0,1.1180992313067786,0.2420697658018066,35775.0,347.6009174311926,0.2345238095238095,-97.642534,0.0223358949880668,8.0,78.04,0.0,38.78994146968729,0,0,1,0,0,0,0,0,1
6901028118187,202508,利群(新版),二类烟,0,-0.06669193313298649,39.66081414330814,98.763688,100.0,100.0,1.1180992313067786,0.2420964043305721,35775.0,204.38081725312148,0.0047449584816132,-97.766816,0.0299101067615658,6.0,83.27,25.78,39.32750611961147,0,0,1,0,0,0,0,0,1
6901028118187,202509,利群(新版),二类烟,0,-0.3532625884044691,39.59412221017515,99.425445,87.5,100.0,1.1180992313067786,0.2421032992125118,35775.0,114.53612303290416,0.2345238095238095,-97.763688,0.0475187173396674,5.0,94.89,69.09,39.66081414330814,0,0,1,0,0,0,0,0,1
6901028118187,202510,利群(新版),二类烟,0,-0.021538531395663085,39.24085962177068,99.626726,85.71,94.59,1.1180992313067786,0.2420681759006387,35775.0,128.85388002201432,0.0330969267139479,-98.425445,0.0614687234042553,7.0,97.04,43.85,39.59412221017515,0,0,1,0,0,0,0,0,1
6901028118187,202511,利群(新版),二类烟,0,-0.4719802816244183,39.21932109037502,99.371596,60.34,94.44,1.1180992313067786,0.242100138269999,35775.0,228.33608092918692,0.0342384887839433,-98.626726,0.0450925501770956,4.0,97.76,55.43,39.24085962177068,0,0,1,0,0,0,0,0,1
6901028118187,202512,利群(新版),二类烟,0,0.9636513368111537,38.7473408087506,99.724518,100.0,100.0,1.1180992313067786,0.2420716653527115,35775.0,231.1024451939292,0.0082449941107184,-98.371596,0.0399803533568904,3.0,97.06,43.45,39.21932109037502,0,0,1,0,0,0,0,0,1
6901028118187,202601,利群(新版),二类烟,0,0.08006088506989073,39.710992145561754,99.130113,12.39,100.0,1.1180992313067786,0.2420205126423202,35775.0,353.83839779005524,0.1226415094339622,-98.724518,0.0122175,8.0,42.69,0.0,38.7473408087506,0,0,1,0,0,0,0,0,1
6901028118187,202602,利群(新版),二类烟,0,-0.3484803096544766,39.791053030631645,97.803109,85.27,100.0,1.1180992313067786,0.2421150101586078,35775.0,102.16784914115011,0.4579881656804733,-98.130113,0.0907033846153846,7.0,98.22,96.51,39.710992145561754,0,0,1,0,0,0,0,0,1
6901028118187,202603,利群(新版),二类烟,0,-0.27215969216261726,39.44257272097717,99.775785,43.92,100.0,1.1180992313067786,0.2421153524069476,35775.0,80.44458571731299,0.3574821852731591,-96.803109,0.0802005819477434,1.0,98.81,93.51,39.791053030631645,0,0,1,0,0,0,0,0,1
6901028118187,202604,利群(新版),二类烟,0,0.09723150729409724,39.17041302881455,99.6004,73.68,92.86,1.1180992313067786,0.2421047589883714,35775.0,174.0119850187266,0.0441001191895113,-98.775785,0.0455395709177592,8.0,83.31,71.53,39.44257272097717,0,0,1,0,0,0,0,0,1
6901028118187,202605,利群(新版),二类烟,0,0.3403629097443712,39.26764453610865,99.739696,53.06,90.24,1.1180992313067786,0.2421100127776761,35775.0,248.5541624874624,0.1766826923076923,-98.6004,0.0342958413461538,8.0,75.36,25.2,39.17041302881455,0,0,1,0,0,0,0,0,1
6901028118187,202606,利群(新版),二类烟,0,0.15110277356016155,39.60800744585302,99.49594,55.36,100.0,1.1180992313067786,0.2421095490428342,35775.0,222.07655502392345,0.0542168674698795,-98.739696,0.0396369759036144,1.0,94.58,16.05,39.26764453610865,0,0,1,0,0,0,0,0,1
6901028118828,202501,利群(长嘴),一类烟,0,-44.226014616314885,57.20311385295602,98.929336,87.5,100.0,1.1484823625922886,0.24217756114839845,41075.0,317.4115210843373,0.2345238095238095,-97.484848,0.00281763621607935,8.0,14.61,0.0,41.1974834563511,1,0,0,0,0,0,0,0,1
6901028118828,202502,利群(长嘴),一类烟,1,42.386356596082244,12.977099236641138,0.0,91.67,100.0,1.1530398322851152,0.2755196847177979,47700.0,146.1525974025974,0.0853080568720379,-97.929336,0.0208885308056872,172.0,78.32,34.95,57.20311385295602,1,0,0,0,0,0,0,0,1
6901028118828,202503,利群(长嘴),一类烟,0,1.7528627979723908,55.36345583272338,95.3125,95.0,100.0,1.1530398322851152,0.24217756114839845,41075.0,317.4115210843373,0.0472813238770685,1.0,0.0,8.0,14.61,0.0,12.977099236641138,1,0,0,0,0,0,0,0,1
6901028118828,202504,利群(长嘴),一类烟,0,-0.7115035592362489,57.11631863069577,99.838188,87.5,100.0,1.1530398322851152,0.275524109014675,47700.0,646.6475409836066,0.2345238095238095,-94.3125,0.0027547455621301,8.0,7.22,0.0,55.36345583272338,1,0,0,0,0,0,0,0,1
6901028118828,202505,利群(长嘴),一类烟,0,-43.427715834818386,56.404815071459524,99.410029,87.5,94.44,1.1530398322851152,0.27552402406994,47700.0,170.21393841166935,0.0236966824644549,-98.838188,0.0139482938388625,21.0,36.97,0.0,57.11631863069577,1,0,0,0,0,0,0,0,1
6901028118828,202506,利群(长嘴),一类烟,1,11.229198563237777,12.977099236641138,0.0,87.5,100.0,1.1530398322851152,0.275524109014675,47700.0,363.6083086053412,0.2345238095238095,-98.410029,0.0076547142857142,8.0,20.12,0.0,56.404815071459524,1,0,0,0,0,0,0,0,1
6901028118828,202507,利群(长嘴),一类烟,0,-11.229198563237777,24.206297799878914,100.0,87.5,100.0,1.1530398322851152,0.24217756114839845,41075.0,317.4115210843373,0.2345238095238095,1.0,0.0,8.0,14.61,0.0,12.977099236641138,1,0,0,0,0,0,0,0,1
6901028118828,202508,利群(长嘴),一类烟,1,39.17198054269501,12.977099236641138,0.0,87.5,100.0,1.1530398322851152,0.2751965408805031,47700.0,16181.125000000002,0.2345238095238095,-99.0,0.0001810676156583,8.0,0.47,0.0,24.206297799878914,1,0,0,0,0,0,0,0,1
6901028118828,202509,利群(长嘴),一类烟,0,-0.8872959883483205,52.14907977933615,94.736842,87.5,100.0,1.1530398322851152,0.24217756114839845,41075.0,317.4115210843373,0.2345238095238095,1.0,0.0,8.0,14.61,0.0,12.977099236641138,1,0,0,0,0,0,0,0,1
6901028118828,202510,利群(长嘴),一类烟,0,-6.96963016533369,51.26178379098783,100.0,87.5,100.0,1.1530398322851152,0.2752460400652224,47700.0,1490.1527777777778,0.2345238095238095,-93.736842,0.001623829787234,8.0,4.37,0.0,52.14907977933615,1,0,0,0,0,0,0,0,1
6901028118828,202511,利群(长嘴),一类烟,0,-8.928899762358988,44.29215362565414,100.0,87.5,100.0,1.1530398322851152,0.2751527403414196,47700.0,1721.1999999999998,0.2345238095238095,-99.0,0.0007884297520661,1.0,2.13,0.0,51.26178379098783,1,0,0,0,0,0,0,0,1
6901028118828,202512,利群(长嘴),一类烟,0,21.65626845426737,35.36325386329515,100.0,87.5,100.0,1.1530398322851152,0.2754679544773884,47700.0,3649.714285714285,0.2345238095238095,-99.0,0.000314628975265,8.0,0.82,0.0,44.29215362565414,1,0,0,0,0,0,0,0,1
6901028118828,202601,利群(长嘴),一类烟,0,-0.5719434342049112,57.01952231756252,97.813121,33.33,100.0,1.1530398322851152,0.2745208146151542,47700.0,5973.857142857143,0.0070754716981132,-99.0,0.000315,8.0,0.83,0.0,35.36325386329515,1,0,0,0,0,0,0,0,1
6901028118828,202602,利群(长嘴),一类烟,0,-3.9673539032551233,56.44757888335761,97.391304,66.67,100.0,1.1530398322851152,0.2755105801844182,47700.0,195.0650406504065,0.0177514792899408,-96.813121,0.0111093017751479,243.0,35.03,58.11,57.01952231756252,1,0,0,0,0,0,0,0,1
6901028118828,202603,利群(长嘴),一类烟,0,3.4117820964573085,52.480224980102484,100.0,73.33,100.0,1.1530398322851152,0.2755238750374363,47700.0,351.9598214285714,0.0178147268408551,-96.391304,0.0050759144893111,17.0,23.4,11.68,56.44757888335761,1,0,0,0,0,0,0,0,1
6901028118828,202604,利群(长嘴),一类烟,0,-3.9959645468953084,55.89200707655979,98.734177,100.0,100.0,1.1530398322851152,0.275524109014675,47700.0,1430.303571428571,0.0035756853396901,-99.0,0.001273516090584,8.0,3.34,3.57,52.480224980102484,1,0,0,0,0,0,0,0,1
6901028118828,202605,利群(长嘴),一类烟,0,1.2883372534498463,51.896042529664484,100.0,47.73,90.91,1.1530398322851152,0.275513694027845,47700.0,501.8589743589744,0.0264423076923076,-97.734177,0.0035775,5.0,9.86,0.0,55.89200707655979,1,0,0,0,0,0,0,0,1
6901028118828,202606,利群(长嘴),一类烟,0,2.9409640442327856,53.18437978311433,96.938776,83.33,100.0,1.1530398322851152,0.275516500980591,47700.0,1588.258064516129,0.0072289156626506,-99.0,0.0014252530120481,8.0,3.01,24.0,51.896042529664484,1,0,0,0,0,0,0,0,1
6901028119009,202501,利群(西子阳光),一类烟,0,-1.9083981320177017,65.88521269969753,95.652174,87.5,100.0,1.1484823625922886,0.24217756114839845,41075.0,317.4115210843373,0.2345238095238095,-97.484848,0.00281763621607935,8.0,14.61,0.0,41.1974834563511,1,0,0,0,0,0,0,0,1
6901028119009,202505,利群(西子阳光),一类烟,0,0.0,2.4955960070463217,,80.0,100.0,1.1248185776487662,0.3089073190959983,68900.0,997.3142857142856,0.1303317535545023,-93.594595,0.0011428909952606,8.0,2.13,0.0,63.89913339118664,1,0,0,0,0,0,0,0,1
6901028119009,202506,利群(西子阳光),一类烟,0,0.0,2.4955960070463217,,90.48,100.0,1.1248185776487662,0.24217756114839845,41075.0,317.4115210843373,0.025,-97.484848,0.00281763621607935,8.0,14.61,0.0,2.4955960070463217,1,0,0,0,0,0,0,0,1
6901028119009,202507,利群(西子阳光),一类烟,0,0.0,2.4955960070463217,,87.5,100.0,1.1248185776487662,0.24217756114839845,41075.0,317.4115210843373,0.2345238095238095,-97.484848,0.00281763621607935,8.0,14.61,0.0,2.4955960070463217,1,0,0,0,0,0,0,0,1
6901028119009,202508,利群(西子阳光),一类烟,0,0.0,2.4955960070463217,0.0,87.5,100.0,1.1248185776487662,0.24217756114839845,41075.0,317.4115210843373,0.2345238095238095,-97.484848,0.00281763621607935,8.0,14.61,0.0,2.4955960070463217,1,0,0,0,0,0,0,0,1
6901028119009,202509,利群(西子阳光),一类烟,0,0.0,2.4955960070463217,,100.0,100.0,1.1248185776487662,0.24217756114839845,41075.0,317.4115210843373,0.004750593824228,1.0,0.0,8.0,14.61,0.0,2.4955960070463217,1,0,0,0,0,0,0,0,1
6901028119009,202510,利群(西子阳光),一类烟,0,0.0,2.4955960070463217,,92.31,100.0,1.1248185776487662,0.24217756114839845,41075.0,317.4115210843373,0.0106382978723404,-97.484848,0.00281763621607935,8.0,14.61,0.0,2.4955960070463217,1,0,0,0,0,0,0,0,1
6901028119009,202512,利群(西子阳光),一类烟,0,5.508072983074079,57.37266781317506,100.0,87.5,100.0,1.1248185776487662,0.24217756114839845,41075.0,317.4115210843373,0.2345238095238095,-97.484848,0.00281763621607935,8.0,14.61,0.0,2.4955960070463217,1,0,0,0,0,0,0,0,1
6901028119009,202601,利群(西子阳光),一类烟,1,-1.6110902361795638,62.88074079624914,83.333333,0.0,100.0,1.1248185776487662,0.3089078374455732,68900.0,2771.25,0.0011792452830188,-99.0,0.00013,2.0,0.24,0.0,57.37266781317506,1,0,0,0,0,0,0,0,1
6901028119009,202602,利群(西子阳光),一类烟,0,-2.7082930687134663,61.26965056006958,91.666667,84.1,99.35,1.1248185776487662,0.3088896952104499,68900.0,1272.1999999999998,0.2343195266272189,-82.333333,0.0006523076923076,9.0,1.18,100.0,62.88074079624914,1,0,0,0,0,0,0,0,1
6901028119009,202603,利群(西子阳光),一类烟,0,6.801015360826163,58.56135749135611,100.0,38.19,100.0,1.1248185776487662,0.3088896952104499,68900.0,1710.0909090909092,0.5118764845605701,-90.666667,0.0003600475059382,8.0,1.31,0.0,61.26965056006958,1,0,0,0,0,0,0,0,1
6901028119009,202604,利群(西子阳光),一类烟,0,-5.705838798932241,65.36237285218228,100.0,88.89,93.75,1.1248185776487662,0.3089078374455732,68900.0,2448.1666666666665,0.0417163289630512,-99.0,0.0001970917759237,3.0,0.36,0.0,58.56135749135611,1,0,0,0,0,0,0,0,1
6901028119009,202605,利群(西子阳光),一类烟,0,6.7009938731982785,59.656534053250034,100.0,79.79,97.37,1.1248185776487662,0.308906973529615,68900.0,599.5714285714286,0.0564903846153846,-99.0,0.000695625,5.0,1.32,0.0,65.36237285218228,1,0,0,0,0,0,0,0,1
6901028119009,202606,利群(西子阳光),一类烟,0,-32.20171210968878,66.35752792644831,98.333333,75.56,100.0,1.1248185776487662,0.3089078374455732,68900.0,2150.5,0.0542168674698795,-99.0,0.000332048192771,8.0,0.6,0.0,59.656534053250034,1,0,0,0,0,0,0,0,1
6901028120708,202501,利群(软长嘴),一类烟,0,-3.0530544596740725,67.9662111236779,97.652582,87.5,100.0,1.1484823625922886,0.24217756114839845,41075.0,317.4115210843373,0.2345238095238095,-97.484848,0.00281763621607935,8.0,14.61,0.0,41.1974834563511,1,0,0,0,0,0,0,0,1
6901028120708,202502,利群(软长嘴),一类烟,0,-5.7321675739356195,64.91315666400382,96.590909,84.93,100.0,1.1320754716981132,0.3088991190936945,79500.0,135.18910256410257,0.518957345971564,-96.652582,0.0235109004739336,319.0,52.25,26.98,67.9662111236779,1,0,0,0,0,0,0,0,1
6901028120708,202503,利群(软长嘴),一类烟,1,8.204598971220157,59.1809890900682,93.023256,98.2,100.0,1.1320754716981132,0.3088790233074362,79500.0,962.8235294117646,0.1312056737588652,-95.590909,0.0031950354609929,8.0,14.61,0.0,64.91315666400382,1,0,0,0,0,0,0,0,1
6901028120708,202504,利群(软长嘴),一类烟,0,-4.934309066939221,67.38558806128836,99.435028,97.14,100.0,1.1320754716981132,0.3088805031446541,79500.0,2520.975,0.0828402366863905,-92.023256,0.0015053254437869,8.0,2.37,0.0,59.1809890900682,1,0,0,0,0,0,0,0,1
6901028120708,202506,利群(软长嘴),一类烟,0,0.0,5.190839694656439,,87.5,100.0,1.1320754716981132,0.3088828202581926,79500.0,1632.3684210526317,0.2345238095238095,-91.682927,0.0014385714285714,8.0,2.26,0.0,62.45127899434914,1,0,0,0,0,0,0,0,1
6901028120708,202507,利群(软长嘴),一类烟,0,38.74178767697398,5.190839694656439,,87.5,100.0,1.1320754716981132,0.24217756114839845,41075.0,317.4115210843373,0.2345238095238095,-97.484848,0.00281763621607935,8.0,14.61,0.0,5.190839694656439,1,0,0,0,0,0,0,0,1
6901028120708,202508,利群(软长嘴),一类烟,0,21.302999554310503,43.93262737163042,28.571429,87.5,100.0,1.1320754716981132,0.24217756114839845,41075.0,317.4115210843373,0.2345238095238095,-97.484848,0.00281763621607935,8.0,14.61,0.0,5.190839694656439,1,0,0,0,0,0,0,0,1
6901028120708,202509,利群(软长嘴),一类烟,0,-2.3023839649060207,65.23562692594092,96.0,87.5,100.0,1.1320754716981132,0.3087657232704402,79500.0,6652.999999999999,0.2345238095238095,-27.571429,0.0003021377672209,8.0,0.48,0.0,43.93262737163042,1,0,0,0,0,0,0,0,1
6901028120708,202511,利群(软长嘴),一类烟,0,0.0,5.190839694656439,,87.5,100.0,1.1320754716981132,0.3085927672955975,79500.0,1469.9166666666663,0.2345238095238095,-99.0,0.0004505312868949,8.0,0.71,0.0,62.9332429610349,1,0,0,0,0,0,0,0,1
6901028120708,202601,利群(软长嘴),一类烟,0,0.43319575146456657,67.48916029470072,98.203593,0.6,100.0,1.1320754716981132,0.24217756114839845,41075.0,317.4115210843373,0.9846698113207548,-97.484848,0.00281763621607935,8.0,14.61,0.0,5.190839694656439,1,0,0,0,0,0,0,0,1
6901028120708,202602,利群(软长嘴),一类烟,0,-1.9201174611741578,67.92235604616529,99.227799,87.5,100.0,1.1320754716981132,0.3087876783248964,79500.0,252.765243902439,0.2345238095238095,-97.203593,0.0123436686390532,136.0,18.22,40.91,67.48916029470072,1,0,0,0,0,0,0,0,1
6901028120708,202603,利群(软长嘴),一类烟,0,0.23493397263973748,66.00223858499113,98.461538,39.03,100.0,1.1320754716981132,0.3088230183784842,79500.0,138.85603112840465,0.3574821852731591,-98.227799,0.0097061757719714,100.0,29.22,4.47,67.92235604616529,1,0,0,0,0,0,0,0,1
6901028120708,202604,利群(软长嘴),一类烟,0,-0.3917856346537434,66.23717255763087,100.0,90.0,100.0,1.1320754716981132,0.3088379520440251,79500.0,662.359375,0.0226460071513706,-97.461538,0.0024257449344457,1.0,3.81,3.13,66.00223858499113,1,0,0,0,0,0,0,0,1
6901028120708,202605,利群(软长嘴),一类烟,0,2.211436555762049,65.84538692297713,100.0,73.75,94.74,1.1320754716981132,0.3088498951781971,79500.0,599.8000000000001,0.0276442307692307,-99.0,0.0028665865384615,8.0,4.57,0.0,66.23717255763087,1,0,0,0,0,0,0,0,1
6901028120708,202606,利群(软长嘴),一类烟,1,-0.6199299182395634,68.05682347873918,96.396396,50.0,100.0,1.1320754716981132,0.3088753237143914,79500.0,709.0441176470588,0.0216867469879518,-99.0,0.0026053012048192,3.0,4.1,0.0,65.84538692297713,1,0,0,0,0,0,0,0,1
6901028121736,202501,利群(楼外楼),一类烟,0,-0.966747938544728,56.06671961624281,99.465241,87.5,100.0,1.1484823625922886,0.24217756114839845,41075.0,317.4115210843373,0.2345238095238095,-97.484848,0.00281763621607935,8.0,14.61,0.0,41.1974834563511,1,0,0,0,0,0,0,0,1
6901028121736,202502,利群(楼外楼),一类烟,0,0.26219606507311966,55.09997167769808,98.198198,87.5,100.0,1.1428571428571428,0.2755428571428571,43750.0,114.89784946236558,0.2345238095238095,-98.465241,0.00771327014218,13.0,44.08,0.0,56.06671961624281,1,0,0,0,0,0,0,0,1
6901028121736,202503,利群(楼外楼),一类烟,0,0.8865963228871081,55.3621677427712,96.453901,87.5,100.0,1.1428571428571428,0.2755276539973788,43750.0,376.0091743119266,0.2345238095238095,-97.198198,0.0022547281323877,8.0,14.61,0.0,55.09997167769808,1,0,0,0,0,0,0,0,1
6901028121736,202504,利群(楼外楼),一类烟,0,-47.05356232083831,56.24876406565831,99.603175,93.0,97.87,1.1428571428571428,0.275505462184874,43750.0,302.3382352941176,0.059171597633136,-95.453901,0.0028165680473372,8.0,8.05,0.0,55.3621677427712,1,0,0,0,0,0,0,0,1
6901028121736,202505,利群(楼外楼),一类烟,0,0.0,9.19520174482,,80.81,98.35,1.1428571428571428,0.2755104154809334,43750.0,61.90039840637451,0.3518957345971564,-98.603175,0.0104087677725118,1.0,29.98,0.0,56.24876406565831,1,0,0,0,0,0,0,0,1
6901028121736,202506,利群(楼外楼),一类烟,0,0.0,9.19520174482,,98.67,100.0,1.1428571428571428,0.24217756114839845,41075.0,317.4115210843373,0.0892857142857142,-97.484848,0.00281763621607935,8.0,14.61,0.0,9.19520174482,1,0,0,0,0,0,0,0,1
6901028121736,202507,利群(楼外楼),一类烟,0,0.0,9.19520174482,,93.5,98.94,1.1428571428571428,0.24217756114839845,41075.0,317.4115210843373,0.1193317422434367,-97.484848,0.00281763621607935,8.0,14.61,0.0,9.19520174482,1,0,0,0,0,0,0,0,1
6901028121736,202508,利群(楼外楼),一类烟,0,0.0,9.19520174482,0.0,100.0,100.0,1.1428571428571428,0.24217756114839845,41075.0,317.4115210843373,0.0225385527876631,-97.484848,0.00281763621607935,8.0,14.61,0.0,9.19520174482,1,0,0,0,0,0,0,0,1
6901028121736,202509,利群(楼外楼),一类烟,0,0.0,9.19520174482,,100.0,100.0,1.1428571428571428,0.24217756114839845,41075.0,317.4115210843373,0.004750593824228,1.0,0.0,8.0,14.61,0.0,9.19520174482,1,0,0,0,0,0,0,0,1
6901028121736,202510,利群(楼外楼),一类烟,0,0.0,9.19520174482,,87.5,100.0,1.1428571428571428,0.24217756114839845,41075.0,317.4115210843373,0.2345238095238095,-97.484848,0.00281763621607935,8.0,14.61,0.0,9.19520174482,1,0,0,0,0,0,0,0,1
6901028121736,202511,利群(楼外楼),一类烟,0,40.83001356464521,9.19520174482,,92.86,100.0,1.1428571428571428,0.24217756114839845,41075.0,317.4115210843373,0.1652892561983471,-97.484848,0.00281763621607935,8.0,14.61,0.0,9.19520174482,1,0,0,0,0,0,0,0,1
6901028121736,202512,利群(楼外楼),一类烟,0,-40.83001356464521,50.02521530946521,100.0,87.5,100.0,1.1428571428571428,0.24217756114839845,41075.0,317.4115210843373,0.2345238095238095,-97.484848,0.00281763621607935,8.0,14.61,0.0,9.19520174482,1,0,0,0,0,0,0,0,1
6901028121736,202601,利群(楼外楼),一类烟,0,0.0,9.19520174482,,87.5,100.0,1.1428571428571428,0.2682971428571429,43750.0,971.2,0.2345238095238095,-99.0,0.0001031839622641,5.0,0.59,0.0,50.02521530946521,1,0,0,0,0,0,0,0,1
6901028121736,202602,利群(楼外楼),一类烟,0,0.0,9.19520174482,,75.58,100.0,1.1428571428571428,0.24217756114839845,41075.0,317.4115210843373,0.3088757396449704,-97.484848,0.00281763621607935,8.0,14.61,0.0,9.19520174482,1,0,0,0,0,0,0,0,1
6901028121736,202603,利群(楼外楼),一类烟,0,0.0,9.19520174482,,87.5,100.0,1.1428571428571428,0.24217756114839845,41075.0,317.4115210843373,0.2345238095238095,-97.484848,0.00281763621607935,8.0,14.61,0.0,9.19520174482,1,0,0,0,0,0,0,0,1
6901028121828,202601,利群(江南韵),一类烟,0,0.08413768462425253,57.71096075015999,99.393939,87.5,100.0,1.1484823625922886,0.24217756114839845,41075.0,317.4115210843373,0.2345238095238095,-97.484848,0.00281763621607935,8.0,14.61,0.0,41.1974834563511,1,0,0,0,0,0,0,0,1
6901028121828,202602,利群(江南韵),一类烟,0,-3.560824565842836,57.795098434784244,98.979592,98.72,100.0,1.1555555555555554,0.2755084010840108,56250.0,91.54878048780488,0.3088757396449704,-98.393939,0.0087337278106508,182.0,21.66,34.43,57.71096075015999,1,0,0,0,0,0,0,0,1
6901028121828,202603,利群(江南韵),一类烟,0,1.5371189371115364,54.23427386894141,100.0,60.6,100.0,1.1555555555555554,0.2755111111111111,56250.0,68.97422680412372,0.2351543942992874,-97.979592,0.0051840855106888,27.0,21.02,9.6,57.795098434784244,1,0,0,0,0,0,0,0,1
6901028121828,202604,利群(江南韵),一类烟,0,-7.535653196518197,55.771392806052944,100.0,80.9,97.18,1.1555555555555554,0.2754888888888889,56250.0,1034.388888888889,0.102502979737783,-99.0,0.0009654350417163,8.0,2.03,5.88,54.23427386894141,1,0,0,0,0,0,0,0,1
6901028121828,202605,利群(江南韵),一类烟,0,2.8617171822826037,48.23573960953475,100.0,66.67,97.26,1.1555555555555554,0.2754892655367231,56250.0,616.6440677966102,0.1298076923076923,-99.0,0.0015955528846153,8.0,2.28,57.89,55.771392806052944,1,0,0,0,0,0,0,0,1
6901028121828,202606,利群(江南韵),一类烟,0,5.763557201393013,51.09745679181735,100.0,67.78,96.77,1.1555555555555554,0.2754888888888889,56250.0,2664.777777777778,0.0542168674698795,-99.0,0.0004879518072289,3.0,1.08,0.0,48.23573960953475,1,0,0,0,0,0,0,0,1
6901028123266,202501,黄山(硬记忆),三类烟,0,-2.9369646670471496,42.15741282186167,98.555957,87.5,100.0,1.1484823625922886,0.24217756114839845,41075.0,317.4115210843373,0.2345238095238095,-97.484848,0.00281763621607935,8.0,14.61,0.0,41.1974834563511,0,1,0,0,0,0,0,1,0
6901028123266,202502,黄山(硬记忆),三类烟,1,-10.075339206054586,39.22044815481452,94.067797,87.5,100.0,1.1363636363636365,0.2421550671550671,22000.0,56.158730158730165,0.0710900473933649,-97.555957,0.0085393364928909,317.0,93.6,0.0,42.15741282186167,0,1,0,0,0,0,0,1,0
6901028123266,202503,黄山(硬记忆),三类烟,1,12.706611904916613,29.145108948759933,85.106383,90.12,100.0,1.1363636363636365,0.2421590909090909,22000.0,854.8558558558558,0.0721040189125295,-93.067797,0.001154609929078,8.0,14.61,0.0,39.22044815481452,0,1,0,0,0,0,0,1,0
6901028123266,202504,黄山(硬记忆),三类烟,0,-35.06823716179591,41.85172085367655,99.474376,77.05,95.83,1.1363636363636365,0.2421022727272727,22000.0,3587.15,0.072189349112426,-84.106383,0.0004165680473372,8.0,2.37,0.0,29.145108948759933,0,1,0,0,0,0,0,1,0
6901028123266,202505,黄山(硬记忆),三类烟,1,35.089756834797484,6.783483691880636,0.0,37.69,98.04,1.1363636363636365,0.2421024978984027,22000.0,133.5442536327609,0.1587677725118483,-98.474376,0.0078928909952606,1.0,45.02,0.0,41.85172085367655,0,1,0,0,0,0,0,1,0
6901028123266,202506,黄山(硬记忆),三类烟,0,-35.089756834797484,41.87324052667812,97.959184,76.0,93.22,1.1363636363636365,0.24217756114839845,41075.0,317.4115210843373,0.0892857142857142,1.0,0.0,8.0,14.61,0.0,6.783483691880636,0,1,0,0,0,0,0,1,0
6901028123266,202507,黄山(硬记忆),三类烟,1,0.0,6.783483691880636,0.0,43.24,100.0,1.1363636363636365,0.2421022727272727,22000.0,127.67083333333332,0.0441527446300716,-96.959184,0.0050405727923627,8.0,28.64,0.0,41.87324052667812,0,1,0,0,0,0,0,1,0
6901028123266,202508,黄山(硬记忆),三类烟,0,0.0,6.783483691880636,0.0,87.5,100.0,1.1363636363636365,0.24217756114839845,41075.0,317.4115210843373,0.2345238095238095,1.0,0.0,8.0,14.61,0.0,6.783483691880636,0,1,0,0,0,0,0,1,0
6901028123266,202509,黄山(硬记忆),三类烟,0,0.0,6.783483691880636,0.0,94.12,100.0,1.1363636363636365,0.24217756114839845,41075.0,317.4115210843373,0.015439429928741,1.0,0.0,8.0,14.61,0.0,6.783483691880636,0,1,0,0,0,0,0,1,0
6901028123266,202510,黄山(硬记忆),三类烟,0,0.0,6.783483691880636,0.0,57.78,100.0,1.1363636363636365,0.24217756114839845,41075.0,317.4115210843373,0.0413711583924349,1.0,0.0,8.0,0.12,0.0,6.783483691880636,0,1,0,0,0,0,0,1,0
6901028123266,202511,黄山(硬记忆),三类烟,0,0.0,6.783483691880636,0.0,31.42,96.39,1.1363636363636365,0.24217756114839845,41075.0,317.4115210843373,0.2668240850059032,1.0,0.0,8.0,14.61,0.0,6.783483691880636,0,1,0,0,0,0,0,1,0
6901028123266,202512,黄山(硬记忆),三类烟,0,0.0,6.783483691880636,0.0,75.0,90.0,1.1363636363636365,0.24217756114839845,41075.0,317.4115210843373,0.0164899882214369,1.0,0.0,8.0,14.61,0.0,6.783483691880636,0,1,0,0,0,0,0,1,0
6901028123266,202601,黄山(硬记忆),三类烟,0,0.0,6.783483691880636,0.0,7.8,83.78,1.1363636363636365,0.24217756114839845,41075.0,317.4115210843373,0.4941037735849056,1.0,0.0,8.0,14.61,0.0,6.783483691880636,0,1,0,0,0,0,0,1,0
6901028123266,202602,黄山(硬记忆),三类烟,0,0.0,6.783483691880636,,16.99,94.32,1.1363636363636365,0.24217756114839845,41075.0,317.4115210843373,0.9964497041420118,1.0,0.0,8.0,14.61,0.0,6.783483691880636,0,1,0,0,0,0,0,1,0
6901028123266,202603,黄山(硬记忆),三类烟,0,0.0,6.783483691880636,,87.5,100.0,1.1363636363636365,0.24217756114839845,41075.0,317.4115210843373,0.2345238095238095,-97.484848,0.00281763621607935,8.0,14.61,0.0,6.783483691880636,0,1,0,0,0,0,0,1,0
6901028123266,202604,黄山(硬记忆),三类烟,0,0.0,6.783483691880636,,87.5,100.0,1.1363636363636365,0.24217756114839845,41075.0,317.4115210843373,0.2345238095238095,-97.484848,0.00281763621607935,8.0,14.61,0.0,6.783483691880636,0,1,0,0,0,0,0,1,0
6901028123266,202605,黄山(硬记忆),三类烟,0,0.0,6.783483691880636,,87.5,100.0,1.1363636363636365,0.24217756114839845,41075.0,317.4115210843373,0.2345238095238095,-97.484848,0.00281763621607935,8.0,14.61,0.0,6.783483691880636,0,1,0,0,0,0,0,1,0
6901028123266,202606,黄山(硬记忆),三类烟,0,0.0,6.783483691880636,,87.5,100.0,1.1363636363636365,0.24217756114839845,41075.0,317.4115210843373,0.2345238095238095,-97.484848,0.00281763621607935,8.0,14.61,0.0,6.783483691880636,0,1,0,0,0,0,0,1,0
6901028124058,202501,黄山(黑马细支),一类烟,0,-0.5946208994338136,57.822825404521524,99.056604,87.5,100.0,1.1484823625922886,0.24217756114839845,41075.0,317.4115210843373,0.2345238095238095,-97.484848,0.00281763621607935,8.0,14.61,0.0,41.1974834563511,1,0,0,0,0,0,0,0,1
6901028124058,202502,黄山(黑马细支),一类烟,1,0.43471131501333815,57.22820450508771,96.052632,87.5,100.0,1.1555555555555554,0.2755111111111111,56250.0,61.43809523809524,0.2345238095238095,-98.056604,0.0027991706161137,55.0,6.52,90.91,57.822825404521524,1,0,0,0,0,0,0,0,1
6901028124058,202503,黄山(黑马细支),一类烟,0,-0.09981102635315153,57.66291582010105,97.916667,87.5,100.0,1.1555555555555554,0.2755111111111111,56250.0,223.054794520548,0.2345238095238095,-95.052632,0.0019414893617021,8.0,14.61,0.0,57.22820450508771,1,0,0,0,0,0,0,0,1
6901028124058,202504,黄山(黑马细支),一类烟,0,0.17341594661976956,57.5631047937479,100.0,87.5,100.0,1.1555555555555554,0.2754893617021276,56250.0,102.54255319148936,0.2345238095238095,-96.916667,0.0025029585798816,8.0,5.68,0.0,57.66291582010105,1,0,0,0,0,0,0,0,1
6901028124058,202505,黄山(黑马细支),一类烟,0,-0.8644360412076466,57.736520740367666,98.275862,87.5,100.0,1.1555555555555554,0.275489108910891,56250.0,129.64356435643563,0.2345238095238095,-99.0,0.0026925355450236,51.0,6.04,0.0,57.5631047937479,1,0,0,0,0,0,0,0,1
6901028124058,202506,黄山(黑马细支),一类烟,0,-42.96063431748071,56.87208469916002,100.0,22.5,100.0,1.1555555555555554,0.2754896686159844,56250.0,82.5701754385965,0.0476190476190476,-97.275862,0.0030535714285714,4.0,7.02,0.0,57.736520740367666,1,0,0,0,0,0,0,0,1
6901028124058,202507,黄山(黑马细支),一类烟,0,40.126956943694566,13.911450381679305,,87.5,100.0,1.1555555555555554,0.2754888888888889,56250.0,317.4375,0.2345238095238095,-99.0,0.0008591885441527,12.0,1.91,0.0,56.87208469916002,1,0,0,0,0,0,0,0,1
6901028124058,202508,黄山(黑马细支),一类烟,0,1.0285145636125677,54.038407325373875,61.538462,87.5,100.0,1.1555555555555554,0.24217756114839845,41075.0,317.4115210843373,0.2345238095238095,-97.484848,0.00281763621607935,8.0,14.61,0.0,13.911450381679305,1,0,0,0,0,0,0,0,1
6901028124058,202509,黄山(黑马细支),一类烟,0,1.6683772702006152,55.06692188898644,98.113208,87.5,100.0,1.1555555555555554,0.2754888888888889,56250.0,1087.625,0.2345238095238095,-60.538462,0.000855106888361,8.0,1.43,33.33,54.038407325373875,1,0,0,0,0,0,0,0,1
6901028124058,202510,黄山(黑马细支),一类烟,0,-9.746754044546371,56.73529915918706,100.0,87.5,100.0,1.1555555555555554,0.2754888888888889,56250.0,808.0769230769232,0.2345238095238095,-97.113208,0.0013829787234042,8.0,3.07,0.0,55.06692188898644,1,0,0,0,0,0,0,0,1
6901028124058,202511,黄山(黑马细支),一类烟,0,7.549528459711887,46.98854511464069,96.428571,41.67,66.67,1.1555555555555554,0.2754894362342638,56250.0,354.6748768472906,0.0070838252656434,-99.0,0.005392561983471,33.0,9.8,25.3,56.73529915918706,1,0,0,0,0,0,0,0,1
6901028124058,202512,黄山(黑马细支),一类烟,0,2.9633474289858626,54.53807357435257,100.0,100.0,100.0,1.1555555555555554,0.2754897119341564,56250.0,3003.851851851852,0.0047114252061248,-95.428571,0.0007155477031802,8.0,1.18,40.0,46.98854511464069,1,0,0,0,0,0,0,0,1
6901028124058,202601,黄山(黑马细支),一类烟,0,-0.326091042436893,57.501421003338436,98.002497,87.5,100.0,1.1555555555555554,0.2754908496732026,56250.0,952.029411764706,0.2345238095238095,-99.0,0.0018042452830188,20.0,4.36,0.0,54.53807357435257,1,0,0,0,0,0,0,0,1
6901028124058,202602,黄山(黑马细支),一类烟,0,0.24320873497927664,57.17532996090154,98.153034,68.33,100.0,1.1555555555555554,0.2754985987261146,56250.0,147.43821656050957,0.0177514792899408,-97.002497,0.0209023668639053,140.0,27.1,63.76,57.501421003338436,1,0,0,0,0,0,0,0,1
6901028124058,202603,黄山(黑马细支),一类烟,0,-1.2565413180679315,57.41853869588082,96.962025,17.57,100.0,1.1555555555555554,0.2754902031063321,56250.0,235.15860215053763,0.1223277909738717,-97.153034,0.0099406175771971,18.0,15.44,51.54,57.17532996090154,1,0,0,0,0,0,0,0,1
6901028124058,202604,黄山(黑马细支),一类烟,0,0.40891416494670807,56.16199737781289,97.435897,35.0,92.11,1.1555555555555554,0.275490803597331,56250.0,169.12010443864227,0.1275327771156138,-95.962025,0.0102711561382598,9.0,10.37,40.23,57.41853869588082,1,0,0,0,0,0,0,0,1
6901028124058,202605,黄山(黑马细支),一类烟,1,-0.5540411465612252,56.570911542759596,93.333333,23.8,80.0,1.1555555555555554,0.2754908382066277,56250.0,510.64912280701753,0.3100961538461538,-96.435897,0.0030829326923076,8.0,5.53,34.78,56.16199737781289,1,0,0,0,0,0,0,0,1
6901028124058,202606,黄山(黑马细支),一类烟,0,-1.291900100558074,56.01687039619837,100.0,25.33,86.05,1.1555555555555554,0.2754913580246914,56250.0,399.5634920634921,0.1554216867469879,-92.333333,0.0034156626506024,3.0,3.86,40.63,56.570911542759596,1,0,0,0,0,0,0,0,1
6901028125888,202506,黄山(徽商新视界细支),一类烟,0,0.0,22.709923664122115,,60.0,100.0,1.179245283018868,0.3088959316037736,169600.0,85.5,0.0892857142857142,-93.736842,0.0014537142857142,7.0,1.07,0.0,73.98745036562963,1,0,0,0,0,0,0,0,1
6901028125888,202507,黄山(徽商新视界细支),一类烟,0,0.0,22.709923664122115,,87.5,100.0,1.179245283018868,0.24217756114839845,41075.0,317.4115210843373,0.2345238095238095,-97.484848,0.00281763621607935,8.0,14.61,0.0,22.709923664122115,1,0,0,0,0,0,0,0,1
6901028125888,202508,黄山(徽商新视界细支),一类烟,0,0.0,22.709923664122115,0.0,48.61,96.77,1.179245283018868,0.24217756114839845,41075.0,317.4115210843373,0.0723606168446026,-97.484848,0.00281763621607935,8.0,14.61,0.0,22.709923664122115,1,0,0,0,0,0,0,0,1
6901028125888,202511,黄山(徽商新视界细支),一类烟,0,0.0,22.709923664122115,,87.5,100.0,1.179245283018868,0.24217756114839845,41075.0,317.4115210843373,0.2345238095238095,1.0,0.0,8.0,14.61,0.0,22.709923664122115,1,0,0,0,0,0,0,0,1
6901028125970,202501,黄山(徽商新概念细支),一类烟,0,-4.315010901016137,73.6429299643257,92.5,87.5,100.0,1.1484823625922886,0.24217756114839845,41075.0,317.4115210843373,0.2345238095238095,-97.484848,0.00281763621607935,8.0,14.61,0.0,41.1974834563511,1,0,0,0,0,0,0,0,1
6901028125970,202502,黄山(徽商新概念细支),一类烟,0,2.183196920392021,69.32791906330957,100.0,97.45,100.0,1.179245283018868,0.3089033018867924,84800.0,179.9391891891892,0.9585308056872038,-91.5,0.0059480568720379,100.0,17.54,0.0,73.6429299643257,1,0,0,0,0,0,0,0,1
6901028125970,202503,黄山(徽商新概念细支),一类烟,1,1.0281088514719272,71.51111598370159,95.0,89.0,100.0,1.179245283018868,0.3089033018867924,84800.0,1352.75,0.1182033096926714,-99.0,0.000801891252955,8.0,14.61,0.0,69.32791906330957,1,0,0,0,0,0,0,0,1
6901028125970,202504,黄山(徽商新概念细支),一类烟,0,0.23441772905447067,72.53922483517351,97.402597,94.29,99.75,1.179245283018868,0.3088885613207547,84800.0,757.7631578947369,0.9940828402366864,-94.0,0.0015253964497041,8.0,2.25,0.0,71.51111598370159,1,0,0,0,0,0,0,0,1
6901028125970,202505,黄山(徽商新概念细支),一类烟,0,-50.06371890010587,72.77364256422798,96.774194,89.79,99.74,1.179245283018868,0.3088887578616352,84800.0,478.3466666666666,0.5165876777251185,-96.402597,0.0030142180094786,2.0,4.5,0.0,72.53922483517351,1,0,0,0,0,0,0,0,1
6901028125970,202506,黄山(徽商新概念细支),一类烟,0,50.00225476916475,22.709923664122115,,86.08,99.5,1.179245283018868,0.3088885613207547,84800.0,414.6111111111111,0.555952380952381,-95.774194,0.0036342857142857,1.0,5.36,0.0,72.77364256422798,1,0,0,0,0,0,0,0,1
6901028125970,202507,黄山(徽商新概念细支),一类烟,0,-50.00225476916475,72.71217843328687,100.0,93.66,99.5,1.179245283018868,0.24217756114839845,41075.0,317.4115210843373,0.9976133651551312,-97.484848,0.00281763621607935,8.0,14.61,0.0,22.709923664122115,1,0,0,0,0,0,0,0,1
6901028125970,202508,黄山(徽商新概念细支),一类烟,1,0.0,22.709923664122115,0.0,87.5,100.0,1.179245283018868,0.3088283355795148,84800.0,424.7857142857142,0.2345238095238095,-99.0,0.0028166073546856,8.0,3.68,16.13,72.71217843328687,1,0,0,0,0,0,0,0,1
6901028125970,202509,黄山(徽商新概念细支),一类烟,0,19.879570780993284,22.709923664122115,,87.5,100.0,1.179245283018868,0.24217756114839845,41075.0,317.4115210843373,0.2345238095238095,1.0,0.0,8.0,14.61,0.0,22.709923664122115,1,0,0,0,0,0,0,0,1
6901028125970,202510,黄山(徽商新概念细支),一类烟,0,13.421093762639487,42.5894944451154,100.0,87.5,100.0,1.179245283018868,0.24217756114839845,41075.0,317.4115210843373,0.2345238095238095,-97.484848,0.00281763621607935,8.0,14.61,0.0,22.709923664122115,1,0,0,0,0,0,0,0,1
6901028125970,202511,黄山(徽商新概念细支),一类烟,0,9.76424087092483,56.010588207754886,100.0,87.5,100.0,1.179245283018868,0.308873820754717,84800.0,8617.0,0.2345238095238095,-99.0,0.0002002361275088,8.0,0.35,0.0,42.5894944451154,1,0,0,0,0,0,0,0,1
6901028125970,202601,黄山(徽商新概念细支),一类烟,1,-3.0834705057093785,65.77482907867972,91.111111,87.5,100.0,1.179245283018868,0.3088756633254717,84800.0,4969.375,0.2345238095238095,-99.0,0.000639246171967,8.0,0.47,100.0,56.010588207754886,1,0,0,0,0,0,0,0,1
6901028125970,202602,黄山(徽商新概念细支),一类烟,0,9.101450941227718,62.69135857297034,100.0,87.5,100.0,1.179245283018868,0.3088946732627703,84800.0,2317.5365853658536,0.2345238095238095,-90.111111,0.0016458224852071,2.0,1.54,92.31,65.77482907867972,1,0,0,0,0,0,0,0,1
6901028125970,202603,黄山(徽商新概念细支),一类烟,0,1.7326386659583761,71.79280951419805,100.0,16.85,100.0,1.179245283018868,0.308895364658926,84800.0,3155.692307692308,1.0,-99.0,0.0010474109263657,19.0,2.97,0.0,62.69135857297034,1,0,0,0,0,0,0,0,1
6901028125970,202604,黄山(徽商新概念细支),一类烟,0,-1.1143542641232074,73.52544818015643,98.429319,61.81,97.12,1.179245283018868,0.3088830096790003,84800.0,680.5974025974026,0.8092967818831943,-99.0,0.0031130393325387,18.0,4.53,5.26,71.79280951419805,1,0,0,0,0,0,0,0,1
6901028125970,202605,黄山(徽商新概念细支),一类烟,0,-5.084439808968227,72.41109391603322,99.137931,47.31,92.39,1.179245283018868,0.3088844841429145,84800.0,209.82978723404256,0.8545673076923077,-97.429319,0.0076646153846153,52.0,9.62,30.0,73.52544818015643,1,0,0,0,0,0,0,0,1
6901028125970,202606,黄山(徽商新概念细支),一类烟,1,0.34859082672575425,67.326654107065,60.714286,87.5,100.0,1.179245283018868,0.3088861259228876,84800.0,512.8869565217391,0.2345238095238095,-98.137931,0.0046997590361445,6.0,5.18,46.51,72.41109391603322,1,0,0,0,0,0,0,0,1
6901028126007,202501,黄山(新一品),三类烟,0,-6.321624689021682,40.86222139250846,97.56691,87.5,100.0,1.1484823625922886,0.24217756114839845,41075.0,317.4115210843373,0.2345238095238095,-97.484848,0.00281763621607935,8.0,14.61,0.0,41.1974834563511,0,1,0,0,0,0,0,1,0
6901028126007,202502,黄山(新一品),三类烟,1,6.240704168193041,34.54059670348678,84.761905,87.5,100.0,1.1267605633802815,0.2421160513350769,15375.0,80.82418952618453,0.2345238095238095,-96.56691,0.0058439573459715,12.0,93.48,0.0,40.86222139250846,0,1,0,0,0,0,0,1,0
6901028126007,202503,黄山(新一品),三类烟,0,-0.10392478449484344,40.78130087167982,99.622642,94.15,100.0,1.1267605633802815,0.2421138211382114,15375.0,1798.7865168539329,0.5047281323877069,-83.761905,0.0006469858156028,8.0,14.61,0.0,34.54059670348678,0,1,0,0,0,0,0,1,0
6901028126007,202504,黄山(新一品),三类烟,0,0.020220135665319106,40.677376087184975,99.491741,77.41,98.13,1.1267605633802815,0.2421950192986778,15375.0,111.38194444444444,0.9692307692307692,-98.622642,0.0115285207100591,7.0,93.85,0.0,40.78130087167982,0,1,0,0,0,0,0,1,0
6901028126007,202505,黄山(新一品),三类烟,0,0.4130736292729864,40.697596222850294,99.628253,68.67,99.55,1.1267605633802815,0.2421950181187635,15375.0,139.62835249042143,1.0,-98.491741,0.0057055094786729,1.0,46.45,0.0,40.677376087184975,0,1,0,0,0,0,0,1,0
6901028126007,202506,黄山(新一品),三类烟,0,-37.89381144980105,41.11066985212328,99.550994,80.69,99.01,1.1267605633802815,0.2421949197103911,15375.0,134.1218905472637,0.8940476190476191,-98.628253,0.0058864285714285,2.0,47.98,0.0,40.697596222850294,0,1,0,0,0,0,0,1,0
6901028126007,202507,黄山(新一品),三类烟,1,0.0,3.2168584023222304,0.0,93.18,99.56,1.1267605633802815,0.2421745872097896,15375.0,18.552190721649485,0.2887828162291169,-98.550994,0.0227799522673031,4.0,95.7,94.14,41.11066985212328,0,1,0,0,0,0,0,1,0
6901028126007,202508,黄山(新一品),三类烟,0,0.0,3.2168584023222304,0.0,96.55,100.0,1.1267605633802815,0.24217756114839845,41075.0,317.4115210843373,0.0688018979833926,1.0,0.0,8.0,14.61,0.0,3.2168584023222304,0,1,0,0,0,0,0,1,0
6901028126007,202509,黄山(新一品),三类烟,0,0.0,3.2168584023222304,0.0,80.48,98.65,1.1267605633802815,0.24217756114839845,41075.0,317.4115210843373,0.9560570071258908,1.0,0.0,8.0,14.61,0.0,3.2168584023222304,0,1,0,0,0,0,0,1,0
6901028126007,202510,黄山(新一品),三类烟,0,0.0,3.2168584023222304,0.0,76.88,97.4,1.1267605633802815,0.24217756114839845,41075.0,317.4115210843373,0.6784869976359338,1.0,0.0,8.0,14.61,0.0,3.2168584023222304,0,1,0,0,0,0,0,1,0
6901028126007,202511,黄山(新一品),三类烟,0,0.0,3.2168584023222304,0.0,75.93,98.66,1.1267605633802815,0.24217756114839845,41075.0,317.4115210843373,0.4592680047225502,1.0,0.0,8.0,14.61,0.0,3.2168584023222304,0,1,0,0,0,0,0,1,0
6901028126007,202512,黄山(新一品),三类烟,0,0.0,3.2168584023222304,0.0,69.66,98.81,1.1267605633802815,0.24217756114839845,41075.0,317.4115210843373,0.9976442873969376,1.0,0.0,8.0,14.61,0.0,3.2168584023222304,0,1,0,0,0,0,0,1,0
6901028126007,202601,黄山(新一品),三类烟,0,0.0,3.2168584023222304,0.0,31.19,98.09,1.1267605633802815,0.24217756114839845,41075.0,317.4115210843373,0.6804245283018868,1.0,0.0,8.0,14.61,0.0,3.2168584023222304,0,1,0,0,0,0,0,1,0
6901028126007,202602,黄山(新一品),三类烟,0,0.0,3.2168584023222304,,97.8,99.26,1.1267605633802815,0.24217756114839845,41075.0,317.4115210843373,0.9857988165680474,1.0,0.0,8.0,14.61,0.0,3.2168584023222304,0,1,0,0,0,0,0,1,0
6901028126007,202603,黄山(新一品),三类烟,0,0.0,3.2168584023222304,,87.5,100.0,1.1267605633802815,0.24217756114839845,41075.0,317.4115210843373,0.2345238095238095,-97.484848,0.00281763621607935,8.0,14.61,0.0,3.2168584023222304,0,1,0,0,0,0,0,1,0
6901028126007,202604,黄山(新一品),三类烟,0,0.0,3.2168584023222304,,87.5,100.0,1.1267605633802815,0.24217756114839845,41075.0,317.4115210843373,0.2345238095238095,-97.484848,0.00281763621607935,8.0,14.61,0.0,3.2168584023222304,0,1,0,0,0,0,0,1,0
6901028126007,202605,黄山(新一品),三类烟,0,0.0,3.2168584023222304,,87.5,100.0,1.1267605633802815,0.24217756114839845,41075.0,317.4115210843373,0.2345238095238095,-97.484848,0.00281763621607935,8.0,14.61,0.0,3.2168584023222304,0,1,0,0,0,0,0,1,0
6901028126007,202606,黄山(新一品),三类烟,0,0.0,3.2168584023222304,,29.58,91.47,1.1267605633802815,0.24217756114839845,41075.0,317.4115210843373,1.0,-97.484848,0.00281763621607935,2.0,0.24,0.0,3.2168584023222304,0,1,0,0,0,0,0,1,0
6901028129725,202501,都宝(天空蓝中支),一类烟,0,0.0,8.879067898754428,,87.5,100.0,1.1484823625922886,0.24217756114839845,41075.0,317.4115210843373,0.2345238095238095,-97.484848,0.00281763621607935,8.0,14.61,0.0,41.1974834563511,1,0,0,0,0,0,0,0,1
6901028129725,202502,都宝(天空蓝中支),一类烟,0,0.0,8.879067898754428,,87.5,100.0,1.1420059582919562,0.24217756114839845,41075.0,317.4115210843373,0.2345238095238095,-97.484848,0.00281763621607935,8.0,14.61,0.0,8.879067898754428,1,0,0,0,0,0,0,0,1
6901028129725,202503,都宝(天空蓝中支),一类烟,0,0.0,8.879067898754428,,87.5,100.0,1.1420059582919562,0.24217756114839845,41075.0,317.4115210843373,0.2345238095238095,-97.484848,0.00281763621607935,8.0,14.61,0.0,8.879067898754428,1,0,0,0,0,0,0,0,1
6901028129725,202504,都宝(天空蓝中支),一类烟,0,0.0,8.879067898754428,,87.5,100.0,1.1420059582919562,0.24217756114839845,41075.0,317.4115210843373,0.2345238095238095,-97.484848,0.00281763621607935,8.0,14.61,0.0,8.879067898754428,1,0,0,0,0,0,0,0,1
6901028129725,202505,都宝(天空蓝中支),一类烟,0,0.0,8.879067898754428,,87.5,100.0,1.1420059582919562,0.24217756114839845,41075.0,317.4115210843373,0.2345238095238095,-97.484848,0.00281763621607935,8.0,14.61,0.0,8.879067898754428,1,0,0,0,0,0,0,0,1
6901028129725,202507,都宝(天空蓝中支),一类烟,0,0.0,8.879067898754428,,87.5,100.0,1.1420059582919562,0.24217756114839845,41075.0,317.4115210843373,0.2345238095238095,-97.484848,0.00281763621607935,8.0,14.61,0.0,8.879067898754428,1,0,0,0,0,0,0,0,1
6901028129725,202508,都宝(天空蓝中支),一类烟,0,0.0,8.879067898754428,,87.5,100.0,1.1420059582919562,0.24217756114839845,41075.0,317.4115210843373,0.2345238095238095,-97.484848,0.00281763621607935,8.0,14.61,0.0,8.879067898754428,1,0,0,0,0,0,0,0,1
6901028129725,202509,都宝(天空蓝中支),一类烟,0,0.0,8.879067898754428,,87.5,100.0,1.1420059582919562,0.24217756114839845,41075.0,317.4115210843373,0.2345238095238095,-97.484848,0.00281763621607935,8.0,14.61,0.0,8.879067898754428,1,0,0,0,0,0,0,0,1
6901028129725,202510,都宝(天空蓝中支),一类烟,0,0.0,8.879067898754428,,87.5,100.0,1.1420059582919562,0.24217756114839845,41075.0,317.4115210843373,0.2345238095238095,-97.484848,0.00281763621607935,8.0,14.61,0.0,8.879067898754428,1,0,0,0,0,0,0,0,1
6901028129725,202511,都宝(天空蓝中支),一类烟,0,0.0,8.879067898754428,,87.5,100.0,1.1420059582919562,0.24217756114839845,41075.0,317.4115210843373,0.2345238095238095,-97.484848,0.00281763621607935,8.0,14.61,0.0,8.879067898754428,1,0,0,0,0,0,0,0,1
6901028133081,202501,金圣(青瓷中支),一类烟,0,0.0,9.19520174482,,87.5,100.0,1.1484823625922886,0.24217756114839845,41075.0,317.4115210843373,0.2345238095238095,-97.484848,0.00281763621607935,8.0,14.61,0.0,41.1974834563511,1,0,0,0,0,0,0,0,1
6901028133081,202502,金圣(青瓷中支),一类烟,0,0.0,9.19520174482,0.0,83.14,100.0,1.1428571428571428,0.24217756114839845,41075.0,317.4115210843373,0.3092417061611374,-97.484848,0.00281763621607935,8.0,14.61,0.0,9.19520174482,1,0,0,0,0,0,0,0,1
6901028133081,202503,金圣(青瓷中支),一类烟,0,0.0,9.19520174482,0.0,87.5,100.0,1.1428571428571428,0.24217756114839845,41075.0,317.4115210843373,0.2345238095238095,1.0,0.0,8.0,14.61,0.0,9.19520174482,1,0,0,0,0,0,0,0,1
6901028133081,202504,金圣(青瓷中支),一类烟,0,0.0,9.19520174482,,87.5,100.0,1.1428571428571428,0.24217756114839845,41075.0,317.4115210843373,0.2345238095238095,1.0,0.0,8.0,14.61,0.0,9.19520174482,1,0,0,0,0,0,0,0,1
6901028133081,202505,金圣(青瓷中支),一类烟,0,0.0,9.19520174482,,87.5,100.0,1.1428571428571428,0.24217756114839845,41075.0,317.4115210843373,0.2345238095238095,-97.484848,0.00281763621607935,8.0,14.61,0.0,9.19520174482,1,0,0,0,0,0,0,0,1
6901028133081,202506,金圣(青瓷中支),一类烟,0,0.0,9.19520174482,0.0,81.58,93.75,1.1428571428571428,0.24217756114839845,41075.0,317.4115210843373,0.0226190476190476,-97.484848,0.00281763621607935,8.0,14.61,0.0,9.19520174482,1,0,0,0,0,0,0,0,1
6901028133081,202508,金圣(青瓷中支),一类烟,0,0.0,9.19520174482,0.0,81.58,93.75,1.1428571428571428,0.24217756114839845,41075.0,317.4115210843373,0.0226730310262529,1.0,0.0,8.0,14.61,0.0,9.19520174482,1,0,0,0,0,0,0,0,1
6901028133081,202511,金圣(青瓷中支),一类烟,0,0.0,9.19520174482,,87.5,100.0,1.1428571428571428,0.24217756114839845,41075.0,317.4115210843373,0.2345238095238095,1.0,0.0,8.0,14.61,0.0,9.19520174482,1,0,0,0,0,0,0,0,1
6901028133081,202512,金圣(青瓷中支),一类烟,0,0.0,9.19520174482,,87.5,100.0,1.1428571428571428,0.24217756114839845,41075.0,317.4115210843373,0.2345238095238095,-97.484848,0.00281763621607935,8.0,14.61,0.0,9.19520174482,1,0,0,0,0,0,0,0,1
6901028133081,202602,金圣(青瓷中支),一类烟,0,0.0,9.19520174482,,87.5,100.0,1.1428571428571428,0.24217756114839845,41075.0,317.4115210843373,0.2345238095238095,-97.484848,0.00281763621607935,8.0,14.61,0.0,9.19520174482,1,0,0,0,0,0,0,0,1
6901028133081,202603,金圣(青瓷中支),一类烟,0,0.0,9.19520174482,,87.5,100.0,1.1428571428571428,0.24217756114839845,41075.0,317.4115210843373,0.2345238095238095,-97.484848,0.00281763621607935,8.0,14.61,0.0,9.19520174482,1,0,0,0,0,0,0,0,1
6901028133333,202501,金圣(青瓷细支),一类烟,0,-0.6346415656151834,57.9765930188492,95.594714,87.5,100.0,1.1484823625922886,0.24217756114839845,41075.0,317.4115210843373,0.2345238095238095,-97.484848,0.00281763621607935,8.0,14.61,0.0,41.1974834563511,1,0,0,0,0,0,0,0,1
6901028133333,202505,金圣(青瓷细支),一类烟,0,0.08260407691488325,57.34195145323402,93.939394,94.0,100.0,1.1555555555555554,0.2755111111111111,56250.0,4.4562211981566815,0.995260663507109,-94.594714,0.005784952606635,213.0,25.71,0.0,57.9765930188492,1,0,0,0,0,0,0,0,1
6901028133333,202506,金圣(青瓷细支),一类烟,0,-2.4431987321813082,57.4245555301489,100.0,85.49,98.84,1.1555555555555554,0.275489605734767,56250.0,189.80645161290323,0.5964285714285714,-92.939394,0.0008303571428571,8.0,1.9,0.0,57.34195145323402,1,0,0,0,0,0,0,0,1
6901028133333,202507,金圣(青瓷细支),一类烟,0,-41.06990641628829,54.98135679796759,100.0,91.59,99.75,1.1555555555555554,0.275489605734767,56250.0,167.3548387096774,0.9976133651551312,-99.0,0.0008323389021479,8.0,1.91,0.0,57.4245555301489,1,0,0,0,0,0,0,0,1
6901028133333,202508,金圣(青瓷细支),一类烟,1,0.0,13.911450381679305,0.0,87.5,100.0,1.1555555555555554,0.2754888888888889,56250.0,831.3333333333334,0.2345238095238095,-99.0,0.0001601423487544,8.0,0.36,0.0,54.98135679796759,1,0,0,0,0,0,0,0,1
6901028133333,202510,金圣(青瓷细支),一类烟,0,0.0,13.911450381679305,0.0,87.5,100.0,1.1555555555555554,0.24217756114839845,41075.0,317.4115210843373,0.2345238095238095,1.0,0.0,8.0,14.61,0.0,13.911450381679305,1,0,0,0,0,0,0,0,1
6901028133333,202512,金圣(青瓷细支),一类烟,0,39.06318203392891,13.911450381679305,,87.5,100.0,1.1555555555555554,0.24217756114839845,41075.0,317.4115210843373,0.2345238095238095,1.0,0.0,8.0,14.61,0.0,13.911450381679305,1,0,0,0,0,0,0,0,1
6901028133333,202601,金圣(青瓷细支),一类烟,0,4.892769426494574,52.97463241560821,85.714286,41.41,100.0,1.1555555555555554,0.24217756114839845,41075.0,317.4115210843373,0.6863207547169812,-97.484848,0.00281763621607935,8.0,14.61,0.0,13.911450381679305,1,0,0,0,0,0,0,0,1
6901028133333,202602,金圣(青瓷细支),一类烟,0,0.10109342640779317,57.86740184210279,98.373984,90.99,100.0,1.1555555555555554,0.2755111111111111,56250.0,1379.1666666666667,0.9846153846153848,-84.714286,0.0001597633136094,4.0,0.71,0.0,52.97463241560821,1,0,0,0,0,0,0,0,1
6901028133333,202603,金圣(青瓷细支),一类烟,1,-3.5535769018517342,57.96849526851058,95.054945,69.47,99.75,1.1555555555555554,0.2755111111111111,56250.0,49.32231404958678,1.0,-97.373984,0.0032333729216152,116.0,14.37,0.0,57.86740184210279,1,0,0,0,0,0,0,0,1
6901028133333,202604,金圣(青瓷细支),一类烟,1,-40.50346798497954,54.414918366658846,90.909091,87.48,99.32,1.1555555555555554,0.2754908156711625,56250.0,12.560693641618498,1.0,-94.054945,0.0046394517282479,36.0,11.2,0.0,57.96849526851058,1,0,0,0,0,0,0,0,1
6901028133333,202605,金圣(青瓷细支),一类烟,0,0.0,13.911450381679305,,87.5,100.0,1.1555555555555554,0.2755111111111111,56250.0,987.7,0.2345238095238095,-89.909091,0.0002704326923076,3.0,1.2,0.0,54.414918366658846,1,0,0,0,0,0,0,0,1
6901028133333,202606,金圣(青瓷细支),一类烟,0,0.0,13.911450381679305,,85.31,99.46,1.1555555555555554,0.24217756114839845,41075.0,317.4115210843373,0.516867469879518,-97.484848,0.00281763621607935,8.0,14.61,0.0,13.911450381679305,1,0,0,0,0,0,0,0,1
6901028136686,202501,金圣(硬滕王阁),三类烟,0,-15.684166306055559,65.58055034619966,99.008674,87.5,100.0,1.1484823625922886,0.24217756114839845,41075.0,317.4115210843373,0.2345238095238095,-97.484848,0.00281763621607935,8.0,14.61,0.0,41.1974834563511,0,1,0,0,0,0,0,1,0
6901028136686,202502,金圣(硬滕王阁),三类烟,0,-9.61479904597261,49.8963840401441,99.326448,98.94,100.0,1.134020618556701,0.3017370295343406,24250.0,72.36170212765957,0.4490521327014218,-98.008674,0.0183656398104265,14.0,97.63,52.31,65.58055034619966,0,1,0,0,0,0,0,1,0
6901028136686,202503,金圣(硬滕王阁),三类烟,0,-0.38929689497583553,40.28158499417149,99.6633,94.46,100.0,1.134020618556701,0.2636682295259224,24250.0,206.8905967450271,0.9810874704491724,-98.326448,0.0253621749408983,8.0,14.61,0.0,49.8963840401441,0,1,0,0,0,0,0,1,0
6901028136686,202504,金圣(硬滕王阁),三类烟,0,0.41015100419579653,39.89228809919565,99.466667,96.27,99.52,1.134020618556701,0.2421690117953004,24250.0,488.6768018018018,0.5076923076923077,-98.6633,0.0101936094674556,1.0,50.89,0.0,40.28158499417149,0,1,0,0,0,0,0,1,0
6901028136686,202505,金圣(硬滕王阁),三类烟,0,1.4116781920704184,40.30243910339145,99.511719,87.68,99.25,1.134020618556701,0.2421668831707249,24250.0,594.2560321715818,0.8992890995260664,-98.466667,0.0085736966824644,4.0,44.55,0.0,39.89228809919565,0,1,0,0,0,0,0,1,0
6901028136686,202506,金圣(硬滕王阁),三类烟,0,-35.80084114845633,41.71411729546187,99.641927,89.67,97.7,1.134020618556701,0.2421661625001264,24250.0,482.6997055937194,0.4107142857142857,-98.511719,0.0117670238095238,1.0,51.31,19.26,40.30243910339145,0,1,0,0,0,0,0,1,0
6901028136686,202507,金圣(硬滕王阁),三类烟,1,0.0,5.913276147005536,0.0,87.5,100.0,1.134020618556701,0.2421639717496808,24250.0,98.77098987259066,0.2345238095238095,-98.641927,0.0354316229116945,8.0,94.63,93.44,41.71411729546187,0,1,0,0,0,0,0,1,0
6901028136686,202508,金圣(硬滕王阁),三类烟,0,35.64840363517732,5.913276147005536,0.0,87.5,100.0,1.134020618556701,0.24217756114839845,41075.0,317.4115210843373,0.2345238095238095,1.0,0.0,8.0,14.61,0.0,5.913276147005536,0,1,0,0,0,0,0,1,0
6901028136686,202509,金圣(硬滕王阁),三类烟,0,-35.64840363517732,41.56167978218286,99.406724,88.24,99.76,1.134020618556701,0.24217756114839845,41075.0,317.4115210843373,0.5605700712589073,1.0,0.0,8.0,14.61,0.0,5.913276147005536,0,1,0,0,0,0,0,1,0
6901028136686,202510,金圣(硬滕王阁),三类烟,1,0.0,5.913276147005536,0.0,94.73,99.72,1.134020618556701,0.2420725888047253,24250.0,130.29310344827587,0.4373522458628842,-98.406724,0.0172903073286052,20.0,89.36,0.0,41.56167978218286,0,1,0,0,0,0,0,1,0
6901028136686,202511,金圣(硬滕王阁),三类烟,0,35.27752970952014,5.913276147005536,0.0,83.3,100.0,1.134020618556701,0.24217756114839845,41075.0,317.4115210843373,0.4108618654073199,1.0,0.0,8.0,14.61,0.0,5.913276147005536,0,1,0,0,0,0,0,1,0
6901028136686,202512,金圣(硬滕王阁),三类烟,0,0.0855924440782232,41.19080585652568,97.177419,79.95,86.21,1.134020618556701,0.24217756114839845,41075.0,317.4115210843373,0.2332155477031802,1.0,0.0,8.0,14.61,0.0,5.913276147005536,0,1,0,0,0,0,0,1,0
6901028136686,202601,金圣(硬滕王阁),三类烟,0,0.4490127021921566,41.2763983006039,98.696219,87.6,98.47,1.134020618556701,0.241903580442315,24250.0,212.76763485477176,0.4410377358490566,-96.177419,0.0027567216981132,8.0,28.42,0.0,41.19080585652568,0,1,0,0,0,0,0,1,0
6901028136686,202602,金圣(硬滕王阁),三类烟,0,-0.33816094669258945,41.72541100279606,99.384852,87.5,100.0,1.134020618556701,0.2421604543164144,24250.0,217.36063408190225,0.2345238095238095,-97.696219,0.0086898224852071,46.0,89.59,0.0,41.2763983006039,0,1,0,0,0,0,0,1,0
6901028136686,202603,金圣(硬滕王阁),三类烟,0,-35.473973909097936,41.38725005610347,99.857143,43.93,100.0,1.134020618556701,0.2421643103551416,24250.0,95.73810444874276,0.5118764845605701,-98.384852,0.0297796912114014,9.0,93.82,90.13,41.72541100279606,0,1,0,0,0,0,0,1,0
6901028136686,202604,金圣(硬滕王阁),三类烟,1,34.51172657924165,5.913276147005536,0.0,61.79,95.16,1.134020618556701,0.2421648992915751,24250.0,187.71340009537437,0.1203814064362336,-98.857143,0.0242442193087008,1.0,87.37,43.52,41.38725005610347,0,1,0,0,0,0,0,1,0
6901028136686,202605,金圣(硬滕王阁),三类烟,0,1.1074483577933165,40.425002726247186,99.052774,39.64,93.53,1.134020618556701,0.24217756114839845,41075.0,317.4115210843373,0.4975961538461538,1.0,0.0,8.0,14.61,0.0,5.913276147005536,0,1,0,0,0,0,0,1,0
6901028136686,202606,金圣(硬滕王阁),三类烟,0,-0.20825637263549623,41.5324510840405,99.067909,27.12,93.36,1.134020618556701,0.2421539631570052,24250.0,448.06420765027326,0.9963855421686748,-98.052774,0.0085546987951807,2.0,44.22,0.0,40.425002726247186,0,1,0,0,0,0,0,1,0
6901028136891,202501,金圣(硬红·十二生肖),三类烟,0,-0.7058795753882308,42.26701104048987,96.153846,87.5,100.0,1.1484823625922886,0.24217756114839845,41075.0,317.4115210843373,0.2345238095238095,-97.484848,0.00281763621607935,8.0,14.61,0.0,41.1974834563511,0,1,0,0,0,0,1,0,0
6901028136891,202502,金圣(硬红·十二生肖),三类烟,0,0.199532146778715,41.56113146510164,98.616352,93.87,100.0,1.1382113821138211,0.2421138211382113,15375.0,84.072,0.3862559241706161,-95.153846,0.0027325236966824,1.0,44.43,0.0,42.26701104048987,0,1,0,0,0,0,1,0,0
6901028136891,202503,金圣(硬红·十二生肖),三类烟,0,0.4394771191193314,41.760663611880354,99.638118,88.03,100.0,1.1382113821138211,0.2421138211382113,15375.0,275.92857142857144,0.8699763593380615,-97.616352,0.0056992907801418,8.0,14.61,0.0,41.56113146510164,0,1,0,0,0,0,1,0,0
6901028136891,202504,金圣(硬红·十二生肖),三类烟,0,-0.11434403705923302,42.200140730999685,99.402539,87.5,100.0,1.1382113821138211,0.2421949250969507,15375.0,230.49152542372883,0.2345238095238095,-98.638118,0.0060117159763313,8.0,48.99,0.0,41.760663611880354,0,1,0,0,0,0,1,0,0
6901028136891,202505,金圣(硬红·十二生肖),三类烟,0,-34.616051767483604,42.08579669394045,99.459459,96.36,100.0,1.1382113821138211,0.2421948165386988,15375.0,111.03080390683698,0.1303317535545023,-98.402539,0.0096986374407582,5.0,79.15,0.0,42.200140730999685,0,1,0,0,0,0,1,0,0
6901028136891,202506,金圣(硬红·十二生肖),三类烟,1,0.0,7.469744926456848,0.0,93.57,99.67,1.1382113821138211,0.2421951219512194,15375.0,142.1423913043478,0.3797619047619047,-98.459459,0.0067357142857142,3.0,36.31,0.0,42.08579669394045,0,1,0,0,0,0,1,0,0
6901028136891,202507,金圣(硬红·十二生肖),三类烟,0,34.65058488152333,7.469744926456848,0.0,84.19,98.9,1.1382113821138211,0.24217756114839845,41075.0,317.4115210843373,0.513126491646778,1.0,0.0,8.0,14.61,0.0,7.469744926456848,0,1,0,0,0,0,1,0,0
6901028136891,202508,金圣(硬红·十二生肖),三类烟,0,-0.16989723399666445,42.12032980798018,95.857307,100.0,100.0,1.1382113821138211,0.24217756114839845,41075.0,317.4115210843373,0.029655990510083,1.0,0.0,8.0,14.61,0.0,7.469744926456848,0,1,0,0,0,0,1,0,0
6901028136891,202509,金圣(硬红·十二生肖),三类烟,0,0.03384498864009089,41.95043257398351,96.957123,92.86,98.91,1.1382113821138211,0.2421924867507978,15375.0,132.47058823529412,0.3491686460807601,-94.857307,0.0060842636579572,12.0,49.52,0.0,42.12032980798018,0,1,0,0,0,0,1,0,0
6901028136891,202510,金圣(硬红·十二生肖),三类烟,0,0.26899023383365517,41.9842775626236,99.641148,64.82,90.86,1.1382113821138211,0.2421924544495088,15375.0,178.6447931526391,0.6773049645390071,-95.957123,0.0050959219858156,20.0,41.49,0.0,41.95043257398351,0,1,0,0,0,0,1,0,0
6901028136891,202511,金圣(硬红·十二生肖),三类烟,0,-0.24370442642156576,42.25326779645726,99.810845,67.92,99.21,1.1382113821138211,0.2421920963507353,15375.0,169.40696278511408,0.4380165289256198,-98.641148,0.006048347107438,6.0,35.66,38.08,41.9842775626236,0,1,0,0,0,0,1,0,0
6901028136891,202512,金圣(硬红·十二生肖),三类烟,0,-34.539818443578845,42.00956337003569,99.775785,66.92,99.12,1.1382113821138211,0.242193427114309,15375.0,96.44030322173089,0.2002355712603062,-98.810845,0.011466961130742,3.0,20.49,0.0,42.25326779645726,0,1,0,0,0,0,1,0,0
6901028136891,202601,金圣(硬红·十二生肖),三类烟,1,0.0,7.469744926456848,0.0,20.23,95.56,1.1382113821138211,0.2421744770256691,15375.0,160.623595505618,0.6804245283018868,-98.775785,0.0064545990566037,6.0,38.56,0.0,42.00956337003569,0,1,0,0,0,0,1,0,0
6901028136891,202602,金圣(硬红·十二生肖),三类烟,0,0.0,7.469744926456848,,95.49,98.11,1.1382113821138211,0.24217756114839845,41075.0,317.4115210843373,0.4461538461538462,1.0,0.0,8.0,14.61,0.0,7.469744926456848,0,1,0,0,0,0,1,0,0
6901028136891,202603,金圣(硬红·十二生肖),三类烟,0,0.0,7.469744926456848,,87.5,100.0,1.1382113821138211,0.24217756114839845,41075.0,317.4115210843373,0.2345238095238095,-97.484848,0.00281763621607935,8.0,14.61,0.0,7.469744926456848,0,1,0,0,0,0,1,0,0
6901028136891,202604,金圣(硬红·十二生肖),三类烟,0,0.0,7.469744926456848,,87.5,100.0,1.1382113821138211,0.24217756114839845,41075.0,317.4115210843373,0.2345238095238095,-97.484848,0.00281763621607935,8.0,14.61,0.0,7.469744926456848,0,1,0,0,0,0,1,0,0
6901028136891,202605,金圣(硬红·十二生肖),三类烟,0,0.0,7.469744926456848,,87.5,100.0,1.1382113821138211,0.24217756114839845,41075.0,317.4115210843373,0.2345238095238095,-97.484848,0.00281763621607935,8.0,14.61,0.0,7.469744926456848,0,1,0,0,0,0,1,0,0
6901028136891,202606,金圣(硬红·十二生肖),三类烟,0,0.0,7.469744926456848,,87.5,100.0,1.1382113821138211,0.24217756114839845,41075.0,317.4115210843373,0.2345238095238095,-97.484848,0.00281763621607935,8.0,14.61,0.0,7.469744926456848,0,1,0,0,0,0,1,0,0
6901028138536,202501,七匹狼(软灰),一类烟,0,36.27091213453566,5.190839694656439,0.0,87.5,100.0,1.1484823625922886,0.24217756114839845,41075.0,317.4115210843373,0.2345238095238095,-97.484848,0.00281763621607935,8.0,14.61,0.0,41.1974834563511,1,0,0,0,0,0,0,0,1
6901028138536,202502,七匹狼(软灰),一类烟,0,10.397265188865745,41.4617518291921,90.47619,95.92,99.86,1.1320754716981132,0.24217756114839845,41075.0,317.4115210843373,0.8969194312796208,1.0,0.0,8.0,14.61,0.0,5.190839694656439,1,0,0,0,0,0,0,0,1
6901028138536,202504,七匹狼(软灰),一类烟,0,-14.894253110593809,51.85901701805785,95.652174,96.45,100.0,1.1320754716981132,0.2754858845226273,46375.0,3715.5263157894738,1.0,-89.47619,0.0004166075650118,8.0,14.61,0.0,41.4617518291921,1,0,0,0,0,0,0,0,1
6901028138536,202505,七匹狼(软灰),一类烟,0,-31.7739242128076,36.96476390746404,100.0,92.49,99.63,1.1320754716981132,0.2755072286204362,46375.0,891.8863636363637,1.0,-94.652174,0.0009670616113744,8.0,2.13,22.22,51.85901701805785,1,0,0,0,0,0,0,0,1
6901028138536,202506,七匹狼(软灰),一类烟,1,32.36645315558985,5.190839694656439,0.0,91.21,100.0,1.1320754716981132,0.2755188679245283,46375.0,4941.375,0.7714285714285715,-99.0,0.0001766666666666,8.0,0.48,0.0,36.96476390746404,1,0,0,0,0,0,0,0,1
6901028138536,202507,七匹狼(软灰),一类烟,0,-32.36645315558985,37.55729285024629,100.0,98.65,100.0,1.1320754716981132,0.24217756114839845,41075.0,317.4115210843373,0.3532219570405728,1.0,0.0,8.0,14.61,0.0,5.190839694656439,1,0,0,0,0,0,0,0,1
6901028138536,202508,七匹狼(软灰),一类烟,1,0.0,5.190839694656439,0.0,94.02,100.0,1.1320754716981132,0.2754582210242587,46375.0,4773.75,0.7924080664294187,-99.0,0.0001760379596678,8.0,0.47,0.0,37.55729285024629,1,0,0,0,0,0,0,0,1
6901028138536,202509,七匹狼(软灰),一类烟,0,0.0,5.190839694656439,,95.55,99.63,1.1320754716981132,0.24217756114839845,41075.0,317.4115210843373,1.0,1.0,0.0,8.0,14.61,0.0,5.190839694656439,1,0,0,0,0,0,0,0,1
6901028138536,202510,七匹狼(软灰),一类烟,0,0.0,5.190839694656439,0.0,91.78,99.39,1.1320754716981132,0.24217756114839845,41075.0,317.4115210843373,0.9988179669030732,-97.484848,0.00281763621607935,8.0,14.61,0.0,5.190839694656439,1,0,0,0,0,0,0,0,1
6901028138536,202511,七匹狼(软灰),一类烟,0,0.0,5.190839694656439,,92.28,99.75,1.1320754716981132,0.24217756114839845,41075.0,317.4115210843373,1.0,1.0,0.0,8.0,14.61,0.0,5.190839694656439,1,0,0,0,0,0,0,0,1
6901028138536,202512,七匹狼(软灰),一类烟,0,45.853843162181356,5.190839694656439,,89.72,94.97,1.1320754716981132,0.24217756114839845,41075.0,317.4115210843373,1.0,-97.484848,0.00281763621607935,8.0,14.61,0.0,5.190839694656439,1,0,0,0,0,0,0,0,1
6901028138536,202601,七匹狼(软灰),一类烟,0,-6.252228860122713,51.044682856837795,100.0,87.5,100.0,1.1320754716981132,0.24217756114839845,41075.0,317.4115210843373,0.2345238095238095,-97.484848,0.00281763621607935,8.0,14.61,0.0,5.190839694656439,1,0,0,0,0,0,0,0,1
6901028138536,202602,七匹狼(软灰),一类烟,0,5.037219814556984,44.79245399671508,100.0,94.38,100.0,1.1320754716981132,0.2754948016942626,46375.0,1111.873015873016,0.9976331360946744,-99.0,0.0013830177514792,43.0,5.56,25.53,51.044682856837795,1,0,0,0,0,0,0,0,1
6901028138536,202603,七匹狼(软灰),一类烟,0,1.0877815211977548,49.829673811272066,100.0,95.69,100.0,1.1320754716981132,0.2755048724860045,46375.0,2812.307692307693,0.9655581947743468,-99.0,0.0002864014251781,8.0,1.54,0.0,44.79245399671508,1,0,0,0,0,0,0,0,1
6901028138536,202604,七匹狼(软灰),一类烟,0,3.515804896245278,50.91745533246982,100.0,93.14,100.0,1.1320754716981132,0.2755082787832114,46375.0,1443.571428571429,0.4123957091775924,-99.0,0.0006190703218116,2.0,1.67,0.0,49.829673811272066,1,0,0,0,0,0,0,0,1
6901028138536,202605,七匹狼(软灰),一类烟,0,-0.59354798521818,54.4332602287151,99.489796,87.5,100.0,1.1320754716981132,0.2754954177897574,46375.0,1146.52,0.2345238095238095,-99.0,0.000557391826923,4.0,1.68,0.0,50.91745533246982,1,0,0,0,0,0,0,0,1
6901028138536,202606,七匹狼(软灰),一类烟,0,-4.180612196447058,53.83971224349692,98.93617,88.0,99.45,1.1320754716981132,0.2755131660792038,46375.0,192.85641025641024,0.993975903614458,-98.489796,0.0043581325301204,78.0,11.93,11.11,54.4332602287151,1,0,0,0,0,0,0,0,1
6901028141147,202501,七匹狼(蓝),三类烟,0,1.0611324429401918,39.41869198778385,99.328215,87.5,100.0,1.1484823625922886,0.24217756114839845,41075.0,317.4115210843373,0.2345238095238095,-97.484848,0.00281763621607935,8.0,14.61,0.0,41.1974834563511,0,1,0,0,0,0,0,1,0
6901028141147,202502,七匹狼(蓝),三类烟,0,0.259348899929563,40.479824430724044,99.508197,114.88,100.0,1.1267605633802815,0.2420972752118499,16695.0,471.136231884058,0.0853080568720379,-98.328215,0.0081892535545023,9.0,86.85,0.0,39.41869198778385,0,1,0,0,0,0,0,1,0
6901028141147,202503,七匹狼(蓝),三类烟,0,0.2155596567728466,40.73917333065361,99.623116,81.38,100.0,1.1267605633802815,0.242133430828218,16695.0,186.6436024162548,0.5118203309692672,-98.508197,0.0143742765957446,8.0,14.61,0.0,40.479824430724044,0,1,0,0,0,0,0,1,0
6901028141147,202504,七匹狼(蓝),三类烟,0,-0.5429981624653522,40.95473298742645,99.45764,100.0,100.0,1.1267605633802815,0.2420624062674789,16695.0,108.45081967213112,0.0047337278106508,-98.623116,0.0250681846153846,2.0,96.33,95.09,40.73917333065361,0,1,0,0,0,0,0,1,0
6901028141147,202505,七匹狼(蓝),三类烟,0,-0.9781196441557753,40.4117348249611,99.385749,84.38,98.53,1.1267605633802815,0.2420933679386637,16695.0,53.2198194810079,0.0947867298578199,-98.45764,0.0420777298578199,1.0,96.21,94.09,40.95473298742645,0,1,0,0,0,0,0,1,0
6901028141147,202506,七匹狼(蓝),三类烟,0,0.9176113446277512,39.433615180805326,98.648649,100.0,100.0,1.1267605633802815,0.2420633995137808,16695.0,197.55562422744129,0.025,-98.385749,0.0128631,2.0,72.26,33.44,40.4117348249611,0,1,0,0,0,0,0,1,0
6901028141147,202507,七匹狼(蓝),三类烟,0,0.5645103330266679,40.35122652543308,99.676375,87.5,100.0,1.1267605633802815,0.2420632356500797,16695.0,463.388698630137,0.2345238095238095,-97.648649,0.0046538806682577,8.0,34.84,0.0,39.433615180805326,0,1,0,0,0,0,0,1,0
6901028141147,202508,七匹狼(蓝),三类烟,0,0.11210140837645355,40.915736858459745,99.405941,87.5,100.0,1.1267605633802815,0.242063492063492,16695.0,214.0116883116883,0.2345238095238095,-98.676375,0.0121994306049822,8.0,75.56,20.88,40.35122652543308,0,1,0,0,0,0,0,1,0
6901028141147,202509,七匹狼(蓝),三类烟,0,-0.17049437338538098,41.0278382668362,99.501151,83.83,97.06,1.1267605633802815,0.2420796747123515,16695.0,62.33391434262949,0.1852731591448931,-98.405941,0.0318513634204275,2.0,96.67,93.86,40.915736858459745,0,1,0,0,0,0,0,1,0
6901028141147,202510,七匹狼(蓝),三类烟,0,0.0638137653022568,40.85734389345082,99.734455,50.75,95.38,1.1267605633802815,0.2420920493779934,16695.0,33.206967476539404,0.4444444444444444,-98.501151,0.0614044468085106,9.0,96.22,90.42,41.0278382668362,0,1,0,0,0,0,0,1,0
6901028141147,202511,七匹狼(蓝),三类烟,0,-37.70429925643084,40.921157658753074,99.430331,35.6,94.29,1.1267605633802815,0.2420837095242946,16695.0,78.64255602396273,0.2255017709563164,-98.734455,0.0355345289256198,2.0,94.21,42.36,40.85734389345082,0,1,0,0,0,0,0,1,0
6901028141147,202512,七匹狼(蓝),三类烟,0,40.028550384684905,3.2168584023222304,,55.81,95.92,1.1267605633802815,0.2420593182979458,16695.0,58.65298854134407,0.1012956419316843,-98.430331,0.0507968480565371,6.0,93.64,20.88,40.921157658753074,0,1,0,0,0,0,0,1,0
6901028141147,202601,七匹狼(蓝),三类烟,0,-3.4136536396813,43.245408787007136,99.483684,20.48,95.45,1.1267605633802815,0.24217756114839845,41075.0,317.4115210843373,0.1615566037735849,-97.484848,0.00281763621607935,8.0,14.61,0.0,3.2168584023222304,0,1,0,0,0,0,0,1,0
6901028141147,202602,七匹狼(蓝),三类烟,0,0.40060083295266224,39.831755147325836,98.60583,30.15,93.28,1.1267605633802815,0.2482804153131369,17750.0,101.57712269047126,0.9964497041420118,-98.483684,0.0404742011834319,3.0,96.69,91.92,43.245408787007136,0,1,0,0,0,0,0,1,0
6901028141147,202603,七匹狼(蓝),三类烟,0,-37.01549757795627,40.2323559802785,99.535604,16.34,100.0,1.1267605633802815,0.2438940584380318,17750.0,553.7197943444729,1.0,-97.60583,0.0065603325415676,8.0,92.4,0.0,39.831755147325836,0,1,0,0,0,0,0,1,0
6901028141147,202604,七匹狼(蓝),三类烟,0,37.462576807025236,3.2168584023222304,,17.61,94.0,1.1267605633802815,0.2427024510985039,17750.0,315.6127527216174,0.33373063170441,-98.535604,0.0108827175208581,1.0,39.81,93.11,40.2323559802785,0,1,0,0,0,0,0,1,0
6901028141147,202605,七匹狼(蓝),三类烟,0,-37.462576807025236,40.67943520934747,99.931177,10.65,77.63,1.1267605633802815,0.24217756114839845,41075.0,317.4115210843373,0.7620192307692307,-97.484848,0.00281763621607935,8.0,14.61,0.0,3.2168584023222304,0,1,0,0,0,0,0,1,0
6901028141147,202606,七匹狼(蓝),三类烟,0,37.75742580655129,3.2168584023222304,,6.27,55.34,1.1267605633802815,0.2421130640592868,17750.0,130.18112947658403,1.0,-98.931177,0.0124207228915662,2.0,87.71,0.0,40.67943520934747,0,1,0,0,0,0,0,1,0
6901028143448,202501,万宝路(软红2.0),二类烟,0,0.0,0.0,,87.5,100.0,1.1484823625922886,0.24217756114839845,41075.0,317.4115210843373,0.2345238095238095,-97.484848,0.00281763621607935,8.0,14.61,0.0,41.1974834563511,0,0,1,0,0,0,0,0,1
6901028143448,202502,万宝路(软红2.0),二类烟,0,0.0,0.0,,87.5,100.0,1.1180992313067786,0.24217756114839845,41075.0,317.4115210843373,0.2345238095238095,-97.484848,0.00281763621607935,8.0,14.61,0.0,0.0,0,0,1,0,0,0,0,0,1
6901028143448,202503,万宝路(软红2.0),二类烟,0,0.0,0.0,,87.5,100.0,1.1180992313067786,0.24217756114839845,41075.0,317.4115210843373,0.2345238095238095,-97.484848,0.00281763621607935,8.0,14.61,0.0,0.0,0,0,1,0,0,0,0,0,1
6901028143448,202504,万宝路(软红2.0),二类烟,0,0.0,0.0,,87.5,100.0,1.1180992313067786,0.24217756114839845,41075.0,317.4115210843373,0.2345238095238095,-97.484848,0.00281763621607935,8.0,14.61,0.0,0.0,0,0,1,0,0,0,0,0,1
6901028143448,202505,万宝路(软红2.0),二类烟,0,0.0,0.0,,87.5,100.0,1.1180992313067786,0.24217756114839845,41075.0,317.4115210843373,0.2345238095238095,-97.484848,0.00281763621607935,8.0,14.61,0.0,0.0,0,0,1,0,0,0,0,0,1
6901028143448,202506,万宝路(软红2.0),二类烟,0,0.0,0.0,,87.5,100.0,1.1180992313067786,0.24217756114839845,41075.0,317.4115210843373,0.2345238095238095,-97.484848,0.00281763621607935,8.0,14.61,0.0,0.0,0,0,1,0,0,0,0,0,1
6901028143448,202507,万宝路(软红2.0),二类烟,0,0.0,0.0,,87.5,100.0,1.1180992313067786,0.24217756114839845,41075.0,317.4115210843373,0.2345238095238095,-97.484848,0.00281763621607935,8.0,14.61,0.0,0.0,0,0,1,0,0,0,0,0,1
6901028143448,202508,万宝路(软红2.0),二类烟,0,0.0,0.0,0.0,87.5,100.0,1.1180992313067786,0.24217756114839845,41075.0,317.4115210843373,0.2345238095238095,-97.484848,0.00281763621607935,8.0,14.61,0.0,0.0,0,0,1,0,0,0,0,0,1
6901028143448,202509,万宝路(软红2.0),二类烟,0,0.0,0.0,,87.5,100.0,1.1180992313067786,0.24217756114839845,41075.0,317.4115210843373,0.2345238095238095,1.0,0.0,8.0,14.61,0.0,0.0,0,0,1,0,0,0,0,0,1
6901028143448,202510,万宝路(软红2.0),二类烟,0,0.0,0.0,,100.0,100.0,1.1180992313067786,0.24217756114839845,41075.0,317.4115210843373,0.0047281323877068,-97.484848,0.00281763621607935,8.0,14.61,0.0,0.0,0,0,1,0,0,0,0,0,1
6901028143448,202512,万宝路(软红2.0),二类烟,0,32.79983168940557,0.0,,87.5,100.0,1.1180992313067786,0.24217756114839845,41075.0,317.4115210843373,0.2345238095238095,-97.484848,0.00281763621607935,8.0,14.61,0.0,0.0,0,0,1,0,0,0,0,0,1
6901028143448,202604,万宝路(软红2.0),二类烟,0,-0.08354860389588481,32.79983168940557,100.0,87.5,100.0,1.1180992313067786,0.24217756114839845,41075.0,317.4115210843373,0.2345238095238095,-97.484848,0.00281763621607935,8.0,14.61,0.0,0.0,0,0,1,0,0,0,0,0,1
6901028143448,202605,万宝路(软红2.0),二类烟,0,-32.71628308550969,32.71628308550969,100.0,100.0,100.0,1.1180992313067786,0.2278476589797344,35775.0,433.375,0.0096153846153846,-99.0,0.0002751923076923,8.0,0.96,0.0,32.79983168940557,0,0,1,0,0,0,0,0,1
6901028143448,202606,万宝路(软红2.0),二类烟,1,25.119032238037835,0.0,0.0,100.0,100.0,1.1180992313067786,0.2278476589797344,35775.0,456.0833333333333,0.0024096385542168,-99.0,0.000206891566265,1.0,0.72,0.0,32.71628308550969,0,0,1,0,0,0,0,0,1
6901028143554,202501,七匹狼(锋芒),一类烟,0,1.6014093797956122,40.48109789176663,95.862069,87.5,100.0,1.1484823625922886,0.24217756114839845,41075.0,317.4115210843373,0.2345238095238095,-97.484848,0.00281763621607935,8.0,14.61,0.0,41.1974834563511,1,0,0,0,0,0,0,0,1
6901028143554,202502,七匹狼(锋芒),一类烟,0,-32.78181369783874,42.08250727156224,99.014778,87.5,100.0,1.139240506329114,0.2420886075949367,39500.0,601.3741007194244,0.2345238095238095,-94.862069,0.0026021327014218,8.0,8.41,95.77,40.48109789176663,1,0,0,0,0,0,0,0,1
6901028143554,202503,七匹狼(锋芒),一类烟,0,32.76778671832376,9.300693573723501,100.0,87.5,100.0,1.139240506329114,0.2420886075949367,39500.0,166.1144278606965,0.2345238095238095,-98.014778,0.0075078014184397,8.0,14.61,0.0,42.08250727156224,1,0,0,0,0,0,0,0,1
6901028143554,202504,七匹狼(锋芒),一类烟,0,-2.733643070770661,42.06848029204726,98.540146,87.5,100.0,1.139240506329114,0.2421202531645569,39500.0,9181.5,0.2345238095238095,-99.0,0.0001495857988165,8.0,0.47,0.0,9.300693573723501,1,0,0,0,0,0,0,0,1
6901028143554,202505,七匹狼(锋芒),一类烟,1,-31.48287084771395,39.3348372212766,93.333333,87.5,100.0,1.139240506329114,0.2421200187529301,39500.0,173.33333333333331,0.2345238095238095,-97.540146,0.0025272511848341,8.0,8.06,0.0,42.06848029204726,1,0,0,0,0,0,0,0,1
6901028143554,202506,七匹狼(锋芒),一类烟,0,0.0,7.851966373562651,,87.5,100.0,1.139240506329114,0.242120253164557,39500.0,916.3571428571428,0.2345238095238095,-92.333333,0.00079,8.0,2.5,0.0,39.3348372212766,1,0,0,0,0,0,0,0,1
6901028143554,202507,七匹狼(锋芒),一类烟,0,34.17321393663608,7.851966373562651,,87.5,100.0,1.139240506329114,0.24217756114839845,41075.0,317.4115210843373,0.2345238095238095,-97.484848,0.00281763621607935,8.0,14.61,0.0,7.851966373562651,1,0,0,0,0,0,0,0,1
6901028143554,202508,七匹狼(锋芒),一类烟,0,0.3787216151361861,42.025180310198735,98.939929,87.5,100.0,1.139240506329114,0.24217756114839845,41075.0,317.4115210843373,0.2345238095238095,-97.484848,0.00281763621607935,8.0,14.61,0.0,7.851966373562651,1,0,0,0,0,0,0,0,1
6901028143554,202509,七匹狼(锋芒),一类烟,0,-1.7350326264196738,42.40390192533492,99.030695,87.5,100.0,1.139240506329114,0.2421198010849909,39500.0,185.07857142857145,0.2345238095238095,-97.939929,0.0052541567695961,3.0,16.15,4.41,42.025180310198735,1,0,0,0,0,0,0,0,1
6901028143554,202510,七匹狼(锋芒),一类烟,0,-0.759408462313111,40.66886929891525,98.550725,87.5,100.0,1.139240506329114,0.242119582051335,39500.0,82.11908646003262,0.2345238095238095,-98.030695,0.0114484633569739,142.0,30.73,20.38,42.40390192533492,1,0,0,0,0,0,0,0,1
6901028143554,202511,七匹狼(锋芒),一类烟,0,-6.933823976506069,39.909460836602136,97.959184,87.5,100.0,1.139240506329114,0.2421193224125093,39500.0,553.6691176470588,0.2345238095238095,-97.550725,0.0025369539551357,44.0,8.26,0.0,40.66886929891525,1,0,0,0,0,0,0,0,1
6901028143554,202512,七匹狼(锋芒),一类烟,0,9.298237819256904,32.97563686009607,100.0,87.5,100.0,1.139240506329114,0.2421195938818565,39500.0,760.1041666666666,0.2345238095238095,-96.959184,0.0017865724381625,1.0,5.77,0.0,39.909460836602136,1,0,0,0,0,0,0,0,1
6901028143554,202601,七匹狼(锋芒),一类烟,0,-1.941783049489942,42.27387467935297,98.468977,87.5,100.0,1.139240506329114,0.2421180453341183,39500.0,2644.5348837209303,0.2345238095238095,-99.0,0.000801179245283,8.0,2.59,0.0,32.97563686009607,1,0,0,0,0,0,0,0,1
6901028143554,202602,七匹狼(锋芒),一类烟,0,-0.2299297167225589,40.33209162986303,98.029557,87.5,100.0,1.139240506329114,0.2421085997223891,39500.0,116.26923076923076,0.2345238095238095,-97.468977,0.0228492307692307,115.0,42.25,57.7,42.27387467935297,1,0,0,0,0,0,0,0,1
6901028143554,202603,七匹狼(锋芒),一类烟,0,0.005768122983937474,40.10216191314047,100.0,61.28,100.0,1.139240506329114,0.2420882895490108,39500.0,641.8391959798995,0.6009501187648456,-97.029557,0.0037342042755344,13.0,23.63,0.0,40.33209162986303,1,0,0,0,0,0,0,0,1
6901028143554,202604,七匹狼(锋芒),一类烟,0,1.8514620037943175,40.10793003612441,98.540146,97.29,99.82,1.139240506329114,0.2421185578661844,39500.0,707.6160714285714,0.6734207389749702,-99.0,0.0021091775923718,4.0,5.96,14.0,40.10216191314047,1,0,0,0,0,0,0,0,1
6901028143554,202605,七匹狼(锋芒),一类烟,1,-1.4171289030485497,41.959392039918725,92.222222,96.84,99.46,1.139240506329114,0.242116268166901,39500.0,705.8,0.4579326923076923,-97.540146,0.0025637019230769,6.0,9.13,0.0,40.10793003612441,1,0,0,0,0,0,0,0,1
6901028143554,202606,七匹狼(锋芒),一类烟,0,-3.1092473812675294,40.542263136870176,97.594502,97.76,100.0,1.139240506329114,0.2421058410858624,39500.0,201.44578313253007,0.516867469879518,-91.222222,0.0079,11.0,12.41,41.75,41.959392039918725,1,0,0,0,0,0,0,0,1
6901028143585,202501,七匹狼(蓝钻),二类烟,0,0.0,6.4148804960164885,,87.5,100.0,1.1484823625922886,0.24217756114839845,41075.0,317.4115210843373,0.2345238095238095,-97.484848,0.00281763621607935,8.0,14.61,0.0,41.1974834563511,0,0,1,0,0,0,0,0,1
6901028143585,202502,七匹狼(蓝钻),二类烟,0,0.0,6.4148804960164885,0.0,95.57,100.0,1.1353711790393013,0.24217756114839845,41075.0,317.4115210843373,0.8838862559241706,-97.484848,0.00281763621607935,8.0,14.61,0.0,6.4148804960164885,0,0,1,0,0,0,0,0,1
6901028143585,202503,七匹狼(蓝钻),二类烟,0,0.0,6.4148804960164885,,99.1,100.0,1.1353711790393013,0.24217756114839845,41075.0,317.4115210843373,0.1312056737588652,1.0,0.0,8.0,14.61,0.0,6.4148804960164885,0,0,1,0,0,0,0,0,1
6901028143585,202504,七匹狼(蓝钻),二类烟,0,0.0,6.4148804960164885,,94.63,99.74,1.1353711790393013,0.24217756114839845,41075.0,317.4115210843373,0.4733727810650887,-97.484848,0.00281763621607935,8.0,14.61,0.0,6.4148804960164885,0,0,1,0,0,0,0,0,1
6901028143585,202505,七匹狼(蓝钻),二类烟,0,0.0,6.4148804960164885,,94.01,98.98,1.1353711790393013,0.24217756114839845,41075.0,317.4115210843373,0.8601895734597157,-97.484848,0.00281763621607935,8.0,14.61,0.0,6.4148804960164885,0,0,1,0,0,0,0,0,1
6901028143585,202506,七匹狼(蓝钻),二类烟,0,0.0,6.4148804960164885,,91.11,99.6,1.1353711790393013,0.24217756114839845,41075.0,317.4115210843373,0.9988095238095238,-97.484848,0.00281763621607935,8.0,14.61,0.0,6.4148804960164885,0,0,1,0,0,0,0,0,1
6901028143585,202507,七匹狼(蓝钻),二类烟,0,0.0,6.4148804960164885,,97.69,100.0,1.1353711790393013,0.24217756114839845,41075.0,317.4115210843373,0.2577565632458234,-97.484848,0.00281763621607935,8.0,14.61,0.0,6.4148804960164885,0,0,1,0,0,0,0,0,1
6901028143585,202508,七匹狼(蓝钻),二类烟,0,0.0,6.4148804960164885,0.0,91.84,99.74,1.1353711790393013,0.24217756114839845,41075.0,317.4115210843373,0.9988137603795968,-97.484848,0.00281763621607935,8.0,14.61,0.0,6.4148804960164885,0,0,1,0,0,0,0,0,1
6901028143585,202509,七匹狼(蓝钻),二类烟,0,0.0,6.4148804960164885,0.0,95.71,99.7,1.1353711790393013,0.24217756114839845,41075.0,317.4115210843373,0.815914489311164,1.0,0.0,8.0,14.61,0.0,6.4148804960164885,0,0,1,0,0,0,0,0,1
6901028143585,202510,七匹狼(蓝钻),二类烟,0,0.0,6.4148804960164885,,94.08,99.7,1.1353711790393013,0.24217756114839845,41075.0,317.4115210843373,0.5626477541371159,1.0,0.0,8.0,14.61,0.0,6.4148804960164885,0,0,1,0,0,0,0,0,1
6901028143585,202511,七匹狼(蓝钻),二类烟,0,0.0,6.4148804960164885,,99.17,100.0,1.1353711790393013,0.24217756114839845,41075.0,317.4115210843373,0.2491145218417945,-97.484848,0.00281763621607935,8.0,14.61,0.0,6.4148804960164885,0,0,1,0,0,0,0,0,1
6901028143585,202512,七匹狼(蓝钻),二类烟,0,0.0,6.4148804960164885,,96.68,100.0,1.1353711790393013,0.24217756114839845,41075.0,317.4115210843373,0.4605418138987043,-97.484848,0.00281763621607935,8.0,14.61,0.0,6.4148804960164885,0,0,1,0,0,0,0,0,1
6901028145077,202501,娇子(宽窄好运细支),一类烟,0,-0.7645366894005363,57.3520131127592,98.389694,87.5,100.0,1.1484823625922886,0.24217756114839845,41075.0,317.4115210843373,0.2345238095238095,-97.484848,0.00281763621607935,8.0,14.61,0.0,41.1974834563511,1,0,0,0,0,0,0,0,1
6901028145077,202502,娇子(宽窄好运细支),一类烟,1,0.08315374813049203,56.587476423358666,96.176471,24.18,100.0,1.1555555555555554,0.2754399709038007,56250.0,181.68903436988543,0.816350710900474,-97.389694,0.0162885071090047,91.0,39.45,82.88,57.3520131127592,1,0,0,0,0,0,0,0,1
6901028145077,202503,娇子(宽窄好运细支),一类烟,0,-42.75917978980985,56.67063017148916,98.867925,68.75,100.0,1.1555555555555554,0.2753636425416242,56250.0,381.2110091743119,0.0472813238770685,-95.176471,0.0086968085106382,8.0,14.61,0.0,56.587476423358666,1,0,0,0,0,0,0,0,1
6901028145077,202504,娇子(宽窄好运细支),一类烟,1,41.84220778850569,13.911450381679305,0.0,73.53,92.31,1.1555555555555554,0.2754648006785411,56250.0,369.5801526717557,0.0201183431952662,-97.867925,0.0069763313609467,8.0,15.74,0.0,56.67063017148916,1,0,0,0,0,0,0,0,1
6901028145077,202505,娇子(宽窄好运细支),一类烟,0,0.8313533685148471,55.75365817018499,99.534884,87.5,100.0,1.1555555555555554,0.24217756114839845,41075.0,317.4115210843373,0.2345238095238095,1.0,0.0,8.0,14.61,0.0,13.911450381679305,1,0,0,0,0,0,0,0,1
6901028145077,202506,娇子(宽窄好运细支),一类烟,0,0.7224253354694028,56.58501153869984,99.253731,75.0,100.0,1.1555555555555554,0.2754677050882658,56250.0,619.126168224299,0.0047619047619047,-98.534884,0.0057321428571428,10.0,12.98,0.0,55.75365817018499,1,0,0,0,0,0,0,0,1
6901028145077,202507,娇子(宽窄好运细支),一类烟,0,-43.39598649248994,57.30743687416924,99.196787,55.56,100.0,1.1555555555555554,0.2754529657477026,56250.0,391.5676691729323,0.0107398568019093,-98.253731,0.0071420047732696,40.0,15.63,0.0,56.58501153869984,1,0,0,0,0,0,0,0,1
6901028145077,202508,娇子(宽窄好运细支),一类烟,1,41.116079536889075,13.911450381679305,0.0,50.0,81.82,1.1555555555555554,0.2754026090868196,56250.0,189.75303643724695,0.0474495848161328,-98.196787,0.0065925266903914,8.0,14.71,0.0,57.30743687416924,1,0,0,0,0,0,0,0,1
6901028145077,202509,娇子(宽窄好运细支),一类烟,0,0.020364105948182498,55.02752991856838,98.198198,87.5,100.0,1.1555555555555554,0.24217756114839845,41075.0,317.4115210843373,0.2345238095238095,1.0,0.0,8.0,14.61,0.0,13.911450381679305,1,0,0,0,0,0,0,0,1
6901028145077,202510,娇子(宽窄好运细支),一类烟,0,1.876088627559632,55.047894024516566,99.166667,12.19,91.89,1.1555555555555554,0.2754886850152905,56250.0,818.7614678899083,0.5011820330969267,-97.198198,0.0028989361702127,3.0,6.86,0.0,55.02752991856838,1,0,0,0,0,0,0,0,1
6901028145077,202511,娇子(宽窄好运细支),一类烟,0,-16.027144150178167,56.9239826520762,99.183673,30.85,81.25,1.1555555555555554,0.2754890756302521,56250.0,813.2689075630252,0.0554899645808736,-98.166667,0.0031611570247933,8.0,7.2,0.0,55.047894024516566,1,0,0,0,0,0,0,0,1
6901028145077,202512,娇子(宽窄好运细支),一类烟,0,16.45840560232488,40.89683850189803,100.0,2.29,90.0,1.1555555555555554,0.2754555098308184,56250.0,299.7119341563786,1.0,-98.183673,0.0064399293286219,4.0,14.61,0.0,56.9239826520762,1,0,0,0,0,0,0,0,1
6901028145077,202601,娇子(宽窄好运细支),一类烟,0,-1.85677913312783,57.35524410422291,99.107143,0.0,100.0,1.1555555555555554,0.275447619047619,56250.0,4655.0,0.0047169811320754,-99.0,0.0003714622641509,8.0,0.83,0.0,40.89683850189803,1,0,0,0,0,0,0,0,1
6901028145077,202602,娇子(宽窄好运细支),一类烟,0,-3.0862909295235497,55.49846497109508,97.835498,87.5,100.0,1.1555555555555554,0.2754963407852296,56250.0,186.92392392392392,0.2345238095238095,-98.107143,0.0266005917159763,149.0,34.56,69.52,57.35524410422291,1,0,0,0,0,0,0,0,1
6901028145077,202603,娇子(宽窄好运细支),一类烟,0,2.1665730339970466,52.41217404157153,100.0,87.5,100.0,1.1555555555555554,0.2755099311701081,56250.0,693.066371681416,0.2345238095238095,-96.835498,0.0060391923990498,12.0,23.52,14.14,55.49846497109508,1,0,0,0,0,0,0,0,1
6901028145077,202604,娇子(宽窄好运细支),一类烟,0,1.5440809436421787,54.57874707556858,98.039216,87.5,100.0,1.1555555555555554,0.2754905555555555,56250.0,1529.8125,0.2345238095238095,-99.0,0.002145411203814,8.0,5.01,2.38,52.41217404157153,1,0,0,0,0,0,0,0,1
6901028145077,202605,娇子(宽窄好运细支),一类烟,0,-1.8864638976888273,56.12282801921076,96.478873,87.5,100.0,1.1555555555555554,0.2754893333333333,56250.0,940.81,0.2345238095238095,-97.039216,0.0027043269230769,1.0,6.13,0.0,54.57874707556858,1,0,0,0,0,0,0,0,1
6901028145077,202606,娇子(宽窄好运细支),一类烟,0,-1.6911071187248652,54.23636412152193,97.093023,87.5,100.0,1.1555555555555554,0.2754906731549067,56250.0,521.2773722627737,0.2345238095238095,-95.478873,0.0037138554216867,9.0,9.04,0.0,56.12282801921076,1,0,0,0,0,0,0,0,1
6901028145473,202501,娇子(五粮浓香中支),一类烟,0,-2.295234075166647,73.74054075526134,97.252747,87.5,100.0,1.1484823625922886,0.24217756114839845,41075.0,317.4115210843373,0.2345238095238095,-97.484848,0.00281763621607935,8.0,14.61,0.0,41.1974834563511,1,0,0,0,0,0,0,0,1
6901028145473,202502,娇子(五粮浓香中支),一类烟,0,-0.9749535353010828,71.44530668009469,97.058824,87.5,100.0,1.179245283018868,0.3088915094339622,106000.0,152.12994350282486,0.2345238095238095,-96.252747,0.008891943127962,137.0,19.79,5.99,73.74054075526134,1,0,0,0,0,0,0,0,1
6901028145473,202503,娇子(五粮浓香中支),一类烟,0,-47.76042948067149,70.4703531447936,96.153846,87.5,100.0,1.179245283018868,0.3088915094339622,106000.0,775.9696969696969,0.2345238095238095,-96.058824,0.0016539007092198,8.0,14.61,0.0,71.44530668009469,1,0,0,0,0,0,0,0,1
6901028145473,202504,娇子(五粮浓香中支),一类烟,0,31.403151971771614,22.709923664122115,,87.5,100.0,1.179245283018868,0.3088915094339622,106000.0,1040.96,0.2345238095238095,-95.153846,0.0012544378698224,8.0,1.54,0.0,70.4703531447936,1,0,0,0,0,0,0,0,1
6901028145473,202505,娇子(五粮浓香中支),一类烟,0,4.13334105996762,54.11307563589373,85.714286,87.5,100.0,1.179245283018868,0.24217756114839845,41075.0,317.4115210843373,0.2345238095238095,-97.484848,0.00281763621607935,8.0,14.61,0.0,22.709923664122115,1,0,0,0,0,0,0,0,1
6901028145473,202506,娇子(五粮浓香中支),一类烟,1,13.229277148724087,58.24641669586135,83.333333,0.0,100.0,1.179245283018868,0.3088915094339622,106000.0,5486.833333333333,0.0059523809523809,-84.714286,0.0003028571428571,8.0,0.36,0.0,54.11307563589373,1,0,0,0,0,0,0,0,1
6901028145473,202507,娇子(五粮浓香中支),一类烟,0,-48.76577018046332,71.47569384458544,100.0,0.0,100.0,1.179245283018868,0.3088915094339622,106000.0,4363.4,0.0023866348448687,-82.333333,0.0005059665871121,8.0,0.6,0.0,58.24641669586135,1,0,0,0,0,0,0,0,1
6901028145473,202509,娇子(五粮浓香中支),一类烟,0,-1.8665562279236951,73.88495356062576,95.180723,0.0,100.0,1.179245283018868,0.24217756114839845,41075.0,317.4115210843373,0.0498812351543943,-97.484848,0.00281763621607935,8.0,14.61,0.0,22.709923664122115,1,0,0,0,0,0,0,0,1
6901028145473,202510,娇子(五粮浓香中支),一类烟,0,0.9466277554711695,72.01839733270207,93.548387,0.0,100.0,1.179245283018868,0.3088077680917124,106000.0,103.79746835443036,0.0200945626477541,-94.180723,0.0079186761229314,62.0,8.75,10.81,73.88495356062576,1,0,0,0,0,0,0,0,1
6901028145473,202511,娇子(五粮浓香中支),一类烟,0,-50.25510142405112,72.96502508817323,98.245614,87.5,100.0,1.179245283018868,0.3088288874430709,106000.0,613.4137931034483,0.2345238095238095,-92.548387,0.0014517119244391,6.0,1.89,0.0,72.01839733270207,1,0,0,0,0,0,0,0,1
6901028145473,202601,娇子(五粮浓香中支),一类烟,0,0.0,22.709923664122115,,87.5,100.0,1.179245283018868,0.3088830862533692,106000.0,362.0,0.2345238095238095,-97.245614,0.0027967020023557,17.0,3.53,0.0,72.96502508817323,1,0,0,0,0,0,0,0,1
6901028145473,202602,娇子(五粮浓香中支),一类烟,0,0.0,22.709923664122115,,100.0,100.0,1.179245283018868,0.24217756114839845,41075.0,317.4115210843373,0.0177514792899408,-97.484848,0.00281763621607935,8.0,14.61,0.0,22.709923664122115,1,0,0,0,0,0,0,0,1
6901028145473,202603,娇子(五粮浓香中支),一类烟,0,0.0,22.709923664122115,,50.45,100.0,1.179245283018868,0.24217756114839845,41075.0,317.4115210843373,0.1045130641330166,-97.484848,0.00281763621607935,8.0,14.61,0.0,22.709923664122115,1,0,0,0,0,0,0,0,1
6901028145473,202605,娇子(五粮浓香中支),一类烟,0,0.0,22.709923664122115,,100.0,100.0,1.179245283018868,0.24217756114839845,41075.0,317.4115210843373,0.00119189511323,-97.484848,0.00281763621607935,8.0,14.61,0.0,22.709923664122115,1,0,0,0,0,0,0,0,1
6901028145473,202606,娇子(五粮浓香中支),一类烟,0,0.0,22.709923664122115,,36.28,80.3,1.179245283018868,0.24217756114839845,41075.0,317.4115210843373,0.1975903614457831,-97.484848,0.00281763621607935,8.0,14.61,0.0,22.709923664122115,1,0,0,0,0,0,0,0,1
6901028149921,202601,哈德门(纯香),三类烟,0,0.0,12.977099236641138,0.0,87.5,100.0,1.1484823625922886,0.24217756114839845,41075.0,317.4115210843373,0.2345238095238095,-97.484848,0.00281763621607935,8.0,14.61,0.0,41.1974834563511,0,1,0,0,0,0,1,0,0
6901028149921,202602,哈德门(纯香),三类烟,0,31.384320267227267,12.977099236641138,0.0,87.5,100.0,1.1530398322851152,0.24217756114839845,41075.0,317.4115210843373,0.2345238095238095,1.0,0.0,8.0,14.61,0.0,12.977099236641138,0,1,0,0,0,0,1,0,0
6901028149921,202603,哈德门(纯香),三类烟,0,-0.00874855606172531,44.361419503868404,99.903892,53.94,99.83,1.1530398322851152,0.24217756114839845,41075.0,317.4115210843373,1.0,1.0,0.0,8.0,14.61,0.0,12.977099236641138,0,1,0,0,0,0,1,0,0
6901028149921,202604,哈德门(纯香),三类烟,0,0.012924035907985854,44.35267094780668,99.885013,75.16,96.61,1.1530398322851152,0.242167910511726,11925.0,14.26214526214526,0.1799761620977354,-98.903892,0.011819821215733,748.0,89.15,0.0,44.361419503868404,0,1,0,0,0,0,1,0,0
6901028149921,202605,哈德门(纯香),三类烟,0,-0.0043517912429891226,44.365594983714665,99.797109,45.9,95.24,1.1530398322851152,0.2421611311422921,11925.0,21.287029930928625,0.8040865384615384,-98.885013,0.0149406490384615,43.0,87.86,0.0,44.35267094780668,0,1,0,0,0,0,1,0,0
6901028149921,202606,哈德门(纯香),三类烟,0,-31.384143955830538,44.361243192471676,99.771689,57.67,93.91,1.1530398322851152,0.2421783755417569,11925.0,9.527573062261752,0.2277108433734939,-98.797109,0.0226143975903614,14.0,90.96,9.4,44.365594983714665,0,1,0,0,0,0,1,0,0
6901028150378,202501,泰山(望岳),一类烟,0,-27.077831767696697,33.15571368865523,84.0,87.5,100.0,1.1484823625922886,0.24217756114839845,41075.0,317.4115210843373,0.2345238095238095,-97.484848,0.00281763621607935,8.0,14.61,0.0,41.1974834563511,1,0,0,0,0,0,0,0,1
6901028150378,202502,泰山(望岳),一类烟,1,0.0,6.077881920958537,0.0,83.89,100.0,1.1344638165751135,0.2421184619058992,41870.0,2434.904761904762,1.0,-83.0,0.0004167156398104,2.0,2.49,0.0,33.15571368865523,1,0,0,0,0,0,0,0,1
6901028150378,202503,泰山(望岳),一类烟,0,30.918938864260216,6.077881920958537,,80.4,100.0,1.1344638165751135,0.24217756114839845,41075.0,317.4115210843373,0.8096926713947991,1.0,0.0,8.0,14.61,0.0,6.077881920958537,1,0,0,0,0,0,0,0,1
6901028150378,202504,泰山(望岳),一类烟,0,-30.918938864260216,36.99682078521875,95.238095,83.72,99.6,1.1344638165751135,0.24217756114839845,41075.0,317.4115210843373,0.3526627218934911,-97.484848,0.00281763621607935,8.0,14.61,0.0,6.077881920958537,1,0,0,0,0,0,0,0,1
6901028150378,202505,泰山(望岳),一类烟,0,0.0,6.077881920958537,,59.06,95.9,1.1344638165751135,0.2421184619058992,41870.0,1390.9,0.7191943127962085,-94.238095,0.0007937440758293,8.0,2.37,0.0,36.99682078521875,1,0,0,0,0,0,0,0,1
6901028150378,202506,泰山(望岳),一类烟,0,0.0,6.077881920958537,0.0,80.37,98.75,1.1344638165751135,0.24217756114839845,41075.0,317.4115210843373,0.780952380952381,-97.484848,0.00281763621607935,8.0,14.61,0.0,6.077881920958537,1,0,0,0,0,0,0,0,1
6901028150378,202507,泰山(望岳),一类烟,0,0.0,6.077881920958537,,95.4,100.0,1.1344638165751135,0.24217756114839845,41075.0,317.4115210843373,0.1038186157517899,1.0,0.0,8.0,14.61,0.0,6.077881920958537,1,0,0,0,0,0,0,0,1
6901028150378,202508,泰山(望岳),一类烟,0,0.0,6.077881920958537,0.0,100.0,100.0,1.1344638165751135,0.24217756114839845,41075.0,317.4115210843373,0.0047449584816132,-97.484848,0.00281763621607935,8.0,14.61,0.0,6.077881920958537,1,0,0,0,0,0,0,0,1
6901028150378,202509,泰山(望岳),一类烟,0,0.0,6.077881920958537,0.0,91.54,99.2,1.1344638165751135,0.24217756114839845,41075.0,317.4115210843373,0.1615201900237529,1.0,0.0,8.0,14.61,0.0,6.077881920958537,1,0,0,0,0,0,0,0,1
6901028150378,202510,泰山(望岳),一类烟,0,0.0,6.077881920958537,,59.57,96.8,1.1344638165751135,0.24217756114839845,41075.0,317.4115210843373,0.5591016548463357,1.0,0.0,8.0,14.61,0.0,6.077881920958537,1,0,0,0,0,0,0,0,1
6901028150378,202511,泰山(望岳),一类烟,0,0.0,6.077881920958537,,88.89,100.0,1.1344638165751135,0.24217756114839845,41075.0,317.4115210843373,0.0425029515938606,-97.484848,0.00281763621607935,8.0,14.61,0.0,6.077881920958537,1,0,0,0,0,0,0,0,1
6901028150378,202512,泰山(望岳),一类烟,0,0.0,6.077881920958537,,83.72,100.0,1.1344638165751135,0.24217756114839845,41075.0,317.4115210843373,0.1012956419316843,-97.484848,0.00281763621607935,8.0,14.61,0.0,6.077881920958537,1,0,0,0,0,0,0,0,1
6901028150378,202601,泰山(望岳),一类烟,0,0.0,6.077881920958537,,39.3,100.0,1.1344638165751135,0.24217756114839845,41075.0,317.4115210843373,0.6391509433962265,-97.484848,0.00281763621607935,8.0,14.61,0.0,6.077881920958537,1,0,0,0,0,0,0,0,1
6901028150378,202602,泰山(望岳),一类烟,0,0.0,6.077881920958537,,81.41,100.0,1.1344638165751135,0.24217756114839845,41075.0,317.4115210843373,0.7384615384615385,-97.484848,0.00281763621607935,8.0,14.61,0.0,6.077881920958537,1,0,0,0,0,0,0,0,1
6901028150378,202604,泰山(望岳),一类烟,0,0.0,6.077881920958537,,87.5,100.0,1.1344638165751135,0.24217756114839845,41075.0,317.4115210843373,0.2345238095238095,-97.484848,0.00281763621607935,8.0,14.61,0.0,6.077881920958537,1,0,0,0,0,0,0,0,1
6901028151634,202501,泰山(白将军),二类烟,0,-0.03599475182606682,41.72852453151918,98.607242,87.5,100.0,1.1484823625922886,0.24217756114839845,41075.0,317.4115210843373,0.2345238095238095,-97.484848,0.00281763621607935,8.0,14.61,0.0,41.1974834563511,0,0,1,0,0,0,0,0,1
6901028151634,202502,泰山(白将军),二类烟,0,-0.10631245500085384,41.69252977969311,98.765432,87.5,100.0,1.1353711790393013,0.2421819258382058,28625.0,142.24717514124293,0.2345238095238095,-97.607242,0.0096049763033175,27.0,83.89,0.0,41.72852453151918,0,0,1,0,0,0,0,0,1
6901028151634,202503,泰山(白将军),二类烟,0,0.13640930825975772,41.58621732469226,99.8,87.5,100.0,1.1353711790393013,0.2421821779475982,28625.0,152.05781249999998,0.2345238095238095,-97.765432,0.0086619385342789,8.0,14.61,0.0,41.69252977969311,0,0,1,0,0,0,0,0,1
6901028151634,202504,泰山(白将军),二类烟,0,0.38738009774832705,41.722626632952014,99.860724,100.0,100.0,1.1353711790393013,0.2421387753673285,28625.0,176.24649298597194,0.0047337278106508,-98.8,0.006761597633136,8.0,29.59,0.0,41.58621732469226,0,0,1,0,0,0,0,0,1
6901028151634,202505,泰山(白将军),二类烟,0,-1.945885156182591,42.11000673070034,99.68652,87.5,100.0,1.1353711790393013,0.2421397988952026,28625.0,139.28172942817295,0.2345238095238095,-98.860724,0.0097270734597156,4.0,43.36,0.0,41.722626632952014,0,0,1,0,0,0,0,0,1
6901028151634,202506,泰山(白将军),二类烟,0,-27.39030390185383,40.16412157451775,98.809524,87.5,100.0,1.1353711790393013,0.242139509122701,28625.0,33.96121593291405,0.2345238095238095,-98.68652,0.0260078571428571,6.0,66.79,71.48,42.11000673070034,0,0,1,0,0,0,0,0,1
6901028151634,202507,泰山(白将军),二类烟,1,28.83428435966331,12.77381767266392,88.888889,87.5,100.0,1.1353711790393013,0.2421397379912663,28625.0,562.8734939759036,0.2345238095238095,-97.809524,0.002268138424821,8.0,9.9,0.0,40.16412157451775,0,0,1,0,0,0,0,0,1
6901028151634,202508,泰山(白将军),二类烟,0,0.4736893295668452,41.60810203232723,99.203187,87.5,100.0,1.1353711790393013,0.2421397379912663,28625.0,8007.5,0.2345238095238095,-87.888889,0.0001086595492289,8.0,0.47,0.0,12.77381767266392,0,0,1,0,0,0,0,0,1
6901028151634,202509,泰山(白将军),二类烟,0,-2.645870396385476,42.081791361894076,97.791411,87.5,100.0,1.1353711790393013,0.2421399133652514,28625.0,170.42168674698797,0.2345238095238095,-98.203187,0.0033860451306413,2.0,14.85,0.0,41.60810203232723,0,0,1,0,0,0,0,0,1
6901028151634,202510,泰山(白将军),二类烟,0,1.3756188036037287,39.4359209655086,96.969697,87.5,100.0,1.1353711790393013,0.2421405598505312,28625.0,41.74404015056462,0.2345238095238095,-96.791411,0.0107868203309692,59.0,47.99,0.0,42.081791361894076,0,0,1,0,0,0,0,0,1
6901028151634,202511,泰山(白将军),二类烟,0,0.9929022594529044,40.81153976911233,99.310345,87.5,100.0,1.1353711790393013,0.2421397379912663,28625.0,760.796875,0.2345238095238095,-95.969697,0.0008651711924439,8.0,3.78,0.0,39.4359209655086,0,0,1,0,0,0,0,0,1
6901028151634,202512,泰山(白将军),二类烟,0,-0.09817074378992174,41.804442028565234,97.706422,0.42,100.0,1.1353711790393013,0.2421197234352256,28625.0,384.7361111111112,0.558303886925795,-98.310345,0.0019420494699646,1.0,8.48,0.0,40.81153976911233,0,0,1,0,0,0,0,0,1
6901028151634,202601,泰山(白将军),二类烟,0,0.37358830573101187,41.70627128477531,98.948752,87.5,100.0,1.1353711790393013,0.2421157512762162,28625.0,114.43661971830986,0.2345238095238095,-96.706422,0.0028760023584905,28.0,25.12,0.0,41.804442028565234,0,0,1,0,0,0,0,0,1
6901028151634,202602,泰山(白将军),二类烟,0,-0.6788567604708078,42.079859590506324,99.584372,87.5,100.0,1.1353711790393013,0.2421791146911625,28625.0,147.99070385126163,0.2345238095238095,-97.948752,0.010203372781065,59.0,59.76,49.11,41.70627128477531,0,0,1,0,0,0,0,0,1
6901028151634,202603,泰山(白将军),二类烟,0,0.5580026884937368,41.401002830035516,98.77551,87.5,100.0,1.1353711790393013,0.2421653264902931,28625.0,44.95492487479133,0.2345238095238095,-98.584372,0.0162910926365795,49.0,71.73,64.57,42.079859590506324,0,0,1,0,0,0,0,0,1
6901028151634,202604,泰山(白将军),二类烟,0,-0.0730676784212605,41.95900551852925,99.033816,61.13,97.06,1.1353711790393013,0.2421386553105489,28625.0,226.57438016528928,0.1740166865315852,-97.77551,0.0033026221692491,8.0,14.06,4.24,41.401002830035516,0,0,1,0,0,0,0,0,1
6901028151634,202605,泰山(白将军),二类烟,0,0.08834419589568654,41.88593784010799,98.511905,40.19,93.98,1.1353711790393013,0.2421317144175808,28625.0,74.15772357723577,0.3846153846153846,-98.033816,0.008463641826923,9.0,37.86,0.0,41.95900551852925,0,0,1,0,0,0,0,0,1
6901028151634,202606,泰山(白将军),二类烟,0,0.08161515062204927,41.97428203600368,98.406374,31.13,89.44,1.1353711790393013,0.242130634968799,28625.0,93.90030211480362,0.4602409638554217,-97.511905,0.0045662048192771,8.0,13.86,48.7,41.88593784010799,0,0,1,0,0,0,0,0,1
6901028154628,202504,泰山(儒风细支),一类烟,0,0.0,8.388239050300362,,94.26,98.28,1.1406844106463878,0.3089163498098859,65750.0,2749.1249999999995,0.072189349112426,-99.0,0.0002489940828402,1.0,0.47,0.0,59.42042877898256,1,0,0,0,0,0,0,0,1
6901028154628,202505,泰山(儒风细支),一类烟,0,0.0,8.388239050300362,,85.59,98.04,1.1406844106463878,0.24217756114839845,41075.0,317.4115210843373,0.2796208530805687,-97.484848,0.00281763621607935,8.0,14.61,0.0,8.388239050300362,1,0,0,0,0,0,0,0,1
6901028154628,202507,泰山(儒风细支),一类烟,0,0.0,8.388239050300362,,94.26,98.28,1.1406844106463878,0.24217756114839845,41075.0,317.4115210843373,0.0726190476190476,-97.484848,0.00281763621607935,8.0,14.61,0.0,8.388239050300362,1,0,0,0,0,0,0,0,1
6901028154628,202508,泰山(儒风细支),一类烟,0,0.0,8.388239050300362,0.0,100.0,100.0,1.1406844106463878,0.24217756114839845,41075.0,317.4115210843373,0.0533807829181494,-97.484848,0.00281763621607935,8.0,14.61,0.0,8.388239050300362,1,0,0,0,0,0,0,0,1
6901028154628,202512,泰山(儒风细支),一类烟,0,0.0,8.388239050300362,,62.86,95.56,1.1406844106463878,0.3089163498098859,65750.0,1221.7499999999998,0.1648998822143698,-99.0,0.000123910482921,2.0,0.24,0.0,65.03995386707683,1,0,0,0,0,0,0,0,1
6901028154628,202601,泰山(儒风细支),一类烟,0,0.0,8.388239050300362,,27.61,98.21,1.1406844106463878,0.24217756114839845,41075.0,317.4115210843373,0.2747641509433962,-97.484848,0.00281763621607935,8.0,14.61,0.0,8.388239050300362,1,0,0,0,0,0,0,0,1
6901028155557,202501,泰山(颜悦),一类烟,0,-0.7827317689566158,41.18425461038382,99.145299,87.5,100.0,1.1484823625922886,0.24217756114839845,41075.0,317.4115210843373,0.2345238095238095,-97.484848,0.00281763621607935,8.0,14.61,0.0,41.1974834563511,1,0,0,0,0,0,0,0,1
6901028155557,202502,泰山(颜悦),一类烟,0,0.16679780421859647,40.4015228414272,97.02381,87.5,100.0,1.1344638165751135,0.2421184619058992,41870.0,252.764367816092,0.2345238095238095,-98.145299,0.0069055734597156,124.0,41.23,0.0,41.18425461038382,1,0,0,0,0,0,0,0,1
6901028155557,202503,泰山(颜悦),一类烟,0,1.1308842216227646,40.5683206456458,97.457627,87.5,100.0,1.1344638165751135,0.2421184619058992,41870.0,465.5092024539877,0.2345238095238095,-96.02381,0.0032268605200945,8.0,14.61,0.0,40.4015228414272,1,0,0,0,0,0,0,0,1
6901028155557,202504,泰山(颜悦),一类烟,0,-0.8415707696765224,41.69920486726856,99.019608,87.5,100.0,1.1344638165751135,0.2421184619058992,41870.0,420.1739130434783,0.2345238095238095,-96.457627,0.0022793136094674,8.0,6.86,0.0,40.5683206456458,1,0,0,0,0,0,0,0,1
6901028155557,202505,泰山(颜悦),一类烟,0,0.006221770980666008,40.85763409759204,97.457627,87.5,100.0,1.1344638165751135,0.2421184619058992,41870.0,112.8019801980198,0.2345238095238095,-98.019608,0.0080168151658767,1.0,24.17,0.0,41.69920486726856,1,0,0,0,0,0,0,0,1
6901028155557,202506,泰山(颜悦),一类烟,0,-0.32175355466084454,40.863855868572706,99.354839,87.5,100.0,1.1344638165751135,0.2421184619058992,41870.0,341.5391304347826,0.2345238095238095,-96.457627,0.0022928809523809,8.0,6.9,0.0,40.85763409759204,1,0,0,0,0,0,0,0,1
6901028155557,202507,泰山(颜悦),一类烟,0,0.891822337717457,40.54210231391186,98.901099,87.5,100.0,1.1344638165751135,0.2421122584127122,41870.0,339.17532467532465,0.2345238095238095,-98.354839,0.0030777947494033,8.0,9.19,0.0,40.863855868572706,1,0,0,0,0,0,0,0,1
6901028155557,202508,泰山(颜悦),一类烟,0,-0.09568135353936924,41.43392465162932,93.238434,87.5,100.0,1.1344638165751135,0.2421184619058992,41870.0,427.3,0.2345238095238095,-97.901099,0.0017880427046263,8.0,5.34,0.0,40.54210231391186,1,0,0,0,0,0,0,0,1
6901028155557,202509,泰山(颜悦),一类烟,0,0.30852183097874075,41.33824329808995,92.481203,87.5,100.0,1.1344638165751135,0.2421184619058992,41870.0,184.9045801526717,0.2345238095238095,-92.238434,0.0052113729216152,1.0,14.61,6.5,41.43392465162932,1,0,0,0,0,0,0,0,1
6901028155557,202510,泰山(颜悦),一类烟,0,-2.095334637095114,41.64676512906869,99.392713,87.5,100.0,1.1344638165751135,0.2421184619058992,41870.0,210.91056910569105,0.2345238095238095,-91.481203,0.0073049787234042,52.0,21.99,0.0,41.33824329808995,1,0,0,0,0,0,0,0,1
6901028155557,202511,泰山(颜悦),一类烟,0,-0.10035154776395672,39.551430491973576,99.435028,87.5,100.0,1.1344638165751135,0.2421184619058992,41870.0,127.0549898167006,0.2345238095238095,-98.392713,0.0097086989374262,41.0,27.74,5.53,41.64676512906869,1,0,0,0,0,0,0,0,1
6901028155557,202512,泰山(颜悦),一类烟,0,2.378858635934421,39.45107894420962,100.0,87.5,100.0,1.1344638165751135,0.2421184619058992,41870.0,696.5625,0.2345238095238095,-98.435028,0.0034719057714958,2.0,10.6,0.0,39.551430491973576,1,0,0,0,0,0,0,0,1
6901028155557,202601,泰山(颜悦),一类烟,0,-35.7520556591855,41.82993758014404,98.650675,87.5,100.0,1.1344638165751135,0.2421184619058992,41870.0,723.8378378378378,0.2345238095238095,-99.0,0.0021922499999999,3.0,6.6,0.0,39.45107894420962,1,0,0,0,0,0,0,0,1
6901028155557,202602,泰山(颜悦),一类烟,0,35.27337513694596,6.077881920958537,,87.5,100.0,1.1344638165751135,0.242120548985389,41870.0,77.49544072948328,0.2345238095238095,-97.650675,0.0130416378698224,41.0,31.24,75.38,41.82993758014404,1,0,0,0,0,0,0,0,1
6901028155557,202603,泰山(颜悦),一类烟,0,0.035527880355978425,41.3512570579045,99.386503,87.5,100.0,1.1344638165751135,0.24217756114839845,41075.0,317.4115210843373,0.2345238095238095,-97.484848,0.00281763621607935,8.0,14.61,0.0,6.077881920958537,1,0,0,0,0,0,0,0,1
6901028155557,202604,泰山(颜悦),一类烟,0,0.3518207907862845,41.386784938260476,98.473282,87.5,100.0,1.1344638165751135,0.2421184619058992,41870.0,207.37345679012344,0.2345238095238095,-98.386503,0.006467642431466,1.0,12.16,58.82,41.3512570579045,1,0,0,0,0,0,0,0,1
6901028155557,202605,泰山(颜悦),一类烟,0,-3.7946443457381136,41.73860572904676,99.756098,87.5,100.0,1.1344638165751135,0.2421184619058992,41870.0,197.7170542635659,0.2345238095238095,-97.473282,0.0051934903846153,13.0,15.99,0.0,41.386784938260476,1,0,0,0,0,0,0,0,1
6901028155557,202606,泰山(颜悦),一类烟,0,-3.2222920148311758,37.94396138330865,99.528302,87.5,100.0,1.1344638165751135,0.2421184619058992,41870.0,102.09290953545234,0.2345238095238095,-98.756098,0.0082529301204819,15.0,17.11,51.41,41.73860572904676,1,0,0,0,0,0,0,0,1
6901028159548,202501,泰山(硬红八喜),三类烟,0,-0.1088478535441979,41.840300593335904,99.358563,87.5,100.0,1.1484823625922886,0.24217756114839845,41075.0,317.4115210843373,0.2345238095238095,-97.484848,0.00281763621607935,8.0,14.61,0.0,41.1974834563511,0,1,0,0,0,0,1,0,0
6901028159548,202502,泰山(硬红八喜),三类烟,0,0.26136914626409435,41.731452739791706,99.138426,93.51,100.0,1.1355695317959469,0.2419649024031644,14310.0,95.0058102001291,0.3092417061611374,-98.358563,0.0105053033175355,21.0,96.33,89.18,41.840300593335904,0,1,0,0,0,0,1,0,0
6901028159548,202503,泰山(硬红八喜),三类烟,0,0.042493759689676835,41.9928218860558,99.79661,78.49,100.0,1.1355695317959469,0.241991395623963,14310.0,127.46349942062574,0.4066193853427896,-98.138426,0.0116780425531914,8.0,14.61,0.0,41.731452739791706,0,1,0,0,0,0,1,0,0
6901028159548,202504,泰山(硬红八喜),三类烟,0,-0.8013560053604394,42.03531564574548,99.520384,87.5,100.0,1.1355695317959469,0.2420507759092152,14310.0,62.86345108695652,0.2345238095238095,-98.79661,0.0099712757396449,3.0,87.34,0.0,41.9928218860558,0,1,0,0,0,0,1,0,0
6901028159548,202505,泰山(硬红八喜),三类烟,0,0.6323107858436998,41.23395964038504,98.456261,96.72,100.0,1.1355695317959469,0.2420508869860995,14310.0,51.32578313253012,0.0722748815165876,-98.520384,0.0140726303317535,2.0,90.76,35.64,42.03531564574548,0,1,0,0,0,0,1,0,0
6901028159548,202506,泰山(硬红八喜),三类烟,0,-0.30352226697615237,41.86627042622874,99.528937,100.0,100.0,1.1355695317959469,0.2420510132774284,14310.0,269.1463414634147,0.025,-97.456261,0.0039114,8.0,34.17,0.0,41.23395964038504,0,1,0,0,0,0,1,0,0
6901028159548,202507,泰山(硬红八喜),三类烟,0,0.5230926313754338,41.562748159252585,99.810247,92.0,100.0,1.1355695317959469,0.2420508360938534,14310.0,97.26639621365788,0.0894988066825775,-98.528937,0.0101023818615751,2.0,88.42,0.0,41.86627042622874,0,1,0,0,0,0,1,0,0
6901028159548,202508,泰山(硬红八喜),三类烟,0,0.06602887441559346,42.08584079062802,99.297095,100.0,100.0,1.1355695317959469,0.2420510132774283,14310.0,179.782319391635,0.0249110320284697,-98.810247,0.0071431174377224,8.0,47.57,0.0,41.562748159252585,0,1,0,0,0,0,1,0,0
6901028159548,202509,泰山(硬红八喜),三类烟,0,-0.345187195128247,42.15186966504361,99.664173,100.0,100.0,1.1355695317959469,0.2420508896084773,14310.0,37.59344030202926,0.004750593824228,-98.297095,0.0288103467933491,8.0,91.69,89.9,42.08584079062802,0,1,0,0,0,0,1,0,0
6901028159548,202510,泰山(硬红八喜),三类烟,0,0.2741768150645001,41.806682469915366,99.612403,90.98,98.21,1.1355695317959469,0.242050866108409,14310.0,18.76336345535304,0.0390070921985815,-98.664173,0.0441749361702127,12.0,89.13,85.28,42.15186966504361,0,1,0,0,0,0,1,0,0
6901028159548,202511,泰山(硬红八喜),三类烟,0,-35.5923096666593,42.080859284979866,99.858742,94.44,100.0,1.1355695317959469,0.2420509283051497,14310.0,113.47227626459144,0.0165289256198347,-98.612403,0.0138943848878394,3.0,52.3,0.0,41.806682469915366,0,1,0,0,0,0,1,0,0
6901028159548,202512,泰山(硬红八喜),三类烟,1,35.33703015516858,6.488549618320569,0.0,78.69,95.92,1.1355695317959469,0.2420471162027817,14310.0,38.53819368879217,0.071849234393404,-98.858742,0.0619594346289752,5.0,79.86,43.51,42.080859284979866,0,1,0,0,0,0,1,0,0
6901028159548,202601,泰山(硬红八喜),三类烟,0,0.14861431247776125,41.825579773489146,98.818316,3.38,100.0,1.1355695317959469,0.24217756114839845,41075.0,317.4115210843373,0.2382075471698113,1.0,0.0,8.0,14.61,0.0,6.488549618320569,0,1,0,0,0,0,1,0,0
6901028159548,202602,泰山(硬红八喜),三类烟,0,-0.15147452280546503,41.97419408596691,99.669043,87.85,99.57,1.1355695317959469,0.2420234107249365,14310.0,105.35186846038864,0.3183431952662722,-97.818316,0.0226589112426035,21.0,93.96,92.7,41.825579773489146,0,1,0,0,0,0,1,0,0
6901028159548,202603,泰山(硬红八喜),三类烟,0,-35.33416994484087,41.82271956316144,99.85755,87.5,100.0,1.1355695317959469,0.2420430478913816,14310.0,67.08837803320561,0.2345238095238095,-98.669043,0.0266145605700712,3.0,88.72,0.0,41.97419408596691,0,1,0,0,0,0,1,0,0
6901028159548,202604,泰山(硬红八喜),三类烟,1,0.0,6.488549618320569,0.0,66.87,94.55,1.1355695317959469,0.2420508886675818,14310.0,109.10912981455066,0.0953516090584028,-98.85755,0.0095650154946364,3.0,83.67,0.0,41.82271956316144,0,1,0,0,0,0,1,0,0
6901028159548,202605,泰山(硬红八喜),三类烟,0,0.0,6.488549618320569,0.0,31.63,89.77,1.1355695317959469,0.24217756114839845,41075.0,317.4115210843373,0.6334134615384616,1.0,0.0,8.0,14.61,0.0,6.488549618320569,0,1,0,0,0,0,1,0,0
6901028159548,202606,泰山(硬红八喜),三类烟,0,35.49907317328665,6.488549618320569,0.0,23.95,90.38,1.1355695317959469,0.24217756114839845,41075.0,317.4115210843373,0.7469879518072289,1.0,0.0,8.0,14.61,0.0,6.488549618320569,0,1,0,0,0,0,1,0,0
6901028159753,202501,泰山(心悦),二类烟,0,0.1518332364294892,42.590051872640174,98.790323,87.5,100.0,1.1484823625922886,0.24217756114839845,41075.0,317.4115210843373,0.2345238095238095,-97.484848,0.00281763621607935,8.0,14.61,0.0,41.1974834563511,0,0,1,0,0,0,0,0,1
6901028159753,202502,泰山(心悦),二类烟,0,-33.30399475514875,42.74188510906966,98.540146,0.01,0.0,1.1435105774728418,0.2420668953687821,34980.0,169.49387755102043,0.9656398104265402,-97.790323,0.0040616587677725,90.0,29.03,0.0,42.590051872640174,0,0,1,0,0,0,0,0,1
6901028159753,202503,泰山(心悦),二类烟,0,32.90199305702177,9.43789035392091,,0.04,100.0,1.1435105774728418,0.2420668953687821,34980.0,128.22592592592594,1.0,-97.540146,0.0044655319148936,8.0,14.61,0.0,42.74188510906966,0,0,1,0,0,0,0,0,1
6901028159753,202504,泰山(心悦),二类烟,0,-1.873827204751997,42.33988341094268,98.333333,0.08,100.0,1.1435105774728418,0.24217756114839845,41075.0,317.4115210843373,0.9988165680473372,-97.484848,0.00281763621607935,8.0,14.61,0.0,9.43789035392091,0,0,1,0,0,0,0,0,1
6901028159753,202505,泰山(心悦),二类烟,1,1.9586965400618226,40.466056206190686,91.304348,0.04,0.0,1.1435105774728418,0.2421026300743281,34980.0,241.36440677966104,1.0,-97.333333,0.0019562274881516,8.0,6.99,0.0,42.33988341094268,0,0,1,0,0,0,0,0,1
6901028159753,202506,泰山(心悦),二类烟,0,-0.3637368286684435,42.42475274625251,99.280576,0.0,100.0,1.1435105774728418,0.2421026300743282,34980.0,750.6666666666666,1.0,-90.304348,0.0006996,8.0,2.5,0.0,40.466056206190686,0,0,1,0,0,0,0,0,1
6901028159753,202507,泰山(心悦),二类烟,0,-6.145982470764146,42.061015917584065,98.039216,0.0,100.0,1.1435105774728418,0.2421026300743281,34980.0,218.29710144927532,0.048926014319809,-98.280576,0.0023041718377088,8.0,8.23,0.0,42.42475274625251,0,0,1,0,0,0,0,0,1
6901028159753,202508,泰山(心悦),二类烟,0,6.90936388034158,35.91503344681992,38.095238,0.56,100.0,1.1435105774728418,0.2421026300743282,34980.0,317.16,0.1269276393831554,-97.039216,0.0008298932384341,8.0,2.49,19.05,42.061015917584065,0,0,1,0,0,0,0,0,1
6901028159753,202509,泰山(心悦),二类烟,0,-2.687233153490034,42.8243973271615,90.983607,0.0,100.0,1.1435105774728418,0.2421026300743282,34980.0,1987.625,1.0,-37.095238,0.0001329406175771,8.0,0.48,0.0,35.91503344681992,0,0,1,0,0,0,0,0,1
6901028159753,202510,泰山(心悦),二类烟,1,1.9683033086229784,40.137164173671465,85.0,0.06,100.0,1.1435105774728418,0.242102308140044,34980.0,109.63963963963964,0.6784869976359338,-89.983607,0.001835829787234,8.0,6.62,0.0,42.8243973271615,0,0,1,0,0,0,0,0,1
6901028159753,202511,泰山(心悦),二类烟,0,-1.4487290253847078,42.10546748229444,98.969072,87.5,100.0,1.1435105774728418,0.2421026300743282,34980.0,840.0588235294117,0.2345238095238095,-84.0,0.0005616623376623,8.0,1.53,30.77,40.137164173671465,0,0,1,0,0,0,0,0,1
6901028159753,202512,泰山(心悦),二类烟,1,2.1016522333847902,40.656738456909736,87.5,0.0,100.0,1.1435105774728418,0.2420981632361349,34980.0,304.59375,0.0200235571260306,-97.969072,0.0015821342756183,8.0,5.77,0.0,42.10546748229444,0,0,1,0,0,0,0,0,1
6901028159753,202601,泰山(心悦),二类烟,0,-33.32050033637361,42.758390690294526,97.546012,87.5,100.0,1.1435105774728418,0.2420566854529118,34980.0,693.8571428571429,0.2345238095238095,-86.5,0.0001155,8.0,0.83,0.0,40.656738456909736,0,0,1,0,0,0,0,0,1
6901028159753,202602,泰山(心悦),二类烟,0,32.42571251177965,9.43789035392091,,0.07,100.0,1.1435105774728418,0.2420716150468731,34980.0,124.25157232704404,1.0,-96.546012,0.0052656284023668,179.0,27.34,26.84,42.758390690294526,0,0,1,0,0,0,0,0,1
6901028159753,202603,泰山(心悦),二类烟,0,1.029055767611851,41.863602865700564,100.0,0.0,100.0,1.1435105774728418,0.24217756114839845,41075.0,317.4115210843373,0.9655581947743468,-97.484848,0.00281763621607935,8.0,14.61,0.0,9.43789035392091,0,0,1,0,0,0,0,0,1
6901028159753,202604,泰山(心悦),二类烟,0,0.06821876111537506,42.892658633312415,99.404762,0.0,100.0,1.1435105774728418,0.2421016642714756,34980.0,370.7117117117117,0.5601907032181168,-99.0,0.0018511466030989,4.0,6.56,3.64,41.863602865700564,0,0,1,0,0,0,0,0,1
6901028159753,202605,泰山(心悦),二类烟,0,-0.34236280941686204,42.96087739442779,100.0,0.0,100.0,1.1435105774728418,0.2421004902716009,34980.0,90.88922155688624,0.1033653846153846,-98.404762,0.0056169807692307,50.0,21.15,0.0,42.892658633312415,0,0,1,0,0,0,0,0,1
6901028159753,202606,泰山(心悦),二类烟,0,-15.181800059498283,42.61851458501093,97.546012,87.5,100.0,1.1435105774728418,0.2421008252912198,34980.0,72.3838383838384,0.2345238095238095,-99.0,0.0050067759036144,25.0,18.8,0.0,42.96087739442779,0,0,1,0,0,0,0,0,1
6901028160285,202501,黄金叶(乐途),二类烟,0,31.91167779364988,11.284434118818366,0.0,87.5,100.0,1.1484823625922886,0.24217756114839845,41075.0,317.4115210843373,0.2345238095238095,-97.484848,0.00281763621607935,8.0,14.61,0.0,41.1974834563511,0,0,1,0,0,0,0,0,1
6901028160285,202502,黄金叶(乐途),二类烟,0,-32.74949120884896,43.19611191246825,98.989298,100.0,100.0,1.1484823625922886,0.24217756114839845,41075.0,317.4115210843373,0.0047393364928909,1.0,0.0,8.0,14.61,0.0,11.284434118818366,0,0,1,0,0,0,0,0,1
6901028160285,202503,黄金叶(乐途),二类烟,1,32.05823232409388,10.446620703619287,92.682927,87.5,100.0,1.1484823625922886,0.2421391038290135,30475.0,179.8942942942943,0.2345238095238095,-97.989298,0.0239909574468085,8.0,14.61,0.0,43.19611191246825,0,0,1,0,0,0,0,0,1
6901028160285,202504,黄金叶(乐途),二类烟,0,0.15301183883453717,42.50485302771317,99.870634,87.5,100.0,1.1484823625922886,0.2421246923707957,30475.0,9133.052631578948,0.2345238095238095,-91.682927,0.0005481893491124,8.0,2.25,0.0,10.446620703619287,0,0,1,0,0,0,0,0,1
6901028160285,202505,黄金叶(乐途),二类烟,0,-3.162295140502529,42.657864866547705,99.476987,87.5,100.0,1.1484823625922886,0.2421250111575359,30475.0,366.2487046632125,0.2345238095238095,-98.870634,0.0111500947867298,13.0,46.09,0.0,42.50485302771317,0,0,1,0,0,0,0,0,1
6901028160285,202506,黄金叶(乐途),二类烟,0,2.1041142182951447,39.495569726045176,98.823529,87.5,100.0,1.1484823625922886,0.2421252530689598,30475.0,324.68664563617244,0.2345238095238095,-98.476987,0.0138008214285714,40.0,57.38,0.0,42.657864866547705,0,0,1,0,0,0,0,0,1
6901028160285,202507,黄金叶(乐途),二类烟,0,1.2930670039019319,41.59968394434032,100.0,87.5,100.0,1.1484823625922886,0.2421246923707957,30475.0,1184.1309523809523,0.2345238095238095,-97.823529,0.0024438186157517,1.0,10.02,0.0,39.495569726045176,0,0,1,0,0,0,0,0,1
6901028160285,202508,黄金叶(乐途),二类烟,0,-0.16420103415195797,42.89275094824225,98.570407,87.5,100.0,1.1484823625922886,0.2421217170278874,30475.0,611.9145077720208,0.2345238095238095,-99.0,0.0055816607354685,5.0,22.89,0.0,41.59968394434032,0,0,1,0,0,0,0,0,1
6901028160285,202509,黄金叶(乐途),二类烟,0,-1.01492502705824,42.728549914090294,99.896907,87.5,100.0,1.1484823625922886,0.2421247221149779,30475.0,260.78752719361853,0.2345238095238095,-97.570407,0.0199643824228028,6.0,55.7,47.97,42.89275094824225,0,0,1,0,0,0,0,0,1
6901028160285,202510,黄金叶(乐途),二类烟,0,-31.267004183412766,41.713624887032054,100.0,87.5,100.0,1.1484823625922886,0.2421250733357546,30475.0,305.45510835913313,0.2345238095238095,-98.896907,0.013962304964539,4.0,48.46,19.51,42.728549914090294,0,0,1,0,0,0,0,0,1
6901028160285,202511,黄金叶(乐途),二类烟,0,0.8378134151990793,10.446620703619287,100.0,0.0,100.0,1.1484823625922886,0.2421250811596794,30475.0,581.3104265402843,0.0047225501770956,-99.0,0.0060734120425029,2.0,25.15,0.0,41.713624887032054,0,0,1,0,0,0,0,0,1
6901028160285,202512,黄金叶(乐途),二类烟,0,31.77676448122888,11.284434118818366,,87.5,100.0,1.1484823625922886,0.2421246923707957,30475.0,17758.375,0.2345238095238095,-99.0,0.0001148645465253,8.0,0.47,0.0,10.446620703619287,0,0,1,0,0,0,0,0,1
6901028160285,202601,黄金叶(乐途),二类烟,0,-0.33029976547798867,43.06119860004725,98.883249,0.0,100.0,1.1484823625922886,0.24217756114839845,41075.0,317.4115210843373,0.9846698113207548,-97.484848,0.00281763621607935,8.0,14.61,0.0,11.284434118818366,0,0,1,0,0,0,0,0,1
6901028160285,202602,黄金叶(乐途),二类烟,0,0.06776637826472864,42.73089883456926,99.134199,87.5,100.0,1.1484823625922886,0.2421308407436667,30475.0,215.66735112936345,0.2345238095238095,-97.883249,0.0140509585798816,139.0,63.2,64.42,43.06119860004725,0,0,1,0,0,0,0,0,1
6901028160285,202603,黄金叶(乐途),二类烟,0,0.2752018181023601,42.79866521283399,98.975672,71.87,99.76,1.1484823625922886,0.2421479175547762,30475.0,307.2940320232896,1.0,-98.134199,0.009945997624703,25.0,54.39,50.0,42.73089883456926,0,0,1,0,0,0,0,0,1
6901028160285,202604,黄金叶(乐途),二类烟,0,0.05288685451634478,43.07386703093635,99.6614,97.11,99.87,1.1484823625922886,0.2421248515579648,30475.0,286.3738680465718,0.9404052443384984,-97.975672,0.0112310727056019,10.0,42.43,11.8,42.79866521283399,0,0,1,0,0,0,0,0,1
6901028160285,202605,黄金叶(乐途),二类烟,0,-0.3742874798074851,43.12675388545269,97.894737,94.69,100.0,1.1484823625922886,0.2421091309085943,30475.0,209.86976217440545,0.5432692307692307,-98.6614,0.0129372235576923,15.0,37.26,46.13,43.07386703093635,0,0,1,0,0,0,0,0,1
6901028160285,202606,黄金叶(乐途),二类烟,0,-0.9870875101497134,42.75246640564521,97.802198,94.37,100.0,1.1484823625922886,0.242095703655946,30475.0,194.039100684262,0.9963855421686748,-96.894737,0.0150245421686747,11.0,32.53,47.41,43.12675388545269,0,0,1,0,0,0,0,0,1
6901028162876,202501,黄金叶(喜满堂),三类烟,0,0.01429226036868414,41.73269246245713,99.141315,87.5,100.0,1.1484823625922886,0.24217756114839845,41075.0,317.4115210843373,0.2345238095238095,-97.484848,0.00281763621607935,8.0,14.61,0.0,41.1974834563511,0,1,0,0,0,0,0,1,0
6901028162876,202502,黄金叶(喜满堂),三类烟,0,-34.96350103094518,41.746984722825815,99.520815,87.5,100.0,1.1363636363636365,0.2421236023936469,22000.0,168.18460777035386,0.2345238095238095,-98.141315,0.0421336492890995,8.0,99.64,98.93,41.73269246245713,0,1,0,0,0,0,0,1,0
6901028162876,202503,黄金叶(喜满堂),三类烟,1,34.73032561814745,6.783483691880636,0.0,87.07,100.0,1.1363636363636365,0.2421306732689519,22000.0,165.06680710201627,0.4846335697399527,-98.520815,0.0345654846335697,8.0,14.61,0.0,41.746984722825815,0,1,0,0,0,0,0,1,0
6901028162876,202504,黄金叶(喜满堂),三类烟,0,-0.1302190171533013,41.51380931002808,99.570815,87.5,100.0,1.1363636363636365,0.24217756114839845,41075.0,317.4115210843373,0.2345238095238095,1.0,0.0,8.0,14.61,0.0,6.783483691880636,0,1,0,0,0,0,0,1,0
6901028162876,202505,黄金叶(喜满堂),三类烟,0,0.05913411891027209,41.38359029287478,99.740125,87.5,100.0,1.1363636363636365,0.2421019298589341,22000.0,225.32629310344828,0.2345238095238095,-98.570815,0.0241895734597156,3.0,95.38,44.35,41.51380931002808,0,1,0,0,0,0,0,1,0
6901028162876,202506,黄金叶(喜满堂),三类烟,0,-1.355722342125972,41.44272441178505,99.210111,87.5,100.0,1.1363636363636365,0.2421022431190487,22000.0,260.75351745700885,0.2345238095238095,-98.740125,0.0201038095238095,1.0,89.17,28.57,41.38359029287478,0,1,0,0,0,0,0,1,0
6901028162876,202507,黄金叶(喜满堂),三类烟,0,-0.7877976652123522,40.08700206965908,98.727466,100.0,100.0,1.1363636363636365,0.2419905363346844,22000.0,232.5668789808917,0.0250596658711217,-98.210111,0.0131894988066825,8.0,40.21,86.65,41.44272441178505,0,1,0,0,0,0,0,1,0
6901028162876,202508,黄金叶(喜满堂),三类烟,0,0.8465786370513015,39.299204404446726,96.25,92.31,100.0,1.1363636363636365,0.2420776779611365,22000.0,610.499462943072,0.0154211150652431,-97.727466,0.0097186239620403,7.0,55.28,0.0,40.08700206965908,0,1,0,0,0,0,0,1,0
6901028162876,202509,黄金叶(喜满堂),三类烟,0,-0.7382019256576697,40.14578304149803,96.316964,83.74,99.03,1.1363636363636365,0.2420785123966942,22000.0,824.7116883116884,0.2921615201900237,-95.25,0.0080475059382422,2.0,45.84,0.0,39.299204404446726,0,1,0,0,0,0,0,1,0
6901028162876,202510,黄金叶(喜满堂),三类烟,0,1.2431177270664833,39.40758111584036,98.288509,58.86,97.64,1.1363636363636365,0.2420745549352154,22000.0,594.1842410196987,0.58274231678487,-95.316964,0.0089768321513002,8.0,51.06,0.69,40.14578304149803,0,1,0,0,0,0,0,1,0
6901028162876,202511,黄金叶(喜满堂),三类烟,0,1.2377009757460726,40.65069884290684,96.376812,49.67,98.67,1.1363636363636365,0.2420757010402532,22000.0,794.9502487562188,0.1770956316410862,-97.288509,0.0041766233766233,8.0,23.73,0.0,39.40758111584036,0,1,0,0,0,0,0,1,0
6901028162876,202512,黄金叶(喜满堂),三类烟,0,0.05676073499276413,41.888399818652914,99.861304,56.9,95.28,1.1363636363636365,0.2420757860560492,22000.0,457.0827067669173,0.2049469964664311,-95.376812,0.0027571260306242,8.0,15.67,0.0,40.65069884290684,0,1,0,0,0,0,0,1,0
6901028162876,202601,黄金叶(喜满堂),三类烟,0,0.0021643708776721837,41.94516055364568,99.407533,19.37,90.14,1.1363636363636365,0.241565183080808,22000.0,65.30555555555556,0.4292452830188679,-98.861304,0.0074716981132075,8.0,42.57,0.0,41.888399818652914,0,1,0,0,0,0,0,1,0
6901028162876,202602,黄金叶(喜满堂),三类烟,0,-0.10986356235198258,41.94732492452335,97.745964,95.59,100.0,1.1363636363636365,0.2421178741437362,22000.0,109.81502767134948,0.080473372781065,-98.407533,0.0489259171597633,11.0,98.82,94.61,41.94516055364568,0,1,0,0,0,0,0,1,0
6901028162876,202603,黄金叶(喜满堂),三类烟,0,-0.8754102912176265,41.83746136217137,99.862873,25.66,100.0,1.1363636363636365,0.2421147199637383,22000.0,108.88469928326582,1.0,-96.745964,0.06707648456057,2.0,98.93,89.92,41.94732492452335,0,1,0,0,0,0,0,1,0
6901028162876,202604,黄金叶(喜满堂),三类烟,0,1.1423712014499614,40.96205107095374,99.7669,23.49,87.43,1.1363636363636365,0.2421023702524732,22000.0,137.40611053896328,0.8283671036948749,-98.862873,0.030553516090584,8.0,91.54,77.99,41.83746136217137,0,1,0,0,0,0,0,1,0
6901028162876,202605,黄金叶(喜满堂),三类烟,0,-35.32093858052307,42.1044222724037,99.699097,19.82,95.6,1.1363636363636365,0.2421020072217502,22000.0,375.3014018691589,0.5396634615384616,-98.7669,0.0090538461538461,2.0,51.44,0.0,40.96205107095374,0,1,0,0,0,0,0,1,0
6901028162876,202606,黄金叶(喜满堂),三类烟,1,35.46373360373543,6.783483691880636,0.0,8.3,82.35,1.1363636363636365,0.2420958706786171,22000.0,64.14185110663983,0.9963855421686748,-98.699097,0.0210775903614457,1.0,93.49,28.22,42.1044222724037,0,1,0,0,0,0,0,1,0
6901028164177,202501,红旗渠(雪茄),四类烟,0,0.0,2.0413414529547915,0.0,87.5,100.0,1.1484823625922886,0.24217756114839845,41075.0,317.4115210843373,0.2345238095238095,-97.484848,0.00281763621607935,8.0,14.61,0.0,41.1974834563511,0,0,0,0,1,0,1,0,0
6901028164177,202502,红旗渠(雪茄),四类烟,0,0.0,2.0413414529547915,0.0,94.21,100.0,1.1235955056179776,0.24217756114839845,41075.0,317.4115210843373,0.9632701421800948,1.0,0.0,8.0,14.61,0.0,2.0413414529547915,0,0,0,0,1,0,1,0,0
6901028164177,202503,红旗渠(雪茄),四类烟,0,0.0,2.0413414529547915,0.0,98.31,100.0,1.1235955056179776,0.24217756114839845,41075.0,317.4115210843373,0.2789598108747045,1.0,0.0,8.0,14.61,0.0,2.0413414529547915,0,0,0,0,1,0,1,0,0
6901028164177,202504,红旗渠(雪茄),四类烟,0,0.0,2.0413414529547915,0.0,87.5,100.0,1.1235955056179776,0.24217756114839845,41075.0,317.4115210843373,0.2345238095238095,1.0,0.0,8.0,14.61,0.0,2.0413414529547915,0,0,0,0,1,0,1,0,0
6901028164177,202505,红旗渠(雪茄),四类烟,0,0.0,2.0413414529547915,0.0,94.49,99.11,1.1235955056179776,0.24217756114839845,41075.0,317.4115210843373,0.2796208530805687,1.0,0.0,8.0,14.61,0.0,2.0413414529547915,0,0,0,0,1,0,1,0,0
6901028164177,202506,红旗渠(雪茄),四类烟,0,0.0,2.0413414529547915,0.0,94.44,100.0,1.1235955056179776,0.24217756114839845,41075.0,317.4115210843373,0.1630952380952381,1.0,0.0,8.0,14.61,0.0,2.0413414529547915,0,0,0,0,1,0,1,0,0
6901028164177,202507,红旗渠(雪茄),四类烟,0,0.0,2.0413414529547915,0.0,93.75,98.23,1.1235955056179776,0.24217756114839845,41075.0,317.4115210843373,0.2816229116945107,1.0,0.0,8.0,14.61,0.0,2.0413414529547915,0,0,0,0,1,0,1,0,0
6901028164177,202508,红旗渠(雪茄),四类烟,0,0.0,2.0413414529547915,0.0,91.39,99.11,1.1235955056179776,0.24217756114839845,41075.0,317.4115210843373,0.2894424673784104,1.0,0.0,8.0,14.61,0.0,2.0413414529547915,0,0,0,0,1,0,1,0,0
6901028164177,202509,红旗渠(雪茄),四类烟,0,0.0,2.0413414529547915,0.0,86.99,98.75,1.1235955056179776,0.24217756114839845,41075.0,317.4115210843373,0.5439429928741093,1.0,0.0,8.0,14.61,0.0,2.0413414529547915,0,0,0,0,1,0,1,0,0
6901028164177,202510,红旗渠(雪茄),四类烟,0,0.0,2.0413414529547915,0.0,61.94,98.36,1.1235955056179776,0.24217756114839845,41075.0,317.4115210843373,0.6773049645390071,1.0,0.0,8.0,14.61,0.0,2.0413414529547915,0,0,0,0,1,0,1,0,0
6901028164177,202511,红旗渠(雪茄),四类烟,0,0.0,2.0413414529547915,0.0,75.36,99.06,1.1235955056179776,0.24217756114839845,41075.0,317.4115210843373,0.1652892561983471,1.0,0.0,8.0,14.61,0.0,2.0413414529547915,0,0,0,0,1,0,1,0,0
6901028164177,202512,红旗渠(雪茄),四类烟,0,0.0,2.0413414529547915,0.0,72.42,99.12,1.1235955056179776,0.24217756114839845,41075.0,317.4115210843373,0.5488810365135454,1.0,0.0,8.0,14.61,0.0,2.0413414529547915,0,0,0,0,1,0,1,0,0
6901028164177,202601,红旗渠(雪茄),四类烟,0,0.0,2.0413414529547915,0.0,0.1,100.0,1.1235955056179776,0.24217756114839845,41075.0,317.4115210843373,0.5625,1.0,0.0,8.0,14.61,0.0,2.0413414529547915,0,0,0,0,1,0,1,0,0
6901028164177,202602,红旗渠(雪茄),四类烟,0,0.0,2.0413414529547915,0.0,125.49,93.31,1.1235955056179776,0.24217756114839845,41075.0,317.4115210843373,0.6568047337278107,1.0,0.0,8.0,14.61,0.0,2.0413414529547915,0,0,0,0,1,0,1,0,0
6901028164177,202603,红旗渠(雪茄),四类烟,0,0.0,2.0413414529547915,0.0,65.25,100.0,1.1235955056179776,0.24217756114839845,41075.0,317.4115210843373,0.5118764845605701,1.0,0.0,8.0,14.61,0.0,2.0413414529547915,0,0,0,0,1,0,1,0,0
6901028164177,202604,红旗渠(雪茄),四类烟,0,0.0,2.0413414529547915,0.0,70.93,100.0,1.1235955056179776,0.24217756114839845,41075.0,317.4115210843373,0.102502979737783,1.0,0.0,8.0,14.61,0.0,2.0413414529547915,0,0,0,0,1,0,1,0,0
6901028164177,202605,红旗渠(雪茄),四类烟,0,0.0,2.0413414529547915,,87.5,100.0,1.1235955056179776,0.24217756114839845,41075.0,317.4115210843373,0.2345238095238095,1.0,0.0,8.0,14.61,0.0,2.0413414529547915,0,0,0,0,1,0,1,0,0
6901028164177,202606,红旗渠(雪茄),四类烟,0,0.0,2.0413414529547915,0.0,50.33,93.99,1.1235955056179776,0.24217756114839845,41075.0,317.4115210843373,0.8144578313253013,-97.484848,0.00281763621607935,3.0,0.36,0.0,2.0413414529547915,0,0,0,0,1,0,1,0,0
6901028165242,202501,黄金叶(爱尚),二类烟,0,32.91887792138631,9.43789035392091,,87.5,100.0,1.1484823625922886,0.24217756114839845,41075.0,317.4115210843373,0.2345238095238095,-97.484848,0.00281763621607935,8.0,14.61,0.0,41.1974834563511,0,0,1,0,0,0,0,0,1
6901028165242,202502,黄金叶(爱尚),二类烟,0,-32.91887792138631,42.356768275307225,99.72067,100.0,100.0,1.1435105774728418,0.24217756114839845,41075.0,317.4115210843373,0.0047393364928909,-97.484848,0.00281763621607935,8.0,14.61,0.0,9.43789035392091,0,0,1,0,0,0,0,0,1
6901028165242,202503,黄金叶(爱尚),二类烟,0,0.0,9.43789035392091,,66.97,100.0,1.1435105774728418,0.2420662947854956,34980.0,232.83473389355743,0.0721040189125295,-98.72067,0.0059044255319148,8.0,14.61,0.0,42.356768275307225,0,0,1,0,0,0,0,0,1
6901028165242,202504,黄金叶(爱尚),二类烟,0,0.0,9.43789035392091,,87.5,100.0,1.1435105774728418,0.24217756114839845,41075.0,317.4115210843373,0.2345238095238095,-97.484848,0.00281763621607935,8.0,14.61,0.0,9.43789035392091,0,0,1,0,0,0,0,0,1
6901028165242,202505,黄金叶(爱尚),二类烟,0,31.785556394113872,9.43789035392091,,87.5,100.0,1.1435105774728418,0.24217756114839845,41075.0,317.4115210843373,0.2345238095238095,-97.484848,0.00281763621607935,8.0,14.61,0.0,9.43789035392091,0,0,1,0,0,0,0,0,1
6901028165242,202506,黄金叶(爱尚),二类烟,0,-7.928620159542255,41.22344674803478,97.674419,87.5,100.0,1.1435105774728418,0.24217756114839845,41075.0,317.4115210843373,0.2345238095238095,-97.484848,0.00281763621607935,8.0,14.61,0.0,9.43789035392091,0,0,1,0,0,0,0,0,1
6901028165242,202507,黄金叶(爱尚),二类烟,0,9.19390730433178,33.294826588492526,100.0,87.5,100.0,1.1435105774728418,0.2421026300743282,34980.0,544.8095238095239,0.2345238095238095,-96.674419,0.0007012696897374,1.0,2.51,0.0,41.22344674803478,0,0,1,0,0,0,0,0,1
6901028165242,202508,黄金叶(爱尚),二类烟,0,0.38301541654453075,42.48873389282431,94.930876,87.5,100.0,1.1435105774728418,0.2421026300743282,34980.0,2699.7916666666665,0.2345238095238095,-99.0,0.0003983487544483,8.0,1.42,0.0,33.294826588492526,0,0,1,0,0,0,0,0,1
6901028165242,202509,黄金叶(爱尚),二类烟,0,-1.6699149553276271,42.87174930936884,99.803536,87.5,100.0,1.1435105774728418,0.2421024566048837,34980.0,200.88834951456312,0.2345238095238095,-93.930876,0.0068464418052256,9.0,24.58,0.0,42.48873389282431,0,0,1,0,0,0,0,0,1
6901028165242,202510,黄金叶(爱尚),二类烟,0,1.0636972954820862,41.20183435404121,100.0,87.5,100.0,1.1435105774728418,0.2421021376669683,34980.0,96.7509842519685,0.2345238095238095,-98.803536,0.0168036312056737,192.0,45.15,34.82,42.87174930936884,0,0,1,0,0,0,0,0,1
6901028165242,202511,黄金叶(爱尚),二类烟,0,0.007283078227764861,42.2655316495233,99.141631,26.32,100.0,1.1435105774728418,0.2421023902440895,34980.0,550.6577181208054,0.0672963400236127,-99.0,0.0024614025974025,4.0,8.85,0.0,41.20183435404121,0,0,1,0,0,0,0,0,1
6901028165242,202512,黄金叶(爱尚),二类烟,0,-4.703795864671662,42.27281472775106,98.540146,87.5,100.0,1.1435105774728418,0.2421018565958531,34980.0,261.4891774891775,0.2345238095238095,-98.141631,0.0038070106007067,1.0,12.49,11.32,42.2655316495233,0,0,1,0,0,0,0,0,1
6901028165242,202601,黄金叶(爱尚),二类烟,0,4.650403788863976,37.5690188630794,100.0,0.0,100.0,1.1435105774728418,0.2421007771636702,34980.0,259.39259259259256,0.9846698113207548,-97.540146,0.0022275,31.0,8.37,0.0,42.27281472775106,0,0,1,0,0,0,0,0,1
6901028165242,202602,黄金叶(爱尚),二类烟,0,0.2826106263759698,42.219422651943376,97.777778,87.5,100.0,1.1435105774728418,0.2420668953687821,34980.0,1534.2,0.2345238095238095,-99.0,0.0010763076923076,3.0,7.69,0.0,37.5690188630794,0,0,1,0,0,0,0,0,1
6901028165242,202603,黄金叶(爱尚),二类烟,0,-0.40306824829772125,42.502033278319345,98.275862,0.0,100.0,1.1435105774728418,0.2420668953687821,34980.0,270.2301136363636,0.002375296912114,-96.777778,0.0058493871733966,66.0,33.02,26.62,42.219422651943376,0,0,1,0,0,0,0,0,1
6901028165242,202604,黄金叶(爱尚),二类烟,0,0.030722901858851515,42.098965030021624,97.26776,29.41,100.0,1.1435105774728418,0.2421001223756933,34980.0,197.0204678362573,0.0202622169249106,-97.275862,0.0057035327771156,14.0,20.86,4.57,42.502033278319345,0,0,1,0,0,0,0,0,1
6901028165242,202605,黄金叶(爱尚),二类烟,0,-3.83122009893016,42.129687931880476,97.416021,100.0,100.0,1.1435105774728418,0.2421018270472372,34980.0,306.7584269662922,0.0036057692307692,-96.26776,0.0029934807692307,12.0,10.94,0.0,42.098965030021624,0,0,1,0,0,0,0,0,1
6901028165242,202606,黄金叶(爱尚),二类烟,1,-10.881602398275877,38.298467832950315,94.693878,3.17,85.71,1.1435105774728418,0.2420940044557481,34980.0,297.55968169761275,0.9963855421686748,-96.416021,0.0063554024096385,19.0,14.34,34.45,42.129687931880476,0,0,1,0,0,0,0,0,1
6901028165365,202501,黄金叶(天香细支),一类烟,0,26.27807041837844,50.26639147814479,100.0,87.5,100.0,1.1484823625922886,0.24217756114839845,41075.0,317.4115210843373,0.2345238095238095,-97.484848,0.00281763621607935,8.0,14.61,0.0,41.1974834563511,1,0,0,0,0,0,0,0,1
6901028165365,202502,黄金叶(天香细支),一类烟,0,-43.64902429666528,76.54446189652323,98.648649,100.0,100.0,1.2066695919262835,0.3088854760860026,113950.0,7454.5,0.0047393364928909,-99.0,0.0002160189573459,1.0,0.47,0.0,50.26639147814479,1,0,0,0,0,0,0,0,1
6901028165365,202508,黄金叶(天香细支),一类烟,1,0.0,32.89543759985795,0.0,87.5,100.0,1.2066695919262835,0.3088863777071174,113950.0,312.2739726027397,0.2345238095238095,-97.648649,0.0039330260047281,8.0,14.61,0.0,76.54446189652323,1,0,0,0,0,0,0,0,1
6901028165365,202509,黄金叶(天香细支),一类烟,0,41.84367367104944,32.89543759985795,,87.5,100.0,1.2066695919262835,0.24217756114839845,41075.0,317.4115210843373,0.2345238095238095,1.0,0.0,8.0,14.61,0.0,32.89543759985795,1,0,0,0,0,0,0,0,1
6901028165365,202510,黄金叶(天香细支),一类烟,0,-41.84367367104944,74.73911127090739,100.0,87.5,100.0,1.2066695919262835,0.24217756114839845,41075.0,317.4115210843373,0.2345238095238095,-97.484848,0.00281763621607935,8.0,14.61,0.0,32.89543759985795,1,0,0,0,0,0,0,0,1
6901028165365,202511,黄金叶(天香细支),一类烟,0,0.0,32.89543759985795,,53.85,100.0,1.2066695919262835,0.3088854760860026,113950.0,802.8666666666667,0.0153482880755608,-99.0,0.00080720188902,15.0,1.77,0.0,74.73911127090739,1,0,0,0,0,0,0,0,1
6901028165365,202601,黄金叶(天香细支),一类烟,0,0.0,32.89543759985795,,87.5,100.0,1.2066695919262835,0.24217756114839845,41075.0,317.4115210843373,0.2345238095238095,-97.484848,0.00281763621607935,8.0,14.61,0.0,32.89543759985795,1,0,0,0,0,0,0,0,1
6901028165860,202501,黄金叶(天叶细支),一类烟,0,15.131637942246307,57.50284945120705,100.0,87.5,100.0,1.1484823625922886,0.24217756114839845,41075.0,317.4115210843373,0.2345238095238095,-97.484848,0.00281763621607935,8.0,14.61,0.0,41.1974834563511,1,0,0,0,0,0,0,0,1
6901028165860,202503,黄金叶(天叶细支),一类烟,1,-49.92456372933124,72.63448739345336,97.058824,87.5,100.0,1.179245283018868,0.3088915094339622,212000.0,4565.5,0.2345238095238095,-99.0,0.0004018957345971,4.0,0.47,0.0,57.50284945120705,1,0,0,0,0,0,0,0,1
6901028165860,202506,黄金叶(天叶细支),一类烟,0,0.0,22.709923664122115,,100.0,100.0,1.179245283018868,0.3088686392224128,212000.0,450.27272727272725,0.0047337278106508,-96.058824,0.0033117159763313,11.0,1.66,21.43,72.63448739345336,1,0,0,0,0,0,0,0,1
6901028165860,202508,黄金叶(天叶细支),一类烟,0,49.153265579371975,22.709923664122115,0.0,87.5,100.0,1.179245283018868,0.24217756114839845,41075.0,317.4115210843373,0.2345238095238095,-97.484848,0.00281763621607935,8.0,14.61,0.0,22.709923664122115,1,0,0,0,0,0,0,0,1
6901028165860,202510,黄金叶(天叶细支),一类烟,0,-1.4364226187959872,71.86318924349409,100.0,87.5,100.0,1.179245283018868,0.24217756114839845,41075.0,317.4115210843373,0.2345238095238095,1.0,0.0,8.0,14.61,0.0,22.709923664122115,1,0,0,0,0,0,0,0,1
6901028165860,202512,黄金叶(天叶细支),一类烟,0,-29.534470281884303,70.4267666246981,100.0,87.5,100.0,1.179245283018868,0.3088780323450135,212000.0,660.9285714285714,0.2345238095238095,-99.0,0.0014016528925619,7.0,0.83,0.0,71.86318924349409,1,0,0,0,0,0,0,0,1
6901028165860,202601,黄金叶(天叶细支),一类烟,0,27.72581575562382,40.8922963428138,100.0,87.5,100.0,1.179245283018868,0.3088785377358491,212000.0,1051.4,0.2345238095238095,-99.0,0.001,5.0,0.59,0.0,70.4267666246981,1,0,0,0,0,0,0,0,1
6901028165860,202603,黄金叶(天叶细支),一类烟,0,-2.306704431569287,68.61811209843762,100.0,87.5,100.0,1.179245283018868,0.3088856132075472,212000.0,9167.999999999998,0.2345238095238095,-99.0,0.0002007100591715,8.0,0.24,0.0,40.8922963428138,1,0,0,0,0,0,0,0,1
6901028165860,202604,黄金叶(天叶细支),一类烟,0,7.828669276484817,66.31140766686833,100.0,87.5,100.0,1.179245283018868,0.3088832547169812,212000.0,1543.5,0.2345238095238095,-99.0,0.001010727056019,1.0,0.6,0.0,68.61811209843762,1,0,0,0,0,0,0,0,1
6901028165860,202605,黄金叶(天叶细支),一类烟,1,-0.4471026236819995,74.14007694335315,94.285714,75.0,100.0,1.179245283018868,0.3088836477987421,212000.0,2170.5,0.0096153846153846,-99.0,0.0006115384615384,8.0,0.36,0.0,66.31140766686833,1,0,0,0,0,0,0,0,1
6901028165860,202606,黄金叶(天叶细支),一类烟,1,-1.6389415116289427,73.69297431967115,84.375,87.5,100.0,1.179245283018868,0.3088841838193253,212000.0,42.74242424242424,0.2345238095238095,-93.285714,0.0134862650602409,35.0,5.06,30.95,74.14007694335315,1,0,0,0,0,0,0,0,1
6901028165921,202501,黄金叶(小目标),二类烟,0,0.0,11.284434118818366,0.0,87.5,100.0,1.1484823625922886,0.24217756114839845,41075.0,317.4115210843373,0.2345238095238095,-97.484848,0.00281763621607935,8.0,14.61,0.0,41.1974834563511,0,0,1,0,0,0,0,0,1
6901028165921,202502,黄金叶(小目标),二类烟,0,0.0,11.284434118818366,,100.0,100.0,1.1484823625922886,0.24217756114839845,41075.0,317.4115210843373,0.0225118483412322,1.0,0.0,8.0,14.61,0.0,11.284434118818366,0,0,1,0,0,0,0,0,1
6901028165921,202503,黄金叶(小目标),二类烟,0,0.0,11.284434118818366,,87.5,100.0,1.1484823625922886,0.24217756114839845,41075.0,317.4115210843373,0.2345238095238095,-97.484848,0.00281763621607935,8.0,14.61,0.0,11.284434118818366,0,0,1,0,0,0,0,0,1
6901028165921,202504,黄金叶(小目标),二类烟,0,0.0,11.284434118818366,,87.5,100.0,1.1484823625922886,0.24217756114839845,41075.0,317.4115210843373,0.2345238095238095,-97.484848,0.00281763621607935,8.0,14.61,0.0,11.284434118818366,0,0,1,0,0,0,0,0,1
6901028165921,202505,黄金叶(小目标),二类烟,0,0.0,11.284434118818366,,87.5,100.0,1.1484823625922886,0.24217756114839845,41075.0,317.4115210843373,0.2345238095238095,-97.484848,0.00281763621607935,8.0,14.61,0.0,11.284434118818366,0,0,1,0,0,0,0,0,1
6901028165921,202506,黄金叶(小目标),二类烟,0,0.0,11.284434118818366,,87.5,100.0,1.1484823625922886,0.24217756114839845,41075.0,317.4115210843373,0.2345238095238095,-97.484848,0.00281763621607935,8.0,14.61,0.0,11.284434118818366,0,0,1,0,0,0,0,0,1
6901028165921,202507,黄金叶(小目标),二类烟,0,0.0,11.284434118818366,,87.5,100.0,1.1484823625922886,0.24217756114839845,41075.0,317.4115210843373,0.2345238095238095,-97.484848,0.00281763621607935,8.0,14.61,0.0,11.284434118818366,0,0,1,0,0,0,0,0,1
6901028165921,202508,黄金叶(小目标),二类烟,0,0.0,11.284434118818366,,87.5,100.0,1.1484823625922886,0.24217756114839845,41075.0,317.4115210843373,0.2345238095238095,-97.484848,0.00281763621607935,8.0,14.61,0.0,11.284434118818366,0,0,1,0,0,0,0,0,1
6901028165921,202509,黄金叶(小目标),二类烟,0,0.0,11.284434118818366,,87.5,100.0,1.1484823625922886,0.24217756114839845,41075.0,317.4115210843373,0.2345238095238095,-97.484848,0.00281763621607935,8.0,14.61,0.0,11.284434118818366,0,0,1,0,0,0,0,0,1
6901028165921,202510,黄金叶(小目标),二类烟,0,0.0,11.284434118818366,,87.5,100.0,1.1484823625922886,0.24217756114839845,41075.0,317.4115210843373,0.2345238095238095,-97.484848,0.00281763621607935,8.0,14.61,0.0,11.284434118818366,0,0,1,0,0,0,0,0,1
6901028165921,202511,黄金叶(小目标),二类烟,0,0.0,11.284434118818366,,87.5,100.0,1.1484823625922886,0.24217756114839845,41075.0,317.4115210843373,0.2345238095238095,-97.484848,0.00281763621607935,8.0,14.61,0.0,11.284434118818366,0,0,1,0,0,0,0,0,1
6901028165921,202512,黄金叶(小目标),二类烟,0,0.0,11.284434118818366,,87.5,100.0,1.1484823625922886,0.24217756114839845,41075.0,317.4115210843373,0.2345238095238095,-97.484848,0.00281763621607935,8.0,14.61,0.0,11.284434118818366,0,0,1,0,0,0,0,0,1
6901028169967,202501,黄金叶(天叶),一类烟,0,3.3410885618165196,85.56148160592535,95.833333,87.5,100.0,1.1484823625922886,0.24217756114839845,41075.0,317.4115210843373,0.2345238095238095,-97.484848,0.00281763621607935,8.0,14.61,0.0,41.1974834563511,1,0,0,0,0,0,0,0,1
6901028169967,202503,黄金叶(天叶),一类烟,0,11.097429832258129,88.90257016774187,100.0,93.49,99.71,1.474056603773585,0.3087059064807219,169600.0,3921.5217391304345,0.966824644549763,-94.833333,0.0018487203791469,19.0,2.25,21.05,85.56148160592535,1,0,0,0,0,0,0,0,1
6901028169967,202504,黄金叶(天叶),一类烟,0,0.0,100.0,,100.0,100.0,1.474056603773585,0.3088028817806604,169600.0,3023.9375,0.0236686390532544,-99.0,0.0012845443786982,8.0,0.47,100.0,88.90257016774187,1,0,0,0,0,0,0,0,1
6901028169967,202508,黄金叶(天叶),一类烟,0,0.0,100.0,0.0,89.15,95.93,1.474056603773585,0.24217756114839845,41075.0,317.4115210843373,0.2239336492890995,-97.484848,0.00281763621607935,8.0,14.61,0.0,100.0,1,0,0,0,0,0,0,0,1
6901028169967,202601,黄金叶(天叶),一类烟,0,-33.42256738264079,100.0,,81.19,98.78,1.474056603773585,0.24217756114839845,41075.0,317.4115210843373,0.1211401425178147,1.0,0.0,8.0,14.61,0.0,100.0,1,0,0,0,0,0,0,0,1
6901028169967,202602,黄金叶(天叶),一类烟,0,33.42256738264079,66.57743261735921,100.0,42.13,99.18,1.474056603773585,0.24217756114839845,41075.0,317.4115210843373,1.0,-97.484848,0.00281763621607935,8.0,14.61,0.0,100.0,1,0,0,0,0,0,0,0,1
6901028169967,202603,黄金叶(天叶),一类烟,0,-2.206007247610941,100.0,,27.77,100.0,1.474056603773585,0.3086895636792452,169600.0,11545.0,1.0,-99.0,0.0001611401425178,2.0,0.24,0.0,66.57743261735921,1,0,0,0,0,0,0,0,1
6901028169967,202604,黄金叶(天叶),一类烟,0,-2.2163595948428707,97.79399275238906,100.0,48.65,97.18,1.474056603773585,0.24217756114839845,41075.0,317.4115210843373,0.168057210965435,-97.484848,0.00281763621607935,8.0,14.61,0.0,100.0,1,0,0,0,0,0,0,0,1
6901028169967,202606,黄金叶(天叶),一类烟,0,-28.419057742979163,95.57763315754619,100.0,31.36,95.45,1.474056603773585,0.3084745970911949,169600.0,571.6666666666666,0.4026442307692308,-99.0,0.0009784615384615,4.0,0.72,0.0,97.79399275238906,1,0,0,0,0,0,0,0,1
6901028172509,202501,黄金叶(商鼎),一类烟,0,-0.8869026463178287,56.145307865830006,96.428571,87.5,100.0,1.1484823625922886,0.24217756114839845,41075.0,317.4115210843373,0.2345238095238095,-97.484848,0.00281763621607935,8.0,14.61,0.0,41.1974834563511,1,0,0,0,0,0,0,0,1
6901028172509,202502,黄金叶(商鼎),一类烟,0,-15.599468521762972,55.25840521951218,99.319728,80.11,100.0,1.1428571428571428,0.2754713728766361,43750.0,85.78557504873295,0.995260663507109,-95.428571,0.0425473933649289,114.0,81.99,87.28,56.145307865830006,1,0,0,0,0,0,0,0,1
6901028172509,202503,黄金叶(商鼎),一类烟,1,15.072667170656374,39.658936697749205,95.238095,78.26,100.0,1.1428571428571428,0.2755383561643835,43750.0,334.1078767123288,0.4349881796690307,-98.319728,0.012080378250591,8.0,14.61,0.0,55.25840521951218,1,0,0,0,0,0,0,0,1
6901028172509,202504,黄金叶(商鼎),一类烟,0,-1.0299508457985382,54.73160386840558,99.410029,87.5,100.0,1.1428571428571428,0.2755142857142857,43750.0,4571.4,0.2345238095238095,-94.238095,0.0008284023668639,8.0,2.37,0.0,39.658936697749205,1,0,0,0,0,0,0,0,1
6901028172509,202505,黄金叶(商鼎),一类烟,0,0.6547526811989925,53.70165302260704,98.058252,95.0,100.0,1.1428571428571428,0.2755147096227215,43750.0,474.7270029673591,0.0236966824644549,-98.410029,0.0069875592417061,8.0,20.38,0.0,54.73160386840558,1,0,0,0,0,0,0,0,1
6901028172509,202506,黄金叶(商鼎),一类烟,0,1.5421755706150222,54.35640570380603,99.371069,81.97,96.08,1.1428571428571428,0.2755145685997171,43750.0,754.6501650165017,0.0726190476190476,-97.058252,0.0063125,8.0,18.21,0.0,53.70165302260704,1,0,0,0,0,0,0,0,1
6901028172509,202507,黄金叶(商鼎),一类烟,0,-1.3607392903867819,55.898581274421055,99.464525,75.0,100.0,1.1428571428571428,0.2754837251356238,43750.0,573.3449367088607,0.0047732696897374,-98.371069,0.006599045346062,2.0,19.21,0.0,54.35640570380603,1,0,0,0,0,0,0,0,1
6901028172509,202508,黄金叶(商鼎),一类烟,0,-1.637423526647673,54.53784198403427,99.438202,59.39,95.21,1.1428571428571428,0.2755116323783887,43750.0,157.21130551816958,0.3665480427046263,-98.464525,0.0154240806642941,9.0,41.87,0.0,55.898581274421055,1,0,0,0,0,0,0,0,1
6901028172509,202509,黄金叶(商鼎),一类烟,1,1.7217721453290835,52.9004184573866,85.051546,87.5,100.0,1.1428571428571428,0.2755125100887813,43750.0,527.1525423728814,0.2345238095238095,-98.438202,0.0036787410926365,1.0,9.74,0.0,54.53784198403427,1,0,0,0,0,0,0,0,1
6901028172509,202510,黄金叶(商鼎),一类烟,0,0.4194479976824539,54.62219060271568,98.958333,87.5,100.0,1.1428571428571428,0.2755144588744588,43750.0,972.4121212121212,0.2345238095238095,-84.051546,0.0034131205673758,8.0,7.45,31.75,52.9004184573866,1,0,0,0,0,0,0,0,1
6901028172509,202511,黄金叶(商鼎),一类烟,0,-1.2172359943916788,55.04163860039814,99.763033,87.5,100.0,1.1428571428571428,0.2755147869674185,43750.0,504.4736842105264,0.2345238095238095,-97.958333,0.0058884297520661,3.0,17.12,0.0,54.62219060271568,1,0,0,0,0,0,0,0,1
6901028172509,202512,黄金叶(商鼎),一类烟,0,2.2250980376222316,53.82440260600646,100.0,87.5,100.0,1.1428571428571428,0.2755098744485917,43750.0,389.935866983373,0.2345238095238095,-98.763033,0.0086778563015312,7.0,25.44,0.0,55.04163860039814,1,0,0,0,0,0,0,0,1
6901028172509,202601,黄金叶(商鼎),一类烟,0,-0.7976292979320547,56.04950064362869,99.662874,0.0,100.0,1.1428571428571428,0.2755075060532687,43750.0,720.521186440678,0.9846698113207548,-99.0,0.0048702830188679,10.0,14.5,0.0,53.82440260600646,1,0,0,0,0,0,0,0,1
6901028172509,202602,黄金叶(商鼎),一类烟,0,-2.8085672118699208,55.251871345696635,99.295775,87.5,100.0,1.1428571428571428,0.2755242283298097,43750.0,117.55771670190272,0.2345238095238095,-98.662874,0.0489792899408284,168.0,57.4,80.82,56.04950064362869,1,0,0,0,0,0,0,0,1
6901028172509,202603,黄金叶(商鼎),一类烟,0,1.9675889112749587,52.443304133826715,97.959184,43.55,100.0,1.1428571428571428,0.2755409321175279,43750.0,336.1631205673759,0.0558194774346793,-98.295775,0.0117220902612826,17.0,41.09,63.01,55.251871345696635,1,0,0,0,0,0,0,0,1
6901028172509,202604,黄金叶(商鼎),一类烟,0,1.0128261648118624,54.41089304510167,98.571429,57.58,90.0,1.1428571428571428,0.2755130952380952,43750.0,1096.5069444444446,0.0393325387365911,-96.959184,0.0030035756853396,1.0,8.46,2.82,52.443304133826715,1,0,0,0,0,0,0,0,1
6901028172509,202605,黄金叶(商鼎),一类烟,0,-0.2354464998128094,55.423719209913536,99.365751,41.89,87.88,1.1428571428571428,0.2754927536231884,43750.0,559.5144927536231,0.0889423076923077,-97.571429,0.0058052884615384,8.0,13.22,29.09,54.41089304510167,1,0,0,0,0,0,0,0,1
6901028172509,202606,黄金叶(商鼎),一类烟,0,-0.47641964344189347,55.188272710100726,97.782705,9.98,68.09,1.1428571428571428,0.2754755015197568,43750.0,282.3595744680852,0.4578313253012048,-98.365751,0.0099096385542168,10.0,20.84,43.93,55.423719209913536,1,0,0,0,0,0,0,0,1
6901028172936,202501,黄金叶(乐途硬),一类烟,0,-0.5737994223334582,56.364471138042084,99.120993,87.5,100.0,1.1484823625922886,0.24217756114839845,41075.0,317.4115210843373,0.2345238095238095,-97.484848,0.00281763621607935,8.0,14.61,0.0,41.1974834563511,1,0,0,0,0,0,0,0,1
6901028172936,202502,黄金叶(乐途硬),一类烟,0,-46.59546997088863,55.790671715708626,98.630137,87.5,100.0,1.1428571428571428,0.2755424398241299,43750.0,33.92436098069901,0.2345238095238095,-98.120993,0.0397482227488151,345.0,78.55,82.96,56.364471138042084,1,0,0,0,0,0,0,0,1
6901028172936,202503,黄金叶(乐途硬),一类烟,0,42.07803494943944,9.19520174482,,87.5,100.0,1.1428571428571428,0.2755428571428571,43750.0,189.92708333333331,0.2345238095238095,-97.630137,0.0059574468085106,8.0,14.61,0.0,55.790671715708626,1,0,0,0,0,0,0,0,1
6901028172936,202504,黄金叶(乐途硬),一类烟,0,3.171657802444109,51.27323669425944,95.0,87.5,100.0,1.1428571428571428,0.24217756114839845,41075.0,317.4115210843373,0.2345238095238095,-97.484848,0.00281763621607935,8.0,14.61,0.0,9.19520174482,1,0,0,0,0,0,0,0,1
6901028172936,202505,黄金叶(乐途硬),一类烟,0,-31.383850860546453,54.44489449670355,96.153846,87.5,100.0,1.1428571428571428,0.2755142857142857,43750.0,1414.657894736842,0.2345238095238095,-94.0,0.0007879146919431,8.0,2.25,0.0,51.27323669425944,1,0,0,0,0,0,0,0,1
6901028172936,202506,黄金叶(乐途硬),一类烟,0,32.91785437924093,23.061043636157095,100.0,87.5,100.0,1.1428571428571428,0.2755148571428571,43750.0,552.67,0.2345238095238095,-95.153846,0.0020833333333333,8.0,6.07,0.0,54.44489449670355,1,0,0,0,0,0,0,0,1
6901028172936,202507,黄金叶(乐途硬),一类烟,0,-46.78369627057802,55.97889801539802,99.189189,87.5,100.0,1.1428571428571428,0.2754857142857143,43750.0,9365.666666666666,0.2345238095238095,-99.0,0.0001252983293556,8.0,0.36,0.0,23.061043636157095,1,0,0,0,0,0,0,0,1
6901028172936,202508,黄金叶(乐途硬),一类烟,1,0.0,9.19520174482,0.0,87.5,100.0,1.1428571428571428,0.2754877384196185,43750.0,132.79019073569484,0.2345238095238095,-98.189189,0.0076186239620403,2.0,22.3,0.0,55.97889801539802,1,0,0,0,0,0,0,0,1
6901028172936,202509,黄金叶(乐途硬),一类烟,0,0.0,9.19520174482,,85.71,100.0,1.1428571428571428,0.24217756114839845,41075.0,317.4115210843373,0.0166270783847981,1.0,0.0,8.0,14.61,0.0,9.19520174482,1,0,0,0,0,0,0,0,1
6901028172936,202510,黄金叶(乐途硬),一类烟,0,0.0,9.19520174482,,72.73,100.0,1.1428571428571428,0.24217756114839845,41075.0,317.4115210843373,0.0130023640661938,-97.484848,0.00281763621607935,8.0,14.61,0.0,9.19520174482,1,0,0,0,0,0,0,0,1
6901028172936,202511,黄金叶(乐途硬),一类烟,0,0.0,9.19520174482,,87.5,100.0,1.1428571428571428,0.24217756114839845,41075.0,317.4115210843373,0.2345238095238095,-97.484848,0.00281763621607935,8.0,14.61,0.0,9.19520174482,1,0,0,0,0,0,0,0,1
6901028172936,202512,黄金叶(乐途硬),一类烟,0,0.0,9.19520174482,,87.5,100.0,1.1428571428571428,0.24217756114839845,41075.0,317.4115210843373,0.2345238095238095,-97.484848,0.00281763621607935,8.0,14.61,0.0,9.19520174482,1,0,0,0,0,0,0,0,1
6901028172936,202601,黄金叶(乐途硬),一类烟,0,0.0,9.19520174482,,29.07,78.57,1.1428571428571428,0.24217756114839845,41075.0,317.4115210843373,0.0507075471698113,-97.484848,0.00281763621607935,8.0,14.61,0.0,9.19520174482,1,0,0,0,0,0,0,0,1
6901028172936,202602,黄金叶(乐途硬),一类烟,0,0.0,9.19520174482,,70.11,100.0,1.1428571428571428,0.24217756114839845,41075.0,317.4115210843373,0.072189349112426,-97.484848,0.00281763621607935,8.0,14.61,0.0,9.19520174482,1,0,0,0,0,0,0,0,1
6901028172936,202604,黄金叶(乐途硬),一类烟,0,0.0,9.19520174482,,87.5,100.0,1.1428571428571428,0.24217756114839845,41075.0,317.4115210843373,0.2345238095238095,-97.484848,0.00281763621607935,8.0,14.61,0.0,9.19520174482,1,0,0,0,0,0,0,0,1
6901028172936,202605,黄金叶(乐途硬),一类烟,0,0.0,9.19520174482,,87.5,100.0,1.1428571428571428,0.24217756114839845,41075.0,317.4115210843373,0.2345238095238095,-97.484848,0.00281763621607935,8.0,14.61,0.0,9.19520174482,1,0,0,0,0,0,0,0,1
6901028172936,202606,黄金叶(乐途硬),一类烟,0,0.0,9.19520174482,,87.5,100.0,1.1428571428571428,0.24217756114839845,41075.0,317.4115210843373,0.2345238095238095,-97.484848,0.00281763621607935,8.0,14.61,0.0,9.19520174482,1,0,0,0,0,0,0,0,1
6901028177153,202501,云烟(硬苁蓉),二类烟,0,-34.20048179972859,40.61536229574508,93.333333,87.5,100.0,1.1484823625922886,0.24217756114839845,41075.0,317.4115210843373,0.2345238095238095,-97.484848,0.00281763621607935,8.0,14.61,0.0,41.1974834563511,0,0,1,0,0,0,0,0,1
6901028177153,202502,云烟(硬苁蓉),二类烟,1,4.78610368128067,6.4148804960164885,0.0,87.5,100.0,1.1353711790393013,0.2420946835793997,28625.0,435.3412698412699,0.2345238095238095,-92.333333,0.0017093601895734,1.0,14.93,0.0,40.61536229574508,0,0,1,0,0,0,0,0,1
6901028177153,202503,云烟(硬苁蓉),二类烟,0,30.10781687188981,11.200984177297158,80.0,100.0,100.0,1.1353711790393013,0.24217756114839845,41075.0,317.4115210843373,0.0047281323877068,1.0,0.0,8.0,14.61,0.0,6.4148804960164885,0,0,1,0,0,0,0,0,1
6901028177153,202504,云烟(硬苁蓉),二类烟,0,-21.440773874346405,41.30880104918697,97.979798,87.5,100.0,1.1353711790393013,0.242117903930131,28625.0,8432.625,0.2345238095238095,-79.0,0.0001084023668639,8.0,0.47,0.0,11.200984177297158,0,0,1,0,0,0,0,0,1
6901028177153,202505,云烟(硬苁蓉),二类烟,1,21.802966144683808,19.868027174840563,80.0,100.0,100.0,1.1353711790393013,0.2421302840678882,28625.0,250.72680412371133,0.0047393364928909,-96.979798,0.0026318720379146,1.0,11.49,0.0,41.30880104918697,0,0,1,0,0,0,0,0,1
6901028177153,202506,云烟(硬苁蓉),二类烟,0,-0.15379564087644582,41.67099331952437,98.214286,87.5,100.0,1.1353711790393013,0.2421288209606987,28625.0,6078.125,0.2345238095238095,-79.0,0.0001090476190476,8.0,0.48,0.0,19.868027174840563,0,0,1,0,0,0,0,0,1
6901028177153,202507,云烟(硬苁蓉),二类烟,1,-35.10231718263144,41.517197678647925,95.652174,87.5,100.0,1.1353711790393013,0.242134709540823,28625.0,152.76363636363635,0.2345238095238095,-97.214286,0.0045089498806682,61.0,19.57,1.22,41.67099331952437,0,0,1,0,0,0,0,0,1
6901028177153,202508,云烟(硬苁蓉),二类烟,1,0.0,6.4148804960164885,0.0,100.0,100.0,1.1353711790393013,0.2421348520475158,28625.0,194.5804195804196,0.0047449584816132,-94.652174,0.0038845788849347,8.0,17.08,0.0,41.517197678647925,0,0,1,0,0,0,0,0,1
6901028177153,202509,云烟(硬苁蓉),二类烟,0,0.0,6.4148804960164885,0.0,87.5,100.0,1.1353711790393013,0.24217756114839845,41075.0,317.4115210843373,0.2345238095238095,1.0,0.0,8.0,14.61,0.0,6.4148804960164885,0,0,1,0,0,0,0,0,1
6901028177153,202510,云烟(硬苁蓉),二类烟,0,0.0,6.4148804960164885,,87.5,100.0,1.1353711790393013,0.24217756114839845,41075.0,317.4115210843373,0.2345238095238095,1.0,0.0,8.0,14.61,0.0,6.4148804960164885,0,0,1,0,0,0,0,0,1
6901028177153,202511,云烟(硬苁蓉),二类烟,0,0.0,6.4148804960164885,,91.67,100.0,1.1353711790393013,0.24217756114839845,41075.0,317.4115210843373,0.0425029515938606,-97.484848,0.00281763621607935,8.0,14.61,0.0,6.4148804960164885,0,0,1,0,0,0,0,0,1
6901028177153,202512,云烟(硬苁蓉),二类烟,0,0.0,6.4148804960164885,,87.5,100.0,1.1353711790393013,0.24217756114839845,41075.0,317.4115210843373,0.2345238095238095,-97.484848,0.00281763621607935,8.0,14.61,0.0,6.4148804960164885,0,0,1,0,0,0,0,0,1
6901028177153,202601,云烟(硬苁蓉),二类烟,0,0.0,6.4148804960164885,0.0,87.5,100.0,1.1353711790393013,0.24217756114839845,41075.0,317.4115210843373,0.2345238095238095,-97.484848,0.00281763621607935,8.0,14.61,0.0,6.4148804960164885,0,0,1,0,0,0,0,0,1
6901028177153,202602,云烟(硬苁蓉),二类烟,0,0.0,6.4148804960164885,,85.53,100.0,1.1353711790393013,0.24217756114839845,41075.0,317.4115210843373,0.072189349112426,1.0,0.0,8.0,14.61,0.0,6.4148804960164885,0,0,1,0,0,0,0,0,1
6901028177153,202603,云烟(硬苁蓉),二类烟,0,0.0,6.4148804960164885,,87.5,100.0,1.1353711790393013,0.24217756114839845,41075.0,317.4115210843373,0.2345238095238095,-97.484848,0.00281763621607935,8.0,14.61,0.0,6.4148804960164885,0,0,1,0,0,0,0,0,1
6901028177153,202604,云烟(硬苁蓉),二类烟,0,0.0,6.4148804960164885,,87.5,100.0,1.1353711790393013,0.24217756114839845,41075.0,317.4115210843373,0.2345238095238095,-97.484848,0.00281763621607935,8.0,14.61,0.0,6.4148804960164885,0,0,1,0,0,0,0,0,1
6901028177153,202605,云烟(硬苁蓉),二类烟,0,0.0,6.4148804960164885,,87.5,100.0,1.1353711790393013,0.24217756114839845,41075.0,317.4115210843373,0.2345238095238095,-97.484848,0.00281763621607935,8.0,14.61,0.0,6.4148804960164885,0,0,1,0,0,0,0,0,1
6901028177153,202606,云烟(硬苁蓉),二类烟,0,0.0,6.4148804960164885,,87.5,100.0,1.1353711790393013,0.24217756114839845,41075.0,317.4115210843373,0.2345238095238095,-97.484848,0.00281763621607935,8.0,14.61,0.0,6.4148804960164885,0,0,1,0,0,0,0,0,1
6901028177214,202501,冬虫夏草(和润),一类烟,0,0.0,22.709923664122115,0.0,87.5,100.0,1.1484823625922886,0.24217756114839845,41075.0,317.4115210843373,0.2345238095238095,-97.484848,0.00281763621607935,8.0,14.61,0.0,41.1974834563511,1,0,0,0,0,0,0,0,1
6901028177214,202502,冬虫夏草(和润),一类烟,0,0.0,22.709923664122115,0.0,87.5,100.0,1.179245283018868,0.24217756114839845,41075.0,317.4115210843373,0.2345238095238095,1.0,0.0,8.0,14.61,0.0,22.709923664122115,1,0,0,0,0,0,0,0,1
6901028177214,202503,冬虫夏草(和润),一类烟,0,0.0,22.709923664122115,,87.5,100.0,1.179245283018868,0.24217756114839845,41075.0,317.4115210843373,0.2345238095238095,1.0,0.0,8.0,14.61,0.0,22.709923664122115,1,0,0,0,0,0,0,0,1
6901028177214,202504,冬虫夏草(和润),一类烟,0,37.09365504812973,22.709923664122115,,100.0,100.0,1.179245283018868,0.24217756114839845,41075.0,317.4115210843373,0.0047337278106508,-97.484848,0.00281763621607935,8.0,14.61,0.0,22.709923664122115,1,0,0,0,0,0,0,0,1
6901028177214,202507,冬虫夏草(和润),一类烟,0,13.611960076288469,59.80357871225185,85.714286,91.51,100.0,1.179245283018868,0.24217756114839845,41075.0,317.4115210843373,0.1255924170616113,-97.484848,0.00281763621607935,8.0,14.61,0.0,22.709923664122115,1,0,0,0,0,0,0,0,1
6901028177214,202508,冬虫夏草(和润),一类烟,0,-19.71422746469125,73.41553878854032,58.196721,82.66,98.61,1.179245283018868,0.3088915094339622,106000.0,3940.1666666666665,0.2052194543297746,-84.714286,0.0003017793594306,3.0,0.36,0.0,59.80357871225185,1,0,0,0,0,0,0,0,1
6901028177214,202509,冬虫夏草(和润),一类烟,0,-2.4926610997193634,53.70131132384907,100.0,87.5,100.0,1.179245283018868,0.3088915094339622,106000.0,240.4647887323944,0.2345238095238095,-57.196721,0.003575296912114,60.0,7.48,0.0,73.41553878854032,1,0,0,0,0,0,0,0,1
6901028177214,202510,冬虫夏草(和润),一类烟,0,22.174614385506977,51.208650224129705,100.0,87.5,100.0,1.179245283018868,0.3088915094339622,106000.0,5598.75,0.2345238095238095,-99.0,0.0002004728132387,8.0,0.24,0.0,53.70131132384907,1,0,0,0,0,0,0,0,1
6901028177214,202511,冬虫夏草(和润),一类烟,0,-50.67334094551457,73.38326460963668,98.275862,87.5,100.0,1.179245283018868,0.3088915094339622,106000.0,6276.25,0.2345238095238095,-99.0,0.0002002361275088,8.0,0.24,0.0,51.208650224129705,1,0,0,0,0,0,0,0,1
6901028177214,202512,冬虫夏草(和润),一类烟,0,50.15144992599683,22.709923664122115,,0.0,100.0,1.179245283018868,0.3088915094339622,106000.0,249.23684210526315,0.0506478209658421,-97.275862,0.0056932862190812,36.0,7.07,0.0,73.38326460963668,1,0,0,0,0,0,0,0,1
6901028177214,202601,冬虫夏草(和润),一类烟,0,-50.15144992599683,72.86137359011894,98.591549,87.5,100.0,1.179245283018868,0.24217756114839845,41075.0,317.4115210843373,0.2345238095238095,-97.484848,0.00281763621607935,8.0,14.61,0.0,22.709923664122115,1,0,0,0,0,0,0,0,1
6901028177214,202602,冬虫夏草(和润),一类烟,0,41.31349829566612,22.709923664122115,,87.5,100.0,1.179245283018868,0.3088915094339622,106000.0,391.0857142857143,0.2345238095238095,-97.591549,0.0035124260355029,32.0,8.28,0.0,72.86137359011894,1,0,0,0,0,0,0,0,1
6901028177214,202603,冬虫夏草(和润),一类烟,0,8.621022794989997,64.02342195978824,100.0,87.5,100.0,1.179245283018868,0.24217756114839845,41075.0,317.4115210843373,0.2345238095238095,-97.484848,0.00281763621607935,8.0,14.61,0.0,22.709923664122115,1,0,0,0,0,0,0,0,1
6901028177214,202605,冬虫夏草(和润),一类烟,1,-1.4311696449845073,72.64444475477823,93.478261,100.0,100.0,1.179245283018868,0.3088915094339622,106000.0,2793.222222222222,0.00119189511323,-99.0,0.0004548271752085,8.0,0.6,0.0,64.02342195978824,1,0,0,0,0,0,0,0,1
6901028177214,202606,冬虫夏草(和润),一类烟,1,-8.96425175653799,71.21327510979373,60.97561,65.0,90.24,1.179245283018868,0.3088915094339622,106000.0,450.046511627907,0.072289156626506,-92.478261,0.002196626506024,7.0,2.65,18.18,72.64444475477823,1,0,0,0,0,0,0,0,1
6901028177771,202501,大青山(昭君和亲),二类烟,0,0.0,15.596606507146483,0.0,87.5,100.0,1.1484823625922886,0.24217756114839845,41075.0,317.4115210843373,0.2345238095238095,-97.484848,0.00281763621607935,8.0,14.61,0.0,41.1974834563511,0,0,1,0,0,0,0,0,1
6901028177771,202502,大青山(昭君和亲),二类烟,0,0.0,15.596606507146483,,93.94,100.0,1.160092807424594,0.24217756114839845,41075.0,317.4115210843373,0.0390995260663507,1.0,0.0,8.0,14.61,0.0,15.596606507146483,0,0,1,0,0,0,0,0,1
6901028177771,202503,大青山(昭君和亲),二类烟,0,0.0,15.596606507146483,,87.5,100.0,1.160092807424594,0.24217756114839845,41075.0,317.4115210843373,0.2345238095238095,-97.484848,0.00281763621607935,8.0,14.61,0.0,15.596606507146483,0,0,1,0,0,0,0,0,1
6901028177771,202504,大青山(昭君和亲),二类烟,0,0.0,15.596606507146483,,87.5,100.0,1.160092807424594,0.24217756114839845,41075.0,317.4115210843373,0.2345238095238095,-97.484848,0.00281763621607935,8.0,14.61,0.0,15.596606507146483,0,0,1,0,0,0,0,0,1
6901028177771,202505,大青山(昭君和亲),二类烟,0,0.0,15.596606507146483,,87.5,100.0,1.160092807424594,0.24217756114839845,41075.0,317.4115210843373,0.2345238095238095,-97.484848,0.00281763621607935,8.0,14.61,0.0,15.596606507146483,0,0,1,0,0,0,0,0,1
6901028177771,202506,大青山(昭君和亲),二类烟,0,0.0,15.596606507146483,,87.5,100.0,1.160092807424594,0.24217756114839845,41075.0,317.4115210843373,0.2345238095238095,-97.484848,0.00281763621607935,8.0,14.61,0.0,15.596606507146483,0,0,1,0,0,0,0,0,1
6901028177771,202507,大青山(昭君和亲),二类烟,0,0.0,15.596606507146483,,87.5,100.0,1.160092807424594,0.24217756114839845,41075.0,317.4115210843373,0.2345238095238095,-97.484848,0.00281763621607935,8.0,14.61,0.0,15.596606507146483,0,0,1,0,0,0,0,0,1
6901028177771,202508,大青山(昭君和亲),二类烟,0,0.0,15.596606507146483,,87.5,100.0,1.160092807424594,0.24217756114839845,41075.0,317.4115210843373,0.2345238095238095,-97.484848,0.00281763621607935,8.0,14.61,0.0,15.596606507146483,0,0,1,0,0,0,0,0,1
6901028177771,202509,大青山(昭君和亲),二类烟,0,0.0,15.596606507146483,,87.5,100.0,1.160092807424594,0.24217756114839845,41075.0,317.4115210843373,0.2345238095238095,-97.484848,0.00281763621607935,8.0,14.61,0.0,15.596606507146483,0,0,1,0,0,0,0,0,1
6901028177771,202510,大青山(昭君和亲),二类烟,0,0.0,15.596606507146483,,87.5,100.0,1.160092807424594,0.24217756114839845,41075.0,317.4115210843373,0.2345238095238095,-97.484848,0.00281763621607935,8.0,14.61,0.0,15.596606507146483,0,0,1,0,0,0,0,0,1
6901028177771,202511,大青山(昭君和亲),二类烟,0,0.0,15.596606507146483,,87.5,100.0,1.160092807424594,0.24217756114839845,41075.0,317.4115210843373,0.2345238095238095,-97.484848,0.00281763621607935,8.0,14.61,0.0,15.596606507146483,0,0,1,0,0,0,0,0,1
6901028177771,202512,大青山(昭君和亲),二类烟,0,0.0,15.596606507146483,,87.5,100.0,1.160092807424594,0.24217756114839845,41075.0,317.4115210843373,0.2345238095238095,-97.484848,0.00281763621607935,8.0,14.61,0.0,15.596606507146483,0,0,1,0,0,0,0,0,1
6901028178105,202501,黄鹤楼(硬天下胜景),一类烟,0,0.0,40.22900763358771,,87.5,100.0,1.1484823625922886,0.24217756114839845,41075.0,317.4115210843373,0.2345238095238095,-97.484848,0.00281763621607935,8.0,14.61,0.0,41.1974834563511,1,0,0,0,0,0,0,0,1
6901028178105,202502,黄鹤楼(硬天下胜景),一类烟,0,0.0,40.22900763358771,,87.5,100.0,1.2264150943396226,0.24217756114839845,41075.0,317.4115210843373,0.2345238095238095,-97.484848,0.00281763621607935,8.0,14.61,0.0,40.22900763358771,1,0,0,0,0,0,0,0,1
6901028178105,202503,黄鹤楼(硬天下胜景),一类烟,0,0.0,40.22900763358771,,87.5,100.0,1.2264150943396226,0.24217756114839845,41075.0,317.4115210843373,0.2345238095238095,-97.484848,0.00281763621607935,8.0,14.61,0.0,40.22900763358771,1,0,0,0,0,0,0,0,1
6901028178105,202504,黄鹤楼(硬天下胜景),一类烟,0,0.0,40.22900763358771,,87.5,100.0,1.2264150943396226,0.24217756114839845,41075.0,317.4115210843373,0.2345238095238095,-97.484848,0.00281763621607935,8.0,14.61,0.0,40.22900763358771,1,0,0,0,0,0,0,0,1
6901028178105,202505,黄鹤楼(硬天下胜景),一类烟,0,25.21172625404357,40.22900763358771,,87.5,100.0,1.2264150943396226,0.24217756114839845,41075.0,317.4115210843373,0.2345238095238095,-97.484848,0.00281763621607935,8.0,14.61,0.0,40.22900763358771,1,0,0,0,0,0,0,0,1
6901028178105,202506,黄鹤楼(硬天下胜景),一类烟,0,-25.21172625404357,65.44073388763128,96.385542,87.5,100.0,1.2264150943396226,0.24217756114839845,41075.0,317.4115210843373,0.2345238095238095,-97.484848,0.00281763621607935,8.0,14.61,0.0,40.22900763358771,1,0,0,0,0,0,0,0,1
6901028178105,202507,黄鹤楼(硬天下胜景),一类烟,0,0.0,40.22900763358771,,87.5,100.0,1.2264150943396226,0.2755188679245283,53000.0,376.1,0.2345238095238095,-95.385542,0.0020238663484486,40.0,4.77,0.0,65.44073388763128,1,0,0,0,0,0,0,0,1
6901028178105,202508,黄鹤楼(硬天下胜景),一类烟,0,0.0,40.22900763358771,0.0,87.5,100.0,1.2264150943396226,0.24217756114839845,41075.0,317.4115210843373,0.2345238095238095,-97.484848,0.00281763621607935,8.0,14.61,0.0,40.22900763358771,1,0,0,0,0,0,0,0,1
6901028178105,202509,黄鹤楼(硬天下胜景),一类烟,0,25.625326681263317,40.22900763358771,,87.5,100.0,1.2264150943396226,0.24217756114839845,41075.0,317.4115210843373,0.2345238095238095,1.0,0.0,8.0,14.61,0.0,40.22900763358771,1,0,0,0,0,0,0,0,1
6901028178105,202510,黄鹤楼(硬天下胜景),一类烟,0,-2.826772462882836,65.85433431485103,99.497487,87.5,100.0,1.2264150943396226,0.24217756114839845,41075.0,317.4115210843373,0.2345238095238095,-97.484848,0.00281763621607935,8.0,14.61,0.0,40.22900763358771,1,0,0,0,0,0,0,0,1
6901028178105,202511,黄鹤楼(硬天下胜景),一类烟,0,0.9774748703187797,63.027561851968194,97.777778,87.5,100.0,1.2264150943396226,0.2754042786354106,53000.0,251.25757575757572,0.2345238095238095,-98.497487,0.0049558441558441,58.0,9.56,0.0,65.85433431485103,1,0,0,0,0,0,0,0,1
6901028178105,202512,黄鹤楼(硬天下胜景),一类烟,0,2.41199779977957,64.00503672228697,100.0,87.5,100.0,1.2264150943396226,0.2755085048599199,53000.0,1030.871212121212,0.2345238095238095,-96.777778,0.0032961130742049,20.0,7.77,0.0,63.027561851968194,1,0,0,0,0,0,0,0,1
6901028178105,202601,黄鹤楼(硬天下胜景),一类烟,0,-2.107325663765266,66.41703452206654,98.787879,87.5,100.0,1.2264150943396226,0.2755188679245283,53000.0,766.3194444444445,0.2345238095238095,-99.0,0.0036,71.0,12.5,0.0,64.00503672228697,1,0,0,0,0,0,0,0,1
6901028178105,202602,黄鹤楼(硬天下胜景),一类烟,0,0.839362218636154,64.30970885830128,100.0,87.5,100.0,1.2264150943396226,0.2755188679245283,53000.0,110.7435582822086,0.2345238095238095,-97.787879,0.0204473372781065,189.0,42.25,19.05,66.41703452206654,1,0,0,0,0,0,0,0,1
6901028178105,202603,黄鹤楼(硬天下胜景),一类烟,0,1.229878685197761,65.14907107693743,98.039216,87.5,100.0,1.2264150943396226,0.2755188679245283,53000.0,683.5102040816325,0.2345238095238095,-99.0,0.002467458432304,8.0,8.31,40.0,64.30970885830128,1,0,0,0,0,0,0,0,1
6901028178105,202604,黄鹤楼(硬天下胜景),一类烟,0,0.12385925459921054,66.37894976213519,100.0,87.5,100.0,1.2264150943396226,0.2755188679245283,53000.0,455.3733333333333,0.2345238095238095,-97.039216,0.0037902264600715,8.0,6.91,0.0,65.14907107693743,1,0,0,0,0,0,0,0,1
6901028178105,202605,黄鹤楼(硬天下胜景),一类烟,0,-1.1445120227276533,66.5028090167344,99.040307,87.5,100.0,1.2264150943396226,0.2755188679245283,53000.0,121.09491525423728,0.2345238095238095,-99.0,0.0150336538461538,33.0,33.29,0.0,66.37894976213519,1,0,0,0,0,0,0,0,1
6901028178105,202606,黄鹤楼(硬天下胜景),一类烟,0,0.2738548969156085,65.35829699400675,100.0,87.5,100.0,1.2264150943396226,0.2755188679245283,53000.0,87.43023255813952,0.2345238095238095,-98.040307,0.0131797590361445,2.0,22.65,21.28,66.5028090167344,1,0,0,0,0,0,0,0,1
6901028178259,202502,黄鹤楼(1916中支),一类烟,0,0.0,30.418320610686955,0.0,87.5,100.0,1.1484823625922886,0.24217756114839845,41075.0,317.4115210843373,0.2345238095238095,-97.484848,0.00281763621607935,8.0,14.61,0.0,41.1974834563511,1,0,0,0,0,0,0,0,1
6901028178259,202503,黄鹤楼(1916中支),一类烟,0,0.0,30.418320610686955,0.0,96.92,100.0,1.2,0.24217756114839845,41075.0,317.4115210843373,0.0721040189125295,1.0,0.0,8.0,14.61,0.0,30.418320610686955,1,0,0,0,0,0,0,0,1
6901028178259,202504,黄鹤楼(1916中支),一类烟,0,0.0,30.418320610686955,0.0,87.5,100.0,1.2,0.24217756114839845,41075.0,317.4115210843373,0.2345238095238095,1.0,0.0,8.0,14.61,0.0,30.418320610686955,1,0,0,0,0,0,0,0,1
6901028178259,202505,黄鹤楼(1916中支),一类烟,0,0.0,30.418320610686955,0.0,87.5,100.0,1.2,0.24217756114839845,41075.0,317.4115210843373,0.2345238095238095,1.0,0.0,8.0,14.61,0.0,30.418320610686955,1,0,0,0,0,0,0,0,1
6901028178259,202508,黄鹤楼(1916中支),一类烟,0,0.0,30.418320610686955,0.0,87.5,100.0,1.2,0.24217756114839845,41075.0,317.4115210843373,0.2345238095238095,1.0,0.0,8.0,14.61,0.0,30.418320610686955,1,0,0,0,0,0,0,0,1
6901028178259,202509,黄鹤楼(1916中支),一类烟,0,0.0,30.418320610686955,0.0,87.5,100.0,1.2,0.24217756114839845,41075.0,317.4115210843373,0.2345238095238095,1.0,0.0,8.0,14.61,0.0,30.418320610686955,1,0,0,0,0,0,0,0,1
6901028178259,202511,黄鹤楼(1916中支),一类烟,0,0.0,30.418320610686955,0.0,87.5,100.0,1.2,0.24217756114839845,41075.0,317.4115210843373,0.2345238095238095,1.0,0.0,8.0,14.61,0.0,30.418320610686955,1,0,0,0,0,0,0,0,1
6901028178259,202601,黄鹤楼(1916中支),一类烟,0,0.0,30.418320610686955,0.0,87.5,100.0,1.2,0.24217756114839845,41075.0,317.4115210843373,0.2345238095238095,1.0,0.0,8.0,14.61,0.0,30.418320610686955,1,0,0,0,0,0,0,0,1
6901028178259,202602,黄鹤楼(1916中支),一类烟,0,0.0,30.418320610686955,0.0,97.59,100.0,1.2,0.24217756114839845,41075.0,317.4115210843373,0.0745562130177514,1.0,0.0,8.0,14.61,0.0,30.418320610686955,1,0,0,0,0,0,0,0,1
6901028178259,202603,黄鹤楼(1916中支),一类烟,0,0.0,30.418320610686955,0.0,95.0,100.0,1.2,0.24217756114839845,41075.0,317.4115210843373,0.0427553444180522,1.0,0.0,8.0,14.61,0.0,30.418320610686955,1,0,0,0,0,0,0,0,1
6901028178259,202604,黄鹤楼(1916中支),一类烟,0,0.0,30.418320610686955,,87.5,100.0,1.2,0.24217756114839845,41075.0,317.4115210843373,0.2345238095238095,1.0,0.0,8.0,14.61,0.0,30.418320610686955,1,0,0,0,0,0,0,0,1
6901028178259,202605,黄鹤楼(1916中支),一类烟,0,0.0,30.418320610686955,,87.5,100.0,1.2,0.24217756114839845,41075.0,317.4115210843373,0.2345238095238095,-97.484848,0.00281763621607935,8.0,14.61,0.0,30.418320610686955,1,0,0,0,0,0,0,0,1
6901028178648,202501,黄鹤楼(珍品细支),一类烟,0,1.095317258620554,71.50418093198012,86.585366,87.5,100.0,1.1484823625922886,0.24217756114839845,41075.0,317.4115210843373,0.2345238095238095,-97.484848,0.00281763621607935,8.0,14.61,0.0,41.1974834563511,1,0,0,0,0,0,0,0,1
6901028178648,202502,黄鹤楼(珍品细支),一类烟,0,-49.88957452647864,72.59949819060067,92.647059,122.13,99.17,1.1792452830188678,0.3088397259869489,95400.0,754.3521126760563,1.0,-85.585366,0.0032101421800947,62.0,8.41,0.0,71.50418093198012,1,0,0,0,0,0,0,0,1
6901028178648,202503,黄鹤楼(珍品细支),一类烟,1,0.0,22.70992366412203,0.0,100.0,100.0,1.1792452830188678,0.308899038301554,95400.0,463.07936507936506,0.1004728132387706,-91.647059,0.0028417021276595,8.0,14.61,0.0,72.59949819060067,1,0,0,0,0,0,0,0,1
6901028178648,202504,黄鹤楼(珍品细支),一类烟,0,0.0,22.70992366412203,0.0,100.0,100.0,1.1792452830188678,0.24217756114839845,41075.0,317.4115210843373,0.0473372781065088,1.0,0.0,8.0,14.61,0.0,22.70992366412203,1,0,0,0,0,0,0,0,1
6901028178648,202505,黄鹤楼(珍品细支),一类烟,0,0.0,22.70992366412203,0.0,96.23,99.52,1.1792452830188678,0.24217756114839845,41075.0,317.4115210843373,0.509478672985782,1.0,0.0,8.0,14.61,0.0,22.70992366412203,1,0,0,0,0,0,0,0,1
6901028178648,202506,黄鹤楼(珍品细支),一类烟,0,0.0,22.70992366412203,0.0,87.5,100.0,1.1792452830188678,0.24217756114839845,41075.0,317.4115210843373,0.2345238095238095,1.0,0.0,8.0,14.61,0.0,22.70992366412203,1,0,0,0,0,0,0,0,1
6901028178648,202507,黄鹤楼(珍品细支),一类烟,0,0.0,22.70992366412203,0.0,100.0,100.0,1.1792452830188678,0.24217756114839845,41075.0,317.4115210843373,0.0525059665871121,1.0,0.0,8.0,14.61,0.0,22.70992366412203,1,0,0,0,0,0,0,0,1
6901028178648,202508,黄鹤楼(珍品细支),一类烟,0,0.0,22.70992366412203,0.0,100.0,100.0,1.1792452830188678,0.24217756114839845,41075.0,317.4115210843373,0.0047449584816132,1.0,0.0,8.0,14.61,0.0,22.70992366412203,1,0,0,0,0,0,0,0,1
6901028178648,202509,黄鹤楼(珍品细支),一类烟,0,0.0,22.70992366412203,0.0,87.5,100.0,1.1792452830188678,0.24217756114839845,41075.0,317.4115210843373,0.2345238095238095,1.0,0.0,8.0,14.61,0.0,22.70992366412203,1,0,0,0,0,0,0,0,1
6901028178648,202510,黄鹤楼(珍品细支),一类烟,0,0.0,22.70992366412203,0.0,100.0,100.0,1.1792452830188678,0.24217756114839845,41075.0,317.4115210843373,0.0118203309692671,1.0,0.0,8.0,14.61,0.0,22.70992366412203,1,0,0,0,0,0,0,0,1
6901028178648,202511,黄鹤楼(珍品细支),一类烟,0,0.0,22.70992366412203,0.0,87.5,100.0,1.1792452830188678,0.24217756114839845,41075.0,317.4115210843373,0.2345238095238095,1.0,0.0,8.0,14.61,0.0,22.70992366412203,1,0,0,0,0,0,0,0,1
6901028178648,202512,黄鹤楼(珍品细支),一类烟,0,48.61850281359807,22.70992366412203,0.0,87.5,100.0,1.1792452830188678,0.24217756114839845,41075.0,317.4115210843373,0.2345238095238095,1.0,0.0,8.0,14.61,0.0,22.70992366412203,1,0,0,0,0,0,0,0,1
6901028178648,202601,黄鹤楼(珍品细支),一类烟,0,-1.5717747249078684,71.3284264777201,95.294118,0.0,100.0,1.1792452830188678,0.24217756114839845,41075.0,317.4115210843373,0.0813679245283018,1.0,0.0,8.0,14.61,0.0,22.70992366412203,1,0,0,0,0,0,0,0,1
6901028178648,202602,黄鹤楼(珍品细支),一类烟,0,-47.0467280886902,69.75665175281223,95.0,98.68,99.88,1.1792452830188678,0.3088768537929963,95400.0,806.1481481481482,1.0,-94.294118,0.0036579408284023,61.0,7.22,0.0,71.3284264777201,1,0,0,0,0,0,0,0,1
6901028178648,202603,黄鹤楼(珍品细支),一类烟,1,0.0,22.70992366412203,0.0,82.49,99.62,1.1792452830188678,0.3088767516274964,95400.0,1233.342105263158,0.9441805225653208,-94.0,0.0017221852731591,1.0,4.04,0.0,69.75665175281223,1,0,0,0,0,0,0,0,1
6901028178648,202604,黄鹤楼(珍品细支),一类烟,0,49.21214907354813,22.70992366412203,,93.66,98.66,1.1792452830188678,0.24217756114839845,41075.0,317.4115210843373,0.9630512514898688,1.0,0.0,8.0,14.61,0.0,22.70992366412203,1,0,0,0,0,0,0,0,1
6901028178648,202605,黄鹤楼(珍品细支),一类烟,0,1.1647015309595758,71.92207273767016,96.0,86.98,98.05,1.1792452830188678,0.24217756114839845,41075.0,317.4115210843373,0.828125,-97.484848,0.00281763621607935,8.0,14.61,0.0,22.70992366412203,1,0,0,0,0,0,0,0,1
6901028178648,202606,黄鹤楼(珍品细支),一类烟,0,-9.32731879050386,73.08677426862974,99.280576,88.13,98.45,1.1792452830188678,0.3089098532494759,95400.0,648.375,0.3542168674698795,-95.0,0.0011034216867469,1.0,1.45,0.0,71.92207273767016,1,0,0,0,0,0,0,0,1
6901028179270,202501,红金龙(软精品),三类烟,0,-0.09219102038724714,52.5875663685215,99.183159,87.5,100.0,1.1484823625922886,0.24217756114839845,41075.0,317.4115210843373,0.2345238095238095,-97.484848,0.00281763621607935,8.0,14.61,0.0,41.1974834563511,0,1,0,0,0,0,0,1,0
6901028179270,202502,红金龙(软精品),三类烟,0,0.009647255164125568,52.49537534813425,99.452675,87.5,100.0,1.2208657047724751,0.2421135174688599,22525.0,60.16869334512492,0.2345238095238095,-98.183159,0.1931385308056872,3.0,99.88,99.76,52.5875663685215,0,1,0,0,0,0,0,1,0
6901028179270,202503,红金龙(软精品),三类烟,0,0.08333549584210687,52.50502260329838,99.362881,99.01,100.0,1.2208657047724751,0.2421158702431716,22525.0,85.4811651959389,0.9550827423167848,-98.452675,0.1122415957446808,8.0,14.61,0.0,52.49537534813425,0,1,0,0,0,0,0,1,0
6901028179270,202504,红金龙(软精品),三类烟,0,-0.3267900601545577,52.588358099140486,99.483871,98.82,100.0,1.2208657047724751,0.2421192118825111,22525.0,83.2214478208345,0.9988165680473372,-98.362881,0.1147415502958579,2.0,100.0,99.29,52.50502260329838,0,1,0,0,0,0,0,1,0
6901028179270,202505,红金龙(软精品),三类烟,0,0.3623825973756425,52.26156803898593,99.31185,98.93,100.0,1.2208657047724751,0.2421147185994672,22525.0,60.08375998361664,1.0,-98.483871,0.1563832819905213,1.0,100.0,99.29,52.588358099140486,0,1,0,0,0,0,0,1,0
6901028179270,202506,红金龙(软精品),三类烟,0,-14.45601170506388,52.62395063636157,99.490853,98.69,100.0,1.2208657047724751,0.2421198574359288,22525.0,149.46188947101572,1.0,-98.31185,0.063466869047619,1.0,99.76,98.93,52.26156803898593,0,1,0,0,0,0,0,1,0
6901028179270,202507,红金龙(软精品),三类烟,0,12.996172566206091,38.16793893129769,,98.68,100.0,1.2208657047724751,0.2421198523743965,22525.0,50.96651921242085,1.0,-98.490853,0.1239573866348448,2.0,99.88,99.64,52.62395063636157,0,1,0,0,0,0,0,1,0
6901028179270,202508,红金龙(软精品),三类烟,0,1.3171144159674384,51.16411149750378,97.02558,99.28,99.88,1.2208657047724751,0.24217756114839845,22525.0,317.4115210843373,1.0,-97.484848,0.0355055990510083,6.0,100.0,75.8,38.16793893129769,0,1,0,0,0,0,0,1,0
6901028179270,202509,红金龙(软精品),三类烟,0,-0.06504802308953117,52.48122591347122,99.259914,99.22,99.88,1.2208657047724751,0.2421197647412678,22525.0,447.7381974248927,1.0,-96.02558,0.017452862232779,1.0,91.92,5.56,51.16411149750378,0,1,0,0,0,0,0,1,0
6901028179270,202510,红金龙(软精品),三类烟,0,-0.04696109782707225,52.41617789038169,99.584609,99.12,99.76,1.2208657047724751,0.2421196568444241,22525.0,89.7375918094814,0.6784869976359338,-98.259914,0.0957019621749409,7.0,99.65,61.09,52.48122591347122,0,1,0,0,0,0,0,1,0
6901028179270,202511,红金龙(软精品),三类烟,0,-0.2846277750795494,52.36921679255462,99.093293,87.5,100.0,1.2208657047724751,0.2419324546089172,22525.0,87.11624588364435,0.2345238095238095,-98.584609,0.096908028335301,2.0,99.76,99.41,52.41617789038169,0,1,0,0,0,0,0,1,0
6901028179270,202512,红金龙(软精品),三类烟,0,0.5628108268839114,52.08458901747507,99.373695,87.5,100.0,1.2208657047724751,0.241892574927771,22525.0,95.55539631793629,0.2345238095238095,-98.093293,0.0962658539458186,3.0,99.88,43.75,52.36921679255462,0,1,0,0,0,0,0,1,0
6901028179270,202601,红金龙(软精品),三类烟,0,0.02197291358892528,52.64739984435898,99.356356,87.5,100.0,1.2208657047724751,0.2421092576875367,22525.0,196.41491596638656,0.2345238095238095,-98.373695,0.0101149999999999,8.0,48.7,0.0,52.08458901747507,0,1,0,0,0,0,0,1,0
6901028179270,202602,红金龙(软精品),三类烟,0,-0.08075845610962773,52.669372757947905,99.836172,87.5,100.0,1.2208657047724751,0.2421154629761624,22525.0,44.11706324488186,0.2345238095238095,-98.356356,0.2567690059171597,1.0,100.0,99.76,52.64739984435898,0,1,0,0,0,0,0,1,0
6901028179270,202603,红金龙(软精品),三类烟,0,0.0032392446913789286,52.58861430183828,99.653658,87.5,100.0,1.2208657047724751,0.2421154837626495,22525.0,38.14712613896446,0.2345238095238095,-98.836172,0.2477964014251781,8.0,99.88,95.6,52.669372757947905,0,1,0,0,0,0,0,1,0
6901028179270,202604,红金龙(软精品),三类烟,0,-0.14798277840324658,52.591853546529656,99.704475,87.5,100.0,1.2208657047724751,0.2421191094596276,22525.0,60.49029414257862,0.2345238095238095,-98.653658,0.1266876877234803,8.0,99.76,99.4,52.58861430183828,0,1,0,0,0,0,0,1,0
6901028179270,202605,红金龙(软精品),三类烟,0,0.2936294267088684,52.44387076812641,99.544534,95.32,98.3,1.2208657047724751,0.2421090891716801,22525.0,58.523218066337336,1.0,-98.704475,0.1534515625,8.0,99.52,75.72,52.591853546529656,0,1,0,0,0,0,0,1,0
6901028179270,202606,红金龙(软精品),三类烟,0,-0.10290758758281271,52.73750019483528,99.659735,93.15,98.29,1.2208657047724751,0.2421156819674086,22525.0,99.45958312150482,1.0,-98.544534,0.0640578433734939,1.0,99.52,98.43,52.44387076812641,0,1,0,0,0,0,0,1,0
6901028179324,202501,黄鹤楼(硬珍品),一类烟,0,-10.595731860098631,74.22857049310507,99.627527,87.5,100.0,1.1484823625922886,0.24217756114839845,41075.0,317.4115210843373,0.2345238095238095,-97.484848,0.00281763621607935,8.0,14.61,0.0,41.1974834563511,1,0,0,0,0,0,0,0,1
6901028179324,202502,黄鹤楼(硬珍品),一类烟,1,-2.5916958873204763,63.632838633006436,91.724138,108.95,98.81,1.179245283018868,0.3088929837946206,84800.0,18.715604372937293,1.0,-98.627527,1.5587124170616116,122.0,99.88,98.58,74.22857049310507,1,0,0,0,0,0,0,0,1
6901028179324,202503,黄鹤楼(硬珍品),一类烟,0,12.327510003949868,61.04114274568596,92.631579,94.08,99.88,1.179245283018868,0.3088944353809051,84800.0,2899.6992481203006,0.9988179669030732,-90.724138,0.0053325768321513,8.0,14.61,0.0,63.632838633006436,1,0,0,0,0,0,0,0,1
6901028179324,202504,黄鹤楼(硬珍品),一类烟,0,-50.65872908551371,73.36865274963583,99.64476,94.32,98.78,1.179245283018868,0.3088899013722126,84800.0,3603.625000000001,0.5100591715976331,-91.631579,0.0035324970414201,8.0,4.73,0.0,61.04114274568596,1,0,0,0,0,0,0,0,1
6901028179324,202505,黄鹤楼(硬珍品),一类烟,1,45.062750790301735,22.709923664122115,0.0,93.24,99.52,1.179245283018868,0.3088886926983487,84800.0,252.90285204991085,0.5308056872037915,-98.64476,0.0450927014218009,8.0,48.93,35.11,73.36865274963583,1,0,0,0,0,0,0,0,1
6901028179324,202506,黄鹤楼(硬珍品),一类烟,0,-27.320306179671896,67.77267445442385,88.888889,100.0,100.0,1.179245283018868,0.24217756114839845,41075.0,317.4115210843373,0.0726190476190476,1.0,0.0,8.0,14.61,0.0,22.709923664122115,1,0,0,0,0,0,0,0,1
6901028179324,202507,黄鹤楼(硬珍品),一类烟,1,-17.74244461062984,40.452368274751954,80.0,87.5,100.0,1.179245283018868,0.3088885613207547,84800.0,1773.8636363636365,0.2345238095238095,-87.888889,0.0035620047732696,8.0,5.25,0.0,67.77267445442385,1,0,0,0,0,0,0,0,1
6901028179324,202508,黄鹤楼(硬珍品),一类烟,1,38.311810910324304,22.709923664122115,0.0,88.92,96.99,1.179245283018868,0.3077830188679245,84800.0,33072.625,0.9988137603795968,-79.0,0.0003218979833926,8.0,0.47,0.0,40.452368274751954,1,0,0,0,0,0,0,0,1
6901028179324,202509,黄鹤楼(硬珍品),一类烟,0,-38.311810910324304,61.02173457444642,92.753623,89.24,98.59,1.179245283018868,0.24217756114839845,41075.0,317.4115210843373,0.9477434679334916,1.0,0.0,8.0,14.61,0.0,22.709923664122115,1,0,0,0,0,0,0,0,1
6901028179324,202510,黄鹤楼(硬珍品),一类烟,1,0.0,22.709923664122115,0.0,76.04,95.64,1.179245283018868,0.3085559772995283,84800.0,3572.6874999999995,0.9988179669030732,-91.753623,0.0025660520094562,8.0,3.78,0.0,61.02173457444642,1,0,0,0,0,0,0,0,1
6901028179324,202511,黄鹤楼(硬珍品),一类烟,0,0.0,22.709923664122115,0.0,71.56,98.14,1.179245283018868,0.24217756114839845,41075.0,317.4115210843373,1.0,1.0,0.0,8.0,14.61,0.0,22.709923664122115,1,0,0,0,0,0,0,0,1
6901028179324,202601,黄鹤楼(硬珍品),一类烟,0,0.008714440215399577,73.7950443554896,99.427901,13.73,99.15,1.179245283018868,0.24217756114839845,41075.0,317.4115210843373,0.9316037735849056,1.0,0.0,8.0,14.61,0.0,22.709923664122115,1,0,0,0,0,0,0,0,1
6901028179324,202602,黄鹤楼(硬珍品),一类烟,0,0.04439211697554413,73.803758795705,98.5388,76.71,92.66,1.179245283018868,0.3088897443936264,84800.0,137.1245696862398,0.9988165680473372,-98.427901,0.8162476686390533,805.0,99.41,98.57,73.7950443554896,1,0,0,0,0,0,0,0,1
6901028179324,202603,黄鹤楼(硬珍品),一类烟,0,-0.05415093083254874,73.84815091268054,99.369483,66.16,97.96,1.179245283018868,0.3088924151744726,84800.0,135.04563777713793,0.9026128266033254,-97.5388,0.2798198574821852,1.0,93.94,81.67,73.803758795705,1,0,0,0,0,0,0,0,1
6901028179324,202604,黄鹤楼(硬珍品),一类烟,0,-1.7007935924511486,73.79399998184799,99.091696,69.44,98.13,1.179245283018868,0.3088903571257542,84800.0,122.75676818950932,0.8760429082240763,-98.369483,0.0955743504171632,8.0,89.27,3.34,73.84815091268054,1,0,0,0,0,0,0,0,1
6901028179324,202605,黄鹤楼(硬珍品),一类烟,0,0.9912373037590498,72.09320638939684,98.774081,66.97,96.3,1.179245283018868,0.3088920035742816,84800.0,137.65342645133128,0.7920673076923077,-98.091696,0.0934023076923076,8.0,74.04,25.49,73.79399998184799,1,0,0,0,0,0,0,0,1
6901028179324,202606,黄鹤楼(硬珍品),一类烟,0,-2.3172130685685772,73.08444369315589,98.720843,68.69,96.97,1.179245283018868,0.3088895022079486,84800.0,599.654255319149,0.6759036144578313,-97.774081,0.0230492530120481,8.0,31.08,3.88,72.09320638939684,1,0,0,0,0,0,0,0,1
6901028179348,202501,黄鹤楼(软红),一类烟,0,-0.8998102288647729,56.08869631957266,99.329424,87.5,100.0,1.1484823625922886,0.24217756114839845,41075.0,317.4115210843373,0.2345238095238095,-97.484848,0.00281763621607935,8.0,14.61,0.0,41.1974834563511,1,0,0,0,0,0,0,0,1
6901028179348,202502,黄鹤楼(软红),一类烟,0,-1.5297225119495081,55.18888609070789,99.36969,106.75,99.64,1.1408512505484862,0.2755213361363744,56975.0,39.0945144226554,1.0,-98.329424,0.9239400829383886,7.0,99.17,97.85,56.08869631957266,1,0,0,0,0,0,0,0,1
6901028179348,202503,黄鹤楼(软红),一类烟,0,1.0721594708430047,53.65916357875838,98.42615,100.0,100.0,1.1408512505484862,0.2755166419116773,56975.0,283.15195808052954,0.0047281323877068,-98.36969,0.0976791252955082,8.0,14.61,0.0,55.18888609070789,1,0,0,0,0,0,0,0,1
6901028179348,202504,黄鹤楼(软红),一类烟,0,-17.851653230717545,54.731323049601386,99.014085,87.5,100.0,1.1408512505484862,0.2755155770074594,56975.0,698.8118081180812,0.2345238095238095,-97.42615,0.0219269467455621,8.0,48.4,0.0,53.65916357875838,1,0,0,0,0,0,0,0,1
6901028179348,202505,黄鹤楼(软红),一类烟,1,-28.4294656647919,36.87966981888384,94.573643,100.0,100.0,1.1408512505484862,0.2755155770074594,56975.0,407.4011379800854,0.0236966824644549,-98.014085,0.0379653317535545,8.0,49.41,68.82,54.731323049601386,1,0,0,0,0,0,0,0,1
6901028179348,202506,黄鹤楼(软红),一类烟,1,47.11690376569634,8.45020415409194,0.0,87.5,100.0,1.1408512505484862,0.2755155770074594,56975.0,5259.44262295082,0.2345238095238095,-93.573643,0.0033099761904761,8.0,7.26,0.0,36.87966981888384,1,0,0,0,0,0,0,0,1
6901028179348,202507,黄鹤楼(软红),一类烟,0,0.2015804760249651,55.567107919788285,98.914931,87.5,100.0,1.1408512505484862,0.24217756114839845,41075.0,317.4115210843373,0.2345238095238095,1.0,0.0,8.0,14.61,0.0,8.45020415409194,1,0,0,0,0,0,0,0,1
6901028179348,202508,黄鹤楼(软红),一类烟,0,0.061436669816650635,55.76868839581325,98.797327,87.5,100.0,1.1408512505484862,0.2754953029944506,56975.0,178.03795524352785,0.2345238095238095,-97.914931,0.1232227995255041,13.0,90.51,54.13,55.567107919788285,1,0,0,0,0,0,0,0,1
6901028179348,202509,黄鹤楼(软红),一类烟,0,-0.2921819359641802,55.8301250656299,99.420981,87.5,100.0,1.1408512505484862,0.2755204436476695,56975.0,125.97520288548242,0.2345238095238095,-97.797327,0.1200670308788598,3.0,84.09,89.97,55.76868839581325,1,0,0,0,0,0,0,0,1
6901028179348,202510,黄鹤楼(软红),一类烟,0,-0.30619306674635993,55.53794312966572,99.327423,87.5,100.0,1.1408512505484862,0.2755223339663378,56975.0,109.481843096951,0.2345238095238095,-98.420981,0.1572671631205673,15.0,84.04,79.04,55.8301250656299,1,0,0,0,0,0,0,0,1
6901028179348,202511,黄鹤楼(软红),一类烟,0,-1.7405024505180364,55.23175006291936,99.020347,87.5,100.0,1.1408512505484862,0.2751776865626187,56975.0,151.5207756232687,0.2345238095238095,-98.327423,0.0874199645808736,5.0,76.03,84.47,55.53794312966572,1,0,0,0,0,0,0,0,1
6901028179348,202512,黄鹤楼(软红),一类烟,0,2.313496233015158,53.491247612401324,99.717514,87.5,100.0,1.1408512505484862,0.2753485433476056,56975.0,253.27207001522072,0.2345238095238095,-98.020347,0.0705443109540636,4.0,67.96,24.61,55.23175006291936,1,0,0,0,0,0,0,0,1
6901028179348,202601,黄鹤楼(软红),一类烟,0,-0.4594340937933623,55.80474384541648,99.330531,0.0,100.0,1.1408512505484862,0.2754575275921177,56975.0,738.1558073654392,0.5400943396226415,-98.717514,0.0189737499999999,5.0,41.63,27.48,53.491247612401324,1,0,0,0,0,0,0,0,1
6901028179348,202602,黄鹤楼(软红),一类烟,0,-1.449452649821339,55.34530975162312,98.054275,100.63,99.37,1.1408512505484862,0.2755206159734764,56975.0,116.1940961337513,0.6461538461538462,-98.330531,0.5162137278106509,18.0,87.1,88.72,55.80474384541648,1,0,0,0,0,0,0,0,1
6901028179348,202603,黄鹤楼(软红),一类烟,0,0.40177800544928033,53.89585710180178,99.373532,53.19,99.71,1.1408512505484862,0.2755191285628688,56975.0,240.9060052219321,0.8883610451306413,-97.054275,0.1036647268408551,3.0,75.77,71.63,55.34530975162312,1,0,0,0,0,0,0,0,1
6901028179348,202604,黄鹤楼(软红),一类烟,0,0.8396212122140412,54.29763510725106,99.527984,95.83,98.33,1.1408512505484862,0.2755161302480489,56975.0,634.5390070921986,0.0750893921334922,-98.373532,0.0344702145411203,1.0,63.77,16.82,53.89585710180178,1,0,0,0,0,0,0,0,1
6901028179348,202605,黄鹤楼(软红),一类烟,0,-0.3961946727117791,55.1372563194651,98.867314,70.59,93.42,1.1408512505484862,0.2755199173316876,56975.0,525.7472899728998,0.4002403846153846,-98.527984,0.0404303365384615,3.0,51.92,38.66,54.29763510725106,1,0,0,0,0,0,0,0,1
6901028179348,202606,黄鹤楼(软红),一类烟,0,0.5746421604454355,54.74106164675332,99.677271,72.04,97.94,1.1408512505484862,0.2755167260456068,56975.0,297.1939443535188,0.1614457831325301,-97.867314,0.033553469879518,3.0,47.71,49.49,55.1372563194651,1,0,0,0,0,0,0,0,1
6901028179492,202501,红金龙(软蓝九州腾龙),四类烟,0,18.018863486783616,22.709923664122115,0.0,87.5,100.0,1.1484823625922886,0.24217756114839845,41075.0,317.4115210843373,0.2345238095238095,-97.484848,0.00281763621607935,8.0,14.61,0.0,41.1974834563511,0,0,0,0,1,0,1,0,0
6901028179492,202502,红金龙(软蓝九州腾龙),四类烟,0,0.1484168287048533,40.72878715090573,97.323601,87.5,100.0,1.179245283018868,0.24217756114839845,41075.0,317.4115210843373,0.2345238095238095,1.0,0.0,8.0,14.61,0.0,22.709923664122115,0,0,0,0,1,0,1,0,0
6901028179492,202503,红金龙(软蓝九州腾龙),四类烟,0,-0.05622528137768512,40.877203979610584,99.115044,98.27,100.0,1.179245283018868,0.2169811320754717,9540.0,67.07874999999999,1.0,-96.323601,0.0036085106382978,8.0,14.61,0.0,40.72878715090573,0,0,0,0,1,0,1,0,0
6901028179492,202504,红金龙(软蓝九州腾龙),四类烟,0,0.08232918980780823,40.8209786982329,99.344848,98.3,99.88,1.179245283018868,0.2169811320754717,9540.0,26.73937074829932,1.0,-98.115044,0.0106215763313609,2.0,98.93,40.67,40.877203979610584,0,0,0,0,1,0,1,0,0
6901028179492,202505,红金龙(软蓝九州腾龙),四类烟,0,-0.011543683953270545,40.90330788804071,99.481214,97.92,100.0,1.179245283018868,0.2169811320754717,9540.0,42.02128297362111,1.0,-98.344848,0.0150831469194312,1.0,99.29,99.16,40.8209786982329,0,0,0,0,1,0,1,0,0
6901028179492,202506,红金龙(软蓝九州腾龙),四类烟,0,0.011543683953270545,40.89176420408744,99.521002,97.37,99.4,1.179245283018868,0.2169811320754716,9540.0,11.997629582806574,1.0,-98.481214,0.0287472,1.0,99.17,99.04,40.90330788804071,0,0,0,0,1,0,1,0,0
6901028179492,202507,红金龙(软蓝九州腾龙),四类烟,0,0.0,40.90330788804071,98.845969,97.75,99.88,1.179245283018868,0.2169629405833851,9540.0,22.781932617549057,1.0,-98.521002,0.0245990835322195,2.0,99.52,99.28,40.89176420408744,0,0,0,0,1,0,1,0,0
6901028179492,202508,红金龙(软蓝九州腾龙),四类烟,0,0.0,40.90330788804071,99.081791,97.66,98.92,1.179245283018868,0.2169663020084925,9540.0,9.19750283768445,0.9988137603795968,-97.845969,0.0279160996441281,6.0,99.41,75.66,40.90330788804071,0,0,0,0,1,0,1,0,0
6901028179492,202509,红金龙(软蓝九州腾龙),四类烟,0,-18.193384223918592,40.90330788804071,99.217935,98.55,99.76,1.179245283018868,0.2169806463742177,9540.0,14.79954376960365,1.0,-98.081791,0.0317879144893111,1.0,99.29,56.1,40.90330788804071,0,0,0,0,1,0,1,0,0
6901028179492,202510,红金龙(软蓝九州腾龙),四类烟,1,0.0,22.709923664122115,0.0,93.54,98.92,1.179245283018868,0.2169807189574885,9540.0,9.858644245927485,1.0,-98.217935,0.0171674893617021,5.0,98.58,43.88,40.90330788804071,0,0,0,0,1,0,1,0,0
6901028179492,202511,红金龙(软蓝九州腾龙),四类烟,0,0.0,22.709923664122115,0.0,95.45,98.68,1.179245283018868,0.24217756114839845,41075.0,317.4115210843373,1.0,1.0,0.0,8.0,14.61,0.0,22.709923664122115,0,0,0,0,1,0,1,0,0
6901028179492,202512,红金龙(软蓝九州腾龙),四类烟,0,0.0,22.709923664122115,0.0,96.88,97.96,1.179245283018868,0.24217756114839845,41075.0,317.4115210843373,1.0,1.0,0.0,8.0,14.61,0.0,22.709923664122115,0,0,0,0,1,0,1,0,0
6901028179492,202601,红金龙(软蓝九州腾龙),四类烟,0,0.0,22.709923664122115,0.0,47.64,99.45,1.179245283018868,0.24217756114839845,41075.0,317.4115210843373,0.6804245283018868,1.0,0.0,8.0,14.61,0.0,22.709923664122115,0,0,0,0,1,0,1,0,0
6901028179492,202602,红金龙(软蓝九州腾龙),四类烟,0,0.0,22.709923664122115,,109.38,100.0,1.179245283018868,0.24217756114839845,41075.0,317.4115210843373,1.0,1.0,0.0,8.0,14.61,0.0,22.709923664122115,0,0,0,0,1,0,1,0,0
6901028179492,202603,红金龙(软蓝九州腾龙),四类烟,0,0.0,22.709923664122115,,87.5,100.0,1.179245283018868,0.24217756114839845,41075.0,317.4115210843373,0.2345238095238095,-97.484848,0.00281763621607935,8.0,14.61,0.0,22.709923664122115,0,0,0,0,1,0,1,0,0
6901028179492,202604,红金龙(软蓝九州腾龙),四类烟,0,0.0,22.709923664122115,,97.73,99.76,1.179245283018868,0.24217756114839845,41075.0,317.4115210843373,1.0,-97.484848,0.00281763621607935,8.0,0.36,0.0,22.709923664122115,0,0,0,0,1,0,1,0,0
6901028179492,202605,红金龙(软蓝九州腾龙),四类烟,0,0.0,22.709923664122115,,87.5,100.0,1.179245283018868,0.24217756114839845,41075.0,317.4115210843373,0.2345238095238095,-97.484848,0.00281763621607935,8.0,14.61,0.0,22.709923664122115,0,0,0,0,1,0,1,0,0
6901028179492,202606,红金龙(软蓝九州腾龙),四类烟,0,0.0,22.709923664122115,,87.5,100.0,1.179245283018868,0.24217756114839845,41075.0,317.4115210843373,0.2345238095238095,-97.484848,0.00281763621607935,8.0,14.61,0.0,22.709923664122115,0,0,0,0,1,0,1,0,0
6901028180009,202501,黄鹤楼(软珍品),一类烟,0,-33.31342583396634,80.04965143499331,99.19616,87.5,100.0,1.1484823625922886,0.24217756114839845,41075.0,317.4115210843373,0.2345238095238095,-97.484848,0.00281763621607935,8.0,14.61,0.0,41.1974834563511,1,0,0,0,0,0,0,0,1
6901028180009,202502,黄鹤楼(软珍品),一类烟,1,-6.507217967439253,46.736225601026966,66.666667,117.74,99.88,1.2264150943396226,0.3088984709204286,132500.0,25.298606657727515,1.0,-98.19616,1.07714336492891,658.0,98.7,96.52,80.04965143499331,1,0,0,0,0,0,0,0,1
6901028180009,202503,黄鹤楼(软珍品),一类烟,1,31.77718589055769,40.22900763358771,0.0,99.67,100.0,1.2264150943396226,0.3088962264150943,132500.0,16696.125,1.0,-65.666667,0.0005011820330969,8.0,14.61,0.0,46.736225601026966,1,0,0,0,0,0,0,0,1
6901028180009,202504,黄鹤楼(软珍品),一类烟,0,-31.77718589055769,72.0061935241454,86.956522,98.87,99.88,1.2264150943396226,0.24217756114839845,41075.0,317.4115210843373,1.0,1.0,0.0,8.0,0.36,0.0,40.22900763358771,1,0,0,0,0,0,0,0,1
6901028180009,202505,黄鹤楼(软珍品),一类烟,1,0.0,40.22900763358771,0.0,99.06,99.64,1.2264150943396226,0.3088962264150943,132500.0,2211.25,1.0,-85.956522,0.0025118483412322,8.0,2.37,0.0,72.0061935241454,1,0,0,0,0,0,0,0,1
6901028180009,202506,黄鹤楼(软珍品),一类烟,0,0.0,40.22900763358771,0.0,99.45,99.88,1.2264150943396226,0.24217756114839845,41075.0,317.4115210843373,1.0,1.0,0.0,8.0,14.61,0.0,40.22900763358771,1,0,0,0,0,0,0,0,1
6901028180009,202507,黄鹤楼(软珍品),一类烟,0,0.0,40.22900763358771,0.0,99.31,99.88,1.2264150943396226,0.24217756114839845,41075.0,317.4115210843373,1.0,1.0,0.0,8.0,14.61,0.0,40.22900763358771,1,0,0,0,0,0,0,0,1
6901028180009,202508,黄鹤楼(软珍品),一类烟,0,0.0,40.22900763358771,0.0,99.3,99.64,1.2264150943396226,0.24217756114839845,41075.0,317.4115210843373,1.0,1.0,0.0,8.0,14.61,0.0,40.22900763358771,1,0,0,0,0,0,0,0,1
6901028180009,202509,黄鹤楼(软珍品),一类烟,0,0.0,40.22900763358771,0.0,99.12,99.29,1.2264150943396226,0.24217756114839845,41075.0,317.4115210843373,1.0,1.0,0.0,8.0,14.61,0.0,40.22900763358771,1,0,0,0,0,0,0,0,1
6901028180009,202510,黄鹤楼(软珍品),一类烟,0,0.0,40.22900763358771,0.0,96.44,97.51,1.2264150943396226,0.24217756114839845,41075.0,317.4115210843373,1.0,1.0,0.0,8.0,14.61,0.0,40.22900763358771,1,0,0,0,0,0,0,0,1
6901028180009,202511,黄鹤楼(软珍品),一类烟,0,0.0,40.22900763358771,0.0,91.89,93.87,1.2264150943396226,0.24217756114839845,41075.0,317.4115210843373,1.0,1.0,0.0,8.0,14.61,0.0,40.22900763358771,1,0,0,0,0,0,0,0,1
6901028180009,202512,黄鹤楼(软珍品),一类烟,0,38.45290550677575,40.22900763358771,0.0,85.49,90.88,1.2264150943396226,0.24217756114839845,41075.0,317.4115210843373,1.0,1.0,0.0,8.0,14.61,0.0,40.22900763358771,1,0,0,0,0,0,0,0,1
6901028180009,202601,黄鹤楼(软珍品),一类烟,0,0.8298215154271986,78.68191314036346,99.228633,39.67,93.6,1.2264150943396226,0.24217756114839845,41075.0,317.4115210843373,0.9952830188679244,1.0,0.0,8.0,14.61,0.0,40.22900763358771,1,0,0,0,0,0,0,0,1
6901028180009,202602,黄鹤楼(软珍品),一类烟,0,-2.818571320056634,79.51173465579066,98.863636,103.0,98.7,1.2264150943396226,0.30889390312588,132500.0,396.55161691542287,1.0,-98.228633,0.2017136094674556,635.0,75.15,52.44,78.68191314036346,1,0,0,0,0,0,0,0,1
6901028180009,202603,黄鹤楼(软珍品),一类烟,0,2.840053917548474,76.69316333573403,98.104265,69.02,97.96,1.2264150943396226,0.3088956043328882,132500.0,171.19237749546278,1.0,-97.863636,0.1040486935866983,114.0,81.83,44.56,79.51173465579066,1,0,0,0,0,0,0,0,1
6901028180009,202604,黄鹤楼(软珍品),一类烟,0,-1.0128003755118868,79.5332172532825,99.088542,91.75,99.13,1.2264150943396226,0.3088968188861544,132500.0,937.4057971014494,1.0,-97.104265,0.0130762812872467,8.0,7.15,46.67,76.69316333573403,1,0,0,0,0,0,0,0,1
6901028180009,202605,黄鹤楼(软珍品),一类烟,0,-2.3417325385726855,78.52041687777061,98.879552,84.25,93.71,1.2264150943396226,0.3088987429648179,132500.0,165.69382391590014,1.0,-98.088542,0.0484771634615384,8.0,29.21,0.0,79.5332172532825,1,0,0,0,0,0,0,0,1
6901028180009,202606,黄鹤楼(软珍品),一类烟,0,-2.928204246831001,76.17868433919793,98.377282,88.0,96.67,1.2264150943396226,0.3088981238975894,132500.0,440.9036827195468,1.0,-97.879552,0.0225409638554216,8.0,11.69,46.39,78.52041687777061,1,0,0,0,0,0,0,0,1
6901028180580,202501,黄鹤楼(软蓝),一类烟,0,-0.43721003934453506,44.59029183402674,99.650257,87.5,100.0,1.1484823625922886,0.24217756114839845,41075.0,317.4115210843373,0.2345238095238095,-97.484848,0.00281763621607935,8.0,14.61,0.0,41.1974834563511,1,0,0,0,0,0,0,0,1
6901028180580,202502,黄鹤楼(软蓝),一类烟,0,0.007012245692259,44.15308179468221,99.442442,100.0,100.0,1.1564211807668898,0.2421066935649746,41075.0,64.57763006292653,0.0225118483412322,-98.650257,1.0982209123222748,3.0,100.0,99.88,44.59029183402674,1,0,0,0,0,0,0,0,1
6901028180580,202503,黄鹤楼(软蓝),一类烟,0,-0.22358298837357893,44.16009404037447,99.574579,87.5,100.0,1.1564211807668898,0.2421036690232064,41075.0,183.08239316239317,0.2345238095238095,-98.442442,0.2840292553191489,8.0,14.61,0.0,44.15308179468221,1,0,0,0,0,0,0,0,1
6901028180580,202504,黄鹤楼(软蓝),一类烟,0,-0.9800221458425824,43.93651105200089,99.260574,87.5,100.0,1.1564211807668898,0.2421070490528677,41075.0,181.54302903478947,0.2345238095238095,-98.574579,0.2230007928994082,2.0,99.64,98.22,44.16009404037447,1,0,0,0,0,0,0,0,1
6901028180580,202505,黄鹤楼(软蓝),一类烟,0,0.08101533877916012,42.956488906158306,99.292722,100.0,100.0,1.1564211807668898,0.2421068142595052,41075.0,242.28694874851013,0.0047393364928909,-98.260574,0.195991990521327,1.0,99.76,98.81,43.93651105200089,1,0,0,0,0,0,0,0,1
6901028180580,202506,黄鹤楼(软蓝),一类烟,0,1.1909039359000175,43.037504244937466,99.331951,87.5,100.0,1.1564211807668898,0.2421107763327485,41075.0,509.0845588235294,0.2345238095238095,-98.292722,0.0851230476190476,1.0,99.76,98.93,42.956488906158306,1,0,0,0,0,0,0,0,1
6901028180580,202507,黄鹤楼(软蓝),一类烟,0,-0.03636369078336088,44.228408180837484,99.210146,87.5,100.0,1.1564211807668898,0.2421111885245438,41075.0,487.1094619666048,0.2345238095238095,-98.331951,0.0845419570405728,2.0,99.88,99.4,43.037504244937466,1,0,0,0,0,0,0,0,1
6901028180580,202508,黄鹤楼(软蓝),一类烟,0,0.19799902111149947,44.19204449005412,99.677515,87.5,100.0,1.1564211807668898,0.2420995437295262,41075.0,162.16147118187936,0.2345238095238095,-98.210146,0.3476221589561091,6.0,100.0,99.05,44.228408180837484,1,0,0,0,0,0,0,0,1
6901028180580,202509,黄鹤楼(软蓝),一类烟,0,-0.020685581165160727,44.39004351116562,99.769004,87.5,100.0,1.1564211807668898,0.2421072283011264,41075.0,172.8784032651436,0.2345238095238095,-98.677515,0.392036971496437,1.0,99.88,98.93,44.19204449005412,1,0,0,0,0,0,0,0,1
6901028180580,202510,黄鹤楼(软蓝),一类烟,0,-0.19633567379012362,44.36935793000046,99.663501,87.5,100.0,1.1564211807668898,0.2421074868326828,41075.0,119.09072589289542,0.2345238095238095,-98.769004,0.4529514066193853,7.0,99.88,96.09,44.39004351116562,1,0,0,0,0,0,0,0,1
6901028180580,202511,黄鹤楼(软蓝),一类烟,0,-0.3583115339947014,44.17302225621034,99.644595,87.5,100.0,1.1564211807668898,0.2421075455736759,41075.0,124.719393182554,0.2345238095238095,-98.663501,0.4194014521841794,2.0,98.23,95.91,44.36935793000046,1,0,0,0,0,0,0,0,1
6901028180580,202512,黄鹤楼(软蓝),一类烟,0,0.662120626417213,43.81471072221564,99.653031,87.5,100.0,1.1564211807668898,0.2421065043280963,41075.0,177.970094381036,0.2345238095238095,-98.644595,0.3526741107184923,3.0,98.12,93.16,44.17302225621034,1,0,0,0,0,0,0,0,1
6901028180580,202601,黄鹤楼(软蓝),一类烟,0,-0.2806547080651072,44.47683134863285,99.738036,0.0,100.0,1.1564211807668898,0.2421079493736846,41075.0,275.51511819681144,0.0106132075471698,-98.653031,0.105729375,8.0,62.62,39.74,43.81471072221564,1,0,0,0,0,0,0,0,1
6901028180580,202602,黄鹤楼(软蓝),一类烟,0,-0.6386904818028043,44.19617664056774,99.69336,110.87,100.0,1.1564211807668898,0.2421070915813203,41075.0,95.45911247010858,0.0449704142011834,-98.738036,0.991983124260355,1.0,99.88,99.41,44.47683134863285,1,0,0,0,0,0,0,0,1
6901028180580,202603,黄鹤楼(软蓝),一类烟,0,0.3784184539202826,43.55748615876494,99.890909,50.91,100.0,1.1564211807668898,0.2421069954023821,41075.0,171.73003667337042,0.0439429928741092,-98.69336,0.3298878622327791,8.0,99.17,92.81,44.19617664056774,1,0,0,0,0,0,0,0,1
6901028180580,202604,黄鹤楼(软蓝),一类烟,0,-0.0710413657389779,43.93590461268522,99.747169,100.0,100.0,1.1564211807668898,0.2420725595778954,41075.0,341.59034097803664,0.0250297973778307,-98.890909,0.1613821573301549,8.0,96.42,95.67,43.55748615876494,1,0,0,0,0,0,0,0,1
6901028180580,202605,黄鹤楼(软蓝),一类烟,0,-0.024855502086751358,43.86486324694624,99.763251,92.0,100.0,1.1564211807668898,0.2420911324765829,41075.0,240.75115715230328,0.0300480769230769,-98.747169,0.1791896875,8.0,91.71,69.72,43.93590461268522,1,0,0,0,0,0,0,0,1
6901028180580,202606,黄鹤楼(软蓝),一类烟,0,0.5003503797730531,43.84000774485949,99.677989,87.5,100.0,1.1564211807668898,0.2421023651206392,41075.0,261.27818061964405,0.0192771084337349,-98.763251,0.1501464457831325,1.0,94.1,90.52,43.86486324694624,1,0,0,0,0,0,0,0,1
6901028180603,202501,红金龙(硬神州腾龙),三类烟,0,35.102924506157,6.488549618320569,0.0,87.5,100.0,1.1484823625922886,0.24217756114839845,41075.0,317.4115210843373,0.2345238095238095,-97.484848,0.00281763621607935,8.0,14.61,0.0,41.1974834563511,0,1,0,0,0,0,1,0,0
6901028180603,202502,红金龙(硬神州腾龙),三类烟,0,-0.32820654616348577,41.59147412447757,99.631472,87.5,100.0,1.1355695317959469,0.24217756114839845,41075.0,317.4115210843373,0.2345238095238095,1.0,0.0,8.0,14.61,0.0,6.488549618320569,0,1,0,0,0,0,1,0,0
6901028180603,202503,红金龙(硬神州腾龙),三类烟,0,0.1005380697675804,41.263267578314085,99.4999,87.5,100.0,1.1355695317959469,0.2420286705498747,14310.0,169.551692250786,0.2345238095238095,-98.631472,0.0365835319148936,8.0,14.61,0.0,41.59147412447757,0,1,0,0,0,0,1,0,0
6901028180603,202504,红金龙(硬神州腾龙),三类烟,0,0.18890609119363688,41.363805648081666,99.612841,87.5,100.0,1.1355695317959469,0.2420509079077028,14310.0,261.1690792119019,0.2345238095238095,-98.4999,0.033693699408284,3.0,99.41,98.33,41.263267578314085,0,1,0,0,0,0,1,0,0
6901028180603,202505,红金龙(硬神州腾龙),三类烟,0,-0.10350708095148775,41.5527117392753,99.359421,87.5,100.0,1.1355695317959469,0.2420509425474668,14310.0,233.8468016194332,0.2345238095238095,-98.612841,0.0418787914691943,1.0,99.05,98.56,41.363805648081666,0,1,0,0,0,0,1,0,0
6901028180603,202506,红金龙(硬神州腾龙),三类烟,0,0.1481679896829462,41.449204658323815,99.586848,87.5,100.0,1.1355695317959469,0.2420509030933328,14310.0,182.4982480728802,0.2345238095238095,-98.359421,0.0486199285714285,1.0,98.69,97.23,41.5527117392753,0,1,0,0,0,0,1,0,0
6901028180603,202507,红金龙(硬神州腾龙),三类烟,0,-0.11636461871955106,41.59737264800676,98.632266,87.5,100.0,1.1355695317959469,0.2420495788102317,14310.0,210.4876404494382,0.2345238095238095,-98.586848,0.0395147255369928,4.0,99.4,98.44,41.449204658323815,0,1,0,0,0,0,1,0,0
6901028180603,202508,红金龙(硬神州腾龙),三类烟,0,0.34294006417091794,41.48100802928721,99.55684,87.5,100.0,1.1355695317959469,0.2420501323294049,14310.0,170.27592184052946,0.2345238095238095,-97.632266,0.0430895658362989,6.0,98.7,31.49,41.59737264800676,0,1,0,0,0,0,1,0,0
6901028180603,202509,红金龙(硬神州腾龙),三类烟,0,-0.19832876818781386,41.82394809345813,99.477163,87.5,100.0,1.1355695317959469,0.2420509625604732,14310.0,201.99361331527,0.2345238095238095,-98.55684,0.035125781472684,2.0,99.52,97.37,41.48100802928721,0,1,0,0,0,0,1,0,0
6901028180603,202510,红金龙(硬神州腾龙),三类烟,0,-0.21629092760597501,41.625619325270314,99.680662,87.5,100.0,1.1355695317959469,0.2420508746792491,14310.0,108.77370091233638,0.2345238095238095,-98.477163,0.068227914893617,7.0,98.46,86.91,41.82394809345813,0,1,0,0,0,0,1,0,0
6901028180603,202511,红金龙(硬神州腾龙),三类烟,0,-2.5051911772938595,41.40932839766434,99.580401,87.5,100.0,1.1355695317959469,0.2420508681752648,14310.0,162.6783341243474,0.2345238095238095,-98.680662,0.0569561652892562,3.0,98.58,95.45,41.625619325270314,0,1,0,0,0,0,1,0,0
6901028180603,202512,红金龙(硬神州腾龙),三类烟,0,3.0924435320254133,38.90413722037048,99.862448,87.5,100.0,1.1355695317959469,0.2420364685458127,14310.0,219.9041728965611,0.2345238095238095,-98.580401,0.04960125795053,3.0,98.23,43.41,41.40932839766434,0,1,0,0,0,0,1,0,0
6901028180603,202601,红金龙(硬神州腾龙),三类烟,0,-35.508031134075324,41.99658075239589,99.190898,87.5,100.0,1.1355695317959469,0.2420202116457118,14310.0,899.0468319559228,0.2345238095238095,-98.862448,0.0049005,8.0,42.92,0.0,38.90413722037048,0,1,0,0,0,0,1,0,0
6901028180603,202602,红金龙(硬神州腾龙),三类烟,1,35.187922736401944,6.488549618320569,0.0,87.5,100.0,1.1355695317959469,0.2420258521258189,14310.0,59.13892429263319,0.2345238095238095,-98.190898,0.0531485254437869,1.0,99.76,99.64,41.99658075239589,0,1,0,0,0,0,1,0,0
6901028180603,202603,红金龙(硬神州腾龙),三类烟,0,0.18476622228091344,41.67647235472251,99.556498,87.5,100.0,1.1355695317959469,0.24217756114839845,41075.0,317.4115210843373,0.2345238095238095,1.0,0.0,8.0,14.61,0.0,6.488549618320569,0,1,0,0,0,0,1,0,0
6901028180603,202604,红金龙(硬神州腾龙),三类烟,0,0.06317667033800234,41.86123857700343,99.810964,87.5,100.0,1.1355695317959469,0.2420508948461835,14310.0,148.8594809219446,0.2345238095238095,-98.556498,0.0704481811680572,8.0,99.4,98.44,41.67647235472251,0,1,0,0,0,0,1,0,0
6901028180603,202605,红金龙(硬神州腾龙),三类烟,0,0.18554769721940545,41.92441524734143,99.859269,87.5,100.0,1.1355695317959469,0.2420505230894236,14310.0,98.60009820426488,0.2345238095238095,-98.810964,0.0980785384615384,8.0,99.04,74.27,41.86123857700343,0,1,0,0,0,0,1,0,0
6901028180603,202606,红金龙(硬神州腾龙),三类烟,0,-0.10142549134690171,42.109962944560834,99.747148,87.5,100.0,1.1355695317959469,0.2420507339268595,14310.0,81.45167759770176,0.2345238095238095,-98.859269,0.1272314168674699,1.0,98.67,96.34,41.92441524734143,0,1,0,0,0,0,1,0,0
6901028180634,202501,红金龙(软虹之彩),五类烟,0,0.0,71.37404580152666,0.0,87.5,100.0,1.1484823625922886,0.24217756114839845,41075.0,317.4115210843373,0.2345238095238095,-97.484848,0.00281763621607935,8.0,14.61,0.0,41.1974834563511,0,0,0,1,0,1,0,0,0
6901028180634,202502,红金龙(软虹之彩),五类烟,0,0.0,71.37404580152666,0.0,93.15,100.0,1.310272536687631,0.24217756114839845,41075.0,317.4115210843373,0.4845971563981042,1.0,0.0,8.0,14.61,0.0,71.37404580152666,0,0,0,1,0,1,0,0,0
6901028180634,202503,红金龙(软虹之彩),五类烟,0,0.0,71.37404580152666,0.0,94.86,100.0,1.310272536687631,0.24217756114839845,41075.0,317.4115210843373,1.0,1.0,0.0,8.0,14.61,0.0,71.37404580152666,0,0,0,1,0,1,0,0,0
6901028180634,202504,红金龙(软虹之彩),五类烟,0,0.0,71.37404580152666,0.0,87.5,100.0,1.310272536687631,0.24217756114839845,41075.0,317.4115210843373,0.2345238095238095,1.0,0.0,8.0,14.61,0.0,71.37404580152666,0,0,0,1,0,1,0,0,0
6901028180634,202505,红金龙(软虹之彩),五类烟,0,0.0,71.37404580152666,0.0,100.0,100.0,1.310272536687631,0.24217756114839845,41075.0,317.4115210843373,0.0473933649289099,1.0,0.0,8.0,14.61,0.0,71.37404580152666,0,0,0,1,0,1,0,0,0
6901028180634,202506,红金龙(软虹之彩),五类烟,0,0.0,71.37404580152666,0.0,100.0,100.0,1.310272536687631,0.24217756114839845,41075.0,317.4115210843373,0.2083333333333333,1.0,0.0,8.0,14.61,0.0,71.37404580152666,0,0,0,1,0,1,0,0,0
6901028180634,202507,红金龙(软虹之彩),五类烟,0,0.0,71.37404580152666,0.0,99.85,99.7,1.310272536687631,0.24217756114839845,41075.0,317.4115210843373,0.4033412887828162,1.0,0.0,8.0,14.61,0.0,71.37404580152666,0,0,0,1,0,1,0,0,0
6901028180634,202508,红金龙(软虹之彩),五类烟,0,0.0,71.37404580152666,0.0,100.0,100.0,1.310272536687631,0.24217756114839845,41075.0,317.4115210843373,0.2075919335705812,1.0,0.0,8.0,14.61,0.0,71.37404580152666,0,0,0,1,0,1,0,0,0
6901028180634,202509,红金龙(软虹之彩),五类烟,0,0.0,71.37404580152666,0.0,100.0,100.0,1.310272536687631,0.24217756114839845,41075.0,317.4115210843373,0.0890736342042755,1.0,0.0,8.0,14.61,0.0,71.37404580152666,0,0,0,1,0,1,0,0,0
6901028180634,202510,红金龙(软虹之彩),五类烟,0,0.0,71.37404580152666,0.0,92.58,99.62,1.310272536687631,0.24217756114839845,41075.0,317.4115210843373,0.6773049645390071,1.0,0.0,8.0,14.61,0.0,71.37404580152666,0,0,0,1,0,1,0,0,0
6901028180634,202511,红金龙(软虹之彩),五类烟,0,0.0,71.37404580152666,0.0,92.85,99.62,1.310272536687631,0.24217756114839845,41075.0,317.4115210843373,0.998819362455726,1.0,0.0,8.0,14.61,0.0,71.37404580152666,0,0,0,1,0,1,0,0,0
6901028180634,202512,红金龙(软虹之彩),五类烟,0,0.0,71.37404580152666,0.0,97.05,98.35,1.310272536687631,0.24217756114839845,41075.0,317.4115210843373,0.5865724381625441,1.0,0.0,8.0,14.61,0.0,71.37404580152666,0,0,0,1,0,1,0,0,0
6901028180634,202601,红金龙(软虹之彩),五类烟,0,0.0,71.37404580152666,0.0,98.29,100.0,1.310272536687631,0.24217756114839845,41075.0,317.4115210843373,0.2063679245283018,1.0,0.0,8.0,14.61,0.0,71.37404580152666,0,0,0,1,0,1,0,0,0
6901028180634,202602,红金龙(软虹之彩),五类烟,0,0.0,71.37404580152666,0.0,98.51,100.0,1.310272536687631,0.24217756114839845,41075.0,317.4115210843373,0.0745562130177514,1.0,0.0,8.0,14.61,0.0,71.37404580152666,0,0,0,1,0,1,0,0,0
6901028180634,202603,红金龙(软虹之彩),五类烟,0,0.0,71.37404580152666,0.0,65.93,100.0,1.310272536687631,0.24217756114839845,41075.0,317.4115210843373,0.5914489311163895,1.0,0.0,8.0,14.61,0.0,71.37404580152666,0,0,0,1,0,1,0,0,0
6901028180634,202604,红金龙(软虹之彩),五类烟,0,0.0,71.37404580152666,0.0,98.77,99.37,1.310272536687631,0.24217756114839845,41075.0,317.4115210843373,0.5768772348033373,1.0,0.0,8.0,14.61,0.0,71.37404580152666,0,0,0,1,0,1,0,0,0
6901028180634,202605,红金龙(软虹之彩),五类烟,0,0.0,71.37404580152666,0.0,98.47,100.0,1.310272536687631,0.24217756114839845,41075.0,317.4115210843373,0.3137019230769231,1.0,0.0,8.0,14.61,0.0,71.37404580152666,0,0,0,1,0,1,0,0,0
6901028180634,202606,红金龙(软虹之彩),五类烟,0,0.0,71.37404580152666,0.0,100.0,100.0,1.310272536687631,0.24217756114839845,41075.0,317.4115210843373,0.1602409638554217,1.0,0.0,8.0,14.61,0.0,71.37404580152666,0,0,0,1,0,1,0,0,0
6901028180788,202501,黄鹤楼(硬15),一类烟,0,-50.682742918836,73.39266658295811,94.545455,87.5,100.0,1.1484823625922886,0.24217756114839845,41075.0,317.4115210843373,0.2345238095238095,-97.484848,0.00281763621607935,8.0,14.61,0.0,41.1974834563511,1,0,0,0,0,0,0,0,1
6901028180788,202502,黄鹤楼(硬15),一类烟,0,49.4062664593327,22.709923664122115,,92.88,97.05,1.179245283018868,0.3089057964441218,212000.0,248.23076923076923,0.9585308056872038,-93.545455,0.005224644549763,19.0,2.25,21.05,73.39266658295811,1,0,0,0,0,0,0,0,1
6901028180788,202504,黄鹤楼(硬15),一类烟,0,-49.4062664593327,72.11619012345481,100.0,97.9,99.14,1.179245283018868,0.24217756114839845,41075.0,317.4115210843373,0.2789598108747045,-97.484848,0.00281763621607935,8.0,14.61,0.0,22.709923664122115,1,0,0,0,0,0,0,0,1
6901028180788,202508,黄鹤楼(硬15),一类烟,1,0.0,22.709923664122115,0.0,87.5,100.0,1.179245283018868,0.3088915094339622,212000.0,593.625,0.2345238095238095,-99.0,0.0008037914691943,8.0,0.47,0.0,72.11619012345481,1,0,0,0,0,0,0,0,1
6901028180788,202511,黄鹤楼(硬15),一类烟,0,48.52711220676319,22.709923664122115,,94.8,99.0,1.179245283018868,0.24217756114839845,41075.0,317.4115210843373,0.6223277909738717,1.0,0.0,8.0,14.61,0.0,22.709923664122115,1,0,0,0,0,0,0,0,1
6901028180788,202601,黄鹤楼(硬15),一类烟,0,2.0141365040370545,71.23703587088531,98.076923,74.39,96.76,1.179245283018868,0.24217756114839845,41075.0,317.4115210843373,0.4393404004711425,-97.484848,0.00281763621607935,8.0,14.61,0.0,22.709923664122115,1,0,0,0,0,0,0,0,1
6901028180788,202602,黄鹤楼(硬15),一类烟,0,0.19953062119009246,73.25117237492236,100.0,120.96,100.0,1.179245283018868,0.3088198298187199,212000.0,824.8039215686275,0.4473372781065088,-97.076923,0.0102362130177514,47.0,5.56,31.91,71.23703587088531,1,0,0,0,0,0,0,0,1
6901028180788,202603,黄鹤楼(硬15),一类烟,0,0.311981935067152,73.45070299611245,100.0,58.53,100.0,1.179245283018868,0.3088546580188679,212000.0,281.1428571428571,0.5510688836104513,-99.0,0.0056399049881235,8.0,4.39,0.0,73.25117237492236,1,0,0,0,0,0,0,0,1
6901028180788,202604,黄鹤楼(硬15),一类烟,0,-0.01023427297226931,73.7626849311796,100.0,70.29,97.71,1.179245283018868,0.3088549036949685,212000.0,226.9375,0.3659117997616209,-99.0,0.0048514898688915,8.0,2.5,0.0,73.45070299611245,1,0,0,0,0,0,0,0,1
6901028180788,202605,黄鹤楼(硬15),一类烟,0,-0.6217382691553013,73.75245065820734,100.0,56.99,94.69,1.179245283018868,0.3088904840032814,212000.0,146.0,0.2307692307692307,-99.0,0.0046884615384615,3.0,2.76,0.0,73.7626849311796,1,0,0,0,0,0,0,0,1
6901028180788,202606,黄鹤楼(硬15),一类烟,0,-4.176780913457321,73.13071238905204,100.0,54.35,95.48,1.179245283018868,0.3088915094339622,212000.0,148.89285714285714,0.3771084337349397,-99.0,0.0028607228915662,1.0,1.69,0.0,73.75245065820734,1,0,0,0,0,0,0,0,1
6901028180818,202501,黄鹤楼(天下名楼),二类烟,0,-1.4059089630835686,42.68126099614607,98.738648,87.5,100.0,1.1484823625922886,0.24217756114839845,41075.0,317.4115210843373,0.2345238095238095,-97.484848,0.00281763621607935,8.0,14.61,0.0,41.1974834563511,0,0,1,0,0,0,0,0,1
6901028180818,202502,黄鹤楼(天下名楼),二类烟,0,-0.21601106534684078,41.275352033062504,97.89916,114.92,99.76,1.1435105774728418,0.2420927514459682,34980.0,147.5074092999489,1.0,-97.738648,0.0324435355450236,32.0,88.51,0.0,42.68126099614607,0,0,1,0,0,0,0,0,1
6901028180818,202503,黄鹤楼(天下名楼),二类烟,0,-31.621450613794753,41.05934096771566,96.850394,99.41,100.0,1.1435105774728418,0.2420946549469101,34980.0,529.8369098712446,0.533096926713948,-96.89916,0.0077071773049645,8.0,14.61,0.0,41.275352033062504,0,0,1,0,0,0,0,0,1
6901028180818,202504,黄鹤楼(天下名楼),二类烟,1,0.0,9.43789035392091,0.0,103.28,100.0,1.1435105774728418,0.2420781290431543,34980.0,586.7560975609756,0.072189349112426,-95.850394,0.0061101159763313,8.0,21.89,0.0,41.05934096771566,0,0,1,0,0,0,0,0,1
6901028180818,202505,黄鹤楼(天下名楼),二类烟,0,0.384413046644422,9.43789035392091,0.0,98.16,100.0,1.1435105774728418,0.24217756114839845,41075.0,317.4115210843373,0.3637440758293839,1.0,0.0,8.0,14.61,0.0,9.43789035392091,0,0,1,0,0,0,0,0,1
6901028180818,202506,黄鹤楼(天下名楼),二类烟,0,30.148177679619238,9.822303400565332,80.0,100.0,100.0,1.1435105774728418,0.24217756114839845,41075.0,317.4115210843373,0.0892857142857142,1.0,0.0,8.0,14.61,0.0,9.43789035392091,0,0,1,0,0,0,0,0,1
6901028180818,202507,黄鹤楼(天下名楼),二类烟,0,2.409363139075495,39.97048108018457,98.412698,100.0,100.0,1.1435105774728418,0.2421026300743282,34980.0,35045.375,0.0441527446300716,-79.0,0.0001335751789976,8.0,0.48,0.0,9.822303400565332,0,0,1,0,0,0,0,0,1
6901028180818,202508,黄鹤楼(天下名楼),二类烟,0,0.4054437765547334,42.379844219260065,97.994531,98.39,100.0,1.1435105774728418,0.2420984802375551,34980.0,884.9129032258064,0.4116251482799525,-97.412698,0.0051453380782918,8.0,13.17,39.64,39.97048108018457,0,0,1,0,0,0,0,0,1
6901028180818,202509,黄鹤楼(天下名楼),二类烟,0,-0.8465452330297722,42.7852879958148,99.49131,97.56,99.61,1.1435105774728418,0.2421020649673567,34980.0,230.4418604651163,0.3111638954869358,-96.994531,0.0178638954869358,279.0,59.38,8.0,42.379844219260065,0,0,1,0,0,0,0,0,1
6901028180818,202510,黄鹤楼(天下名楼),二类烟,0,-0.5761583880045222,41.938742762785026,99.453054,93.2,99.36,1.1435105774728418,0.2420876632164024,34980.0,118.68129527055817,0.6513002364066194,-98.49131,0.03881704964539,234.0,80.85,22.22,42.7852879958148,0,0,1,0,0,0,0,0,1
6901028180818,202511,黄鹤楼(天下名楼),二类烟,0,0.6193755311905988,41.3625843747805,99.021207,94.26,99.31,1.1435105774728418,0.2420995839445245,34980.0,350.06324472960586,0.179456906729634,-98.453054,0.0180227532467532,3.0,49.94,28.61,41.938742762785026,0,0,1,0,0,0,0,0,1
6901028180818,202512,黄鹤楼(天下名楼),二类烟,0,-1.4403243295414399,41.9819599059711,98.11617,87.5,100.0,1.1435105774728418,0.2420706631136832,34980.0,503.5255354200988,0.2345238095238095,-98.021207,0.010003703180212,5.0,32.74,0.0,41.3625843747805,0,0,1,0,0,0,0,0,1
6901028180818,202601,黄鹤楼(天下名楼),二类烟,0,-1.2795484637262504,40.54163557642966,98.35729,0.0,100.0,1.1435105774728418,0.2420689536878216,34980.0,334.9952,0.0035377358490566,-97.11617,0.0103124999999999,5.0,17.92,0.0,41.9819599059711,0,0,1,0,0,0,0,0,1
6901028180818,202602,黄鹤楼(天下名楼),二类烟,0,2.6552248721957667,39.26208711270341,99.088146,96.93,100.0,1.1435105774728418,0.2420503335637065,34980.0,724.4530271398747,1.0,-97.35729,0.0079315597633136,12.0,54.67,3.68,40.54163557642966,0,0,1,0,0,0,0,0,1
6901028180818,202603,黄鹤楼(天下名楼),二类烟,0,-2.2867252395426476,41.91731198489918,98.245614,67.4,100.0,1.1435105774728418,0.2420625107423348,34980.0,1073.5521472392638,0.3931116389548693,-98.088146,0.0054173301662707,2.0,38.72,0.0,39.26208711270341,0,0,1,0,0,0,0,0,1
6901028180818,202604,黄鹤楼(天下名楼),二类烟,0,2.342760152862539,39.63058674535653,99.099099,90.46,98.51,1.1435105774728418,0.2420965679367802,34980.0,355.5610119047619,0.1740166865315852,-97.245614,0.0112069415971394,1.0,25.98,49.08,41.91731198489918,0,0,1,0,0,0,0,0,1
6901028180818,202605,黄鹤楼(天下名楼),二类烟,0,-0.5418513827068949,41.97334689821907,97.809077,91.46,99.04,1.1435105774728418,0.242097432298976,34980.0,977.181818181818,0.5288461538461539,-98.099099,0.0036998076923076,1.0,13.58,0.0,39.63058674535653,0,0,1,0,0,0,0,0,1
6901028180818,202606,黄鹤楼(天下名楼),二类烟,0,-2.751894512806736,41.431495515512175,98.441558,87.99,98.9,1.1435105774728418,0.2420955974842767,34980.0,340.2256,0.744578313253012,-96.809077,0.0105361445783132,5.0,23.98,49.75,41.97334689821907,0,0,1,0,0,0,0,0,1
6901028181457,202501,黄鹤楼(硬峡谷柔情),一类烟,0,-0.6716767118729479,69.43037511232055,98.533095,87.5,100.0,1.1484823625922886,0.24217756114839845,41075.0,317.4115210843373,0.2345238095238095,-97.484848,0.00281763621607935,8.0,14.61,0.0,41.1974834563511,1,0,0,0,0,0,0,0,1
6901028181457,202502,黄鹤楼(硬峡谷柔情),一类烟,0,-3.8179775059510916,68.7586984004476,98.711944,87.5,100.0,1.1406844106463878,0.3089067785260844,65750.0,27.745188816267248,0.2345238095238095,-97.533095,0.3432710900473933,97.0,99.29,98.09,69.43037511232055,1,0,0,0,0,0,0,0,1
6901028181457,202503,黄鹤楼(硬峡谷柔情),一类烟,1,3.551185405329477,64.94072089449651,94.573643,87.5,100.0,1.1406844106463878,0.3088978796530587,65750.0,209.3404507710557,0.2345238095238095,-97.711944,0.0262067375886524,8.0,14.61,0.0,68.7586984004476,1,0,0,0,0,0,0,0,1
6901028181457,202504,黄鹤楼(硬峡谷柔情),一类烟,0,-1.926937269549768,68.49190629982598,99.5338,87.5,100.0,1.1406844106463878,0.3089163498098859,65750.0,1248.7213114754095,0.2345238095238095,-93.573643,0.0037971597633136,8.0,7.46,3.17,64.94072089449651,1,0,0,0,0,0,0,0,1
6901028181457,202505,黄鹤楼(硬峡谷柔情),一类烟,1,-3.408227242711554,66.56496903027622,95.541401,87.5,100.0,1.1406844106463878,0.3080635078939635,65750.0,191.37002341920376,0.2345238095238095,-98.5338,0.0266116113744075,8.0,35.78,41.39,68.49190629982598,1,0,0,0,0,0,0,0,1
6901028181457,202506,黄鹤楼(硬峡谷柔情),一类烟,0,5.742816320627121,63.15674178756466,94.252874,87.5,100.0,1.1406844106463878,0.3084456273764258,65750.0,756.5466666666667,0.2345238095238095,-94.541401,0.0046964285714285,8.0,8.93,0.0,66.56496903027622,1,0,0,0,0,0,0,0,1
6901028181457,202507,黄鹤楼(硬峡谷柔情),一类烟,0,-0.25968222490837434,68.89955810819178,98.630137,87.5,100.0,1.1406844106463878,0.3089112491885374,65750.0,1733.3902439024391,0.2345238095238095,-93.252874,0.0025735083532219,8.0,4.42,0.0,63.15674178756466,1,0,0,0,0,0,0,0,1
6901028181457,202508,黄鹤楼(硬峡谷柔情),一类烟,0,0.614422832636734,68.63987588328341,96.768982,87.5,100.0,1.1406844106463878,0.3088476043142225,65750.0,165.6029411764706,0.2345238095238095,-97.630137,0.0381864768683274,5.0,40.21,50.44,68.89955810819178,1,0,0,0,0,0,0,0,1
6901028181457,202509,黄鹤楼(硬峡谷柔情),一类烟,0,-0.5800511966964734,69.25429871592014,98.566118,87.5,100.0,1.1406844106463878,0.308915492868342,65750.0,243.29883138564276,0.2345238095238095,-95.768982,0.0187098574821852,66.0,30.29,17.65,68.63987588328341,1,0,0,0,0,0,0,0,1
6901028181457,202511,黄鹤楼(硬峡谷柔情),一类烟,1,0.0,8.388239050300362,0.0,87.5,100.0,1.1406844106463878,0.3089016366341544,65750.0,232.70144927536236,0.2345238095238095,-97.290598,0.0107125147579693,8.0,17.0,13.89,68.67424751922367,1,0,0,0,0,0,0,0,1
6901028181457,202601,黄鹤楼(硬峡谷柔情),一类烟,0,-1.1618412070088198,69.34540325906377,99.441687,87.5,100.0,1.1406844106463878,0.24217756114839845,41075.0,317.4115210843373,0.2345238095238095,1.0,0.0,8.0,14.61,0.0,8.388239050300362,1,0,0,0,0,0,0,0,1
6901028181457,202602,黄鹤楼(硬峡谷柔情),一类烟,1,-1.2741329229190796,68.18356205205495,94.318182,87.5,100.0,1.1406844106463878,0.3089063005280814,65750.0,50.78852152214597,0.2345238095238095,-98.441687,0.2993531360946745,186.0,97.87,94.07,69.34540325906377,1,0,0,0,0,0,0,0,1
6901028181457,202603,黄鹤楼(硬峡谷柔情),一类烟,0,2.280844947066825,66.90942912913587,99.270073,87.5,100.0,1.1406844106463878,0.3089072757834497,65750.0,366.6802594995367,0.2345238095238095,-93.318182,0.0337027315914489,8.0,38.6,76.0,68.18356205205495,1,0,0,0,0,0,0,0,1
6901028181457,202604,黄鹤楼(硬峡谷柔情),一类烟,0,0.00308372232652232,69.1902740762027,99.354318,87.5,100.0,1.1406844106463878,0.3088256262581078,65750.0,704.1323529411765,0.2345238095238095,-98.270073,0.0085263408820023,8.0,15.97,2.24,66.90942912913587,1,0,0,0,0,0,0,0,1
6901028181457,202605,黄鹤楼(硬峡谷柔情),一类烟,0,-0.17424406656293456,69.19335779852922,99.317988,87.5,100.0,1.1406844106463878,0.3088803501434736,65750.0,90.13809910641751,0.2345238095238095,-98.354318,0.0389126201923076,8.0,49.88,44.1,69.1902740762027,1,0,0,0,0,0,0,0,1
6901028181457,202606,黄鹤楼(硬峡谷柔情),一类烟,0,-0.24479895491930392,69.01911373196629,99.469965,87.5,100.0,1.1406844106463878,0.3088942378302518,65750.0,90.80600858369098,0.2345238095238095,-98.317988,0.0369150602409638,2.0,65.54,0.0,69.19335779852922,1,0,0,0,0,0,0,0,1
6901028181815,202501,红金龙(硬蓝爱你),三类烟,0,2.45197724362086,39.230172360558484,96.946565,87.5,100.0,1.1484823625922886,0.24217756114839845,41075.0,317.4115210843373,0.2345238095238095,-97.484848,0.00281763621607935,8.0,14.61,0.0,41.1974834563511,0,1,0,0,0,0,0,1,0
6901028181815,202502,红金龙(硬蓝爱你),三类烟,0,-35.76887345717381,41.682149604179344,99.041687,235.45,99.63,1.134020618556701,0.2421649484536082,24250.0,774.007874015748,0.4407582938388625,-95.946565,0.0043787914691943,43.0,45.14,0.0,39.230172360558484,0,1,0,0,0,0,0,1,0
6901028181815,202503,红金龙(硬蓝爱你),三类烟,1,25.738913510120508,5.913276147005536,0.0,98.86,100.0,1.134020618556701,0.2421635020623544,24250.0,107.40880503144652,0.9881796690307328,-98.041687,0.0236996453900709,8.0,14.61,0.0,41.682149604179344,0,1,0,0,0,0,0,1,0
6901028181815,202504,红金龙(硬蓝爱你),三类烟,0,8.484872529263342,31.652189657126044,94.117647,97.99,100.0,1.134020618556701,0.24217756114839845,41075.0,317.4115210843373,1.0,1.0,0.0,8.0,14.61,0.0,5.913276147005536,0,1,0,0,0,0,0,1,0
6901028181815,202505,红金龙(硬蓝爱你),三类烟,0,0.6765979347087381,40.137062186389386,98.870057,97.6,100.0,1.134020618556701,0.2421649484536082,24250.0,2833.6875,1.0,-93.117647,0.0009194312796208,8.0,4.74,0.0,31.652189657126044,0,1,0,0,0,0,0,1,0
6901028181815,202506,红金龙(硬蓝爱你),三类烟,0,-1.0716183619317405,40.813660121098124,97.96807,97.85,99.76,1.134020618556701,0.2421649484536082,24250.0,527.5171428571429,1.0,-97.870057,0.0040416666666666,8.0,20.83,0.0,40.137062186389386,0,1,0,0,0,0,0,1,0
6901028181815,202507,红金龙(硬蓝爱你),三类烟,0,-3.1085984896610555,39.74204175916638,98.591549,97.6,99.76,1.134020618556701,0.2421649484536082,24250.0,343.61925925925925,1.0,-96.96807,0.007813245823389,8.0,40.33,0.0,40.813660121098124,0,1,0,0,0,0,0,1,0
6901028181815,202508,红金龙(硬蓝爱你),三类烟,0,4.870348370183429,36.63344326950533,93.167702,98.56,99.05,1.134020618556701,0.2421649484536082,24250.0,634.8828571428572,0.7591933570581257,-97.591549,0.0040272835112692,8.0,20.76,0.0,39.74204175916638,0,1,0,0,0,0,0,1,0
6901028181815,202509,红金龙(硬蓝爱你),三类烟,0,-0.4099442686676298,41.50379163968876,99.362651,98.29,99.04,1.134020618556701,0.2421649484536082,24250.0,1479.7933333333333,1.0,-92.167702,0.0017280285035629,8.0,8.91,0.0,36.63344326950533,0,1,0,0,0,0,0,1,0
6901028181815,202510,红金龙(硬蓝爱你),三类烟,0,0.23400872103695036,41.09384737102113,99.367489,92.28,98.8,1.134020618556701,0.2421649484536082,24250.0,156.0429762668377,0.9988179669030732,-98.362651,0.0178750591016548,452.0,92.32,0.0,41.50379163968876,0,1,0,0,0,0,0,1,0
6901028181815,202511,红金龙(硬蓝爱你),三类烟,0,-0.8581586879062257,41.32785609205808,98.120482,97.2,99.4,1.134020618556701,0.2413333814564234,24250.0,177.28516868236792,1.0,-98.367489,0.0179913813459268,19.0,92.92,0.0,41.09384737102113,0,1,0,0,0,0,0,1,0
6901028181815,202512,红金龙(硬蓝爱你),三类烟,0,-19.276639298932977,40.46969740415185,99.421965,98.42,98.92,1.134020618556701,0.2415575314443117,24250.0,137.99017681728878,1.0,-97.120482,0.0232617196702002,1.0,57.24,0.21,41.32785609205808,0,1,0,0,0,0,0,1,0
6901028181815,202601,红金龙(硬蓝爱你),三类烟,1,19.60321411595578,21.193058105218874,78.571429,47.79,99.51,1.134020618556701,0.2418152121793334,24250.0,399.1802325581396,0.9799528301886792,-98.421965,0.0039349056603773,8.0,20.28,0.0,40.46969740415185,0,1,0,0,0,0,0,1,0
6901028181815,202602,红金龙(硬蓝爱你),三类烟,0,0.5039263123162669,40.796272221174654,99.506782,99.31,99.88,1.134020618556701,0.2421633864417369,24250.0,5676.287878787878,1.0,-77.571429,0.0007576331360946,8.0,7.34,0.0,21.193058105218874,0,1,0,0,0,0,0,1,0
6901028181815,202603,红金龙(硬蓝爱你),三类烟,0,-0.8003046726161429,41.30019853349092,99.371634,87.5,100.0,1.134020618556701,0.2421637987199632,24250.0,348.2205700123916,0.2345238095238095,-98.506782,0.0092967933491686,1.0,57.6,42.47,40.796272221174654,0,1,0,0,0,0,0,1,0
6901028181815,202604,红金龙(硬蓝爱你),三类烟,0,-0.9781122441392114,40.49989386087478,99.6139,98.15,100.0,1.134020618556701,0.242164575941292,24250.0,211.33875338753387,1.0,-98.371634,0.0127984505363528,1.0,56.5,14.35,41.30019853349092,0,1,0,0,0,0,0,1,0
6901028181815,202605,红金龙(硬蓝爱你),三类烟,0,1.288575507493242,39.521781616735566,97.794118,98.41,99.76,1.134020618556701,0.2421443698553504,24250.0,426.6686046511628,1.0,-98.6139,0.0060158653846153,8.0,31.01,0.0,40.49989386087478,0,1,0,0,0,0,0,1,0
6901028181815,202606,红金龙(硬蓝爱你),三类烟,0,0.457231062499055,40.81035712422881,98.0,87.05,98.73,1.134020618556701,0.2421622354856212,24250.0,694.4548872180451,1.0,-96.794118,0.0031086746987951,8.0,16.02,0.0,39.521781616735566,0,1,0,0,0,0,0,1,0
6901028182560,202501,红金龙(硬红龙),三类烟,0,0.002018564765798203,44.148737345651455,98.570456,87.5,100.0,1.1484823625922886,0.24217756114839845,41075.0,317.4115210843373,0.2345238095238095,-97.484848,0.00281763621607935,8.0,14.61,0.0,41.1974834563511,0,1,0,0,0,0,1,0,0
6901028182560,202502,红金龙(硬红龙),三类烟,0,0.15219756039616072,44.15075591041725,98.430689,116.39,100.0,1.1530398322851152,0.2421424186617557,11925.0,74.6864640883978,0.9976303317535544,-97.570456,0.0081836018957345,2.0,96.56,0.0,44.148737345651455,0,1,0,0,0,0,1,0,0
6901028182560,202503,红金龙(硬红龙),三类烟,0,0.0466696971820042,44.302953470813414,99.399038,99.36,100.0,1.1530398322851152,0.2421231382292264,11925.0,72.04694419840567,1.0,-97.430689,0.0063656382978723,8.0,14.61,0.0,44.15075591041725,0,1,0,0,0,0,1,0,0
6901028182560,202504,红金龙(硬红龙),三类烟,0,0.017201771693471812,44.34962316799542,99.463875,99.29,100.0,1.1530398322851152,0.2421720801360782,11925.0,35.98750503829101,1.0,-98.399038,0.0280103431952662,3.0,99.29,97.97,44.302953470813414,0,1,0,0,0,0,1,0,0
6901028182560,202505,红金龙(硬红龙),三类烟,0,0.0011733212979478935,44.36682493968889,99.665475,99.39,100.0,1.1530398322851152,0.2421825696623747,11925.0,24.44032340862423,1.0,-98.463875,0.0440377251184834,1.0,99.05,97.85,44.34962316799542,0,1,0,0,0,0,1,0,0
6901028182560,202506,红金龙(硬红龙),三类烟,0,-0.0016327196686489742,44.36799826098684,99.54955,98.77,100.0,1.1530398322851152,0.2421814581877475,11925.0,17.950810185185183,1.0,-98.665475,0.0490628571428571,1.0,99.29,97.48,44.36682493968889,0,1,0,0,0,0,1,0,0
6901028182560,202507,红金龙(硬红龙),三类烟,0,0.00056390085153879,44.36636554131819,99.291673,99.16,99.88,1.1530398322851152,0.2421843988899113,11925.0,18.810331825037707,1.0,-98.54955,0.0452865393794749,2.0,99.4,98.68,44.36799826098684,0,1,0,0,0,0,1,0,0
6901028182560,202508,红金龙(硬红龙),三类烟,0,0.0017589498269927617,44.36692944216973,99.331104,99.42,99.88,1.1530398322851152,0.2421803067948723,11925.0,17.150602409638555,1.0,-98.291673,0.0356929537366548,6.0,75.21,0.0,44.36636554131819,0,1,0,0,0,0,1,0,0
6901028182560,202509,红金龙(硬红龙),三类烟,0,-0.0017568790870470252,44.36868839199672,99.431429,99.1,100.0,1.1530398322851152,0.2421817201029382,11925.0,16.892078681552366,0.8634204275534442,-98.331104,0.0319680641330166,2.0,98.81,0.0,44.36692944216973,0,1,0,0,0,0,1,0,0
6901028182560,202510,红金龙(硬红龙),三类烟,0,-0.00861626866051779,44.36693151290967,99.793468,96.43,100.0,1.1530398322851152,0.2421861285693756,11925.0,7.481501894591801,1.0,-98.431429,0.0818398936170212,8.0,98.58,47.0,44.36868839199672,0,1,0,0,0,0,1,0,0
6901028182560,202511,红金龙(硬红龙),三类烟,0,-0.27784720961247444,44.358315244249155,99.691086,99.18,100.0,1.1530398322851152,0.2421817252928461,11925.0,12.221187427240976,1.0,-98.793468,0.0435382172373081,2.0,97.76,43.84,44.36693151290967,0,1,0,0,0,0,1,0,0
6901028182560,202512,红金龙(硬红龙),三类烟,0,0.281436125250238,44.08046803463668,99.575071,99.13,98.94,1.1530398322851152,0.2421757956140342,11925.0,21.343219713737643,1.0,-98.691086,0.0380757243816254,3.0,98.35,0.0,44.358315244249155,0,1,0,0,0,0,1,0,0
6901028182560,202601,红金龙(硬红龙),三类烟,0,-31.38480492324578,44.36190415988692,99.41452,37.43,99.76,1.1530398322851152,0.2421237523521535,11925.0,91.21763869132292,0.981132075471698,-98.575071,0.003954375,1.0,48.23,0.0,44.08046803463668,0,1,0,0,0,0,1,0,0
6901028182560,202602,红金龙(硬红龙),三类烟,1,31.390459032493325,12.977099236641138,0.0,116.14,100.0,1.1530398322851152,0.2421691252079945,11925.0,4.310954063604241,0.9857988165680474,-98.41452,0.0335480591715976,2.0,99.76,96.09,44.36190415988692,0,1,0,0,0,0,1,0,0
6901028182560,202603,红金龙(硬红龙),三类烟,0,9.77104159929354e-05,44.36755826913446,98.978654,87.5,100.0,1.1530398322851152,0.24217756114839845,41075.0,317.4115210843373,0.2345238095238095,1.0,0.0,8.0,14.61,0.0,12.977099236641138,0,1,0,0,0,0,1,0,0
6901028182560,202604,红金龙(硬红龙),三类烟,0,-0.36738189161939516,44.367655979550456,99.840177,87.5,100.0,1.1530398322851152,0.2421832961357087,11925.0,11.389949437622535,0.2345238095238095,-97.978654,0.0550966269368295,8.0,99.64,98.44,44.36755826913446,0,1,0,0,0,0,1,0,0
6901028182560,202605,红金龙(硬红龙),三类烟,0,0.3647782849008365,44.00027408793106,99.460189,87.5,100.0,1.1530398322851152,0.2421835410279068,11925.0,10.764068464474818,0.2345238095238095,-98.840177,0.0465590985576923,8.0,99.16,75.03,44.367655979550456,0,1,0,0,0,0,1,0,0
6901028182560,202606,红金龙(硬红龙),三类烟,0,-31.38795313619076,44.3650523728319,99.634245,87.5,100.0,1.1530398322851152,0.2421762921622116,11925.0,118.71189507010402,0.2345238095238095,-98.460189,0.0127065903614457,1.0,85.42,0.0,44.00027408793106,0,1,0,0,0,0,1,0,0
6901028184250,202501,黄鹤楼(硬1916),一类烟,0,0.0,22.709923664122115,0.0,87.5,100.0,1.1484823625922886,0.24217756114839845,41075.0,317.4115210843373,0.2345238095238095,-97.484848,0.00281763621607935,8.0,14.61,0.0,41.1974834563511,1,0,0,0,0,0,0,0,1
6901028184250,202502,黄鹤楼(硬1916),一类烟,0,0.0,22.709923664122115,0.0,103.19,100.0,1.179245283018868,0.24217756114839845,41075.0,317.4115210843373,0.3104265402843602,1.0,0.0,8.0,14.61,0.0,22.709923664122115,1,0,0,0,0,0,0,0,1
6901028184250,202503,黄鹤楼(硬1916),一类烟,0,0.0,22.709923664122115,0.0,87.5,100.0,1.179245283018868,0.24217756114839845,41075.0,317.4115210843373,0.2345238095238095,1.0,0.0,8.0,14.61,0.0,22.709923664122115,1,0,0,0,0,0,0,0,1
6901028184250,202504,黄鹤楼(硬1916),一类烟,0,0.0,22.709923664122115,0.0,100.0,100.0,1.179245283018868,0.24217756114839845,41075.0,317.4115210843373,0.0047337278106508,1.0,0.0,8.0,14.61,0.0,22.709923664122115,1,0,0,0,0,0,0,0,1
6901028184250,202505,黄鹤楼(硬1916),一类烟,0,0.0,22.709923664122115,0.0,87.5,100.0,1.179245283018868,0.24217756114839845,41075.0,317.4115210843373,0.2345238095238095,1.0,0.0,8.0,14.61,0.0,22.709923664122115,1,0,0,0,0,0,0,0,1
6901028184250,202506,黄鹤楼(硬1916),一类烟,0,0.0,22.709923664122115,0.0,87.5,100.0,1.179245283018868,0.24217756114839845,41075.0,317.4115210843373,0.2345238095238095,1.0,0.0,8.0,14.61,0.0,22.709923664122115,1,0,0,0,0,0,0,0,1
6901028184250,202507,黄鹤楼(硬1916),一类烟,0,0.0,22.709923664122115,0.0,87.5,100.0,1.179245283018868,0.24217756114839845,41075.0,317.4115210843373,0.2345238095238095,1.0,0.0,8.0,14.61,0.0,22.709923664122115,1,0,0,0,0,0,0,0,1
6901028184250,202508,黄鹤楼(硬1916),一类烟,0,0.0,22.709923664122115,0.0,87.5,100.0,1.179245283018868,0.24217756114839845,41075.0,317.4115210843373,0.2345238095238095,1.0,0.0,8.0,14.61,0.0,22.709923664122115,1,0,0,0,0,0,0,0,1
6901028184250,202509,黄鹤楼(硬1916),一类烟,0,0.0,22.709923664122115,0.0,87.5,100.0,1.179245283018868,0.24217756114839845,41075.0,317.4115210843373,0.2345238095238095,1.0,0.0,8.0,14.61,0.0,22.709923664122115,1,0,0,0,0,0,0,0,1
6901028184250,202510,黄鹤楼(硬1916),一类烟,0,0.0,22.709923664122115,0.0,87.5,100.0,1.179245283018868,0.24217756114839845,41075.0,317.4115210843373,0.2345238095238095,1.0,0.0,8.0,14.61,0.0,22.709923664122115,1,0,0,0,0,0,0,0,1
6901028184250,202511,黄鹤楼(硬1916),一类烟,0,0.0,22.709923664122115,0.0,87.5,100.0,1.179245283018868,0.24217756114839845,41075.0,317.4115210843373,0.2345238095238095,1.0,0.0,8.0,14.61,0.0,22.709923664122115,1,0,0,0,0,0,0,0,1
6901028184250,202512,黄鹤楼(硬1916),一类烟,0,0.0,22.709923664122115,0.0,87.5,100.0,1.179245283018868,0.24217756114839845,41075.0,317.4115210843373,0.2345238095238095,1.0,0.0,8.0,14.61,0.0,22.709923664122115,1,0,0,0,0,0,0,0,1
6901028184250,202601,黄鹤楼(硬1916),一类烟,0,0.0,22.709923664122115,0.0,87.5,100.0,1.179245283018868,0.24217756114839845,41075.0,317.4115210843373,0.2345238095238095,1.0,0.0,8.0,14.61,0.0,22.709923664122115,1,0,0,0,0,0,0,0,1
6901028184250,202602,黄鹤楼(硬1916),一类烟,0,0.0,22.709923664122115,,100.0,100.0,1.179245283018868,0.24217756114839845,41075.0,317.4115210843373,0.1810650887573964,1.0,0.0,8.0,14.61,0.0,22.709923664122115,1,0,0,0,0,0,0,0,1
6901028184250,202603,黄鹤楼(硬1916),一类烟,0,0.0,22.709923664122115,,98.48,100.0,1.179245283018868,0.24217756114839845,41075.0,317.4115210843373,0.1959619952494061,-97.484848,0.00281763621607935,8.0,14.61,0.0,22.709923664122115,1,0,0,0,0,0,0,0,1
6901028184250,202604,黄鹤楼(硬1916),一类烟,0,0.0,22.709923664122115,,94.19,100.0,1.179245283018868,0.24217756114839845,41075.0,317.4115210843373,0.1704410011918951,-97.484848,0.00281763621607935,8.0,14.61,0.0,22.709923664122115,1,0,0,0,0,0,0,0,1
6901028184250,202605,黄鹤楼(硬1916),一类烟,0,0.0,22.709923664122115,,95.92,100.0,1.179245283018868,0.24217756114839845,41075.0,317.4115210843373,0.0384615384615384,-97.484848,0.00281763621607935,8.0,14.61,0.0,22.709923664122115,1,0,0,0,0,0,0,0,1
6901028184250,202606,黄鹤楼(硬1916),一类烟,0,0.0,22.709923664122115,0.0,79.07,94.29,1.179245283018868,0.24217756114839845,41075.0,317.4115210843373,0.1036144578313253,-97.484848,0.00281763621607935,8.0,14.61,0.0,22.709923664122115,1,0,0,0,0,0,0,0,1
6901028184304,202501,黄鹤楼(硬平安),一类烟,0,0.02649267533443833,99.97350732466556,96.742958,87.5,100.0,1.1484823625922886,0.24217756114839845,41075.0,317.4115210843373,0.2345238095238095,-97.484848,0.00281763621607935,8.0,14.61,0.0,41.1974834563511,1,0,0,0,0,0,0,0,1
6901028184304,202502,黄鹤楼(硬平安),一类烟,1,-7.704616282217003,100.0,0.0,117.1,99.88,1.3873473917869037,0.3088913566868882,180200.0,24.47497725204732,1.0,-95.742958,0.0938577251184834,208.0,29.74,63.35,99.97350732466556,1,0,0,0,0,0,0,0,1
6901028184304,202503,黄鹤楼(硬平安),一类烟,0,7.704616282217003,92.295383717783,80.0,99.57,100.0,1.3873473917869037,0.24217756114839845,41075.0,317.4115210843373,1.0,1.0,0.0,8.0,14.61,0.0,100.0,1,0,0,0,0,0,0,0,1
6901028184304,202504,黄鹤楼(硬平安),一类烟,1,0.0,100.0,0.0,99.16,99.88,1.3873473917869037,0.3085790094339622,180200.0,2077.5,1.0,-79.0,0.0006824142011834,8.0,0.47,0.0,92.295383717783,1,0,0,0,0,0,0,0,1
6901028184304,202505,黄鹤楼(硬平安),一类烟,0,0.0,100.0,0.0,99.0,99.64,1.3873473917869037,0.24217756114839845,41075.0,317.4115210843373,1.0,1.0,0.0,8.0,14.61,0.0,100.0,1,0,0,0,0,0,0,0,1
6901028184304,202506,黄鹤楼(硬平安),一类烟,0,0.0,100.0,0.0,98.99,99.88,1.3873473917869037,0.24217756114839845,41075.0,317.4115210843373,1.0,1.0,0.0,8.0,14.61,0.0,100.0,1,0,0,0,0,0,0,0,1
6901028184304,202507,黄鹤楼(硬平安),一类烟,0,0.0,100.0,0.0,99.65,99.76,1.3873473917869037,0.24217756114839845,41075.0,317.4115210843373,1.0,1.0,0.0,8.0,14.61,0.0,100.0,1,0,0,0,0,0,0,0,1
6901028184304,202508,黄鹤楼(硬平安),一类烟,0,0.0,100.0,0.0,99.25,99.76,1.3873473917869037,0.24217756114839845,41075.0,317.4115210843373,1.0,1.0,0.0,8.0,14.61,0.0,100.0,1,0,0,0,0,0,0,0,1
6901028184304,202509,黄鹤楼(硬平安),一类烟,0,0.0,100.0,0.0,99.23,99.64,1.3873473917869037,0.24217756114839845,41075.0,317.4115210843373,1.0,1.0,0.0,8.0,14.61,0.0,100.0,1,0,0,0,0,0,0,0,1
6901028184304,202510,黄鹤楼(硬平安),一类烟,0,0.0,100.0,0.0,96.54,97.39,1.3873473917869037,0.24217756114839845,41075.0,317.4115210843373,1.0,1.0,0.0,8.0,14.61,0.0,100.0,1,0,0,0,0,0,0,0,1
6901028184304,202511,黄鹤楼(硬平安),一类烟,0,0.0,100.0,0.0,93.16,94.98,1.3873473917869037,0.24217756114839845,41075.0,317.4115210843373,1.0,1.0,0.0,8.0,14.61,0.0,100.0,1,0,0,0,0,0,0,0,1
6901028184304,202512,黄鹤楼(硬平安),一类烟,0,-1.938625830308979,100.0,0.0,86.99,92.11,1.3873473917869037,0.24217756114839845,41075.0,317.4115210843373,1.0,1.0,0.0,1.0,0.12,0.0,100.0,1,0,0,0,0,0,0,0,1
6901028184304,202601,黄鹤楼(硬平安),一类烟,0,0.24569657316126836,98.06137416969102,96.646341,39.84,93.23,1.3873473917869037,0.24217756114839845,41075.0,317.4115210843373,0.9952830188679244,1.0,0.0,8.0,14.61,0.0,100.0,1,0,0,0,0,0,0,0,1
6901028184304,202602,黄鹤楼(硬平安),一类烟,0,1.2700575766994007,98.30707074285229,97.487437,104.85,98.57,1.3873473917869037,0.3081540139417471,180200.0,464.2271293375394,1.0,-95.646341,0.0270406627218934,153.0,18.11,30.72,98.06137416969102,1,0,0,0,0,0,0,0,1
6901028184304,202603,黄鹤楼(硬平安),一类烟,0,-0.38017188111051325,99.57712831955169,98.677249,79.94,98.68,1.3873473917869037,0.3085964049109237,180200.0,445.4226804123712,1.0,-96.487437,0.0166075059382422,17.0,19.24,0.0,98.30707074285229,1,0,0,0,0,0,0,0,1
6901028184304,202604,黄鹤楼(硬平安),一类烟,0,-0.8030029463371022,99.19695643844118,96.907216,94.98,99.4,1.3873473917869037,0.3085914741737658,180200.0,99.68900804289544,1.0,-97.677249,0.0320451013110846,13.0,15.85,38.35,99.57712831955169,1,0,0,0,0,0,0,0,1
6901028184304,202605,黄鹤楼(硬平安),一类烟,0,-0.19362767025228322,98.39395349210407,98.550725,88.99,95.79,1.3873473917869037,0.3087312855692257,180200.0,218.18085106382975,1.0,-95.907216,0.0081436538461538,8.0,3.73,51.61,99.19695643844118,1,0,0,0,0,0,0,0,1
6901028184304,202606,黄鹤楼(硬平安),一类烟,1,-6.099288510230366,98.20032582185179,95.901639,91.44,97.13,1.3873473917869037,0.3088986093882614,180200.0,454.5808823529412,1.0,-97.550725,0.0118106987951807,10.0,8.43,0.0,98.39395349210407,1,0,0,0,0,0,0,0,1
6901028185912,202501,黄鹤楼(硬红),一类烟,0,-0.30297495425229215,57.62540931270984,99.577583,87.5,100.0,1.1484823625922886,0.24217756114839845,41075.0,317.4115210843373,0.2345238095238095,-97.484848,0.00281763621607935,8.0,14.61,0.0,41.1974834563511,1,0,0,0,0,0,0,0,1
6901028185912,202502,黄鹤楼(硬红),一类烟,0,0.08457102725186871,57.32243435845755,99.122147,84.27,99.71,1.1530398322851152,0.2755219470290522,47700.0,31.61892484914976,0.981042654028436,-98.577583,1.2363568720379148,3.0,100.0,100.0,57.62540931270984,1,0,0,0,0,0,0,0,1
6901028185912,202503,黄鹤楼(硬红),一类烟,0,0.04864993951844099,57.40700538570942,99.643478,88.31,100.0,1.1530398322851152,0.275524109014675,47700.0,114.2013326585695,0.74822695035461,-98.122147,0.2673906382978723,8.0,14.61,0.0,57.32243435845755,1,0,0,0,0,0,0,0,1
6901028185912,202504,黄鹤楼(硬红),一类烟,0,-0.1740547299625419,57.45565532522786,99.613402,97.97,98.55,1.1530398322851152,0.2755232399971972,47700.0,91.12086569508683,0.0828402366863905,-98.643478,0.2587428639053254,2.0,99.53,98.81,57.40700538570942,1,0,0,0,0,0,0,0,1
6901028185912,202505,黄鹤楼(硬红),一类烟,0,0.061940099782326286,57.28160059526532,99.122402,87.5,100.0,1.1530398322851152,0.2755164134942138,47700.0,77.15761103924106,0.2345238095238095,-98.613402,0.2096991469194312,1.0,99.76,98.46,57.45565532522786,1,0,0,0,0,0,0,0,1
6901028185912,202506,黄鹤楼(硬红),一类烟,0,0.15396116822213202,57.34354069504764,99.425144,89.1,99.39,1.1530398322851152,0.2755217155997897,47700.0,125.04030754892824,0.65,-98.122402,0.0974897142857142,1.0,99.64,98.45,57.28160059526532,1,0,0,0,0,0,0,0,1
6901028185912,202507,黄鹤楼(硬红),一类烟,0,0.033552004647781075,57.497501863269775,99.511685,93.44,100.0,1.1530398322851152,0.2755039246252713,47700.0,106.27576671694318,0.0727923627684964,-98.425144,0.0905730787589498,2.0,100.0,99.28,57.34354069504764,1,0,0,0,0,0,0,0,1
6901028185912,202508,黄鹤楼(硬红),一类烟,0,-0.03521952335547951,57.53105386791756,99.629593,100.0,100.0,1.1530398322851152,0.2755171680453079,47700.0,65.86563850917165,0.0047449584816132,-98.511685,0.3874394306049822,6.0,99.88,99.29,57.497501863269775,1,0,0,0,0,0,0,0,1
6901028185912,202509,黄鹤楼(硬红),一类烟,0,0.05320119876696339,57.49583434456208,99.613716,96.59,98.83,1.1530398322851152,0.2755214942626072,47700.0,57.21543408360129,0.2090261282660332,-98.629593,0.4510312589073634,1.0,99.76,99.05,57.53105386791756,1,0,0,0,0,0,0,0,1
6901028185912,202510,黄鹤楼(硬红),一类烟,0,-0.011024647714528157,57.54903554332904,99.673736,90.8,100.0,1.1530398322851152,0.2755216228029879,47700.0,66.80196547144755,0.1182033096926714,-98.613716,0.424563829787234,7.0,99.65,96.68,57.49583434456208,1,0,0,0,0,0,0,0,1
6901028185912,202511,黄鹤楼(硬红),一类烟,0,-0.22447684320364658,57.53801089561451,99.681601,81.33,100.0,1.1530398322851152,0.2755220145801237,47700.0,52.38447899618113,0.0885478158205431,-98.673736,0.4954943093270366,2.0,98.82,95.7,57.54903554332904,1,0,0,0,0,0,0,0,1
6901028185912,202512,黄鹤楼(硬红),一类烟,0,0.25581091758066776,57.313534052410866,99.54955,87.5,100.0,1.1530398322851152,0.2755088718275441,47700.0,53.9556810403833,0.2345238095238095,-98.681601,0.394005371024735,3.0,98.59,94.27,57.53801089561451,1,0,0,0,0,0,0,0,1
6901028185912,202601,黄鹤楼(硬红),一类烟,0,-0.2256186794537527,57.56934496999153,99.692841,0.0,100.0,1.1530398322851152,0.2755090398923639,47700.0,114.98623680241326,0.0412735849056603,-98.54955,0.11934,8.0,62.74,39.47,57.313534052410866,1,0,0,0,0,0,0,0,1
6901028185912,202602,黄鹤楼(硬红),一类烟,0,-0.2343132243694015,57.34372629053778,99.637574,81.13,99.35,1.1530398322851152,0.2755192051517863,47700.0,46.55974973536973,0.4579881656804733,-98.692841,1.1945660591715976,1.0,99.64,99.88,57.56934496999153,1,0,0,0,0,0,0,0,1
6901028185912,202603,黄鹤楼(硬红),一类烟,0,0.2577923764752441,57.10941306616838,99.727838,51.16,99.62,1.1530398322851152,0.2755227939760962,47700.0,108.2716205181501,0.9121140142517816,-98.637574,0.3052573396674584,8.0,98.93,93.28,57.34372629053778,1,0,0,0,0,0,0,0,1
6901028185912,202604,黄鹤楼(硬红),一类烟,0,0.0962543834627212,57.36720544264362,99.708015,75.77,94.23,1.1530398322851152,0.2755237003526752,47700.0,172.05575048732945,0.0810488676996424,-98.727838,0.1749947556615018,8.0,98.57,85.13,57.10941306616838,1,0,0,0,0,0,0,0,1
6901028185912,202605,黄鹤楼(硬红),一类烟,0,-0.10890579440413717,57.463459826106345,99.58858,66.0,100.0,1.1530398322851152,0.2755152283226966,47700.0,101.06957487630012,0.0600961538461538,-98.708015,0.2271024519230769,8.0,94.11,72.8,57.36720544264362,1,0,0,0,0,0,0,0,1
6901028185912,202606,黄鹤楼(硬红),一类烟,0,0.21567249928709487,57.35455403170221,99.495892,50.11,95.12,1.1530398322851152,0.2755195620999633,47700.0,75.37781672508764,0.4602409638554217,-98.58858,0.1836277590361446,1.0,96.63,92.39,57.463459826106345,1,0,0,0,0,0,0,0,1
6901028187343,202501,黄鹤楼(硬8度),一类烟,0,-0.08312005761365526,42.38962955751444,99.1274,87.5,100.0,1.1484823625922886,0.24217756114839845,41075.0,317.4115210843373,0.2345238095238095,-97.484848,0.00281763621607935,8.0,14.61,0.0,41.1974834563511,1,0,0,0,0,0,0,0,1
6901028187343,202502,黄鹤楼(硬8度),一类烟,0,-1.0986932824026923,42.306509499900784,98.938053,110.82,100.0,1.139240506329114,0.2421054332323052,39500.0,84.46390845070422,0.3329383886255924,-98.1274,0.0212663507109004,129.0,82.23,18.44,42.38962955751444,1,0,0,0,0,0,0,0,1
6901028187343,202503,黄鹤楼(硬8度),一类烟,1,-33.35584984393544,41.20781621749809,95.394737,100.0,100.0,1.139240506329114,0.2420704920631326,39500.0,103.26654740608228,0.0248226950354609,-97.938053,0.0104399527186761,8.0,14.61,0.0,42.306509499900784,1,0,0,0,0,0,0,0,1
6901028187343,202504,黄鹤楼(硬8度),一类烟,0,34.68045738593426,7.851966373562651,,100.0,100.0,1.139240506329114,0.2421134875600174,39500.0,406.5517241379311,0.0236686390532544,-94.394737,0.0027112426035502,8.0,8.17,0.0,41.20781621749809,1,0,0,0,0,0,0,0,1
6901028187343,202505,黄鹤楼(硬8度),一类烟,0,-1.8459399100276386,42.532423759496915,97.788945,95.24,100.0,1.139240506329114,0.24217756114839845,41075.0,317.4115210843373,0.0248815165876777,-97.484848,0.00281763621607935,8.0,14.61,0.0,7.851966373562651,1,0,0,0,0,0,0,0,1
6901028187343,202506,黄鹤楼(硬8度),一类烟,0,-31.385790275745777,40.686483849469276,95.798319,87.5,100.0,1.139240506329114,0.2421199604511689,39500.0,47.22816032887976,0.2345238095238095,-96.788945,0.0183016666666666,6.0,58.1,0.0,42.532423759496915,1,0,0,0,0,0,0,0,1
6901028187343,202507,黄鹤楼(硬8度),一类烟,0,32.21026006700691,9.300693573723501,100.0,87.5,100.0,1.139240506329114,0.242120253164557,39500.0,548.9824561403509,0.2345238095238095,-94.798319,0.0021494033412887,1.0,6.8,0.0,40.686483849469276,1,0,0,0,0,0,0,0,1
6901028187343,202508,黄鹤楼(硬8度),一类烟,0,0.00039492050652967237,41.510953640730406,97.421203,87.5,100.0,1.139240506329114,0.2421202531645569,39500.0,11189.0,0.2345238095238095,-99.0,0.0001499406880189,8.0,0.47,0.0,9.300693573723501,1,0,0,0,0,0,0,0,1
6901028187343,202509,黄鹤楼(硬8度),一类烟,0,-0.5928775643321629,41.511348561236936,99.059561,87.5,100.0,1.139240506329114,0.2421198808637379,39500.0,324.8529411764705,0.2345238095238095,-96.421203,0.0063800475059382,2.0,20.31,0.0,41.510953640730406,1,0,0,0,0,0,0,0,1
6901028187343,202510,黄鹤楼(硬8度),一类烟,0,-33.06650462334212,40.91847099690477,98.387097,85.71,100.0,1.139240506329114,0.2420165037654222,39500.0,313.5348101265823,0.0082742316784869,-98.059561,0.0059016548463356,8.0,18.68,0.0,41.511348561236936,1,0,0,0,0,0,0,0,1
6901028187343,202511,黄鹤楼(硬8度),一类烟,0,0.0,7.851966373562651,,87.5,100.0,1.139240506329114,0.2420948329528948,39500.0,483.172131147541,0.2345238095238095,-97.387097,0.0022757969303423,8.0,7.2,0.0,40.91847099690477,1,0,0,0,0,0,0,0,1
6901028187343,202512,黄鹤楼(硬8度),一类烟,0,33.21113808846274,7.851966373562651,,87.5,100.0,1.139240506329114,0.24217756114839845,41075.0,317.4115210843373,0.2345238095238095,-97.484848,0.00281763621607935,8.0,14.61,0.0,7.851966373562651,1,0,0,0,0,0,0,0,1
6901028187343,202601,黄鹤楼(硬8度),一类烟,0,1.3281227921241552,41.06310446202539,98.74739,87.5,100.0,1.139240506329114,0.24217756114839845,41075.0,317.4115210843373,0.2345238095238095,-97.484848,0.00281763621607935,8.0,14.61,0.0,7.851966373562651,1,0,0,0,0,0,0,0,1
6901028187343,202602,黄鹤楼(硬8度),一类烟,0,-2.1706511161866615,42.39122725414955,99.901478,87.5,100.0,1.139240506329114,0.2420954317981106,39500.0,443.9260042283298,0.2345238095238095,-97.74739,0.0088442603550295,163.0,36.45,24.03,41.06310446202539,1,0,0,0,0,0,0,0,1
6901028187343,202603,黄鹤楼(硬8度),一类烟,0,-1.4816242107275812,40.22057613796289,100.0,59.13,100.0,1.139240506329114,0.2421036501635333,39500.0,83.83629191321499,0.0902612826603325,-98.901478,0.0190275534441805,226.0,62.11,47.23,42.39122725414955,1,0,0,0,0,0,0,0,1
6901028187343,202604,黄鹤楼(硬8度),一类烟,0,3.131408746204542,38.738951927235306,100.0,87.5,100.0,1.139240506329114,0.2421105657452854,39500.0,674.5646258503402,0.2345238095238095,-99.0,0.002768295589988,8.0,6.2,0.0,40.22057613796289,1,0,0,0,0,0,0,0,1
6901028187343,202605,黄鹤楼(硬8度),一类烟,0,0.07259687821912308,41.87036067343985,98.951782,84.24,98.39,1.139240506329114,0.2420636747219025,39500.0,1072.181818181818,0.0889423076923077,-99.0,0.0012533653846153,1.0,3.97,0.0,38.738951927235306,1,0,0,0,0,0,0,0,1
6901028187343,202606,黄鹤楼(硬8度),一类烟,0,-0.5354421880353613,41.94295755165897,99.56044,100.0,100.0,1.139240506329114,0.242091557605664,39500.0,224.09533898305085,0.0072289156626506,-97.951782,0.0089850602409638,1.0,24.7,19.02,41.87036067343985,1,0,0,0,0,0,0,0,1
6901028187855,202501,黄鹤楼(软1916),一类烟,0,-2.4786243656021156,74.22040166658032,96.848875,87.5,100.0,1.1484823625922886,0.24217756114839845,41075.0,317.4115210843373,0.2345238095238095,-97.484848,0.00281763621607935,8.0,14.61,0.0,41.1974834563511,1,0,0,0,0,0,0,0,1
6901028187855,202502,黄鹤楼(软1916),一类烟,1,1.5127764230518181,71.7417773009782,86.206897,108.94,99.87,1.179245283018868,0.3088821756997169,212000.0,20.692563081009297,0.7890995260663507,-95.848875,0.1513137440758293,300.0,35.55,72.33,74.22040166658032,1,0,0,0,0,0,0,0,1
6901028187855,202503,黄鹤楼(软1916),一类烟,0,0.2450986890953999,73.25455372403002,97.560976,97.42,100.0,1.179245283018868,0.3088834905660377,212000.0,694.52,0.2245862884160756,-85.206897,0.0025059101654846,8.0,14.61,0.0,71.7417773009782,1,0,0,0,0,0,0,0,1
6901028187855,202504,黄鹤楼(软1916),一类烟,1,-50.7897287490033,73.49965241312542,95.238095,87.5,100.0,1.179245283018868,0.3088832547169812,212000.0,283.325,0.2345238095238095,-96.560976,0.0040142011834319,8.0,2.37,0.0,73.25455372403002,1,0,0,0,0,0,0,0,1
6901028187855,202505,黄鹤楼(软1916),一类烟,0,0.0,22.709923664122115,,87.5,100.0,1.179245283018868,0.3088903301886792,212000.0,217.475,0.2345238095238095,-94.238095,0.0040189573459715,8.0,2.37,0.0,73.49965241312542,1,0,0,0,0,0,0,0,1
6901028187855,202506,黄鹤楼(软1916),一类烟,0,0.0,22.709923664122115,,97.87,100.0,1.179245283018868,0.24217756114839845,41075.0,317.4115210843373,0.0559523809523809,-97.484848,0.00281763621607935,8.0,14.61,0.0,22.709923664122115,1,0,0,0,0,0,0,0,1
6901028187855,202507,黄鹤楼(软1916),一类烟,0,0.0,22.709923664122115,,87.5,100.0,1.179245283018868,0.24217756114839845,41075.0,317.4115210843373,0.2345238095238095,-97.484848,0.00281763621607935,8.0,14.61,0.0,22.709923664122115,1,0,0,0,0,0,0,0,1
6901028187855,202508,黄鹤楼(软1916),一类烟,0,48.47534858137843,22.709923664122115,0.0,87.5,100.0,1.179245283018868,0.24217756114839845,41075.0,317.4115210843373,0.2345238095238095,-97.484848,0.00281763621607935,8.0,14.61,0.0,22.709923664122115,1,0,0,0,0,0,0,0,1
6901028187855,202509,黄鹤楼(软1916),一类烟,0,-48.47534858137843,71.18527224550054,100.0,93.48,100.0,1.179245283018868,0.24217756114839845,41075.0,317.4115210843373,0.0676959619952494,1.0,0.0,8.0,14.61,0.0,22.709923664122115,1,0,0,0,0,0,0,0,1
6901028187855,202510,黄鹤楼(软1916),一类烟,0,0.0,22.709923664122115,,89.07,99.6,1.179245283018868,0.3086527122641509,212000.0,820.75,0.309692671394799,-99.0,0.0012028368794326,8.0,0.71,0.0,71.18527224550054,1,0,0,0,0,0,0,0,1
6901028187855,202511,黄鹤楼(软1916),一类烟,0,0.0,22.709923664122115,,86.16,98.75,1.179245283018868,0.24217756114839845,41075.0,317.4115210843373,0.1074380165289256,-97.484848,0.00281763621607935,8.0,14.61,0.0,22.709923664122115,1,0,0,0,0,0,0,0,1
6901028187855,202512,黄鹤楼(软1916),一类烟,0,0.0,22.709923664122115,,87.5,100.0,1.179245283018868,0.24217756114839845,41075.0,317.4115210843373,0.2345238095238095,-97.484848,0.00281763621607935,8.0,14.61,0.0,22.709923664122115,1,0,0,0,0,0,0,0,1
6901028187855,202601,黄鹤楼(软1916),一类烟,0,50.46866756280484,22.709923664122115,,0.0,100.0,1.179245283018868,0.24217756114839845,41075.0,317.4115210843373,0.0035377358490566,-97.484848,0.00281763621607935,8.0,14.61,0.0,22.709923664122115,1,0,0,0,0,0,0,0,1
6901028187855,202602,黄鹤楼(软1916),一类烟,0,-50.46866756280484,73.17859122692695,98.4,85.42,100.0,1.179245283018868,0.24217756114839845,41075.0,317.4115210843373,0.8402366863905325,-97.484848,0.00281763621607935,8.0,14.61,0.0,22.709923664122115,1,0,0,0,0,0,0,0,1
6901028187855,202604,黄鹤楼(软1916),一类烟,0,-3.537543633174735,73.71218684224174,99.358974,80.23,98.2,1.179245283018868,0.24217756114839845,41075.0,317.4115210843373,0.3230035756853397,-97.484848,0.00281763621607935,8.0,14.61,0.0,22.709923664122115,1,0,0,0,0,0,0,0,1
6901028187855,202605,黄鹤楼(软1916),一类烟,0,0.5235726510826026,70.174643209067,100.0,62.34,95.1,1.179245283018868,0.3088924223980523,212000.0,159.93548387096774,0.3677884615384615,-98.358974,0.0157980769230769,16.0,7.45,0.0,73.71218684224174,1,0,0,0,0,0,0,0,1
6901028187855,202606,黄鹤楼(软1916),一类烟,0,-7.285278501354249,70.6982158601496,100.0,59.43,97.67,1.179245283018868,0.3088915094339622,212000.0,1121.3333333333333,0.1542168674698795,-99.0,0.0012260240963855,8.0,0.72,0.0,70.174643209067,1,0,0,0,0,0,0,0,1
6901028188029,202501,黄鹤楼(硬峡谷情细支),一类烟,0,-4.8540966160644246,69.31244230962938,98.385321,87.5,100.0,1.1484823625922886,0.24217756114839845,41075.0,317.4115210843373,0.2345238095238095,-97.484848,0.00281763621607935,8.0,14.61,0.0,41.1974834563511,1,0,0,0,0,0,0,0,1
6901028188029,202503,黄鹤楼(硬峡谷情细支),一类烟,1,0.0,8.388239050300362,0.0,94.87,100.0,1.1406844106463878,0.3088981431186754,65750.0,1378.195767195767,1.0,-95.923077,0.0058755319148936,8.0,14.61,0.0,64.45834569356495,1,0,0,0,0,0,0,0,1
6901028188029,202506,黄鹤楼(硬峡谷情细支),一类烟,1,0.0,8.388239050300362,0.0,95.49,99.87,1.1406844106463878,0.3089163498098859,65750.0,1780.7173913043478,0.9964285714285714,-91.929293,0.0028804761904761,8.0,5.48,0.0,62.983398483584644,1,0,0,0,0,0,0,0,1
6901028188029,202508,黄鹤楼(硬峡谷情细支),一类烟,0,4.1083555692213025,64.89729912688951,91.97861,92.15,100.0,1.1406844106463878,0.24217756114839845,41075.0,317.4115210843373,0.7129300118623962,1.0,0.0,8.0,14.61,0.0,8.388239050300362,1,0,0,0,0,0,0,0,1
6901028188029,202509,黄鹤楼(硬峡谷情细支),一类烟,0,-2.555596370913605,69.00565469611081,98.987854,77.46,100.0,1.1406844106463878,0.3089161287470156,65750.0,1260.5232558139537,0.8467933491686461,-90.97861,0.0053724465558194,8.0,6.18,65.38,64.89729912688951,1,0,0,0,0,0,0,0,1
6901028188029,202511,黄鹤楼(硬峡谷情细支),一类烟,1,0.0,8.388239050300362,0.0,76.42,100.0,1.1406844106463878,0.3088898520459426,65750.0,835.9533678756476,0.4899645808736718,-97.469388,0.0059927981109799,1.0,9.45,12.5,66.4500583251972,1,0,0,0,0,0,0,0,1
6901028188029,202601,黄鹤楼(硬峡谷情细支),一类烟,0,-0.1561044582526563,68.8135762708495,98.911517,87.5,100.0,1.1406844106463878,0.24217756114839845,41075.0,317.4115210843373,0.2345238095238095,1.0,0.0,8.0,14.61,0.0,8.388239050300362,1,0,0,0,0,0,0,0,1
6901028188029,202602,黄鹤楼(硬峡谷情细支),一类烟,0,-0.22845076238668582,68.65747181259684,99.401993,95.13,99.88,1.1406844106463878,0.3088832063881566,65750.0,192.83351082712105,0.9846153846153848,-97.911517,0.0876770414201183,360.0,71.36,74.3,68.8135762708495,1,0,0,0,0,0,0,0,1
6901028188029,202603,黄鹤楼(硬峡谷情细支),一类烟,0,0.27732753333496873,68.42902105021015,99.514563,62.63,98.07,1.1406844106463878,0.3088847319086639,65750.0,235.427807486631,1.0,-98.401993,0.0467277909738717,14.0,56.89,74.95,68.65747181259684,1,0,0,0,0,0,0,0,1
6901028188029,202604,黄鹤楼(硬峡谷情细支),一类烟,0,-2.054394510109688,68.70634858354512,99.365482,93.45,99.06,1.1406844106463878,0.308890336641009,65750.0,298.1280487804878,0.5411203814064363,-98.514563,0.0257044100119189,2.0,26.46,59.91,68.42902105021015,1,0,0,0,0,0,0,0,1
6901028188029,202605,黄鹤楼(硬峡谷情细支),一类烟,0,1.2767803863923888,66.65195407343543,98.235294,87.43,98.89,1.1406844106463878,0.3088884518450534,65750.0,222.5466155810983,0.4663461538461538,-98.365482,0.0247510817307692,8.0,24.52,44.61,68.70634858354512,1,0,0,0,0,0,0,0,1
6901028188029,202606,黄鹤楼(硬峡谷情细支),一类烟,0,0.1808800899852656,67.92873445982782,98.478783,83.37,99.25,1.1406844106463878,0.3088895972313927,65750.0,781.0508982035927,0.5759036144578313,-97.235294,0.0105833734939759,1.0,10.36,68.6,66.65195407343543,1,0,0,0,0,0,0,0,1
6901028188081,202501,黄鹤楼(硬银紫),二类烟,0,-0.07520275669138954,41.971478206779175,99.389148,87.5,100.0,1.1484823625922886,0.24217756114839845,41075.0,317.4115210843373,0.2345238095238095,-97.484848,0.00281763621607935,8.0,14.61,0.0,41.1974834563511,0,0,1,0,0,0,0,0,1
6901028188081,202502,黄鹤楼(硬银紫),二类烟,0,-0.21959086981818388,41.896275450087785,98.964625,87.5,100.0,1.1353711790393013,0.242164587457808,28625.0,74.33261026753435,0.2345238095238095,-98.389148,0.0375245260663507,28.0,98.46,95.67,41.971478206779175,0,0,1,0,0,0,0,0,1
6901028188081,202503,黄鹤楼(硬银紫),二类烟,0,-6.747179474194155,41.6766845802696,99.295775,87.5,100.0,1.1353711790393013,0.2421818832496392,28625.0,96.6482127288579,0.2345238095238095,-97.964625,0.0310476359338061,8.0,14.61,0.0,41.896275450087785,0,0,1,0,0,0,0,0,1
6901028188081,202504,黄鹤楼(硬银紫),二类烟,0,7.166950908102535,34.929505106075446,98.387097,87.5,100.0,1.1353711790393013,0.2421397999318653,28625.0,151.76879432624114,0.2345238095238095,-98.295775,0.0191059171597633,2.0,83.55,0.0,41.6766845802696,0,0,1,0,0,0,0,0,1
6901028188081,202505,黄鹤楼(硬银紫),二类烟,0,-0.05300473406936135,42.09645601417798,99.359431,100.0,100.0,1.1353711790393013,0.2421397379912664,28625.0,1985.631147540984,0.0047393364928909,-97.387097,0.0016550947867298,8.0,7.23,0.0,34.929505106075446,0,0,1,0,0,0,0,0,1
6901028188081,202506,黄鹤楼(硬银紫),二类烟,0,-0.35952912660163605,42.04345128010862,99.363057,87.5,100.0,1.1353711790393013,0.2421403948899538,28625.0,37.74032951289399,0.2345238095238095,-98.359431,0.038057619047619,2.0,93.33,75.89,42.09645601417798,0,0,1,0,0,0,0,0,1
6901028188081,202507,黄鹤楼(硬银紫),二类烟,0,0.20022041074185637,41.683922153506984,99.510604,87.5,100.0,1.1353711790393013,0.2420829445501934,28625.0,45.91666666666667,0.2345238095238095,-98.363057,0.0191835322195704,2.0,57.76,45.25,42.04345128010862,0,0,1,0,0,0,0,0,1
6901028188081,202508,黄鹤楼(硬银紫),二类烟,0,0.1347450918598625,41.88414256424884,99.517491,87.5,100.0,1.1353711790393013,0.2421093850669339,28625.0,146.5032786885246,0.2345238095238095,-98.510604,0.0165705812574139,6.0,66.07,9.52,41.683922153506984,0,0,1,0,0,0,0,0,1
6901028188081,202509,黄鹤楼(硬银紫),二类烟,0,-0.3459896655219552,42.0188876561087,99.2569,87.5,100.0,1.1353711790393013,0.2421396850602091,28625.0,95.369696969697,0.2345238095238095,-98.517491,0.022437648456057,2.0,74.47,31.58,41.88414256424884,0,0,1,0,0,0,0,0,1
6901028188081,202510,黄鹤楼(硬银紫),二类烟,0,-35.25801749457026,41.67289799058675,98.452883,87.5,100.0,1.1353711790393013,0.2421398781028886,28625.0,58.76720142602496,0.2345238095238095,-98.2569,0.0379636524822695,13.0,95.15,67.2,42.0188876561087,0,0,1,0,0,0,0,0,1
6901028188081,202511,黄鹤楼(硬银紫),二类烟,1,0.0,6.4148804960164885,0.0,87.5,100.0,1.1353711790393013,0.2421392389270118,28625.0,152.73714285714286,0.2345238095238095,-97.452883,0.0094628099173553,8.0,37.54,10.06,41.67289799058675,0,0,1,0,0,0,0,0,1
6901028188081,202512,黄鹤楼(硬银紫),二类烟,0,35.48257774393647,6.4148804960164885,,87.5,100.0,1.1353711790393013,0.24217756114839845,41075.0,317.4115210843373,0.2345238095238095,1.0,0.0,8.0,14.61,0.0,6.4148804960164885,0,0,1,0,0,0,0,0,1
6901028188081,202601,黄鹤楼(硬银紫),二类烟,0,-0.11152428874946452,41.897458239952954,99.536424,0.0,100.0,1.1353711790393013,0.24217756114839845,41075.0,317.4115210843373,0.0106132075471698,-97.484848,0.00281763621607935,8.0,14.61,0.0,6.4148804960164885,0,0,1,0,0,0,0,0,1
6901028188081,202602,黄鹤楼(硬银紫),二类烟,0,-0.678937685151169,41.78593395120349,99.360837,111.39,100.0,1.1353711790393013,0.2421486575611513,28625.0,92.72355289421158,0.0449704142011834,-98.536424,0.0407321893491124,17.0,94.67,96.25,41.897458239952954,0,0,1,0,0,0,0,0,1
6901028188081,202603,黄鹤楼(硬银紫),二类烟,0,0.6999514025597193,41.10699626605232,99.777283,62.71,100.0,1.1353711790393013,0.2421567711126433,28625.0,123.9154970760234,0.0213776722090261,-98.360837,0.0465071258907363,6.0,92.52,0.0,41.78593395120349,0,0,1,0,0,0,0,0,1
6901028188081,202604,黄鹤楼(硬银紫),二类烟,0,-0.3327390535456942,41.80694766861204,99.661934,87.5,100.0,1.1353711790393013,0.2421398354647535,28625.0,306.6127232142857,0.2345238095238095,-98.777283,0.0122278903456495,8.0,50.77,6.34,41.10699626605232,0,0,1,0,0,0,0,0,1
6901028188081,202605,黄鹤楼(硬银紫),二类烟,0,-0.22488508094538417,41.474208615066345,100.0,87.5,100.0,1.1353711790393013,0.2420593933863828,28625.0,107.6438263229308,0.2345238095238095,-98.661934,0.0202852163461538,8.0,43.27,48.61,41.80694766861204,0,0,1,0,0,0,0,0,1
6901028188081,202606,黄鹤楼(硬银紫),二类烟,0,0.4885849532760673,41.24932353412096,99.193548,87.5,100.0,1.1353711790393013,0.242132341257883,28625.0,205.99247176913423,0.2345238095238095,-99.0,0.0109947590361445,5.0,48.19,0.0,41.474208615066345,0,0,1,0,0,0,0,0,1
6901028189057,202501,黄鹤楼(硬雪之景),二类烟,0,0.0,11.284434118818366,,87.5,100.0,1.1484823625922886,0.24217756114839845,41075.0,317.4115210843373,0.2345238095238095,-97.484848,0.00281763621607935,8.0,14.61,0.0,41.1974834563511,0,0,1,0,0,0,0,0,1
6901028189057,202502,黄鹤楼(硬雪之景),二类烟,0,0.0,11.284434118818366,,87.5,100.0,1.1484823625922886,0.24217756114839845,41075.0,317.4115210843373,0.2345238095238095,-97.484848,0.00281763621607935,8.0,14.61,0.0,11.284434118818366,0,0,1,0,0,0,0,0,1
6901028189057,202503,黄鹤楼(硬雪之景),二类烟,0,0.0,11.284434118818366,,87.5,100.0,1.1484823625922886,0.24217756114839845,41075.0,317.4115210843373,0.2345238095238095,-97.484848,0.00281763621607935,8.0,14.61,0.0,11.284434118818366,0,0,1,0,0,0,0,0,1
6901028189057,202504,黄鹤楼(硬雪之景),二类烟,0,0.0,11.284434118818366,,87.5,100.0,1.1484823625922886,0.24217756114839845,41075.0,317.4115210843373,0.2345238095238095,-97.484848,0.00281763621607935,8.0,14.61,0.0,11.284434118818366,0,0,1,0,0,0,0,0,1
6901028189057,202505,黄鹤楼(硬雪之景),二类烟,0,0.0,11.284434118818366,,87.5,100.0,1.1484823625922886,0.24217756114839845,41075.0,317.4115210843373,0.2345238095238095,-97.484848,0.00281763621607935,8.0,14.61,0.0,11.284434118818366,0,0,1,0,0,0,0,0,1
6901028189057,202506,黄鹤楼(硬雪之景),二类烟,0,0.0,11.284434118818366,,87.5,100.0,1.1484823625922886,0.24217756114839845,41075.0,317.4115210843373,0.2345238095238095,-97.484848,0.00281763621607935,8.0,14.61,0.0,11.284434118818366,0,0,1,0,0,0,0,0,1
6901028189057,202507,黄鹤楼(硬雪之景),二类烟,0,0.0,11.284434118818366,,87.5,100.0,1.1484823625922886,0.24217756114839845,41075.0,317.4115210843373,0.2345238095238095,-97.484848,0.00281763621607935,8.0,14.61,0.0,11.284434118818366,0,0,1,0,0,0,0,0,1
6901028189057,202508,黄鹤楼(硬雪之景),二类烟,0,0.0,11.284434118818366,,87.5,100.0,1.1484823625922886,0.24217756114839845,41075.0,317.4115210843373,0.2345238095238095,-97.484848,0.00281763621607935,8.0,14.61,0.0,11.284434118818366,0,0,1,0,0,0,0,0,1
6901028189057,202509,黄鹤楼(硬雪之景),二类烟,0,0.0,11.284434118818366,,87.5,100.0,1.1484823625922886,0.24217756114839845,41075.0,317.4115210843373,0.2345238095238095,-97.484848,0.00281763621607935,8.0,14.61,0.0,11.284434118818366,0,0,1,0,0,0,0,0,1
6901028189057,202510,黄鹤楼(硬雪之景),二类烟,0,0.0,11.284434118818366,,87.5,100.0,1.1484823625922886,0.24217756114839845,41075.0,317.4115210843373,0.2345238095238095,-97.484848,0.00281763621607935,8.0,14.61,0.0,11.284434118818366,0,0,1,0,0,0,0,0,1
6901028189057,202511,黄鹤楼(硬雪之景),二类烟,0,0.0,11.284434118818366,,87.5,100.0,1.1484823625922886,0.24217756114839845,41075.0,317.4115210843373,0.2345238095238095,-97.484848,0.00281763621607935,8.0,14.61,0.0,11.284434118818366,0,0,1,0,0,0,0,0,1
6901028189057,202512,黄鹤楼(硬雪之景),二类烟,0,0.0,11.284434118818366,,87.5,100.0,1.1484823625922886,0.24217756114839845,41075.0,317.4115210843373,0.2345238095238095,-97.484848,0.00281763621607935,8.0,14.61,0.0,11.284434118818366,0,0,1,0,0,0,0,0,1
6901028189989,202503,黄鹤楼(硬嘉禧缘),一类烟,0,0.0,28.25393757851,,87.5,100.0,1.1484823625922886,0.24217756114839845,41075.0,317.4115210843373,0.2345238095238095,-97.484848,0.00281763621607935,8.0,14.61,0.0,41.1974834563511,1,0,0,0,0,0,0,0,1
6901028189989,202504,黄鹤楼(硬嘉禧缘),一类烟,0,0.0,28.25393757851,,87.5,100.0,1.1941724385001196,0.24217756114839845,41075.0,317.4115210843373,0.2345238095238095,-97.484848,0.00281763621607935,8.0,14.61,0.0,28.25393757851,1,0,0,0,0,0,0,0,1
6901028189989,202505,黄鹤楼(硬嘉禧缘),一类烟,0,0.0,28.25393757851,,87.5,100.0,1.1941724385001196,0.24217756114839845,41075.0,317.4115210843373,0.2345238095238095,-97.484848,0.00281763621607935,8.0,14.61,0.0,28.25393757851,1,0,0,0,0,0,0,0,1
6901028189989,202506,黄鹤楼(硬嘉禧缘),一类烟,0,0.0,28.25393757851,,87.5,100.0,1.1941724385001196,0.24217756114839845,41075.0,317.4115210843373,0.2345238095238095,-97.484848,0.00281763621607935,8.0,14.61,0.0,28.25393757851,1,0,0,0,0,0,0,0,1
6901028189989,202507,黄鹤楼(硬嘉禧缘),一类烟,0,0.0,28.25393757851,,87.5,100.0,1.1941724385001196,0.24217756114839845,41075.0,317.4115210843373,0.2345238095238095,-97.484848,0.00281763621607935,8.0,14.61,0.0,28.25393757851,1,0,0,0,0,0,0,0,1
6901028189989,202509,黄鹤楼(硬嘉禧缘),一类烟,0,0.0,28.25393757851,,87.5,100.0,1.1941724385001196,0.24217756114839845,41075.0,317.4115210843373,0.2345238095238095,-97.484848,0.00281763621607935,8.0,14.61,0.0,28.25393757851,1,0,0,0,0,0,0,0,1
6901028189989,202510,黄鹤楼(硬嘉禧缘),一类烟,0,0.0,28.25393757851,,87.5,100.0,1.1941724385001196,0.24217756114839845,41075.0,317.4115210843373,0.2345238095238095,-97.484848,0.00281763621607935,8.0,14.61,0.0,28.25393757851,1,0,0,0,0,0,0,0,1
6901028189989,202511,黄鹤楼(硬嘉禧缘),一类烟,0,0.0,28.25393757851,,87.5,100.0,1.1941724385001196,0.24217756114839845,41075.0,317.4115210843373,0.2345238095238095,-97.484848,0.00281763621607935,8.0,14.61,0.0,28.25393757851,1,0,0,0,0,0,0,0,1
6901028190374,202501,黄鹤楼(硬15细支),一类烟,0,-37.77804308316294,60.48796674728506,100.0,87.5,100.0,1.1484823625922886,0.24217756114839845,41075.0,317.4115210843373,0.2345238095238095,-97.484848,0.00281763621607935,8.0,14.61,0.0,41.1974834563511,1,0,0,0,0,0,0,0,1
6901028190374,202502,黄鹤楼(硬15细支),一类烟,0,0.0,22.709923664122115,,96.51,100.0,1.179245283018868,0.30890625,212000.0,3755.75,1.0,-99.0,0.0004018957345971,4.0,0.47,0.0,60.48796674728506,1,0,0,0,0,0,0,0,1
6901028190374,202503,黄鹤楼(硬15细支),一类烟,0,50.21214049986493,22.709923664122115,,96.64,100.0,1.179245283018868,0.24217756114839845,41075.0,317.4115210843373,0.9988179669030732,-97.484848,0.00281763621607935,8.0,14.61,0.0,22.709923664122115,1,0,0,0,0,0,0,0,1
6901028190374,202504,黄鹤楼(硬15细支),一类烟,0,-50.21214049986493,72.92206416398705,100.0,93.43,99.35,1.179245283018868,0.24217756114839845,41075.0,317.4115210843373,0.7739644970414201,-97.484848,0.00281763621607935,8.0,14.61,0.0,22.709923664122115,1,0,0,0,0,0,0,0,1
6901028190374,202505,黄鹤楼(硬15细支),一类烟,0,0.0,22.709923664122115,,100.0,100.0,1.179245283018868,0.308892983490566,212000.0,374.75,0.1516587677725118,-99.0,0.0008037914691943,8.0,0.47,0.0,72.92206416398705,1,0,0,0,0,0,0,0,1
6901028190374,202507,黄鹤楼(硬15细支),一类烟,0,0.0,22.709923664122115,,94.48,99.88,1.179245283018868,0.24217756114839845,41075.0,317.4115210843373,1.0,-97.484848,0.00281763621607935,8.0,14.61,0.0,22.709923664122115,1,0,0,0,0,0,0,0,1
6901028190374,202508,黄鹤楼(硬15细支),一类烟,0,0.0,22.709923664122115,0.0,99.12,100.0,1.179245283018868,0.24217756114839845,41075.0,317.4115210843373,0.5812574139976275,-97.484848,0.00281763621607935,8.0,14.61,0.0,22.709923664122115,1,0,0,0,0,0,0,0,1
6901028190374,202601,黄鹤楼(硬15细支),一类烟,0,0.5232916582206997,73.23533478877083,95.652174,98.09,100.0,1.179245283018868,0.24217756114839845,41075.0,317.4115210843373,0.706021251475797,-97.484848,0.00281763621607935,8.0,14.61,0.0,22.709923664122115,1,0,0,0,0,0,0,0,1
6901028190374,202604,黄鹤楼(硬15细支),一类烟,0,50.33484330645794,22.709923664122115,,63.02,98.61,1.179245283018868,0.3086961371749108,212000.0,126.02702702702705,1.0,-99.0,0.0037263657957244,8.0,2.14,83.33,73.75862644699153,1,0,0,0,0,0,0,0,1
6901028190602,202501,黄鹤楼(软雪之景),二类烟,0,0.02581953805807302,43.59482764045947,99.337979,87.5,100.0,1.1484823625922886,0.24217756114839845,41075.0,317.4115210843373,0.2345238095238095,-97.484848,0.00281763621607935,8.0,14.61,0.0,41.1974834563511,0,0,1,0,0,0,0,0,1
6901028190602,202502,黄鹤楼(软雪之景),二类烟,0,-0.4251952165349735,43.620647178517544,98.892405,98.6,100.0,1.1484823625922886,0.2421466900349286,30475.0,72.34689582602596,0.0805687203791469,-98.337979,0.0411773578199052,9.0,98.82,89.57,43.59482764045947,0,0,1,0,0,0,0,0,1
6901028190602,202503,黄鹤楼(软雪之景),二类烟,0,-2.261995569745352,43.19545196198257,99.107867,87.5,100.0,1.1484823625922886,0.2421478260869565,30475.0,65.4524,0.2345238095238095,-97.892405,0.0360224586288416,8.0,14.61,0.0,43.620647178517544,0,0,1,0,0,0,0,0,1
6901028190602,202504,黄鹤楼(软雪之景),二类烟,0,2.7880402501523136,40.93345639223722,100.0,87.5,100.0,1.1484823625922886,0.2421248266334053,30475.0,178.5253682487725,0.2345238095238095,-98.107867,0.0176286153846153,3.0,72.54,0.0,43.19545196198257,0,0,1,0,0,0,0,0,1
6901028190602,202505,黄鹤楼(软雪之景),二类烟,0,-0.10058454845060538,43.72149664238953,99.68163,87.5,100.0,1.1484823625922886,0.2421246923707957,30475.0,793.31640625,0.2345238095238095,-99.0,0.0036974407582938,8.0,15.17,0.0,40.93345639223722,0,0,1,0,0,0,0,0,1
6901028190602,202506,黄鹤楼(软雪之景),二类烟,0,-0.20974421420578437,43.62091209393893,99.45122,87.5,100.0,1.1484823625922886,0.2421247578725958,30475.0,35.54008304056212,0.2345238095238095,-98.68163,0.0454367738095238,2.0,96.19,88.86,43.72149664238953,0,0,1,0,0,0,0,0,1
6901028190602,202507,黄鹤楼(软雪之景),二类烟,0,-0.06248916835349405,43.41116787973314,98.854626,87.5,100.0,1.1484823625922886,0.2421247678163394,30475.0,62.87982832618026,0.2345238095238095,-98.45122,0.0237254057279236,8.0,90.21,8.07,43.62091209393893,0,0,1,0,0,0,0,0,1
6901028190602,202508,黄鹤楼(软雪之景),二类烟,0,0.3496529927231009,43.34867871137965,97.378277,87.5,100.0,1.1484823625922886,0.2421246923707957,30475.0,119.879679144385,0.2345238095238095,-97.854626,0.0162244128113879,5.0,57.77,15.2,43.41116787973314,0,0,1,0,0,0,0,0,1
6901028190602,202509,黄鹤楼(软雪之景),二类烟,0,0.03876491418360217,43.69833170410275,99.389587,87.5,100.0,1.1484823625922886,0.2421246923707957,30475.0,136.86410256410255,0.2345238095238095,-96.378277,0.0112923990498812,8.0,39.9,16.07,43.34867871137965,0,0,1,0,0,0,0,0,1
6901028190602,202510,黄鹤楼(软雪之景),二类烟,0,-1.4089919698757143,43.73709661828635,99.768626,87.5,100.0,1.1484823625922886,0.2421112965711494,30475.0,40.3764450867052,0.2345238095238095,-98.389587,0.0398840661938534,17.0,96.1,70.6,43.69833170410275,0,0,1,0,0,0,0,0,1
6901028190602,202511,黄鹤楼(软雪之景),二类烟,0,1.3943709974822696,42.32810464841064,98.95288,87.5,100.0,1.1484823625922886,0.2421234367413905,30475.0,31.156771799628945,0.2345238095238095,-98.768626,0.0310290909090909,1.0,70.13,81.48,43.73709661828635,0,0,1,0,0,0,0,0,1
6901028190602,202512,黄鹤楼(软雪之景),二类烟,0,-0.07362186680236249,43.72247564589291,99.927641,87.5,100.0,1.1484823625922886,0.2421246923707957,30475.0,414.25396825396825,0.2345238095238095,-97.95288,0.0054273498233215,8.0,22.26,0.0,42.32810464841064,0,0,1,0,0,0,0,0,1
6901028190602,202601,黄鹤楼(软雪之景),二类烟,0,-0.048986400346812786,43.648853779090544,99.197924,87.5,100.0,1.1484823625922886,0.2421218707657361,30475.0,34.96089790007241,0.2345238095238095,-98.927641,0.0198518749999999,7.0,61.08,41.12,43.72247564589291,0,0,1,0,0,0,0,0,1
6901028190602,202602,黄鹤楼(软雪之景),二类烟,0,-0.6876720409788177,43.59986737874373,98.461886,87.5,100.0,1.1484823625922886,0.2421387874702857,30475.0,56.805707491082046,0.2345238095238095,-98.197924,0.0606614792899408,12.0,97.4,95.38,43.648853779090544,0,0,1,0,0,0,0,0,1
6901028190602,202603,黄鹤楼(软雪之景),二类烟,0,0.33616847262556604,42.91219533776491,99.516129,100.0,100.0,1.1484823625922886,0.242132239992899,30475.0,69.41006202618884,0.002375296912114,-97.461886,0.0630202731591449,2.0,93.82,0.0,43.59986737874373,0,0,1,0,0,0,0,0,1
6901028190602,202604,黄鹤楼(软雪之景),二类烟,0,0.5048379886828229,43.24836381039048,99.617225,93.94,100.0,1.1484823625922886,0.2421248253277722,30475.0,255.51377633711505,0.0393325387365911,-98.516129,0.0179290345649582,1.0,69.13,6.72,42.91219533776491,0,0,1,0,0,0,0,0,1
6901028190602,202605,黄鹤楼(软雪之景),二类烟,0,0.027538685982612776,43.7532017990733,99.603371,87.5,100.0,1.1484823625922886,0.2421233921128718,30475.0,163.98847262247838,0.2345238095238095,-98.617225,0.0152521514423076,1.0,55.29,13.48,43.24836381039048,0,0,1,0,0,0,0,0,1
6901028190602,202606,黄鹤楼(软雪之景),二类烟,0,-0.13160201686084605,43.780740485055915,99.620061,73.86,96.97,1.1484823625922886,0.2421242636192915,30475.0,26.869089099054257,0.053012048192771,-98.603371,0.0295056746987951,2.0,86.99,39.75,43.7532017990733,0,0,1,0,0,0,0,0,1
6901028191142,202501,白沙(硬),三类烟,0,0.0,3.2168584023222304,0.0,87.5,100.0,1.1484823625922886,0.24217756114839845,41075.0,317.4115210843373,0.2345238095238095,-97.484848,0.00281763621607935,8.0,14.61,0.0,41.1974834563511,0,1,0,0,0,0,0,1,0
6901028191142,202502,白沙(硬),三类烟,0,0.0,3.2168584023222304,0.0,87.5,100.0,1.1267605633802815,0.24217756114839845,41075.0,317.4115210843373,0.2345238095238095,1.0,0.0,8.0,14.61,0.0,3.2168584023222304,0,1,0,0,0,0,0,1,0
6901028191142,202503,白沙(硬),三类烟,0,0.0,3.2168584023222304,0.0,87.5,100.0,1.1267605633802815,0.24217756114839845,41075.0,317.4115210843373,0.2345238095238095,1.0,0.0,8.0,14.61,0.0,3.2168584023222304,0,1,0,0,0,0,0,1,0
6901028191142,202504,白沙(硬),三类烟,0,0.0,3.2168584023222304,0.0,100.0,100.0,1.1267605633802815,0.24217756114839845,41075.0,317.4115210843373,0.0047337278106508,1.0,0.0,8.0,14.61,0.0,3.2168584023222304,0,1,0,0,0,0,0,1,0
6901028191142,202505,白沙(硬),三类烟,0,0.0,3.2168584023222304,0.0,87.5,100.0,1.1267605633802815,0.24217756114839845,41075.0,317.4115210843373,0.2345238095238095,1.0,0.0,8.0,14.61,0.0,3.2168584023222304,0,1,0,0,0,0,0,1,0
6901028191142,202506,白沙(硬),三类烟,0,0.0,3.2168584023222304,0.0,87.5,100.0,1.1267605633802815,0.24217756114839845,41075.0,317.4115210843373,0.2345238095238095,1.0,0.0,8.0,14.61,0.0,3.2168584023222304,0,1,0,0,0,0,0,1,0
6901028191142,202507,白沙(硬),三类烟,0,0.0,3.2168584023222304,0.0,87.5,100.0,1.1267605633802815,0.24217756114839845,41075.0,317.4115210843373,0.2345238095238095,1.0,0.0,8.0,14.61,0.0,3.2168584023222304,0,1,0,0,0,0,0,1,0
6901028191142,202508,白沙(硬),三类烟,0,0.0,3.2168584023222304,0.0,87.5,100.0,1.1267605633802815,0.24217756114839845,41075.0,317.4115210843373,0.2345238095238095,1.0,0.0,8.0,14.61,0.0,3.2168584023222304,0,1,0,0,0,0,0,1,0
6901028191142,202509,白沙(硬),三类烟,0,0.0,3.2168584023222304,0.0,87.5,100.0,1.1267605633802815,0.24217756114839845,41075.0,317.4115210843373,0.2345238095238095,1.0,0.0,8.0,14.61,0.0,3.2168584023222304,0,1,0,0,0,0,0,1,0
6901028191142,202510,白沙(硬),三类烟,0,0.0,3.2168584023222304,0.0,87.5,100.0,1.1267605633802815,0.24217756114839845,41075.0,317.4115210843373,0.2345238095238095,1.0,0.0,8.0,14.61,0.0,3.2168584023222304,0,1,0,0,0,0,0,1,0
6901028191142,202511,白沙(硬),三类烟,0,0.0,3.2168584023222304,0.0,87.5,100.0,1.1267605633802815,0.24217756114839845,41075.0,317.4115210843373,0.2345238095238095,1.0,0.0,8.0,14.61,0.0,3.2168584023222304,0,1,0,0,0,0,0,1,0
6901028191142,202512,白沙(硬),三类烟,0,0.0,3.2168584023222304,0.0,87.5,100.0,1.1267605633802815,0.24217756114839845,41075.0,317.4115210843373,0.2345238095238095,1.0,0.0,8.0,14.61,0.0,3.2168584023222304,0,1,0,0,0,0,0,1,0
6901028191142,202601,白沙(硬),三类烟,0,0.0,3.2168584023222304,0.0,87.5,100.0,1.1267605633802815,0.24217756114839845,41075.0,317.4115210843373,0.2345238095238095,1.0,0.0,8.0,14.61,0.0,3.2168584023222304,0,1,0,0,0,0,0,1,0
6901028191142,202602,白沙(硬),三类烟,0,0.0,3.2168584023222304,,87.5,100.0,1.1267605633802815,0.24217756114839845,41075.0,317.4115210843373,0.2345238095238095,1.0,0.0,8.0,14.61,0.0,3.2168584023222304,0,1,0,0,0,0,0,1,0
6901028191142,202603,白沙(硬),三类烟,0,0.0,3.2168584023222304,0.0,87.5,100.0,1.1267605633802815,0.24217756114839845,41075.0,317.4115210843373,0.2345238095238095,-97.484848,0.00281763621607935,8.0,14.61,0.0,3.2168584023222304,0,1,0,0,0,0,0,1,0
6901028191142,202604,白沙(硬),三类烟,0,0.0,3.2168584023222304,,100.0,100.0,1.1267605633802815,0.24217756114839845,41075.0,317.4115210843373,0.0047675804529201,1.0,0.0,8.0,14.61,0.0,3.2168584023222304,0,1,0,0,0,0,0,1,0
6901028191142,202605,白沙(硬),三类烟,0,0.0,3.2168584023222304,,100.0,100.0,1.1267605633802815,0.24217756114839845,41075.0,317.4115210843373,0.0024038461538461,-97.484848,0.00281763621607935,8.0,14.61,0.0,3.2168584023222304,0,1,0,0,0,0,0,1,0
6901028191142,202606,白沙(硬),三类烟,0,0.0,3.2168584023222304,0.0,100.0,100.0,1.1267605633802815,0.24217756114839845,41075.0,317.4115210843373,0.0072289156626506,-97.484848,0.00281763621607935,8.0,14.61,0.0,3.2168584023222304,0,1,0,0,0,0,0,1,0
6901028193504,202501,芙蓉王(硬),一类烟,0,-2.973326142162094,49.62176242645857,96.884735,87.5,100.0,1.1484823625922886,0.24217756114839845,41075.0,317.4115210843373,0.2345238095238095,-97.484848,0.00281763621607935,8.0,14.61,0.0,41.1974834563511,1,0,0,0,0,0,0,0,1
6901028193504,202502,芙蓉王(硬),一类烟,0,3.02768977408968,46.64843628429647,94.890511,109.52,100.0,1.1448983330280271,0.2754878665809846,54590.0,1929.3440514469453,0.0853080568720379,-95.884735,0.0080462037914691,104.0,19.55,80.61,49.62176242645857,1,0,0,0,0,0,0,0,1
6901028193504,202503,芙蓉王(硬),一类烟,0,5.232374469952234,49.67612605838615,96.045198,95.95,100.0,1.1448983330280271,0.2754766299829498,54590.0,2736.2692307692305,0.1312056737588652,-93.890511,0.0033554137115839,8.0,14.61,0.0,46.64843628429647,1,0,0,0,0,0,0,0,1
6901028193504,202504,芙蓉王(硬),一类烟,0,-44.95519140508933,54.90850052833839,99.668325,87.5,100.0,1.1448983330280271,0.2754757389308535,54590.0,1913.2529411764704,0.2345238095238095,-95.045198,0.0043930414201183,8.0,10.06,0.0,49.67612605838615,1,0,0,0,0,0,0,0,1
6901028193504,202505,芙蓉王(硬),一类烟,0,0.0,9.953309123249056,,100.0,100.0,1.1448983330280271,0.2754570525584915,54590.0,489.0782029950083,0.0236966824644549,-98.668325,0.0155490947867298,229.0,35.78,0.0,54.90850052833839,1,0,0,0,0,0,0,0,1
6901028193504,202506,芙蓉王(硬),一类烟,0,24.28465139427083,9.953309123249056,0.0,100.0,100.0,1.1448983330280271,0.24217756114839845,41075.0,317.4115210843373,0.025,-97.484848,0.00281763621607935,8.0,14.61,0.0,9.953309123249056,1,0,0,0,0,0,0,0,1
6901028193504,202507,芙蓉王(硬),一类烟,0,18.94018248547146,34.23796051751989,89.285714,87.5,100.0,1.1448983330280271,0.24217756114839845,41075.0,317.4115210843373,0.2345238095238095,1.0,0.0,8.0,14.61,0.0,9.953309123249056,1,0,0,0,0,0,0,0,1
6901028193504,202508,芙蓉王(硬),一类烟,0,1.6823915527197997,53.17814300299135,95.783133,100.0,100.0,1.1448983330280271,0.2752747755999267,54590.0,6087.52,0.0249110320284697,-88.285714,0.0012951364175563,8.0,2.97,0.0,34.23796051751989,1,0,0,0,0,0,0,0,1
6901028193504,202509,芙蓉王(硬),一类烟,0,-1.6949087892981964,54.86053455571115,100.0,100.0,100.0,1.1448983330280271,0.2754576425059996,54590.0,959.4496855345913,0.0178147268408551,-94.783133,0.0082468503562945,2.0,18.88,0.0,53.17814300299135,1,0,0,0,0,0,0,0,1
6901028193504,202510,芙蓉王(硬),一类烟,0,-8.488018917263148,53.16562576641295,98.820059,89.34,100.0,1.1448983330280271,0.2754464445090822,54590.0,500.9648562300319,0.1063829787234042,-99.0,0.0161576075650118,24.0,37.23,0.63,54.86053455571115,1,0,0,0,0,0,0,0,1
6901028193504,202511,芙蓉王(硬),一类烟,0,-34.72429772590075,44.677606849149804,96.261682,72.96,98.57,1.1448983330280271,0.2754554303040576,54590.0,962.6119402985074,0.2266824085005903,-97.820059,0.0086364344746162,15.0,19.36,2.44,53.16562576641295,1,0,0,0,0,0,0,0,1
6901028193504,202512,芙蓉王(硬),一类烟,0,39.86581110041518,9.953309123249056,,97.44,94.87,1.1448983330280271,0.2751593076010578,54590.0,3237.52427184466,0.0459363957597173,-95.261682,0.0026491260306242,1.0,6.12,0.0,44.677606849149804,1,0,0,0,0,0,0,0,1
6901028193504,202601,芙蓉王(硬),一类烟,0,5.14139567986475,49.819120223664235,98.722045,87.5,100.0,1.1448983330280271,0.24217756114839845,41075.0,317.4115210843373,0.2345238095238095,-97.484848,0.00281763621607935,8.0,14.61,0.0,9.953309123249056,1,0,0,0,0,0,0,0,1
6901028193504,202602,芙蓉王(硬),一类烟,0,-3.1896002318730012,54.960515903528986,99.71831,87.5,100.0,1.1448983330280271,0.2754730616167239,54590.0,1874.0970873786407,0.2345238095238095,-97.722045,0.007984998816568,1.0,17.87,65.56,49.819120223664235,1,0,0,0,0,0,0,0,1
6901028193504,202603,芙蓉王(硬),一类烟,0,-3.9488227403112006,51.770915671655985,100.0,87.5,100.0,1.1448983330280271,0.2755070411894316,54590.0,480.361581920904,0.2345238095238095,-98.71831,0.0183609121140142,26.0,42.87,91.41,54.960515903528986,1,0,0,0,0,0,0,0,1
6901028193504,202604,芙蓉王(硬),一类烟,0,-8.374615173029376,47.822092931344784,99.24812,87.5,100.0,1.1448983330280271,0.2754639100622715,54590.0,1342.6107784431138,0.2345238095238095,-99.0,0.004346379022646,8.0,10.25,1.16,51.770915671655985,1,0,0,0,0,0,0,0,1
6901028193504,202605,芙蓉王(硬),一类烟,0,14.379159128659857,39.44747775831541,100.0,87.5,100.0,1.1448983330280271,0.2722561297162872,54590.0,2068.022727272727,0.2345238095238095,-98.24812,0.0034643653846153,2.0,7.93,0.0,47.822092931344784,1,0,0,0,0,0,0,0,1
6901028193504,202606,芙蓉王(硬),一类烟,0,-0.9068336523757523,53.826636886975265,99.797776,87.5,100.0,1.1448983330280271,0.2752628473568291,54590.0,4670.290697674419,0.2345238095238095,-99.0,0.0022625253012048,2.0,5.18,0.0,39.44747775831541,1,0,0,0,0,0,0,0,1
6901028196024,202503,白沙(软和天下),一类烟,0,7.023714132376028,92.97628586762397,100.0,87.5,100.0,1.1484823625922886,0.24217756114839845,41075.0,317.4115210843373,0.2345238095238095,-97.484848,0.00281763621607935,8.0,14.61,0.0,41.1974834563511,1,0,0,0,0,0,0,0,1
6901028196024,202504,白沙(软和天下),一类烟,0,0.0,100.0,,87.5,100.0,1.3873473917869037,0.3087871115427302,180200.0,1915.0,0.2345238095238095,-99.0,0.0006824142011834,4.0,0.47,0.0,92.97628586762397,1,0,0,0,0,0,0,0,1
6901028196024,202508,白沙(软和天下),一类烟,0,0.0,100.0,0.0,87.5,100.0,1.3873473917869037,0.24217756114839845,41075.0,317.4115210843373,0.2345238095238095,-97.484848,0.00281763621607935,8.0,14.61,0.0,100.0,1,0,0,0,0,0,0,0,1
6901028196024,202510,白沙(软和天下),一类烟,0,0.0,100.0,,87.5,100.0,1.3873473917869037,0.24217756114839845,41075.0,317.4115210843373,0.2345238095238095,1.0,0.0,8.0,14.61,0.0,100.0,1,0,0,0,0,0,0,0,1
6901028196024,202602,白沙(软和天下),一类烟,0,-4.539412810556755,100.0,0.0,87.5,100.0,1.3873473917869037,0.24217756114839845,41075.0,317.4115210843373,0.2345238095238095,-97.484848,0.00281763621607935,8.0,14.61,0.0,100.0,1,0,0,0,0,0,0,0,1
6901028196024,202603,白沙(软和天下),一类烟,0,-1.999879714452831,95.46058718944325,100.0,87.5,100.0,1.3873473917869037,0.24217756114839845,41075.0,317.4115210843373,0.2345238095238095,1.0,0.0,8.0,14.61,0.0,100.0,1,0,0,0,0,0,0,0,1
6901028196024,202604,白沙(软和天下),一类烟,0,3.47945581185364,93.46070747499041,100.0,100.0,100.0,1.3873473917869037,0.3079512347391787,180200.0,1149.125,0.0035756853396901,-99.0,0.0006872943980929,4.0,0.48,0.0,95.46058718944325,1,0,0,0,0,0,0,0,1
6901028196024,202605,白沙(软和天下),一类烟,0,1.2073950714764834,96.94016328684405,100.0,87.5,100.0,1.3873473917869037,0.3079495005549389,180200.0,1692.4999999999998,0.2345238095238095,-99.0,0.0003465384615384,8.0,0.24,0.0,93.46070747499041,1,0,0,0,0,0,0,0,1
6901028204026,202501,万宝路(硬冰爵2.0),一类烟,0,0.0,13.911450381679305,,87.5,100.0,1.1484823625922886,0.24217756114839845,41075.0,317.4115210843373,0.2345238095238095,-97.484848,0.00281763621607935,8.0,14.61,0.0,41.1974834563511,1,0,0,0,0,0,0,0,1
6901028204026,202505,万宝路(硬冰爵2.0),一类烟,0,0.0,13.911450381679305,,87.5,100.0,1.1555555555555554,0.24217756114839845,41075.0,317.4115210843373,0.2345238095238095,-97.484848,0.00281763621607935,8.0,14.61,0.0,13.911450381679305,1,0,0,0,0,0,0,0,1
6901028204026,202506,万宝路(硬冰爵2.0),一类烟,0,0.0,13.911450381679305,,87.5,100.0,1.1555555555555554,0.24217756114839845,41075.0,317.4115210843373,0.2345238095238095,-97.484848,0.00281763621607935,8.0,14.61,0.0,13.911450381679305,1,0,0,0,0,0,0,0,1
6901028204026,202508,万宝路(硬冰爵2.0),一类烟,0,33.9643253439523,13.911450381679305,0.0,87.5,100.0,1.1555555555555554,0.24217756114839845,41075.0,317.4115210843373,0.2345238095238095,-97.484848,0.00281763621607935,8.0,14.61,0.0,13.911450381679305,1,0,0,0,0,0,0,0,1
6901028204026,202509,万宝路(硬冰爵2.0),一类烟,0,-33.9643253439523,47.875775725631605,100.0,87.5,100.0,1.1555555555555554,0.24217756114839845,41075.0,317.4115210843373,0.2345238095238095,1.0,0.0,8.0,14.61,0.0,13.911450381679305,1,0,0,0,0,0,0,0,1
6901028204026,202510,万宝路(硬冰爵2.0),一类烟,0,0.0,13.911450381679305,,87.5,100.0,1.1555555555555554,0.2664222222222222,56250.0,1779.375,0.2345238095238095,-99.0,0.0002127659574468,4.0,0.47,0.0,47.875775725631605,1,0,0,0,0,0,0,0,1
6901028204026,202511,万宝路(硬冰爵2.0),一类烟,0,36.19599286911618,13.911450381679305,,87.5,100.0,1.1555555555555554,0.24217756114839845,41075.0,317.4115210843373,0.2345238095238095,-97.484848,0.00281763621607935,8.0,14.61,0.0,13.911450381679305,1,0,0,0,0,0,0,0,1
6901028204026,202604,万宝路(硬冰爵2.0),一类烟,0,-18.925598384705076,50.10744325079549,100.0,87.5,100.0,1.1555555555555554,0.24217756114839845,41075.0,317.4115210843373,0.2345238095238095,-97.484848,0.00281763621607935,8.0,14.61,0.0,13.911450381679305,1,0,0,0,0,0,0,0,1
6901028204026,202605,万宝路(硬冰爵2.0),一类烟,0,18.97119424116007,31.181844866090415,100.0,90.0,100.0,1.1555555555555554,0.2664222222222222,56250.0,1172.8125,0.0096153846153846,-99.0,0.0004326923076923,8.0,0.96,0.0,50.10744325079549,1,0,0,0,0,0,0,0,1
6901028204026,202606,万宝路(硬冰爵2.0),一类烟,0,-10.577636835330708,50.153039107250486,100.0,87.5,100.0,1.1555555555555554,0.2664222222222222,56250.0,6316.75,0.2345238095238095,-99.0,0.0001084337349397,8.0,0.24,0.0,31.181844866090415,1,0,0,0,0,0,0,0,1
6901028204835,202501,芙蓉王(硬中支),一类烟,0,1.6405113581619872,64.44459740819056,95.041322,87.5,100.0,1.1484823625922886,0.24217756114839845,41075.0,317.4115210843373,0.2345238095238095,-97.484848,0.00281763621607935,8.0,14.61,0.0,41.1974834563511,1,0,0,0,0,0,0,0,1
6901028204835,202503,芙蓉王(硬中支),一类烟,1,48.837159102596736,8.388239050300362,0.0,100.0,100.0,1.1406844106463878,0.3088973384030418,65750.0,935.9577464788732,0.0721040189125295,-96.706422,0.0066216312056737,8.0,14.61,0.0,66.08510876635255,1,0,0,0,0,0,0,0,1
6901028204835,202504,芙蓉王(硬中支),一类烟,0,7.51651799074304,57.2253981528971,97.560976,98.36,100.0,1.1406844106463878,0.24217756114839845,41075.0,317.4115210843373,0.072189349112426,1.0,0.0,8.0,14.61,0.0,8.388239050300362,1,0,0,0,0,0,0,0,1
6901028204835,202507,芙蓉王(硬中支),一类烟,0,4.113605760019887,61.52958102026701,93.333333,100.0,100.0,1.1406844106463878,0.24217756114839845,41075.0,317.4115210843373,0.0023866348448687,-97.484848,0.00281763621607935,8.0,14.61,0.0,8.388239050300362,1,0,0,0,0,0,0,0,1
6901028204835,202508,芙蓉王(硬中支),一类烟,0,2.133833695941476,65.6431867802869,96.774194,94.74,100.0,1.1406844106463878,0.3089127285895346,65750.0,2175.809523809524,0.0450771055753262,-92.333333,0.0013103202846975,8.0,2.49,0.0,61.52958102026701,1,0,0,0,0,0,0,0,1
6901028204835,202509,芙蓉王(硬中支),一类烟,0,0.6426880202759833,67.77702047622837,98.642534,87.5,100.0,1.1406844106463878,0.3089062103929024,65750.0,1057.0333333333333,0.2345238095238095,-95.774194,0.0018741092636579,10.0,1.78,0.0,65.6431867802869,1,0,0,0,0,0,0,0,1
6901028204835,202510,芙蓉王(硬中支),一类烟,0,-1.756712430227381,68.41970849650436,99.305556,75.0,100.0,1.1406844106463878,0.3089161753933094,65750.0,477.8211009174312,0.2345238095238095,-97.642534,0.0067770685579196,84.0,12.88,0.0,67.77702047622837,1,0,0,0,0,0,0,0,1
6901028204835,202512,芙蓉王(硬中支),一类烟,0,0.0,8.388239050300362,,87.5,100.0,1.1406844106463878,0.3087652591554933,65750.0,764.5657894736843,0.2345238095238095,-95.202532,0.0023542991755005,2.0,4.59,0.0,66.66299606627697,1,0,0,0,0,0,0,0,1
6901028204835,202601,芙蓉王(硬中支),一类烟,0,0.0,8.388239050300362,,87.5,100.0,1.1406844106463878,0.24217756114839845,41075.0,317.4115210843373,0.2345238095238095,-97.484848,0.00281763621607935,8.0,14.61,0.0,8.388239050300362,1,0,0,0,0,0,0,0,1
6901028204835,202602,芙蓉王(硬中支),一类烟,0,0.0,8.388239050300362,,100.0,100.0,1.1406844106463878,0.24217756114839845,41075.0,317.4115210843373,0.0556213017751479,-97.484848,0.00281763621607935,8.0,14.61,0.0,8.388239050300362,1,0,0,0,0,0,0,0,1
6901028204835,202603,芙蓉王(硬中支),一类烟,0,0.0,8.388239050300362,,10.59,100.0,1.1406844106463878,0.24217756114839845,41075.0,317.4115210843373,0.0558194774346793,-97.484848,0.00281763621607935,8.0,14.61,0.0,8.388239050300362,1,0,0,0,0,0,0,0,1
6901028204835,202604,芙蓉王(硬中支),一类烟,0,0.0,8.388239050300362,,65.0,100.0,1.1406844106463878,0.24217756114839845,41075.0,317.4115210843373,0.0238379022646007,-97.484848,0.00281763621607935,8.0,14.61,0.0,8.388239050300362,1,0,0,0,0,0,0,0,1
6901028204835,202605,芙蓉王(硬中支),一类烟,0,0.0,8.388239050300362,,86.13,97.97,1.1406844106463878,0.24217756114839845,41075.0,317.4115210843373,0.203125,-97.484848,0.00281763621607935,8.0,14.61,0.0,8.388239050300362,1,0,0,0,0,0,0,0,1
6901028204835,202606,芙蓉王(硬中支),一类烟,0,0.0,8.388239050300362,0.0,88.64,100.0,1.1406844106463878,0.24217756114839845,41075.0,317.4115210843373,0.053012048192771,-97.484848,0.00281763621607935,8.0,14.61,0.0,8.388239050300362,1,0,0,0,0,0,0,0,1
6901028207089,202501,利群(蓝天),二类烟,0,0.0,0.0,,87.5,100.0,1.1484823625922886,0.24217756114839845,41075.0,317.4115210843373,0.2345238095238095,-97.484848,0.00281763621607935,8.0,14.61,0.0,41.1974834563511,0,0,1,0,0,0,0,0,1
6901028207089,202502,利群(蓝天),二类烟,0,0.0,0.0,,114.79,100.0,1.1180992313067786,0.24217756114839845,41075.0,317.4115210843373,0.5154028436018957,-97.484848,0.00281763621607935,8.0,14.61,0.0,0.0,0,0,1,0,0,0,0,0,1
6901028207089,202503,利群(蓝天),二类烟,0,0.0,0.0,,87.5,100.0,1.1180992313067786,0.24217756114839845,41075.0,317.4115210843373,0.2345238095238095,-97.484848,0.00281763621607935,8.0,14.61,0.0,0.0,0,0,1,0,0,0,0,0,1
6901028207089,202504,利群(蓝天),二类烟,0,0.0,0.0,,87.5,100.0,1.1180992313067786,0.24217756114839845,41075.0,317.4115210843373,0.2345238095238095,-97.484848,0.00281763621607935,8.0,14.61,0.0,0.0,0,0,1,0,0,0,0,0,1
6901028207089,202505,利群(蓝天),二类烟,0,0.0,0.0,,87.5,100.0,1.1180992313067786,0.24217756114839845,41075.0,317.4115210843373,0.2345238095238095,-97.484848,0.00281763621607935,8.0,14.61,0.0,0.0,0,0,1,0,0,0,0,0,1
6901028207089,202506,利群(蓝天),二类烟,0,0.0,0.0,,87.5,100.0,1.1180992313067786,0.24217756114839845,41075.0,317.4115210843373,0.2345238095238095,-97.484848,0.00281763621607935,8.0,14.61,0.0,0.0,0,0,1,0,0,0,0,0,1
6901028207089,202507,利群(蓝天),二类烟,0,0.0,0.0,,87.5,100.0,1.1180992313067786,0.24217756114839845,41075.0,317.4115210843373,0.2345238095238095,-97.484848,0.00281763621607935,8.0,14.61,0.0,0.0,0,0,1,0,0,0,0,0,1
6901028207089,202508,利群(蓝天),二类烟,0,0.0,0.0,,87.5,100.0,1.1180992313067786,0.24217756114839845,41075.0,317.4115210843373,0.2345238095238095,-97.484848,0.00281763621607935,8.0,14.61,0.0,0.0,0,0,1,0,0,0,0,0,1
6901028207089,202509,利群(蓝天),二类烟,0,0.0,0.0,,87.5,100.0,1.1180992313067786,0.24217756114839845,41075.0,317.4115210843373,0.2345238095238095,-97.484848,0.00281763621607935,8.0,14.61,0.0,0.0,0,0,1,0,0,0,0,0,1
6901028207089,202510,利群(蓝天),二类烟,0,0.0,0.0,,87.5,100.0,1.1180992313067786,0.24217756114839845,41075.0,317.4115210843373,0.2345238095238095,-97.484848,0.00281763621607935,8.0,14.61,0.0,0.0,0,0,1,0,0,0,0,0,1
6901028207089,202511,利群(蓝天),二类烟,0,0.0,0.0,,87.5,100.0,1.1180992313067786,0.24217756114839845,41075.0,317.4115210843373,0.2345238095238095,-97.484848,0.00281763621607935,8.0,14.61,0.0,0.0,0,0,1,0,0,0,0,0,1
6901028207508,202501,利群(软红长嘴),一类烟,0,-44.69317558475458,57.670274821395715,98.310811,87.5,100.0,1.1484823625922886,0.24217756114839845,41075.0,317.4115210843373,0.2345238095238095,-97.484848,0.00281763621607935,8.0,14.61,0.0,41.1974834563511,1,0,0,0,0,0,0,0,1
6901028207508,202502,利群(软红长嘴),一类烟,1,44.27102800478814,12.977099236641138,0.0,103.07,100.0,1.1530398322851152,0.2755239739350321,47700.0,15.23024054982818,0.9644549763033176,-97.310811,0.0263141232227488,358.0,51.07,92.58,57.670274821395715,1,0,0,0,0,0,0,0,1
6901028207508,202503,利群(软红长嘴),一类烟,0,0.38285931384213256,57.24812724142928,97.894737,97.27,100.0,1.1530398322851152,0.24217756114839845,41075.0,317.4115210843373,0.2789598108747045,1.0,0.0,8.0,14.61,0.0,12.977099236641138,1,0,0,0,0,0,0,0,1
6901028207508,202504,利群(软红长嘴),一类烟,0,-0.07930301726498357,57.63098655527141,99.585062,92.58,98.64,1.1530398322851152,0.275524109014675,47700.0,134.3978494623656,0.2792899408284023,-96.894737,0.0020999289940828,8.0,5.56,0.0,57.24812724142928,1,0,0,0,0,0,0,0,1
6901028207508,202505,利群(软红长嘴),一类烟,1,0.11864517930023055,57.55168353800643,96.732026,67.78,96.27,1.1530398322851152,0.275524109014675,47700.0,30.3375,0.2298578199052132,-98.585062,0.0108511848341232,1.0,28.67,0.0,57.63098655527141,1,0,0,0,0,0,0,0,1
6901028207508,202506,利群(软红长嘴),一类烟,0,-1.0375340706831082,57.67032871730666,98.941799,84.41,99.1,1.1530398322851152,0.275524109014675,47700.0,51.891891891891895,0.3130952380952381,-95.732026,0.0033617142857142,8.0,8.81,0.0,57.55168353800643,1,0,0,0,0,0,0,0,1
6901028207508,202507,利群(软红长嘴),一类烟,1,-3.0230257587526808,56.63279464662355,90.47619,87.5,100.0,1.1530398322851152,0.275524109014675,47700.0,19.074866310160427,0.2345238095238095,-97.941799,0.0042577088305489,8.0,11.22,0.0,57.67032871730666,1,0,0,0,0,0,0,0,1
6901028207508,202508,利群(软红长嘴),一类烟,0,-40.63266965122973,53.60976888787087,26.666667,82.04,98.3,1.1530398322851152,0.2755130751406818,47700.0,300.44736842105266,0.3368920521945433,-89.47619,0.0008600711743772,8.0,2.25,0.0,56.63279464662355,1,0,0,0,0,0,0,0,1
6901028207508,202509,利群(软红长嘴),一类烟,1,44.60965636920562,12.977099236641138,0.0,85.23,98.68,1.1530398322851152,0.2755110062893082,47700.0,1121.875,0.2090261282660332,-25.666667,0.0001812826603325,8.0,0.48,0.0,53.60976888787087,1,0,0,0,0,0,0,0,1
6901028207508,202510,利群(软红长嘴),一类烟,0,-1.0117808951095384,57.586755605846754,98.484848,73.51,98.39,1.1530398322851152,0.24217756114839845,41075.0,317.4115210843373,0.1950354609929078,1.0,0.0,8.0,14.61,0.0,12.977099236641138,1,0,0,0,0,0,0,0,1
6901028207508,202511,利群(软红长嘴),一类烟,1,0.5779958073527993,56.574974710737216,90.322581,75.0,100.0,1.1530398322851152,0.2754204966940816,47700.0,31.123076923076923,0.0850059031877213,-97.484848,0.005856906729634,4.0,15.35,0.0,57.586755605846754,1,0,0,0,0,0,0,0,1
6901028207508,202512,利群(软红长嘴),一类烟,0,0.4142682484157092,57.152970518090015,96.428571,70.52,98.01,1.1530398322851152,0.275243336328242,47700.0,286.9107142857143,0.2497055359246172,-89.322581,0.00125851590106,8.0,2.36,40.0,56.574974710737216,1,0,0,0,0,0,0,0,1
6901028207508,202601,利群(软红长嘴),一类烟,0,0.005527260227623287,57.567238766505724,96.465696,44.16,97.18,1.1530398322851152,0.2751009395139375,47700.0,114.37037037037038,0.1674528301886792,-95.428571,0.001215,21.0,3.18,0.0,57.152970518090015,1,0,0,0,0,0,0,0,1
6901028207508,202602,利群(软红长嘴),一类烟,0,-2.760993401618684,57.57276602673335,98.697068,78.26,100.0,1.1530398322851152,0.2755234312875009,47700.0,47.59051724137931,0.3088757396449704,-95.465696,0.0104770650887573,83.0,27.46,81.03,57.567238766505724,1,0,0,0,0,0,0,0,1
6901028207508,202603,利群(软红长嘴),一类烟,1,0.7231297241094481,54.81177262511466,96.644295,38.98,100.0,1.1530398322851152,0.275524109014675,47700.0,46.161716171617165,0.4596199524940617,-97.697068,0.006866080760095,4.0,19.95,69.64,57.57276602673335,1,0,0,0,0,0,0,0,1
6901028207508,202604,利群(软红长嘴),一类烟,0,-0.3362749122511417,55.53490234922411,97.959184,61.49,97.75,1.1530398322851152,0.2753566853016538,47700.0,778.4375,0.168057210965435,-95.644295,0.0032747556615017,1.0,8.46,2.82,54.81177262511466,1,0,0,0,0,0,0,0,1
6901028207508,202605,利群(软红长嘴),一类烟,0,0.46542988549356323,55.19862743697297,100.0,45.25,93.23,1.1530398322851152,0.2752180147915211,47700.0,566.8541666666666,0.3401442307692308,-96.959184,0.0033023076923076,8.0,8.77,0.0,55.53490234922411,1,0,0,0,0,0,0,0,1
6901028207508,202606,利群(软红长嘴),一类烟,1,1.2385637338257922,55.66405732246653,95.402299,41.47,94.3,1.1530398322851152,0.2753075918479568,47700.0,667.9672131147541,0.4602409638554217,-99.0,0.0014022650602409,8.0,3.73,0.0,55.19862743697297,1,0,0,0,0,0,0,0,1
6901028207829,202501,利群(休闲),一类烟,0,0.0,7.251908396946538,,87.5,100.0,1.1484823625922886,0.24217756114839845,41075.0,317.4115210843373,0.2345238095238095,-97.484848,0.00281763621607935,8.0,14.61,0.0,41.1974834563511,1,0,0,0,0,0,0,0,1
6901028207829,202502,利群(休闲),一类烟,0,0.0,7.251908396946538,,87.5,100.0,1.1376248612652609,0.24217756114839845,41075.0,317.4115210843373,0.2345238095238095,-97.484848,0.00281763621607935,8.0,14.61,0.0,7.251908396946538,1,0,0,0,0,0,0,0,1
6901028207829,202503,利群(休闲),一类烟,0,0.0,7.251908396946538,,87.5,100.0,1.1376248612652609,0.24217756114839845,41075.0,317.4115210843373,0.2345238095238095,-97.484848,0.00281763621607935,8.0,14.61,0.0,7.251908396946538,1,0,0,0,0,0,0,0,1
6901028207829,202504,利群(休闲),一类烟,0,0.0,7.251908396946538,,87.5,100.0,1.1376248612652609,0.24217756114839845,41075.0,317.4115210843373,0.2345238095238095,-97.484848,0.00281763621607935,8.0,14.61,0.0,7.251908396946538,1,0,0,0,0,0,0,0,1
6901028207829,202505,利群(休闲),一类烟,0,0.0,7.251908396946538,,87.5,100.0,1.1376248612652609,0.24217756114839845,41075.0,317.4115210843373,0.2345238095238095,-97.484848,0.00281763621607935,8.0,14.61,0.0,7.251908396946538,1,0,0,0,0,0,0,0,1
6901028207829,202506,利群(休闲),一类烟,0,0.0,7.251908396946538,,87.5,100.0,1.1376248612652609,0.24217756114839845,41075.0,317.4115210843373,0.2345238095238095,-97.484848,0.00281763621607935,8.0,14.61,0.0,7.251908396946538,1,0,0,0,0,0,0,0,1
6901028207829,202507,利群(休闲),一类烟,0,0.0,7.251908396946538,,87.5,100.0,1.1376248612652609,0.24217756114839845,41075.0,317.4115210843373,0.2345238095238095,-97.484848,0.00281763621607935,8.0,14.61,0.0,7.251908396946538,1,0,0,0,0,0,0,0,1
6901028207829,202508,利群(休闲),一类烟,0,0.0,7.251908396946538,,87.5,100.0,1.1376248612652609,0.24217756114839845,41075.0,317.4115210843373,0.2345238095238095,-97.484848,0.00281763621607935,8.0,14.61,0.0,7.251908396946538,1,0,0,0,0,0,0,0,1
6901028211352,202501,七匹狼(纯境),二类烟,0,-7.102208619949472,39.58526478169686,97.467488,87.5,100.0,1.1484823625922886,0.24217756114839845,41075.0,317.4115210843373,0.2345238095238095,-97.484848,0.00281763621607935,8.0,14.61,0.0,41.1974834563511,0,0,1,0,0,0,0,0,1
6901028211352,202502,七匹狼(纯境),二类烟,1,6.204279376554048,32.483056161747385,88.0,100.0,100.0,1.1180992313067786,0.2424563144340015,35775.0,173.35323033707866,0.0248815165876777,-96.467488,0.0241438862559241,30.0,85.78,93.92,39.58526478169686,0,0,1,0,0,0,0,0,1
6901028211352,202503,七匹狼(纯境),二类烟,0,0.6535985328561438,38.68733553830143,98.696219,87.5,100.0,1.1180992313067786,0.2421326472269868,35775.0,2068.6181818181817,0.2345238095238095,-87.0,0.0018606382978723,8.0,14.61,0.0,32.483056161747385,0,0,1,0,0,0,0,0,1
6901028211352,202504,七匹狼(纯境),二类烟,0,0.40674739484263256,39.34093407115758,98.913043,87.5,100.0,1.1180992313067786,0.2421004239951923,35775.0,378.8137384412153,0.2345238095238095,-97.696219,0.0128197278106508,1.0,44.85,0.0,38.68733553830143,0,0,1,0,0,0,0,0,1
6901028211352,202505,七匹狼(纯境),二类烟,0,-1.6150964679238768,39.74768146600021,99.652605,100.0,100.0,1.1180992313067786,0.2421008900254183,35775.0,201.2175824175824,0.0236966824644549,-97.913043,0.0231435426540284,4.0,81.28,0.0,39.34093407115758,0,0,1,0,0,0,0,0,1
6901028211352,202506,七匹狼(纯境),二类烟,1,1.5300723207540727,38.13258499807633,95.475113,87.5,100.0,1.1180992313067786,0.242103354576105,35775.0,90.93177290836654,0.2345238095238095,-98.652605,0.0342077142857142,47.0,89.52,33.78,39.74768146600021,0,0,1,0,0,0,0,0,1
6901028211352,202507,七匹狼(纯境),二类烟,0,0.012704202194235847,39.662657318830405,99.233716,87.5,100.0,1.1180992313067786,0.2420688147684481,35775.0,526.1658767772512,0.2345238095238095,-94.475113,0.0072062291169451,8.0,25.18,0.0,38.13258499807633,0,0,1,0,0,0,0,0,1
6901028211352,202508,七匹狼(纯境),二类烟,0,-0.05408237537745464,39.67536152102464,98.095238,87.5,100.0,1.1180992313067786,0.2420924068722811,35775.0,112.85392535392536,0.2345238095238095,-98.233716,0.0263792882562277,26.0,91.81,0.52,39.662657318830405,0,0,1,0,0,0,0,0,1
6901028211352,202509,七匹狼(纯境),二类烟,0,-0.11075111465969911,39.621279145647186,98.926895,87.5,100.0,1.1180992313067786,0.2421031371388579,35775.0,110.5646004480956,0.2345238095238095,-97.095238,0.0227566389548693,3.0,78.15,1.98,39.67536152102464,0,0,1,0,0,0,0,0,1
6901028211352,202510,七匹狼(纯境),二类烟,0,-0.0328557294616445,39.51052803098749,98.226467,87.5,100.0,1.1180992313067786,0.2420724632531476,35775.0,121.93762711864406,0.2345238095238095,-97.926895,0.0249494680851063,14.0,79.43,2.08,39.621279145647186,0,0,1,0,0,0,0,0,1
6901028211352,202511,七匹狼(纯境),二类烟,0,-39.47767230152584,39.47767230152584,99.077734,87.5,100.0,1.1180992313067786,0.2421004154049227,35775.0,155.07083333333333,0.2345238095238095,-97.226467,0.0121643447461629,8.0,24.68,72.25,39.51052803098749,0,0,1,0,0,0,0,0,1
6901028211352,202512,七匹狼(纯境),二类烟,1,39.81206228214254,0.0,0.0,87.5,100.0,1.1180992313067786,0.2420926446317855,35775.0,163.15824468085106,0.2345238095238095,-98.077734,0.0126750530035335,4.0,44.41,0.27,39.47767230152584,0,0,1,0,0,0,0,0,1
6901028211352,202601,七匹狼(纯境),二类烟,0,-0.8044236155458933,39.81206228214254,98.596358,87.5,100.0,1.1180992313067786,0.24217756114839845,41075.0,317.4115210843373,0.2345238095238095,1.0,0.0,8.0,14.61,0.0,0.0,0,0,1,0,0,0,0,0,1
6901028211352,202602,七匹狼(纯境),二类烟,0,0.8375067290310625,39.00763866659665,97.557471,87.5,100.0,1.1180992313067786,0.2421162092929899,35775.0,74.82724124663332,0.2345238095238095,-97.596358,0.0440138343195266,15.0,91.95,94.08,39.81206228214254,0,0,1,0,0,0,0,0,1
6901028211352,202603,七匹狼(纯境),二类烟,0,-0.2485319571282787,39.84514539562771,99.709784,87.5,100.0,1.1180992313067786,0.2421283817510232,35775.0,294.7879234167894,0.2345238095238095,-96.557471,0.0115397743467933,8.0,58.08,0.0,39.00763866659665,0,0,1,0,0,0,0,0,1
6901028211352,202604,七匹狼(纯境),二类烟,0,0.24563488964470537,39.59661343849943,99.75,80.0,100.0,1.1180992313067786,0.2421066930500892,35775.0,64.80332640332641,0.0059594755661501,-98.709784,0.0410197258641239,8.0,66.27,81.47,39.84514539562771,0,0,1,0,0,0,0,0,1
6901028211352,202605,七匹狼(纯境),二类烟,0,0.10503606118458464,39.84224832814414,99.593165,80.43,94.74,1.1180992313067786,0.2421051755874662,35775.0,132.18922305764409,0.0829326923076923,-98.75,0.0137252163461538,1.0,44.35,0.0,39.59661343849943,0,0,1,0,0,0,0,0,1
6901028211352,202606,七匹狼(纯境),二类烟,0,-0.41423338933763176,39.94728438932872,98.996236,65.38,97.17,1.1180992313067786,0.2420949173985923,35775.0,64.31372549019608,0.1963855421686747,-98.593165,0.0211029397590361,1.0,50.36,38.28,39.84224832814414,0,0,1,0,0,0,0,0,1
6901028212137,202501,中华(金细支),一类烟,0,-46.32513605103516,69.03505971515727,100.0,87.5,100.0,1.1484823625922886,0.24217756114839845,41075.0,317.4115210843373,0.2345238095238095,-97.484848,0.00281763621607935,8.0,14.61,0.0,41.1974834563511,1,0,0,0,0,0,0,0,1
6901028212137,202506,中华(金细支),一类烟,0,0.0,22.709923664122115,,113.33,100.0,1.179245283018868,0.3088885613207547,169600.0,1430.75,0.0177725118483412,-99.0,0.0006430331753554,4.0,0.47,100.0,69.03505971515727,1,0,0,0,0,0,0,0,1
6901028212137,202508,中华(金细支),一类烟,0,0.0,22.709923664122115,0.0,87.5,100.0,1.179245283018868,0.24217756114839845,41075.0,317.4115210843373,0.2345238095238095,-97.484848,0.00281763621607935,8.0,14.61,0.0,22.709923664122115,1,0,0,0,0,0,0,0,1
6901028212137,202510,中华(金细支),一类烟,0,50.298381108315326,22.709923664122115,,87.5,100.0,1.179245283018868,0.24217756114839845,41075.0,317.4115210843373,0.2345238095238095,1.0,0.0,8.0,14.61,0.0,22.709923664122115,1,0,0,0,0,0,0,0,1
6901028212137,202511,中华(金细支),一类烟,0,-50.298381108315326,73.00830477243744,100.0,92.31,100.0,1.179245283018868,0.24217756114839845,41075.0,317.4115210843373,0.0153482880755608,-97.484848,0.00281763621607935,8.0,14.61,0.0,22.709923664122115,1,0,0,0,0,0,0,0,1
6901028212229,202501,中华(细支),一类烟,0,-49.826480317178806,72.53640398130092,85.0,87.5,100.0,1.1484823625922886,0.24217756114839845,41075.0,317.4115210843373,0.2345238095238095,-97.484848,0.00281763621607935,8.0,14.61,0.0,41.1974834563511,1,0,0,0,0,0,0,0,1
6901028212229,202502,中华(细支),一类烟,1,0.0,22.709923664122115,0.0,98.7,100.0,1.179245283018868,0.3088915094339622,106000.0,479.4117647058823,1.0,-84.0,0.0008540284360189,17.0,2.01,0.0,72.53640398130092,1,0,0,0,0,0,0,0,1
6901028212229,202503,中华(细支),一类烟,0,0.0,22.709923664122115,0.0,99.72,100.0,1.179245283018868,0.24217756114839845,41075.0,317.4115210843373,0.4846335697399527,1.0,0.0,8.0,14.61,0.0,22.709923664122115,1,0,0,0,0,0,0,0,1
6901028212229,202504,中华(细支),一类烟,0,0.0,22.709923664122115,,99.41,99.6,1.179245283018868,0.24217756114839845,41075.0,317.4115210843373,0.6035502958579881,1.0,0.0,8.0,14.61,0.0,22.709923664122115,1,0,0,0,0,0,0,0,1
6901028212229,202505,中华(细支),一类烟,0,0.0,22.709923664122115,0.0,88.76,100.0,1.179245283018868,0.24217756114839845,41075.0,317.4115210843373,0.4218009478672986,-97.484848,0.00281763621607935,8.0,14.61,0.0,22.709923664122115,1,0,0,0,0,0,0,0,1
6901028212229,202507,中华(细支),一类烟,0,0.0,22.709923664122115,,99.66,100.0,1.179245283018868,0.24217756114839845,41075.0,317.4115210843373,0.3523809523809524,1.0,0.0,8.0,14.61,0.0,22.709923664122115,1,0,0,0,0,0,0,0,1
6901028212229,202508,中华(细支),一类烟,0,48.215277278292135,22.709923664122115,0.0,95.9,99.57,1.179245283018868,0.24217756114839845,41075.0,317.4115210843373,0.5788849347568209,-97.484848,0.00281763621607935,8.0,14.61,0.0,22.709923664122115,1,0,0,0,0,0,0,0,1
6901028212229,202510,中华(细支),一类烟,0,1.8180016628033684,70.92520094241425,96.0,100.0,100.0,1.179245283018868,0.24217756114839845,41075.0,317.4115210843373,0.0178147268408551,1.0,0.0,8.0,14.61,0.0,22.709923664122115,1,0,0,0,0,0,0,0,1
6901028212229,202601,中华(细支),一类烟,1,0.5566030676573064,72.74320260521762,92.727273,98.9,100.0,1.179245283018868,0.3088915094339622,106000.0,917.3333333333331,0.3211334120425029,-95.0,0.0012014167650531,12.0,1.42,0.0,70.92520094241425,1,0,0,0,0,0,0,0,1
6901028212229,202602,中华(细支),一类烟,0,-0.4502976754919672,73.29980567287492,100.0,100.0,100.0,1.179245283018868,0.3088239918608953,106000.0,415.8823529411765,0.0023668639053254,-91.727273,0.0025590532544378,7.0,2.25,78.95,72.74320260521762,1,0,0,0,0,0,0,0,1
6901028212229,202603,中华(细支),一类烟,0,-0.23195808362609682,72.84950799738296,100.0,87.5,100.0,1.179245283018868,0.30882404563405,106000.0,264.6046511627908,0.2345238095238095,-99.0,0.0021653206650831,16.0,4.16,2.86,73.29980567287492,1,0,0,0,0,0,0,0,1
6901028212229,202604,中华(细支),一类烟,0,1.2051923416939303,72.61754991375686,100.0,87.5,100.0,1.179245283018868,0.3088237979306147,106000.0,386.9677419354839,0.2345238095238095,-99.0,0.0015666269368295,8.0,1.79,6.67,72.84950799738296,1,0,0,0,0,0,0,0,1
6901028212229,202605,中华(细支),一类烟,0,-1.0260016752038865,73.82274225545079,100.0,87.5,100.0,1.179245283018868,0.3088243831640058,106000.0,450.0769230769231,0.2345238095238095,-99.0,0.001325,2.0,1.68,0.0,72.61754991375686,1,0,0,0,0,0,0,0,1
6901028216166,202501,利群(软蓝),一类烟,0,-1.4223882573374382,41.48751128249397,98.703888,87.5,100.0,1.1484823625922886,0.24217756114839845,41075.0,317.4115210843373,0.2345238095238095,-97.484848,0.00281763621607935,8.0,14.61,0.0,41.1974834563511,1,0,0,0,0,0,0,0,1
6901028216166,202502,利群(软蓝),一类烟,0,0.819361120938801,40.06512302515653,98.418972,87.5,100.0,1.1320754716981132,0.2421383647798742,39750.0,92.13282828282829,0.2345238095238095,-97.703888,0.0373009478672985,323.0,89.22,88.31,41.48751128249397,1,0,0,0,0,0,0,0,1
6901028216166,202503,利群(软蓝),一类烟,0,-1.2461587959173386,40.88448414609533,99.092971,87.5,100.0,1.1320754716981132,0.2421383647798742,39750.0,478.73493975903614,0.2345238095238095,-97.418972,0.0046797872340425,8.0,14.61,0.0,40.06512302515653,1,0,0,0,0,0,0,0,1
6901028216166,202504,利群(软蓝),一类烟,0,0.5838293849392429,39.63832535017799,100.0,87.5,100.0,1.1320754716981132,0.2421383647798742,39750.0,256.0343249427918,0.2345238095238095,-98.092971,0.0082228402366863,8.0,26.04,0.0,40.88448414609533,1,0,0,0,0,0,0,0,1
6901028216166,202505,利群(软蓝),一类烟,0,-35.0313150404608,40.222154735117236,99.55157,87.5,100.0,1.1320754716981132,0.2421383647798742,39750.0,594.7376425855513,0.2345238095238095,-99.0,0.0049546208530805,1.0,15.88,0.0,39.63832535017799,1,0,0,0,0,0,0,0,1
6901028216166,202506,利群(软蓝),一类烟,0,35.247414441466205,5.190839694656439,,87.5,100.0,1.1320754716981132,0.2421383647798742,39750.0,436.05405405405406,0.2345238095238095,-98.55157,0.0084042857142857,8.0,26.55,0.0,40.222154735117236,1,0,0,0,0,0,0,0,1
6901028216166,202507,利群(软蓝),一类烟,0,-0.3955161448899176,40.438254136122644,99.785867,87.5,100.0,1.1320754716981132,0.24217756114839845,41075.0,317.4115210843373,0.2345238095238095,-97.484848,0.00281763621607935,8.0,14.61,0.0,5.190839694656439,1,0,0,0,0,0,0,0,1
6901028216166,202508,利群(软蓝),一类烟,0,0.7107584577935384,40.04273799123273,92.592593,87.5,100.0,1.1320754716981132,0.242134990687505,39750.0,376.9527896995708,0.2345238095238095,-98.785867,0.0087893238434163,2.0,27.88,0.0,40.438254136122644,1,0,0,0,0,0,0,0,1
6901028216166,202509,利群(软蓝),一类烟,0,-1.4682978894743357,40.753496449026265,92.25,87.5,100.0,1.1320754716981132,0.2421368972746331,39750.0,484.66,0.2345238095238095,-91.592593,0.0056650831353919,22.0,17.93,0.0,40.04273799123273,1,0,0,0,0,0,0,0,1
6901028216166,202510,利群(软蓝),一类烟,0,1.89604206604389,39.28519855955193,100.0,87.5,100.0,1.1320754716981132,0.2421277973786027,39750.0,290.49051490514904,0.2345238095238095,-91.25,0.0069351063829787,8.0,21.99,0.0,40.753496449026265,1,0,0,0,0,0,0,0,1
6901028216166,202511,利群(软蓝),一类烟,0,-1.6613851376308872,41.18124062559582,99.006623,87.5,100.0,1.1320754716981132,0.2421267179128814,39750.0,689.4537037037037,0.2345238095238095,-99.0,0.0020273907910271,1.0,6.38,0.0,39.28519855955193,1,0,0,0,0,0,0,0,1
6901028216166,202512,利群(软蓝),一类烟,0,1.4363039650045977,39.51985548796493,100.0,87.5,100.0,1.1320754716981132,0.242117961338634,39750.0,173.16387959866222,0.2345238095238095,-98.006623,0.0055996466431095,1.0,17.79,0.0,41.18124062559582,1,0,0,0,0,0,0,0,1
6901028216166,202601,利群(软蓝),一类烟,0,-1.056414784089462,40.95615945296953,97.78672,87.5,100.0,1.1320754716981132,0.2420539083557951,39750.0,617.7785714285714,0.2345238095238095,-99.0,0.002625,2.0,8.37,0.0,39.51985548796493,1,0,0,0,0,0,0,0,1
6901028216166,202602,利群(软蓝),一类烟,0,-0.41933702663186523,39.89974466888007,98.785425,87.5,100.0,1.1320754716981132,0.2421382353702409,39750.0,236.53909465020573,0.2345238095238095,-96.78672,0.0091448520710059,8.0,23.91,81.68,40.95615945296953,1,0,0,0,0,0,0,0,1
6901028216166,202603,利群(软蓝),一类烟,0,0.5133474952275421,39.4804076422482,100.0,87.5,100.0,1.1320754716981132,0.2421383647798742,39750.0,523.6844262295082,0.2345238095238095,-97.785425,0.0046076009501187,42.0,27.55,0.0,39.89974466888007,1,0,0,0,0,0,0,0,1
6901028216166,202604,利群(软蓝),一类烟,1,0.9046213196211212,39.993755137475745,97.718631,87.5,100.0,1.1320754716981132,0.2421383647798742,39750.0,637.6593406593407,0.2345238095238095,-99.0,0.003449106078665,8.0,10.61,3.37,39.4804076422482,1,0,0,0,0,0,0,0,1
6901028216166,202605,利群(软蓝),一类烟,0,0.4527762950701586,40.898376457096866,98.697917,87.5,100.0,1.1320754716981132,0.2421112008418373,39750.0,495.1867704280156,0.2345238095238095,-96.718631,0.0049114182692307,22.0,15.99,0.0,39.993755137475745,1,0,0,0,0,0,0,0,1
6901028216166,202606,利群(软蓝),一类烟,0,-0.8691363939035099,41.351152752167025,97.043478,87.5,100.0,1.1320754716981132,0.2421096563283052,39750.0,249.14511873350924,0.2345238095238095,-97.697917,0.0072603614457831,31.0,19.04,23.42,40.898376457096866,1,0,0,0,0,0,0,0,1
6901028218153,202501,黄鹤楼(金典中支),一类烟,0,-50.728287331492524,73.43821099561455,92.156863,87.5,100.0,1.1484823625922886,0.24217756114839845,41075.0,317.4115210843373,0.2345238095238095,-97.484848,0.00281763621607935,8.0,14.61,0.0,41.1974834563511,1,0,0,0,0,0,0,0,1
6901028218153,202506,黄鹤楼(金典中支),一类烟,0,0.0,22.70992366412203,,81.83,99.79,1.1792452830188678,0.3089029766418365,95400.0,235.54609929078015,0.7286729857819905,-91.156863,0.0063750710900473,48.0,7.82,50.0,73.43821099561455,1,0,0,0,0,0,0,0,1
6901028218153,202508,黄鹤楼(金典中支),一类烟,0,0.0,22.70992366412203,0.0,87.5,100.0,1.1792452830188678,0.24217756114839845,41075.0,317.4115210843373,0.2345238095238095,-97.484848,0.00281763621607935,8.0,14.61,0.0,22.70992366412203,1,0,0,0,0,0,0,0,1
6901028218153,202509,黄鹤楼(金典中支),一类烟,0,0.0,22.70992366412203,,87.5,100.0,1.1792452830188678,0.24217756114839845,41075.0,317.4115210843373,0.2345238095238095,1.0,0.0,8.0,14.61,0.0,22.70992366412203,1,0,0,0,0,0,0,0,1
6901028218153,202510,黄鹤楼(金典中支),一类烟,0,0.0,22.70992366412203,,100.0,100.0,1.1792452830188678,0.24217756114839845,41075.0,317.4115210843373,0.0200945626477541,-97.484848,0.00281763621607935,8.0,14.61,0.0,22.70992366412203,1,0,0,0,0,0,0,0,1
6901028218153,202601,黄鹤楼(金典中支),一类烟,0,18.19204429991472,22.70992366412203,0.0,87.5,100.0,1.1792452830188678,0.24217756114839845,41075.0,317.4115210843373,0.2345238095238095,-97.484848,0.00281763621607935,8.0,14.61,0.0,22.70992366412203,1,0,0,0,0,0,0,0,1
6901028218153,202602,黄鹤楼(金典中支),一类烟,0,32.81936933044246,40.90196796403675,100.0,87.5,100.0,1.1792452830188678,0.24217756114839845,41075.0,317.4115210843373,0.2345238095238095,1.0,0.0,8.0,14.61,0.0,22.70992366412203,1,0,0,0,0,0,0,0,1
6901028218153,202603,黄鹤楼(金典中支),一类烟,0,0.4224302013379315,73.72133729447921,98.412698,87.5,100.0,1.1792452830188678,0.3089098532494759,95400.0,21375.0,0.2345238095238095,-99.0,9.064133016627078e-05,2.0,0.24,0.0,40.90196796403675,1,0,0,0,0,0,0,0,1
6901028218153,202605,黄鹤楼(金典中支),一类烟,0,0.09153380155294144,74.14376749581714,98.484848,87.5,100.0,1.1792452830188678,0.3089098532494758,95400.0,159.33870967741936,0.2345238095238095,-97.412698,0.0028199284862932,29.0,3.69,0.0,73.72133729447921,1,0,0,0,0,0,0,0,1
6901028218153,202606,黄鹤楼(金典中支),一类烟,0,0.0,74.23530129737009,100.0,87.5,100.0,1.1792452830188678,0.3089098532494759,95400.0,44.52307692307692,0.2345238095238095,-97.484848,0.0029884337349397,21.0,3.98,0.0,74.14376749581714,1,0,0,0,0,0,0,0,1
6901028218184,202501,黄鹤楼(感恩中支),一类烟,0,-1.2080296224677909,57.554558692696844,96.563011,87.5,100.0,1.1484823625922886,0.24217756114839845,41075.0,317.4115210843373,0.2345238095238095,-97.484848,0.00281763621607935,8.0,14.61,0.0,41.1974834563511,1,0,0,0,0,0,0,0,1
6901028218184,202502,黄鹤楼(感恩中支),一类烟,0,0.3543171745026612,56.34652907022905,97.196262,120.26,99.38,1.1555555555555554,0.2755060640301318,56250.0,133.8050847457627,0.8874407582938388,-95.563011,0.0157286729857819,461.0,57.58,6.79,57.554558692696844,1,0,0,0,0,0,0,0,1
6901028218184,202503,黄鹤楼(感恩中支),一类烟,0,-42.789395863052405,56.700846244731714,95.2,98.67,100.0,1.1555555555555554,0.2755111111111111,56250.0,462.6923076923077,0.1004728132387706,-96.196262,0.0027659574468085,8.0,14.61,0.0,56.34652907022905,1,0,0,0,0,0,0,0,1
6901028218184,202504,黄鹤楼(感恩中支),一类烟,0,0.0,13.911450381679305,,109.38,97.56,1.1555555555555554,0.2754890756302521,56250.0,364.00000000000006,0.0473372781065088,-94.2,0.0031686390532544,8.0,7.1,0.0,56.700846244731714,1,0,0,0,0,0,0,0,1
6901028218184,202505,黄鹤楼(感恩中支),一类烟,0,0.0,13.911450381679305,,91.8,99.43,1.1555555555555554,0.24217756114839845,41075.0,317.4115210843373,0.2239336492890995,-97.484848,0.00281763621607935,8.0,14.61,0.0,13.911450381679305,1,0,0,0,0,0,0,0,1
6901028218184,202506,黄鹤楼(感恩中支),一类烟,0,0.0,13.911450381679305,0.0,87.5,100.0,1.1555555555555554,0.24217756114839845,41075.0,317.4115210843373,0.2345238095238095,-97.484848,0.00281763621607935,8.0,14.61,0.0,13.911450381679305,1,0,0,0,0,0,0,0,1
6901028218184,202507,黄鹤楼(感恩中支),一类烟,0,0.0,13.911450381679305,0.0,87.5,100.0,1.1555555555555554,0.24217756114839845,41075.0,317.4115210843373,0.2345238095238095,1.0,0.0,8.0,14.61,0.0,13.911450381679305,1,0,0,0,0,0,0,0,1
6901028218184,202508,黄鹤楼(感恩中支),一类烟,0,42.05505574912466,13.911450381679305,0.0,100.0,100.0,1.1555555555555554,0.24217756114839845,41075.0,317.4115210843373,0.0047449584816132,1.0,0.0,8.0,14.61,0.0,13.911450381679305,1,0,0,0,0,0,0,0,1
6901028218184,202509,黄鹤楼(感恩中支),一类烟,0,-42.05505574912466,55.966506130803964,89.88764,86.36,100.0,1.1555555555555554,0.24217756114839845,41075.0,317.4115210843373,0.0213776722090261,1.0,0.0,8.0,14.61,0.0,13.911450381679305,1,0,0,0,0,0,0,0,1
6901028218184,202512,黄鹤楼(感恩中支),一类烟,0,0.0,13.911450381679305,,200.0,100.0,1.1555555555555554,0.2754511111111111,56250.0,559.475,0.2345238095238095,-88.88764,0.002127659574468,8.0,4.73,0.0,55.966506130803964,1,0,0,0,0,0,0,0,1
6901028218184,202601,黄鹤楼(感恩中支),一类烟,0,0.0,13.911450381679305,0.0,0.0,100.0,1.1555555555555554,0.24217756114839845,41075.0,317.4115210843373,0.0412735849056603,-97.484848,0.00281763621607935,8.0,14.61,0.0,13.911450381679305,1,0,0,0,0,0,0,0,1
6901028218184,202602,黄鹤楼(感恩中支),一类烟,0,0.0,13.911450381679305,,100.92,100.0,1.1555555555555554,0.24217756114839845,41075.0,317.4115210843373,0.936094674556213,1.0,0.0,8.0,14.61,0.0,13.911450381679305,1,0,0,0,0,0,0,0,1
6901028218184,202603,黄鹤楼(感恩中支),一类烟,0,0.0,13.911450381679305,,69.61,100.0,1.1555555555555554,0.24217756114839845,41075.0,317.4115210843373,0.5593824228028503,-97.484848,0.00281763621607935,8.0,14.61,0.0,13.911450381679305,1,0,0,0,0,0,0,0,1
6901028218184,202606,黄鹤楼(感恩中支),一类烟,0,0.0,13.911450381679305,,96.5,99.49,1.1555555555555554,0.24217756114839845,41075.0,317.4115210843373,0.2431466030989273,-97.484848,0.00281763621607935,1.0,0.12,0.0,13.911450381679305,1,0,0,0,0,0,0,0,1
6901028218603,202501,黄鹤楼(硬1916如意),一类烟,0,-1.035750119663092,74.23638124798556,99.292968,87.5,100.0,1.1484823625922886,0.24217756114839845,41075.0,317.4115210843373,0.2345238095238095,-97.484848,0.00281763621607935,8.0,14.61,0.0,41.1974834563511,1,0,0,0,0,0,0,0,1
6901028218603,202502,黄鹤楼(硬1916如意),一类烟,1,0.2086609391639911,73.20063112832247,96.103896,115.64,100.0,1.1792452830188678,0.308932062063627,190800.0,19.71504401864319,0.3364928909952606,-98.292968,0.6984545971563981,730.0,95.02,88.15,74.23638124798556,1,0,0,0,0,0,0,0,1
6901028218603,202503,黄鹤楼(硬1916如意),一类烟,1,0.5768146621973642,73.40929206748646,93.0,87.5,100.0,1.1792452830188678,0.3089344651255029,190800.0,301.22972972972974,0.2345238095238095,-95.103896,0.0133514893617021,8.0,14.61,0.0,73.20063112832247,1,0,0,0,0,0,0,0,1
6901028218603,202505,黄鹤楼(硬1916如意),一类烟,1,0.0,22.70992366412203,0.0,97.5,100.0,1.1792452830188678,0.308859519148859,190800.0,81.91642651296831,0.0473933649289099,-97.579545,0.0313780094786729,8.0,20.62,0.0,73.98610672968383,1,0,0,0,0,0,0,0,1
6901028218603,202506,黄鹤楼(硬1916如意),一类烟,0,36.601624053698735,22.70992366412203,0.0,87.5,100.0,1.1792452830188678,0.24217756114839845,41075.0,317.4115210843373,0.2345238095238095,1.0,0.0,8.0,14.61,0.0,22.70992366412203,1,0,0,0,0,0,0,0,1
6901028218603,202507,黄鹤楼(硬1916如意),一类烟,0,12.089966005187783,59.311547717820766,80.0,87.5,100.0,1.1792452830188678,0.24217756114839845,41075.0,317.4115210843373,0.2345238095238095,1.0,0.0,8.0,14.61,0.0,22.70992366412203,1,0,0,0,0,0,0,0,1
6901028218603,202508,黄鹤楼(硬1916如意),一类烟,0,-5.142696405475306,71.40151372300855,77.55102,87.5,100.0,1.1792452830188678,0.307555359014675,190800.0,3929.0,0.2345238095238095,-79.0,0.0007242704626334,8.0,0.47,0.0,59.311547717820766,1,0,0,0,0,0,0,0,1
6901028218603,202509,黄鹤楼(硬1916如意),一类烟,0,-43.54889365341121,66.25881731753324,88.888889,87.5,100.0,1.1792452830188678,0.3087953768067968,190800.0,777.4473684210526,0.2345238095238095,-76.55102,0.0034443705463182,8.0,1.78,26.67,71.40151372300855,1,0,0,0,0,0,0,0,1
6901028218603,202510,黄鹤楼(硬1916如意),一类烟,1,0.0,22.70992366412203,0.0,87.5,100.0,1.1792452830188678,0.3089327830188679,190800.0,2188.0,0.2345238095238095,-87.888889,0.0007217021276595,8.0,0.83,0.0,66.25881731753324,1,0,0,0,0,0,0,0,1
6901028218603,202511,黄鹤楼(硬1916如意),一类烟,0,0.0,22.70992366412203,0.0,87.5,100.0,1.1792452830188678,0.24217756114839845,41075.0,317.4115210843373,0.2345238095238095,1.0,0.0,8.0,14.61,0.0,22.70992366412203,1,0,0,0,0,0,0,0,1
6901028218603,202601,黄鹤楼(硬1916如意),一类烟,0,-0.5850030403118041,73.8248208485635,98.746269,87.5,100.0,1.1792452830188678,0.24217756114839845,41075.0,317.4115210843373,0.2345238095238095,1.0,0.0,8.0,14.61,0.0,22.70992366412203,1,0,0,0,0,0,0,0,1
6901028218603,202602,黄鹤楼(硬1916如意),一类烟,0,0.39292530512710755,73.2398178082517,99.300699,99.88,100.0,1.1792452830188678,0.3088956573100215,190800.0,129.67261185006046,0.2177514792899408,-97.746269,0.2987769940828402,773.0,93.61,89.13,73.8248208485635,1,0,0,0,0,0,0,0,1
6901028218603,202603,黄鹤楼(硬1916如意),一类烟,0,0.039891471366516384,73.63274311337881,99.280576,98.86,100.0,1.1792452830188678,0.3089200032479995,190800.0,290.57887323943663,0.3135391923990498,-98.300699,0.0643553444180522,8.0,55.34,39.48,73.2398178082517,1,0,0,0,0,0,0,0,1
6901028218603,202604,黄鹤楼(硬1916如意),一类烟,0,0.15596770915342972,73.67263458474532,99.052133,94.74,100.0,1.1792452830188678,0.3089246887627989,190800.0,183.78260869565216,0.0190703218116805,-98.280576,0.0502129201430274,8.0,23.36,40.82,73.63274311337881,1,0,0,0,0,0,0,0,1
6901028218603,202605,黄鹤楼(硬1916如意),一类烟,0,-0.6377987740861215,73.82860229389875,99.54023,89.63,98.48,1.1792452830188678,0.3089347108121934,190800.0,172.94019138755982,0.0889423076923077,-98.052133,0.0383434615384615,8.0,18.27,27.63,73.67263458474532,1,0,0,0,0,0,0,0,1
6901028218603,202606,黄鹤楼(硬1916如意),一类烟,0,-1.3773512818176812,73.19080351981263,99.04963,87.5,100.0,1.1792452830188678,0.308935695576181,190800.0,130.54849884526558,0.2345238095238095,-98.54023,0.0796302650602409,8.0,29.76,72.47,73.82860229389875,1,0,0,0,0,0,0,0,1
6901028218634,202501,黄鹤楼(硬1916红爆),一类烟,0,0.10834275847231822,99.89165724152768,97.189483,87.5,100.0,1.1484823625922886,0.24217756114839845,41075.0,317.4115210843373,0.2345238095238095,-97.484848,0.00281763621607935,8.0,14.61,0.0,41.1974834563511,1,0,0,0,0,0,0,0,1
6901028218634,202502,黄鹤楼(硬1916红爆),一类烟,1,0.0,100.0,0.0,94.03,100.0,1.3873473917869037,0.3089024736196928,180200.0,47.92723880597015,0.4170616113744075,-96.189483,0.0915518483412322,356.0,42.18,45.79,99.89165724152768,1,0,0,0,0,0,0,0,1
6901028218634,202503,黄鹤楼(硬1916红爆),一类烟,0,-0.6144224114519403,100.0,0.0,99.1,100.0,1.3873473917869037,0.24217756114839845,41075.0,317.4115210843373,0.1312056737588652,1.0,0.0,8.0,14.61,0.0,100.0,1,0,0,0,0,0,0,0,1
6901028218634,202504,黄鹤楼(硬1916红爆),一类烟,0,0.6144224114519403,99.38557758854806,95.121951,94.57,98.37,1.3873473917869037,0.24217756114839845,41075.0,317.4115210843373,0.1526627218934911,1.0,0.0,8.0,14.61,0.0,100.0,1,0,0,0,0,0,0,0,1
6901028218634,202505,黄鹤楼(硬1916红爆),一类烟,1,0.0,100.0,0.0,87.5,100.0,1.3873473917869037,0.308899833518313,180200.0,185.1923076923077,0.2345238095238095,-94.121951,0.0066614218009478,8.0,4.62,0.0,99.38557758854806,1,0,0,0,0,0,0,0,1
6901028218634,202506,黄鹤楼(硬1916红爆),一类烟,0,0.0,100.0,0.0,100.0,100.0,1.3873473917869037,0.24217756114839845,41075.0,317.4115210843373,0.025,1.0,0.0,8.0,14.61,0.0,100.0,1,0,0,0,0,0,0,0,1
6901028218634,202507,黄鹤楼(硬1916红爆),一类烟,0,0.0,100.0,0.0,98.15,100.0,1.3873473917869037,0.24217756114839845,41075.0,317.4115210843373,0.0644391408114558,1.0,0.0,8.0,14.61,0.0,100.0,1,0,0,0,0,0,0,0,1
6901028218634,202508,黄鹤楼(硬1916红爆),一类烟,0,0.0,100.0,0.0,97.0,100.0,1.3873473917869037,0.24217756114839845,41075.0,317.4115210843373,0.1186239620403321,1.0,0.0,8.0,14.61,0.0,100.0,1,0,0,0,0,0,0,0,1
6901028218634,202509,黄鹤楼(硬1916红爆),一类烟,0,0.0,100.0,0.0,87.5,100.0,1.3873473917869037,0.24217756114839845,41075.0,317.4115210843373,0.2345238095238095,1.0,0.0,8.0,14.61,0.0,100.0,1,0,0,0,0,0,0,0,1
6901028218634,202510,黄鹤楼(硬1916红爆),一类烟,0,0.0,100.0,0.0,87.5,100.0,1.3873473917869037,0.24217756114839845,41075.0,317.4115210843373,0.2345238095238095,1.0,0.0,8.0,14.61,0.0,100.0,1,0,0,0,0,0,0,0,1
6901028218634,202511,黄鹤楼(硬1916红爆),一类烟,0,0.0,100.0,0.0,87.5,100.0,1.3873473917869037,0.24217756114839845,41075.0,317.4115210843373,0.2345238095238095,1.0,0.0,8.0,14.61,0.0,100.0,1,0,0,0,0,0,0,0,1
6901028218634,202512,黄鹤楼(硬1916红爆),一类烟,0,-0.5916494887907504,100.0,0.0,87.5,100.0,1.3873473917869037,0.24217756114839845,41075.0,317.4115210843373,0.2345238095238095,1.0,0.0,8.0,14.61,0.0,100.0,1,0,0,0,0,0,0,0,1
6901028218634,202601,黄鹤楼(硬1916红爆),一类烟,0,-0.7970281524223424,99.40835051120925,98.086124,87.5,100.0,1.3873473917869037,0.24217756114839845,41075.0,317.4115210843373,0.2345238095238095,1.0,0.0,8.0,14.61,0.0,100.0,1,0,0,0,0,0,0,0,1
6901028218634,202602,黄鹤楼(硬1916红爆),一类烟,0,-3.1811618222658495,98.61132235878691,98.863636,87.5,100.0,1.3873473917869037,0.3088934889418261,180200.0,178.31463414634146,0.2345238095238095,-97.086124,0.0699474556213017,183.0,21.66,67.21,99.40835051120925,1,0,0,0,0,0,0,0,1
6901028218634,202603,黄鹤楼(硬1916红爆),一类烟,1,4.190185655695416,95.43016053652106,90.0,76.2,100.0,1.3873473917869037,0.3088995411654143,180200.0,395.6015325670498,0.6888361045130641,-97.863636,0.0223430878859857,231.0,31.0,0.0,98.61132235878691,1,0,0,0,0,0,0,0,1
6901028218634,202604,黄鹤楼(硬1916红爆),一类烟,0,0.37965380778352653,99.62034619221647,98.657718,80.77,96.88,1.3873473917869037,0.3088925114070786,180200.0,1259.4722222222224,0.1394517282479142,-89.0,0.0030928247914183,8.0,1.79,0.0,95.43016053652106,1,0,0,0,0,0,0,0,1
6901028218634,202605,黄鹤楼(硬1916红爆),一类烟,1,-9.821835812657213,100.0,0.0,87.5,100.0,1.3873473917869037,0.3088996919522526,180200.0,121.36734693877553,0.2345238095238095,-97.657718,0.0127352884615384,2.0,7.93,0.0,99.62034619221647,1,0,0,0,0,0,0,0,1
6901028218634,202606,黄鹤楼(硬1916红爆),一类烟,0,9.233101703517576,90.17816418734279,61.538462,94.57,93.02,1.3873473917869037,0.24217756114839845,41075.0,317.4115210843373,0.053012048192771,1.0,0.0,8.0,14.61,0.0,100.0,1,0,0,0,0,0,0,0,1
6901028218757,202501,黄鹤楼(硬蓝),一类烟,0,-0.5063581176472312,55.727387926348,97.928994,87.5,100.0,1.1484823625922886,0.24217756114839845,41075.0,317.4115210843373,0.2345238095238095,-97.484848,0.00281763621607935,8.0,14.61,0.0,41.1974834563511,1,0,0,0,0,0,0,0,1
6901028218757,202502,黄鹤楼(硬蓝),一类烟,0,0.3999670103044082,55.22102980870077,98.214286,87.5,100.0,1.1428571428571428,0.2755426845058265,43750.0,207.1087613293051,0.2345238095238095,-96.928994,0.0068631516587677,298.0,39.22,0.0,55.727387926348,1,0,0,0,0,0,0,0,1
6901028218757,202503,黄鹤楼(硬蓝),一类烟,0,-46.425795074185174,55.62099681900518,99.591837,92.23,100.0,1.1428571428571428,0.2755428571428571,43750.0,344.75454545454545,0.9278959810874704,-97.214286,0.0022754137115839,8.0,14.61,0.0,55.22102980870077,1,0,0,0,0,0,0,0,1
6901028218757,202504,黄鹤楼(硬蓝),一类烟,0,42.46694715938243,9.19520174482,,92.2,99.04,1.1428571428571428,0.2755145199063232,43750.0,232.97131147540983,0.5313609467455621,-98.591837,0.0050532544378698,8.0,14.56,0.0,55.62099681900518,1,0,0,0,0,0,0,0,1
6901028218757,202505,黄鹤楼(硬蓝),一类烟,0,2.2486295190683876,51.66214890420243,89.361702,87.5,100.0,1.1428571428571428,0.24217756114839845,41075.0,317.4115210843373,0.2345238095238095,-97.484848,0.00281763621607935,8.0,14.61,0.0,9.19520174482,1,0,0,0,0,0,0,0,1
6901028218757,202506,黄鹤楼(硬蓝),一类烟,0,1.4180264391759252,53.91077842327082,99.065421,95.21,99.28,1.1428571428571428,0.2755142857142857,43750.0,1308.9523809523807,0.3476190476190476,-88.361702,0.000875,8.0,2.5,0.0,51.66214890420243,1,0,0,0,0,0,0,0,1
6901028218757,202507,黄鹤楼(硬蓝),一类烟,0,-46.13360311762675,55.328804862446745,97.979798,88.15,99.55,1.1428571428571428,0.2754522911051212,43750.0,691.0566037735849,0.2971360381861575,-98.065421,0.0022136038186157,8.0,6.32,0.0,53.91077842327082,1,0,0,0,0,0,0,0,1
6901028218757,202508,黄鹤楼(硬蓝),一类烟,1,0.0,9.19520174482,0.0,100.0,100.0,1.1428571428571428,0.2754986745213549,43750.0,310.6701030927835,0.0889679715302491,-96.979798,0.0040272835112692,8.0,11.51,0.0,55.328804862446745,1,0,0,0,0,0,0,0,1
6901028218757,202509,黄鹤楼(硬蓝),一类烟,0,0.0,9.19520174482,,87.5,100.0,1.1428571428571428,0.24217756114839845,41075.0,317.4115210843373,0.2345238095238095,1.0,0.0,8.0,14.61,0.0,9.19520174482,1,0,0,0,0,0,0,0,1
6901028218757,202510,黄鹤楼(硬蓝),一类烟,0,0.0,9.19520174482,,78.84,99.16,1.1428571428571428,0.24217756114839845,41075.0,317.4115210843373,0.4574468085106383,-97.484848,0.00281763621607935,8.0,14.61,0.0,9.19520174482,1,0,0,0,0,0,0,0,1
6901028218757,202511,黄鹤楼(硬蓝),一类烟,0,0.0,9.19520174482,,100.0,100.0,1.1428571428571428,0.24217756114839845,41075.0,317.4115210843373,0.0224321133412042,-97.484848,0.00281763621607935,8.0,14.61,0.0,9.19520174482,1,0,0,0,0,0,0,0,1
6901028218757,202512,黄鹤楼(硬蓝),一类烟,0,0.0,9.19520174482,,87.5,100.0,1.1428571428571428,0.24217756114839845,41075.0,317.4115210843373,0.2345238095238095,-97.484848,0.00281763621607935,8.0,14.61,0.0,9.19520174482,1,0,0,0,0,0,0,0,1
6901028218757,202601,黄鹤楼(硬蓝),一类烟,0,46.832062649779914,9.19520174482,,87.5,100.0,1.1428571428571428,0.24217756114839845,41075.0,317.4115210843373,0.2345238095238095,-97.484848,0.00281763621607935,8.0,14.61,0.0,9.19520174482,1,0,0,0,0,0,0,0,1
6901028218757,202602,黄鹤楼(硬蓝),一类烟,0,-1.1136662311828616,56.02726439459992,99.430199,100.0,100.0,1.1428571428571428,0.24217756114839845,41075.0,317.4115210843373,0.0331360946745562,-97.484848,0.00281763621607935,8.0,14.61,0.0,9.19520174482,1,0,0,0,0,0,0,0,1
6901028218757,202603,黄鹤楼(硬蓝),一类烟,0,-1.1307241827278958,54.913598163417056,100.0,87.5,100.0,1.1428571428571428,0.275530822758903,43750.0,124.3166189111748,0.2345238095238095,-98.430199,0.0145071258907363,448.0,53.21,16.29,56.02726439459992,1,0,0,0,0,0,0,0,1
6901028218757,202605,黄鹤楼(硬蓝),一类烟,0,-30.699030711119317,53.78287398068916,100.0,100.0,100.0,1.1428571428571428,0.2755147392290249,43750.0,425.2645502645503,0.00119189511323,-99.0,0.0039421930870083,1.0,11.44,0.0,54.913598163417056,1,0,0,0,0,0,0,0,1
6901028218757,202606,黄鹤楼(硬蓝),一类烟,0,32.503687034047445,23.083843269569844,100.0,87.5,100.0,1.1428571428571428,0.2755165845648604,43750.0,732.7931034482759,0.2345238095238095,-99.0,0.0018343373493975,1.0,5.18,0.0,53.78287398068916,1,0,0,0,0,0,0,0,1
6901028218788,202503,黄鹤楼(1916中支),一类烟,0,0.0,30.418320610686955,,87.5,100.0,1.1484823625922886,0.24217756114839845,41075.0,317.4115210843373,0.2345238095238095,-97.484848,0.00281763621607935,8.0,14.61,0.0,41.1974834563511,1,0,0,0,0,0,0,0,1
6901028218788,202504,黄鹤楼(1916中支),一类烟,0,0.0,30.418320610686955,,87.5,100.0,1.2,0.24217756114839845,41075.0,317.4115210843373,0.2345238095238095,-97.484848,0.00281763621607935,8.0,14.61,0.0,30.418320610686955,1,0,0,0,0,0,0,0,1
6901028218788,202505,黄鹤楼(1916中支),一类烟,0,0.0,30.418320610686955,,87.5,100.0,1.2,0.24217756114839845,41075.0,317.4115210843373,0.2345238095238095,-97.484848,0.00281763621607935,8.0,14.61,0.0,30.418320610686955,1,0,0,0,0,0,0,0,1
6901028218788,202508,黄鹤楼(1916中支),一类烟,0,0.0,30.418320610686955,,87.5,100.0,1.2,0.24217756114839845,41075.0,317.4115210843373,0.2345238095238095,-97.484848,0.00281763621607935,8.0,14.61,0.0,30.418320610686955,1,0,0,0,0,0,0,0,1
6901028218788,202510,黄鹤楼(1916中支),一类烟,0,0.0,30.418320610686955,,87.5,100.0,1.2,0.24217756114839845,41075.0,317.4115210843373,0.2345238095238095,-97.484848,0.00281763621607935,8.0,14.61,0.0,30.418320610686955,1,0,0,0,0,0,0,0,1
6901028218900,202601,黄鹤楼(3mg),一类烟,0,-12.554549772062572,73.56368118346528,96.774194,87.5,100.0,1.1484823625922886,0.24217756114839845,41075.0,317.4115210843373,0.2345238095238095,-97.484848,0.00281763621607935,8.0,14.61,0.0,41.1974834563511,1,0,0,0,0,0,0,0,1
6901028218900,202603,黄鹤楼(3mg),一类烟,0,13.047433330864465,61.009131411402706,100.0,83.33,98.74,1.179245283018868,0.3088915094339622,106000.0,200.2,0.9822485207100592,-95.774194,0.0030106508875739,28.0,3.31,53.57,73.56368118346528,1,0,0,0,0,0,0,0,1
6901028218900,202604,黄鹤楼(3mg),一类烟,0,-1.1203718991076244,74.05656474226717,100.0,68.76,98.7,1.179245283018868,0.3088915094339622,106000.0,3612.5,0.6305125148986889,-99.0,0.0001010727056019,8.0,0.12,0.0,61.009131411402706,1,0,0,0,0,0,0,0,1
6901028218900,202605,黄鹤楼(3mg),一类烟,0,-0.30790343288968813,72.93619284315955,100.0,69.65,96.3,1.179245283018868,0.3088915094339622,106000.0,66.23529411764704,0.171875,-99.0,0.0017326923076923,8.0,0.96,75.0,74.05656474226717,1,0,0,0,0,0,0,0,1
6901028218900,202606,黄鹤楼(3mg),一类烟,0,-0.26911848465911703,72.62828941026986,100.0,54.05,95.28,1.179245283018868,0.3088915094339622,106000.0,370.75,0.5036144578313253,-99.0,0.0004086746987951,8.0,0.24,100.0,72.93619284315955,1,0,0,0,0,0,0,0,1
6901028219174,202501,黄鹤楼(硬奇景),一类烟,0,-0.7087701107529938,70.5339453882029,99.110641,87.5,100.0,1.1484823625922886,0.24217756114839845,41075.0,317.4115210843373,0.2345238095238095,-97.484848,0.00281763621607935,8.0,14.61,0.0,41.1974834563511,1,0,0,0,0,0,0,0,1
6901028219174,202502,黄鹤楼(硬奇景),一类烟,0,-0.4362426934388566,69.8251752774499,98.779134,87.5,100.0,1.2578616352201255,0.2755228089600526,59625.0,50.34771926076274,0.2345238095238095,-98.110641,0.2645258886255924,136.0,94.43,96.61,70.5339453882029,1,0,0,0,0,0,0,0,1
6901028219174,202503,黄鹤楼(硬奇景),一类烟,0,-17.48053563744633,69.38893258401104,98.220641,100.0,100.0,1.2578616352201255,0.2755138152780722,59625.0,242.01460674157303,0.0472813238770685,-97.779134,0.0250904255319148,8.0,14.61,0.0,69.8251752774499,1,0,0,0,0,0,0,0,1
6901028219174,202504,黄鹤楼(硬奇景),一类烟,1,16.362763286117662,51.908396946564714,0.0,87.5,100.0,1.2578616352201255,0.2755136268343816,59625.0,360.5640096618358,0.2345238095238095,-97.220641,0.0233701775147929,8.0,49.23,0.0,69.38893258401104,1,0,0,0,0,0,0,0,1
6901028219174,202505,黄鹤楼(硬奇景),一类烟,0,0.6614129245760267,68.27116023268238,98.756661,100.0,100.0,1.2578616352201255,0.24217756114839845,41075.0,317.4115210843373,0.0248815165876777,1.0,0.0,8.0,14.61,0.0,51.908396946564714,1,0,0,0,0,0,0,0,1
6901028219174,202506,黄鹤楼(硬奇景),一类烟,0,-5.9994951677526345,68.9325731572584,99.097065,87.5,100.0,1.2578616352201255,0.2748637316561845,59625.0,593.8938848920862,0.2345238095238095,-97.756661,0.0157864285714285,8.0,33.21,0.0,68.27116023268238,1,0,0,0,0,0,0,0,1
6901028219174,202507,黄鹤楼(硬奇景),一类烟,1,-11.024681042941054,62.93307798950577,95.541401,87.5,100.0,1.2578616352201255,0.2752482056131001,59625.0,455.81776765375855,0.2345238095238095,-98.097065,0.0124942124105011,1.0,26.25,0.0,68.9325731572584,1,0,0,0,0,0,0,0,1
6901028219174,202508,黄鹤楼(硬奇景),一类烟,1,17.91999865017413,51.908396946564714,0.0,87.5,100.0,1.2578616352201255,0.2754616352201258,59625.0,2109.6133333333337,0.2345238095238095,-94.541401,0.0042437722419928,8.0,8.9,0.0,62.93307798950577,1,0,0,0,0,0,0,0,1
6901028219174,202509,黄鹤楼(硬奇景),一类烟,0,-14.294448180968416,69.82839559673884,99.477534,87.5,100.0,1.2578616352201255,0.24217756114839845,41075.0,317.4115210843373,0.2345238095238095,1.0,0.0,8.0,14.61,0.0,51.908396946564714,1,0,0,0,0,0,0,0,1
6901028219174,202510,黄鹤楼(硬奇景),一类烟,1,-3.625550469205713,55.53394741577043,86.363636,100.0,100.0,1.2578616352201255,0.2755134506632842,59625.0,241.0997899159664,0.2345238095238095,-98.477534,0.0268382978723404,35.0,56.5,0.42,69.82839559673884,1,0,0,0,0,0,0,0,1
6901028219174,202511,黄鹤楼(硬奇景),一类烟,0,0.0,51.908396946564714,,100.0,100.0,1.2578616352201255,0.2754750082754055,59625.0,4122.131578947368,0.0047225501770956,-85.363636,0.0010700118063754,8.0,2.24,0.0,55.53394741577043,1,0,0,0,0,0,0,0,1
6901028219174,202512,黄鹤楼(硬奇景),一类烟,0,18.42270526615713,51.908396946564714,,87.5,100.0,1.2578616352201255,0.24217756114839845,41075.0,317.4115210843373,0.2345238095238095,-97.484848,0.00281763621607935,8.0,14.61,0.0,51.908396946564714,1,0,0,0,0,0,0,0,1
6901028219174,202601,黄鹤楼(硬奇景),一类烟,0,-1.0513949862318412,70.33110221272185,98.873239,0.0,100.0,1.2578616352201255,0.24217756114839845,41075.0,317.4115210843373,0.0188679245283018,-97.484848,0.00281763621607935,8.0,14.61,0.0,51.908396946564714,1,0,0,0,0,0,0,0,1
6901028219174,202602,黄鹤楼(硬奇景),一类烟,1,-0.1545676787656447,69.27970722649,96.421471,92.51,99.58,1.2578616352201255,0.2755166514361483,59625.0,104.81230769230768,0.6863905325443787,-97.873239,0.2476730769230769,252.0,84.5,89.78,70.33110221272185,1,0,0,0,0,0,0,0,1
6901028219174,202603,黄鹤楼(硬奇景),一类烟,0,-2.384332516516835,69.12513954772436,99.804114,100.0,100.0,1.2578616352201255,0.2755154423047829,59625.0,390.4481099656357,0.004750593824228,-95.421471,0.0412134798099762,6.0,49.88,80.24,69.27970722649,1,0,0,0,0,0,0,0,1
6901028219174,202604,黄鹤楼(硬奇景),一类烟,0,2.185235108207536,66.74080703120752,99.376947,100.0,100.0,1.2578616352201255,0.2755106642554566,59625.0,431.9411187438666,0.0226460071513706,-98.804114,0.0289668057210965,3.0,46.01,32.64,69.12513954772436,1,0,0,0,0,0,0,0,1
6901028219174,202605,黄鹤楼(硬奇景),一类烟,0,-0.7460209827594042,68.92604213941506,99.491525,98.39,100.0,1.2578616352201255,0.2755129696443945,59625.0,1080.2476489028213,0.0576923076923076,-98.376947,0.0091444110576923,8.0,12.98,37.96,66.74080703120752,1,0,0,0,0,0,0,0,1
6901028219174,202606,黄鹤楼(硬奇景),一类烟,0,1.2079573575261975,68.18002115665566,99.41691,93.33,100.0,1.2578616352201255,0.2755134839767285,59625.0,486.3611584327088,0.0903614457831325,-98.491525,0.0168674096385542,1.0,28.07,28.76,68.92604213941506,1,0,0,0,0,0,0,0,1
6901028219839,202501,黄鹤楼(硬祝福),一类烟,0,0.0,28.25393757851,,87.5,100.0,1.1484823625922886,0.24217756114839845,41075.0,317.4115210843373,0.2345238095238095,-97.484848,0.00281763621607935,8.0,14.61,0.0,41.1974834563511,1,0,0,0,0,0,0,0,1
6901028219839,202502,黄鹤楼(硬祝福),一类烟,0,0.0,28.25393757851,,105.44,99.65,1.1941724385001196,0.24217756114839845,41075.0,317.4115210843373,0.3222748815165877,-97.484848,0.00281763621607935,8.0,14.61,0.0,28.25393757851,1,0,0,0,0,0,0,0,1
6901028219839,202503,黄鹤楼(硬祝福),一类烟,0,0.0,28.25393757851,,87.5,100.0,1.1941724385001196,0.24217756114839845,41075.0,317.4115210843373,0.2345238095238095,-97.484848,0.00281763621607935,8.0,14.61,0.0,28.25393757851,1,0,0,0,0,0,0,0,1
6901028219839,202504,黄鹤楼(硬祝福),一类烟,0,0.0,28.25393757851,,87.5,100.0,1.1941724385001196,0.24217756114839845,41075.0,317.4115210843373,0.2345238095238095,-97.484848,0.00281763621607935,8.0,14.61,0.0,28.25393757851,1,0,0,0,0,0,0,0,1
6901028219839,202505,黄鹤楼(硬祝福),一类烟,0,0.0,28.25393757851,,87.5,100.0,1.1941724385001196,0.24217756114839845,41075.0,317.4115210843373,0.2345238095238095,-97.484848,0.00281763621607935,8.0,14.61,0.0,28.25393757851,1,0,0,0,0,0,0,0,1
6901028219839,202506,黄鹤楼(硬祝福),一类烟,0,0.0,28.25393757851,,87.5,100.0,1.1941724385001196,0.24217756114839845,41075.0,317.4115210843373,0.2345238095238095,-97.484848,0.00281763621607935,8.0,14.61,0.0,28.25393757851,1,0,0,0,0,0,0,0,1
6901028219839,202507,黄鹤楼(硬祝福),一类烟,0,0.0,28.25393757851,,87.5,100.0,1.1941724385001196,0.24217756114839845,41075.0,317.4115210843373,0.2345238095238095,-97.484848,0.00281763621607935,8.0,14.61,0.0,28.25393757851,1,0,0,0,0,0,0,0,1
6901028219839,202508,黄鹤楼(硬祝福),一类烟,0,0.0,28.25393757851,,87.5,100.0,1.1941724385001196,0.24217756114839845,41075.0,317.4115210843373,0.2345238095238095,-97.484848,0.00281763621607935,8.0,14.61,0.0,28.25393757851,1,0,0,0,0,0,0,0,1
6901028219839,202509,黄鹤楼(硬祝福),一类烟,0,0.0,28.25393757851,,87.5,100.0,1.1941724385001196,0.24217756114839845,41075.0,317.4115210843373,0.2345238095238095,-97.484848,0.00281763621607935,8.0,14.61,0.0,28.25393757851,1,0,0,0,0,0,0,0,1
6901028219839,202510,黄鹤楼(硬祝福),一类烟,0,0.0,28.25393757851,,87.5,100.0,1.1941724385001196,0.24217756114839845,41075.0,317.4115210843373,0.2345238095238095,-97.484848,0.00281763621607935,8.0,14.61,0.0,28.25393757851,1,0,0,0,0,0,0,0,1
6901028219839,202511,黄鹤楼(硬祝福),一类烟,0,0.0,28.25393757851,,87.5,100.0,1.1941724385001196,0.24217756114839845,41075.0,317.4115210843373,0.2345238095238095,-97.484848,0.00281763621607935,8.0,14.61,0.0,28.25393757851,1,0,0,0,0,0,0,0,1
6901028221351,202501,贵烟(新贵),三类烟,0,-1.6114406905735734,46.585776695498836,97.183099,87.5,100.0,1.1484823625922886,0.24217756114839845,41075.0,317.4115210843373,0.2345238095238095,-97.484848,0.00281763621607935,8.0,14.61,0.0,41.1974834563511,0,1,0,0,0,0,0,1,0
6901028221351,202502,贵烟(新贵),三类烟,0,-30.699505664429857,44.97433600492526,98.701299,78.74,100.0,1.179245283018868,0.2421498620329629,23320.0,294.8985507246377,0.580568720379147,-96.183099,0.0038129857819905,315.0,39.93,0.0,46.585776695498836,0,1,0,0,0,0,0,1,0
6901028221351,202503,贵烟(新贵),三类烟,1,24.944840118809587,14.274830340495406,80.0,69.69,100.0,1.179245283018868,0.2421740994854202,23320.0,735.5131578947369,0.9739952718676124,-97.701299,0.0016759527186761,8.0,14.61,0.0,44.97433600492526,0,1,0,0,0,0,0,1,0
6901028221351,202504,贵烟(新贵),三类烟,0,6.501659379607432,39.21967045930499,95.454545,100.0,100.0,1.179245283018868,0.2421740994854202,23320.0,13740.125,0.0236686390532544,-79.0,8.831242603550296e-05,8.0,0.47,0.0,14.274830340495406,0,1,0,0,0,0,0,1,0
6901028221351,202505,贵烟(新贵),三类烟,0,-12.69553020192258,45.721329838912425,98.214286,79.56,98.51,1.179245283018868,0.2421740994854202,23320.0,2299.619047619048,0.2985781990521327,-94.454545,0.0004641895734597,8.0,2.49,0.0,39.21967045930499,0,1,0,0,0,0,0,1,0
6901028221351,202506,贵烟(新贵),三类烟,0,11.953325292109248,33.025799636989845,100.0,87.5,100.0,1.179245283018868,0.2421740994854202,23320.0,532.4818181818182,0.1333333333333333,-97.214286,0.0012215238095238,8.0,6.55,0.0,45.721329838912425,0,1,0,0,0,0,0,1,0
6901028221351,202507,贵烟(新贵),三类烟,0,-22.269201264976978,44.97912492909909,98.113208,87.5,100.0,1.179245283018868,0.2421740994854202,23320.0,3983.1,0.2345238095238095,-99.0,0.0002226252983293,2.0,1.19,0.0,33.025799636989845,0,1,0,0,0,0,0,1,0
6901028221351,202508,贵烟(新贵),三类烟,1,0.0,22.709923664122115,0.0,100.0,100.0,1.179245283018868,0.2421740994854202,23320.0,734.2115384615385,0.0450771055753262,-97.113208,0.001726177935943,22.0,9.25,0.0,44.97912492909909,0,1,0,0,0,0,0,1,0
6901028221351,202509,贵烟(新贵),三类烟,0,0.0,22.709923664122115,,92.06,100.0,1.179245283018868,0.24217756114839845,41075.0,317.4115210843373,0.0890736342042755,1.0,0.0,8.0,14.61,0.0,22.709923664122115,0,1,0,0,0,0,0,1,0
6901028221351,202510,贵烟(新贵),三类烟,0,0.0,22.709923664122115,,90.67,100.0,1.179245283018868,0.24217756114839845,41075.0,317.4115210843373,0.0425531914893617,-97.484848,0.00281763621607935,8.0,14.61,0.0,22.709923664122115,0,1,0,0,0,0,0,1,0
6901028221351,202511,贵烟(新贵),三类烟,0,0.0,22.709923664122115,,69.73,97.38,1.179245283018868,0.24217756114839845,41075.0,317.4115210843373,0.3766233766233766,-97.484848,0.00281763621607935,8.0,14.61,0.0,22.709923664122115,0,1,0,0,0,0,0,1,0
6901028221351,202512,贵烟(新贵),三类烟,0,0.0,22.709923664122115,,68.38,97.87,1.179245283018868,0.24217756114839845,41075.0,317.4115210843373,0.0800942285041225,-97.484848,0.00281763621607935,8.0,14.61,0.0,22.709923664122115,0,1,0,0,0,0,0,1,0
6901028221351,202601,贵烟(新贵),三类烟,0,0.0,22.709923664122115,,48.96,100.0,1.179245283018868,0.24217756114839845,41075.0,317.4115210843373,0.1851415094339622,-97.484848,0.00281763621607935,8.0,14.61,0.0,22.709923664122115,0,1,0,0,0,0,0,1,0
6901028221351,202602,贵烟(新贵),三类烟,0,0.0,22.709923664122115,,78.46,100.0,1.179245283018868,0.24217756114839845,41075.0,317.4115210843373,0.4118343195266272,-97.484848,0.00281763621607935,8.0,14.61,0.0,22.709923664122115,0,1,0,0,0,0,0,1,0
6901028221351,202603,贵烟(新贵),三类烟,0,0.0,22.709923664122115,,87.5,100.0,1.179245283018868,0.24217756114839845,41075.0,317.4115210843373,0.2345238095238095,-97.484848,0.00281763621607935,8.0,14.61,0.0,22.709923664122115,0,1,0,0,0,0,0,1,0
6901028221351,202604,贵烟(新贵),三类烟,0,0.0,22.709923664122115,,87.5,100.0,1.179245283018868,0.24217756114839845,41075.0,317.4115210843373,0.2345238095238095,-97.484848,0.00281763621607935,8.0,14.61,0.0,22.709923664122115,0,1,0,0,0,0,0,1,0
6901028221351,202605,贵烟(新贵),三类烟,0,0.0,22.709923664122115,,87.5,100.0,1.179245283018868,0.24217756114839845,41075.0,317.4115210843373,0.2345238095238095,-97.484848,0.00281763621607935,8.0,14.61,0.0,22.709923664122115,0,1,0,0,0,0,0,1,0
6901028221351,202606,贵烟(新贵),三类烟,0,0.0,22.709923664122115,,87.5,100.0,1.179245283018868,0.24217756114839845,41075.0,317.4115210843373,0.2345238095238095,-97.484848,0.00281763621607935,8.0,14.61,0.0,22.709923664122115,0,1,0,0,0,0,0,1,0
6901028221450,202501,贵烟(跨越),一类烟,0,-0.31313869438157127,55.67794275003644,99.077734,87.5,100.0,1.1484823625922886,0.24217756114839845,41075.0,317.4115210843373,0.2345238095238095,-97.484848,0.00281763621607935,8.0,14.61,0.0,41.1974834563511,1,0,0,0,0,0,0,0,1
6901028221450,202502,贵烟(跨越),一类烟,0,-22.459947192007128,55.36480405565487,98.927614,100.0,100.0,1.1420059582919562,0.2755212184918337,50350.0,189.5784574468085,0.0047393364928909,-98.077734,0.017944644549763,39.0,47.51,86.28,55.67794275003644,1,0,0,0,0,0,0,0,1
6901028221450,202503,贵烟(跨越),一类烟,1,21.942781368752073,32.904856863647744,86.956522,87.5,100.0,1.1420059582919562,0.2754461318198087,50350.0,266.54607046070464,0.2345238095238095,-97.927614,0.0175689361702127,8.0,14.61,0.0,55.36480405565487,1,0,0,0,0,0,0,0,1
6901028221450,202504,贵烟(跨越),一类烟,0,-1.303287000196761,54.84763823239982,99.503722,87.5,100.0,1.1420059582919562,0.2755027308838133,50350.0,6377.25,0.2345238095238095,-85.956522,0.000953372781065,8.0,2.37,0.0,32.904856863647744,1,0,0,0,0,0,0,0,1
6901028221450,202505,贵烟(跨越),一类烟,0,-44.66528333344863,53.544351232203056,99.492386,100.0,100.0,1.1420059582919562,0.2755083492856736,50350.0,413.857855361596,0.0047393364928909,-98.503722,0.0095688862559241,1.0,23.93,0.0,54.84763823239982,1,0,0,0,0,0,0,0,1
6901028221450,202506,贵烟(跨越),一类烟,1,40.2578809298724,8.879067898754428,0.0,100.0,100.0,1.1420059582919562,0.275516283971384,50350.0,768.9489795918367,0.0047619047619047,-98.492386,0.0046993333333333,8.0,11.67,0.0,53.544351232203056,1,0,0,0,0,0,0,0,1
6901028221450,202507,贵烟(跨越),一类烟,0,5.458475586734146,49.13694882862683,96.202532,87.5,100.0,1.1420059582919562,0.24217756114839845,41075.0,317.4115210843373,0.2345238095238095,1.0,0.0,8.0,14.61,0.0,8.879067898754428,1,0,0,0,0,0,0,0,1
6901028221450,202508,贵烟(跨越),一类烟,0,-0.8702568854431547,54.595424415360974,98.723404,87.5,100.0,1.1420059582919562,0.2755213505461767,50350.0,1967.421052631579,0.2345238095238095,-95.202532,0.0018157058125741,8.0,4.51,0.0,49.13694882862683,1,0,0,0,0,0,0,0,1
6901028221450,202509,贵烟(跨越),一类烟,0,1.730626458383007,53.72516752991782,98.550725,87.5,100.0,1.1420059582919562,0.2755213505461767,50350.0,483.8189655172413,0.2345238095238095,-97.723404,0.0055492636579572,8.0,8.55,61.11,54.595424415360974,1,0,0,0,0,0,0,0,1
6901028221450,202510,贵烟(跨越),一类烟,0,-6.126561615866002,55.455793988300826,100.0,94.0,100.0,1.1420059582919562,0.2755213505461767,50350.0,720.3529411764706,0.0425531914893617,-97.550725,0.0032376359338061,8.0,7.21,11.48,53.72516752991782,1,0,0,0,0,0,0,0,1
6901028221450,202511,贵烟(跨越),一类烟,0,4.294887394650665,49.329232372434824,98.93617,79.63,100.0,1.1420059582919562,0.2755213505461767,50350.0,249.9723404255319,0.0590318772136954,-99.0,0.0111756788665879,50.0,27.04,3.93,55.455793988300826,1,0,0,0,0,0,0,0,1
6901028221450,202512,贵烟(跨越),一类烟,0,1.9418775289338726,53.62411976708549,100.0,87.5,100.0,1.1420059582919562,0.2754925201012269,50350.0,1912.032258064516,0.2345238095238095,-97.93617,0.0022061484098939,2.0,5.54,0.0,49.329232372434824,1,0,0,0,0,0,0,0,1
6901028221450,202601,贵烟(跨越),一类烟,0,-1.7735291381674685,55.56599729601936,98.686371,87.5,100.0,1.1420059582919562,0.2754598905224404,50350.0,741.1524390243902,0.2345238095238095,-99.0,0.003895,20.0,9.67,0.0,53.62411976708549,1,0,0,0,0,0,0,0,1
6901028221450,202602,贵烟(跨越),一类烟,0,-0.21549365186410085,53.79246815785189,99.619772,85.11,100.0,1.1420059582919562,0.2754999529086742,50350.0,217.69883527454243,0.0556213017751479,-97.686371,0.0143244260355029,28.0,29.59,46.8,55.56599729601936,1,0,0,0,0,0,0,0,1
6901028221450,202603,贵烟(跨越),一类烟,0,1.3906647140060429,53.57697450598779,98.576512,46.67,100.0,1.1420059582919562,0.2755179393103239,50350.0,701.6908396946565,0.0178147268408551,-98.619772,0.0062668408551068,35.0,31.12,0.0,53.79246815785189,1,0,0,0,0,0,0,0,1
6901028221450,202604,贵烟(跨越),一类烟,0,0.684165115318649,54.967639219993835,99.193548,90.0,100.0,1.1420059582919562,0.2755204542928741,50350.0,760.5342960288808,0.0226460071513706,-97.576512,0.0066493206197854,4.0,15.38,9.3,53.57697450598779,1,0,0,0,0,0,0,0,1
6901028221450,202605,贵烟(跨越),一类烟,0,-0.3358506131886756,55.651804335312484,98.960302,90.91,100.0,1.1420059582919562,0.275500601480692,50350.0,380.4016260162602,0.0264423076923076,-98.193548,0.0148871394230769,20.0,24.4,55.67,54.967639219993835,1,0,0,0,0,0,0,0,1
6901028221450,202606,贵烟(跨越),一类烟,0,-3.58953187757772,55.31595372212381,97.945205,75.56,92.0,1.1420059582919562,0.2754976862061083,50350.0,194.1308500477555,0.0409638554216867,-97.960302,0.0254055180722891,62.0,30.48,54.55,55.651804335312484,1,0,0,0,0,0,0,0,1
6901028224079,202501,金圣(滕王阁·紫光),二类烟,0,0.9137871629758081,44.110236808410264,98.709677,87.5,100.0,1.1484823625922886,0.24217756114839845,41075.0,317.4115210843373,0.2345238095238095,-97.484848,0.00281763621607935,8.0,14.61,0.0,41.1974834563511,0,0,1,0,0,0,0,0,1
6901028224079,202502,金圣(滕王阁·紫光),二类烟,0,-1.7088053991664012,45.02402397138607,99.115044,87.5,100.0,1.160092807424594,0.2420719409186721,32325.0,314.8333333333333,0.2345238095238095,-97.709677,0.0046878909952606,234.0,36.26,0.0,44.110236808410264,0,0,1,0,0,0,0,0,1
6901028224079,202504,金圣(滕王阁·紫光),二类烟,0,1.4311937181703698,43.31521857221967,99.065421,95.5,100.0,1.160092807424594,0.2420723922464061,32325.0,66.51686507936509,0.1312056737588652,-98.115044,0.0154059574468085,8.0,14.61,0.0,45.02402397138607,0,0,1,0,0,0,0,0,1
6901028224079,202505,金圣(滕王阁·紫光),二类烟,0,-0.14952834874814158,44.74641229039004,99.832776,67.62,97.84,1.160092807424594,0.2421113689095127,32325.0,535.1933962264151,0.7227488151658767,-98.065421,0.0032478199052132,8.0,12.56,0.0,43.31521857221967,0,0,1,0,0,0,0,0,1
6901028224079,202506,金圣(滕王阁·紫光),二类烟,0,-9.964465295419636,44.5968839416419,100.0,89.43,96.84,1.160092807424594,0.242111304136045,32325.0,146.19095477386935,0.2083333333333333,-98.832776,0.0091895357142857,8.0,35.6,0.0,44.74641229039004,0,0,1,0,0,0,0,0,1
6901028224079,202507,金圣(滕王阁·紫光),二类烟,0,9.799524260406429,34.63241864622226,96.153846,90.3,98.25,1.160092807424594,0.2421111552644285,32325.0,186.81629834254144,0.0751789976133651,-99.0,0.0111710262529832,8.0,43.44,0.0,44.5968839416419,0,0,1,0,0,0,0,0,1
6901028224079,202508,金圣(滕王阁·紫光),二类烟,0,0.6560033136874921,44.43194290662869,94.906621,84.57,98.55,1.160092807424594,0.2421113689095127,32325.0,2895.16,0.096085409252669,-95.153846,0.0007669039145907,8.0,2.97,0.0,34.63241864622226,0,0,1,0,0,0,0,0,1
6901028224079,202509,金圣(滕王阁·紫光),二类烟,0,-0.9793328441433218,45.087946220316184,99.101955,76.32,100.0,1.160092807424594,0.2421111613794935,32325.0,231.6475849731664,0.0890736342042755,-93.906621,0.0085841686460807,2.0,32.54,2.55,44.43194290662869,0,0,1,0,0,0,0,0,1
6901028224079,202510,金圣(滕王阁·紫光),二类烟,0,-1.9944753645336348,44.10861337617286,100.0,70.23,100.0,1.160092807424594,0.2421110803292123,32325.0,53.33848614072495,0.0981087470449172,-98.101955,0.0286721985815602,101.0,63.36,0.0,45.087946220316184,0,0,1,0,0,0,0,0,1
6901028224079,202511,金圣(滕王阁·紫光),二类烟,0,1.5776108885866478,42.11413801163923,98.120301,52.4,97.08,1.160092807424594,0.2421112154580832,32325.0,319.5337301587301,0.8370720188902007,-99.0,0.0076938842975206,8.0,29.87,0.0,44.10861337617286,0,0,1,0,0,0,0,0,1
6901028224079,202512,金圣(滕王阁·紫光),二类烟,0,0.644340537610276,43.691748900225875,99.24812,38.05,94.78,1.160092807424594,0.2421073685894871,32325.0,861.2107279693487,0.8080094228504122,-97.120301,0.0039749469964664,1.0,13.43,14.91,42.11413801163923,0,0,1,0,0,0,0,0,1
6901028224079,202601,金圣(滕王阁·紫光),二类烟,0,-0.40086208039515725,44.33608943783615,98.878505,32.0,97.81,1.160092807424594,0.2421081464294921,32325.0,432.5037878787879,0.4775943396226415,-98.24812,0.0040253773584905,6.0,15.92,0.0,43.691748900225875,0,0,1,0,0,0,0,0,1
6901028224079,202602,金圣(滕王阁·紫光),二类烟,0,-2.8809643723172655,43.93522735744099,98.947368,44.23,98.21,1.160092807424594,0.2420862957001273,32325.0,255.0037807183365,0.9964497041420118,-97.878505,0.0080946390532544,37.0,43.79,3.78,44.33608943783615,0,0,1,0,0,0,0,0,1
6901028224079,202603,金圣(滕王阁·紫光),二类烟,0,2.537039660294667,41.05426298512373,100.0,31.27,100.0,1.160092807424594,0.2420681739645554,32325.0,361.9920212765958,1.0,-97.947368,0.0057739667458432,7.0,31.59,35.71,43.93522735744099,0,0,1,0,0,0,0,0,1
6901028224079,202604,金圣(滕王阁·紫光),二类烟,0,0.9768246291667566,43.591302645418395,99.39577,51.52,100.0,1.160092807424594,0.2421039891842746,32325.0,1148.9160305343512,0.0393325387365911,-99.0,0.0020188676996424,8.0,7.39,8.06,41.05426298512373,0,0,1,0,0,0,0,0,1
6901028224079,202605,金圣(滕王阁·紫光),二类烟,0,-0.5072509164920618,44.56812727458515,99.57204,30.28,88.0,1.160092807424594,0.2421072551052311,32325.0,459.70820668693005,0.4651442307692308,-98.39577,0.0051129447115384,3.0,20.43,0.0,43.591302645418395,0,0,1,0,0,0,0,0,1
6901028224079,202606,金圣(滕王阁·紫光),二类烟,0,-1.4961367496927878,44.06087635809309,98.9449,21.66,92.44,1.160092807424594,0.2421089312741963,32325.0,194.39111747851004,0.9963855421686748,-98.57204,0.0108736626506024,32.0,30.84,41.8,44.56812727458515,0,0,1,0,0,0,0,0,1
6901028224642,202501,金圣(青瓷),一类烟,0,-2.7676316635809144,42.12229564097793,98.908098,87.5,100.0,1.1484823625922886,0.24217756114839845,41075.0,317.4115210843373,0.2345238095238095,-97.484848,0.00281763621607935,8.0,14.61,0.0,41.1974834563511,1,0,0,0,0,0,0,0,1
6901028224642,202502,金圣(青瓷),一类烟,0,-0.7018228042085681,39.35466397739702,98.148148,87.5,100.0,1.139240506329114,0.2420886658204557,39500.0,155.30634774609018,0.2345238095238095,-97.908098,0.0203490521327014,38.0,74.41,59.39,42.12229564097793,1,0,0,0,0,0,0,0,1
6901028224642,202503,金圣(青瓷),一类烟,0,3.4977994845902813,38.65284117318845,97.674419,87.5,100.0,1.139240506329114,0.2420880105087174,39500.0,907.4716981132076,0.2345238095238095,-97.148148,0.0019796690307328,8.0,14.61,0.0,39.35466397739702,1,0,0,0,0,0,0,0,1
6901028224642,202504,金圣(青瓷),一类烟,0,-1.1072553758856145,42.15064065777873,99.878935,18.32,95.92,1.139240506329114,0.242120253164557,39500.0,1101.7222222222222,0.3100591715976331,-96.674419,0.0023559763313609,8.0,7.46,0.0,38.65284117318845,1,0,0,0,0,0,0,0,1
6901028224642,202505,金圣(青瓷),一类烟,0,-3.415523158210789,41.043385281893116,99.142857,87.5,100.0,1.139240506329114,0.242119907940161,39500.0,150.99030303030304,0.2345238095238095,-98.878935,0.0154443127962085,21.0,49.41,0.0,42.15064065777873,1,0,0,0,0,0,0,0,1
6901028224642,202506,金圣(青瓷),一类烟,0,4.0985209518572105,37.62786212368233,99.180328,87.5,100.0,1.139240506329114,0.242119797176522,39500.0,451.9279538904899,0.2345238095238095,-98.142857,0.0065269047619047,8.0,18.81,11.39,41.043385281893116,1,0,0,0,0,0,0,0,1
6901028224642,202507,金圣(青瓷),一类烟,0,-0.4766836091048674,41.72638307553954,97.546012,87.5,100.0,1.139240506329114,0.2421199916309237,39500.0,1380.280991735537,0.2345238095238095,-98.180328,0.00228138424821,8.0,6.8,7.02,37.62786212368233,1,0,0,0,0,0,0,0,1
6901028224642,202508,金圣(青瓷),一类烟,0,-0.758932411270834,41.24969946643467,96.666667,2.04,87.5,1.139240506329114,0.2421160735610222,39500.0,265.8867924528302,0.4199288256227758,-96.546012,0.0029800711743772,8.0,8.19,15.94,41.72638307553954,1,0,0,0,0,0,0,0,1
6901028224642,202509,金圣(青瓷),一类烟,0,1.7233332312328855,40.490767055163836,97.354497,0.0,100.0,1.139240506329114,0.242118616324749,39500.0,395.7241379310345,0.3076009501187648,-95.666667,0.0021767220902612,8.0,6.89,0.0,41.24969946643467,1,0,0,0,0,0,0,0,1
6901028224642,202510,金圣(青瓷),一类烟,0,-0.949389735396359,42.21410028639672,99.198932,87.5,100.0,1.139240506329114,0.2421195652173913,39500.0,602.1032608695652,0.2345238095238095,-96.354497,0.0034364066193853,2.0,7.57,43.75,40.490767055163836,1,0,0,0,0,0,0,0,1
6901028224642,202511,金圣(青瓷),一类烟,0,-0.7697496623080013,41.26471055100036,99.428571,87.5,100.0,1.139240506329114,0.2421194439238802,39500.0,133.69179004037684,0.2345238095238095,-98.198932,0.0138599763872491,81.0,44.51,0.0,42.21410028639672,1,0,0,0,0,0,0,0,1
6901028224642,202512,金圣(青瓷),一类烟,0,1.8343293435181067,40.49496088869236,98.905109,87.5,100.0,1.139240506329114,0.2421192831854115,39500.0,391.7164750957854,0.2345238095238095,-98.428571,0.0097144876325088,65.0,31.57,0.0,41.26471055100036,1,0,0,0,0,0,0,0,1
6901028224642,202601,金圣(青瓷),一类烟,0,-0.8159310054632058,42.32929023221047,99.652778,0.0,100.0,1.139240506329114,0.2421199028445981,39500.0,601.0,0.1415094339622641,-97.905109,0.0050492924528301,11.0,16.16,0.0,40.49496088869236,1,0,0,0,0,0,0,0,1
6901028224642,202602,金圣(青瓷),一类烟,0,-15.044468522414082,41.51335922674726,99.842767,87.5,100.0,1.139240506329114,0.2421084864943198,39500.0,101.1951219512195,0.2345238095238095,-98.652778,0.0375647337278106,114.0,59.41,76.89,42.32929023221047,1,0,0,0,0,0,0,0,1
6901028224642,202603,金圣(青瓷),一类烟,0,14.417857727428032,26.46889070433318,100.0,29.73,100.0,1.139240506329114,0.2420885079238513,39500.0,320.7968503937008,0.0225653206650831,-98.842767,0.0119156769596199,18.0,45.25,66.67,41.51335922674726,1,0,0,0,0,0,0,0,1
6901028224642,202604,金圣(青瓷),一类烟,0,0.7717875356478459,40.88674843176121,98.32636,34.72,91.67,1.139240506329114,0.2421202531645569,39500.0,4413.294117647059,0.0417163289630512,-99.0,0.0006402860548271,8.0,2.03,0.0,26.46889070433318,1,0,0,0,0,0,0,0,1
6901028224642,202605,金圣(青瓷),一类烟,0,-1.3972059167596598,41.65853596740906,99.264706,52.27,91.67,1.139240506329114,0.2421182332345812,39500.0,494.33191489361707,0.0264423076923076,-97.32636,0.0044627403846153,6.0,15.02,0.0,40.88674843176121,1,0,0,0,0,0,0,0,1
6901028224642,202606,金圣(青瓷),一类烟,0,0.21298243739703082,40.2613300506494,98.233996,23.31,85.37,1.139240506329114,0.2421187685575871,39500.0,284.61975308641973,0.1963855421686747,-98.264706,0.0077096385542168,7.0,20.72,23.26,41.65853596740906,1,0,0,0,0,0,0,0,1
6901028225113,202501,黄山(金皖烟),一类烟,0,0.0,3.9929536112741646,,87.5,100.0,1.1484823625922886,0.24217756114839845,41075.0,317.4115210843373,0.2345238095238095,-97.484848,0.00281763621607935,8.0,14.61,0.0,41.1974834563511,1,0,0,0,0,0,0,0,1
6901028225113,202502,黄山(金皖烟),一类烟,0,0.0,3.9929536112741646,,85.29,99.08,1.128850185453959,0.24217756114839845,41075.0,317.4115210843373,1.0,-97.484848,0.00281763621607935,8.0,14.61,0.0,3.9929536112741646,1,0,0,0,0,0,0,0,1
6901028225113,202503,黄山(金皖烟),一类烟,0,0.0,3.9929536112741646,,87.5,100.0,1.128850185453959,0.24217756114839845,41075.0,317.4115210843373,0.2345238095238095,-97.484848,0.00281763621607935,8.0,14.61,0.0,3.9929536112741646,1,0,0,0,0,0,0,0,1
6901028225113,202504,黄山(金皖烟),一类烟,0,0.0,3.9929536112741646,,87.5,100.0,1.128850185453959,0.24217756114839845,41075.0,317.4115210843373,0.2345238095238095,-97.484848,0.00281763621607935,8.0,14.61,0.0,3.9929536112741646,1,0,0,0,0,0,0,0,1
6901028225113,202505,黄山(金皖烟),一类烟,0,0.0,3.9929536112741646,,87.5,100.0,1.128850185453959,0.24217756114839845,41075.0,317.4115210843373,0.2345238095238095,-97.484848,0.00281763621607935,8.0,14.61,0.0,3.9929536112741646,1,0,0,0,0,0,0,0,1
6901028225113,202506,黄山(金皖烟),一类烟,0,0.0,3.9929536112741646,,87.5,100.0,1.128850185453959,0.24217756114839845,41075.0,317.4115210843373,0.2345238095238095,-97.484848,0.00281763621607935,8.0,14.61,0.0,3.9929536112741646,1,0,0,0,0,0,0,0,1
6901028225113,202507,黄山(金皖烟),一类烟,0,0.0,3.9929536112741646,,87.5,100.0,1.128850185453959,0.24217756114839845,41075.0,317.4115210843373,0.2345238095238095,-97.484848,0.00281763621607935,8.0,14.61,0.0,3.9929536112741646,1,0,0,0,0,0,0,0,1
6901028225113,202508,黄山(金皖烟),一类烟,0,0.0,3.9929536112741646,,87.5,100.0,1.128850185453959,0.24217756114839845,41075.0,317.4115210843373,0.2345238095238095,-97.484848,0.00281763621607935,8.0,14.61,0.0,3.9929536112741646,1,0,0,0,0,0,0,0,1
6901028225113,202509,黄山(金皖烟),一类烟,0,0.0,3.9929536112741646,,87.5,100.0,1.128850185453959,0.24217756114839845,41075.0,317.4115210843373,0.2345238095238095,-97.484848,0.00281763621607935,8.0,14.61,0.0,3.9929536112741646,1,0,0,0,0,0,0,0,1
6901028225113,202510,黄山(金皖烟),一类烟,0,0.0,3.9929536112741646,,87.5,100.0,1.128850185453959,0.24217756114839845,41075.0,317.4115210843373,0.2345238095238095,-97.484848,0.00281763621607935,8.0,14.61,0.0,3.9929536112741646,1,0,0,0,0,0,0,0,1
6901028225113,202511,黄山(金皖烟),一类烟,0,0.0,3.9929536112741646,,87.5,100.0,1.128850185453959,0.24217756114839845,41075.0,317.4115210843373,0.2345238095238095,-97.484848,0.00281763621607935,8.0,14.61,0.0,3.9929536112741646,1,0,0,0,0,0,0,0,1
6901028225175,202501,黄山(新制皖烟),二类烟,0,-2.2604233310571544,43.418553284936465,98.769932,87.5,100.0,1.1484823625922886,0.24217756114839845,41075.0,317.4115210843373,0.2345238095238095,-97.484848,0.00281763621607935,8.0,14.61,0.0,41.1974834563511,0,0,1,0,0,0,0,0,1
6901028225175,202502,黄山(新制皖烟),二类烟,0,1.9958009251858257,41.15812995387931,99.014778,87.5,100.0,1.1484823625922886,0.2421382764894097,30475.0,119.34547970479704,0.2345238095238095,-97.769932,0.0313127014218009,27.0,90.28,85.17,43.418553284936465,0,0,1,0,0,0,0,0,1
6901028225175,202503,黄山(新制皖烟),二类烟,0,0.21485071665353672,43.153930879065136,99.373041,87.5,100.0,1.1484823625922886,0.242165505532224,30475.0,736.6766169154229,0.2345238095238095,-98.014778,0.0057924113475177,8.0,14.61,0.0,41.15812995387931,0,0,1,0,0,0,0,0,1
6901028225175,202504,黄山(新制皖烟),二类烟,0,-0.3301427113049158,43.36878159571867,99.659864,87.5,100.0,1.1484823625922886,0.2421250158505057,30475.0,189.83123028391165,0.2345238095238095,-98.373041,0.0182922130177514,6.0,75.74,0.0,43.153930879065136,0,0,1,0,0,0,0,0,1
6901028225175,202505,黄山(新制皖烟),二类烟,0,-0.7858251597123598,43.03863888441376,99.344262,87.5,100.0,1.1484823625922886,0.2421249256883568,30475.0,131.42548350398178,0.2345238095238095,-98.659864,0.0253910189573459,8.0,78.55,33.48,43.36878159571867,0,0,1,0,0,0,0,0,1
6901028225175,202506,黄山(新制皖烟),二类烟,0,-9.246248103344413,42.2528137247014,98.257081,87.5,100.0,1.1484823625922886,0.2421248954263761,30475.0,221.1542904290429,0.2345238095238095,-98.344262,0.0175884285714285,5.0,72.5,0.0,43.03863888441376,0,0,1,0,0,0,0,0,1
6901028225175,202507,黄山(新制皖烟),二类烟,0,10.268512854666952,33.006565621356984,96.551724,87.5,100.0,1.1484823625922886,0.2421058662820202,30475.0,432.6762749445677,0.2345238095238095,-97.257081,0.0065604892601431,8.0,26.97,0.0,42.2528137247014,0,0,1,0,0,0,0,0,1
6901028225175,202508,黄山(新制皖烟),二类烟,0,0.2368962716930838,43.275078476023936,99.517141,87.5,100.0,1.1484823625922886,0.242123227469823,30475.0,2947.6696428571427,0.2345238095238095,-95.551724,0.0016195492289442,8.0,6.64,0.0,33.006565621356984,0,0,1,0,0,0,0,0,1
6901028225175,202509,黄山(新制皖烟),二类烟,0,-1.3739537121145062,43.51197474771702,99.289268,87.5,100.0,1.1484823625922886,0.2421237171916911,30475.0,156.76273653566233,0.2345238095238095,-98.517141,0.0298379928741092,32.0,79.33,55.09,43.275078476023936,0,0,1,0,0,0,0,0,1
6901028225175,202510,黄山(新制皖烟),二类烟,0,1.0307392059175697,42.13802103560251,98.498498,87.5,100.0,1.1484823625922886,0.2421172640540523,30475.0,91.67501789549031,0.2345238095238095,-98.289268,0.0402586997635933,27.0,77.42,41.68,43.51197474771702,0,0,1,0,0,0,0,0,1
6901028225175,202511,黄山(新制皖烟),二类烟,0,0.16793644995988188,43.16876024152008,99.293564,87.5,100.0,1.1484823625922886,0.2421179395346045,30475.0,465.185975609756,0.2345238095238095,-97.498498,0.0094411334120425,1.0,35.18,10.74,42.13802103560251,0,0,1,0,0,0,0,0,1
6901028225175,202512,黄山(新制皖烟),二类烟,0,0.20230964415630837,43.336696691479965,99.425287,87.5,100.0,1.1484823625922886,0.242080886620602,30475.0,181.01501976284587,0.2345238095238095,-98.293564,0.0181629564193168,9.0,69.02,8.53,43.16876024152008,0,0,1,0,0,0,0,0,1
6901028225175,202601,黄山(新制皖烟),二类烟,0,-0.7761249055412591,43.53900633563627,99.29605,87.5,100.0,1.1484823625922886,0.2420457401357125,30475.0,131.55876685934487,0.2345238095238095,-98.425287,0.0074606249999999,4.0,30.9,0.0,43.336696691479965,0,0,1,0,0,0,0,0,1
6901028225175,202602,黄山(新制皖烟),二类烟,0,0.30664879288810454,42.762881430095014,99.224806,87.5,100.0,1.1484823625922886,0.2421394417715306,30475.0,86.73296573454115,0.2345238095238095,-98.29605,0.0366277041420118,27.0,80.12,86.26,43.53900633563627,0,0,1,0,0,0,0,0,1
6901028225175,202603,黄山(新制皖烟),二类烟,0,-0.06418585132456656,43.06953022298312,100.0,87.5,100.0,1.1484823625922886,0.2421621846800656,30475.0,300.14843749999994,0.2345238095238095,-98.224806,0.0037062232779097,8.0,30.4,0.0,42.762881430095014,0,0,1,0,0,0,0,0,1
6901028225175,202604,黄山(新制皖烟),二类烟,0,0.2566965323551287,43.00534437165855,99.114485,87.5,100.0,1.1484823625922886,0.2421154134936513,30475.0,211.7298161470824,0.2345238095238095,-99.0,0.0181760309892729,8.0,53.75,18.18,43.06953022298312,0,0,1,0,0,0,0,0,1
6901028225175,202605,黄山(新制皖烟),二类烟,0,-0.15640445020311944,43.26204090401368,98.108284,87.5,100.0,1.1484823625922886,0.2421091178652405,30475.0,228.49266113592853,0.2345238095238095,-98.114485,0.0229588100961538,6.0,45.79,37.27,43.00534437165855,0,0,1,0,0,0,0,0,1
6901028225175,202606,黄山(新制皖烟),二类烟,0,-0.026821620057887685,43.10563645381056,98.850575,87.5,100.0,1.1484823625922886,0.2420977475433298,30475.0,157.4900265957447,0.2345238095238095,-97.108284,0.0220888674698795,10.0,46.63,50.39,43.26204090401368,0,0,1,0,0,0,0,0,1
6901028227285,202501,天子(金),一类烟,0,-0.3240706498376653,49.21320027516982,98.924228,87.5,100.0,1.1484823625922886,0.24217756114839845,41075.0,317.4115210843373,0.2345238095238095,-97.484848,0.00281763621607935,8.0,14.61,0.0,41.1974834563511,1,0,0,0,0,0,0,0,1
6901028227285,202502,天子(金),一类烟,0,-0.7453889107063532,48.88912962533215,98.890943,100.0,100.0,1.1941724385001196,0.2421110653768474,41870.0,78.84680851063828,0.0047393364928909,-97.924228,0.0419692180094786,25.0,85.07,88.72,49.21320027516982,1,0,0,0,0,0,0,0,1
6901028227285,202503,天子(金),一类烟,0,0.5007606342699589,48.1437407146258,98.494983,87.5,100.0,1.1941724385001196,0.2421123794388059,41870.0,167.07102803738317,0.2345238095238095,-97.890943,0.0211824586288416,8.0,14.61,0.0,48.88912962533215,1,0,0,0,0,0,0,0,1
6901028227285,202504,天子(金),一类烟,0,-0.2861785731942206,48.64450134889576,98.467433,100.0,100.0,1.1941724385001196,0.2421159275840857,41870.0,370.0509337860781,0.0047337278106508,-97.494983,0.011674049704142,8.0,32.31,8.06,48.1437407146258,1,0,0,0,0,0,0,0,1
6901028227285,202505,天子(金),一类烟,0,-0.005630461841278134,48.35832277570154,99.1274,95.9,98.31,1.1941724385001196,0.2421167194363878,41870.0,234.0311284046693,0.0722748815165876,-97.467433,0.0101996113744075,2.0,30.81,0.0,48.64450134889576,1,0,0,0,0,0,0,0,1
6901028227285,202506,天子(金),一类烟,0,-1.7955009617099122,48.35269231386026,99.70297,100.0,100.0,1.1941724385001196,0.2421167799728872,41870.0,311.8204225352113,0.0047619047619047,-98.1274,0.011324838095238,8.0,34.29,0.0,48.35832277570154,1,0,0,0,0,0,0,0,1
6901028227285,202507,天子(金),一类烟,0,1.0173543281447124,46.55719135215035,98.04878,87.5,100.0,1.1941724385001196,0.2421182247316314,41870.0,313.5074478649454,0.2345238095238095,-98.70297,0.0201255799522673,8.0,61.1,0.39,48.35269231386026,1,0,0,0,0,0,0,0,1
6901028227285,202508,天子(金),一类烟,0,0.8013317415932093,47.57454568029506,96.853147,91.07,100.0,1.1941724385001196,0.2421166795589761,41870.0,801.3532338308457,0.066429418742586,-97.04878,0.0039932953736654,8.0,6.05,64.71,46.55719135215035,1,0,0,0,0,0,0,0,1
6901028227285,202509,天子(金),一类烟,0,-1.004038921850956,48.37587742188827,99.033816,94.74,100.0,1.1941724385001196,0.2421167374691649,41870.0,524.8447653429603,0.0451306413301662,-95.853147,0.0055097339667458,1.0,16.63,0.0,47.57454568029506,1,0,0,0,0,0,0,0,1
6901028227285,202510,天子(金),一类烟,0,0.6503569142188468,47.37183850003731,98.888889,61.98,96.08,1.1941724385001196,0.2421179764699486,41870.0,307.1788617886179,0.2387706855791962,-98.033816,0.012174964539007,24.0,37.0,0.0,48.37587742188827,1,0,0,0,0,0,0,0,1
6901028227285,202511,天子(金),一类烟,0,-6.8986133699958145,48.02219541425616,99.544765,59.07,99.17,1.1941724385001196,0.2421180146503043,41870.0,580.0786516853932,0.2408500590318772,-97.888889,0.0052794757969303,16.0,16.41,0.0,47.37183850003731,1,0,0,0,0,0,0,0,1
6901028227285,202512,天子(金),一类烟,0,7.208240823056492,41.123582044260345,95.804196,29.71,92.03,1.1941724385001196,0.2421117264820845,41870.0,402.6310975609756,1.0,-98.544765,0.0129407396937573,18.0,35.1,13.42,48.02219541425616,1,0,0,0,0,0,0,0,1
6901028227285,202601,天子(金),一类烟,0,-3.0861097331180076,48.33182286731684,99.338374,15.58,75.51,1.1941724385001196,0.2420997212435431,41870.0,2276.3576642335765,0.3384433962264151,-94.804196,0.00270575,1.0,8.61,0.0,41.123582044260345,1,0,0,0,0,0,0,0,1
6901028227285,202602,天子(金),一类烟,0,-7.995338497764486,45.24571313419883,99.264706,26.6,98.22,1.1941724385001196,0.2421114173111145,41870.0,318.44148430066605,0.9976331360946744,-98.338374,0.0208309443786982,69.0,47.57,72.64,48.33182286731684,1,0,0,0,0,0,0,0,1
6901028227285,202603,天子(金),一类烟,0,4.947507065130786,37.250374636434344,100.0,16.15,100.0,1.1941724385001196,0.2421180196198109,41870.0,1157.9555555555555,1.0,-98.264706,0.0053704988123515,18.0,32.07,0.0,45.24571313419883,1,0,0,0,0,0,0,0,1
6901028227285,202604,天子(金),一类烟,0,5.291883225439726,42.19788170156513,100.0,47.06,87.5,1.1941724385001196,0.2421184619058992,41870.0,3331.1195652173915,0.0393325387365911,-99.0,0.0018364910607866,8.0,5.36,4.44,37.250374636434344,1,0,0,0,0,0,0,0,1
6901028227285,202605,天子(金),一类烟,1,-1.7762809560388604,47.489764927004856,92.746114,55.88,90.0,1.1941724385001196,0.2417419320247803,41870.0,1945.56462585034,0.0204326923076923,-99.0,0.0029590817307692,2.0,9.25,0.0,42.19788170156513,1,0,0,0,0,0,0,0,1
6901028227285,202606,天子(金),一类烟,0,-9.47271865522783,45.713483970965996,97.811448,35.53,92.86,1.1941724385001196,0.2419765844355522,41870.0,532.6890130353817,0.0915662650602409,-91.746114,0.0108357542168674,22.0,23.37,47.94,47.489764927004856,1,0,0,0,0,0,0,0,1
6901028227438,202501,龙凤呈祥(软魅力朝天门),三类烟,0,0.0,5.913276147005536,0.0,87.5,100.0,1.1484823625922886,0.24217756114839845,41075.0,317.4115210843373,0.2345238095238095,-97.484848,0.00281763621607935,8.0,14.61,0.0,41.1974834563511,0,1,0,0,0,0,0,1,0
6901028227438,202502,龙凤呈祥(软魅力朝天门),三类烟,0,0.0,5.913276147005536,0.0,142.5,100.0,1.134020618556701,0.24217756114839845,41075.0,317.4115210843373,0.0473933649289099,1.0,0.0,8.0,14.61,0.0,5.913276147005536,0,1,0,0,0,0,0,1,0
6901028227438,202503,龙凤呈祥(软魅力朝天门),三类烟,0,0.0,5.913276147005536,0.0,88.24,100.0,1.134020618556701,0.24217756114839845,41075.0,317.4115210843373,0.1004728132387706,1.0,0.0,8.0,14.61,0.0,5.913276147005536,0,1,0,0,0,0,0,1,0
6901028227438,202504,龙凤呈祥(软魅力朝天门),三类烟,0,0.0,5.913276147005536,0.0,87.5,100.0,1.134020618556701,0.24217756114839845,41075.0,317.4115210843373,0.2345238095238095,1.0,0.0,8.0,14.61,0.0,5.913276147005536,0,1,0,0,0,0,0,1,0
6901028227438,202505,龙凤呈祥(软魅力朝天门),三类烟,0,0.0,5.913276147005536,,87.5,100.0,1.134020618556701,0.24217756114839845,41075.0,317.4115210843373,0.2345238095238095,1.0,0.0,8.0,14.61,0.0,5.913276147005536,0,1,0,0,0,0,0,1,0
6901028227438,202506,龙凤呈祥(软魅力朝天门),三类烟,0,0.0,5.913276147005536,,74.71,100.0,1.134020618556701,0.24217756114839845,41075.0,317.4115210843373,0.1035714285714285,-97.484848,0.00281763621607935,8.0,14.61,0.0,5.913276147005536,0,1,0,0,0,0,0,1,0
6901028227438,202507,龙凤呈祥(软魅力朝天门),三类烟,0,0.0,5.913276147005536,0.0,100.0,100.0,1.134020618556701,0.24217756114839845,41075.0,317.4115210843373,0.0047732696897374,-97.484848,0.00281763621607935,8.0,14.61,0.0,5.913276147005536,0,1,0,0,0,0,0,1,0
6901028227438,202508,龙凤呈祥(软魅力朝天门),三类烟,0,0.0,5.913276147005536,0.0,86.9,97.3,1.134020618556701,0.24217756114839845,41075.0,317.4115210843373,0.0498220640569395,1.0,0.0,8.0,14.61,0.0,5.913276147005536,0,1,0,0,0,0,0,1,0
6901028227438,202509,龙凤呈祥(软魅力朝天门),三类烟,0,0.0,5.913276147005536,,55.26,90.91,1.134020618556701,0.24217756114839845,41075.0,317.4115210843373,0.0225653206650831,1.0,0.0,8.0,14.61,0.0,5.913276147005536,0,1,0,0,0,0,0,1,0
6901028227438,202510,龙凤呈祥(软魅力朝天门),三类烟,0,0.0,5.913276147005536,0.0,100.0,100.0,1.134020618556701,0.24217756114839845,41075.0,317.4115210843373,0.2345238095238095,-97.484848,0.00281763621607935,8.0,14.61,0.0,5.913276147005536,0,1,0,0,0,0,0,1,0
6901028227438,202511,龙凤呈祥(软魅力朝天门),三类烟,0,0.0,5.913276147005536,0.0,100.0,100.0,1.134020618556701,0.24217756114839845,41075.0,317.4115210843373,0.0047225501770956,1.0,0.0,8.0,14.61,0.0,5.913276147005536,0,1,0,0,0,0,0,1,0
6901028227438,202512,龙凤呈祥(软魅力朝天门),三类烟,0,0.0,5.913276147005536,,87.5,100.0,1.134020618556701,0.24217756114839845,41075.0,317.4115210843373,0.2345238095238095,1.0,0.0,8.0,14.61,0.0,5.913276147005536,0,1,0,0,0,0,0,1,0
6901028227438,202601,龙凤呈祥(软魅力朝天门),三类烟,0,0.0,5.913276147005536,0.0,87.5,100.0,1.134020618556701,0.24217756114839845,41075.0,317.4115210843373,0.2345238095238095,-97.484848,0.00281763621607935,8.0,14.61,0.0,5.913276147005536,0,1,0,0,0,0,0,1,0
6901028227438,202602,龙凤呈祥(软魅力朝天门),三类烟,0,0.0,5.913276147005536,,41.77,100.0,1.134020618556701,0.24217756114839845,41075.0,317.4115210843373,0.2343195266272189,1.0,0.0,8.0,14.61,0.0,5.913276147005536,0,1,0,0,0,0,0,1,0
6901028227438,202603,龙凤呈祥(软魅力朝天门),三类烟,0,0.0,5.913276147005536,,87.5,100.0,1.134020618556701,0.24217756114839845,41075.0,317.4115210843373,0.2345238095238095,-97.484848,0.00281763621607935,8.0,14.61,0.0,5.913276147005536,0,1,0,0,0,0,0,1,0
6901028227438,202604,龙凤呈祥(软魅力朝天门),三类烟,0,0.0,5.913276147005536,,43.24,100.0,1.134020618556701,0.24217756114839845,41075.0,317.4115210843373,0.0429082240762812,-97.484848,0.00281763621607935,8.0,14.61,0.0,5.913276147005536,0,1,0,0,0,0,0,1,0
6901028229074,202501,天子(中支),一类烟,0,-14.08091092691188,22.959978825666308,80.0,87.5,100.0,1.1484823625922886,0.24217756114839845,41075.0,317.4115210843373,0.2345238095238095,-97.484848,0.00281763621607935,8.0,14.61,0.0,41.1974834563511,1,0,0,0,0,0,0,0,1
6901028229074,202502,天子(中支),一类烟,0,19.666851344387748,8.879067898754428,,87.5,100.0,1.1420059582919562,0.2754965243296921,50350.0,18658.75,0.2345238095238095,-79.0,9.545023696682464e-05,8.0,0.47,0.0,22.959978825666308,1,0,0,0,0,0,0,0,1
6901028229074,202503,天子(中支),一类烟,0,26.857473147795215,28.545919243142176,100.0,87.5,100.0,1.1420059582919562,0.24217756114839845,41075.0,317.4115210843373,0.2345238095238095,-97.484848,0.00281763621607935,8.0,14.61,0.0,8.879067898754428,1,0,0,0,0,0,0,0,1
6901028229074,202504,天子(中支),一类烟,1,-25.608489350239925,55.40339239093739,97.5,87.5,100.0,1.1420059582919562,0.2755027308838133,50350.0,7562.0,0.2345238095238095,-99.0,0.000190674556213,8.0,0.47,0.0,28.545919243142176,1,0,0,0,0,0,0,0,1
6901028229074,202505,天子(中支),一类烟,0,-20.915835141943038,29.794903040697466,100.0,87.5,100.0,1.1420059582919562,0.2755090435328767,50350.0,262.88034188034186,0.2345238095238095,-96.5,0.0027919194312796,8.0,6.99,0.0,55.40339239093739,1,0,0,0,0,0,0,0,1
6901028229074,202506,天子(中支),一类烟,0,45.94329338163757,8.879067898754428,,87.5,100.0,1.1420059582919562,0.2755151439920555,50350.0,7223.874999999999,0.2345238095238095,-99.0,0.0001918095238095,8.0,0.48,0.0,29.794903040697466,1,0,0,0,0,0,0,0,1
6901028229074,202507,天子(中支),一类烟,0,-0.6467964016778183,54.822361280391995,99.029126,87.5,100.0,1.1420059582919562,0.24217756114839845,41075.0,317.4115210843373,0.2345238095238095,-97.484848,0.00281763621607935,8.0,14.61,0.0,8.879067898754428,1,0,0,0,0,0,0,0,1
6901028229074,202508,天子(中支),一类烟,0,1.507178606108731,54.17556487871418,91.139241,87.5,100.0,1.1420059582919562,0.2755174562377086,50350.0,421.7156862745098,0.2345238095238095,-98.029126,0.0024368683274021,12.0,6.05,0.0,54.822361280391995,1,0,0,0,0,0,0,0,1
6901028229074,202509,天子(中支),一类烟,0,-0.2572634852171731,55.68274348482291,100.0,87.5,100.0,1.1420059582919562,0.2755206609290522,50350.0,597.8611111111112,0.2345238095238095,-90.139241,0.0017221852731591,8.0,4.28,0.0,54.17556487871418,1,0,0,0,0,0,0,0,1
6901028229074,202510,天子(中支),一类烟,0,0.25574052202843234,55.425479999605734,99.176955,87.5,100.0,1.1420059582919562,0.2755211850380669,50350.0,188.27,0.2345238095238095,-99.0,0.0071418439716312,119.0,18.09,0.0,55.68274348482291,1,0,0,0,0,0,0,0,1
6901028229074,202511,天子(中支),一类烟,0,-5.059275825795176,55.68122052163417,98.696462,87.5,100.0,1.1420059582919562,0.2755213505461767,50350.0,258.2116182572614,0.2345238095238095,-98.176955,0.005730507674144,26.0,14.29,0.0,55.425479999605734,1,0,0,0,0,0,0,0,1
6901028229074,202512,天子(中支),一类烟,0,5.3697092497163155,50.62194469583899,97.727273,87.5,100.0,1.1420059582919562,0.2755213505461767,50350.0,188.70188679245285,0.2345238095238095,-97.696462,0.0125726737338044,100.0,29.56,9.56,55.68122052163417,1,0,0,0,0,0,0,0,1
6901028229074,202601,天子(中支),一类烟,0,-0.7907242051479528,55.991653945555306,99.15334,87.5,100.0,1.1420059582919562,0.2755213505461767,50350.0,1563.8023255813955,0.2345238095238095,-96.727273,0.0020425,12.0,5.78,0.0,50.62194469583899,1,0,0,0,0,0,0,0,1
6901028229074,202602,天子(中支),一类烟,0,-6.77654238603585,55.200929740407354,99.696049,100.0,100.0,1.1420059582919562,0.2755213034376066,50350.0,104.32163187855788,0.0177514792899408,-98.15334,0.025121372781065,103.0,40.0,68.34,55.991653945555306,1,0,0,0,0,0,0,0,1
6901028229074,202603,天子(中支),一类烟,0,-4.580071128388269,48.424387354371504,100.0,87.5,100.0,1.1420059582919562,0.2755213505461767,50350.0,319.2439024390244,0.2345238095238095,-98.696049,0.0078455106888361,17.0,25.06,55.45,55.200929740407354,1,0,0,0,0,0,0,0,1
6901028229074,202604,天子(中支),一类烟,0,8.140659681116247,43.844316225983235,100.0,86.11,87.5,1.1420059582919562,0.2755213505461767,50350.0,2161.09375,0.0417163289630512,-99.0,0.0007681525625744,8.0,1.91,6.25,48.424387354371504,1,0,0,0,0,0,0,0,1
6901028229074,202605,天子(中支),一类烟,0,-3.3767199143345366,51.98497590709948,100.0,73.4,91.67,1.1420059582919562,0.2755213505461767,50350.0,3405.9473684210525,0.0564903846153846,-99.0,0.0004599278846153,8.0,1.2,0.0,43.844316225983235,1,0,0,0,0,0,0,0,1
6901028229074,202606,天子(中支),一类烟,1,1.9383693256905943,48.608255992764946,89.393939,67.16,92.68,1.1420059582919562,0.2755213505461767,50350.0,1193.3333333333333,0.0734939759036144,-99.0,0.001310313253012,1.0,3.37,0.0,51.98497590709948,1,0,0,0,0,0,0,0,1
6901028230186,202601,天子(C位),一类烟,0,2.700155120055115,52.816540688550496,100.0,87.5,100.0,1.1484823625922886,0.24217756114839845,41075.0,317.4115210843373,0.2345238095238095,-97.484848,0.00281763621607935,8.0,14.61,0.0,41.1974834563511,1,0,0,0,0,0,0,0,1
6901028230186,202603,天子(C位),一类烟,0,0.1505240166354298,55.51669580860561,98.412698,87.5,100.0,1.1420059582919562,0.2755213505461767,50350.0,967.3157894736844,0.2345238095238095,-99.0,0.0004528520710059,15.0,1.78,26.67,52.816540688550496,1,0,0,0,0,0,0,0,1
6901028230186,202604,天子(C位),一类烟,0,0.20769731914906941,55.66721982524104,100.0,87.5,100.0,1.1420059582919562,0.2755213505461767,50350.0,233.4193548387097,0.2345238095238095,-97.412698,0.001488295589988,18.0,3.81,3.13,55.51669580860561,1,0,0,0,0,0,0,0,1
6901028230186,202605,天子(C位),一类烟,0,-0.4560607671289958,55.87491714439011,100.0,87.5,100.0,1.1420059582919562,0.2755213505461768,50350.0,192.5072463768116,0.2345238095238095,-99.0,0.0016702644230769,14.0,4.33,0.0,55.66721982524104,1,0,0,0,0,0,0,0,1
6901028230186,202606,天子(C位),一类烟,0,0.3442610635000207,55.418856377261115,97.674419,87.5,100.0,1.1420059582919562,0.2755213505461767,50350.0,136.05555555555554,0.2345238095238095,-99.0,0.0021838554216867,12.0,4.94,14.63,55.87491714439011,1,0,0,0,0,0,0,0,1
6901028241410,202501,黄鹤楼(视窗),一类烟,0,-0.45463835381309536,72.6484823048842,96.328294,87.5,100.0,1.1484823625922886,0.24217756114839845,41075.0,317.4115210843373,0.2345238095238095,-97.484848,0.00281763621607935,8.0,14.61,0.0,41.1974834563511,1,0,0,0,0,0,0,0,1
6901028241410,202505,黄鹤楼(视窗),一类烟,0,0.0,18.03816793893128,,100.0,100.0,1.1666666666666667,0.3089166666666667,75000.0,523.3809523809523,0.0248815165876777,-96.674419,0.0014928909952606,8.0,2.49,0.0,70.82603942515388,1,0,0,0,0,0,0,0,1
6901028241410,202506,黄鹤楼(视窗),一类烟,0,0.0,18.03816793893128,,87.5,100.0,1.1666666666666667,0.24217756114839845,41075.0,317.4115210843373,0.2345238095238095,-97.484848,0.00281763621607935,8.0,14.61,0.0,18.03816793893128,1,0,0,0,0,0,0,0,1
6901028241410,202507,黄鹤楼(视窗),一类烟,0,0.0,18.03816793893128,,87.5,100.0,1.1666666666666667,0.24217756114839845,41075.0,317.4115210843373,0.2345238095238095,-97.484848,0.00281763621607935,8.0,14.61,0.0,18.03816793893128,1,0,0,0,0,0,0,0,1
6901028241410,202508,黄鹤楼(视窗),一类烟,0,46.82114336636809,18.03816793893128,0.0,87.5,100.0,1.1666666666666667,0.24217756114839845,41075.0,317.4115210843373,0.2345238095238095,-97.484848,0.00281763621607935,8.0,14.61,0.0,18.03816793893128,1,0,0,0,0,0,0,0,1
6901028241410,202509,黄鹤楼(视窗),一类烟,0,4.566388992891518,64.85931130529937,100.0,87.5,100.0,1.1666666666666667,0.24217756114839845,41075.0,317.4115210843373,0.2345238095238095,1.0,0.0,8.0,14.61,0.0,18.03816793893128,1,0,0,0,0,0,0,0,1
6901028241410,202511,黄鹤楼(视窗),一类烟,0,0.0,18.03816793893128,,87.5,100.0,1.1666666666666667,0.3088833333333333,75000.0,900.75,0.2345238095238095,-99.0,0.0002833530106257,8.0,0.47,0.0,69.42570029819089,1,0,0,0,0,0,0,0,1
6901028241410,202601,黄鹤楼(视窗),一类烟,0,-14.293135609660041,72.51838116524505,98.83934,87.5,100.0,1.1666666666666667,0.24217756114839845,41075.0,317.4115210843373,0.2345238095238095,-97.484848,0.00281763621607935,8.0,14.61,0.0,18.03816793893128,1,0,0,0,0,0,0,0,1
6901028241410,202602,黄鹤楼(视窗),一类烟,0,13.111327304436742,58.225245555585005,100.0,98.0,100.0,1.1666666666666667,0.3089234033786567,75000.0,63.40605686032138,0.0745562130177514,-97.83934,0.0574437869822485,467.0,55.74,25.48,72.51838116524505,1,0,0,0,0,0,0,0,1
6901028241410,202603,黄鹤楼(视窗),一类烟,0,0.9964479090018159,71.33657286002175,100.0,73.98,99.26,1.1666666666666667,0.3089333333333333,75000.0,3948.25,0.3717339667458432,-99.0,0.0001425178147268,8.0,0.48,0.0,58.225245555585005,1,0,0,0,0,0,0,0,1
6901028241410,202604,黄鹤楼(视窗),一类烟,0,-0.04798400955070292,72.33302076902356,100.0,84.34,100.0,1.1666666666666667,0.3089174603174603,75000.0,384.6190476190476,0.0750893921334922,-99.0,0.0015017878426698,8.0,2.26,5.26,71.33657286002175,1,0,0,0,0,0,0,0,1
6901028241410,202605,黄鹤楼(视窗),一类烟,0,-1.219751638555934,72.28503675947286,99.29078,76.0,100.0,1.1666666666666667,0.3088710382513661,75000.0,109.21311475409836,0.0300480769230769,-99.0,0.0043990384615384,8.0,5.65,14.89,72.33302076902356,1,0,0,0,0,0,0,0,1
6901028241410,202606,黄鹤楼(视窗),一类烟,0,0.9644043343374165,71.06528512091693,99.047619,80.0,100.0,1.1666666666666667,0.3089154761904761,75000.0,126.82857142857142,0.0120481927710843,-98.29078,0.0050602409638554,1.0,8.43,0.0,72.28503675947286,1,0,0,0,0,0,0,0,1
6901028242066,202501,黄鹤楼(硬峡谷情),一类烟,0,-12.840350387608147,73.76772560452031,89.261745,87.5,100.0,1.1484823625922886,0.24217756114839845,41075.0,317.4115210843373,0.2345238095238095,-97.484848,0.00281763621607935,8.0,14.61,0.0,41.1974834563511,1,0,0,0,0,0,0,0,1
6901028242066,202502,黄鹤楼(硬峡谷情),一类烟,1,-38.217451552790045,60.92737521691216,28.571429,87.5,100.0,1.179245283018868,0.3088976864330638,84800.0,145.4110275689223,0.2345238095238095,-88.261745,0.0160356398104265,100.0,14.81,54.4,73.76772560452031,1,0,0,0,0,0,0,0,1
6901028242066,202503,黄鹤楼(硬峡谷情),一类烟,1,49.49910699798937,22.709923664122115,0.0,87.5,100.0,1.179245283018868,0.3089033018867924,84800.0,3636.0,0.2345238095238095,-27.571429,0.000320756501182,8.0,14.61,0.0,60.92737521691216,1,0,0,0,0,0,0,0,1
6901028242066,202504,黄鹤楼(硬峡谷情),一类烟,0,-49.49910699798937,72.20903066211149,71.186441,0.0,100.0,1.179245283018868,0.24217756114839845,41075.0,317.4115210843373,0.1846153846153846,1.0,0.0,8.0,14.61,0.0,22.709923664122115,1,0,0,0,0,0,0,0,1
6901028242066,202505,黄鹤楼(硬峡谷情),一类烟,1,0.0,22.709923664122115,0.0,0.0,100.0,1.179245283018868,0.3088885613207547,84800.0,568.0714285714286,0.1848341232227488,-70.186441,0.001687962085308,8.0,2.49,0.0,72.20903066211149,1,0,0,0,0,0,0,0,1
6901028242066,202506,黄鹤楼(硬峡谷情),一类烟,0,0.0,22.709923664122115,0.0,3.65,79.41,1.179245283018868,0.24217756114839845,41075.0,317.4115210843373,1.0,1.0,0.0,8.0,14.61,0.0,22.709923664122115,1,0,0,0,0,0,0,0,1
6901028242066,202507,黄鹤楼(硬峡谷情),一类烟,0,0.0,22.709923664122115,0.0,1.27,100.0,1.179245283018868,0.24217756114839845,41075.0,317.4115210843373,0.4665871121718377,1.0,0.0,8.0,14.61,0.0,22.709923664122115,1,0,0,0,0,0,0,0,1
6901028242066,202508,黄鹤楼(硬峡谷情),一类烟,0,0.0,22.709923664122115,0.0,0.53,100.0,1.179245283018868,0.24217756114839845,41075.0,317.4115210843373,0.1269276393831554,1.0,0.0,8.0,14.61,0.0,22.709923664122115,1,0,0,0,0,0,0,0,1
6901028242066,202509,黄鹤楼(硬峡谷情),一类烟,0,0.0,22.709923664122115,0.0,0.13,66.67,1.179245283018868,0.24217756114839845,41075.0,317.4115210843373,1.0,1.0,0.0,8.0,14.61,0.0,22.709923664122115,1,0,0,0,0,0,0,0,1
6901028242066,202510,黄鹤楼(硬峡谷情),一类烟,0,0.0,22.709923664122115,0.0,0.0,100.0,1.179245283018868,0.24217756114839845,41075.0,317.4115210843373,0.6784869976359338,1.0,0.0,8.0,14.61,0.0,22.709923664122115,1,0,0,0,0,0,0,0,1
6901028242066,202511,黄鹤楼(硬峡谷情),一类烟,0,0.0,22.709923664122115,0.0,87.5,100.0,1.179245283018868,0.24217756114839845,41075.0,317.4115210843373,0.2345238095238095,1.0,0.0,8.0,14.61,0.0,22.709923664122115,1,0,0,0,0,0,0,0,1
6901028242066,202512,黄鹤楼(硬峡谷情),一类烟,0,44.87810494876055,22.709923664122115,,0.0,100.0,1.179245283018868,0.24217756114839845,41075.0,317.4115210843373,0.0200235571260306,1.0,0.0,8.0,14.61,0.0,22.709923664122115,1,0,0,0,0,0,0,0,1
6901028242066,202601,黄鹤楼(硬峡谷情),一类烟,0,6.219078517379245,67.58802861288267,71.014493,87.5,100.0,1.179245283018868,0.24217756114839845,41075.0,317.4115210843373,0.2345238095238095,-97.484848,0.00281763621607935,8.0,14.61,0.0,22.709923664122115,1,0,0,0,0,0,0,0,1
6901028242066,202602,黄鹤楼(硬峡谷情),一类烟,0,-0.08782362276552647,73.80710713026191,96.455696,100.0,100.0,1.179245283018868,0.3088780323450134,84800.0,1822.9081632653065,0.0023668639053254,-70.014493,0.0039339171597633,62.0,7.34,24.19,67.58802861288267,1,0,0,0,0,0,0,0,1
6901028242066,202603,黄鹤楼(硬峡谷情),一类烟,0,-2.585105746911296,73.71928350749639,99.29078,47.46,100.0,1.179245283018868,0.3088783860743822,84800.0,132.61417322834646,0.0332541567695962,-95.455696,0.0153485985748218,213.0,32.3,0.0,73.80710713026191,1,0,0,0,0,0,0,0,1
6901028242066,202604,黄鹤楼(硬峡谷情),一类烟,1,-7.4332094954675725,71.13417776058509,77.55102,100.0,100.0,1.179245283018868,0.3088818227762803,84800.0,156.85714285714286,0.0047675804529201,-98.29078,0.0056600715137067,8.0,6.56,23.64,73.71928350749639,1,0,0,0,0,0,0,0,1
6901028242066,202605,黄鹤楼(硬峡谷情),一类烟,1,-40.9910446009954,63.70096826511752,72.727273,79.04,98.82,1.179245283018868,0.3086046114697119,84800.0,829.421052631579,0.1334134615384615,-76.55102,0.0015492307692307,8.0,2.28,0.0,71.13417776058509,1,0,0,0,0,0,0,0,1
6901028242066,202606,黄鹤楼(硬峡谷情),一类烟,1,25.693428831783393,22.709923664122115,0.0,84.29,100.0,1.179245283018868,0.3088351267688679,84800.0,2874.75,0.072289156626506,-71.727273,0.0006538795180722,8.0,0.96,0.0,63.70096826511752,1,0,0,0,0,0,0,0,1
6901028245029,202501,芙蓉王(荣耀细支),一类烟,0,0.0,71.37404580152666,,87.5,100.0,1.1484823625922886,0.24217756114839845,41075.0,317.4115210843373,0.2345238095238095,-97.484848,0.00281763621607935,8.0,14.61,0.0,41.1974834563511,1,0,0,0,0,0,0,0,1
6901028245029,202502,芙蓉王(荣耀细支),一类烟,0,0.0,71.37404580152666,,87.5,100.0,1.310272536687631,0.24217756114839845,41075.0,317.4115210843373,0.2345238095238095,-97.484848,0.00281763621607935,8.0,14.61,0.0,71.37404580152666,1,0,0,0,0,0,0,0,1
6901028245029,202503,芙蓉王(荣耀细支),一类烟,0,0.0,71.37404580152666,,87.5,100.0,1.310272536687631,0.24217756114839845,41075.0,317.4115210843373,0.2345238095238095,-97.484848,0.00281763621607935,8.0,14.61,0.0,71.37404580152666,1,0,0,0,0,0,0,0,1
6901028245029,202504,芙蓉王(荣耀细支),一类烟,0,0.0,71.37404580152666,,87.5,100.0,1.310272536687631,0.24217756114839845,41075.0,317.4115210843373,0.2345238095238095,-97.484848,0.00281763621607935,8.0,14.61,0.0,71.37404580152666,1,0,0,0,0,0,0,0,1
6901028245029,202505,芙蓉王(荣耀细支),一类烟,0,0.0,71.37404580152666,,87.5,100.0,1.310272536687631,0.24217756114839845,41075.0,317.4115210843373,0.2345238095238095,-97.484848,0.00281763621607935,8.0,14.61,0.0,71.37404580152666,1,0,0,0,0,0,0,0,1
6901028247375,202507,双喜(春天·咖路里),一类烟,0,5.212540134934102,52.06359426961835,100.0,87.5,100.0,1.1484823625922886,0.24217756114839845,41075.0,317.4115210843373,0.2345238095238095,-97.484848,0.00281763621607935,8.0,14.61,0.0,41.1974834563511,1,0,0,0,0,0,0,0,1
6901028247375,202508,双喜(春天·咖路里),一类烟,0,-0.1699638155708172,57.27613440455245,40.47619,90.38,99.77,1.1555555555555554,0.2754888888888889,56250.0,1624.3749999999998,0.561091340450771,-99.0,0.0002135231316725,4.0,0.47,0.0,52.06359426961835,1,0,0,0,0,0,0,0,1
6901028247375,202509,双喜(春天·咖路里),一类烟,0,-0.5468215541049304,57.106170588981634,100.0,96.3,99.62,1.1555555555555554,0.2754888888888889,56250.0,207.6176470588235,0.649643705463183,-39.47619,0.0009085510688836,13.0,2.02,0.0,57.27613440455245,1,0,0,0,0,0,0,0,1
6901028247375,202510,双喜(春天·咖路里),一类烟,0,1.3711196296879464,56.5593490348767,100.0,86.71,99.51,1.1555555555555554,0.2754896551724138,56250.0,253.89655172413796,0.5602836879432624,-99.0,0.0015425531914893,14.0,3.55,0.0,57.106170588981634,1,0,0,0,0,0,0,0,1
6901028247375,202511,双喜(春天·咖路里),一类烟,0,-0.5862614763375333,57.93046866456465,99.69697,90.99,99.12,1.1555555555555554,0.275489605734767,56250.0,402.5161290322581,0.4391971664698937,-99.0,0.000823494687131,16.0,1.89,0.0,56.5593490348767,1,0,0,0,0,0,0,0,1
6901028247375,202601,双喜(春天·咖路里),一类烟,1,0.11644177096688679,57.34420718822712,95.111111,89.23,99.47,1.1555555555555554,0.2754912529550827,56250.0,30.027355623100306,1.0,-98.69697,0.0087190812720848,118.0,17.2,24.66,57.93046866456465,1,0,0,0,0,0,0,0,1
6901028247375,202602,双喜(春天·咖路里),一类烟,0,-0.286205779225547,57.460648959194,97.975708,87.5,100.0,1.1555555555555554,0.2755104880581516,56250.0,191.45794392523365,0.2345238095238095,-94.111111,0.005698224852071,31.0,14.08,42.02,57.34420718822712,1,0,0,0,0,0,0,0,1
6901028247375,202603,双喜(春天·咖路里),一类烟,0,-0.9576581708003786,57.174443179968456,96.875,87.5,100.0,1.1555555555555554,0.2754980716253443,56250.0,158.46280991735537,0.2345238095238095,-96.975708,0.0064667458432304,25.0,13.18,54.05,57.460648959194,1,0,0,0,0,0,0,0,1
6901028247375,202604,双喜(春天·咖路里),一类烟,1,-0.42290402439244446,56.21678500916808,94.202899,100.0,100.0,1.1555555555555554,0.2754910394265233,56250.0,235.49032258064517,0.00119189511323,-95.875,0.0041567342073897,6.0,7.39,33.87,57.174443179968456,1,0,0,0,0,0,0,0,1
6901028247375,202605,双喜(春天·咖路里),一类烟,0,-1.8037482872806052,55.79388098477563,98.214286,75.0,100.0,1.1555555555555554,0.2754776068376068,56250.0,494.3230769230769,0.0204326923076923,-93.202899,0.0017578124999999,5.0,3.0,40.0,56.21678500916808,1,0,0,0,0,0,0,0,1
6901028247375,202606,双喜(春天·咖路里),一类烟,1,-3.7787099372263384,53.99013269749503,71.428571,45.0,80.0,1.1555555555555554,0.2754642424242424,56250.0,607.8181818181818,0.0120481927710843,-97.214286,0.0014909638554216,3.0,2.29,36.84,55.79388098477563,1,0,0,0,0,0,0,0,1
6901028252959,202508,黄金叶(大成),一类烟,0,0.23293963966935394,68.03114718674007,80.0,87.5,100.0,1.1484823625922886,0.24217756114839845,41075.0,317.4115210843373,0.2345238095238095,-97.484848,0.00281763621607935,8.0,14.61,0.0,41.1974834563511,1,0,0,0,0,0,0,0,1
6901028252959,202509,黄金叶(大成),一类烟,0,-5.614328211631765,68.26408682640943,100.0,87.5,100.0,1.1406844106463878,0.3089163498098859,65750.0,408.75,0.2345238095238095,-79.0,0.0007496437054631,12.0,1.43,0.0,68.03114718674007,1,0,0,0,0,0,0,0,1
6901028252959,202512,黄金叶(大成),一类烟,0,4.279783244144134,62.64975861477766,100.0,87.5,100.0,1.1406844106463878,0.3089163498098859,65750.0,345.4375,0.2345238095238095,-99.0,0.0004973995271867,4.0,0.95,0.0,68.26408682640943,1,0,0,0,0,0,0,0,1
6901028252959,202601,黄金叶(大成),一类烟,0,-1.2989021835405339,66.9295418589218,96.825397,87.5,100.0,1.1406844106463878,0.3089140684410646,65750.0,1871.4,0.2345238095238095,-99.0,0.0007753537735849,11.0,1.65,0.0,62.64975861477766,1,0,0,0,0,0,0,0,1
6901028252959,202602,黄金叶(大成),一类烟,0,1.5412680112826962,65.63063967538126,100.0,87.5,100.0,1.1406844106463878,0.3088973384030418,65750.0,706.4426229508198,0.2345238095238095,-95.825397,0.0018985798816568,22.0,4.85,29.27,66.9295418589218,1,0,0,0,0,0,0,0,1
6901028252959,202603,黄金叶(大成),一类烟,0,0.7017754784571224,67.17190768666396,100.0,87.5,100.0,1.1406844106463878,0.3088973384030418,65750.0,1059.4814814814815,0.2345238095238095,-99.0,0.000843349168646,8.0,3.21,0.0,65.63063967538126,1,0,0,0,0,0,0,0,1
6901028252959,202604,黄金叶(大成),一类烟,0,0.49349385407894886,67.87368316512108,100.0,87.5,100.0,1.1406844106463878,0.3089153492095257,65750.0,642.2894736842105,0.2345238095238095,-99.0,0.001191179976162,1.0,2.38,0.0,67.17190768666396,1,0,0,0,0,0,0,0,1
6901028252959,202605,黄金叶(大成),一类烟,0,-0.9950406800239051,68.36717701920003,100.0,87.5,100.0,1.1406844106463878,0.3089151232675088,65750.0,451.54838709677415,0.2345238095238095,-99.0,0.0019598557692307,15.0,3.97,0.0,67.87368316512108,1,0,0,0,0,0,0,0,1
6901028252959,202606,黄金叶(大成),一类烟,1,-2.961707299403429,67.37213633917612,96.774194,87.5,100.0,1.1406844106463878,0.3089129140134683,65750.0,317.3855421686747,0.2345238095238095,-99.0,0.00263,29.0,5.66,4.26,68.36717701920003,1,0,0,0,0,0,0,0,1
6901028268950,202601,娇子(格调中支),一类烟,0,0.39618887188972707,53.71045287466326,100.0,87.5,100.0,1.1484823625922886,0.24217756114839845,41075.0,317.4115210843373,0.2345238095238095,-97.484848,0.00281763621607935,8.0,14.61,0.0,41.1974834563511,1,0,0,0,0,0,0,0,1
6901028268950,202602,娇子(格调中支),一类烟,0,-31.03419829368951,54.10664174655299,100.0,95.0,100.0,1.1428571428571428,0.2755398496240601,43750.0,755.0,0.0213017751479289,-99.0,0.0007869822485207,15.0,1.78,100.0,53.71045287466326,1,0,0,0,0,0,0,0,1
6901028268950,202603,娇子(格调中支),一类烟,0,23.255277510276205,23.072443452863478,100.0,87.5,100.0,1.1428571428571428,0.2755428571428571,43750.0,647.6428571428571,0.2345238095238095,-99.0,0.0011638954869358,56.0,6.65,0.0,54.10664174655299,1,0,0,0,0,0,0,0,1
6901028268950,202604,娇子(格调中支),一类烟,0,9.290735770402883,46.32772096313968,100.0,76.0,92.31,1.1428571428571428,0.2755142857142857,43750.0,13411.5,0.0393325387365911,-99.0,4.1716328963051256e-05,8.0,0.12,0.0,23.072443452863478,1,0,0,0,0,0,0,0,1
6901028268950,202605,娇子(格调中支),一类烟,0,-1.246275709034343,55.618456733542565,100.0,87.5,100.0,1.1428571428571428,0.2755164835164835,43750.0,2759.076923076924,0.0096153846153846,-99.0,0.0002734375,8.0,0.84,0.0,46.32772096313968,1,0,0,0,0,0,0,0,1
6901028268950,202606,娇子(格调中支),一类烟,0,-2.087553672010195,54.37218102450822,99.009901,50.0,90.48,1.1428571428571428,0.2755174069627851,43750.0,233.9747899159664,0.0915662650602409,-99.0,0.0025090361445783,28.0,7.95,0.0,55.618456733542565,1,0,0,0,0,0,0,0,1
6901028268981,202601,娇子(宽窄锦上细支),一类烟,0,0.6167427640655205,67.62140809061783,90.47619,87.5,100.0,1.1484823625922886,0.24217756114839845,41075.0,317.4115210843373,0.2345238095238095,-97.484848,0.00281763621607935,8.0,14.61,0.0,41.1974834563511,1,0,0,0,0,0,0,0,1
6901028268981,202603,娇子(宽窄锦上细支),一类烟,0,-7.776310080665169,68.23815085468335,100.0,41.25,100.0,1.1406844106463878,0.308900006670669,65750.0,518.6842105263158,0.0497041420118343,-89.47619,0.0017740828402366,18.0,2.13,83.33,67.62140809061783,1,0,0,0,0,0,0,0,1
6901028268981,202604,娇子(宽窄锦上细支),一类烟,1,8.201289781226052,60.461840774018185,87.5,100.0,100.0,1.1406844106463878,0.3089158495097058,65750.0,352.4868421052632,0.00119189511323,-99.0,0.0023823599523241,11.0,3.1,50.0,68.23815085468335,1,0,0,0,0,0,0,0,1
6901028268981,202605,娇子(宽窄锦上细支),一类烟,0,-2.05482839964597,68.66313055524424,97.87234,80.0,100.0,1.1406844106463878,0.3089163498098859,65750.0,2466.0714285714284,0.0036057692307692,-86.5,0.000442548076923,8.0,0.84,0.0,60.461840774018185,1,0,0,0,0,0,0,0,1
6901028268981,202606,娇子(宽窄锦上细支),一类烟,0,1.1954915192188622,66.60830215559827,100.0,56.25,80.0,1.1406844106463878,0.3089151099355265,65750.0,236.9782608695652,0.0192771084337349,-96.87234,0.0029151807228915,20.0,5.06,16.67,68.66313055524424,1,0,0,0,0,0,0,0,1
6901028271004,202601,黄鹤楼(冰咖),一类烟,0,41.028143632708165,13.911450381679305,,87.5,100.0,1.1484823625922886,0.24217756114839845,41075.0,317.4115210843373,0.2345238095238095,-97.484848,0.00281763621607935,8.0,14.61,0.0,41.1974834563511,1,0,0,0,0,0,0,0,1
6901028271004,202602,黄鹤楼(冰咖),一类烟,0,-1.2920364750502458,54.939594014387474,100.0,100.0,100.0,1.1555555555555554,0.24217756114839845,56250.0,317.4115210843373,0.0840236686390532,-97.484848,0.0001065088757396,2.0,0.24,100.0,13.911450381679305,1,0,0,0,0,0,0,0,1
6901028271004,202603,黄鹤楼(冰咖),一类烟,0,-39.736107157657926,53.64755753933723,100.0,68.85,100.0,1.1555555555555554,0.2755079365079365,56250.0,844.7499999999999,0.1460807600950118,-99.0,0.0007482185273159,22.0,2.85,8.33,54.939594014387474,1,0,0,0,0,0,0,0,1
6901028271004,202604,黄鹤楼(冰咖),一类烟,0,0.0,13.911450381679305,,87.5,100.0,1.1555555555555554,0.2754888888888889,56250.0,1193.857142857143,0.2345238095238095,-99.0,0.0003754469606674,8.0,0.48,0.0,53.64755753933723,1,0,0,0,0,0,0,0,1
6901028271004,202605,黄鹤楼(冰咖),一类烟,0,43.59495145651579,13.911450381679305,,98.0,100.0,1.1555555555555554,0.24217756114839845,56250.0,317.4115210843373,0.0600961538461538,-97.484848,0.0058143028846153,61.0,10.22,17.65,13.911450381679305,1,0,0,0,0,0,0,0,1
6901028271004,202606,黄鹤楼(冰咖),一类烟,0,-0.14329617831803176,57.50640183819509,100.0,100.0,100.0,1.1555555555555554,0.24217756114839845,56250.0,317.4115210843373,0.0072289156626506,-97.484848,0.0031987951807228,2.0,6.02,0.0,13.911450381679305,1,0,0,0,0,0,0,0,1
6901028271547,202601,黄鹤楼(1916小蜜蜂),一类烟,0,0.9160032241724565,72.94139367927261,97.637795,87.5,100.0,1.1484823625922886,0.24217756114839845,41075.0,317.4115210843373,0.2345238095238095,-97.484848,0.00281763621607935,8.0,14.61,0.0,41.1974834563511,1,0,0,0,0,0,0,0,1
6901028271547,202602,黄鹤楼(1916小蜜蜂),一类烟,0,0.16346664659228338,73.85739690344506,99.103139,87.5,100.0,1.179245283018868,0.3088945050973828,169600.0,369.6612903225807,0.2345238095238095,-96.637795,0.0199104378698224,71.0,8.4,66.2,72.94139367927261,1,0,0,0,0,0,0,0,1
6901028271547,202604,黄鹤楼(1916小蜜蜂),一类烟,0,-0.3544237835966584,74.02086355003735,100.0,87.5,100.0,1.179245283018868,0.3088896952104499,169600.0,120.17194570135746,0.2345238095238095,-98.103139,0.0178059857482185,48.0,14.13,71.43,73.85739690344506,1,0,0,0,0,0,0,0,1
6901028271547,202605,黄鹤楼(1916小蜜蜂),一类烟,0,-1.7263125719663748,73.66643976644069,100.0,87.5,100.0,1.179245283018868,0.3088959316037736,169600.0,76.41836734693877,0.2345238095238095,-99.0,0.0079907692307692,1.0,5.89,0.0,74.02086355003735,1,0,0,0,0,0,0,0,1
6901028271547,202606,黄鹤楼(1916小蜜蜂),一类烟,0,0.4180319212078274,71.94012719447431,100.0,87.5,100.0,1.179245283018868,0.3088959316037736,169600.0,172.75,0.2345238095238095,-99.0,0.0009808192771084,8.0,0.72,0.0,73.66643976644069,1,0,0,0,0,0,0,0,1
6901028275668,202601,芙蓉王(硬中支),一类烟,0,-30.121622246658625,66.24470199598048,100.0,87.5,100.0,1.1484823625922886,0.24217756114839845,41075.0,317.4115210843373,0.2345238095238095,-97.484848,0.00281763621607935,8.0,14.61,0.0,41.1974834563511,1,0,0,0,0,0,0,0,1
6901028275668,202602,芙蓉王(硬中支),一类烟,0,25.925610044157594,36.12307974932185,100.0,97.48,100.0,1.1406844106463878,0.3088973384030418,65750.0,892.5806451612904,0.0556213017751479,-99.0,0.0019297041420118,47.0,5.56,31.91,66.24470199598048,1,0,0,0,0,0,0,0,1
6901028275668,202603,芙蓉王(硬中支),一类烟,0,7.054106488824068,62.04868979347945,100.0,100.0,100.0,1.1406844106463878,0.3088973384030418,65750.0,9724.666666666668,0.0178147268408551,-99.0,0.0002811163895486,8.0,1.07,0.0,36.12307974932185,1,0,0,0,0,0,0,0,1
6901028275668,202604,芙蓉王(硬中支),一类烟,0,-4.082016731378374,69.10279628230352,99.514563,87.5,100.0,1.1406844106463878,0.3089163498098859,65750.0,2034.769230769231,0.2345238095238095,-99.0,0.0008150178784266,12.0,1.55,0.0,62.04868979347945,1,0,0,0,0,0,0,0,1
6901028275668,202605,芙蓉王(硬中支),一类烟,0,3.627317587485649,65.02077955092514,100.0,87.5,100.0,1.1406844106463878,0.308916164332746,65750.0,117.4780487804878,0.2345238095238095,-98.514563,0.0129603365384615,98.0,17.79,39.86,69.10279628230352,1,0,0,0,0,0,0,0,1
6901028275668,202606,芙蓉王(硬中支),一类烟,0,0.00043171608061243205,68.64809713841079,99.687011,87.5,100.0,1.1406844106463878,0.3089163498098859,65750.0,1226.9615384615386,0.2345238095238095,-99.0,0.0024715662650602,8.0,4.7,0.0,65.02077955092514,1,0,0,0,0,0,0,0,1
6901028300063,202501,南京(红),二类烟,0,15.372015663731498,6.4148804960164885,0.0,87.5,100.0,1.1484823625922886,0.24217756114839845,41075.0,317.4115210843373,0.2345238095238095,-97.484848,0.00281763621607935,8.0,14.61,0.0,41.1974834563511,0,0,1,0,0,0,0,0,1
6901028300063,202502,南京(红),二类烟,0,-15.372015663731498,21.786896159747986,100.0,87.5,100.0,1.1353711790393013,0.24217756114839845,41075.0,317.4115210843373,0.2345238095238095,1.0,0.0,8.0,14.61,0.0,6.4148804960164885,0,0,1,0,0,0,0,0,1
6901028300063,202508,南京(红),二类烟,1,0.0,6.4148804960164885,0.0,87.5,100.0,1.1353711790393013,0.2421834061135371,28625.0,5562.5,0.2345238095238095,-99.0,5.41371158392435e-05,8.0,14.61,0.0,21.786896159747986,0,0,1,0,0,0,0,0,1
6901028300063,202509,南京(红),二类烟,0,0.0,6.4148804960164885,,87.5,100.0,1.1353711790393013,0.24217756114839845,41075.0,317.4115210843373,0.2345238095238095,1.0,0.0,8.0,14.61,0.0,6.4148804960164885,0,0,1,0,0,0,0,0,1
6901028300063,202510,南京(红),二类烟,0,0.0,6.4148804960164885,,87.5,100.0,1.1353711790393013,0.24217756114839845,41075.0,317.4115210843373,0.2345238095238095,-97.484848,0.00281763621607935,8.0,14.61,0.0,6.4148804960164885,0,0,1,0,0,0,0,0,1
6901028300063,202511,南京(红),二类烟,0,0.0,6.4148804960164885,,87.5,100.0,1.1353711790393013,0.24217756114839845,41075.0,317.4115210843373,0.2345238095238095,-97.484848,0.00281763621607935,8.0,14.61,0.0,6.4148804960164885,0,0,1,0,0,0,0,0,1
6901028300063,202512,南京(红),二类烟,0,0.0,6.4148804960164885,,87.5,100.0,1.1353711790393013,0.24217756114839845,41075.0,317.4115210843373,0.2345238095238095,-97.484848,0.00281763621607935,8.0,14.61,0.0,6.4148804960164885,0,0,1,0,0,0,0,0,1
6901028300063,202601,南京(红),二类烟,0,0.0,6.4148804960164885,,87.5,100.0,1.1353711790393013,0.24217756114839845,41075.0,317.4115210843373,0.2345238095238095,-97.484848,0.00281763621607935,8.0,14.61,0.0,6.4148804960164885,0,0,1,0,0,0,0,0,1
6901028301695,202501,南京(软九五),一类烟,0,0.0,100.0,,87.5,100.0,1.1484823625922886,0.24217756114839845,41075.0,317.4115210843373,0.2345238095238095,-97.484848,0.00281763621607935,8.0,14.61,0.0,41.1974834563511,1,0,0,0,0,0,0,0,1
6901028301695,202502,南京(软九五),一类烟,0,0.0,100.0,0.0,115.9,100.0,1.3873473917869037,0.24217756114839845,41075.0,317.4115210843373,0.5864928909952607,-97.484848,0.00281763621607935,8.0,14.61,0.0,100.0,1,0,0,0,0,0,0,0,1
6901028301695,202503,南京(软九五),一类烟,0,0.0,100.0,,87.99,100.0,1.3873473917869037,0.24217756114839845,41075.0,317.4115210843373,0.5118203309692672,1.0,0.0,8.0,14.61,0.0,100.0,1,0,0,0,0,0,0,0,1
6901028301695,202504,南京(软九五),一类烟,0,0.0,100.0,,100.0,100.0,1.3873473917869037,0.24217756114839845,41075.0,317.4115210843373,0.0828402366863905,-97.484848,0.00281763621607935,8.0,14.61,0.0,100.0,1,0,0,0,0,0,0,0,1
6901028301695,202508,南京(软九五),一类烟,0,0.0,100.0,0.0,100.0,100.0,1.3873473917869037,0.24217756114839845,41075.0,317.4115210843373,0.0995260663507109,-97.484848,0.00281763621607935,8.0,14.61,0.0,100.0,1,0,0,0,0,0,0,0,1
6901028301695,202509,南京(软九五),一类烟,0,-13.722307889477165,100.0,,87.5,100.0,1.3873473917869037,0.24217756114839845,41075.0,317.4115210843373,0.2345238095238095,1.0,0.0,8.0,14.61,0.0,100.0,1,0,0,0,0,0,0,0,1
6901028301695,202601,南京(软九五),一类烟,0,13.722307889477165,86.27769211052284,100.0,87.5,100.0,1.3873473917869037,0.24217756114839845,41075.0,317.4115210843373,0.2345238095238095,-97.484848,0.00281763621607935,8.0,14.61,0.0,100.0,1,0,0,0,0,0,0,0,1
6901028301695,202602,南京(软九五),一类烟,0,-2.3854577317398054,100.0,,62.93,100.0,1.3873473917869037,0.308476692563818,180200.0,3702.0,0.9964497041420118,-99.0,0.0001706035502958,2.0,0.24,0.0,86.27769211052284,1,0,0,0,0,0,0,0,1
6901028312356,202504,云烟(细支大重九),一类烟,0,0.0,22.709923664122115,,87.5,100.0,1.1484823625922886,0.24217756114839845,41075.0,317.4115210843373,0.2345238095238095,-97.484848,0.00281763621607935,8.0,14.61,0.0,41.1974834563511,1,0,0,0,0,0,0,0,1
6901028312356,202511,云烟(细支大重九),一类烟,0,-32.88988508711143,73.73277774313753,96.470588,87.5,100.0,1.179245283018868,0.24217756114839845,41075.0,317.4115210843373,0.2345238095238095,1.0,0.0,8.0,14.61,0.0,22.709923664122115,1,0,0,0,0,0,0,0,1
6901028312356,202602,云烟(细支大重九),一类烟,0,15.453850116400695,40.8428926560261,100.0,63.22,94.55,1.179245283018868,0.3086724861942015,212000.0,130.48780487804876,1.0,-95.470588,0.0081903415783274,42.0,4.95,0.0,73.73277774313753,1,0,0,0,0,0,0,0,1
6901028312356,202603,云烟(细支大重九),一类烟,0,1.0669693268171514,56.296742772426796,100.0,48.1,100.0,1.179245283018868,0.3087617924528302,212000.0,11238.5,1.0,-99.0,0.0002014251781472,8.0,0.24,0.0,40.8428926560261,1,0,0,0,0,0,0,0,1
6901028312356,202604,云烟(细支大重九),一类烟,0,15.326655511935918,57.36371209924395,100.0,87.5,100.0,1.179245283018868,0.3087617924528302,212000.0,4879.25,0.2345238095238095,-99.0,0.0004042908224076,8.0,0.24,0.0,56.296742772426796,1,0,0,0,0,0,0,0,1
6901028312356,202606,云烟(细支大重九),一类烟,0,-31.81218660744829,72.69036761117987,97.727273,87.5,100.0,1.179245283018868,0.3087617924528302,212000.0,4589.25,0.2345238095238095,-99.0,0.0004076923076923,8.0,0.24,0.0,57.36371209924395,1,0,0,0,0,0,0,0,1
6901028314459,202501,玉溪(硬和谐),一类烟,0,-1.3992362751349106,72.6749875606483,98.924731,87.5,100.0,1.1484823625922886,0.24217756114839845,41075.0,317.4115210843373,0.2345238095238095,-97.484848,0.00281763621607935,8.0,14.61,0.0,41.1974834563511,1,0,0,0,0,0,0,0,1
6901028314459,202502,玉溪(硬和谐),一类烟,1,-1.7333985780197168,71.2757512855134,95.744681,107.48,100.0,1.179245283018868,0.3089029814397047,84800.0,442.9891304347826,1.0,-97.924731,0.0036974407582938,53.0,10.9,0.0,72.6749875606483,1,0,0,0,0,0,0,0,1
6901028314459,202503,玉溪(硬和谐),一类烟,0,2.9741034053258915,69.54235270749368,100.0,85.82,100.0,1.179245283018868,0.3089033018867924,84800.0,823.3333333333333,0.9822695035460992,-94.744681,0.0018042553191489,8.0,14.61,0.0,71.2757512855134,1,0,0,0,0,0,0,0,1
6901028314459,202504,玉溪(硬和谐),一类烟,1,-0.08738591698819675,72.51645611281957,92.063492,64.71,97.01,1.179245283018868,0.3088894826061321,84800.0,1292.96875,0.1207100591715976,-99.0,0.0012845443786982,8.0,2.01,0.0,69.54235270749368,1,0,0,0,0,0,0,0,1
6901028314459,202505,玉溪(硬和谐),一类烟,0,-5.768937033986049,72.42907019583137,95.555556,73.24,97.85,1.179245283018868,0.3088890696161353,84800.0,484.5689655172413,1.0,-91.063492,0.0023309952606635,1.0,3.55,0.0,72.51645611281957,1,0,0,0,0,0,0,0,1
6901028314459,202506,玉溪(硬和谐),一类烟,0,7.560824253432116,66.66013316184532,100.0,89.43,98.25,1.179245283018868,0.308888904124616,84800.0,508.3023255813954,0.3773809523809524,-94.555556,0.0017363809523809,8.0,2.62,0.0,72.42907019583137,1,0,0,0,0,0,0,0,1
6901028314459,202508,玉溪(硬和谐),一类烟,1,0.0,22.709923664122115,0.0,63.35,98.22,1.179245283018868,0.3088891072676449,84800.0,21.29320987654321,0.9454329774614472,-96.885196,0.0130368683274021,136.0,20.05,0.0,74.22095741527744,1,0,0,0,0,0,0,0,1
6901028314459,202509,玉溪(硬和谐),一类烟,0,0.0,22.709923664122115,,77.09,97.51,1.179245283018868,0.24217756114839845,41075.0,317.4115210843373,0.3099762470308788,1.0,0.0,8.0,14.61,0.0,22.709923664122115,1,0,0,0,0,0,0,0,1
6901028314459,202511,玉溪(硬和谐),一类烟,0,0.0,22.709923664122115,,51.23,97.17,1.179245283018868,0.24217756114839845,41075.0,317.4115210843373,0.8664302600472813,-97.484848,0.00281763621607935,8.0,14.61,0.0,22.709923664122115,1,0,0,0,0,0,0,0,1
6901028314459,202601,玉溪(硬和谐),一类烟,0,0.0,22.709923664122115,,38.73,92.24,1.179245283018868,0.24217756114839845,41075.0,317.4115210843373,0.7161366313309776,-97.484848,0.00281763621607935,8.0,14.61,0.0,22.709923664122115,1,0,0,0,0,0,0,0,1
6901028314459,202602,玉溪(硬和谐),一类烟,0,0.0,22.709923664122115,,34.58,97.29,1.179245283018868,0.24217756114839845,41075.0,317.4115210843373,1.0,-97.484848,0.00281763621607935,8.0,14.61,0.0,22.709923664122115,1,0,0,0,0,0,0,0,1
6901028314459,202603,玉溪(硬和谐),一类烟,0,0.0,22.709923664122115,,87.5,100.0,1.179245283018868,0.24217756114839845,41075.0,317.4115210843373,0.2345238095238095,-97.484848,0.00281763621607935,8.0,14.61,0.0,22.709923664122115,1,0,0,0,0,0,0,0,1
6901028314459,202604,玉溪(硬和谐),一类烟,0,0.0,22.709923664122115,,87.5,100.0,1.179245283018868,0.24217756114839845,41075.0,317.4115210843373,0.2345238095238095,-97.484848,0.00281763621607935,8.0,14.61,0.0,22.709923664122115,1,0,0,0,0,0,0,0,1
6901028314459,202605,玉溪(硬和谐),一类烟,0,0.0,22.709923664122115,,87.5,100.0,1.179245283018868,0.24217756114839845,41075.0,317.4115210843373,0.2345238095238095,-97.484848,0.00281763621607935,8.0,14.61,0.0,22.709923664122115,1,0,0,0,0,0,0,0,1
6901028314459,202606,玉溪(硬和谐),一类烟,0,0.0,22.709923664122115,,87.5,100.0,1.179245283018868,0.24217756114839845,41075.0,317.4115210843373,0.2345238095238095,-97.484848,0.00281763621607935,8.0,14.61,0.0,22.709923664122115,1,0,0,0,0,0,0,0,1
6901028314985,202501,红塔山(硬经典),三类烟,0,-0.063543627837376,41.87111288310256,99.01599,87.5,100.0,1.1484823625922886,0.24217756114839845,41075.0,317.4115210843373,0.2345238095238095,-97.484848,0.00281763621607935,8.0,14.61,0.0,41.1974834563511,0,1,0,0,0,0,0,1,0
6901028314985,202502,红塔山(硬经典),三类烟,0,-0.3458263050128494,41.807569255265186,99.487617,97.46,100.0,1.1333333333333333,0.2421351552795031,18750.0,29.84844720496894,0.9561611374407584,-98.01599,0.0071534360189573,5.0,86.02,0.0,41.87111288310256,0,1,0,0,0,0,0,1,0
6901028314985,202503,红塔山(硬经典),三类烟,0,0.30248673162063255,41.46174295025234,99.44186,92.53,100.0,1.1333333333333333,0.2421333333333333,18750.0,46.92188841201717,0.450354609929078,-98.487617,0.0206560283687943,8.0,14.61,0.0,41.807569255265186,0,1,0,0,0,0,0,1,0
6901028314985,202504,红塔山(硬经典),三类烟,0,-0.18997331605459067,41.76422968187297,98.403576,92.5,98.83,1.1333333333333333,0.2421333333333333,18750.0,140.91674462114125,0.8674556213017751,-98.44186,0.0094881656804733,2.0,63.31,0.0,41.46174295025234,0,1,0,0,0,0,0,1,0
6901028314985,202505,红塔山(硬经典),三类烟,0,0.08183567661668434,41.57425636581838,99.360341,78.79,97.16,1.1333333333333333,0.2421333333333333,18750.0,58.70149253731344,0.3127962085308057,-97.403576,0.0136937203791469,2.0,91.35,0.0,41.76422968187297,0,1,0,0,0,0,0,1,0
6901028314985,202506,红塔山(硬经典),三类烟,0,0.23309559463206142,41.65609204243506,99.378882,91.72,99.61,1.1333333333333333,0.2421333333333333,18750.0,110.33583690987123,0.9988095238095238,-98.360341,0.0083214285714285,8.0,55.48,0.0,41.57425636581838,0,1,0,0,0,0,0,1,0
6901028314985,202507,红塔山(硬经典),三类烟,0,-0.034851658345651515,41.889187637067124,99.712289,93.95,99.62,1.1333333333333333,0.2421311111111111,18750.0,87.85208333333333,0.9964200477326968,-98.378882,0.0042959427207637,8.0,28.64,0.0,41.65609204243506,0,1,0,0,0,0,0,1,0
6901028314985,202508,红塔山(硬经典),三类烟,0,0.05642816173381959,41.85433597872147,99.571184,87.5,100.0,1.1333333333333333,0.2421331134927177,18750.0,24.71434460016488,0.2345238095238095,-98.712289,0.0215836298932384,10.0,94.31,52.83,41.889187637067124,0,1,0,0,0,0,0,1,0
6901028314985,202509,红塔山(硬经典),三类烟,0,-0.06607236590024002,41.91076414045529,99.282511,87.5,100.0,1.1333333333333333,0.2421332759115705,18750.0,34.204565030146426,0.2345238095238095,-98.571184,0.0206828978622327,4.0,96.56,43.05,41.85433597872147,0,1,0,0,0,0,0,1,0
6901028314985,202510,红塔山(硬经典),三类烟,0,-36.18667650737953,41.84469177455505,99.31592,91.13,99.8,1.1333333333333333,0.2421404396266185,18750.0,9.10252935862692,0.4739952718676123,-98.282511,0.019627659574468,5.0,92.32,0.0,41.91076414045529,0,1,0,0,0,0,0,1,0
6901028314985,202511,红塔山(硬经典),三类烟,1,0.0,5.658015267175522,0.0,87.5,100.0,1.1333333333333333,0.2421319140054268,18750.0,36.67814652473388,0.2345238095238095,-98.31592,0.0141410861865407,6.0,94.45,0.0,41.84469177455505,0,1,0,0,0,0,0,1,0
6901028314985,202512,红塔山(硬经典),三类烟,0,36.26495136865619,5.658015267175522,0.0,87.5,100.0,1.1333333333333333,0.24217756114839845,41075.0,317.4115210843373,0.2345238095238095,1.0,0.0,8.0,14.61,0.0,5.658015267175522,0,1,0,0,0,0,0,1,0
6901028314985,202601,红塔山(硬经典),三类烟,0,-0.04791202976729636,41.92296663583171,99.341564,87.5,100.0,1.1333333333333333,0.24217756114839845,41075.0,317.4115210843373,0.2345238095238095,1.0,0.0,8.0,14.61,0.0,5.658015267175522,0,1,0,0,0,0,0,1,0
6901028314985,202602,红塔山(硬经典),三类烟,0,-0.18050407672868118,41.87505460606442,96.864112,87.5,100.0,1.1333333333333333,0.24217674675504,18750.0,20.265120132560067,0.2345238095238095,-98.341564,0.0214260355029585,8.0,95.74,0.0,41.92296663583171,0,1,0,0,0,0,0,1,0
6901028314985,202603,红塔山(硬经典),三类烟,0,-36.036535262160214,41.694550529335736,99.723948,87.5,100.0,1.1333333333333333,0.242160831334932,18750.0,31.56155075939249,0.2345238095238095,-95.864112,0.0222862232779097,2.0,96.32,0.0,41.87505460606442,0,1,0,0,0,0,0,1,0
6901028314985,202604,红塔山(硬经典),三类烟,1,36.11178015296195,5.658015267175522,0.0,87.5,100.0,1.1333333333333333,0.2421333333333333,18750.0,77.6401384083045,0.2345238095238095,-98.723948,0.0129171632896305,2.0,86.29,0.0,41.694550529335736,0,1,0,0,0,0,0,1,0
6901028314985,202605,红塔山(硬经典),三类烟,0,-0.5222144357759007,41.76979542013747,99.620925,87.5,100.0,1.1333333333333333,0.24217756114839845,41075.0,317.4115210843373,0.2345238095238095,1.0,0.0,8.0,14.61,0.0,5.658015267175522,0,1,0,0,0,0,0,1,0
6901028314985,202606,红塔山(硬经典),三类烟,0,0.5825851831896927,41.24758098436157,99.672935,87.5,100.0,1.1333333333333333,0.2421333333333333,18750.0,57.18873668188736,0.2345238095238095,-98.620925,0.0118734939759036,1.0,79.52,0.0,41.76979542013747,0,1,0,0,0,0,0,1,0
6901028315432,202501,红塔山(硬经典100),三类烟,0,-0.8348134863473575,41.41321262323447,98.674981,87.5,100.0,1.1484823625922886,0.24217756114839845,41075.0,317.4115210843373,0.2345238095238095,-97.484848,0.00281763621607935,8.0,14.61,0.0,41.1974834563511,0,1,0,0,0,0,0,1,0
6901028315432,202502,红塔山(硬经典100),三类烟,0,0.5914171735082192,40.578399136887114,98.145025,87.5,100.0,1.134020618556701,0.2420344945522059,24250.0,166.51500789889414,0.2345238095238095,-97.674981,0.01455,2.0,92.77,60.54,41.41321262323447,0,1,0,0,0,0,0,1,0
6901028315432,202503,红塔山(硬经典100),三类烟,0,-0.6902566789810507,41.16981631039533,99.852725,89.18,100.0,1.134020618556701,0.2421162362277252,24250.0,402.2800687285224,0.2245862884160756,-97.145025,0.00667304964539,8.0,14.61,0.0,40.578399136887114,0,1,0,0,0,0,0,1,0
6901028315432,202504,红塔山(硬经典100),三类烟,0,0.9418094661971139,40.47955963141428,98.812352,100.0,100.0,1.134020618556701,0.2421457135906091,24250.0,244.73082595870207,0.0248520710059171,-98.852725,0.0155659171597633,2.0,80.71,0.0,41.16981631039533,0,1,0,0,0,0,0,1,0
6901028315432,202505,红塔山(硬经典100),三类烟,0,0.20477738990800987,41.4213690976114,99.740765,84.0,100.0,1.134020618556701,0.2421557791435369,24250.0,433.4326923076923,0.0592417061611374,-97.812352,0.0047810426540284,2.0,25.0,0.0,40.47955963141428,0,1,0,0,0,0,0,1,0
6901028315432,202506,红塔山(硬经典100),三类烟,0,-35.712870340513874,41.62614648751941,99.366688,87.7,98.15,1.134020618556701,0.2421603933468646,24250.0,177.95126705653024,0.0726190476190476,-98.740765,0.0177717857142857,2.0,91.79,0.0,41.4213690976114,0,1,0,0,0,0,0,1,0
6901028315432,202507,红塔山(硬经典100),三类烟,1,0.0,5.913276147005536,0.0,81.82,100.0,1.134020618556701,0.2421619916816147,24250.0,122.46653919694072,0.0656324582338902,-98.366688,0.0181614558472553,2.0,93.79,0.0,41.62614648751941,0,1,0,0,0,0,0,1,0
6901028315432,202508,红塔山(硬经典100),三类烟,0,35.60948951787418,5.913276147005536,0.0,84.07,98.7,1.134020618556701,0.24217756114839845,41075.0,317.4115210843373,0.1079478054567022,1.0,0.0,8.0,14.61,0.0,5.913276147005536,0,1,0,0,0,0,0,1,0
6901028315432,202509,红塔山(硬经典100),三类烟,0,-35.60948951787418,41.522765664879714,99.6004,81.48,100.0,1.134020618556701,0.24217756114839845,41075.0,317.4115210843373,0.0961995249406175,1.0,0.0,8.0,14.61,0.0,5.913276147005536,0,1,0,0,0,0,0,1,0
6901028315432,202510,红塔山(硬经典100),三类烟,1,0.0,5.913276147005536,0.0,79.25,100.0,1.134020618556701,0.2421619497668262,24250.0,150.56068204613842,0.0354609929078014,-98.6004,0.0114313238770685,14.0,58.98,0.0,41.522765664879714,0,1,0,0,0,0,0,1,0
6901028315432,202511,红塔山(硬经典100),三类烟,0,0.0,5.913276147005536,0.0,54.55,100.0,1.134020618556701,0.24217756114839845,41075.0,317.4115210843373,0.0389610389610389,1.0,0.0,8.0,14.61,0.0,5.913276147005536,0,1,0,0,0,0,0,1,0
6901028315432,202512,红塔山(硬经典100),三类烟,0,0.0,5.913276147005536,0.0,87.5,100.0,1.134020618556701,0.24217756114839845,41075.0,317.4115210843373,0.2345238095238095,1.0,0.0,8.0,14.61,0.0,5.913276147005536,0,1,0,0,0,0,0,1,0
6901028315432,202601,红塔山(硬经典100),三类烟,0,0.0,5.913276147005536,0.0,2.0,100.0,1.134020618556701,0.24217756114839845,41075.0,317.4115210843373,0.0577830188679245,1.0,0.0,8.0,14.61,0.0,5.913276147005536,0,1,0,0,0,0,0,1,0
6901028315432,202602,红塔山(硬经典100),三类烟,0,0.0,5.913276147005536,,55.58,100.0,1.134020618556701,0.24217756114839845,41075.0,317.4115210843373,0.3562130177514793,1.0,0.0,8.0,14.61,0.0,5.913276147005536,0,1,0,0,0,0,0,1,0
6901028315432,202603,红塔山(硬经典100),三类烟,0,0.0,5.913276147005536,0.0,32.76,100.0,1.134020618556701,0.24217756114839845,41075.0,317.4115210843373,0.2304038004750593,-97.484848,0.00281763621607935,8.0,14.61,0.0,5.913276147005536,0,1,0,0,0,0,0,1,0
6901028315432,202604,红塔山(硬经典100),三类烟,0,0.0,5.913276147005536,,39.1,90.28,1.134020618556701,0.24217756114839845,41075.0,317.4115210843373,0.2121573301549463,1.0,0.0,8.0,14.61,0.0,5.913276147005536,0,1,0,0,0,0,0,1,0
6901028315432,202605,红塔山(硬经典100),三类烟,0,0.0,5.913276147005536,,13.7,76.72,1.134020618556701,0.24217756114839845,41075.0,317.4115210843373,0.8990384615384616,-97.484848,0.00281763621607935,8.0,14.61,0.0,5.913276147005536,0,1,0,0,0,0,0,1,0
6901028315432,202606,红塔山(硬经典100),三类烟,0,0.0,5.913276147005536,0.0,7.79,75.44,1.134020618556701,0.24217756114839845,41075.0,317.4115210843373,1.0,-97.484848,0.00281763621607935,8.0,14.61,0.0,5.913276147005536,0,1,0,0,0,0,0,1,0
6901028317177,202501,玉溪(软),一类烟,0,-0.14899438924154396,55.454043294161,98.358349,87.5,100.0,1.1484823625922886,0.24217756114839845,41075.0,317.4115210843373,0.2345238095238095,-97.484848,0.00281763621607935,8.0,14.61,0.0,41.1974834563511,1,0,0,0,0,0,0,0,1
6901028317177,202502,玉溪(软),一类烟,0,-13.245923720448772,55.30504890491946,98.671498,87.5,100.0,1.1420059582919562,0.2755017216158327,50350.0,248.31950405340964,0.2345238095238095,-97.358349,0.0500397867298578,12.0,90.28,88.45,55.454043294161,1,0,0,0,0,0,0,0,1
6901028317177,202503,玉溪(软),一类烟,1,13.68534357027741,42.05912518447069,95.652174,98.63,100.0,1.1420059582919562,0.275503938768887,50350.0,289.0563035495716,0.9609929078014184,-97.671498,0.0388992434988179,8.0,14.61,0.0,55.30504890491946,1,0,0,0,0,0,0,0,1
6901028317177,202504,玉溪(软),一类烟,0,-2.537504270247247,55.7444687547481,99.286988,97.93,99.52,1.1420059582919562,0.2755194697722006,50350.0,3890.954545454545,0.9988165680473372,-94.652174,0.0031461301775147,1.0,7.93,0.0,42.05912518447069,1,0,0,0,0,0,0,0,1
6901028317177,202505,玉溪(软),一类烟,0,2.0062524445352636,53.20696448450085,99.648506,98.22,99.63,1.1420059582919562,0.2755202585492218,50350.0,171.3927289048474,0.9976303317535544,-98.286988,0.0531657819905213,6.0,77.01,73.23,55.7444687547481,1,0,0,0,0,0,0,0,1
6901028317177,202506,玉溪(软),一类烟,0,-0.3653333124854967,55.213216929036115,99.16986,97.17,100.0,1.1420059582919562,0.2755206499827486,50350.0,861.1234567901236,1.0,-98.648506,0.0135945,8.0,34.05,0.0,53.20696448450085,1,0,0,0,0,0,0,0,1
6901028317177,202507,玉溪(软),一类烟,0,-1.0640774526781485,54.84788361655062,99.516129,100.0,100.0,1.1420059582919562,0.2754593889137915,50350.0,309.184803605924,0.7804295942720764,-98.16986,0.0373238902147971,2.0,65.51,28.96,55.213216929036115,1,0,0,0,0,0,0,0,1
6901028317177,202508,玉溪(软),一类烟,0,1.3832919263806644,53.78380616387247,97.985348,99.32,99.57,1.1420059582919562,0.2753937993204778,50350.0,401.36871961102105,0.8374851720047449,-98.516129,0.0294813285883748,9.0,60.14,23.08,54.84788361655062,1,0,0,0,0,0,0,0,1
6901028317177,202509,玉溪(软),一类烟,0,-0.692258156023442,55.167098090253134,98.565401,98.62,100.0,1.1420059582919562,0.2754988909409832,50350.0,701.9794392523364,0.9631828978622328,-96.985348,0.0127967933491686,8.0,23.87,34.33,53.78380616387247,1,0,0,0,0,0,0,0,1
6901028317177,202510,玉溪(软),一类烟,0,-2.8938326235319494,54.47483993422969,98.905609,97.48,99.63,1.1420059582919562,0.275512168246929,50350.0,327.44349315068496,0.6784869976359338,-97.565401,0.0278055791962174,6.0,45.98,48.59,55.167098090253134,1,0,0,0,0,0,0,0,1
6901028317177,202511,玉溪(软),一类烟,0,-5.9563478074087115,51.58100731069774,98.125,97.34,99.76,1.1420059582919562,0.2755175733901417,50350.0,516.1839557399724,0.998819362455726,-97.905609,0.0171915230224321,11.0,32.47,33.09,54.47483993422969,1,0,0,0,0,0,0,0,1
6901028317177,202512,玉溪(软),一类烟,0,9.528290742070268,45.62465950328903,99.099099,97.06,100.0,1.1420059582919562,0.2755142874612321,50350.0,1302.3651804670912,1.0,-97.125,0.0111730742049469,7.0,28.86,0.0,51.58100731069774,1,0,0,0,0,0,0,0,1
6901028317177,202601,玉溪(软),一类烟,0,-1.8964847962233264,55.1529502453593,99.610895,87.5,100.0,1.1420059582919562,0.2755132256026,50350.0,2921.172727272727,0.2345238095238095,-98.099099,0.005225,8.0,13.33,0.0,45.62465950328903,1,0,0,0,0,0,0,0,1
6901028317177,202602,玉溪(软),一类烟,0,0.8945449984089464,53.25646544913597,99.249061,100.0,100.0,1.1420059582919562,0.2755158713226167,50350.0,331.6904296875,0.0224852071005917,-98.610895,0.0488126863905325,49.0,52.43,73.59,55.1529502453593,1,0,0,0,0,0,0,0,1
6901028317177,202603,玉溪(软),一类烟,0,-0.46206109852703037,54.15101044754492,98.830409,87.5,100.0,1.1420059582919562,0.2755185955562012,50350.0,847.4464060529633,0.2345238095238095,-98.249061,0.0189679572446555,11.0,39.67,61.68,53.25646544913597,1,0,0,0,0,0,0,0,1
6901028317177,202604,玉溪(软),一类烟,0,0.44344148633364,53.68894934901789,99.775281,89.19,100.0,1.1420059582919562,0.2755191764159758,50350.0,604.3739644970415,0.0226460071513706,-97.830409,0.0202840286054827,16.0,33.02,52.71,54.15101044754492,1,0,0,0,0,0,0,0,1
6901028317177,202605,玉溪(软),一类烟,0,-2.429551255233207,54.13239083535153,98.971193,81.82,100.0,1.1420059582919562,0.2754854531790977,50350.0,726.3040540540541,0.0264423076923076,-98.775281,0.0107477884615384,7.0,19.95,42.17,53.68894934901789,1,0,0,0,0,0,0,0,1
6901028317177,202606,玉溪(软),一类烟,1,-12.527891716622158,51.70283958011832,96.034483,93.75,100.0,1.1420059582919562,0.2754337103890231,50350.0,600.1663201663202,0.0192771084337349,-97.971193,0.0116714939759036,12.0,18.67,43.87,54.13239083535153,1,0,0,0,0,0,0,0,1
6901028322867,202501,玉溪(鑫中支),一类烟,0,0.0,13.911450381679305,,87.5,100.0,1.1484823625922886,0.24217756114839845,41075.0,317.4115210843373,0.2345238095238095,-97.484848,0.00281763621607935,8.0,14.61,0.0,41.1974834563511,1,0,0,0,0,0,0,0,1
6901028322867,202503,玉溪(鑫中支),一类烟,0,0.0,13.911450381679305,,98.68,100.0,1.1555555555555554,0.24217756114839845,41075.0,317.4115210843373,1.0,-97.484848,0.00281763621607935,8.0,14.61,0.0,13.911450381679305,1,0,0,0,0,0,0,0,1
6901028322867,202504,玉溪(鑫中支),一类烟,0,0.0,13.911450381679305,,87.5,100.0,1.1555555555555554,0.24217756114839845,41075.0,317.4115210843373,0.2345238095238095,-97.484848,0.00281763621607935,8.0,14.61,0.0,13.911450381679305,1,0,0,0,0,0,0,0,1
6901028322867,202505,玉溪(鑫中支),一类烟,0,0.0,13.911450381679305,,87.5,100.0,1.1555555555555554,0.24217756114839845,41075.0,317.4115210843373,0.2345238095238095,-97.484848,0.00281763621607935,8.0,14.61,0.0,13.911450381679305,1,0,0,0,0,0,0,0,1
6901028322867,202506,玉溪(鑫中支),一类烟,0,0.0,13.911450381679305,,87.5,100.0,1.1555555555555554,0.24217756114839845,41075.0,317.4115210843373,0.2345238095238095,-97.484848,0.00281763621607935,8.0,14.61,0.0,13.911450381679305,1,0,0,0,0,0,0,0,1
6901028324830,202502,红塔山(细支传奇),二类烟,0,19.832743315629532,16.041369120906165,,87.5,100.0,1.1484823625922886,0.24217756114839845,41075.0,317.4115210843373,0.2345238095238095,-97.484848,0.00281763621607935,8.0,14.61,0.0,41.1974834563511,0,0,1,0,0,0,0,0,1
6901028324830,202503,红塔山(细支传奇),二类烟,0,-19.832743315629532,35.8741124365357,95.454545,73.77,100.0,1.1612903225806452,0.24217756114839845,41075.0,317.4115210843373,0.0721040189125295,-97.484848,0.00281763621607935,8.0,14.61,0.0,16.041369120906165,0,0,1,0,0,0,0,0,1
6901028324830,202504,红塔山(细支传奇),二类烟,0,0.0,16.041369120906165,,80.0,88.24,1.1612903225806452,0.2421290322580644,38750.0,2599.880952380952,0.0236686390532544,-94.454545,0.0007704142011834,8.0,2.49,0.0,35.8741124365357,0,0,1,0,0,0,0,0,1
6901028324830,202505,红塔山(细支传奇),二类烟,0,26.8527182052367,16.041369120906165,,47.54,93.33,1.1612903225806452,0.24217756114839845,38750.0,317.4115210843373,0.0722748815165876,-97.484848,0.001542654028436,8.0,4.98,0.0,16.041369120906165,0,0,1,0,0,0,0,0,1
6901028324830,202506,红塔山(细支传奇),二类烟,0,0.8418068162306795,42.894087326142866,100.0,50.0,95.45,1.1612903225806452,0.24217756114839845,38750.0,317.4115210843373,0.0511904761904761,-97.484848,0.0019744047619047,8.0,6.43,0.0,16.041369120906165,0,0,1,0,0,0,0,0,1
6901028324830,202507,红塔山(细支传奇),二类烟,1,0.6570621058519492,43.735894142373546,95.625,100.0,100.0,1.1612903225806452,0.2421290322580645,38750.0,691.8666666666667,0.0047732696897374,-99.0,0.0016646778042959,8.0,5.37,0.0,42.894087326142866,0,0,1,0,0,0,0,0,1
6901028324830,202508,红塔山(细支传奇),二类烟,0,0.2229024590058728,44.392956248225495,72.131148,19.4,91.72,1.1612903225806452,0.2421290322580644,38750.0,463.0653594771242,0.9905100830367736,-94.625,0.0028131672597864,1.0,9.13,0.0,43.735894142373546,0,0,1,0,0,0,0,0,1
6901028324830,202509,红塔山(细支传奇),二类烟,0,-28.574489586325203,44.61585870723137,73.043478,87.5,100.0,1.1612903225806452,0.2421290322580645,38750.0,284.47727272727275,0.2345238095238095,-71.131148,0.0024299287410926,8.0,7.84,0.0,44.392956248225495,0,0,1,0,0,0,0,0,1
6901028324830,202510,红塔山(细支传奇),二类烟,0,0.0,16.041369120906165,,87.5,100.0,1.1612903225806452,0.2421290322580644,38750.0,223.8928571428571,0.2345238095238095,-72.043478,0.0015390070921985,1.0,4.96,0.0,44.61585870723137,0,0,1,0,0,0,0,0,1
6901028324830,202512,红塔山(细支传奇),二类烟,0,26.964955295182566,16.041369120906165,,87.5,100.0,1.1612903225806452,0.24217756114839845,41075.0,317.4115210843373,0.2345238095238095,-97.484848,0.00281763621607935,8.0,2.13,0.0,16.041369120906165,0,0,1,0,0,0,0,0,1
6901028324830,202601,红塔山(细支传奇),二类烟,0,-6.354303550845572,43.00632441608873,96.451613,87.5,100.0,1.1612903225806452,0.24217756114839845,38750.0,317.4115210843373,0.2345238095238095,-97.484848,1.827830188679245e-05,8.0,0.12,0.0,16.041369120906165,0,0,1,0,0,0,0,0,1
6901028324830,202602,红塔山(细支传奇),二类烟,0,5.66406697890384,36.65202086524316,98.701299,87.5,100.0,1.1612903225806452,0.2421227748408674,38750.0,660.6822742474917,0.2345238095238095,-95.451613,0.0054846153846153,63.0,19.29,50.31,43.00632441608873,0,0,1,0,0,0,0,0,1
6901028324830,202603,红塔山(细支传奇),二类烟,0,1.4562117286086362,42.316087844147,98.0,27.88,97.9,1.1612903225806452,0.2421239388794566,38750.0,2387.894736842105,1.0,-97.701299,0.0013990498812351,6.0,9.03,0.0,36.65202086524316,0,0,1,0,0,0,0,0,1
6901028324830,202604,红塔山(细支传奇),二类烟,0,0.3782172020018919,43.772299572755635,97.156398,22.51,92.78,1.1612903225806452,0.2421237656352863,38750.0,848.3945578231293,1.0,-97.0,0.0027157330154946,5.0,8.58,6.94,42.316087844147,0,0,1,0,0,0,0,0,1
6901028324830,202605,红塔山(细支传奇),二类烟,0,-4.392746480846419,44.15051677475753,95.910781,15.14,87.35,1.1612903225806452,0.2421236821400472,38750.0,452.5902439024391,1.0,-96.156398,0.003819110576923,66.0,13.94,0.0,43.772299572755635,0,0,1,0,0,0,0,0,1
6901028324830,202606,红塔山(细支传奇),二类烟,1,-7.992339420717208,39.75777029391111,87.898089,11.89,87.74,1.1612903225806452,0.2421237809452363,38750.0,349.80232558139534,1.0,-94.910781,0.0048180722891566,36.0,13.73,28.95,44.15051677475753,0,0,1,0,0,0,0,0,1
6901028325257,202601,玉溪(细支缤果爆),一类烟,0,3.3750927906971455,53.05826766743792,82.142857,87.5,100.0,1.1484823625922886,0.24217756114839845,41075.0,317.4115210843373,0.2345238095238095,-97.484848,0.00281763621607935,8.0,14.61,0.0,41.1974834563511,1,0,0,0,0,0,0,0,1
6901028325257,202603,玉溪(细支缤果爆),一类烟,0,-0.20920681184114898,56.43336045813506,100.0,112.33,99.88,1.1555555555555554,0.2755111111111111,56250.0,1356.4347826086955,0.98698224852071,-81.142857,0.0006124260355029,19.0,2.25,21.05,53.05826766743792,1,0,0,0,0,0,0,0,1
6901028325257,202604,玉溪(细支缤果爆),一类烟,0,-0.02111418132442111,56.224153646293914,100.0,98.75,99.86,1.1555555555555554,0.2754888888888888,56250.0,436.6818181818182,0.8438617401668653,-99.0,0.0017699642431466,3.0,2.03,88.24,56.43336045813506,1,0,0,0,0,0,0,0,1
6901028325257,202605,玉溪(细支缤果爆),一类烟,0,0.6959379122500451,56.20303946496949,100.0,96.05,99.2,1.1555555555555554,0.2754654320987654,56250.0,491.0,0.7860576923076923,-99.0,0.0009735576923076,5.0,2.16,0.0,56.224153646293914,1,0,0,0,0,0,0,0,1
6901028325257,202606,玉溪(细支缤果爆),一类烟,0,-0.5897664122945514,56.89897737721954,100.0,95.87,99.62,1.1555555555555554,0.2754681481481481,56250.0,497.03333333333336,1.0,-99.0,0.0008132530120481,1.0,1.81,0.0,56.20303946496949,1,0,0,0,0,0,0,0,1
6901028331296,202501,云烟(黑金刚印象),一类烟,0,0.11940664174650806,86.39984838568245,100.0,87.5,100.0,1.1484823625922886,0.24217756114839845,41075.0,317.4115210843373,0.2345238095238095,-97.484848,0.00281763621607935,8.0,14.61,0.0,41.1974834563511,1,0,0,0,0,0,0,0,1
6901028331296,202502,云烟(黑金刚印象),一类烟,1,-23.99323143270314,86.51925502742895,95.0,90.21,100.0,1.2864493996569468,0.308893653516295,145750.0,318.9,0.9656398104265402,-99.0,0.0016578199052132,21.0,3.55,0.0,86.39984838568245,1,0,0,0,0,0,0,0,1
6901028331296,202505,云烟(黑金刚印象),一类烟,0,0.0,62.526023594725814,,85.94,100.0,1.2864493996569468,0.3088934278234179,145750.0,286.42105263157896,0.9810874704491724,-94.0,0.0010474704491725,8.0,14.61,0.0,86.51925502742895,1,0,0,0,0,0,0,0,1
6901028331296,202506,云烟(黑金刚印象),一类烟,0,0.0,62.526023594725814,,78.38,99.85,1.2864493996569468,0.24217756114839845,41075.0,317.4115210843373,0.9988095238095238,-97.484848,0.00281763621607935,8.0,14.61,0.0,62.526023594725814,1,0,0,0,0,0,0,0,1
6901028331296,202507,云烟(黑金刚印象),一类烟,0,0.0,62.526023594725814,,87.5,100.0,1.2864493996569468,0.24217756114839845,41075.0,317.4115210843373,0.2345238095238095,-97.484848,0.00281763621607935,8.0,14.61,0.0,62.526023594725814,1,0,0,0,0,0,0,0,1
6901028331296,202508,云烟(黑金刚印象),一类烟,0,0.0,62.526023594725814,,80.08,98.97,1.2864493996569468,0.24217756114839845,41075.0,317.4115210843373,0.9988137603795968,-97.484848,0.00281763621607935,8.0,14.61,0.0,62.526023594725814,1,0,0,0,0,0,0,0,1
6901028331296,202509,云烟(黑金刚印象),一类烟,0,0.0,62.526023594725814,,57.31,99.39,1.2864493996569468,0.24217756114839845,41075.0,317.4115210843373,0.6484560570071259,-97.484848,0.00281763621607935,8.0,14.61,0.0,62.526023594725814,1,0,0,0,0,0,0,0,1
6901028331296,202510,云烟(黑金刚印象),一类烟,0,0.0,62.526023594725814,,87.5,100.0,1.2864493996569468,0.24217756114839845,41075.0,317.4115210843373,0.2345238095238095,-97.484848,0.00281763621607935,8.0,14.61,0.0,62.526023594725814,1,0,0,0,0,0,0,0,1
6901028331296,202601,云烟(黑金刚印象),一类烟,0,0.0,62.526023594725814,,87.5,100.0,1.2864493996569468,0.24217756114839845,41075.0,317.4115210843373,0.2345238095238095,-97.484848,0.00281763621607935,8.0,14.61,0.0,62.526023594725814,1,0,0,0,0,0,0,0,1
6901028339957,202501,云烟(细支云龙),二类烟,0,-0.3178287703467859,43.871803143576244,98.589212,87.5,100.0,1.1484823625922886,0.24217756114839845,41075.0,317.4115210843373,0.2345238095238095,-97.484848,0.00281763621607935,8.0,14.61,0.0,41.1974834563511,0,0,1,0,0,0,0,0,1
6901028339957,202502,云烟(细支云龙),二类烟,0,-2.9810852261358605,43.55397437322946,99.132697,87.5,100.0,1.160092807424594,0.2420764098838345,32325.0,380.12373737373736,0.2345238095238095,-97.589212,0.0182000473933649,360.0,85.9,56.0,43.871803143576244,0,0,1,0,0,0,0,0,1
6901028339957,202503,云烟(细支云龙),二类烟,0,3.79169687947676,40.5728891470936,98.297872,95.96,99.88,1.160092807424594,0.2420113959072981,32325.0,459.4584426946631,0.958628841607565,-98.132697,0.0174692553191489,8.0,14.61,0.0,43.55397437322946,0,0,1,0,0,0,0,0,1
6901028339957,202504,云烟(细支云龙),二类烟,0,-0.21732165811344828,44.36458602657036,99.72885,94.27,99.81,1.160092807424594,0.242108188279882,32325.0,1280.2077922077922,0.6710059171597633,-97.297872,0.0070694201183431,8.0,27.34,0.0,40.5728891470936,0,0,1,0,0,0,0,0,1
6901028339957,202505,云烟(细支云龙),二类烟,0,-28.550657861310427,44.14726436845691,99.188791,97.41,99.87,1.160092807424594,0.2421104226674186,32325.0,249.87493202827625,0.9372037914691944,-98.72885,0.0281733056872037,11.0,80.09,36.83,44.36458602657036,0,0,1,0,0,0,0,0,1
6901028339957,202506,云烟(细支云龙),二类烟,1,28.732638036999646,15.596606507146483,0.0,98.94,100.0,1.160092807424594,0.2421108226452415,32325.0,308.985873605948,0.5607142857142857,-98.188791,0.0207033928571428,3.0,77.86,2.91,44.14726436845691,0,0,1,0,0,0,0,0,1
6901028339957,202507,云烟(细支云龙),二类烟,0,-0.7732960694662268,44.32924454414613,99.559148,99.17,100.0,1.160092807424594,0.24217756114839845,41075.0,317.4115210843373,0.2887828162291169,1.0,0.0,8.0,14.61,0.0,15.596606507146483,0,0,1,0,0,0,0,0,1
6901028339957,202508,云烟(细支云龙),二类烟,0,0.9406024961461554,43.5559484746799,99.096658,96.65,100.0,1.160092807424594,0.2421111691395336,32325.0,259.5616236162362,0.9691577698695136,-98.559148,0.0207830960854092,14.0,80.31,0.59,44.32924454414613,0,0,1,0,0,0,0,0,1
6901028339957,202509,云烟(细支云龙),二类烟,0,-3.2931486966465258,44.49655097082606,99.611231,96.15,99.75,1.160092807424594,0.2421112631581173,32325.0,469.7520510483136,1.0,-98.096658,0.0168458551068883,8.0,58.19,0.0,43.5559484746799,0,0,1,0,0,0,0,0,1
6901028339957,202510,云烟(细支云龙),二类烟,0,3.0021319014792454,41.20340227417953,99.101796,93.89,99.49,1.160092807424594,0.2421111006024165,32325.0,214.08065915004337,0.6773049645390071,-98.611231,0.0352441843971631,20.0,80.14,69.62,44.49655097082606,0,0,1,0,0,0,0,0,1
6901028339957,202511,云烟(细支云龙),二类烟,0,-2.556272966375957,44.20553417565878,99.073756,94.39,99.63,1.160092807424594,0.2421109016012318,32325.0,1109.129909365559,0.998819362455726,-98.101796,0.0101058559622195,2.0,39.55,0.0,41.20340227417953,0,0,1,0,0,0,0,0,1
6901028339957,202512,云烟(细支云龙),二类烟,0,1.8432833716695143,41.64926120928282,98.742138,87.5,100.0,1.160092807424594,0.2421019424859621,32325.0,292.18524930747924,0.2345238095238095,-98.073756,0.0439833215547703,14.0,69.14,56.56,44.20553417565878,0,0,1,0,0,0,0,0,1
6901028339957,202601,云烟(细支云龙),二类烟,0,-2.075171308341652,43.492544580952334,98.989899,87.5,100.0,1.160092807424594,0.242107181738021,32325.0,987.5429936305732,0.2345238095238095,-97.742138,0.0095755188679245,1.0,20.28,0.0,41.64926120928282,0,0,1,0,0,0,0,0,1
6901028339957,202602,云烟(细支云龙),二类烟,0,-0.14741334745833967,41.41737327261068,99.24812,96.83,98.52,1.160092807424594,0.2420874858674694,32325.0,484.406552094522,0.983431952662722,-97.989899,0.0284919053254437,9.0,63.91,54.26,43.492544580952334,0,0,1,0,0,0,0,0,1
6901028339957,202603,云烟(细支云龙),二类烟,0,1.832082106035287,41.26995992515234,99.646018,65.19,99.38,1.160092807424594,0.2420700039841571,32325.0,1046.5378787878788,1.0,-98.24812,0.0101351543942992,12.0,64.37,21.77,41.41737327261068,0,0,1,0,0,0,0,0,1
6901028339957,202604,云烟(细支云龙),二类烟,0,1.058953937180597,43.10204203118763,99.813084,95.95,99.59,1.160092807424594,0.2421078659649788,32325.0,1090.7104795737123,0.8974970202622169,-98.646018,0.0086765077473182,8.0,32.9,3.99,41.26995992515234,0,0,1,0,0,0,0,0,1
6901028339957,202605,云烟(细支云龙),二类烟,0,-0.18290982298517378,44.160995968368226,99.56044,87.5,100.0,1.160092807424594,0.2420892098334159,32325.0,590.7312734082396,0.2345238095238095,-98.813084,0.0165976442307692,14.0,53.85,20.76,43.10204203118763,0,0,1,0,0,0,0,0,1
6901028339957,202606,云烟(细支云龙),二类烟,0,-0.36437539730255963,43.97808614538305,97.852234,94.4,99.09,1.160092807424594,0.2420767539254502,32325.0,301.5590507726269,0.8385542168674699,-98.56044,0.0282279036144578,12.0,56.02,50.11,44.160995968368226,0,0,1,0,0,0,0,0,1
6901028340618,202501,云烟(小熊猫家园),一类烟,0,0.0,54.8652043675718,,87.5,100.0,1.1484823625922886,0.24217756114839845,41075.0,317.4115210843373,0.2345238095238095,-97.484848,0.00281763621607935,8.0,14.61,0.0,41.1974834563511,1,0,0,0,0,0,0,0,1
6901028340618,202502,云烟(小熊猫家园),一类烟,0,0.0,54.8652043675718,,224.23,100.0,1.2658227848101269,0.24217756114839845,41075.0,317.4115210843373,0.3827014218009478,-97.484848,0.00281763621607935,8.0,14.61,0.0,54.8652043675718,1,0,0,0,0,0,0,0,1
6901028340618,202503,云烟(小熊猫家园),一类烟,0,0.0,54.8652043675718,,87.5,100.0,1.2658227848101269,0.24217756114839845,41075.0,317.4115210843373,0.2345238095238095,-97.484848,0.00281763621607935,8.0,14.61,0.0,54.8652043675718,1,0,0,0,0,0,0,0,1
6901028340618,202504,云烟(小熊猫家园),一类烟,0,0.0,54.8652043675718,,87.5,100.0,1.2658227848101269,0.24217756114839845,41075.0,317.4115210843373,0.2345238095238095,-97.484848,0.00281763621607935,8.0,14.61,0.0,54.8652043675718,1,0,0,0,0,0,0,0,1
6901028340618,202505,云烟(小熊猫家园),一类烟,0,0.0,54.8652043675718,,87.5,100.0,1.2658227848101269,0.24217756114839845,41075.0,317.4115210843373,0.2345238095238095,-97.484848,0.00281763621607935,8.0,14.61,0.0,54.8652043675718,1,0,0,0,0,0,0,0,1
6901028340618,202506,云烟(小熊猫家园),一类烟,0,0.0,54.8652043675718,,87.5,100.0,1.2658227848101269,0.24217756114839845,41075.0,317.4115210843373,0.2345238095238095,-97.484848,0.00281763621607935,8.0,14.61,0.0,54.8652043675718,1,0,0,0,0,0,0,0,1
6901028340618,202507,云烟(小熊猫家园),一类烟,0,0.0,54.8652043675718,,87.5,100.0,1.2658227848101269,0.24217756114839845,41075.0,317.4115210843373,0.2345238095238095,-97.484848,0.00281763621607935,8.0,14.61,0.0,54.8652043675718,1,0,0,0,0,0,0,0,1
6901028340618,202508,云烟(小熊猫家园),一类烟,0,0.0,54.8652043675718,,87.5,100.0,1.2658227848101269,0.24217756114839845,41075.0,317.4115210843373,0.2345238095238095,-97.484848,0.00281763621607935,8.0,14.61,0.0,54.8652043675718,1,0,0,0,0,0,0,0,1
6901028340618,202509,云烟(小熊猫家园),一类烟,0,0.0,54.8652043675718,,87.5,100.0,1.2658227848101269,0.24217756114839845,41075.0,317.4115210843373,0.2345238095238095,-97.484848,0.00281763621607935,8.0,14.61,0.0,54.8652043675718,1,0,0,0,0,0,0,0,1
6901028340618,202510,云烟(小熊猫家园),一类烟,0,0.0,54.8652043675718,,87.5,100.0,1.2658227848101269,0.24217756114839845,41075.0,317.4115210843373,0.2345238095238095,-97.484848,0.00281763621607935,8.0,14.61,0.0,54.8652043675718,1,0,0,0,0,0,0,0,1
6901028340618,202511,云烟(小熊猫家园),一类烟,0,0.0,54.8652043675718,,87.5,100.0,1.2658227848101269,0.24217756114839845,41075.0,317.4115210843373,0.2345238095238095,-97.484848,0.00281763621607935,8.0,14.61,0.0,54.8652043675718,1,0,0,0,0,0,0,0,1
6901028920858,202503,金圣(智圣出山双中支),一类烟,0,-1.6264766975859715,73.85161841125964,96.969697,101.73,100.0,1.1764705882352942,0.24217756114839845,41075.0,317.4115210843373,0.54739336492891,-97.484848,0.00281763621607935,8.0,14.61,0.0,21.679389312977065,1,0,0,0,0,0,0,0,1
6901028920858,202507,金圣(智圣出山双中支),一类烟,0,-50.5457524006966,72.22514171367366,100.0,87.5,100.0,1.1764705882352942,0.3089315767973856,127500.0,30.92708333333333,0.2345238095238095,-95.969697,0.0057940828402366,49.0,5.8,0.0,73.85161841125964,1,0,0,0,0,0,0,0,1
6901028920858,202508,金圣(智圣出山双中支),一类烟,1,0.0,21.679389312977065,0.0,62.01,96.91,1.1764705882352942,0.3089320261437908,127500.0,473.0,0.365361803084223,-99.0,0.0009074733096085,3.0,0.95,0.0,72.22514171367366,1,0,0,0,0,0,0,0,1
6901028920858,202510,金圣(智圣出山双中支),一类烟,0,0.0,21.679389312977065,,87.5,100.0,1.1764705882352942,0.24217756114839845,41075.0,317.4115210843373,0.2345238095238095,1.0,0.0,8.0,14.61,0.0,21.679389312977065,1,0,0,0,0,0,0,0,1
6901028920858,202603,金圣(智圣出山双中支),一类烟,0,0.0,21.679389312977065,,87.5,100.0,1.1764705882352942,0.24217756114839845,41075.0,317.4115210843373,0.2345238095238095,-97.484848,0.00281763621607935,8.0,14.61,0.0,21.679389312977065,1,0,0,0,0,0,0,0,1
6901028936477,202501,好猫(猴王磨砂),三类烟,0,-36.5680374206599,41.75887711531634,99.267936,87.5,100.0,1.1484823625922886,0.24217756114839845,41075.0,317.4115210843373,0.2345238095238095,-97.484848,0.00281763621607935,8.0,14.61,0.0,41.1974834563511,0,1,0,0,0,0,0,0,1
6901028936477,202502,好猫(猴王磨砂),三类烟,0,36.085359088968936,5.190839694656439,,95.34,100.0,1.1320754716981132,0.2421576498494662,24250.0,20.46755162241888,0.3080568720379147,-98.267936,0.0077921800947867,184.0,56.75,39.04,41.75887711531634,0,1,0,0,0,0,0,0,1
6901028936477,202503,好猫(猴王磨砂),三类烟,0,-0.09391320465350361,41.276198783625375,96.774194,94.59,100.0,1.1320754716981132,0.24217756114839845,41075.0,317.4115210843373,0.1312056737588652,-97.484848,0.00281763621607935,8.0,14.61,0.0,5.190839694656439,0,1,0,0,0,0,0,0,1
6901028936477,202504,好猫(猴王磨砂),三类烟,0,0.0610684198097573,41.18228557897187,97.6,95.0,100.0,1.1320754716981132,0.2421649484536082,24250.0,152.45000000000002,0.0236686390532544,-95.774194,0.0013775147928994,3.0,7.1,0.0,41.276198783625375,0,1,0,0,0,0,0,0,1
6901028936477,202505,好猫(猴王磨砂),三类烟,0,0.3409968758392594,41.24335399878163,100.0,90.56,98.78,1.1320754716981132,0.2421649484536082,24250.0,177.97540983606558,0.1066350710900474,-96.6,0.0014021327014218,8.0,7.23,0.0,41.18228557897187,0,1,0,0,0,0,0,0,1
6901028936477,202506,好猫(猴王磨砂),三类烟,0,-0.6911485272662148,41.58435087462089,98.333333,95.24,100.0,1.1320754716981132,0.2421649484536082,24250.0,161.37714285714287,0.025,-99.0,0.0020208333333333,48.0,10.48,0.0,41.24335399878163,0,1,0,0,0,0,0,0,1
6901028936477,202507,好猫(猴王磨砂),三类烟,0,-35.702362652698234,40.89320234735467,100.0,87.5,100.0,1.1320754716981132,0.2421649484536082,24250.0,68.69491525423729,0.2345238095238095,-97.333333,0.0013658711217183,8.0,7.04,0.0,41.58435087462089,0,1,0,0,0,0,0,0,1
6901028936477,202508,好猫(猴王磨砂),三类烟,1,0.0,5.190839694656439,0.0,100.0,100.0,1.1320754716981132,0.2421649484536082,24250.0,256.54761904761904,0.0047449584816132,-99.0,0.0004832740213523,8.0,2.49,0.0,40.89320234735467,0,1,0,0,0,0,0,0,1
6901028936477,202509,好猫(猴王磨砂),三类烟,0,0.0,5.190839694656439,,92.5,100.0,1.1320754716981132,0.24217756114839845,41075.0,317.4115210843373,0.0475059382422802,1.0,0.0,8.0,14.61,0.0,5.190839694656439,0,1,0,0,0,0,0,0,1
6901028936477,202510,好猫(猴王磨砂),三类烟,0,0.0,5.190839694656439,,82.81,100.0,1.1320754716981132,0.24217756114839845,41075.0,317.4115210843373,0.0425531914893617,-97.484848,0.00281763621607935,8.0,14.61,0.0,5.190839694656439,0,1,0,0,0,0,0,0,1
6901028936477,202511,好猫(猴王磨砂),三类烟,0,0.0,5.190839694656439,,68.6,96.67,1.1320754716981132,0.24217756114839845,41075.0,317.4115210843373,0.050767414403778,-97.484848,0.00281763621607935,8.0,14.61,0.0,5.190839694656439,0,1,0,0,0,0,0,0,1
6901028936477,202512,好猫(猴王磨砂),三类烟,0,0.0,5.190839694656439,,80.0,100.0,1.1320754716981132,0.24217756114839845,41075.0,317.4115210843373,0.0176678445229682,-97.484848,0.00281763621607935,8.0,14.61,0.0,5.190839694656439,0,1,0,0,0,0,0,0,1
6901028936477,202601,好猫(猴王磨砂),三类烟,0,0.0,5.190839694656439,,28.57,100.0,1.1320754716981132,0.24217756114839845,41075.0,317.4115210843373,0.0471698113207547,-97.484848,0.00281763621607935,8.0,14.61,0.0,5.190839694656439,0,1,0,0,0,0,0,0,1
6901028936477,202603,好猫(猴王磨砂),三类烟,0,0.0,5.190839694656439,,43.87,100.0,1.1320754716981132,0.24217756114839845,41075.0,317.4115210843373,0.9846153846153848,-97.484848,0.00281763621607935,8.0,14.61,0.0,5.190839694656439,0,1,0,0,0,0,0,0,1
6901028936477,202604,好猫(猴王磨砂),三类烟,0,0.0,5.190839694656439,,87.5,100.0,1.1320754716981132,0.24217756114839845,41075.0,317.4115210843373,0.2345238095238095,-97.484848,0.00281763621607935,8.0,14.61,0.0,5.190839694656439,0,1,0,0,0,0,0,0,1
6901028936477,202605,好猫(猴王磨砂),三类烟,0,0.0,5.190839694656439,,87.5,100.0,1.1320754716981132,0.24217756114839845,41075.0,317.4115210843373,0.2345238095238095,-97.484848,0.00281763621607935,8.0,14.61,0.0,5.190839694656439,0,1,0,0,0,0,0,0,1
6901028936477,202606,好猫(猴王磨砂),三类烟,0,0.0,5.190839694656439,,87.5,100.0,1.1320754716981132,0.24217756114839845,41075.0,317.4115210843373,0.2345238095238095,-97.484848,0.00281763621607935,8.0,14.61,0.0,5.190839694656439,0,1,0,0,0,0,0,0,1
6901028936750,202501,好猫(长乐),二类烟,0,-0.36993223933522046,43.695757318628196,97.752809,87.5,100.0,1.1484823625922886,0.24217756114839845,41075.0,317.4115210843373,0.2345238095238095,-97.484848,0.00281763621607935,8.0,14.61,0.0,41.1974834563511,0,0,1,0,0,0,0,0,1
6901028936750,202502,好猫(长乐),二类烟,0,-2.0889288615259503,43.325825079292976,98.130841,86.54,100.0,1.1484823625922886,0.2421657095980312,30475.0,46.97701149425287,0.4490521327014218,-96.752809,0.0050262085308056,223.0,28.91,29.1,43.695757318628196,0,0,1,0,0,0,0,0,1
6901028936750,202503,好猫(长乐),二类烟,0,2.2300654639735313,41.236896217767026,100.0,95.08,100.0,1.1484823625922886,0.2421657095980312,30475.0,147.52380952380952,0.0721040189125295,-97.130841,0.0015129432624113,8.0,14.61,0.0,43.325825079292976,0,0,1,0,0,0,0,0,1
6901028936750,202504,好猫(长乐),二类烟,0,-1.3921556683164553,43.46696168174056,99.390244,100.0,100.0,1.1484823625922886,0.2421246923707957,30475.0,710.8421052631579,0.0047337278106508,-99.0,0.0005481893491124,8.0,2.25,0.0,41.236896217767026,0,0,1,0,0,0,0,0,1
6901028936750,202505,好猫(长乐),二类烟,1,-26.18683054432485,42.0748060134241,95.238095,85.71,96.72,1.1484823625922886,0.2421249440102266,30475.0,104.74233128834356,0.0829383886255924,-98.390244,0.0023542298578199,1.0,9.72,0.0,43.46696168174056,0,0,1,0,0,0,0,0,1
6901028936750,202507,好猫(长乐),二类烟,0,25.192918287816426,15.887975469099255,100.0,94.74,100.0,1.1484823625922886,0.2421246923707957,30475.0,483.1,0.0226190476190476,-94.238095,0.0005804761904761,8.0,2.38,0.0,42.0748060134241,0,0,1,0,0,0,0,0,1
6901028936750,202508,好猫(长乐),二类烟,0,1.0753268060524093,41.08089375691568,97.368421,87.5,100.0,1.1484823625922886,0.2421246923707957,30475.0,7600.625,0.2345238095238095,-99.0,0.0001156820877817,8.0,0.47,0.0,15.887975469099255,0,0,1,0,0,0,0,0,1
6901028936750,202509,好猫(长乐),二类烟,0,-0.87572687170546,42.15622056296809,100.0,87.5,100.0,1.1484823625922886,0.2421246923707957,30475.0,753.2432432432433,0.2345238095238095,-96.368421,0.0010713301662707,8.0,4.39,0.0,41.08089375691568,0,0,1,0,0,0,0,0,1
6901028936750,202510,好猫(长乐),二类烟,0,-3.061892653176834,41.28049369126263,100.0,87.5,100.0,1.1484823625922886,0.2421246923707957,30475.0,460.97169811320754,0.2345238095238095,-99.0,0.0015273522458628,2.0,6.26,0.0,42.15622056296809,0,0,1,0,0,0,0,0,1
6901028936750,202511,好猫(长乐),二类烟,1,-3.9709348380092635,38.218601038085794,96.0,87.5,100.0,1.1484823625922886,0.242125387578037,30475.0,699.0677966101695,0.2345238095238095,-99.0,0.0008491263282172,1.0,3.54,0.0,41.28049369126263,0,0,1,0,0,0,0,0,1
6901028936750,202512,好猫(长乐),二类烟,0,9.360968265446175,34.24766620007653,100.0,87.5,100.0,1.1484823625922886,0.2421246923707957,30475.0,1531.2083333333337,0.2345238095238095,-95.0,0.0003445936395759,8.0,1.41,0.0,38.218601038085794,0,0,1,0,0,0,0,0,1
6901028936750,202601,好猫(长乐),二类烟,0,-1.6225084103362448,43.608634465522705,98.876404,0.0,100.0,1.1484823625922886,0.2421246923707957,30475.0,2610.4999999999995,0.0047169811320754,-99.0,0.00020125,8.0,0.83,0.0,34.24766620007653,0,0,1,0,0,0,0,0,1
6901028936750,202602,好猫(长乐),二类烟,0,1.5620090598449536,41.98612605518646,100.0,87.5,100.0,1.1484823625922886,0.2421657095980312,30475.0,70.65681818181818,0.2345238095238095,-97.876404,0.0063474556213017,255.0,37.63,20.75,43.608634465522705,0,0,1,0,0,0,0,0,1
6901028936750,202603,好猫(长乐),二类烟,0,-0.5136354355280304,43.548135115031414,99.191375,17.92,100.0,1.1484823625922886,0.2421657095980311,30475.0,511.65116279069775,1.0,-99.0,0.0006225296912114,8.0,5.11,0.0,41.98612605518646,0,0,1,0,0,0,0,0,1
6901028936750,202604,好猫(长乐),二类烟,0,0.4396470459023831,43.034499679503384,100.0,19.72,88.89,1.1484823625922886,0.2421269215679281,30475.0,82.89402173913044,0.3718712753277711,-98.191375,0.0053467461263408,33.0,22.77,1.57,43.548135115031414,0,0,1,0,0,0,0,0,1
6901028936750,202605,好猫(长乐),二类烟,1,-0.7201048290543923,43.47414672540577,80.481283,11.93,88.89,1.1484823625922886,0.2421188327669049,30475.0,221.62184873949585,0.3413461538461538,-99.0,0.0017435216346153,5.0,7.33,0.0,43.034499679503384,0,0,1,0,0,0,0,0,1
6901028936750,202606,好猫(长乐),二类烟,0,-2.2209693366262826,42.754041896351374,90.252708,5.53,70.73,1.1484823625922886,0.2421218307037793,30475.0,102.45182724252491,1.0,-79.481283,0.0044207108433734,23.0,15.66,25.38,43.47414672540577,0,0,1,0,0,0,0,0,1
6901028936996,202501,好猫(招财猫1600),一类烟,0,-0.9075644621487058,41.97284378207902,99.093656,87.5,100.0,1.1484823625922886,0.24217756114839845,41075.0,317.4115210843373,0.2345238095238095,-97.484848,0.00281763621607935,8.0,14.61,0.0,41.1974834563511,1,0,0,0,0,0,0,0,1
6901028936996,202502,好猫(招财猫1600),一类烟,1,-22.06501158546824,41.06527931993031,96.666667,87.5,100.0,1.139240506329114,0.2420886075949367,39500.0,195.92073170731703,0.2345238095238095,-98.093656,0.0061402843601895,4.0,38.86,0.0,41.97284378207902,1,0,0,0,0,0,0,0,1
6901028936996,202503,好猫(招财猫1600),一类烟,0,22.409334067470887,19.00026773446207,100.0,92.35,100.0,1.139240506329114,0.2420886075949367,39500.0,442.59482758620686,0.9574468085106383,-95.666667,0.0021664302600472,8.0,14.61,0.0,41.06527931993031,1,0,0,0,0,0,0,0,1
6901028936996,202504,好猫(招财猫1600),一类烟,1,-6.57955638253717,41.40960180193296,97.560976,87.5,100.0,1.139240506329114,0.2421202531645569,39500.0,6443.25,0.2345238095238095,-99.0,0.0001495857988165,8.0,0.47,0.0,19.00026773446207,1,0,0,0,0,0,0,0,1
6901028936996,202505,好猫(招财猫1600),一类烟,1,2.1129876275808925,34.83004541939579,94.736842,87.94,98.63,1.139240506329114,0.2421197257383966,39500.0,352.3833333333334,0.9976303317535544,-96.560976,0.0022464454976303,8.0,7.23,0.0,41.40960180193296,1,0,0,0,0,0,0,0,1
6901028936996,202506,好猫(招财猫1600),一类烟,0,-29.09106667341403,36.94303304697668,100.0,80.17,99.18,1.139240506329114,0.242120253164557,39500.0,2140.75,0.9952380952380953,-93.736842,0.0006771428571428,8.0,2.14,0.0,34.83004541939579,1,0,0,0,0,0,0,0,1
6901028936996,202507,好猫(招财猫1600),一类烟,0,0.0,7.851966373562651,,95.38,100.0,1.139240506329114,0.242120253164557,39500.0,1566.4444444444446,0.2840095465393795,-99.0,0.0006787589498806,8.0,2.15,0.0,36.94303304697668,1,0,0,0,0,0,0,0,1
6901028936996,202508,好猫(招财猫1600),一类烟,0,0.0,7.851966373562651,,87.5,100.0,1.139240506329114,0.24217756114839845,41075.0,317.4115210843373,0.2345238095238095,-97.484848,0.00281763621607935,8.0,14.61,0.0,7.851966373562651,1,0,0,0,0,0,0,0,1
6901028936996,202509,好猫(招财猫1600),一类烟,0,0.0,7.851966373562651,,87.5,100.0,1.139240506329114,0.24217756114839845,41075.0,317.4115210843373,0.2345238095238095,-97.484848,0.00281763621607935,8.0,14.61,0.0,7.851966373562651,1,0,0,0,0,0,0,0,1
6901028936996,202510,好猫(招财猫1600),一类烟,0,0.0,7.851966373562651,,87.5,100.0,1.139240506329114,0.24217756114839845,41075.0,317.4115210843373,0.2345238095238095,-97.484848,0.00281763621607935,8.0,14.61,0.0,7.851966373562651,1,0,0,0,0,0,0,0,1
6901028936996,202511,好猫(招财猫1600),一类烟,0,0.0,7.851966373562651,,87.5,100.0,1.139240506329114,0.24217756114839845,41075.0,317.4115210843373,0.2345238095238095,-97.484848,0.00281763621607935,8.0,14.61,0.0,7.851966373562651,1,0,0,0,0,0,0,0,1
6901028936996,202512,好猫(招财猫1600),一类烟,0,0.0,7.851966373562651,,87.5,100.0,1.139240506329114,0.24217756114839845,41075.0,317.4115210843373,0.2345238095238095,-97.484848,0.00281763621607935,8.0,14.61,0.0,7.851966373562651,1,0,0,0,0,0,0,0,1
6901028936996,202601,好猫(招财猫1600),一类烟,0,0.0,7.851966373562651,,0.0,100.0,1.139240506329114,0.24217756114839845,41075.0,317.4115210843373,0.0047169811320754,-97.484848,0.00281763621607935,8.0,14.61,0.0,7.851966373562651,1,0,0,0,0,0,0,0,1
6901028936996,202602,好猫(招财猫1600),一类烟,0,0.0,7.851966373562651,,87.5,100.0,1.139240506329114,0.24217756114839845,41075.0,317.4115210843373,0.2345238095238095,-97.484848,0.00281763621607935,8.0,14.61,0.0,7.851966373562651,1,0,0,0,0,0,0,0,1
6901028936996,202603,好猫(招财猫1600),一类烟,0,0.0,7.851966373562651,,87.5,100.0,1.139240506329114,0.24217756114839845,41075.0,317.4115210843373,0.2345238095238095,-97.484848,0.00281763621607935,8.0,14.61,0.0,7.851966373562651,1,0,0,0,0,0,0,0,1
6901028936996,202604,好猫(招财猫1600),一类烟,0,0.0,7.851966373562651,,87.5,100.0,1.139240506329114,0.24217756114839845,41075.0,317.4115210843373,0.2345238095238095,-97.484848,0.00281763621607935,8.0,14.61,0.0,7.851966373562651,1,0,0,0,0,0,0,0,1
6901028936996,202605,好猫(招财猫1600),一类烟,0,0.0,7.851966373562651,,87.5,100.0,1.139240506329114,0.24217756114839845,41075.0,317.4115210843373,0.2345238095238095,-97.484848,0.00281763621607935,8.0,14.61,0.0,7.851966373562651,1,0,0,0,0,0,0,0,1
6901028937504,202501,好猫(金丝猴),二类烟,0,0.0,15.596606507146483,,87.5,100.0,1.1484823625922886,0.24217756114839845,41075.0,317.4115210843373,0.2345238095238095,-97.484848,0.00281763621607935,8.0,14.61,0.0,41.1974834563511,0,0,1,0,0,0,0,0,1
6901028937504,202502,好猫(金丝猴),二类烟,0,0.0,15.596606507146483,,87.5,100.0,1.160092807424594,0.24217756114839845,41075.0,317.4115210843373,0.2345238095238095,-97.484848,0.00281763621607935,8.0,14.61,0.0,15.596606507146483,0,0,1,0,0,0,0,0,1
6901028937504,202503,好猫(金丝猴),二类烟,0,0.0,15.596606507146483,,87.5,100.0,1.160092807424594,0.24217756114839845,41075.0,317.4115210843373,0.2345238095238095,-97.484848,0.00281763621607935,8.0,14.61,0.0,15.596606507146483,0,0,1,0,0,0,0,0,1
6901028937504,202504,好猫(金丝猴),二类烟,0,0.0,15.596606507146483,,87.5,100.0,1.160092807424594,0.24217756114839845,41075.0,317.4115210843373,0.2345238095238095,-97.484848,0.00281763621607935,8.0,14.61,0.0,15.596606507146483,0,0,1,0,0,0,0,0,1
6901028937504,202505,好猫(金丝猴),二类烟,0,0.0,15.596606507146483,,87.5,100.0,1.160092807424594,0.24217756114839845,41075.0,317.4115210843373,0.2345238095238095,-97.484848,0.00281763621607935,8.0,14.61,0.0,15.596606507146483,0,0,1,0,0,0,0,0,1
6901028937504,202506,好猫(金丝猴),二类烟,0,0.0,15.596606507146483,,87.5,100.0,1.160092807424594,0.24217756114839845,41075.0,317.4115210843373,0.2345238095238095,-97.484848,0.00281763621607935,8.0,14.61,0.0,15.596606507146483,0,0,1,0,0,0,0,0,1
6901028937535,202501,好猫(金猴王),三类烟,0,36.635165996010855,3.2168584023222304,0.0,87.5,100.0,1.1484823625922886,0.24217756114839845,41075.0,317.4115210843373,0.2345238095238095,-97.484848,0.00281763621607935,8.0,14.61,0.0,41.1974834563511,0,1,0,0,0,0,0,1,0
6901028937535,202502,好猫(金猴王),三类烟,0,-36.635165996010855,39.852024398333086,98.811096,93.94,100.0,1.1267605633802815,0.24217756114839845,41075.0,317.4115210843373,0.0390995260663507,1.0,0.0,8.0,14.61,0.0,3.2168584023222304,0,1,0,0,0,0,0,1,0
6901028937535,202504,好猫(金猴王),三类烟,0,-8.16099204664495,53.71323405240634,99.549347,100.0,100.0,1.1267605633802815,0.24217756114839845,41075.0,317.4115210843373,0.0047337278106508,1.0,0.0,8.0,14.61,0.0,3.2168584023222304,0,1,0,0,0,0,0,1,0
6901028937535,202505,好猫(金猴王),三类烟,0,-4.89322360425809,45.55224200576139,99.793388,95.24,100.0,1.1267605633802815,0.2745964332850885,17750.0,110.30104119511093,0.0248815165876777,-98.549347,0.0185828199052132,8.0,86.26,0.0,53.71323405240634,0,1,0,0,0,0,0,1,0
6901028937535,202506,好猫(金猴王),三类烟,0,-37.44215999918107,40.6590184015033,99.561404,87.5,100.0,1.1267605633802815,0.2542494095004811,17750.0,121.89596273291924,0.2345238095238095,-98.793388,0.01633,5.0,87.26,32.33,45.55224200576139,0,1,0,0,0,0,0,1,0
6901028937535,202507,好猫(金猴王),三类烟,1,0.0,3.2168584023222304,0.0,87.5,100.0,1.1267605633802815,0.2440106719612831,17750.0,341.51762114537445,0.2345238095238095,-98.561404,0.0038465393794749,8.0,27.09,0.0,40.6590184015033,0,1,0,0,0,0,0,1,0
6901028937535,202508,好猫(金猴王),三类烟,0,0.0,3.2168584023222304,0.0,83.33,84.12,1.1267605633802815,0.24217756114839845,41075.0,317.4115210843373,0.2218268090154211,1.0,0.0,8.0,14.61,0.0,3.2168584023222304,0,1,0,0,0,0,0,1,0
6901028937535,202509,好猫(金猴王),三类烟,0,0.0,3.2168584023222304,0.0,25.68,95.12,1.1267605633802815,0.24217756114839845,41075.0,317.4115210843373,0.166270783847981,1.0,0.0,8.0,14.61,0.0,3.2168584023222304,0,1,0,0,0,0,0,1,0
6901028937535,202510,好猫(金猴王),三类烟,0,0.0,3.2168584023222304,,48.61,96.04,1.1267605633802815,0.24217756114839845,41075.0,317.4115210843373,0.4278959810874704,1.0,0.0,8.0,14.61,0.0,3.2168584023222304,0,1,0,0,0,0,0,1,0
6901028937535,202511,好猫(金猴王),三类烟,0,0.0,3.2168584023222304,,46.47,93.83,1.1267605633802815,0.24217756114839845,41075.0,317.4115210843373,0.2089728453364817,-97.484848,0.00281763621607935,8.0,14.61,0.0,3.2168584023222304,0,1,0,0,0,0,0,1,0
6901028937535,202512,好猫(金猴王),三类烟,0,0.0,3.2168584023222304,,40.28,100.0,1.1267605633802815,0.24217756114839845,41075.0,317.4115210843373,0.0848056537102473,-97.484848,0.00281763621607935,8.0,14.61,0.0,3.2168584023222304,0,1,0,0,0,0,0,1,0
6901028937535,202601,好猫(金猴王),三类烟,0,0.0,3.2168584023222304,0.0,28.93,94.44,1.1267605633802815,0.24217756114839845,41075.0,317.4115210843373,0.0613207547169811,-97.484848,0.00281763621607935,8.0,14.61,0.0,3.2168584023222304,0,1,0,0,0,0,0,1,0
6901028937535,202602,好猫(金猴王),三类烟,0,0.0,3.2168584023222304,,26.53,95.34,1.1267605633802815,0.24217756114839845,41075.0,317.4115210843373,0.9964497041420118,1.0,0.0,8.0,14.61,0.0,3.2168584023222304,0,1,0,0,0,0,0,1,0
6901028937535,202603,好猫(金猴王),三类烟,0,0.0,3.2168584023222304,,87.5,100.0,1.1267605633802815,0.24217756114839845,41075.0,317.4115210843373,0.2345238095238095,-97.484848,0.00281763621607935,8.0,14.61,0.0,3.2168584023222304,0,1,0,0,0,0,0,1,0
6901028937535,202604,好猫(金猴王),三类烟,0,0.0,3.2168584023222304,,87.5,100.0,1.1267605633802815,0.24217756114839845,41075.0,317.4115210843373,0.2345238095238095,-97.484848,0.00281763621607935,8.0,14.61,0.0,3.2168584023222304,0,1,0,0,0,0,0,1,0
6901028937535,202605,好猫(金猴王),三类烟,0,0.0,3.2168584023222304,,87.5,100.0,1.1267605633802815,0.24217756114839845,41075.0,317.4115210843373,0.2345238095238095,-97.484848,0.00281763621607935,8.0,14.61,0.0,3.2168584023222304,0,1,0,0,0,0,0,1,0
6901028937535,202606,好猫(金猴王),三类烟,0,0.0,3.2168584023222304,,87.5,100.0,1.1267605633802815,0.24217756114839845,41075.0,317.4115210843373,0.2345238095238095,-97.484848,0.00281763621607935,8.0,14.61,0.0,3.2168584023222304,0,1,0,0,0,0,0,1,0
6901028937832,202501,好猫(长乐九美),一类烟,0,-2.285092121056124,47.2747064249738,88.571429,87.5,100.0,1.1484823625922886,0.24217756114839845,41075.0,317.4115210843373,0.2345238095238095,-97.484848,0.00281763621607935,8.0,14.61,0.0,41.1974834563511,1,0,0,0,0,0,0,0,1
6901028937832,202502,好猫(长乐九美),一类烟,1,-15.546816930328262,44.989614303917676,82.608696,87.5,100.0,1.1428571428571428,0.2755428571428571,43750.0,2504.5483870967746,0.2345238095238095,-87.571429,0.0006427725118483,27.0,3.67,0.0,47.2747064249738,1,0,0,0,0,0,0,0,1
6901028937832,202503,好猫(长乐九美),一类烟,0,25.218371920009517,29.442797373589414,100.0,87.5,100.0,1.1428571428571428,0.2755428571428571,43750.0,3125.6315789473683,0.2345238095238095,-81.608696,0.0003930260047281,8.0,14.61,0.0,44.989614303917676,1,0,0,0,0,0,0,0,1
6901028937832,202504,好猫(长乐九美),一类烟,1,-45.465967548778934,54.66116929359893,95.238095,87.5,100.0,1.1428571428571428,0.2755142857142857,43750.0,7348.124999999999,0.2345238095238095,-99.0,0.0001656804733727,8.0,0.47,0.0,29.442797373589414,1,0,0,0,0,0,0,0,1
6901028937832,202505,好猫(长乐九美),一类烟,0,0.0,9.19520174482,,87.5,100.0,1.1428571428571428,0.2755142857142857,43750.0,493.825,0.2345238095238095,-94.238095,0.0008293838862559,8.0,2.37,0.0,54.66116929359893,1,0,0,0,0,0,0,0,1
6901028937832,202506,好猫(长乐九美),一类烟,0,46.730413125533474,9.19520174482,,87.5,100.0,1.1428571428571428,0.24217756114839845,41075.0,317.4115210843373,0.2345238095238095,-97.484848,0.00281763621607935,8.0,14.61,0.0,9.19520174482,1,0,0,0,0,0,0,0,1
6901028937832,202507,好猫(长乐九美),一类烟,0,-0.8237568633170369,55.92561487035347,99.496222,87.5,100.0,1.1428571428571428,0.24217756114839845,41075.0,317.4115210843373,0.2345238095238095,-97.484848,0.00281763621607935,8.0,14.61,0.0,9.19520174482,1,0,0,0,0,0,0,0,1
6901028937832,202508,好猫(长乐九美),一类烟,0,0.9511463210965942,55.101858007036434,93.069307,87.5,100.0,1.1428571428571428,0.275509294755877,43750.0,149.61012658227847,0.2345238095238095,-98.496222,0.0081998813760379,152.0,20.17,0.0,55.92561487035347,1,0,0,0,0,0,0,0,1
6901028937832,202509,好猫(长乐九美),一类烟,0,-0.7989545139156817,56.05300432813303,99.240987,87.5,100.0,1.1428571428571428,0.2755130699088146,43750.0,373.9148936170213,0.2345238095238095,-92.069307,0.0019536817102137,16.0,4.87,0.0,55.101858007036434,1,0,0,0,0,0,0,0,1
6901028937832,202510,好猫(长乐九美),一类烟,0,-4.184998957899836,55.254049814217346,98.843931,87.5,100.0,1.1428571428571428,0.2755149959027588,43750.0,115.604206500956,0.2345238095238095,-98.240987,0.0108185579196217,84.0,23.88,32.67,56.05300432813303,1,0,0,0,0,0,0,0,1
6901028937832,202511,好猫(长乐九美),一类烟,1,-4.027411909252123,51.06905085631751,95.081967,87.5,100.0,1.1428571428571428,0.2755151211361737,43750.0,332.7719298245614,0.2345238095238095,-97.843931,0.0035330578512396,9.0,9.56,8.64,55.254049814217346,1,0,0,0,0,0,0,0,1
6901028937832,202512,好猫(长乐九美),一类烟,0,8.88294592650643,47.04163894706539,100.0,87.5,100.0,1.1428571428571428,0.2755142857142857,43750.0,1470.155172413793,0.2345238095238095,-94.081967,0.0011955241460541,2.0,3.42,0.0,51.06905085631751,1,0,0,0,0,0,0,0,1
6901028937832,202601,好猫(长乐九美),一类烟,0,-0.1653839181521235,55.92458487357182,99.354005,87.5,100.0,1.1428571428571428,0.2755151020408163,43750.0,2564.885714285714,0.2345238095238095,-99.0,0.000722287735849,8.0,2.12,0.0,47.04163894706539,1,0,0,0,0,0,0,0,1
6901028937832,202602,好猫(长乐九美),一类烟,0,-0.9859538447060174,55.75920095541969,98.913043,87.5,100.0,1.1428571428571428,0.275528367081553,43750.0,151.95838751625487,0.2345238095238095,-98.354005,0.0159260355029585,123.0,33.02,62.01,55.92458487357182,1,0,0,0,0,0,0,0,1
6901028937832,202603,好猫(长乐九美),一类烟,0,-2.224726115889524,54.773247110713676,100.0,87.5,100.0,1.1428571428571428,0.2755428571428571,43750.0,198.48076923076923,0.2345238095238095,-97.913043,0.0075653206650831,44.0,27.55,56.9,55.75920095541969,1,0,0,0,0,0,0,0,1
6901028937832,202604,好猫(长乐九美),一类烟,0,2.619607164652777,52.54852099482415,100.0,87.5,100.0,1.1428571428571428,0.2755158857142857,43750.0,463.536,0.2345238095238095,-99.0,0.0026072705601907,1.0,7.51,4.76,54.773247110713676,1,0,0,0,0,0,0,0,1
6901028937832,202605,好猫(长乐九美),一类烟,1,-1.5913584937307022,55.16812815947693,82.06278,87.5,100.0,1.1428571428571428,0.2755159663865546,43750.0,1068.220588235294,0.2345238095238095,-99.0,0.0014302884615384,2.0,4.33,0.0,52.54852099482415,1,0,0,0,0,0,0,0,1
6901028937832,202606,好猫(长乐九美),一类烟,0,-3.30675734441823,53.57676966574623,90.066225,87.5,100.0,1.1428571428571428,0.2755185011709601,43750.0,356.4918032786885,0.2345238095238095,-81.06278,0.0038584337349397,15.0,9.88,28.05,55.16812815947693,1,0,0,0,0,0,0,0,1
6901028940504,202501,红金龙(硬新版),四类烟,0,-0.1132894333087151,33.910715909158796,99.049057,87.5,100.0,1.1484823625922886,0.24217756114839845,41075.0,317.4115210843373,0.2345238095238095,-97.484848,0.00281763621607935,8.0,14.61,0.0,41.1974834563511,0,0,0,0,1,0,1,0,0
6901028940504,202502,红金龙(硬新版),四类烟,0,-0.048502100302997064,33.79742647585008,99.188034,87.5,100.0,1.1235955056179776,0.2170786174398734,11125.0,47.65711673270344,0.2345238095238095,-98.049057,0.0345982227488151,3.0,99.64,98.1,33.910715909158796,0,0,0,0,1,0,1,0,0
6901028940504,202503,红金龙(硬新版),四类烟,0,0.06998156935414812,33.748924375547084,99.318519,87.5,100.0,1.1235955056179776,0.2170674205713345,11125.0,78.4489444205084,0.2345238095238095,-98.188034,0.0244171394799054,8.0,14.61,0.0,33.79742647585008,0,0,0,0,1,0,1,0,0
6901028940504,202504,红金龙(硬新版),四类烟,0,-0.08876650338083891,33.81890594490123,99.700798,87.5,100.0,1.1235955056179776,0.2170776460808238,11125.0,91.6317124105012,0.2345238095238095,-98.318519,0.0353050887573964,2.0,99.76,99.05,33.748924375547084,0,0,0,0,1,0,1,0,0
6901028940504,202505,红金龙(硬新版),四类烟,0,0.1950584512251794,33.73013944152039,99.567281,87.5,100.0,1.1235955056179776,0.2170784268913607,11125.0,72.6108702900967,0.2345238095238095,-98.700798,0.047436789099526,1.0,99.88,99.17,33.81890594490123,0,0,0,0,1,0,1,0,0
6901028940504,202506,红金龙(硬新版),四类烟,0,0.04314003039689851,33.92519789274557,99.593067,87.5,100.0,1.1235955056179776,0.2170785886770934,11125.0,96.73741763633817,0.2345238095238095,-98.567281,0.0377879166666666,1.0,99.64,98.33,33.73013944152039,0,0,0,0,1,0,1,0,0
6901028940504,202507,红金龙(硬新版),四类烟,0,-0.7173915052238513,33.96833792314247,99.508365,100.0,100.0,1.1235955056179776,0.2170820353946187,11125.0,43.72094430992737,0.0477326968973747,-98.593067,0.070180429594272,2.0,99.88,99.4,33.92519789274557,0,0,0,0,1,0,1,0,0
6901028940504,202508,红金龙(硬新版),四类烟,0,0.43085771429388586,33.25094641791862,98.984772,87.5,100.0,1.1235955056179776,0.2170892074015953,11125.0,31.995575547525995,0.2345238095238095,-98.508365,0.071585349940688,6.0,100.0,92.88,33.96833792314247,0,0,0,0,1,0,1,0,0
6901028940504,202509,红金龙(硬新版),四类烟,0,0.013056538524487848,33.681804132212505,99.295499,87.5,100.0,1.1235955056179776,0.2170786516853932,11125.0,226.9810650887574,0.2345238095238095,-97.984772,0.013397565320665,8.0,85.99,75.14,33.25094641791862,0,0,0,0,1,0,1,0,0
6901028940504,202510,红金龙(硬新版),四类烟,0,0.12967970013851016,33.69486067073699,99.645868,87.5,100.0,1.1235955056179776,0.2170375078058221,11125.0,109.87485218762318,0.2345238095238095,-98.295499,0.0266894799054373,8.0,99.76,89.81,33.681804132212505,0,0,0,0,1,0,1,0,0
6901028940504,202511,红金龙(硬新版),四类烟,0,-2.9198185825595324,33.8245403708755,99.643086,86.09,100.0,1.1235955056179776,0.2170754571677939,11125.0,106.3261127094263,0.114521841794569,-98.645868,0.0310449232585596,2.0,99.65,99.17,33.69486067073699,0,0,0,0,1,0,1,0,0
6901028940504,202512,红金龙(硬新版),四类烟,0,2.919614636437654,30.90472178831597,99.434229,86.84,100.0,1.1235955056179776,0.2170647202569161,11125.0,71.07944526083762,0.0895170789163722,-98.643086,0.0570690223792697,3.0,99.88,43.51,33.8245403708755,0,0,0,0,1,0,1,0,0
6901028940504,202601,红金龙(硬新版),四类烟,0,-31.782994971798832,33.824336424753625,98.821945,29.94,100.0,1.1235955056179776,0.2170601115604072,11125.0,864.6799431009958,0.4150943396226415,-98.434229,0.003689091981132,8.0,48.58,0.0,30.90472178831597,0,0,0,0,1,0,1,0,0
6901028940504,202602,红金龙(硬新版),四类烟,1,30.868875012662347,2.0413414529547915,0.0,83.93,98.6,1.1235955056179776,0.2170736766371735,11125.0,71.13487738419619,0.5337278106508876,-97.821945,0.0154617751479289,1.0,98.58,86.43,33.824336424753625,0,0,0,0,1,0,1,0,0
6901028940504,202603,红金龙(硬新版),四类烟,0,0.7245105536149907,32.91021646561714,99.673084,77.17,100.0,1.1235955056179776,0.24217756114839845,41075.0,317.4115210843373,0.0878859857482185,1.0,0.0,8.0,14.61,0.0,2.0413414529547915,0,0,0,0,1,0,1,0,0
6901028940504,202604,红金龙(硬新版),四类烟,0,-0.5305935175413694,33.63472701923213,99.727372,93.75,100.0,1.1235955056179776,0.2170786516853932,11125.0,319.5907434402332,0.0750893921334922,-98.673084,0.0145539928486293,8.0,99.17,46.75,32.91021646561714,0,0,0,0,1,0,1,0,0
6901028940504,202605,红金龙(硬新版),四类烟,0,-0.38569418307893244,33.10413350169076,99.712092,71.43,96.75,1.1235955056179776,0.2170773820859519,11125.0,122.67031164570804,0.4651442307692308,-98.727372,0.0293475360576923,8.0,99.4,55.62,33.63472701923213,0,0,0,0,1,0,1,0,0
6901028940504,202606,红金龙(硬新版),四类烟,0,1.1836558783259292,32.71843931861183,99.58194,82.43,96.81,1.1235955056179776,0.2170775702652723,11125.0,266.8845043310876,0.2831325301204819,-98.712092,0.0111410843373493,8.0,41.08,96.19,33.10413350169076,0,0,0,0,1,0,1,0,0
6901028942881,202501,双喜(硬精品好日子),三类烟,0,0.0,22.709923664122115,0.0,87.5,100.0,1.1484823625922886,0.24217756114839845,41075.0,317.4115210843373,0.2345238095238095,-97.484848,0.00281763621607935,8.0,14.61,0.0,41.1974834563511,0,1,0,0,0,0,0,1,0
6901028942881,202502,双喜(硬精品好日子),三类烟,0,0.0,22.709923664122115,0.0,100.0,100.0,1.179245283018868,0.24217756114839845,41075.0,317.4115210843373,0.0047393364928909,1.0,0.0,8.0,14.61,0.0,22.709923664122115,0,1,0,0,0,0,0,1,0
6901028942881,202503,双喜(硬精品好日子),三类烟,0,0.0,22.709923664122115,0.0,100.0,100.0,1.179245283018868,0.24217756114839845,41075.0,317.4115210843373,0.0236406619385342,1.0,0.0,8.0,14.61,0.0,22.709923664122115,0,1,0,0,0,0,0,1,0
6901028942881,202504,双喜(硬精品好日子),三类烟,0,0.0,22.709923664122115,0.0,87.5,100.0,1.179245283018868,0.24217756114839845,41075.0,317.4115210843373,0.2345238095238095,1.0,0.0,8.0,14.61,0.0,22.709923664122115,0,1,0,0,0,0,0,1,0
6901028942881,202505,双喜(硬精品好日子),三类烟,0,0.0,22.709923664122115,0.0,95.24,100.0,1.179245283018868,0.24217756114839845,41075.0,317.4115210843373,0.0248815165876777,1.0,0.0,8.0,14.61,0.0,22.709923664122115,0,1,0,0,0,0,0,1,0
6901028942881,202506,双喜(硬精品好日子),三类烟,0,0.0,22.709923664122115,0.0,100.0,100.0,1.179245283018868,0.24217756114839845,41075.0,317.4115210843373,0.0047619047619047,1.0,0.0,8.0,14.61,0.0,22.709923664122115,0,1,0,0,0,0,0,1,0
6901028942881,202507,双喜(硬精品好日子),三类烟,0,0.0,22.709923664122115,0.0,87.5,100.0,1.179245283018868,0.24217756114839845,41075.0,317.4115210843373,0.2345238095238095,1.0,0.0,8.0,14.61,0.0,22.709923664122115,0,1,0,0,0,0,0,1,0
6901028942881,202508,双喜(硬精品好日子),三类烟,0,0.0,22.709923664122115,0.0,96.0,100.0,1.179245283018868,0.24217756114839845,41075.0,317.4115210843373,0.0249110320284697,1.0,0.0,8.0,14.61,0.0,22.709923664122115,0,1,0,0,0,0,0,1,0
6901028942881,202509,双喜(硬精品好日子),三类烟,0,0.0,22.709923664122115,0.0,90.0,100.0,1.179245283018868,0.24217756114839845,41075.0,317.4115210843373,0.0237529691211401,1.0,0.0,8.0,14.61,0.0,22.709923664122115,0,1,0,0,0,0,0,1,0
6901028942881,202510,双喜(硬精品好日子),三类烟,0,0.0,22.709923664122115,0.0,60.56,98.46,1.179245283018868,0.24217756114839845,41075.0,317.4115210843373,0.2139479905437352,1.0,0.0,8.0,14.61,0.0,22.709923664122115,0,1,0,0,0,0,0,1,0
6901028942881,202511,双喜(硬精品好日子),三类烟,0,0.0,22.709923664122115,0.0,62.3,98.57,1.179245283018868,0.24217756114839845,41075.0,317.4115210843373,0.1322314049586777,1.0,0.0,8.0,14.61,0.0,22.709923664122115,0,1,0,0,0,0,0,1,0
6901028942881,202512,双喜(硬精品好日子),三类烟,0,0.0,22.709923664122115,0.0,32.68,93.84,1.179245283018868,0.24217756114839845,41075.0,317.4115210843373,1.0,1.0,0.0,8.0,14.61,0.0,22.709923664122115,0,1,0,0,0,0,0,1,0
6901028942881,202601,双喜(硬精品好日子),三类烟,0,0.0,22.709923664122115,0.0,4.61,50.85,1.179245283018868,0.24217756114839845,41075.0,317.4115210843373,0.9846698113207548,1.0,0.0,8.0,14.61,0.0,22.709923664122115,0,1,0,0,0,0,0,1,0
6901028942881,202602,双喜(硬精品好日子),三类烟,0,0.0,22.709923664122115,0.0,87.5,100.0,1.179245283018868,0.24217756114839845,41075.0,317.4115210843373,0.2345238095238095,1.0,0.0,8.0,14.61,0.0,22.709923664122115,0,1,0,0,0,0,0,1,0
6901028942881,202603,双喜(硬精品好日子),三类烟,0,0.0,22.709923664122115,0.0,87.5,100.0,1.179245283018868,0.24217756114839845,41075.0,317.4115210843373,0.2345238095238095,1.0,0.0,8.0,14.61,0.0,22.709923664122115,0,1,0,0,0,0,0,1,0
6901028942881,202604,双喜(硬精品好日子),三类烟,0,0.0,22.709923664122115,,87.5,100.0,1.179245283018868,0.24217756114839845,41075.0,317.4115210843373,0.2345238095238095,1.0,0.0,8.0,14.61,0.0,22.709923664122115,0,1,0,0,0,0,0,1,0
6901028942881,202605,双喜(硬精品好日子),三类烟,0,0.0,22.709923664122115,0.0,87.5,100.0,1.179245283018868,0.24217756114839845,41075.0,317.4115210843373,0.2345238095238095,-97.484848,0.00281763621607935,8.0,14.61,0.0,22.709923664122115,0,1,0,0,0,0,0,1,0
6901028942881,202606,双喜(硬精品好日子),三类烟,0,0.0,22.709923664122115,0.0,87.5,100.0,1.179245283018868,0.24217756114839845,41075.0,317.4115210843373,0.2345238095238095,1.0,0.0,8.0,14.61,0.0,22.709923664122115,0,1,0,0,0,0,0,1,0
6901028942911,202501,双喜(软珍品好日子),二类烟,0,20.03952355991361,19.759066447356098,100.0,87.5,100.0,1.1484823625922886,0.24217756114839845,41075.0,317.4115210843373,0.2345238095238095,-97.484848,0.00281763621607935,8.0,14.61,0.0,41.1974834563511,0,0,1,0,0,0,0,0,1
6901028942911,202502,双喜(软珍品好日子),二类烟,1,3.0820332797757217,39.79859000726971,86.956522,87.5,100.0,1.161103047895501,0.2421625544267053,34450.0,6977.25,0.2345238095238095,-99.0,6.530805687203791e-05,8.0,0.47,0.0,19.759066447356098,0,0,1,0,0,0,0,0,1
6901028942911,202504,双喜(软珍品好日子),二类烟,0,-11.65737573639236,42.88062328704543,97.560976,87.5,100.0,1.161103047895501,0.2421625544267053,34450.0,1530.55,0.2345238095238095,-85.956522,0.000325768321513,8.0,14.61,0.0,39.79859000726971,0,0,1,0,0,0,0,0,1
6901028942911,202505,双喜(软珍品好日子),二类烟,0,-15.251433105556165,31.22324755065307,100.0,87.5,100.0,1.161103047895501,0.2421262699564586,34450.0,688.925,0.2345238095238095,-96.560976,0.0006530805687203,8.0,2.37,0.0,42.88062328704543,0,0,1,0,0,0,0,0,1
6901028942911,202506,双喜(软珍品好日子),二类烟,0,27.092263180081012,15.971814445096905,,87.5,100.0,1.161103047895501,0.2421262699564586,34450.0,3857.375,0.2345238095238095,-99.0,0.000131238095238,8.0,0.48,0.0,31.22324755065307,0,0,1,0,0,0,0,0,1
6901028942911,202507,双喜(软珍品好日子),二类烟,0,-0.9113951833547489,43.064077625177916,96.0,87.5,100.0,1.161103047895501,0.24217756114839845,41075.0,317.4115210843373,0.2345238095238095,-97.484848,0.00281763621607935,8.0,14.61,0.0,15.971814445096905,0,0,1,0,0,0,0,0,1
6901028942911,202508,双喜(软珍品好日子),二类烟,0,2.9255314461718314,42.15268244182317,81.818182,75.0,100.0,1.161103047895501,0.2421262699564586,34450.0,639.0625,0.0047449584816132,-95.0,0.0007846263345195,8.0,2.37,20.0,43.064077625177916,0,0,1,0,0,0,0,0,1
6901028942911,202509,双喜(软珍品好日子),二类烟,0,-0.17606313249873295,45.078213887995,100.0,5.87,98.41,1.161103047895501,0.2421262699564586,34450.0,886.7777777777778,1.0,-80.818182,0.0005891686460807,8.0,2.14,0.0,42.15268244182317,0,0,1,0,0,0,0,0,1
6901028942911,202510,双喜(软珍品好日子),二类烟,0,0.3916846993291685,44.902150755496265,98.125,50.0,100.0,1.161103047895501,0.2421265512314218,34450.0,91.65503875968992,0.0047281323877068,-99.0,0.0042024113475177,129.0,15.37,0.0,45.078213887995,0,0,1,0,0,0,0,0,1
6901028942911,202511,双喜(软珍品好日子),二类烟,0,0.05443499627316584,45.293835454825434,99.65812,50.0,100.0,1.161103047895501,0.2421265010677341,34450.0,139.50318471337582,0.0047225501770956,-97.125,0.0025542621015348,38.0,8.26,12.86,44.902150755496265,0,0,1,0,0,0,0,0,1
6901028942911,202512,双喜(软珍品好日子),二类烟,1,-29.376456006001696,45.3482704510986,92.326139,6.71,90.0,1.161103047895501,0.2421273279941845,34450.0,33.133790737564325,1.0,-98.65812,0.0094625912838633,144.0,32.51,8.7,45.293835454825434,0,0,1,0,0,0,0,0,1
6901028942911,202601,双喜(软珍品好日子),二类烟,0,0.0,15.971814445096905,,87.5,100.0,1.161103047895501,0.2421393700638983,34450.0,17.527272727272727,0.2345238095238095,-91.326139,0.00625625,20.0,6.96,0.0,45.3482704510986,0,0,1,0,0,0,0,0,1
6901028942911,202602,双喜(软珍品好日子),二类烟,0,0.0,15.971814445096905,,8.41,100.0,1.161103047895501,0.24217756114839845,41075.0,317.4115210843373,0.9846153846153848,-97.484848,0.00281763621607935,8.0,14.61,0.0,15.971814445096905,0,0,1,0,0,0,0,0,1
6901028942911,202604,双喜(软珍品好日子),二类烟,0,0.0,15.971814445096905,,87.5,100.0,1.161103047895501,0.24217756114839845,41075.0,317.4115210843373,0.2345238095238095,-97.484848,0.00281763621607935,8.0,14.61,0.0,15.971814445096905,0,0,1,0,0,0,0,0,1
6901028942911,202605,双喜(软珍品好日子),二类烟,0,0.0,15.971814445096905,,87.5,100.0,1.161103047895501,0.24217756114839845,41075.0,317.4115210843373,0.2345238095238095,-97.484848,0.00281763621607935,8.0,14.61,0.0,15.971814445096905,0,0,1,0,0,0,0,0,1
8888075005524,202501,555金·锐,二类烟,0,0.0,15.971814445096905,,87.5,100.0,1.1484823625922886,0.24217756114839845,41075.0,317.4115210843373,0.2345238095238095,-97.484848,0.00281763621607935,8.0,14.61,0.0,41.1974834563511,0,0,1,0,0,0,0,0,1
8888075005524,202502,555金·锐,二类烟,0,0.0,15.971814445096905,,87.5,100.0,1.161103047895501,0.24217756114839845,41075.0,317.4115210843373,0.2345238095238095,-97.484848,0.00281763621607935,8.0,14.61,0.0,15.971814445096905,0,0,1,0,0,0,0,0,1
8888075005524,202504,555金·锐,二类烟,0,0.0,15.971814445096905,,87.5,100.0,1.161103047895501,0.24217756114839845,41075.0,317.4115210843373,0.2345238095238095,-97.484848,0.00281763621607935,8.0,14.61,0.0,15.971814445096905,0,0,1,0,0,0,0,0,1
8888075005524,202505,555金·锐,二类烟,0,0.0,15.971814445096905,,87.5,100.0,1.161103047895501,0.24217756114839845,41075.0,317.4115210843373,0.2345238095238095,-97.484848,0.00281763621607935,8.0,14.61,0.0,15.971814445096905,0,0,1,0,0,0,0,0,1
8888075005524,202506,555金·锐,二类烟,0,0.0,15.971814445096905,,87.5,100.0,1.161103047895501,0.24217756114839845,41075.0,317.4115210843373,0.2345238095238095,-97.484848,0.00281763621607935,8.0,14.61,0.0,15.971814445096905,0,0,1,0,0,0,0,0,1
8888075005524,202507,555金·锐,二类烟,0,0.0,15.971814445096905,,87.5,100.0,1.161103047895501,0.24217756114839845,41075.0,317.4115210843373,0.2345238095238095,-97.484848,0.00281763621607935,8.0,14.61,0.0,15.971814445096905,0,0,1,0,0,0,0,0,1
8888075005524,202508,555金·锐,二类烟,0,0.0,15.971814445096905,0.0,100.0,100.0,1.161103047895501,0.24217756114839845,41075.0,317.4115210843373,0.0047449584816132,-97.484848,0.00281763621607935,8.0,14.61,0.0,15.971814445096905,0,0,1,0,0,0,0,0,1
8888075005524,202509,555金·锐,二类烟,0,0.0,15.971814445096905,,87.5,100.0,1.161103047895501,0.24217756114839845,41075.0,317.4115210843373,0.2345238095238095,1.0,0.0,8.0,14.61,0.0,15.971814445096905,0,0,1,0,0,0,0,0,1
8888075005524,202510,555金·锐,二类烟,0,0.0,15.971814445096905,,87.5,100.0,1.161103047895501,0.24217756114839845,41075.0,317.4115210843373,0.2345238095238095,-97.484848,0.00281763621607935,8.0,14.61,0.0,15.971814445096905,0,0,1,0,0,0,0,0,1
8888075005524,202511,555金·锐,二类烟,0,24.751638854881598,15.971814445096905,,100.0,100.0,1.161103047895501,0.24217756114839845,41075.0,317.4115210843373,0.0224321133412042,-97.484848,0.00281763621607935,8.0,14.61,0.0,15.971814445096905,0,0,1,0,0,0,0,0,1
8888075018616,202501,555·双冰,一类烟,0,0.0,23.17848661383485,0.0,87.5,100.0,1.1484823625922886,0.24217756114839845,41075.0,317.4115210843373,0.2345238095238095,-97.484848,0.00281763621607935,8.0,14.61,0.0,41.1974834563511,1,0,0,0,0,0,0,0,1
8888075018616,202502,555·双冰,一类烟,0,0.0,23.17848661383485,,87.5,100.0,1.180506880141661,0.24217756114839845,41075.0,317.4115210843373,0.2345238095238095,1.0,0.0,8.0,14.61,0.0,23.17848661383485,1,0,0,0,0,0,0,0,1
8888075018616,202503,555·双冰,一类烟,0,0.0,23.17848661383485,,87.5,100.0,1.180506880141661,0.24217756114839845,41075.0,317.4115210843373,0.2345238095238095,-97.484848,0.00281763621607935,8.0,14.61,0.0,23.17848661383485,1,0,0,0,0,0,0,0,1
8888075018616,202504,555·双冰,一类烟,0,0.0,23.17848661383485,,87.5,100.0,1.180506880141661,0.24217756114839845,41075.0,317.4115210843373,0.2345238095238095,-97.484848,0.00281763621607935,8.0,14.61,0.0,23.17848661383485,1,0,0,0,0,0,0,0,1
8888075018616,202506,555·双冰,一类烟,0,-8.284986019177683,23.17848661383485,,87.5,100.0,1.180506880141661,0.24217756114839845,41075.0,317.4115210843373,0.2345238095238095,-97.484848,0.00281763621607935,8.0,14.61,0.0,23.17848661383485,1,0,0,0,0,0,0,0,1
8888075018616,202507,555·双冰,一类烟,0,8.284986019177683,14.893500594657166,100.0,87.5,100.0,1.180506880141661,0.24217756114839845,41075.0,317.4115210843373,0.2345238095238095,-97.484848,0.00281763621607935,8.0,14.61,0.0,23.17848661383485,1,0,0,0,0,0,0,0,1
8888075018616,202508,555·双冰,一类烟,1,17.185051302390143,23.17848661383485,0.0,88.61,100.0,1.180506880141661,0.22549987088206,67767.5,7145.625,0.0889679715302491,-99.0,0.0002572431791221,4.0,0.47,0.0,14.893500594657166,1,0,0,0,0,0,0,0,1
8888075018616,202510,555·双冰,一类烟,0,-17.185051302390143,40.36353791622499,90.47619,87.5,100.0,1.180506880141661,0.24217756114839845,41075.0,317.4115210843373,0.2345238095238095,1.0,0.0,8.0,14.61,0.0,23.17848661383485,1,0,0,0,0,0,0,0,1
8888075018616,202511,555·双冰,一类烟,0,0.0,23.17848661383485,,100.0,100.0,1.180506880141661,0.2253962367459949,67767.5,211.6842105263158,0.0224321133412042,-89.47619,0.00121613459268,15.0,2.24,0.0,40.36353791622499,1,0,0,0,0,0,0,0,1
8888075018616,202512,555·双冰,一类烟,0,0.0,23.17848661383485,,87.5,100.0,1.180506880141661,0.24217756114839845,41075.0,317.4115210843373,0.2345238095238095,-97.484848,0.00281763621607935,8.0,14.61,0.0,23.17848661383485,1,0,0,0,0,0,0,0,1
8888075018616,202601,555·双冰,一类烟,0,-15.443923191524462,23.17848661383485,,87.5,100.0,1.180506880141661,0.24217756114839845,41075.0,317.4115210843373,0.2345238095238095,-97.484848,0.00281763621607935,8.0,14.61,0.0,23.17848661383485,1,0,0,0,0,0,0,0,1
8888075024037,202501,555(冰炫),一类烟,0,0.0,0.0,0.0,87.5,100.0,1.1484823625922886,0.24217756114839845,41075.0,317.4115210843373,0.2345238095238095,-97.484848,0.00281763621607935,8.0,14.61,0.0,41.1974834563511,1,0,0,0,0,0,0,0,1
8888075024037,202503,555(冰炫),一类烟,0,0.0,0.0,,87.5,100.0,1.11085396898866,0.24217756114839845,41075.0,317.4115210843373,0.2345238095238095,1.0,0.0,8.0,14.61,0.0,0.0,1,0,0,0,0,0,0,0,1
8888075024037,202504,555(冰炫),一类烟,0,0.0,0.0,,87.5,100.0,1.11085396898866,0.24217756114839845,41075.0,317.4115210843373,0.2345238095238095,-97.484848,0.00281763621607935,8.0,14.61,0.0,0.0,1,0,0,0,0,0,0,0,1
8888075024037,202505,555(冰炫),一类烟,0,0.0,0.0,,87.5,100.0,1.11085396898866,0.24217756114839845,41075.0,317.4115210843373,0.2345238095238095,-97.484848,0.00281763621607935,8.0,14.61,0.0,0.0,1,0,0,0,0,0,0,0,1
8888075024037,202506,555(冰炫),一类烟,0,31.942941261215868,0.0,,87.5,100.0,1.11085396898866,0.24217756114839845,41075.0,317.4115210843373,0.2345238095238095,-97.484848,0.00281763621607935,8.0,14.61,0.0,0.0,1,0,0,0,0,0,0,0,1
8888075024037,202507,555(冰炫),一类烟,0,-31.942941261215868,31.942941261215868,99.29078,87.5,100.0,1.11085396898866,0.24217756114839845,41075.0,317.4115210843373,0.2345238095238095,-97.484848,0.00281763621607935,8.0,14.61,0.0,0.0,1,0,0,0,0,0,0,0,1
8888075024037,202508,555(冰炫),一类烟,1,32.7741413495818,0.0,0.0,100.0,100.0,1.11085396898866,0.225367474460277,54012.5,397.55,0.0047449584816132,-98.29078,0.0035880189798339,66.0,7.83,6.06,31.942941261215868,1,0,0,0,0,0,0,0,1
8888075024037,202510,555(冰炫),一类烟,0,-32.7741413495818,32.7741413495818,90.47619,87.5,100.0,1.11085396898866,0.24217756114839845,41075.0,317.4115210843373,0.2345238095238095,1.0,0.0,8.0,14.61,0.0,0.0,1,0,0,0,0,0,0,0,1
8888075024037,202512,555(冰炫),一类烟,0,0.0,0.0,,87.5,100.0,1.11085396898866,0.2253669350418397,54012.5,171.63157894736844,0.2345238095238095,-89.47619,0.0009692916174734,8.0,2.24,0.0,32.7741413495818,1,0,0,0,0,0,0,0,1
8888075024037,202601,555(冰炫),一类烟,0,26.477666824938183,0.0,,0.0,100.0,1.11085396898866,0.24217756114839845,41075.0,317.4115210843373,0.0047169811320754,-97.484848,0.00281763621607935,8.0,14.61,0.0,0.0,1,0,0,0,0,0,0,0,1
8888075034715,202501,555(国际版),一类烟,0,0.0,21.816513607621797,0.0,87.5,100.0,1.1484823625922886,0.24217756114839845,41075.0,317.4115210843373,0.2345238095238095,-97.484848,0.00281763621607935,8.0,14.61,0.0,41.1974834563511,1,0,0,0,0,0,0,0,1
8888075034715,202502,555(国际版),一类烟,0,0.0,21.816513607621797,0.0,87.5,100.0,1.1768397928761964,0.24217756114839845,41075.0,317.4115210843373,0.2345238095238095,1.0,0.0,8.0,14.61,0.0,21.816513607621797,1,0,0,0,0,0,0,0,1
8888075034715,202503,555(国际版),一类烟,0,0.0,21.816513607621797,,87.5,100.0,1.1768397928761964,0.24217756114839845,41075.0,317.4115210843373,0.2345238095238095,1.0,0.0,8.0,14.61,0.0,21.816513607621797,1,0,0,0,0,0,0,0,1
8888075034715,202504,555(国际版),一类烟,0,0.0,21.816513607621797,,87.5,100.0,1.1768397928761964,0.24217756114839845,41075.0,317.4115210843373,0.2345238095238095,-97.484848,0.00281763621607935,8.0,14.61,0.0,21.816513607621797,1,0,0,0,0,0,0,0,1
8888075034715,202505,555(国际版),一类烟,0,0.0,21.816513607621797,,87.5,100.0,1.1768397928761964,0.24217756114839845,41075.0,317.4115210843373,0.2345238095238095,-97.484848,0.00281763621607935,8.0,14.61,0.0,21.816513607621797,1,0,0,0,0,0,0,0,1
8888075034715,202506,555(国际版),一类烟,0,7.572236963003817,21.816513607621797,,87.5,100.0,1.1768397928761964,0.24217756114839845,41075.0,317.4115210843373,0.2345238095238095,-97.484848,0.00281763621607935,8.0,14.61,0.0,21.816513607621797,1,0,0,0,0,0,0,0,1
8888075034715,202507,555(国际版),一类烟,0,-7.572236963003817,29.388750570625614,100.0,87.5,100.0,1.1768397928761964,0.24217756114839845,41075.0,317.4115210843373,0.2345238095238095,-97.484848,0.00281763621607935,8.0,14.61,0.0,21.816513607621797,1,0,0,0,0,0,0,0,1
8888075034715,202508,555(国际版),一类烟,1,0.0,21.816513607621797,0.0,100.0,100.0,1.1768397928761964,0.2254138553271614,63730.0,3073.125,0.0047449584816132,-99.0,0.0002419169632265,4.0,0.47,0.0,29.388750570625614,1,0,0,0,0,0,0,0,1
8888075034715,202510,555(国际版),一类烟,0,0.0,21.816513607621797,,87.5,100.0,1.1768397928761964,0.24217756114839845,41075.0,317.4115210843373,0.2345238095238095,1.0,0.0,8.0,14.61,0.0,21.816513607621797,1,0,0,0,0,0,0,0,1
8888075034715,202512,555(国际版),一类烟,0,0.0,21.816513607621797,,87.5,100.0,1.1768397928761964,0.24217756114839845,41075.0,317.4115210843373,0.2345238095238095,-97.484848,0.00281763621607935,8.0,14.61,0.0,21.816513607621797,1,0,0,0,0,0,0,0,1
8888075034715,202601,555(国际版),一类烟,0,0.0,21.816513607621797,,0.0,100.0,1.1768397928761964,0.24217756114839845,41075.0,317.4115210843373,0.0047169811320754,-97.484848,0.00281763621607935,8.0,14.61,0.0,21.816513607621797,1,0,0,0,0,0,0,0,1
8888075034715,202602,555(国际版),一类烟,0,13.082937134637437,21.816513607621797,,87.5,100.0,1.1768397928761964,0.24217756114839845,41075.0,317.4115210843373,0.2345238095238095,-97.484848,0.00281763621607935,8.0,14.61,0.0,21.816513607621797,1,0,0,0,0,0,0,0,1
8888075034777,202501,555(老版细支),一类烟,0,0.0,22.132226340840276,0.0,87.5,100.0,1.1484823625922886,0.24217756114839845,41075.0,317.4115210843373,0.2345238095238095,-97.484848,0.00281763621607935,8.0,14.61,0.0,41.1974834563511,1,0,0,0,0,0,0,0,1
8888075034777,202505,555(老版细支),一类烟,0,0.0,22.132226340840276,,87.5,100.0,1.1776898436027887,0.24217756114839845,41075.0,317.4115210843373,0.2345238095238095,1.0,0.0,8.0,14.61,0.0,22.132226340840276,1,0,0,0,0,0,0,0,1
8888075034777,202506,555(老版细支),一类烟,0,10.920408672001741,22.132226340840276,,87.5,100.0,1.1776898436027887,0.24217756114839845,41075.0,317.4115210843373,0.2345238095238095,-97.484848,0.00281763621607935,8.0,14.61,0.0,22.132226340840276,1,0,0,0,0,0,0,0,1
8888075034777,202507,555(老版细支),一类烟,0,-10.920408672001741,33.05263501284202,100.0,87.5,100.0,1.1776898436027887,0.24217756114839845,41075.0,317.4115210843373,0.2345238095238095,-97.484848,0.00281763621607935,8.0,14.61,0.0,22.132226340840276,1,0,0,0,0,0,0,0,1
8888075034777,202508,555(老版细支),一类烟,1,0.0,22.132226340840276,0.0,100.0,100.0,1.1776898436027887,0.2253745053702657,53070.0,2101.625,0.0047449584816132,-99.0,0.0002014519572953,4.0,0.47,0.0,33.05263501284202,1,0,0,0,0,0,0,0,1
8888075034777,202510,555(老版细支),一类烟,0,0.0,22.132226340840276,0.0,87.5,100.0,1.1776898436027887,0.24217756114839845,41075.0,317.4115210843373,0.2345238095238095,1.0,0.0,8.0,14.61,0.0,22.132226340840276,1,0,0,0,0,0,0,0,1
8888075034777,202601,555(老版细支),一类烟,0,0.0,22.132226340840276,,89.47,100.0,1.1776898436027887,0.24217756114839845,41075.0,317.4115210843373,0.0224321133412042,1.0,0.0,8.0,14.61,0.0,22.132226340840276,1,0,0,0,0,0,0,0,1
8888075034777,202605,555(老版细支),一类烟,0,7.100785229763115,22.132226340840276,0.0,87.5,100.0,1.1776898436027887,0.24217756114839845,41075.0,317.4115210843373,0.2345238095238095,-97.484848,0.00281763621607935,8.0,14.61,0.0,22.132226340840276,1,0,0,0,0,0,0,0,1
8888075056014,202501,555 (金天越),二类烟,0,0.0,21.349175266124266,0.0,87.5,100.0,1.1484823625922886,0.24217756114839845,41075.0,317.4115210843373,0.2345238095238095,-97.484848,0.00281763621607935,8.0,14.61,0.0,41.1974834563511,0,0,1,0,0,0,0,0,1
8888075056014,202502,555 (金天越),二类烟,0,0.0,21.349175266124266,0.0,87.5,100.0,1.175581492988496,0.24217756114839845,41075.0,317.4115210843373,0.2345238095238095,1.0,0.0,8.0,14.61,0.0,21.349175266124266,0,0,1,0,0,0,0,0,1
8888075056014,202505,555 (金天越),二类烟,0,0.0,21.349175266124266,0.0,87.5,100.0,1.175581492988496,0.24217756114839845,41075.0,317.4115210843373,0.2345238095238095,1.0,0.0,8.0,14.61,0.0,21.349175266124266,0,0,1,0,0,0,0,0,1
8888075056014,202506,555 (金天越),二类烟,0,16.24527640405581,21.349175266124266,,87.5,100.0,1.175581492988496,0.24217756114839845,41075.0,317.4115210843373,0.2345238095238095,1.0,0.0,8.0,14.61,0.0,21.349175266124266,0,0,1,0,0,0,0,0,1
8888075056014,202507,555 (金天越),二类烟,0,-16.24527640405581,37.59445167018008,100.0,87.5,100.0,1.175581492988496,0.24217756114839845,41075.0,317.4115210843373,0.2345238095238095,-97.484848,0.00281763621607935,8.0,14.61,0.0,21.349175266124266,0,0,1,0,0,0,0,0,1
8888075056014,202508,555 (金天越),二类烟,1,0.0,21.349175266124266,0.0,87.5,100.0,1.175581492988496,0.2253862624905533,29772.5,797.5,0.2345238095238095,-99.0,0.000113015421115,8.0,0.47,0.0,37.59445167018008,0,0,1,0,0,0,0,0,1
8888075056014,202509,555 (金天越),二类烟,0,17.15131620190233,21.349175266124266,0.0,87.5,100.0,1.175581492988496,0.24217756114839845,41075.0,317.4115210843373,0.2345238095238095,1.0,0.0,8.0,14.61,0.0,21.349175266124266,0,0,1,0,0,0,0,0,1
8888075056014,202510,555 (金天越),二类烟,0,-17.15131620190233,38.500491468026595,91.891892,87.5,100.0,1.175581492988496,0.24217756114839845,41075.0,317.4115210843373,0.2345238095238095,1.0,0.0,8.0,14.61,0.0,21.349175266124266,0,0,1,0,0,0,0,0,1
8888075056014,202512,555 (金天越),二类烟,0,0.0,21.349175266124266,,87.5,100.0,1.175581492988496,0.2253881147723175,29772.5,551.4411764705882,0.2345238095238095,-90.891892,0.0004780472255017,13.0,2.01,0.0,38.500491468026595,0,0,1,0,0,0,0,0,1
8888075056014,202601,555 (金天越),二类烟,0,0.0,21.349175266124266,,87.5,100.0,1.175581492988496,0.24217756114839845,41075.0,317.4115210843373,0.2345238095238095,-97.484848,0.00281763621607935,8.0,14.61,0.0,21.349175266124266,0,0,1,0,0,0,0,0,1
8888075056014,202602,555 (金天越),二类烟,0,0.0,21.349175266124266,0.0,87.5,100.0,1.175581492988496,0.24217756114839845,41075.0,317.4115210843373,0.2345238095238095,-97.484848,0.00281763621607935,8.0,14.61,0.0,21.349175266124266,0,0,1,0,0,0,0,0,1
8888075056014,202605,555 (金天越),二类烟,0,9.293879259727728,21.349175266124266,,87.5,100.0,1.175581492988496,0.24217756114839845,41075.0,317.4115210843373,0.2345238095238095,1.0,0.0,8.0,14.61,0.0,21.349175266124266,0,0,1,0,0,0,0,0,1
8888075074865,202501,建牌(薄荷紫冰),一类烟,0,0.0,17.017495798194837,0.0,87.5,100.0,1.1484823625922886,0.24217756114839845,41075.0,317.4115210843373,0.2345238095238095,-97.484848,0.00281763621607935,8.0,14.61,0.0,41.1974834563511,1,0,0,0,0,0,0,0,1
8888075074865,202505,建牌(薄荷紫冰),一类烟,0,0.0,17.017495798194837,,87.5,100.0,1.1639185257032008,0.24217756114839845,41075.0,317.4115210843373,0.2345238095238095,1.0,0.0,8.0,14.61,0.0,17.017495798194837,1,0,0,0,0,0,0,0,1
8888075074865,202507,建牌(薄荷紫冰),一类烟,0,0.0,17.017495798194837,,87.5,100.0,1.1639185257032008,0.24217756114839845,41075.0,317.4115210843373,0.2345238095238095,-97.484848,0.00281763621607935,8.0,14.61,0.0,17.017495798194837,1,0,0,0,0,0,0,0,1
8888075074865,202508,建牌(薄荷紫冰),一类烟,0,0.0,17.017495798194837,0.0,87.5,100.0,1.1639185257032008,0.24217756114839845,41075.0,317.4115210843373,0.2345238095238095,-97.484848,0.00281763621607935,8.0,14.61,0.0,17.017495798194837,1,0,0,0,0,0,0,0,1
8888075074865,202509,建牌(薄荷紫冰),一类烟,0,17.513072525010024,17.017495798194837,,87.5,100.0,1.1639185257032008,0.24217756114839845,41075.0,317.4115210843373,0.2345238095238095,1.0,0.0,8.0,14.61,0.0,17.017495798194837,1,0,0,0,0,0,0,0,1
8888075074865,202510,建牌(薄荷紫冰),一类烟,0,-17.513072525010024,34.53056832320486,100.0,87.5,100.0,1.1639185257032008,0.24217756114839845,41075.0,317.4115210843373,0.2345238095238095,-97.484848,0.00281763621607935,8.0,14.61,0.0,17.017495798194837,1,0,0,0,0,0,0,0,1
8888075074865,202601,建牌(薄荷紫冰),一类烟,0,0.0,17.017495798194837,,87.5,100.0,1.1639185257032008,0.2254122211445199,64437.5,1240.625,0.2345238095238095,-99.0,0.0002434474616292,4.0,0.47,0.0,34.53056832320486,1,0,0,0,0,0,0,0,1
8888075074865,202604,建牌(薄荷紫冰),一类烟,0,11.702460475168426,17.017495798194837,0.0,87.5,100.0,1.1639185257032008,0.24217756114839845,41075.0,317.4115210843373,0.2345238095238095,-97.484848,0.00281763621607935,8.0,14.61,0.0,17.017495798194837,1,0,0,0,0,0,0,0,1
