code,ym,T,Y,tau_oof,dr_score_oof
4891132530116,202501,0,0.0,0.8893670456242755,2.9905646712268465
4891132530116,202502,0,0.0,1.3237231826939526,10.1390862249436
4891132530116,202503,0,0.0,1.3237231826939526,10.1390862249436
4891132530116,202504,0,0.0,1.3237231826939526,10.1390862249436
4891132530116,202505,0,0.0,1.3237231826939526,10.1390862249436
4891132530116,202506,0,0.0,1.3237231826939526,10.1390862249436
4891132530116,202507,0,0.0,1.3237231826939526,10.1390862249436
4891132530116,202508,0,0.0,1.3237231826939526,10.1390862249436
4891132530116,202509,0,0.0,1.3237231826939526,10.1390862249436
4891132530116,202510,0,18.70683566680094,2.7799366905921787,-8.159921954548588
4891132530116,202511,0,-18.70683566680094,1.3237231826939526,29.475502481721115
4891132530116,202512,1,0.0,5.496217903889672,7.559874631324703
4891132530116,202601,0,0.0,2.7455593600505512,10.219375644706812
4891132530116,202602,0,0.0,1.3237231826939526,10.1390862249436
4891132530116,202603,0,0.0,1.3237231826939526,10.1390862249436
4891132530116,202604,0,0.0,1.3237231826939526,10.1390862249436
4891132530116,202605,0,0.0,1.3237231826939526,10.1390862249436
4891132530116,202606,0,16.39813889621616,1.3237231826939526,-6.810933820211044
4891132601014,202503,0,0.0,-0.8248571231574959,1.539960198094355
4891132601014,202507,0,0.0,-0.5074469548055507,6.270512257510801
4891132601014,202508,0,2.776844621069209,-0.5074469548055507,3.0526484217081835
4891132601014,202509,0,-2.776844621069209,4.345992279502797,11.716390872281488
4891132601014,202510,0,2.9594251481150735,-1.0374785034551481,-9.925261458176923
6901028000833,202501,0,-0.8840389644277877,2.481394099527697,5.38948197676175
6901028000833,202502,0,-3.499539071651597,14.590999213012738,22.77480129039701
6901028000833,202503,1,4.1579651327230565,10.775911233109893,4.121730825019416
6901028000833,202504,0,-0.27683475203100016,6.456461208405708,-0.5412162196301793
6901028000833,202505,0,0.17963951258568756,13.784638237859523,13.355098858289905
6901028000833,202506,0,0.34165304756681536,15.347396135135424,12.829316288868386
6901028000833,202507,0,-0.20583821898371468,12.83043904580398,12.964090496735995
6901028000833,202508,0,-0.3482051006338125,14.761932244365548,18.613376924590106
6901028000833,202509,0,-2.327840492897977,13.64893736641876,16.457530450412058
6901028000833,202510,1,2.4074153761575374,8.959446868748868,-0.8692720397787959
6901028000833,202511,0,-0.39980611981135894,5.11705713843891,-16.986559129666
6901028000833,202512,0,0.8026905165297862,10.146406188963857,9.882795358474244
6901028000833,202601,0,-0.021966093175436185,10.897828241236164,6.325499882484511
6901028000833,202602,0,-0.10177673468008663,14.023586155857078,13.778827432147143
6901028000833,202603,0,0.11670387032314977,15.431365444095281,13.691715189663398
6901028000833,202604,1,-35.855705333166256,10.575301538354694,-45.91841414073276
6901028000833,202605,1,36.09234082796553,9.580490441711,48.37396125630977
6901028000833,202606,0,-0.07420270129220796,1.293120074771393,11.269299961432578
6901028001625,202501,0,-0.5884272132933077,1.8580459907862519,9.083812336795761
6901028001625,202502,0,0.20955608717569163,10.551341343511087,8.800758989062023
6901028001625,202503,0,0.05527061878092354,9.051376277222632,15.884762712055782
6901028001625,202504,0,-0.2803348205642706,10.497572781865466,15.379203455692167
6901028001625,202505,0,0.6698067171887203,9.772010800161034,9.61305885070642
6901028001625,202506,0,-0.11534661472400387,9.975812825610598,15.102726627759974
6901028001625,202507,0,-1.2323027647216946,11.930454863287606,14.868863530750057
6901028001625,202508,0,0.8288224148143613,11.671873307791147,13.531794721426163
6901028001625,202509,0,0.2515917151891216,8.70804190412923,13.991017906999632
6901028001625,202510,0,-1.080814898927791,9.817650618675357,13.461070988756152
6901028001625,202511,0,-4.94829491857859,10.934605927233278,27.151234547874175
6901028001625,202512,0,4.998680688081045,9.156270677065573,1.445039215636207
6901028001625,202601,0,-35.51700916748224,2.649087890288885,83.45094638238557
6901028001625,202602,0,36.24480476908253,9.30934544342867,-73.10984253187273
6901028001625,202603,0,-2.2119396355902765,5.567841499069446,13.588092797046837
6901028001625,202604,0,1.2656475769616193,8.962731270823584,10.208271401007538
6901028001625,202605,1,-1.4900840762339556,7.0989362329420995,-4.131594828323038
6901028001625,202606,0,-2.4499582100471855,4.80635453697431,16.537778329501663
6901028005036,202501,0,-0.8482420891996796,1.2528396025704651,7.484191817136013
6901028005036,202502,0,-1.0337362507763004,8.88778940054821,5.7389181540883625
6901028005036,202503,0,1.1090682177281792,5.2000639032515075,2.371456986513219
6901028005036,202504,0,-6.5105051907867875,4.026949282268106,10.910965673229118
6901028005036,202505,1,7.437414223394079,5.034265393880676,10.402415412017172
6901028005036,202506,0,-12.407490811971478,6.080135227812416,30.76539577118204
6901028005036,202507,0,8.679925543979067,7.054581662764623,-22.226956582637158
6901028005036,202508,0,0.6253622441340383,5.552988862679774,0.5376016704570818
6901028005036,202509,0,2.9111257288323173,6.696286830064892,-0.62514421165511
6901028005036,202510,0,-1.0981491317394472,5.902026714640852,4.4311960276942886
6901028005036,202511,0,0.7754544936474019,6.272200866082826,-5.46753527033899
6901028005036,202512,0,-0.12454025074323027,5.168819478482946,-1.858831371644714
6901028005036,202601,0,-2.366258986235181,4.506024969866256,6.14144576718977
6901028005036,202602,0,1.2735993057637245,6.569009481317119,2.570239119458387
6901028005036,202603,0,0.7287984434765349,5.509969992227285,0.7615793623532374
6901028005036,202604,0,0.9959772871221233,3.462438932905556,-0.18775703125443466
6901028005036,202605,0,-0.4443984285086273,6.398493644259483,1.4566523860625047
6901028005036,202606,0,-1.918532681686969,5.223993181967613,6.753645748970504
6901028009744,202501,0,-0.04688659067077339,-4.111871766247637,-2.9088213067886644
6901028009744,202502,0,-1.1451818773539628,4.214846798549512,-16.514555648362514
6901028009744,202503,1,1.1798374599745571,3.1636518507738534,9.117866374697059
6901028009744,202504,0,-0.21027808554041627,2.5087285683833276,-2.5430685871478103
6901028009744,202505,1,0.2112820013797858,3.5301557455383357,7.72768696602465
6901028009744,202506,0,-0.05834425298577628,2.01556663677788,-5.603658697542019
6901028009744,202507,0,-0.2984929730842296,4.048714071283025,-19.229287024221705
6901028009744,202508,0,-1.1929112611255945,2.5756096070758745,-14.732806059891416
6901028009744,202509,1,1.4993417353427603,2.112212465050371,1.365867393934502
6901028009744,202510,0,0.05080678962291785,3.187958517648694,3.1113485894102673
6901028009744,202511,0,-1.694008651229673,3.519189845228585,-16.66965828385907
6901028009744,202512,1,1.5294451461599365,3.917275517044493,12.527558839639592
6901028009744,202601,0,0.10104922539515115,3.2101985026176716,5.637329567540582
6901028009744,202602,0,-0.13453287828291138,3.7667103015038514,-10.795516864326828
6901028009744,202603,0,-0.10611048165811354,3.085498272122986,-11.971772618911919
6901028009744,202604,1,-0.4189994982648315,3.130769749079852,2.6762601569546414
6901028009744,202605,0,-0.41736171803406563,2.9208705991837345,-2.1846589519611497
6901028009744,202606,1,-2.1308782620801097,2.415498079766658,-3.213870192375768
6901028009805,202501,0,-0.49905922228816735,-0.8248571231574959,2.323891729123071
6901028009805,202502,0,-0.09401723331763634,8.979537724802917,-1.0168748811488424
6901028009805,202503,0,-1.520868300838103,4.727065986974873,16.0260537320277
6901028009805,202504,0,-0.8428527353093287,2.793138613137252,1.5978768529998364
6901028009805,202505,0,1.523067930071008,0.9416541040356738,-6.158037288648574
6901028009805,202506,0,1.0349481132301293,1.1157895025464875,-5.450613241904033
6901028009805,202507,0,-3.6730262148571953,1.0813898452937516,6.308544552690348
6901028009805,202508,0,2.5792396966499993,3.551070735073421,-7.269890220275066
6901028009805,202509,0,0.455799286877955,3.479729697893525,2.8493562600722884
6901028009805,202510,0,0.24582343236846071,3.0033163523465323,0.07265474792808568
6901028009805,202511,0,-4.78623179266507,2.285428666431185,6.609142739103174
6901028009805,202512,0,3.6060859303552704,-0.25839237287597927,-14.177772029925217
6901028009805,202601,0,1.0236932062373612,1.4324878114248232,-1.973940877927171
6901028009805,202602,0,-0.09244507767048304,3.005596509834426,-2.732460828404289
6901028009805,202603,0,-10.993416063846482,1.5177612422445792,26.470941847759214
6901028009805,202604,0,4.036521452443921,0.30243217389919574,-13.25324474179957
6901028009805,202605,1,0.1647100746209489,-1.2168400115676081,-0.5914371700003036
6901028009805,202606,0,-1.0633235722122194,1.7517276660668886,14.082609025768107
6901028010115,202501,0,-35.868650767512165,1.0332057384802207,116.79337114275803
6901028010115,202502,1,0.0,9.631428862018574,-1.035124354910451
6901028010115,202503,0,31.47713895528391,2.505891578903779,-24.677560065852887
6901028010115,202504,0,-24.993265939542333,1.4955159359579662,34.06260722439292
6901028010115,202505,1,28.720836109512767,4.682662108689436,45.469096253587054
6901028010115,202506,0,0.5582208186660438,2.4752008342780303,5.877877930459748
6901028010115,202507,0,-35.76292994392038,6.711570954230947,134.31582788081195
6901028010115,202508,1,0.0,8.203867729507428,3.6223546055965254
6901028010115,202509,0,0.0,2.505891578903779,7.773098650934649
6901028010115,202510,0,0.0,2.505891578903779,7.773098650934649
6901028010115,202511,0,0.0,5.576323544886762,7.963982079276009
6901028010115,202512,0,29.391162970440096,7.703803527077077,-25.807132484118885
6901028010115,202601,0,-15.128503808753312,7.703803527077077,22.615546151355456
6901028010115,202602,0,14.3279333402816,4.243011312119244,-41.67389758073916
6901028010115,202603,1,2.2749938547527933,1.5266148540486904,-0.8996135571973005
6901028010115,202604,0,4.250557973448288,5.009217230734695,-16.644963471689906
6901028010115,202605,0,0.8994072574879226,5.201746536050146,-6.8753962250401734
6901028010115,202606,1,-0.6944371992037901,4.994010804345763,1.0737333639942963
6901028010771,202501,0,20.78621812845685,-4.111871766247637,-35.11040642471192
6901028010771,202503,1,-43.74694808550289,3.6984658358138507,-66.72635157376054
6901028010771,202504,0,31.697461121505235,5.518930715087714,-87.78030770588545
6901028010771,202505,0,-31.697461121505235,3.5876838447215107,34.35156646344046
6901028010771,202506,0,0.0,4.2521783118977226,8.72383771451276
6901028010771,202507,0,0.0,-1.124623388539571,-0.4603624908467341
6901028010771,202508,0,35.00057318465513,-0.42073458558723054,-37.71059236706701
6901028010771,202510,0,-35.00057318465513,1.8193064406686592,44.11799339878879
6901028010771,202511,0,37.5879596265653,3.45606660561008,-79.13671003381808
6901028010771,202601,0,6.4953203171791145,-0.042255409097826824,-9.600741787880468
6901028010771,202603,0,0.997590040541354,4.405589351823139,5.023178146536589
6901028010771,202604,0,1.07466061638155,4.678746450792137,-3.534840394872601
6901028010771,202605,0,-0.8611648163459051,3.511122437382646,2.636323905355175
6901028010771,202606,0,-2.550552826255398,3.7077700744728155,8.670540773093746
6901028011785,202501,0,0.8915732535475271,-1.2730338830640977,-1.1123850485772628
6901028011785,202502,0,-37.23821172664797,3.786360839051517,87.93084277918953
6901028011785,202504,0,37.57785325177443,4.442694450151004,-80.78385874160683
6901028011785,202505,0,-23.23391510303084,1.5595158538507676,27.02615021748695
6901028011785,202506,0,21.837874289425564,2.4114194537737705,-57.24514312132772
6901028011785,202507,0,-4.6005526135169745,1.5047849457849733,14.204517914573849
6901028011785,202508,0,-31.58125982465218,2.5060286952327284,81.30432559112695
6901028011785,202509,0,23.349392825841498,2.925117819001148,-56.32125015541976
6901028011785,202510,0,-23.349392825841498,1.1553237181440488,25.712091013420544
6901028011785,202511,0,36.61942784828431,1.786590902999479,-82.93784803137622
6901028011785,202601,0,-36.61942784828431,4.008096574026718,42.33087594186825
6901028011785,202602,0,34.436304284368966,4.084735792574055,-86.8490638990402
6901028011785,202603,0,2.8048423988150617,0.8070911049860923,-0.3186911906329293
6901028011785,202604,0,-0.029606151831139016,1.5826107073799847,0.9762429889107874
6901028011785,202605,0,0.05412149993527038,3.6997212121570753,-4.791459483085831
6901028011785,202606,0,-1.9157652608320177,2.6179166439459456,-3.283239213606817
6901028012003,202501,0,1.4808718262059983,0.62248542992686,3.238158326314924
6901028012003,202502,0,-3.635068980091262,4.421505434843141,12.821944300982013
6901028012003,202503,0,3.826889655691538,2.7956115212032695,-4.439808750914416
6901028012003,202504,0,0.5294076407417165,2.0391238413481254,-2.564294305164628
6901028012003,202505,0,-0.37916447128425546,0.6522817760299566,-4.181543397134557
6901028012003,202506,0,-2.4563263774463024,5.820884292361927,-0.5209223514877619
6901028012003,202507,1,2.1388735126510525,2.2597904389193215,8.64771178645934
6901028012003,202508,0,-0.40636481216129994,3.759851461017123,3.804127927474215
6901028012003,202509,0,-2.453325664963053,2.226722861396687,2.5894869756819583
6901028012003,202510,0,-29.596687232994135,2.1413967338239517,49.98493521942566
6901028012003,202511,0,21.15388623170479,1.8244608112958478,-38.6309812316549
6901028012003,202512,0,0.0,1.2842077534255454,3.5135365269770267
6901028012003,202601,0,11.3917832748958,0.4143446987847412,-11.046077838348193
6901028012003,202602,0,0.41784668133844605,-1.1254056946502495,2.027373262331602
6901028012003,202603,0,-0.678946436742045,1.488223602518003,2.050250584091105
6901028012003,202604,0,0.9222506106907105,1.1677056962174823,-9.691757296142036
6901028012003,202605,0,0.04155179805845677,1.3067721669663155,-1.753796934696553
6901028012003,202606,0,-12.094485928241369,2.0708967863852754,19.438882251296427
6901028013611,202503,0,0.0,3.5711382644155707,-27.85044113879276
6901028013611,202505,0,4.993681094043872,4.546648772274163,4.497804663957579
6901028013611,202506,1,1.6401808177579937,4.170363404076257,8.550013262229415
6901028013611,202507,0,0.1676129774770061,5.53416255586253,-18.906984834727403
6901028013611,202509,0,0.0,4.84625612690165,-15.730090047762312
6901028013611,202601,0,0.0,4.903030908977088,9.13962019173531
6901028013611,202605,0,0.0,3.9023795285731064,9.817392613020285
6901028013611,202606,0,0.0,6.140599907681547,10.540893692678958
6901028018630,202501,0,-45.345547832879774,0.572458072599747,70.71668764183083
6901028018630,202502,0,47.654429996048265,2.9249522091309323,-217.63257634979342
6901028018630,202503,0,0.23087008709578072,4.457761787750998,5.4746238377924055
6901028018630,202505,0,-47.885300083144045,2.4999601897252517,215.19020728477494
6901028018630,202507,1,0.0,2.466046680992016,4.056359083764795
6901028018630,202508,0,0.0,5.296172703890777,8.540740550016661
6901028018630,202601,0,35.98221231054098,5.296172703890777,-28.554323687654453
6901028018630,202602,0,-35.98221231054098,4.007254913346439,42.947530494925076
6901028018630,202603,0,0.0,3.439751652600798,-21.13462222429919
6901028018630,202605,0,17.91888634915732,0.8861401159854889,-14.36274792975525
6901028018630,202606,0,-17.91888634915732,4.518103495253283,24.092801103736562
6901028018722,202501,0,-31.532009611259355,0.572458072599747,49.634141321116125
6901028018722,202502,1,19.902197249143086,0.873696025467977,28.14569445143299
6901028018722,202504,0,-38.43671801827986,4.045525678790194,82.39701058651697
6901028018722,202505,0,0.0,3.0078954275074707,-27.75841245342349
6901028018722,202506,0,0.0,3.8287105659797684,6.1230428071360725
6901028018722,202507,0,0.0,3.8287105659797684,6.123043188131528
6901028018722,202508,0,0.0,4.457761787750998,5.584131033645361
6901028018722,202509,0,39.29316808833829,2.1246366245676804,-30.824666831036478
6901028018722,202510,0,-39.29316808833829,3.0893173404754046,46.52713491000015
6901028018722,202511,0,43.82911827344164,3.357748556016661,-217.38654015840797
6901028018722,202601,0,2.598077384620325,0.8351764716372504,1.358966355965654
6901028018722,202602,0,-46.42719565806196,2.328794121895383,192.52624084401864
6901028018722,202604,0,45.62307130119669,2.0940404953378406,-176.75791482142228
6901028018722,202605,0,-2.3685005917328255,0.476044920862684,7.415825409042135
6901028024976,202501,0,-2.843351815480723,0.9483535983434268,15.930482459669001
6901028024976,202502,1,-32.38805860538058,10.487662014496518,-57.57491250578508
6901028024976,202503,1,34.68226480259595,5.54073012671435,47.04208008219911
6901028024976,202504,0,-0.040212771082345,4.7307104939363205,9.741305872567725
6901028024976,202505,0,0.9185808742904271,6.7287357363679945,-5.748637780724385
6901028024976,202506,0,-0.9249686113818072,6.593170510566381,3.1347544646398617
6901028024976,202507,0,0.6758242479532228,7.915374783734401,2.9150262821490247
6901028024976,202508,0,0.4890453779474342,8.47048944010813,-7.321903894249891
6901028024976,202509,0,-2.235236272344281,9.407412969612697,1.4472588918219955
6901028024976,202510,0,1.6386419655792892,9.2294020211654,-6.1408432837874365
6901028024976,202511,0,-32.44491912876015,5.713295651248755,134.89337133261606
6901028024976,202512,1,33.055121554182705,9.146725862018855,49.129666789731694
6901028024976,202601,0,-2.341367673273041,2.458881831642506,-0.7131882591367269
6901028024976,202602,0,-2.988583115978578,10.164948542396333,16.058159109722418
6901028024976,202603,0,-30.48419124972884,7.024905715445419,98.9822226537103
6901028024976,202604,0,35.592821681968374,4.374341579542426,-173.05504638526276
6901028024976,202605,0,-0.766781507793354,4.474065883715604,5.93663064251739
6901028024976,202606,0,-6.7061386212048575,10.475734684155215,21.864660488231934
6901028025645,202501,0,0.14014809441147236,1.0332057384802207,6.190703951278104
6901028025645,202502,0,-0.1178136797041347,12.228191804393237,9.535159786250562
6901028025645,202503,0,-37.53687549273505,10.567695713873176,140.2093146506418
6901028025645,202504,1,38.27953914351542,11.673115923668066,50.40593010590638
6901028025645,202505,0,-0.4159444000421786,3.6970130482801364,8.073072369571694
6901028025645,202506,0,-37.86359474347324,14.867295309007606,108.20816342423277
6901028025645,202507,1,37.21936477091462,13.768768827717583,54.41398594951862
6901028025645,202508,0,0.5830714584035661,4.105613283960368,7.595263519702281
6901028025645,202509,0,-0.12705752694341754,7.970884206609694,6.23982022135679
6901028025645,202510,0,-37.67537870237477,10.865052040455087,123.16713082316522
6901028025645,202511,1,0.0,12.489623901607638,-0.3765753847073938
6901028025645,202512,0,37.8371681101595,2.854163063297579,-32.17109089623615
6901028025645,202601,0,-37.8371681101595,4.207947235773175,46.47969465067239
6901028025645,202602,1,0.0,10.72875039415811,-7.791607829837348
6901028025645,202603,0,0.0,3.711691091394943,7.854213600328344
6901028025645,202604,0,0.0,3.5637044768905444,4.54609477978862
6901028025645,202605,0,0.0,4.178239877856342,7.518837852245425
6901028025645,202606,0,37.79497377134567,4.1466824641945434,-31.445052633677946
6901028029919,202501,0,0.0,-4.111871766247637,-2.981293583999844
6901028029919,202502,0,0.0,-0.9171034732437521,1.6006828499066965
6901028029919,202505,0,0.0,-0.9171034732437521,1.6006828499066965
6901028029919,202506,0,0.0,-0.9171034732437521,1.6006828499066965
6901028029919,202507,0,0.0,-0.9171034732437521,1.6006828499066965
6901028039758,202501,0,34.40745892123977,1.2528396025704651,-65.03619825177631
6901028039758,202502,0,1.24557114267553,4.35184397160806,8.073165278386588
6901028039758,202503,0,-0.13522457439304247,4.959967969258541,12.178286816336566
6901028039758,202504,0,-2.854855102828857,7.092661546586578,6.144691673421177
6901028039758,202505,0,2.72090975355529,5.7496507118989895,-17.973106830401214
6901028039758,202506,0,-1.9423949064949184,5.476380005239874,10.263977663386605
6901028039758,202507,0,0.38786561916783313,4.662883737076691,-1.2315101024205442
6901028039758,202508,0,1.1663568959846842,4.866840810035243,-2.5091094799544518
6901028039758,202509,0,-34.99568774890629,5.299997589083293,87.9545262047191
6901028039758,202510,0,34.68670736825997,4.898069355107233,-81.65071902872242
6901028039758,202511,0,0.3798843572075228,4.816595613524764,8.036054352755915
6901028039758,202512,0,-35.06659172546749,5.550501025616264,87.19133165000916
6901028039758,202602,0,35.027141991456105,4.93720032086004,-71.013133270868
6901028039758,202603,0,-35.027141991456105,5.297088001042156,46.05445525587519
6901028039758,202604,0,35.455948284246716,5.249401581949551,-92.97149357591218
6901028039758,202605,0,0.015809246048803516,4.75419151826571,9.525218169082008
6901028039758,202606,0,0.22255004556772917,6.004296165251473,-3.654001742640593
6901028042215,202501,0,0.0,4.623026486827282,3.556490607527998
6901028042215,202502,0,0.0,2.468089920297955,7.4680572317972125
6901028042215,202503,0,0.0,4.10013592406521,8.858135218470524
6901028042215,202504,0,0.0,4.10013592406521,8.858135218470524
6901028042215,202505,0,0.0,4.10013592406521,8.858135218470524
6901028042215,202506,0,0.0,4.10013592406521,8.858135218470524
6901028042215,202507,0,0.0,4.10013592406521,8.858135218470524
6901028042215,202508,0,0.0,4.10013592406521,8.858135218470524
6901028042215,202509,0,0.0,4.10013592406521,8.858135218470524
6901028042215,202510,0,0.0,4.10013592406521,8.858135218470524
6901028042215,202511,0,0.0,4.10013592406521,8.858135218470524
6901028042635,202501,0,-2.727145183367284,-1.2730338830640977,4.333240649347864
6901028042635,202502,0,-1.671686862313905,4.414719750528215,-0.11280504390628099
6901028042635,202505,0,0.6862225250531822,-0.3354215577485783,-0.06844782224471319
6901028042635,202506,0,0.9023548557022565,5.46501317035833,-4.065871079203133
6901028042635,202507,0,0.21246251011042716,4.9755090856145685,2.1528892872053977
6901028042635,202508,0,-2.03781452488316,4.9368185075140785,8.79225035084654
6901028042635,202509,0,-7.853070945514439,4.711501691927636,28.864735124031178
6901028042635,202510,0,-0.674792010757713,6.466318784403765,-0.4420250466987836
6901028042635,202511,0,-17.44049127280318,1.811502731933907,94.87140349786534
6901028042635,202512,0,24.21621942877158,1.6835342508713378,-88.82129483279725
6901028042635,202601,0,-0.7893453433571267,0.5973164451537105,7.768898733414816
6901028042635,202602,0,2.6106400204521236,6.321034240813915,-11.892777518321221
6901028042635,202603,0,-18.725591080470792,6.530678598921297,101.64755065967094
6901028042635,202604,0,7.225680355949422,5.56386603779161,-47.28971230899948
6901028042635,202605,0,3.5197933164186566,2.182294660297268,-16.098521216715795
6901028042635,202606,1,-6.326000543139237,2.0665147077628445,-9.37528663908424
6901028042758,202501,0,-50.622052794415396,-4.111871766247637,75.26486146012611
6901028042758,202502,0,45.362285545679015,2.7057326320530217,-174.07665630590762
6901028042758,202503,0,5.905868583292232,0.15630825767635703,-4.711146910629109
6901028042758,202507,0,0.0,2.2019025075552467,-17.86239434499999
6901028042758,202508,0,0.0,0.12261479309246848,-0.994753303820147
6901028042758,202509,0,0.0,0.013884450873058007,-1.2604580092735067
6901028042758,202601,0,0.0,-0.9171034732437521,1.600682849906697
6901028042758,202603,0,0.0,-0.9171034732437521,1.600682849906697
6901028042963,202501,0,-1.3074000449886896,0.572458072599747,3.5046326475831275
6901028042963,202502,0,-2.21774027441149,8.317243431734058,9.634518658308956
6901028042963,202503,0,-43.51872339338424,5.125888990752456,112.26548822923482
6901028042963,202504,0,46.029283645035676,3.19416620176102,-125.25453668060699
6901028042963,202505,0,-46.029283645035676,3.5639405300561964,49.29768629841876
6901028042963,202506,0,47.21315209160476,4.411785084000123,-117.88321895970877
6901028042963,202507,0,-0.2633476370815515,4.149630356340264,2.351280895955304
6901028042963,202508,0,-46.94980445452321,6.782345190508258,113.58459507334898
6901028042963,202509,0,0.0,3.7628835322518426,1.4855259133576186
6901028042963,202510,0,0.0,-0.036893341634620214,1.608457571218326
6901028042963,202511,0,0.0,2.9456065211700926,3.4347418982303823
6901028042963,202512,0,0.0,3.470464098127506,2.380041526744447
6901028042963,202601,0,0.0,2.2642491188382277,6.982168801697843
6901028042963,202602,0,0.0,4.696439617344971,2.666311273888968
6901028042963,202603,0,0.0,-0.036893341634620214,1.608457571218326
6901028042963,202605,0,0.0,-0.036893341634620214,1.608457571218326
6901028045919,202501,0,-15.300415050827802,4.623026486827282,28.027552250530384
6901028045919,202502,1,8.924501638434784,7.657283633713428,13.42437043986412
6901028045919,202503,0,8.292234610374983,6.054834869849393,-2.045853401424285
6901028045919,202504,0,-1.7307233277024423,5.796761601588015,10.458112658484781
6901028045919,202505,0,-50.56072910935886,6.532878774424454,165.76502875320628
6901028045919,202506,1,48.725000848555894,6.029271332334951,67.8535335715421
6901028045919,202507,0,-1.0616194618666484,3.802744107695813,12.729737410150742
6901028045919,202508,0,-19.40885138218866,6.335561723379139,57.41160924634893
6901028045919,202509,0,-28.254530004500584,7.532286574543973,79.66516657176406
6901028045919,202510,1,41.04361267840876,5.928384879082847,67.61409091989692
6901028045919,202511,0,6.877380084852902,5.38750899930747,5.175268187787405
6901028045919,202512,0,4.10098995144201,6.833831383481524,-1.5919834452696886
6901028045919,202601,0,-1.5021295429071841,5.7865563520919805,-0.9604269145682931
6901028045919,202602,0,0.6321359608971662,8.087877993232752,2.056283104803245
6901028045919,202603,0,-0.27077432104860577,8.323940083690228,7.578781927373765
6901028045919,202604,0,-1.7418633456792776,5.485500916842839,10.00740493818104
6901028045919,202605,1,-4.82095939302291,6.56028583446921,-11.359876044101163
6901028045919,202606,0,-5.775176714068728,6.707628640106044,19.857239148385283
6901028046893,202501,0,0.029897466786529492,-0.05308509776044268,5.531830410485103
6901028046893,202502,0,-25.038387967325257,10.193017871766232,49.31000630574537
6901028046893,202503,1,24.729258904364187,7.757303629912754,42.14231236291339
6901028046893,202504,0,0.2494235649646015,2.282038476610234,6.131757712481195
6901028046893,202505,0,0.07934074927076296,13.129496541533314,14.130412423158708
6901028046893,202506,0,-33.245275143771586,13.658115102147248,71.47508393383802
6901028046893,202507,1,31.15957514889419,14.029106002812803,58.38918649642358
6901028046893,202508,0,1.878592268790932,1.7288878272282044,-129.0346179291486
6901028046893,202509,0,-0.9063035645748698,5.604389644025133,2.9209982223121287
6901028046893,202510,0,-34.54642262582505,9.834795877500722,66.80804301812496
6901028046893,202511,1,34.396112153180475,9.477461186408949,65.71168714581371
6901028046893,202512,0,1.1462446422777148,1.9655193240283946,7.883131798269233
6901028046893,202601,0,-35.54235679545819,7.011493692912342,74.72075439185201
6901028046893,202602,1,34.991846983782,9.722635042913309,72.45865891081424
6901028046893,202603,0,0.11171297530069779,-0.5458904197177583,8.209173711052394
6901028046893,202604,0,0.07576931504704731,11.297904555797494,18.46484929325999
6901028046893,202605,0,0.09860459817221567,9.564731859518915,13.131719357344249
6901028046893,202606,0,-1.3721639669842176,11.510854888208415,18.026658155117754
6901028051989,202501,0,14.28727765188249,4.623026486827282,-19.29418703542855
6901028051989,202503,0,0.0,5.411647172101261,-4.412836553025585
6901028051989,202504,0,0.0,1.5042566011745657,5.05770052147934
6901028051989,202505,0,0.0,1.5042566011745657,5.05770052147934
6901028051989,202508,0,0.0,1.5042566011745657,5.05770052147934
6901028051989,202510,0,6.2505836983416,1.3003326054249928,-17.835227880822305
6901028051989,202511,0,-6.2505836983416,1.5042566011745657,24.774236689455876
6901028051989,202512,0,-26.623434016707947,2.170546111149436,77.6123416764539
6901028051989,202601,0,26.623434016707947,1.5042566011745657,-78.92196042529446
6901028051989,202603,0,-15.048857689488159,4.060279319533739,69.81278897316756
6901028051989,202604,0,13.573230369841212,1.9806763239390754,-68.22915379260962
6901028051989,202605,0,6.683151983000343,3.600862140899742,-22.457157250074733
6901028053440,202501,0,0.0,0.572458072599747,1.50924800637386
6901028053440,202502,0,0.0,2.1950446732077555,6.180699935615997
6901028053440,202504,0,0.0,2.1950446732077555,6.180699935615997
6901028053440,202505,0,0.0,2.1950446732077555,6.180699935615997
6901028053440,202506,0,0.0,2.1950446732077555,6.180699935615997
6901028057080,202501,0,-29.746457488491895,-1.2730338830640977,44.993232299456714
6901028057080,202502,0,0.0,1.7861009252327276,0.2521133875969393
6901028057080,202503,0,33.32586890625945,0.2786672045029397,-34.2224287895733
6901028057080,202504,0,-6.451727389676634,0.2786672045029397,6.7854024433505025
6901028057080,202505,0,4.918014398091849,0.47476114397445257,-16.80039927725627
6901028057080,202506,1,-31.79215591467467,-1.1696235995837727,-79.9406099070788
6901028057080,202507,0,21.759817057338218,1.2196863277806016,-33.74719895472726
6901028057080,202508,0,6.708097259708143,0.2786672045029397,-6.781427092097722
6901028057080,202509,1,3.237056185321329,0.6488406852912721,6.66855362004594
6901028057080,202510,0,2.6181181826022524,1.1681976507473508,-2.0939055001386895
6901028057080,202511,0,-34.32308868496994,0.3044255018420613,54.45790452980272
6901028057080,202512,0,34.422055146567324,4.388109708615048,-64.87876912492099
6901028057080,202601,0,-1.0631926734207227,2.1820898780479996,1.2042603532479856
6901028057080,202603,0,0.9816276104527759,5.518332095634172,-1.9674059668054418
6901028057080,202604,0,-1.2099969187413322,1.6144347553583227,-3.663336580089197
6901028057080,202605,0,0.6314763931088976,4.5398747337058865,-5.691400642968691
6901028057080,202606,0,-2.9376189657332574,3.2849657328080393,-1.3920177914265102
6901028058148,202501,0,7.329712508131976,-0.05308509776044268,-8.52458815138683
6901028058148,202502,0,-33.09731999816172,3.5974037912523196,68.02240636894794
6901028058148,202503,0,31.86292209595489,5.903583857685554,-63.299917955658294
6901028058148,202504,0,-10.217954312050601,3.0078641134933917,15.357397498994496
6901028058148,202505,1,-21.64496778390429,3.141737500747011,-33.80921200749811
6901028058148,202506,0,0.3808485670782158,2.605915805770133,5.165584857713
6901028058148,202507,0,30.770466847109105,2.651628267429767,-27.086994078814
6901028058148,202508,0,-8.812449647394367,1.944215923997373,48.74342599671254
6901028058148,202509,1,5.907368448741444,1.9644466514801417,14.18690636420147
6901028058148,202510,0,4.180194943241112,2.3203097910742185,0.2058759496545699
6901028058148,202511,0,-32.426429158775505,0.7874166140233424,67.21124031581849
6901028058148,202512,0,32.46784259974555,2.7677543948591294,-78.13793570063305
6901028058148,202601,0,-7.248608945761845,0.40151338442760554,10.36758339233011
6901028058148,202602,0,7.5171205632564835,6.675644599057008,-10.98739827570104
6901028058148,202603,0,-1.4532000162318894,2.3227623578088763,0.7686485943311574
6901028058148,202604,1,1.185746100859049,3.6030913427500684,-2.6755627604321797
6901028058148,202605,0,-3.253474762921975,2.540300124354945,5.762221532200676
6901028058148,202606,0,-1.1274405254759472,3.24402220740461,12.163505173063289
6901028059114,202601,0,-42.45153501820707,0.572458072599747,66.29977734417923
6901028059114,202602,0,42.31251396151826,2.95634288654848,-106.50935423028737
6901028059114,202603,0,-2.3814746614547744,0.82978041023851,4.987272287582861
6901028059114,202604,0,-0.6456197710775555,2.760573782993041,1.473578386163156
6901028059114,202605,1,3.1834975911129106,4.214926003881998,2.8762865851458965
6901028059114,202606,0,-3.6052930346842444,5.093939494053555,17.75321111513039
6901028062015,202501,0,-0.24219193568654163,4.623026486827282,3.9438457065847903
6901028062015,202502,0,-0.6874269704663334,7.307621812889317,3.82302543419795
6901028062015,202503,0,0.2667914065665471,5.685630185762051,5.059424336044461
6901028062015,202504,0,-0.6840922983787792,2.912740331681803,5.364256176359992
6901028062015,202505,1,-2.8648760244919913,4.444602035702777,-3.556166587086045
6901028062015,202506,0,3.5673559682721177,4.771207829370467,-1.2136330159159736
6901028062015,202507,0,-40.6464236279964,9.075161110733218,93.33724501509695
6901028062015,202508,1,0.0,2.485017636727461,-0.6099612374120604
6901028062015,202509,0,41.21762537485422,4.858447247274248,-29.891657228086544
6901028062015,202510,0,-2.19568206043229,4.858447247274248,14.864329818600583
6901028062015,202511,0,0.8957489545344686,6.324850987693352,-4.8446043890211925
6901028062015,202512,0,1.4470579640969703,5.390308122493057,-7.187970241859017
6901028062015,202601,0,-0.4588319525118649,5.809973436459328,3.311973502324596
6901028062015,202602,0,-0.46490464619746064,7.769399556224345,5.990689196019911
6901028062015,202603,0,0.5510336568241385,7.954399395192028,9.023492499364572
6901028062015,202604,0,0.39147306192667486,5.4233765973149115,8.443716425030942
6901028062015,202605,0,-0.5234133794134053,5.76148820160686,5.00383623207366
6901028062015,202606,0,0.2541785349404293,6.645690960714728,4.077227754260777
6901028062329,202501,0,30.732390975850315,0.572458072599747,-45.39524857514532
6901028062329,202502,0,-1.9124505382053627,3.3197193231553808,-5.691589371208078
6901028062329,202503,1,0.15195114895706752,4.489161087404568,0.8693080120465595
6901028062329,202504,0,-41.45568514289103,4.366689157955056,107.54131406719094
6901028062329,202506,0,0.0,4.620212219265681,-0.3948447021495687
6901028062329,202507,0,0.0,4.084506321036082,3.7496729461661817
6901028062329,202508,0,0.0,4.578867613062639,4.483436199488313
6901028062329,202509,0,44.13534052428409,2.7713419444862573,-36.92241326487374
6901028062329,202510,0,1.0170771253280932,4.459401723089331,3.270718955234088
6901028062329,202511,0,-45.15241764961218,3.2011820936848956,122.06349677548435
6901028062329,202512,0,43.290022965157945,2.412148757019485,-139.79667575125634
6901028062329,202601,0,-0.8035407054359638,0.023745807747982184,4.803047929696657
6901028062329,202602,0,2.2949108103603777,4.248124034149466,-7.500385030998833
6901028062329,202603,0,0.5644800504061251,3.821126672372123,-1.6577691533081378
6901028062329,202604,0,-0.23083839437342846,3.2190434813767603,-5.818524026846953
6901028062329,202605,0,0.22160231200194147,2.633864065271605,-7.0132790445665645
6901028062329,202606,0,-0.7285083281111397,3.013067177790019,-10.319557957259725
6901028062350,202601,0,0.7043732852831823,-4.111871766247637,-4.070038473762364
6901028062350,202602,0,0.3495193894805624,2.907881578350662,-6.41476738633586
6901028062350,202603,0,-0.24056845247479686,0.6574577446416292,-3.8893897185996074
6901028062350,202604,0,-0.13890356142353966,2.2365258589894434,-13.2607194844703
6901028062350,202605,1,0.2937557582783228,1.0832367048742158,4.150668838744446
6901028062350,202606,0,-0.07399736560893899,1.078270182300569,-3.9285554852459805
6901028063371,202501,0,0.0,0.8893670456242755,2.9905646712268465
6901028063371,202502,0,0.0,3.7181270736130174,13.67423030813143
6901028063371,202503,0,34.99912633762959,3.7181270736130174,-22.407343235816604
6901028063371,202504,0,-9.304115874954515,3.7181270736130174,23.266102344167013
6901028063371,202505,0,9.366723262871854,10.008948192422585,-81.20465857051677
6901028063371,202506,0,0.2910354576509562,6.349301090991736,-2.5220511963570527
6901028063371,202507,0,0.19518399222708638,9.611700029285531,-21.201539376615976
6901028063371,202508,0,-0.39747186384002475,10.836017905286218,-7.1248265696627575
6901028063371,202509,0,0.24728774493257077,10.64079926523345,-4.942215971058376
6901028063371,202510,0,0.5487875771787216,12.052571189529116,-3.4807871345386836
6901028063371,202511,0,-35.94655663369623,11.946597506886702,120.83570583985745
6901028063371,202512,0,35.35891288438417,13.679431040468605,-92.24872811565598
6901028063371,202601,0,-35.35891288438417,5.398223617830009,46.58195496767
6901028063371,202602,1,34.99330457740048,9.706129712320093,50.63208910463779
6901028063371,202603,0,-34.99330457740048,3.339147594943989,48.967358792243914
6901028063371,202604,0,35.28819701621778,10.488067055179467,-130.30228672034332
6901028063371,202605,0,0.2618696308845685,5.398223617830009,7.86968523864721
6901028063371,202606,0,-35.55006664710234,10.649075046187354,120.73436798283804
6901028065504,202501,0,-7.017484014877773,1.8580459907862519,22.97778243792212
6901028065504,202502,0,0.0,-1.8016483866638322,-3.897061206803965
6901028065504,202503,0,-2.839350287036398,0.5133089488273044,9.834970614857129
6901028065504,202504,0,-0.6950210830666492,0.8874730359469674,7.495005042878164
6901028065504,202505,0,3.534371370103047,-1.657248220160828,-13.507352980635865
6901028065504,202506,0,0.0,-1.8946592791109294,-4.521197587504693
6901028065504,202507,0,0.0,1.4408228029104242,7.78293905590419
6901028065504,202508,0,27.43235827648098,1.961217106216777,-21.247780177569012
6901028065504,202509,0,0.20007029181989822,1.802868322744132,8.827628281034126
6901028065504,202510,0,-27.632428568300877,1.0521817523537702,66.93306093059194
6901028065504,202512,0,23.52687024665723,0.14718454225903307,-69.4593756639665
6901028065504,202601,0,-6.5220336476377625,1.0935381257649797,14.73627877954212
6901028065504,202602,0,7.657140121946462,2.269216943520731,-19.603344881417176
6901028065504,202603,0,0.4941376144790084,-0.6580858204642274,-2.445139747975439
6901028065504,202604,0,1.2010089398529544,-0.2677728191033437,-6.704303862150854
6901028065504,202605,0,-30.38380124590646,0.38740312711404473,72.58857753250574
6901028065504,202606,0,0.019306141196304694,0.41474926621620206,7.725170023031684
6901028071475,202501,0,-35.579336754033754,0.62248542992686,77.41373833360377
6901028071475,202502,1,35.02003911491614,6.913188897667152,62.50075028486533
6901028071475,202503,0,-13.897590499021916,2.918461579608057,27.701636278343955
6901028071475,202504,0,10.50414492352737,6.899429055477102,-18.374417188730607
6901028071475,202505,1,-2.885594589376886,3.1109032108926886,-15.443191970466916
6901028071475,202506,0,4.335390424431068,5.144239499540649,-1.4300875830380484
6901028071475,202507,0,-20.81507061765001,5.231243236141481,51.02274599280712
6901028071475,202508,0,19.68285017855825,3.6820612603570457,-49.56665790157262
6901028071475,202509,0,1.6936139254827367,3.3085591806273333,11.542523357425354
6901028071475,202510,0,1.8767206747309615,4.765168771362475,11.156653566824879
6901028071475,202511,0,-35.51450353559771,6.503564268854497,81.44448990675204
6901028071475,202601,1,23.215619917553234,4.798705443965087,34.39073639135075
6901028071475,202602,0,-20.801061144838435,2.7160209017984362,35.391912922617706
6901028071475,202603,0,29.81574193584848,5.516607747285309,-35.8394140361363
6901028071475,202604,1,2.5489334024307624,3.3340175362518485,2.253196021289523
6901028071475,202605,0,-0.677263925318023,5.354384026761876,9.445722154408248
6901028071475,202606,1,-19.54078680979055,5.540384044841665,-31.81079417709116
6901028071536,202501,0,31.73300204066487,1.2528396025704651,-59.53488497071725
6901028071536,202502,0,0.20861916066370156,4.550500091069745,7.190025633203202
6901028071536,202503,0,-31.941621201328573,4.035673169626178,71.96259810283719
6901028071536,202504,0,0.0,3.4431661206374633,-7.133557485097054
6901028071536,202505,0,24.153645571404027,2.5558861484317927,-17.716473255321155
6901028071536,202506,0,-24.153645571404027,4.758569914147219,32.69741480954423
6901028071536,202507,0,26.13660963074821,3.584064512412566,-58.53834680001681
6901028071536,202508,0,5.098358258039113,2.5558861484317927,2.2384397425282883
6901028071536,202509,0,0.6612239625548995,5.532982382282465,10.204998353856853
6901028071536,202510,0,0.5999160527990952,4.826338048935381,7.04557204250201
6901028071536,202511,0,-32.49610790414132,3.3599698427517297,72.12665772334694
6901028071536,202512,0,32.27103109468953,4.952020975585758,-84.62541278187852
6901028071536,202602,0,-10.505380102669235,2.5558861484317927,18.578851530009068
6901028071536,202603,0,9.976346404876878,4.239356099852789,-32.21390213228737
6901028071536,202604,0,-0.05538398843560799,3.2091246676012433,-1.3274036144181731
6901028071536,202605,0,0.14732998275184173,3.6811424105723596,-1.800986985797974
6901028071536,202606,1,-2.2729164046621406,2.8764503954969975,-2.3712980325304382
6901028075015,202501,0,-0.736538352945928,0.572458072599747,2.6333701316278706
6901028075015,202502,1,-0.49236637650666637,5.333524041110494,2.5713601574610956
6901028075015,202503,0,-50.159910138953975,1.1406570281083024,200.89199542242778
6901028075015,202504,1,48.996823625782724,0.7052411379472311,63.08135294466505
6901028075015,202505,0,-1.0497426817722868,5.296172703890777,9.62294950029737
6901028075015,202506,0,-28.975709161709837,2.179103890305349,82.38622144890617
6901028075015,202507,1,29.950653474123207,3.4722583444470008,42.95537356199798
6901028075015,202508,0,-2.7017578131116124,3.8107607847221083,-5.533734083809154
6901028075015,202509,0,-28.029530119238444,2.9492685819767974,60.420672374073646
6901028075015,202510,1,31.877965258133997,2.798111153364198,47.23259915979963
6901028075015,202511,0,-5.432650012156856,4.012787525046209,-17.738948807359005
6901028075015,202512,0,6.716295165177485,4.777142767821079,-41.735360643786
6901028075015,202601,0,-0.2279385726372709,3.695377543390406,-10.638930671057153
6901028075015,202602,0,-1.0536866330866417,6.414983937237784,-8.489937316967778
6901028075015,202603,0,0.5532671027516898,3.891186377616876,-2.669996468664241
6901028075015,202604,0,0.3142638737733279,2.242021900091713,-7.310228272946034
6901028075015,202605,0,-0.29328993354722854,3.3663050019853906,-1.4309418927429238
6901028075015,202606,0,-1.8135060415693687,3.479329576719571,0.8107543366539169
6901028075022,202501,0,-0.2537858199641221,4.623026486827282,3.9623886451845607
6901028075022,202502,1,0.16203542807234328,6.475251799658917,-0.30953428314895604
6901028075022,202503,0,-45.932390721895516,3.418720382743195,174.3896772440469
6901028075022,202504,1,0.0,3.303990853274749,3.5582901511803913
6901028075022,202505,0,12.880189286604349,5.141158782838498,-0.7363919280663342
6901028075022,202506,0,12.086098025734515,5.141158782838498,0.08225885633555663
6901028075022,202507,0,-24.966287312338864,6.161389945811807,62.107959732198424
6901028075022,202508,1,0.0,6.468752168272989,5.6385554876625825
6901028075022,202509,0,21.13301604551952,5.141158782838498,-9.24446075169022
6901028075022,202510,0,18.073635379662726,5.141158782838498,-6.090460065239917
6901028075022,202511,0,-2.2515510358710316,6.498745967475955,-0.013598534641747761
6901028075022,202512,0,8.862643282561308,7.028597157074479,-50.12088192995335
6901028075022,202601,0,0.0586418434762237,4.9013048398212495,-5.8906264758940114
6901028075022,202602,1,-1.7501696189876697,4.980339757120373,-1.8026010437550006
6901028075022,202603,0,1.6818090817981783,5.243556409312222,-10.653814438283502
6901028075022,202604,0,0.08304158631395353,3.9366127436733382,-17.364754586863423
6901028075022,202605,0,-0.023676789409407206,4.4803224728966216,-5.135802152993393
6901028075022,202606,0,-45.8673897750638,4.202916942436262,188.81853959534564
6901028075053,202501,0,0.3159383598845906,0.62248542992686,5.5697592223866454
6901028075053,202502,0,0.0640829163605261,6.141490575590956,-1.5602759927012322
6901028075053,202503,0,-0.44359073460746856,6.830128194287697,3.9141555912970185
6901028075053,202504,0,-0.24343202478977588,10.549289888446737,8.281296883445766
6901028075053,202505,0,0.47702156027018106,7.771007665857055,0.9344877599804216
6901028075053,202506,0,0.24387683789524317,6.177860746295166,-1.1651340051864856
6901028075053,202507,0,-12.318350803782817,13.718845294526265,38.41245778933528
6901028075053,202508,0,12.275570805460251,10.525727070254648,-18.72454020001455
6901028075053,202509,0,-0.8756596412533995,2.0745556000239906,9.28859551062451
6901028075053,202510,0,-16.41104835328198,10.92052903382974,42.05083321782939
6901028075053,202511,1,13.472661222777777,4.050118637798446,23.785061860402024
6901028075053,202512,0,3.0651069546577787,2.0832096792721337,-1.2779899031995594
6901028075053,202601,0,0.6683102006263368,2.5300423800194602,-4.185273227927743
6901028075053,202602,0,-0.3660137135139152,7.2055831989011345,6.477322101082671
6901028075053,202603,0,-2.863424024737469,9.41149047744956,11.521723074292229
6901028075053,202604,0,3.5295051738005654,6.13956616167989,-8.520361656715782
6901028075053,202605,0,-0.6851825605319561,3.137699212850164,-2.1142087974578656
6901028075053,202606,0,0.7418831686781431,10.165289762061693,9.113157867680163
6901028077910,202501,0,-1.2996256326589162,-0.8248571231574959,3.581436372611736
6901028077910,202502,1,0.676071239700704,6.094385642009165,5.65721487021898
6901028077910,202503,0,-0.9578809111615243,3.9939942910393516,2.5474359291428064
6901028077910,202504,0,-0.6775342825397814,3.1050931930508523,-4.0689809307482045
6901028077910,202505,1,-30.926000356610977,2.646558753651113,-30.89937351479573
6901028077910,202506,0,32.285751147513075,2.865327606000288,-163.620256503652
6901028077910,202507,0,-50.469300104461595,-1.0326425695470585,375.7669655103039
6901028077910,202508,1,35.93107652562481,1.3054290493883578,47.26483081701525
6901028077910,202509,0,-35.93107652562481,4.246919877309723,46.63108635451544
6901028077910,202510,0,0.0,-0.7746394354889519,-13.177458144383088
6901028077910,202511,0,0.0,0.7096435813517123,6.3598440738556645
6901028077910,202601,0,-1.8526567162105323,-1.3323207933538876,7.941394586933027
6901028077910,202602,0,-8.17283467361463,1.490362784416271,48.127063443088126
6901028077910,202603,0,10.216695838948496,1.1501669407724429,-109.85326643017703
6901028077910,202604,0,-4.501664732088855,-1.065616103640608,17.299679762994455
6901028077910,202605,0,-10.945884227654986,-0.824534104519354,64.03220171612115
6901028077910,202606,0,16.003694814657365,-0.7532156755922237,-102.40543708825524
6901028079990,202501,0,-1.1122517412948696,-4.111871766247637,-1.2620938006386577
6901028079990,202502,0,0.5128066300912764,7.696425641535692,-12.821293171931522
6901028079990,202503,0,-0.17356541137786508,6.146957914439853,2.5896468930991094
6901028079990,202504,0,-9.13984305755298,7.474226401810123,55.298368528702724
6901028079990,202505,1,-23.41767058556009,7.2238400921878885,-30.464295312977775
6901028079990,202506,1,31.24937017277655,6.308152622783713,39.35951481585373
6901028079990,202507,0,1.4345018403850958,7.372811991858358,-116.70742230616324
6901028079990,202508,0,0.07357775515865228,5.110456555119018,-6.658808471564334
6901028079990,202509,0,0.28783589361700024,5.09744131872232,-6.621203303423567
6901028079990,202512,0,2.4814898480122594,0.6322285748605685,7.619869732996324
6901028079990,202601,0,0.2994302992162261,4.301523297071239,0.33588723757134
6901028079990,202602,0,-0.10459385889571138,6.5418795759000075,-3.238472815313896
6901028079990,202603,0,-0.10732885487297494,8.44805749867109,-8.26748356348418
6901028079990,202604,0,0.20036652033564906,7.821028012164068,-11.076861150892373
6901028079990,202605,0,-0.10466231595628983,7.239676170372054,-12.823776694712722
6901028079990,202606,0,-0.12982098610564208,8.765364368064269,-3.76165146064767
6901028080224,202501,0,-1.05502187840127,0.5005357313069361,6.221338362463533
6901028080224,202502,0,1.3509616457883524,9.859215785431173,4.9055880541584305
6901028080224,202503,0,-0.3036880742372077,8.051027479673905,9.666100939222586
6901028080224,202504,0,0.38173919181792826,13.679434295684011,16.000521381334117
6901028080224,202505,0,-31.836559363988552,13.269535311031534,71.99499935164152
6901028080224,202506,1,31.491323363173525,13.145567638098413,51.70149920251541
6901028080224,202507,0,0.13572656985933662,2.7786374903935753,8.074222663444422
6901028080224,202508,0,0.11738470999652861,11.025325165020552,9.264951131434565
6901028080224,202509,0,-0.2103017760398629,12.69862314375208,14.677272764073937
6901028080224,202510,0,-31.534132866989527,13.883544989145506,77.93090474874195
6901028080224,202511,1,27.911433756940855,10.804552886313505,40.916687420783546
6901028080224,202512,0,-27.911433756940855,2.7786374903935753,36.98882093849616
6901028080224,202601,1,0.0,8.583455297835124,-9.89752080773609
6901028080224,202602,0,0.0,2.9308321734248546,8.84691056715611
6901028080224,202603,0,0.0,9.971994897341537,7.446140429636173
6901028080224,202604,0,0.0,9.971994897341537,7.446140429636173
6901028080224,202605,0,0.0,9.971994897341537,7.446140429636173
6901028080224,202606,0,0.0,9.971994897341537,7.446140429636173
6901028080446,202501,0,0.0,0.7521741691170775,6.730861238732125
6901028080446,202502,0,0.0,1.6086485576555338,5.171569309625464
6901028080446,202503,0,0.0,1.6086485576555338,5.171569309625464
6901028080446,202504,0,0.0,1.6086485576555338,5.171569309625464
6901028080446,202505,0,0.0,1.6086485576555338,5.171569309625464
6901028080446,202506,0,0.0,1.6086485576555338,5.171569309625464
6901028080446,202507,0,0.0,1.6086485576555338,5.171569309625464
6901028080446,202508,0,0.0,1.6086485576555338,5.171569309625464
6901028080521,202501,0,-1.213984345150834,-0.8248571231574959,3.446909441463843
6901028080521,202502,0,-1.0833278191768017,1.4156075518165765,-14.646391554965481
6901028080521,202504,1,43.56713629250001,3.433818216349822,62.11259928886909
6901028080521,202505,0,-43.56713629250001,2.607898797885337,54.38670004127469
6901028080521,202506,0,0.0,3.5233029838599097,7.850127081136925
6901028080521,202507,0,0.0,4.120496626928395,8.35253293672058
6901028080521,202508,0,0.0,4.18499919018892,8.427413847827905
6901028080521,202509,0,0.0,2.1631398238105883,8.11705005077685
6901028080521,202510,0,0.0,0.3189351876952884,5.690215441156317
6901028080521,202511,0,0.0,0.3189351876952884,5.690215441156317
6901028080521,202602,1,0.0,0.8518962447518914,-3.9434763497312186
6901028080521,202603,0,0.0,1.694961085604275,8.248842115142656
6901028080521,202605,0,-2.1331217200469865,2.5523281728589473,10.320189106559793
6901028084321,202501,0,-0.9407410271823125,1.0332057384802207,9.510704161364036
6901028084321,202502,0,0.24074933658553022,14.39829540539218,12.154699127697466
6901028084321,202503,0,0.4075144324358604,9.183521638158116,2.868361971764383
6901028084321,202504,0,-0.320033698344659,13.971230881711632,13.238257999775458
6901028084321,202505,0,0.6221043193287059,13.848503208425738,10.389280911113934
6901028084321,202506,0,-35.317398429774876,13.684768113086355,97.88968845510205
6901028084321,202507,1,0.0,13.877277297016827,-14.78133559560327
6901028084321,202508,0,0.0,0.554395785511956,7.652678236410862
6901028084321,202509,0,30.599536581036947,1.0853903940403853,-24.74657152653583
6901028084321,202510,0,2.2153313138907365,3.2939556451981393,5.764398711832859
6901028084321,202511,0,2.5521123795703033,6.303376568156823,-8.92429579175246
6901028084321,202512,0,0.09111314651202918,8.316120134231399,-2.4628557967862754
6901028084321,202601,0,-2.553094383547325,9.712094583916965,25.423494069605567
6901028084321,202602,0,2.252427478393855,10.798766744003492,-2.3872091295294755
6901028084321,202603,0,-35.15742651585655,9.042283644638758,104.38984364263875
6901028084321,202604,0,35.426278621519366,11.390150176582475,-79.27830404030364
6901028084321,202605,0,0.01843881954072657,2.4348935160123504,5.492100682849274
6901028084321,202606,0,-0.15864105877208345,12.726837578864583,7.569939654554663
6901028084772,202501,0,28.866152701498585,1.2528396025704651,-53.637823605136106
6901028084772,202502,0,-28.866152701498585,4.902772730348558,38.8188114237832
6901028084772,202503,0,28.517182968189566,7.30836575259017,-51.77811039486991
6901028084772,202504,0,-0.962547633368132,4.558624030679992,9.203672797587512
6901028084772,202505,0,1.5599675075049362,4.683011461444068,1.8902983654860575
6901028084772,202506,0,-14.264656940883096,4.778019455131746,33.97930570881828
6901028084772,202507,0,9.403471846200407,10.28695112484476,-5.287449076606382
6901028084772,202508,0,4.9919057765575445,4.643965693455563,-7.743408927263598
6901028084772,202509,0,-0.657350529798407,7.0558515638932935,5.007729924858598
6901028084772,202510,0,0.3376879073993493,8.619710341138552,10.38960540342605
6901028084772,202511,0,-0.5204765152532005,6.917999775624746,8.36171940794979
6901028084772,202512,0,-0.3168935928165766,7.835831389597853,9.408039958197392
6901028084772,202601,0,-1.0910326542474564,6.625496568002259,9.371104589161433
6901028084772,202602,0,-7.281072052812455,5.923404687083022,19.29740877309227
6901028084772,202603,0,7.091682431566454,7.687792588044826,-10.18818407579582
6901028084772,202604,0,1.90027463117071,3.325642430982708,-3.868915795518589
6901028084772,202605,1,-0.6277651729230271,7.546519228379679,-5.315696503915461
6901028084772,202606,0,-2.733457434338156,4.711163292049535,8.74567371544543
6901028084925,202501,0,-46.182044432113386,0.572458072599747,71.99336838919074
6901028084925,202502,0,50.37904260793974,4.020441774441415,-147.5558627948132
6901028084925,202503,0,-50.37904260793974,3.561300142864871,54.935268061633664
6901028084925,202504,0,49.6078537744779,2.7624741683477914,-157.57525869782583
6901028084925,202505,0,1.7748276878343603,3.561300142864871,1.168391468052116
6901028084925,202506,0,-0.11064722709917163,2.35500012145858,-2.144513736782845
6901028084925,202507,0,-0.8569346966557845,2.3392886224979375,8.074706863427435
6901028084925,202508,0,1.0184492058376762,4.271986500145624,0.9358254490510053
6901028084925,202509,0,-0.3952316885148619,2.9849298717944395,-3.068059204797832
6901028084925,202510,0,-0.5554536947223596,6.923051267636236,2.91142505425578
6901028084925,202511,0,-2.795291034057179,6.584527000073765,8.679492343544567
6901028084925,202512,0,2.4514730627222647,3.964966633571449,-3.7461615776086648
6901028084925,202601,0,0.377028425485058,4.1375347936796425,3.256527615739365
6901028084925,202602,0,-0.00816350417700562,3.5954274554983012,2.6655850170198336
6901028084925,202603,0,-6.316655760674109,4.091362021789624,20.113428915930445
6901028084925,202604,1,2.224193508871778,3.3721848248096373,2.456947903168283
6901028084925,202605,0,-0.0868928006623193,3.447454219202465,-0.10227957132059595
6901028084925,202606,0,-7.892730106585084,3.2852150728017095,24.419526264285203
6901028092432,202507,0,-38.29655266751688,-0.8248571231574959,61.696899144376516
6901028092432,202508,1,43.32782311500307,-1.776028745891709,70.05356900901245
6901028092432,202510,0,-0.5964835534262036,0.6492057370925137,8.724389256660679
6901028092432,202601,1,-42.73133956157686,1.397713488654912,-59.85361598705434
6901028092432,202602,1,10.722942779731603,1.8335094760951094,18.899297879434396
6901028092432,202603,0,31.106616543087927,0.6492057370925137,-23.959219090261104
6901028092432,202604,1,0.6988516924610977,-2.3822036495977343,0.2852629719562314
6901028092432,202605,0,-0.3571295357090918,0.12328025494641714,0.4267860446532735
6901028092432,202606,1,-1.642566172140235,0.985039184583427,1.5811092405959877
6901028092838,202501,0,-26.937448712823574,1.2528396025704651,61.149255529056596
6901028092838,202502,1,-0.3701551283795457,5.507481473682573,-1.8168875922159975
6901028092838,202503,0,16.01026597693719,5.5684714837088976,-12.321353508736326
6901028092838,202504,0,-16.01026597693719,3.7268697695345425,23.696916445249887
6901028092838,202505,0,0.0,3.4036864906343935,-0.9247700874310998
6901028092838,202506,0,0.0,3.5705767097823147,6.696319836783685
6901028092838,202507,0,0.0,3.7268697695345425,7.004991041004408
6901028092838,202508,0,0.0,3.283342313007109,6.725228688735324
6901028092838,202509,0,0.0,1.96904751198363,10.411092760194453
6901028092838,202510,0,0.0,3.7268697695345425,7.004991041004408
6901028092838,202511,0,0.0,3.7268697695345425,7.004991041004408
6901028092838,202512,0,0.0,3.7268697695345425,7.004991041004408
6901028092838,202601,0,0.0,3.7268697695345425,7.004991041004408
6901028092838,202602,0,0.0,3.7268697695345425,7.004991041004408
6901028095891,202501,0,0.0,2.1792003263004434,5.567638556666127
6901028095891,202502,0,0.0,-0.42189777448580085,6.145141890250541
6901028095891,202503,0,0.0,0.2698988897076059,6.6817452356477745
6901028095891,202504,0,0.0,1.5088220859167292,6.684317435081333
6901028095891,202505,0,0.0,1.8856141750898279,6.766282607733309
6901028095891,202506,0,0.0,0.41840540004961435,6.77828533808832
6901028095891,202507,0,0.0,0.24437247561370018,6.625613555051458
6901028095891,202508,0,0.0,0.15653847029842013,6.65537183722885
6901028095891,202509,0,0.0,0.15653847029842013,6.65537183722885
6901028095891,202510,0,0.0,2.297634486156454,4.883459349430601
6901028095891,202511,0,0.0,-0.42189777448580085,6.145141890250541
6901028095891,202512,0,0.0,0.991315086016142,6.1891492740395675
6901028095891,202601,0,0.0,0.8059702365854459,7.5849944300652465
6901028095891,202602,0,0.0,-0.42189777448580085,6.145141890250541
6901028095891,202603,0,0.0,-0.42189777448580085,6.145141890250541
6901028095891,202604,0,0.0,1.7066591318954052,6.237037236159608
6901028095891,202605,0,35.0107265893129,-0.42189777448580085,-29.94839067605142
6901028095891,202606,0,0.013015928898177265,2.3413748049301377,6.894069303132829
6901028098335,202501,0,-26.28309958167394,4.623026486827282,45.592954840406136
6901028098335,202502,0,31.92312355342406,4.351280445906717,-65.70284824213233
6901028098335,202504,0,-0.7825979761927542,3.691518194025282,6.744696053225921
6901028098335,202505,1,-31.140525577231305,5.88880884129357,-77.43763861233788
6901028098335,202506,0,32.73487962702663,6.187831914522691,-43.609430045000565
6901028098335,202507,0,0.950799357038079,4.263400261980629,5.365415116946133
6901028098335,202508,0,0.18092073506552708,3.389275655451614,-3.9583673382611995
6901028098335,202509,0,-3.1505067562308824,3.198772819016305,8.637860951789973
6901028098335,202510,0,1.5233621541621645,3.2208748040460837,2.5393169846138317
6901028098335,202511,0,-32.23945511706152,6.178576149611323,59.96376435710326
6901028098335,202512,0,34.340619430877155,3.889056179952935,-61.3966110857676
6901028098335,202601,0,-1.423106088138823,3.261508086220412,6.4760072879534345
6901028098335,202603,0,0.8230978607049906,4.16337215671621,-3.1143532211211444
6901028098335,202604,0,0.3979441479304242,2.9755178208819983,3.9920562169949876
6901028098335,202605,0,0.166851732071585,1.726522752057523,-0.27959604803209714
6901028098335,202606,1,-34.30540708344533,2.666161896030962,-42.791945718949215
6901028100274,202501,0,-0.1024491237962053,1.7685666852184758,6.558633260812421
6901028100274,202502,1,-10.760197175706672,3.656960577431109,-28.580243314580528
6901028100274,202503,0,0.0,4.855919037854799,5.815272643846647
6901028100274,202504,0,10.844123140262475,3.3234483844910683,-11.14877730164309
6901028100274,202505,0,-10.844123140262475,3.2956819387421312,17.223939075344116
6901028100274,202506,0,0.0,3.0769461364259056,-1.144980241678428
6901028100274,202507,0,0.0,3.475135434592886,3.2737988760627923
6901028100274,202508,0,0.0,2.253391808702311,3.3126682307337214
6901028100274,202509,0,0.0,3.2537383837235767,5.89438864061449
6901028100274,202510,0,0.0,2.2101168914383877,3.4172800393898743
6901028100274,202512,0,0.0,2.2101168914383877,3.4172800393898743
6901028100274,202601,0,0.0,2.2101168914383877,3.4172800393898743
6901028100274,202602,0,0.0,2.2101168914383877,3.4172800393898743
6901028102094,202501,0,0.23660207176448012,-1.2730338830640977,-0.126752161936043
6901028102094,202502,1,-0.4958438651898831,3.8158649776853646,-0.8142762265716135
6901028102094,202503,0,-0.10829528479565909,4.818727603333127,-1.2621925976708543
6901028102094,202504,0,0.5118594625948418,4.060778434116691,5.738950648138131
6901028102094,202505,1,0.08297722425193399,2.91774937885551,-1.8945013920389426
6901028102094,202507,0,0.0,2.6302172701427886,-2.6887740557900557
6901028102094,202508,0,0.0,1.3225394494932623,1.4962472480734774
6901028102094,202510,0,0.0,-1.827833357711667,3.630928103945906
6901028102094,202511,0,0.0,-0.3354215577485783,0.6389980798719694
6901028102094,202512,0,0.0,-0.3354215577485783,0.6389980798719694
6901028102094,202601,0,0.0,2.1573256601896142,0.6365665059182937
6901028102094,202602,0,0.0,-0.3354215577485783,0.6389980798719694
6901028102094,202603,0,0.0,-0.3354215577485783,0.6389980798719694
6901028102094,202604,0,0.0,-0.3354215577485783,0.6389980798719694
6901028102094,202605,0,0.0,-0.3354215577485783,0.6389980798719694
6901028104241,202501,0,0.04974673078256586,0.8893670456242755,2.8330065677087015
6901028104241,202502,0,-0.11208390671830415,12.315435915033673,4.151671314033013
6901028104241,202503,0,-2.9351287060057487,9.591078765372131,13.788468278738687
6901028104241,202504,1,2.2968118566349602,8.124049568631744,5.295045151076459
6901028104241,202505,0,0.48042555113862306,6.074410428185932,-0.26530190300576706
6901028104241,202506,0,0.5376531397923543,7.451979318620467,-7.1853736334633656
6901028104241,202507,0,-3.9133647101716704,7.771259901231947,10.420273354842925
6901028104241,202508,0,3.913078893319458,11.220807900964756,-21.853169305562563
6901028104241,202509,0,-36.090830360381105,5.835356568761964,67.23593361691658
6901028104241,202510,1,0.0,6.572835289588159,-0.8180758909858703
6901028104241,202511,0,0.0,3.7181270736130174,13.67423030813143
6901028104241,202512,0,0.0,3.7181270736130174,13.67423030813143
6901028104241,202601,0,0.0,3.7181270736130174,13.67423030813143
6901028104241,202602,0,0.0,4.161079107385309,12.753029476240199
6901028104241,202603,0,0.0,5.398223617830009,8.154282237051095
6901028104241,202604,0,0.0,5.398223617830009,8.154282237051095
6901028104241,202605,0,0.0,5.398223617830009,8.154282237051095
6901028104241,202606,0,0.0,5.398223617830009,8.154282237051095
6901028104302,202501,0,-0.13814749775661284,-4.111871766247637,-2.767759957216252
6901028104302,202502,0,-43.91504431477354,6.4398060641128865,107.00461475580401
6901028104302,202503,0,43.27513354987795,3.0763261403917346,-117.84728195325138
6901028104302,202504,0,-0.9611102641199949,-0.03877299518766952,2.9311894776675818
6901028104302,202505,0,1.6980223382621205,3.3717101664966345,-2.0889148593255227
6901028104302,202506,0,-1.014963802270401,3.948185356569071,5.618239475778084
6901028104302,202507,0,-0.24966988579517846,4.406987954106655,-11.605678214675443
6901028104302,202508,0,-14.30514882262338,1.2334650787587333,40.413757249295685
6901028104302,202509,0,-28.44226311333112,4.053944573330627,54.628633165192966
6901028104302,202511,0,0.0,4.267631298939947,11.396736719112893
6901028104302,202512,0,43.79833094870506,-0.03877299518766952,-43.292692786123176
6901028104302,202601,0,-2.0779200604104986,-0.03877299518766952,4.084539098126843
6901028104302,202602,1,1.7235122077903569,5.141182776220969,6.47758563017913
6901028104302,202603,0,-4.480643730388813,5.22394574924108,11.87354369486193
6901028104302,202604,0,3.0979400545589044,3.4041520725629297,-8.524316794711838
6901028104302,202605,0,-2.108653189934195,5.623206501403054,10.016430914600992
6901028104302,202606,1,-9.24157079137467,3.3875878077237243,-15.926709192545829
6901028104692,202501,0,0.0,1.7685666852184758,6.357423075115749
6901028104692,202502,0,0.0,1.4623104871369854,3.4735507292583123
6901028104692,202503,0,0.0,1.6415767252122764,3.6081391631398105
6901028104692,202504,0,0.0,1.6415767252122764,3.6081391631398105
6901028104692,202505,0,0.0,1.6415767252122764,3.6081391631398105
6901028104692,202506,0,0.0,1.6415767252122764,3.6081391631398105
6901028104692,202507,0,0.0,1.6415767252122764,3.6081391631398105
6901028104692,202508,0,0.0,1.6415767252122764,3.6081391631398105
6901028104692,202509,0,0.0,1.6415767252122764,3.6081391631398105
6901028104692,202510,0,0.0,1.6415767252122764,3.6081391631398105
6901028104692,202511,0,0.0,1.6415767252122764,3.6081391631398105
6901028107150,202501,0,-0.7004292305648363,-1.2730338830640977,1.283338683395149
6901028107150,202502,1,-50.69341890280957,4.236964529275502,-55.81048873111075
6901028107150,202504,0,-0.2282754891727592,0.6872824455016773,3.3747475628585684
6901028107150,202505,1,-2.0351085145914993,3.7113802777246447,-2.021477098882422
6901028107150,202506,0,1.8546869151003023,5.183119578359069,-37.98052580397533
6901028107150,202507,0,-50.35873455966586,3.0164729791521543,266.49007292420805
6901028107150,202508,1,0.0,1.9708863532608456,-0.814198371166779
6901028107150,202509,0,0.0,9.512862376368165,5.440451777113478
6901028107150,202510,0,0.0,0.6872824455016773,3.134982079137694
6901028107150,202511,0,0.0,0.6872824455016773,3.134982079137694
6901028107150,202512,0,0.0,0.6872824455016773,3.134982079137694
6901028107150,202601,0,0.0,0.6872824455016773,3.134982079137694
6901028107150,202602,0,0.0,0.6872824455016773,3.134982079137694
6901028107150,202604,0,0.0,0.6872824455016773,3.134982079137694
6901028107150,202605,0,0.0,0.6872824455016773,3.134982079137694
6901028107150,202606,0,0.0,0.6872824455016773,3.134982079137694
6901028107297,202501,0,34.35700452149058,2.481394099527697,-104.66293753611447
6901028107297,202502,0,-34.35700452149058,4.650562622840692,46.616887958209894
6901028107297,202503,0,34.18609127450897,4.879920895880261,-101.93396371910903
6901028107297,202504,0,-34.18609127450897,4.650562622840692,46.43359500927595
6901028107297,202505,1,0.0,3.4994687387165793,-1.6200834371757686
6901028107297,202506,0,32.60315949607279,2.1650228185536124,-21.85371464027179
6901028107297,202507,0,-32.60315949607279,4.650562622840692,44.736007263710334
6901028107297,202508,1,0.0,3.133203754113023,-2.160482061449441
6901028107297,202509,0,0.0,1.490367912981713,10.104262819663113
6901028107297,202510,0,0.0,1.490367912981713,10.104262819663113
6901028107297,202511,0,0.0,4.650562622840692,9.771314039891822
6901028107297,202512,0,0.0,4.650562622840692,9.771314039891822
6901028107297,202602,0,0.0,4.650562622840692,9.771314039891822
6901028107297,202604,0,0.0,4.650562622840692,9.771314039891822
6901028107297,202605,0,0.0,4.650562622840692,9.771314039891822
6901028111270,202501,0,-0.8697462039902035,1.7685666852184758,8.065605524406024
6901028111270,202502,0,-4.25151115582738,5.31696577802378,6.274757353433587
6901028111270,202503,1,4.935511306880919,6.576407126309945,3.074837860915321
6901028111270,202504,0,-28.83703865514642,6.043008040319775,51.37872986534465
6901028111270,202505,1,28.996744191339378,6.125946040371831,61.33987795668674
6901028111270,202506,0,0.12894254513737025,2.97295260340452,5.77160757763316
6901028111270,202507,0,-0.14697911301214361,7.424251064527999,0.7812873930075941
6901028111270,202508,0,0.1348937548437661,8.457831342125864,6.382187744097162
6901028111270,202509,0,-0.0955572937945206,8.085299271262953,7.013673238494827
6901028111270,202510,0,-0.48374424938714355,6.875453576935347,1.5572970034788298
6901028111270,202511,0,0.7869575737626064,5.8340212294114195,2.659607696649968
6901028111270,202512,0,-0.038222643969803016,8.738259128185375,7.338434187374279
6901028111270,202601,0,-29.28303476491951,8.461957928800215,60.603958493890005
6901028111270,202602,1,28.4384759938136,5.9844879263257535,85.05584304096955
6901028111270,202603,0,0.551352800850168,1.5841785326300093,5.0403598226958275
6901028111270,202604,0,0.21983652035824264,7.96642277108251,8.071291427224342
6901028111270,202605,0,0.04407340171509588,7.754256051008655,9.099735863345137
6901028111270,202606,0,-0.04320513521293634,8.107816682146504,5.227656282387862
6901028111546,202501,0,8.864321598098172,-0.8248571231574959,-12.384281438132735
6901028111546,202504,0,-50.39887959044509,-1.302918854456037,245.0623271435866
6901028111546,202505,0,0.0,-0.7528304808011188,11.001555859997186
6901028111546,202507,0,0.0,-0.18520045428338372,5.687843163952264
6901028111546,202508,0,0.0,-0.18520045428338372,5.687843163952264
6901028111546,202601,0,-2.450387790008037,-0.18520045428338372,8.222406585374491
6901028111546,202602,0,2.8431646569270015,1.255644635787512,-11.575007016352476
6901028111546,202604,0,-0.7570588188895897,1.0059533812153971,-18.020188060227483
6901028111546,202605,0,-0.8842450249283758,-0.023808830449060348,2.7443920136234246
6901028112505,202501,0,0.0,4.623026486827282,3.556490607527998
6901028112505,202502,0,0.0,2.3601329636122252,10.781467086123293
6901028112505,202503,0,0.0,2.7036314729119235,6.337467773343885
6901028112505,202504,0,0.0,2.7036314729119235,6.337467773343885
6901028112505,202505,0,0.0,2.7036314729119235,6.337467773343885
6901028112505,202506,0,0.0,2.7036314729119235,6.337467773343885
6901028112505,202507,0,0.0,2.7036314729119235,6.337467773343885
6901028112505,202508,0,0.0,2.7036314729119235,6.337467773343885
6901028112505,202509,0,0.0,2.3601329636122252,10.781467086123293
6901028112505,202601,0,-27.183399316025735,2.3601329636122252,38.80559009233539
6901028112505,202602,0,27.569205249030965,6.613011127691042,-75.57555720605949
6901028112505,202603,0,2.6376587340980535,3.9179323769149677,-12.231676784579102
6901028112505,202604,0,0.35894172498370835,5.356648306032402,-3.8720727499181997
6901028112505,202605,1,0.39372637653040954,2.9298557078655145,0.560816238393584
6901028112505,202606,0,-0.25793248836578186,4.131026093737876,12.306871384857969
6901028114455,202501,0,0.0,-1.2730338830640977,0.22929828648775263
6901028114455,202502,0,0.0,4.017135187493363,6.255944895077249
6901028114455,202503,0,42.50311953061343,6.404899953147356,-38.19147185327585
6901028114455,202504,0,-42.50311953061343,3.0251899813978858,49.449820576477485
6901028114455,202505,1,0.0,4.506715408587029,3.315732903184678
6901028114455,202506,0,0.0,9.512862376368165,5.440451777113478
6901028114455,202507,0,0.0,6.254149330595813,5.699786673815435
6901028114455,202508,0,0.0,9.512862376368165,5.440451777113478
6901028114455,202509,0,0.0,9.512862376368165,5.440451777113478
6901028114455,202510,0,0.0,9.512862376368165,5.440451777113478
6901028114455,202511,0,0.0,9.512862376368165,5.440451777113478
6901028114455,202512,0,0.0,9.512862376368165,5.440451777113478
6901028114455,202601,0,0.0,0.6872824455016773,3.134982079137694
6901028114455,202602,0,0.0,9.512862376368165,5.440451777113478
6901028114455,202603,0,0.0,0.6872824455016773,3.134982079137694
6901028114455,202604,0,0.0,0.6872824455016773,3.134982079137694
6901028114455,202605,0,0.0,0.6872824455016773,3.134982079137694
6901028114455,202606,0,0.0,0.6872824455016773,3.134982079137694
6901028118187,202501,0,-2.566519892117917,1.8580459907862519,13.358710099415097
6901028118187,202502,0,0.09974189364550767,12.758771543400622,12.685343936811003
6901028118187,202503,0,0.45912740857779966,9.43670722858459,11.891231628453397
6901028118187,202504,0,-0.20542662555885727,13.681454083037096,18.790560309585537
6901028118187,202505,0,-0.47512662084529467,14.519026632067956,15.363001434352771
6901028118187,202506,0,0.5375646499241782,14.988688904038533,17.349323667397268
6901028118187,202507,0,0.33330802369666657,12.919642557938216,17.829148593786925
6901028118187,202508,0,-0.06669193313298649,13.381807337568436,18.749664532683127
6901028118187,202509,0,-0.3532625884044691,14.076824508338627,16.469214878619248
6901028118187,202510,0,-0.021538531395663085,13.788784374306085,21.547898740406318
6901028118187,202511,0,-0.4719802816244183,14.182969218849035,18.717455609599398
6901028118187,202512,0,0.9636513368111537,14.929477638938861,19.22254612026038
6901028118187,202601,0,0.08006088506989073,10.689133110676117,15.795746530441468
6901028118187,202602,0,-0.3484803096544766,14.345304289812239,16.336572183308164
6901028118187,202603,0,-0.27215969216261726,14.632988417400732,16.048858555732068
6901028118187,202604,0,0.09723150729409724,11.739513015329894,14.812900888482112
6901028118187,202605,0,0.3403629097443712,13.067840785510203,16.04565084011389
6901028118187,202606,0,0.15110277356016155,14.671123016814176,15.149861379610247
6901028118828,202501,0,-44.226014616314885,-0.8248571231574959,71.01100852479333
6901028118828,202502,1,42.386356596082244,7.805237412213248,80.78885303738626
6901028118828,202503,0,1.7528627979723908,1.1503516453469265,6.863484943688631
6901028118828,202504,0,-0.7115035592362489,2.251277662493993,0.8101499318847365
6901028118828,202505,0,-43.427715834818386,6.751577469538629,114.7274977583466
6901028118828,202506,1,11.229198563237777,7.435650454936185,13.919315125518935
6901028118828,202507,0,-11.229198563237777,0.6471393963741079,19.492269435744603
6901028118828,202508,1,39.17198054269501,-2.807691934417741,42.303556960259954
6901028118828,202509,0,-0.8872959883483205,0.6471393963741079,8.8305142038998
6901028118828,202510,0,-6.96963016533369,3.6960621405706893,17.872619797845218
6901028118828,202511,0,-8.928899762358988,-0.46288662706975564,17.526255056752284
6901028118828,202512,0,21.65626845426737,-1.6385215114328067,-52.46599271548951
6901028118828,202601,0,-0.5719434342049112,-1.7683095442344883,-1.6998106623762204
6901028118828,202602,0,-3.9673539032551233,5.351911150734741,6.856408420450014
6901028118828,202603,0,3.4117820964573085,3.541545449326736,-6.814281912045455
6901028118828,202604,0,-3.9959645468953084,1.4958533226760413,14.723392406141214
6901028118828,202605,0,1.2883372534498463,3.4520654144771594,-4.045263764549965
6901028118828,202606,0,2.9409640442327856,1.3011768244100241,-5.815299418694363
6901028119009,202501,0,-1.9083981320177017,-0.8248571231574959,4.5377075648009155
6901028119009,202505,0,0.0,4.394295168281637,-3.005194194895358
6901028119009,202506,0,0.0,4.79953795118392,11.31740462296679
6901028119009,202507,0,0.0,7.396069496342048,10.984957256070619
6901028119009,202508,0,0.0,7.396069496342048,10.984957256070619
6901028119009,202509,0,0.0,3.522082741310368,12.537088624886769
6901028119009,202510,0,0.0,5.33131959183711,11.57093326337205
6901028119009,202512,0,5.508072983074079,7.396069496342048,5.306531500324143
6901028119009,202601,1,-1.6110902361795638,-0.1468299083818461,-9.353952119260637
6901028119009,202602,0,-2.7082930687134663,4.418840203055591,30.178784285654594
6901028119009,202603,0,6.801015360826163,4.567498618980748,-26.202736124565416
6901028119009,202604,0,-5.705838798932241,-0.12895325096956056,52.990914581257954
6901028119009,202605,0,6.7009938731982785,1.778216728569825,-52.26236869287895
6901028119009,202606,0,-32.20171210968878,0.04362465145371841,168.02335646652566
6901028120708,202501,0,-3.0530544596740725,-0.8248571231574959,6.335755065710993
6901028120708,202502,0,-5.7321675739356195,6.441850127224456,23.521914018679965
6901028120708,202503,1,8.204598971220157,7.232373998783163,11.626322118493407
6901028120708,202504,0,-4.934309066939221,4.255494574393555,17.649681942204595
6901028120708,202506,0,0.0,3.919193195599088,-5.81196348068384
6901028120708,202507,0,38.74178767697398,4.650977650154226,-30.032284005699967
6901028120708,202508,0,21.302999554310503,4.650977650154226,-12.054151920479896
6901028120708,202509,0,-2.3023839649060207,3.7236071153204366,14.844082134769423
6901028120708,202511,0,0.0,-0.5595375127421116,-2.4288953367959736
6901028120708,202601,0,0.43319575146456657,3.0803152504186744,9.986015610061683
6901028120708,202602,0,-1.9201174611741578,5.069557938303101,8.016907815168286
6901028120708,202603,0,0.23493397263973748,5.772294267906915,-9.3978078904806
6901028120708,202604,0,-0.3917856346537434,2.259014289946354,-10.580991802856513
6901028120708,202605,0,2.211436555762049,2.096670541126989,-29.339211148246335
6901028120708,202606,1,-0.6199299182395634,2.1211241081056786,2.2111322953598096
6901028121736,202501,0,-0.966747938544728,-4.111871766247637,-1.4869980169045283
6901028121736,202502,0,0.26219606507311966,6.364780337752671,0.905349695782081
6901028121736,202503,0,0.8865963228871081,2.7756325200034198,-3.088110345623593
6901028121736,202504,0,-47.05356232083831,2.8629761114380283,133.9219272619964
6901028121736,202505,0,0.0,6.343783115551279,-8.890622170502201
6901028121736,202506,0,0.0,2.0872405815790502,0.6349920947856462
6901028121736,202507,0,0.0,1.2180516696465242,-0.5063994334330362
6901028121736,202508,0,0.0,1.1600681683107603,0.5806697375506551
6901028121736,202509,0,0.0,2.18495008749714,8.873368626219529
6901028121736,202510,0,0.0,-0.6216924647493339,-0.6258992256791993
6901028121736,202511,0,40.83001356464521,0.9879935099374735,-41.779697650291375
6901028121736,202512,0,-40.83001356464521,-0.6216924647493339,41.46689826364576
6901028121736,202601,0,0.0,2.054691658877407,2.688852669087932
6901028121736,202602,0,0.0,0.12976241966737387,-0.6817122735558789
6901028121736,202603,0,0.0,-0.6216924647493339,-0.6258992256791993
6901028121828,202601,0,0.08413768462425253,0.572458072599747,1.3808350968824925
6901028121828,202602,0,-3.560824565842836,5.3347118713459025,10.622303300925928
6901028121828,202603,0,1.5371189371115364,4.47289526805082,0.978937063689957
6901028121828,202604,0,-7.535653196518197,3.408541765920533,24.693530091381287
6901028121828,202605,0,2.8617171822826037,2.878614637925306,-9.35179972075283
6901028121828,202606,0,5.763557201393013,3.723196157547217,-11.695928038485935
6901028123266,202501,0,-2.9369646670471496,2.481394099527697,11.800456746669148
6901028123266,202502,1,-10.075339206054586,11.212622861267473,-16.476770637580003
6901028123266,202503,1,12.706611904916613,4.458161224483352,17.89125110116763
6901028123266,202504,0,-35.06823716179591,2.7142069958115433,115.35079823141456
6901028123266,202505,1,35.089756834797484,12.474693925040897,56.55367344290455
6901028123266,202506,0,-35.089756834797484,1.4017657180807883,46.786660061986645
6901028123266,202507,1,0.0,6.333754655892326,-1.3497213694978552
6901028123266,202508,0,0.0,-0.7615773792222561,9.23651824343864
6901028123266,202509,0,0.0,0.5044180113710761,9.636282294191723
6901028123266,202510,0,0.0,-0.4629638173198076,5.934503143337485
6901028123266,202511,0,0.0,1.8101007291665085,10.401572900767565
6901028123266,202512,0,0.0,1.5931575430839293,10.883481918184822
6901028123266,202601,0,0.0,2.2652167564027215,10.885611968872885
6901028123266,202602,0,0.0,1.751409355841366,11.268633007900872
6901028123266,202603,0,0.0,1.973725371291264,8.25567451691893
6901028123266,202604,0,0.0,1.973725371291264,8.25567451691893
6901028123266,202605,0,0.0,1.973725371291264,8.25567451691893
6901028123266,202606,0,0.0,1.973725371291264,8.25567451691893
6901028124058,202501,0,-0.5946208994338136,-1.2730338830640977,1.1241130964625246
6901028124058,202502,1,0.43471131501333815,3.8773818898547963,4.2096911235041015
6901028124058,202503,0,-0.09981102635315153,3.7652648136453575,-0.5113933855131361
6901028124058,202504,0,0.17341594661976956,3.0186228452215578,-12.421881933427072
6901028124058,202505,0,-0.8644360412076466,2.671998453513927,-5.57186985982908
6901028124058,202506,0,-42.96063431748071,3.1489090954182757,97.91859508941259
6901028124058,202507,0,40.126956943694566,1.700212936423553,-117.62797341738403
6901028124058,202508,0,1.0285145636125677,0.881100339979747,2.531123528665428
6901028124058,202509,0,1.6683772702006152,3.6639802050092976,3.212772603118262
6901028124058,202510,0,-9.746754044546371,2.6666899867163836,19.00558196362055
6901028124058,202511,0,7.549528459711887,4.569746332904337,-74.74703761142436
6901028124058,202512,0,2.9633474289858626,1.7595630168031517,1.376389291347822
6901028124058,202601,0,-0.326091042436893,2.980441947920771,0.7102410023271579
6901028124058,202602,0,0.24320873497927664,5.121458740496456,-6.576872787638162
6901028124058,202603,0,-1.2565413180679315,4.591216881299609,-0.5222183844513961
6901028124058,202604,0,0.40891416494670807,5.275873992094368,-4.054873224557219
6901028124058,202605,1,-0.5540411465612252,3.4783804613494786,2.8033227490626804
6901028124058,202606,0,-1.291900100558074,3.5779117989276563,4.782438418005854
6901028125888,202506,0,0.0,4.16932444479693,-17.363984146881435
6901028125888,202507,0,0.0,0.6872824455016773,3.134982079137694
6901028125888,202508,0,0.0,1.7040382111227372,3.241192335988496
6901028125888,202511,0,0.0,9.512862376368165,5.440451777113478
6901028125970,202501,0,-4.315010901016137,4.623026486827282,10.457799977124495
6901028125970,202502,0,2.183196920392021,5.376444006211661,-10.944046823077148
6901028125970,202503,1,1.0281088514719272,5.47294246338256,1.1392368845724956
6901028125970,202504,0,0.23441772905447067,7.085011294212909,-16.604327498667402
6901028125970,202505,0,-50.06371890010587,3.5342097731582234,199.39413138680877
6901028125970,202506,0,50.00225476916475,2.9956649068653554,-207.74896463253197
6901028125970,202507,0,-50.00225476916475,2.9621401241490704,60.33484470469634
6901028125970,202508,1,0.0,2.4655259538704914,-0.5276610351919984
6901028125970,202509,0,19.879570780993284,4.133252061844789,-7.891782795725517
6901028125970,202510,0,13.421093762639487,4.10013592406521,-5.243950609885259
6901028125970,202511,0,9.76424087092483,4.198069754275373,-37.297712098460764
6901028125970,202601,1,-3.0834705057093785,3.5803879197396036,-3.127651134967189
6901028125970,202602,0,9.101450941227718,7.592498677111161,-20.372171904154804
6901028125970,202603,0,1.7326386659583761,3.7948323004822084,-6.866912539891212
6901028125970,202604,0,-1.1143542641232074,2.49181426761452,-5.1661407700196555
6901028125970,202605,0,-5.084439808968227,2.869619761737248,34.53518438711324
6901028125970,202606,1,0.34859082672575425,3.5231523024005984,0.6234666279165055
6901028126007,202501,0,-6.321624689021682,0.9483535983434268,28.159202766023224
6901028126007,202502,1,6.240704168193041,11.038408432244417,9.63566857196535
6901028126007,202503,0,-0.10392478449484344,7.075287238426556,1.837355881778226
6901028126007,202504,0,0.020220135665319106,12.396653220248648,-6.304455806407123
6901028126007,202505,0,0.4130736292729864,11.028321047361253,-12.07094702893285
6901028126007,202506,0,-37.89381144980105,11.901058153986103,122.46867832525218
6901028126007,202507,1,0.0,13.963890106055866,-5.477898547919349
6901028126007,202508,0,0.0,4.916562044914437,11.307066977158776
6901028126007,202509,0,0.0,5.53685971794549,11.857200820232887
6901028126007,202510,0,0.0,5.8916381508370135,11.922563040656552
6901028126007,202511,0,0.0,6.18855695011273,11.67564841795761
6901028126007,202512,0,0.0,4.796200660713497,11.467941245214512
6901028126007,202601,0,0.0,5.40463659850563,11.779997282571843
6901028126007,202602,0,0.0,4.737977371522939,11.740518403002568
6901028126007,202603,0,0.0,6.316705909894439,7.791300616943929
6901028126007,202604,0,0.0,6.316705909894439,7.791300616943929
6901028126007,202605,0,0.0,6.316705909894439,7.791300616943929
6901028126007,202606,0,0.0,4.8811125839062655,7.53138801500907
6901028129725,202501,0,0.0,-4.111871766247637,-2.981293583999844
6901028129725,202502,0,0.0,-1.9562271988084938,-0.6190019835361991
6901028129725,202503,0,0.0,-1.9562271988084938,-0.6190019835361991
6901028129725,202504,0,0.0,-1.9562271988084938,-0.6190019835361991
6901028129725,202505,0,0.0,-1.9562271988084938,-0.6190019835361991
6901028129725,202507,0,0.0,-1.9562271988084938,-0.6190019835361991
6901028129725,202508,0,0.0,-1.9562271988084938,-0.6190019835361991
6901028129725,202509,0,0.0,-1.9562271988084938,-0.6190019835361991
6901028129725,202510,0,0.0,-1.9562271988084938,-0.6190019835361991
6901028129725,202511,0,0.0,-1.9562271988084938,-0.6190019835361991
6901028133081,202501,0,0.0,-4.111871766247637,-2.981293583999844
6901028133081,202502,0,0.0,0.08712329281433982,-0.542945833711634
6901028133081,202503,0,0.0,-1.0247768867377292,7.9703680042207194
6901028133081,202504,0,0.0,-1.0247768867377292,7.9703680042207194
6901028133081,202505,0,0.0,-0.6216924647493339,-0.6258992256791993
6901028133081,202506,0,0.0,1.0402388487850809,-1.6439886734475917
6901028133081,202508,0,0.0,0.3501280782926823,7.364169190476636
6901028133081,202511,0,0.0,-1.0247768867377292,7.9703680042207194
6901028133081,202512,0,0.0,-0.6216924647493339,-0.6258992256791993
6901028133081,202602,0,0.0,-0.6216924647493339,-0.6258992256791993
6901028133081,202603,0,0.0,-0.6216924647493339,-0.6258992256791993
6901028133333,202501,0,-0.6346415656151834,0.572458072599747,2.477852862672833
6901028133333,202505,0,0.08260407691488325,4.33291111482944,0.9372796312462124
6901028133333,202506,0,-2.4431987321813082,2.247726393331417,8.428785075737782
6901028133333,202507,0,-41.06990641628829,2.3461956722730095,108.3528291797126
6901028133333,202508,1,0.0,3.7519502356328522,-2.204310953946905
6901028133333,202510,0,0.0,2.3239108915197138,8.951197405768365
6901028133333,202512,0,39.06318203392891,2.3239108915197138,-31.320124278694433
6901028133333,202601,0,4.892769426494574,3.501478649417856,0.17219764295714945
6901028133333,202602,0,0.10109342640779317,6.011279743800798,10.646904687873205
6901028133333,202603,1,-3.5535769018517342,2.997868081836884,-5.798791225646022
6901028133333,202604,1,-40.50346798497954,2.4869585531778537,-65.30201889829277
6901028133333,202605,0,0.0,6.0226829332544725,9.901933861379653
6901028133333,202606,0,0.0,4.24936258111614,5.370295869812329
6901028136686,202501,0,-15.684166306055559,1.4040467197141147,58.444755172529284
6901028136686,202502,0,-9.61479904597261,10.86606815164112,64.14802495632202
6901028136686,202503,0,-0.38929689497583553,9.28972259277719,-0.5829565652866435
6901028136686,202504,0,0.41015100419579653,11.592375732716048,7.3955734996569475
6901028136686,202505,0,1.4116781920704184,11.522226874673208,-5.615012999766098
6901028136686,202506,0,-35.80084114845633,11.271142304108148,142.87299758077185
6901028136686,202507,1,0.0,12.5519045871028,-5.352219340822597
6901028136686,202508,0,35.64840363517732,4.751319909782662,-24.418599097292294
6901028136686,202509,0,-35.64840363517732,5.717644940057189,49.027574548847305
6901028136686,202510,1,0.0,11.547712346241282,-3.429384867671878
6901028136686,202511,0,35.27752970952014,6.270425643353647,-24.25668769833731
6901028136686,202512,0,0.0855924440782232,5.723491245596946,11.933410305047412
6901028136686,202601,0,0.4490127021921566,6.438052095232135,-5.336936083596772
6901028136686,202602,0,-0.33816094669258945,9.990925354253513,-4.51421605445706
6901028136686,202603,0,-35.473973909097936,12.051703274554296,92.27105260534611
6901028136686,202604,1,34.51172657924165,11.672226996581637,45.33776919031695
6901028136686,202605,0,1.1074483577933165,6.092439079730558,10.783766852140932
6901028136686,202606,0,-0.20825637263549623,10.759278225527263,4.783576584654881
6901028136891,202501,0,-0.7058795753882308,0.22225795603424403,4.7188025857802
6901028136891,202502,0,0.199532146778715,10.459048269683988,-2.209408989078442
6901028136891,202503,0,0.4394771191193314,6.7227492361878465,-6.408966935018968
6901028136891,202504,0,-0.11434403705923302,11.596011729556395,-2.4639175949926866
6901028136891,202505,0,-34.616051767483604,13.002319032057908,68.44917481377931
6901028136891,202506,1,0.0,11.28834456576622,5.43421493634465
6901028136891,202507,0,34.65058488152333,2.5454359732235132,-29.134214606153947
6901028136891,202508,0,-0.16989723399666445,-0.5310709672656655,7.624503254282193
6901028136891,202509,0,0.03384498864009089,8.795997596134614,-1.7210755353019973
6901028136891,202510,0,0.26899023383365517,6.71259581695317,-7.401833560108858
6901028136891,202511,0,-0.24370442642156576,9.68039921834352,-3.3759003688689595
6901028136891,202512,0,-34.539818443578845,10.679949367770783,63.72325911290338
6901028136891,202601,1,0.0,8.656237798835509,5.9254293136652825
6901028136891,202602,0,0.0,3.0959706026241793,7.002187911511871
6901028136891,202603,0,0.0,1.1157075731018942,-1.596221639942077
6901028136891,202604,0,0.0,1.1157075731018942,-1.596221639942077
6901028136891,202605,0,0.0,1.1157075731018942,-1.596221639942077
6901028136891,202606,0,0.0,1.1157075731018942,-1.596221639942077
6901028138536,202501,0,36.27091213453566,-0.8248571231574959,-55.43506483213385
6901028138536,202502,0,10.397265188865745,2.4751608996869376,0.9634683875770573
6901028138536,202504,0,-14.894253110593809,3.9774076664413975,54.038430654345575
6901028138536,202505,0,-31.7739242128076,2.1512967720959106,107.92680564557548
6901028138536,202506,1,32.36645315558985,-1.0785879480779672,48.13722153054102
6901028138536,202507,0,-32.36645315558985,1.9864877948151374,45.208023662006084
6901028138536,202508,1,0.0,-0.8132262264387088,-1.1312045967141164
6901028138536,202509,0,0.0,1.013303063828777,10.46525159129634
6901028138536,202510,0,0.0,1.7173275547660605,10.86511047923448
6901028138536,202511,0,0.0,0.4849106467105257,9.988551536790554
6901028138536,202512,0,45.853843162181356,1.299172544420597,-35.67855635284484
6901028138536,202601,0,-6.252228860122713,4.650977650154226,16.3533000531626
6901028138536,202602,0,5.037219814556984,2.2109684106931646,-10.78721060525288
6901028138536,202603,0,1.0877815211977548,-0.21215501431762623,2.602285647317444
6901028138536,202604,0,3.515804896245278,0.717895985569359,-12.834264533743085
6901028138536,202605,0,-0.59354798521818,0.28581932321757175,3.691865981486894
6901028138536,202606,0,-4.180612196447058,2.726891866406223,19.675102443526196
6901028141147,202501,0,1.0611324429401918,0.9483535983434268,2.203311627271106
6901028141147,202502,0,0.259348899929563,12.210086553280272,0.16757502120776024
6901028141147,202503,0,0.2155596567728466,10.816775413039295,-24.610635049637104
6901028141147,202504,0,-0.5429981624653522,15.530354955453108,16.909873570970248
6901028141147,202505,0,-0.9781196441557753,15.528319127413406,15.50051475505896
6901028141147,202506,0,0.9176113446277512,15.04882438639391,4.062730901941869
6901028141147,202507,0,0.5645103330266679,10.466038955031483,-8.101111279404712
6901028141147,202508,0,0.11210140837645355,13.798526368709084,2.7150544151146363
6901028141147,202509,0,-0.17049437338538098,15.895505429231878,13.443189629480814
6901028141147,202510,0,0.0638137653022568,13.738140230266946,3.7970858555020826
6901028141147,202511,0,-37.70429925643084,15.30854688961493,114.22148331587317
6901028141147,202512,0,40.028550384684905,13.718409431572972,-116.70207120166
6901028141147,202601,0,-3.4136536396813,5.536932964214029,12.242477388892832
6901028141147,202602,0,0.40060083295266224,13.451182889091902,-0.03832893660606018
6901028141147,202603,0,-37.01549757795627,10.733958507044363,91.7965727228808
6901028141147,202604,0,37.462576807025236,12.375244793294236,-159.74342061323375
6901028141147,202605,0,-37.462576807025236,5.425100039643516,53.097872035482446
6901028141147,202606,0,37.75742580655129,14.521875329925376,-1022.501820444594
6901028143448,202501,0,0.0,1.7685666852184758,6.357423075115749
6901028143448,202502,0,0.0,10.28869140808137,7.644221296731912
6901028143448,202503,0,0.0,10.28869140808137,7.644221296731912
6901028143448,202504,0,0.0,10.28869140808137,7.644221296731912
6901028143448,202505,0,0.0,10.28869140808137,7.644221296731912
6901028143448,202506,0,0.0,10.28869140808137,7.644221296731912
6901028143448,202507,0,0.0,10.28869140808137,7.644221296731912
6901028143448,202508,0,0.0,10.28869140808137,7.644221296731912
6901028143448,202509,0,0.0,2.492354031106726,8.578698003316703
6901028143448,202510,0,0.0,6.109276271797883,8.84438156029626
6901028143448,202512,0,32.79983168940557,10.28869140808137,-26.170038176882073
6901028143448,202604,0,-0.08354860389588481,10.28869140808137,7.730353878067876
6901028143448,202605,0,-32.71628308550969,2.831845821735643,72.47541717823889
6901028143448,202606,1,25.119032238037835,3.4035597632985515,39.22738832853649
6901028143554,202501,0,1.6014093797956122,4.623026486827282,0.9952406336888622
6901028143554,202502,0,-32.78181369783874,5.236023659569938,53.832168382204685
6901028143554,202503,0,32.76778671832376,7.272304033522087,-53.94601153093536
6901028143554,202504,0,-2.733643070770661,2.8088407093208407,1.3992084484751763
6901028143554,202505,1,-31.48287084771395,2.83969089302959,-65.88563138784924
6901028143554,202506,0,0.0,6.064772143830615,4.533588181547396
6901028143554,202507,0,34.17321393663608,4.263400261980629,-28.88449682078377
6901028143554,202508,0,0.3787216151361861,4.263400261980629,5.955185984886229
6901028143554,202509,0,-1.7350326264196738,5.209182038313912,2.08990522093233
6901028143554,202510,0,-0.759408462313111,6.206052754733322,-0.2211696713899034
6901028143554,202511,0,-6.933823976506069,4.790514098951387,7.171325755038646
6901028143554,202512,0,9.298237819256904,5.703748536985443,-15.15653925031835
6901028143554,202601,0,-1.941783049489942,2.951847919756007,-2.856754097967654
6901028143554,202602,0,-0.2299297167225589,7.2367799313314585,5.428344626873687
6901028143554,202603,0,0.005768122983937474,6.98353705932607,1.4350037104457343
6901028143554,202604,0,1.8514620037943175,3.658953529207128,-7.855472078105819
6901028143554,202605,1,-1.4171289030485497,5.589960013869312,0.29368530412237703
6901028143554,202606,0,-3.1092473812675294,5.366188244975356,10.88717950928154
6901028143585,202501,0,0.0,-0.05308509776044268,5.589400541332373
6901028143585,202502,0,0.0,4.929680938459494,5.660853968749463
6901028143585,202503,0,0.0,2.258568704334339,8.939927203802386
6901028143585,202504,0,0.0,4.341780601158702,5.514470207523569
6901028143585,202505,0,0.0,5.033690597568119,5.8326234230495695
6901028143585,202506,0,0.0,4.196432532522696,5.212698586315
6901028143585,202507,0,0.0,4.38035567665307,5.571697538242209
6901028143585,202508,0,0.0,4.420964148860886,5.199792176452549
6901028143585,202509,0,0.0,2.72096394072236,8.944229290656313
6901028143585,202510,0,0.0,2.1518453024877275,8.741901526156504
6901028143585,202511,0,0.0,4.249744428052819,5.603853130372482
6901028143585,202512,0,0.0,4.6983114776175166,5.776678103782384
6901028145077,202501,0,-0.7645366894005363,-4.111871766247637,-1.7995545387915328
6901028145077,202502,1,0.08315374813049203,4.4949236945201765,7.746688532275844
6901028145077,202503,0,-42.75917978980985,4.846139300593734,98.62423225156172
6901028145077,202504,1,41.84220778850569,3.9859559865044196,61.721429246273736
6901028145077,202505,0,0.8313533685148471,0.5216344081055275,9.371300219287463
6901028145077,202506,0,0.7224253354694028,5.520024299596056,-3.14933315148439
6901028145077,202507,0,-43.39598649248994,3.96522261687703,92.74480237118682
6901028145077,202508,1,41.116079536889075,2.684028511947935,53.359008958396544
6901028145077,202509,0,0.020364105948182498,0.5216344081055275,10.207371623995364
6901028145077,202510,0,1.876088627559632,4.239776260310343,-8.399938372135658
6901028145077,202511,0,-16.027144150178167,4.151234637167556,59.111459075427625
6901028145077,202512,0,16.45840560232488,1.611587887216873,-39.41060859951009
6901028145077,202601,0,-1.85677913312783,4.846022083132444,12.64706772589652
6901028145077,202602,0,-3.0862909295235497,6.20088146105555,7.312655390775651
6901028145077,202603,0,2.1665730339970466,5.94099252494571,-4.661621206094125
6901028145077,202604,0,1.5440809436421787,6.584421908193825,-0.37888954699115907
6901028145077,202605,0,-1.8864638976888273,5.581927657574582,5.896103608810348
6901028145077,202606,0,-1.6911071187248652,4.381798403771768,4.671881822155885
6901028145473,202501,0,-2.295234075166647,-0.8248571231574959,5.1453566766223275
6901028145473,202502,0,-0.9749535353010828,3.514359168534035,-16.74031028380896
6901028145473,202503,0,-47.76042948067149,3.94617936364417,201.0708875631999
6901028145473,202504,0,31.403151971771614,3.0929736697128694,-189.83429514467383
6901028145473,202505,0,4.13334105996762,-2.0459319115878185,1.3693949148404418
6901028145473,202506,1,13.229277148724087,3.06761681418679,17.086662369223205
6901028145473,202507,0,-48.76577018046332,3.149065308890949,137.4555208559473
6901028145473,202509,0,-1.8665562279236951,0.7096028978349362,8.696596588154355
6901028145473,202510,0,0.9466277554711695,4.2069216102442315,-8.43169343293479
6901028145473,202511,0,-50.25510142405112,1.258421871133315,221.64231797615483
6901028145473,202601,0,0.0,0.540273812397492,0.7050304656240902
6901028145473,202602,0,0.0,3.8200856741589964,8.111097080905974
6901028145473,202603,0,0.0,-0.37685975551508133,6.089806855766069
6901028145473,202605,0,0.0,4.0365719169041565,8.589494768580428
6901028145473,202606,0,0.0,0.03848351422778806,7.188456879307688
6901028149921,202601,0,0.0,0.8690426735378418,3.3428266588859827
6901028149921,202602,0,31.384320267227267,2.953579310388057,-26.546145795746913
6901028149921,202603,0,-0.00874855606172531,2.0810495253781163,4.144916528788498
6901028149921,202604,0,0.012924035907985854,9.716842233573889,-43.70118829889441
6901028149921,202605,0,-0.0043517912429891226,9.197780813534425,-7.638995864504377
6901028149921,202606,0,-31.384143955830538,11.004636141945904,69.10088192418824
6901028150378,202501,0,-27.077831767696697,0.572458072599747,42.836070529909726
6901028150378,202502,1,0.0,3.4532937665153405,-12.482690272356702
6901028150378,202503,0,30.918938864260216,3.774282756632685,-22.083959878073145
6901028150378,202504,0,-30.918938864260216,6.2545589295576764,38.213205984031205
6901028150378,202505,0,0.0,2.2994700334830194,-0.18327686102863439
6901028150378,202506,0,0.0,6.051054878177594,6.730977485480729
6901028150378,202507,0,0.0,2.598548879982125,9.466167086467166
6901028150378,202508,0,0.0,4.98341496152424,7.180559911307197
6901028150378,202509,0,0.0,4.27309128676067,9.403437372831497
6901028150378,202510,0,0.0,2.776211402007818,10.066591390119417
6901028150378,202511,0,0.0,3.86095293456103,6.575442385721832
6901028150378,202512,0,0.0,4.6448137921492085,6.163478545390632
6901028150378,202601,0,0.0,5.455279887125476,6.282696077450909
6901028150378,202602,0,0.0,6.421428239985184,6.49524399823018
6901028150378,202604,0,0.0,5.992586040634148,5.535828587929827
6901028151634,202501,0,-0.03599475182606682,-0.05308509776044268,5.658711516313548
6901028151634,202502,0,-0.10631245500085384,9.374667260972648,7.3103253323312885
6901028151634,202503,0,0.13640930825975772,6.205073768633376,2.1537055555935956
6901028151634,202504,0,0.38738009774832705,6.985758184698703,6.607466094392229
6901028151634,202505,0,-1.945885156182591,10.543755574158576,9.654677566623146
6901028151634,202506,0,-27.39030390185383,11.803233495625706,58.24911152008448
6901028151634,202507,1,28.83428435966331,3.510590926803022,55.71231614059428
6901028151634,202508,0,0.4736893295668452,1.6641710081271932,3.84112301174572
6901028151634,202509,0,-2.645870396385476,4.348746518223451,10.019684672982809
6901028151634,202510,0,1.3756188036037287,8.273703356804377,0.5323845218207506
6901028151634,202511,0,0.9929022594529044,2.2677689877998644,-4.891849365961329
6901028151634,202512,0,-0.09817074378992174,4.596692611874044,-1.5946859304532972
6901028151634,202601,0,0.37358830573101187,3.698468063771197,-1.2343255315109873
6901028151634,202602,0,-0.6788567604708078,8.948738681082547,6.928859817342046
6901028151634,202603,0,0.5580026884937368,10.33272478005602,5.505505769886156
6901028151634,202604,0,-0.0730676784212605,2.8087634922379325,1.6759607623533082
6901028151634,202605,0,0.08834419589568654,9.125584493244185,4.783636822259005
6901028151634,202606,0,0.08161515062204927,2.5175327364956894,-0.4044530348610258
6901028154628,202504,0,0.0,4.422373682552768,-14.075787536143384
6901028154628,202505,0,0.0,2.552084300731157,6.354844339970497
6901028154628,202507,0,0.0,3.003740181488595,5.6185421022723885
6901028154628,202508,0,0.0,2.988687015143602,6.318844780481897
6901028154628,202512,0,0.0,5.036308570983322,-7.021518545859733
6901028154628,202601,0,0.0,2.2480398432025295,6.313290187551743
6901028155557,202501,0,-0.7827317689566158,-1.2730338830640977,1.407191595934222
6901028155557,202502,0,0.16679780421859647,8.61723263185285,4.533587552169928
6901028155557,202503,0,1.1308842216227646,6.8961669338441,3.512176254703017
6901028155557,202504,0,-0.8415707696765224,5.9620002967335495,2.3234545596020415
6901028155557,202505,0,0.006221770980666008,9.44110885577635,13.059042710729644
6901028155557,202506,0,-0.32175355466084454,5.3487037331757,0.06037981324410957
6901028155557,202507,0,0.891822337717457,6.908946063475886,4.465447536172195
6901028155557,202508,0,-0.09568135353936924,5.142106077097873,3.600325045006602
6901028155557,202509,0,0.30852183097874075,6.472299076248358,10.083402592340327
6901028155557,202510,0,-2.095334637095114,6.434384740453849,2.3294468777526784
6901028155557,202511,0,-0.10035154776395672,7.687207648819454,4.901979310975197
6901028155557,202512,0,2.378858635934421,7.9288052987511835,7.320866497074842
6901028155557,202601,0,-35.7520556591855,6.032243903052577,65.4546065850442
6901028155557,202602,0,35.27337513694596,8.731851651549814,-48.33231861889113
6901028155557,202603,0,0.035527880355978425,6.0910002399695005,6.4797336138981025
6901028155557,202604,0,0.3518207907862845,7.645087119596239,11.545764197796258
6901028155557,202605,0,-3.7946443457381136,5.75409721162258,5.187582899247721
6901028155557,202606,0,-3.2222920148311758,8.595255052389847,10.294410773172473
6901028159548,202501,0,-0.1088478535441979,2.1792003263004434,5.80716735844486
6901028159548,202502,0,0.26136914626409435,13.53567281366304,10.888352620678901
6901028159548,202503,0,0.042493759689676835,11.109095569863332,15.671839516366802
6901028159548,202504,0,-0.8013560053604394,14.364786274192308,11.359800765691272
6901028159548,202505,0,0.6323107858436998,15.425793433515643,16.920057363643593
6901028159548,202506,0,-0.30352226697615237,8.051647308801877,8.827535716075777
6901028159548,202507,0,0.5230926313754338,14.3295277959912,12.816363001676812
6901028159548,202508,0,0.06602887441559346,10.552408397015963,12.379998294137202
6901028159548,202509,0,-0.345187195128247,16.042041684711666,21.121306572983293
6901028159548,202510,0,0.2741768150645001,14.790264857971382,16.225042494761386
6901028159548,202511,0,-35.5923096666593,13.118546448323002,81.58915236687922
6901028159548,202512,1,35.33703015516858,13.968283009155806,54.47865875907603
6901028159548,202601,0,0.14861431247776125,1.525697314199842,9.433369075618629
6901028159548,202602,0,-0.15147452280546503,13.806170880988878,14.192871692518723
6901028159548,202603,0,-35.33416994484087,16.187075552442113,74.34755195460204
6901028159548,202604,1,0.0,12.026409676765914,-16.30731712724005
6901028159548,202605,0,0.0,3.1322242313292836,11.574199880438641
6901028159548,202606,0,35.49907317328665,2.8911435421962763,-25.012774334659568
6901028159753,202501,0,0.1518332364294892,0.62248542992686,5.898213734133247
6901028159753,202502,0,-33.30399475514875,1.772647660917535,1170.6803124330677
6901028159753,202503,0,32.90199305702177,1.4737477654891808,-57.35668037540202
6901028159753,202504,0,-1.873827204751997,0.8541497976221964,2.2467626734138966
6901028159753,202505,1,1.9586965400618226,0.522098401052624,1.008679821329645
6901028159753,202506,0,-0.3637368286684435,2.5947300872853876,1.7727638880798706
6901028159753,202507,0,-6.145982470764146,0.5526971677001316,2.8188858194810997
6901028159753,202508,0,6.90936388034158,0.609878883703674,-17.806597623166407
6901028159753,202509,0,-2.687233153490034,2.06491248049732,10.715335554444684
6901028159753,202510,1,1.9683033086229784,2.6955563314925413,7.014383212368964
6901028159753,202511,0,-1.4487290253847078,1.9626180909223692,7.978929166674806
6901028159753,202512,1,2.1016522333847902,0.6717065355860234,13.555995948725482
6901028159753,202601,0,-33.32050033637361,2.026696746768474,75.29911610948193
6901028159753,202602,0,32.42571251177965,1.585801208747534,-64.23398922348281
6901028159753,202603,0,1.029055767611851,1.4797905894970897,-0.6224198845905721
6901028159753,202604,0,0.06821876111537506,1.7029342851832958,-5.005522174821733
6901028159753,202605,0,-0.34236280941686204,3.307119888860411,-6.875247338012884
6901028159753,202606,0,-15.181800059498283,3.5143414620773896,25.88745244071412
6901028160285,202501,0,31.91167779364988,1.2528396025704651,-59.902418020152076
6901028160285,202502,0,-32.74949120884896,5.375236434871804,44.822607742679565
6901028160285,202503,1,32.05823232409388,8.382794798842273,49.35079448096078
6901028160285,202504,0,0.15301183883453717,5.994858134465258,5.392707654857576
6901028160285,202505,0,-3.162295140502529,8.181844729050697,12.879490336602947
6901028160285,202506,0,2.1041142182951447,9.125318873932509,1.9557718696886273
6901028160285,202507,0,1.2930670039019319,7.048016470028279,-1.1256999576055104
6901028160285,202508,0,-0.16420103415195797,6.673081375114774,1.7219736085444541
6901028160285,202509,0,-1.01492502705824,8.583054658019917,16.378019472985983
6901028160285,202510,0,-31.267004183412766,9.19056559486114,71.3578493251567
6901028160285,202511,0,0.8378134151990793,7.523884552508382,3.2960128908403803
6901028160285,202512,0,31.77676448122888,3.460033197139037,-374.8813313287696
6901028160285,202601,0,-0.33029976547798867,3.0287177371704166,7.257795640208844
6901028160285,202602,0,0.06776637826472864,7.662211804792854,5.5009024769710875
6901028160285,202603,0,0.2752018181023601,5.7698582236131974,5.098111484883119
6901028160285,202604,0,0.05288685451634478,6.8143526923093525,6.482102311890303
6901028160285,202605,0,-0.3742874798074851,6.40226197841141,3.719706023717713
6901028160285,202606,0,-0.9870875101497134,6.69747260238682,3.622810191602715
6901028162876,202501,0,0.01429226036868414,0.9483535983434268,5.8837347175640575
6901028162876,202502,0,-34.96350103094518,12.565062373956469,90.56585857045252
6901028162876,202503,1,34.73032561814745,8.568156212430337,49.35544551486852
6901028162876,202504,0,-0.1302190171533013,2.492847301387796,7.532356916303396
6901028162876,202505,0,0.05913411891027209,14.154375460171341,11.90904625160599
6901028162876,202506,0,-1.355722342125972,15.437016296731658,11.941998972525585
6901028162876,202507,0,-0.7877976652123522,10.760230834269997,5.511715887873802
6901028162876,202508,0,0.8465786370513015,10.571989732701775,1.6092748598381892
6901028162876,202509,0,-0.7382019256576697,11.299358097418533,-0.9651842500046399
6901028162876,202510,0,1.2431177270664833,9.541153022967501,-8.30698095908756
6901028162876,202511,0,1.2377009757460726,6.885996603064197,-17.797402673191684
6901028162876,202512,0,0.05676073499276413,6.371619665422857,-14.598359648490801
6901028162876,202601,0,0.0021643708776721837,10.75944146699139,-14.505126087536151
6901028162876,202602,0,-0.10986356235198258,12.3507719952504,10.941065832222336
6901028162876,202603,0,-0.8754102912176265,12.810173367414077,12.924401230328607
6901028162876,202604,0,1.1423712014499614,11.832928652815854,-3.964422753755226
6901028162876,202605,0,-35.32093858052307,12.249413791141588,114.12640916232169
6901028162876,202606,1,35.46373360373543,14.144072727448885,47.41641808580465
6901028164177,202501,0,0.0,0.5005357313069361,3.3636073594887033
6901028164177,202502,0,0.0,3.37683924168323,9.991618554314446
6901028164177,202503,0,0.0,2.805999514606824,8.785109079238929
6901028164177,202504,0,0.0,2.7786374903935753,8.21414696226848
6901028164177,202505,0,0.0,3.3739403815521682,8.628652334302133
6901028164177,202506,0,0.0,2.374708381649061,8.387239028005432
6901028164177,202507,0,0.0,3.5901543539944676,9.004304686029764
6901028164177,202508,0,0.0,3.5863664660987293,8.574830713091385
6901028164177,202509,0,0.0,4.528590002613473,9.801921677539443
6901028164177,202510,0,0.0,4.405366221269636,9.30626052156966
6901028164177,202511,0,0.0,3.807220752011483,8.1173031247906
6901028164177,202512,0,0.0,4.9721534280820885,8.80847153610988
6901028164177,202601,0,0.0,3.9077495638313833,7.955499132282651
6901028164177,202602,0,0.0,4.220217030339449,10.510867459471314
6901028164177,202603,0,0.0,3.884952572796892,8.39782378387442
6901028164177,202604,0,0.0,3.8330199242121,7.596731267829274
6901028164177,202605,0,0.0,2.7786374903935753,8.21414696226848
6901028164177,202606,0,0.0,3.305703638191375,6.585646528402689
6901028165242,202501,0,32.91887792138631,1.8580459907862519,-63.32953072090128
6901028165242,202502,0,-32.91887792138631,3.2222464190542106,42.33917408280164
6901028165242,202503,0,0.0,4.743081039271876,20.32974009890451
6901028165242,202504,0,0.0,-1.7031328989934154,5.4279679725177825
6901028165242,202505,0,31.785556394113872,-1.7031328989934154,-27.876077572077385
6901028165242,202506,0,-7.928620159542255,-1.7031328989934154,13.73536154540767
6901028165242,202507,0,9.19390730433178,1.129013860769704,-32.94229540108337
6901028165242,202508,0,0.38301541654453075,-2.039436542981546,-5.909975228024495
6901028165242,202509,0,-1.6699149553276271,5.744253140363741,9.225739185149312
6901028165242,202510,0,1.0636972954820862,8.825130481389667,-6.173877120636186
6901028165242,202511,0,0.007283078227764861,1.2539508327884907,-5.740943723376537
6901028165242,202512,0,-4.703795864671662,1.8573064856967552,13.971939931018117
6901028165242,202601,0,4.650403788863976,0.1189088934870009,-15.076938629451629
6901028165242,202602,0,0.2826106263759698,0.8130081497241797,-1.0903073032922252
6901028165242,202603,0,-0.40306824829772125,5.864157915357091,6.0602084512805945
6901028165242,202604,0,0.030722901858851515,3.6678195974804866,4.649787253084494
6901028165242,202605,0,-3.83122009893016,3.4819202127790345,12.33357128833432
6901028165242,202606,1,-10.881602398275877,3.6793501401897517,-17.83116639939547
6901028165365,202501,0,26.27807041837844,-1.2730338830640977,-39.31523607198256
6901028165365,202502,0,-43.64902429666528,1.6683962309232565,137.69900826851824
6901028165365,202508,1,0.0,4.6027983819555685,4.7146079833677454
6901028165365,202509,0,41.84367367104944,7.6975082626760765,-37.69088339767659
6901028165365,202510,0,-41.84367367104944,1.4985510629072545,48.45691471494667
6901028165365,202511,0,0.0,3.4028891838541755,-14.83429553931446
6901028165365,202601,0,0.0,1.4985510629072545,3.071964120012671
6901028165860,202501,0,15.131637942246307,-4.111871766247637,-26.370161145514476
6901028165860,202503,1,-49.92456372933124,5.366798853378436,-56.55927929257217
6901028165860,202506,0,0.0,4.06041806885295,12.074415315265064
6901028165860,202508,0,49.153265579371975,-0.9171034732437521,-50.05957216364456
6901028165860,202510,0,-1.4364226187959872,3.338157586702355,11.286144739785582
6901028165860,202512,0,-29.534470281884303,2.9077467832392623,131.65415365585562
6901028165860,202601,0,27.72581575562382,3.9949271909825144,-151.19414455921847
6901028165860,202603,0,-2.306704431569287,5.884371531015033,-13.527223127601644
6901028165860,202604,0,7.828669276484817,4.245576608881272,-47.96191232091176
6901028165860,202605,1,-0.4471026236819995,4.868806799053807,1.4958659046375722
6901028165860,202606,1,-1.6389415116289427,4.285188734305734,5.443691200487387
6901028165921,202501,0,0.0,0.62248542992686,6.20210620554654
6901028165921,202502,0,0.0,-0.15982800910495015,10.282779784467383
6901028165921,202503,0,0.0,-0.045174753017428015,1.6401888537042795
6901028165921,202504,0,0.0,-0.045174753017428015,1.6401888537042795
6901028165921,202505,0,0.0,-0.045174753017428015,1.6401888537042795
6901028165921,202506,0,0.0,-0.045174753017428015,1.6401888537042795
6901028165921,202507,0,0.0,-0.045174753017428015,1.6401888537042795
6901028165921,202508,0,0.0,-0.045174753017428015,1.6401888537042795
6901028165921,202509,0,0.0,-0.045174753017428015,1.6401888537042795
6901028165921,202510,0,0.0,-0.045174753017428015,1.6401888537042795
6901028165921,202511,0,0.0,-0.045174753017428015,1.6401888537042795
6901028165921,202512,0,0.0,-0.045174753017428015,1.6401888537042795
6901028169967,202501,0,3.3410885618165196,0.572458072599747,-3.5899997921271085
6901028169967,202503,0,11.097429832258129,1.8764621295020305,-21.858600112219605
6901028169967,202504,0,0.0,1.8426958358933736,-4.600404357195274
6901028169967,202508,0,0.0,-0.0028869040936173596,-2.0253548514632214
6901028169967,202601,0,-33.42256738264079,2.0075878471392334,36.7761965105601
6901028169967,202602,0,33.42256738264079,0.584786650967086,-52.9129504835513
6901028169967,202603,0,-2.206007247610941,3.4215968927347418,-1.3531708639478364
6901028169967,202604,0,-2.2163595948428707,0.11669213229015085,2.4492640057137054
6901028169967,202606,0,-28.419057742979163,0.5027375066586577,27.023996812600288
6901028172509,202501,0,-0.8869026463178287,4.623026486827282,4.974978227457714
6901028172509,202502,0,-15.599468521762972,7.275323210692362,34.92049671710208
6901028172509,202503,1,15.072667170656374,5.754777792694961,20.208220655944398
6901028172509,202504,0,-1.0299508457985382,6.79010946254862,3.7259183070112196
6901028172509,202505,0,0.6547526811989925,6.481850164535891,-0.45082628434967553
6901028172509,202506,0,1.5421755706150222,8.28790198524882,3.9544119256265553
6901028172509,202507,0,-1.3607392903867819,7.750333958455784,2.821710679097402
6901028172509,202508,0,-1.637423526647673,7.675424942405501,11.372981861866572
6901028172509,202509,1,1.7217721453290835,5.113428215969363,3.263484796236355
6901028172509,202510,0,0.4194479976824539,8.819465586220065,8.500573439879183
6901028172509,202511,0,-1.2172359943916788,6.10902341132738,7.644942814611322
6901028172509,202512,0,2.2250980376222316,6.422904045389359,-5.12856931669951
6901028172509,202601,0,-0.7976292979320547,4.653116834808195,6.15244878383762
6901028172509,202602,0,-2.8085672118699208,8.530140340313245,14.747405769027926
6901028172509,202603,0,1.9675889112749587,6.854038176973333,0.011688807862753947
6901028172509,202604,0,1.0128261648118624,6.449487743441397,0.1278678346440154
6901028172509,202605,0,-0.2354464998128094,5.699406079405277,4.801972002192237
6901028172509,202606,0,-0.47641964344189347,5.031576919843215,-7.3470365297872355
6901028172936,202501,0,-0.5737994223334582,-1.2730338830640977,1.0927799124242767
6901028172936,202502,0,-46.59546997088863,6.812829367413226,118.74696186448455
6901028172936,202503,0,42.07803494943944,5.5642101328004,-108.3135127855265
6901028172936,202504,0,3.171657802444109,-0.8027173944505643,-1.5242367994050543
6901028172936,202505,0,-31.383850860546453,1.3802893556855307,81.07141641767689
6901028172936,202506,0,32.91785437924093,3.2542231794722856,-90.89003982445693
6901028172936,202507,0,-46.78369627057802,-2.586715436416709,95.8482580435295
6901028172936,202508,1,0.0,6.775959802817144,-2.828529612859489
6901028172936,202509,0,0.0,-0.2677319117442468,4.216348147279796
6901028172936,202510,0,0.0,1.3437474179839748,2.223011550507048
6901028172936,202511,0,0.0,-0.8027173944505643,1.7455135123929968
6901028172936,202512,0,0.0,-0.8027173944505643,1.7455135123929968
6901028172936,202601,0,0.0,0.9624529751013061,2.693507214568188
6901028172936,202602,0,0.0,-0.11376722744337445,2.4529245127505086
6901028172936,202604,0,0.0,-0.8027173944505643,1.7455135123929968
6901028172936,202605,0,0.0,-0.8027173944505643,1.7455135123929968
6901028172936,202606,0,0.0,-0.8027173944505643,1.7455135123929968
6901028177153,202501,0,-34.20048179972859,0.62248542992686,74.65397604678161
6901028177153,202502,1,4.78610368128067,8.086315675582613,-1.0694950174500164
6901028177153,202503,0,30.10781687188981,3.5634489143440375,-16.83247432103985
6901028177153,202504,0,-21.440773874346405,2.953177944564067,51.654620196280675
6901028177153,202505,1,21.802966144683808,7.875483775944223,32.89017155829399
6901028177153,202506,0,-0.15379564087644582,3.394236116885721,17.74865479493895
6901028177153,202507,1,-35.10231718263144,6.0046082200958235,-62.849991435175035
6901028177153,202508,1,0.0,6.900534129143997,-5.178429009033319
6901028177153,202509,0,0.0,2.7160209017984362,13.947519989794579
6901028177153,202510,0,0.0,2.7160209017984362,13.947519989794579
6901028177153,202511,0,0.0,4.18698576414305,9.47718485164429
6901028177153,202512,0,0.0,4.8483854950836465,9.34612460425853
6901028177153,202601,0,0.0,4.8483854950836465,9.34612460425853
6901028177153,202602,0,0.0,2.4692414438247035,13.578480669974077
6901028177153,202603,0,0.0,4.8483854950836465,9.34612460425853
6901028177153,202604,0,0.0,4.8483854950836465,9.34612460425853
6901028177153,202605,0,0.0,4.8483854950836465,9.34612460425853
6901028177153,202606,0,0.0,4.8483854950836465,9.34612460425853
6901028177214,202501,0,0.0,-1.2730338830640977,0.22929828648775263
6901028177214,202502,0,0.0,9.512862376368165,5.440451777113478
6901028177214,202503,0,0.0,9.512862376368165,5.440451777113478
6901028177214,202504,0,37.09365504812973,4.008096574026718,-35.29137411932962
6901028177214,202507,0,13.611960076288469,1.9941927996561915,-11.089138560090245
6901028177214,202508,0,-19.71422746469125,5.303119320378001,51.15094850521134
6901028177214,202509,0,-2.4926610997193634,5.232189083823886,-18.784470474319434
6901028177214,202510,0,22.174614385506977,3.044473373507838,-115.57746859817208
6901028177214,202511,0,-50.67334094551457,3.026937487113531,180.09878428542441
6901028177214,202512,0,50.15144992599683,5.1774245718269665,-244.89749250753354
6901028177214,202601,0,-50.15144992599683,0.6872824455016773,55.81074982969807
6901028177214,202602,0,41.31349829566612,4.91328543975869,-259.8077628262238
6901028177214,202603,0,8.621022794989997,0.6872824455016773,-5.919970373708139
6901028177214,202605,1,-1.4311696449845073,2.404184924782579,-2.7256234403076567
6901028177214,202606,1,-8.96425175653799,4.74135503983283,-9.341718816519604
6901028177771,202501,0,0.0,0.62248542992686,6.20210620554654
6901028177771,202502,0,0.0,-0.44976009982492615,11.10048924127731
6901028177771,202503,0,0.0,0.4601370470555741,2.678379711621823
6901028177771,202504,0,0.0,0.4601370470555741,2.678379711621823
6901028177771,202505,0,0.0,0.4601370470555741,2.678379711621823
6901028177771,202506,0,0.0,0.4601370470555741,2.678379711621823
6901028177771,202507,0,0.0,0.4601370470555741,2.678379711621823
6901028177771,202508,0,0.0,0.4601370470555741,2.678379711621823
6901028177771,202509,0,0.0,0.4601370470555741,2.678379711621823
6901028177771,202510,0,0.0,0.4601370470555741,2.678379711621823
6901028177771,202511,0,0.0,0.4601370470555741,2.678379711621823
6901028177771,202512,0,0.0,0.4601370470555741,2.678379711621823
6901028178105,202501,0,0.0,-0.8248571231574959,1.539960198094355
6901028178105,202502,0,0.0,-0.6186459927653359,5.378481020168587
6901028178105,202503,0,0.0,-0.6186459927653359,5.378481020168587
6901028178105,202504,0,0.0,-0.6186459927653359,5.378481020168587
6901028178105,202505,0,25.21172625404357,-0.6186459927653359,-22.870952977067162
6901028178105,202506,0,-25.21172625404357,-0.6186459927653359,33.627915017404334
6901028178105,202507,0,0.0,1.2067376860943315,-1.359938029955682
6901028178105,202508,0,0.0,-0.6186459927653359,5.378481020168587
6901028178105,202509,0,25.625326681263317,4.284662710006595,-18.415833202579325
6901028178105,202510,0,-2.826772462882836,-0.6186459927653359,8.545845337501072
6901028178105,202511,0,0.9774748703187797,1.0633639148434924,-2.1333693258190474
6901028178105,202512,0,2.41199779977957,6.328208382528057,-3.255092611546532
6901028178105,202601,0,-2.107325663765266,4.044248801534137,4.039448766438863
6901028178105,202602,0,0.839362218636154,6.078117049786993,-1.5733714527106204
6901028178105,202603,0,1.229878685197761,1.182556498294456,-3.69357291742179
6901028178105,202604,0,0.12385925459921054,2.607773925792605,3.134102840475661
6901028178105,202605,0,-1.1445120227276533,4.49773426824305,-1.3762889877963982
6901028178105,202606,0,0.2738548969156085,6.061023454013815,-0.13662990044815349
6901028178259,202502,0,0.0,-0.8248571231574959,1.539960198094355
6901028178259,202503,0,0.0,3.2447400847612604,9.371823706753748
6901028178259,202504,0,0.0,4.2053881807917195,8.134841483213473
6901028178259,202505,0,0.0,4.2053881807917195,8.134841483213473
6901028178259,202508,0,0.0,4.2053881807917195,8.134841483213473
6901028178259,202509,0,0.0,4.2053881807917195,8.134841483213473
6901028178259,202511,0,0.0,4.2053881807917195,8.134841483213473
6901028178259,202601,0,0.0,4.2053881807917195,8.134841483213473
6901028178259,202602,0,0.0,4.093144196871325,9.579150141547071
6901028178259,202603,0,0.0,3.3624854504535735,8.800511641625853
6901028178259,202604,0,0.0,4.2053881807917195,8.134841483213473
6901028178259,202605,0,0.0,-1.3608951147129087,5.608767028908861
6901028178648,202501,0,1.095317258620554,-4.111871766247637,-4.674317855231803
6901028178648,202502,0,-49.88957452647864,4.100228412383858,275.12656704077284
6901028178648,202503,1,0.0,5.225450299084015,4.449692754156176
6901028178648,202504,0,0.0,1.0888489624786961,10.75143438967337
6901028178648,202505,0,0.0,4.117955582837394,10.375843920061019
6901028178648,202506,0,0.0,3.338157586702355,9.805296679171162
6901028178648,202507,0,0.0,1.6803667262715951,10.773013276132232
6901028178648,202508,0,0.0,3.0353373546545104,10.900005939567338
6901028178648,202509,0,0.0,3.338157586702355,9.805296679171162
6901028178648,202510,0,0.0,2.2502638074297057,10.54794783561345
6901028178648,202511,0,0.0,3.338157586702355,9.805296679171162
6901028178648,202512,0,48.61850281359807,3.338157586702355,-40.31687116989901
6901028178648,202601,0,-1.5717747249078684,2.633227993793434,11.182611924464394
6901028178648,202602,0,-47.0467280886902,3.6723799877938026,244.9868566853699
6901028178648,202603,1,0.0,4.914091346141978,2.479921742902323
6901028178648,202604,0,49.21214907354813,4.277258968761907,-40.785342467555665
6901028178648,202605,0,1.1647015309595758,0.688149989803736,-1.389022751447028
6901028178648,202606,0,-9.32731879050386,4.053269375775249,25.472646481155103
6901028179270,202501,0,-0.09219102038724714,1.4040467197141147,6.374616771576531
6901028179270,202502,0,0.009647255164125568,14.147488967979896,14.505744679740523
6901028179270,202503,0,0.08333549584210687,9.481940767990217,2.0900073601494373
6901028179270,202504,0,-0.3267900601545577,12.676225517998972,14.634427839294368
6901028179270,202505,0,0.3623825973756425,12.318705641305845,12.490980203638754
6901028179270,202506,0,-14.45601170506388,12.223693138226897,42.213314900204715
6901028179270,202507,0,12.996172566206091,12.175576358180878,-14.284782331782623
6901028179270,202508,0,1.3171144159674384,9.398482956398361,9.238399006551736
6901028179270,202509,0,-0.06504802308953117,10.341828491866256,10.825664887724123
6901028179270,202510,0,-0.04696109782707225,12.450623101214342,12.760234568685137
6901028179270,202511,0,-0.2846277750795494,14.509780024521714,16.28009536099669
6901028179270,202512,0,0.5628108268839114,14.70370188543271,15.141369650417122
6901028179270,202601,0,0.02197291358892528,10.012165815645076,4.283427876051361
6901028179270,202602,0,-0.08075845610962773,14.506565472669832,14.714315787773934
6901028179270,202603,0,0.0032392446913789286,12.59915483611658,9.860883724956322
6901028179270,202604,0,-0.14798277840324658,12.630929468378607,11.697272342459748
6901028179270,202605,0,0.2936294267088684,10.276680053046515,8.227858933897016
6901028179270,202606,0,-0.10290758758281271,11.420175791545315,13.264750115269669
6901028179324,202501,0,-10.595731860098631,0.572458072599747,17.680702716852636
6901028179324,202502,1,-2.5916958873204763,6.832879332662405,-7.03538923038135
6901028179324,202503,0,12.327510003949868,4.03259599417312,-38.26027224596523
6901028179324,202504,0,-50.65872908551371,3.3262474014357637,204.66037560437056
6901028179324,202505,1,45.062750790301735,3.60453669016046,62.40828689748999
6901028179324,202506,0,-27.320306179671896,2.2828065661637194,37.791669109644
6901028179324,202507,1,-17.74244461062984,4.5887703072948245,-24.394531489881487
6901028179324,202508,1,38.311810910324304,4.8221230111652105,43.85533475917741
6901028179324,202509,0,-38.311810910324304,4.8528201537496924,48.296556050266595
6901028179324,202510,1,0.0,3.8308593898676477,-0.5158174217991682
6901028179324,202511,0,0.0,3.3164787077778324,7.984638753463798
6901028179324,202601,0,0.008714440215399577,3.5723808941435125,8.683878466845503
6901028179324,202602,0,0.04439211697554413,5.166287414258016,-21.62017486269699
6901028179324,202603,0,-0.05415093083254874,5.318018415960308,4.3802745723648435
6901028179324,202604,0,-1.7007935924511486,5.03325371850169,3.8600442953286724
6901028179324,202605,0,0.9912373037590498,4.752873131437649,-1.094515128809494
6901028179324,202606,0,-2.3172130685685772,3.5039515090306983,-2.8264959827309624
6901028179348,202501,0,-0.8998102288647729,0.572458072599747,2.8825595016287773
6901028179348,202502,0,-1.5297225119495081,10.184146961247594,12.69602835160558
6901028179348,202503,0,1.0721594708430047,6.05663462499233,0.4144533366760381
6901028179348,202504,0,-17.851653230717545,7.543316776612925,49.3194833724196
6901028179348,202505,1,-28.4294656647919,8.569996575266407,-63.476637246460086
6901028179348,202506,1,47.11690376569634,3.4251288086615914,86.7700094931035
6901028179348,202507,0,0.2015804760249651,1.2627136064412414,6.331955903267642
6901028179348,202508,0,0.061436669816650635,9.136306412891694,9.58942321111514
6901028179348,202509,0,-0.2921819359641802,9.89203308118783,15.343060715959215
6901028179348,202510,0,-0.30619306674635993,8.897122264131063,8.787825308572405
6901028179348,202511,0,-1.7405024505180364,9.739136331448199,16.371554840618394
6901028179348,202512,0,2.313496233015158,9.537953007928518,9.231881502421848
6901028179348,202601,0,-0.4594340937933623,8.63562474352193,6.3685064376870155
6901028179348,202602,0,-1.449452649821339,8.98653975594564,11.454098891348899
6901028179348,202603,0,0.40177800544928033,8.408032868731949,13.255634658634486
6901028179348,202604,0,0.8396212122140412,8.821410424693722,11.838101268672803
6901028179348,202605,0,-0.3961946727117791,8.065235939349657,12.629750262961913
6901028179348,202606,0,0.5746421604454355,8.184090179252117,11.993504432966848
6901028179492,202501,0,18.018863486783616,0.5005357313069361,-45.44397272840751
6901028179492,202502,0,0.1484168287048533,8.95807423246127,5.206566982504924
6901028179492,202503,0,-0.05622528137768512,6.4932520011839125,-0.9352721750319013
6901028179492,202504,0,0.08232918980780823,9.986018310265829,4.677470396829707
6901028179492,202505,0,-0.011543683953270545,9.96644215862833,6.281872238604233
6901028179492,202506,0,0.011543683953270545,9.829023335695979,7.167067688176768
6901028179492,202507,0,0.0,10.034143526506558,6.747216534438653
6901028179492,202508,0,0.0,8.6380920207693,7.7449412407160985
6901028179492,202509,0,-18.193384223918592,9.599642293510383,33.962889693676686
6901028179492,202510,1,0.0,9.340335834096983,-10.959063436678527
6901028179492,202511,0,0.0,2.6270633629971694,4.7022715936051185
6901028179492,202512,0,0.0,2.8126176337113487,4.792148269402897
6901028179492,202601,0,0.0,4.765485860285791,5.481534346670424
6901028179492,202602,0,0.0,4.560039005547307,4.843852780097838
6901028179492,202603,0,0.0,0.9268471208150889,3.271858955517588
6901028179492,202604,0,0.0,1.967347328259538,-2.898814635485319
6901028179492,202605,0,0.0,0.9268471208150889,3.271858955517588
6901028179492,202606,0,0.0,0.9268471208150889,3.271858955517588
6901028180009,202501,0,-33.31342583396634,0.572458072599747,52.35298058077157
6901028180009,202502,1,-6.507217967439253,6.970001460616655,-5.619516401212194
6901028180009,202503,1,31.77718589055769,5.008465259439198,42.99247328122156
6901028180009,202504,0,-31.77718589055769,3.59571513123334,39.54069110659853
6901028180009,202505,1,0.0,3.338383078252714,8.542980436160711
6901028180009,202506,0,0.0,4.450294969321569,8.077971553119243
6901028180009,202507,0,0.0,4.450294969321569,8.075454197512743
6901028180009,202508,0,0.0,4.166574085786419,8.034018295791947
6901028180009,202509,0,0.0,4.00912959482745,8.006635301564076
6901028180009,202510,0,0.0,4.241954991288579,7.976092736123722
6901028180009,202511,0,0.0,4.480075381212633,7.983626736076504
6901028180009,202512,0,38.45290550677575,4.914420057226881,-31.962299618634646
6901028180009,202601,0,0.8298215154271986,4.161632955497406,7.819641720735723
6901028180009,202602,0,-2.818571320056634,4.730411081362486,5.058274374914415
6901028180009,202603,0,2.840053917548474,4.784463491477444,-9.912023757042425
6901028180009,202604,0,-1.0128003755118868,2.4829760262513965,-12.204997984489433
6901028180009,202605,0,-2.3417325385726855,3.342265810211831,-2.901520429551885
6901028180009,202606,0,-2.928204246831001,1.9891512292641411,1.6983234973935346
6901028180580,202501,0,-0.43721003934453506,4.623026486827282,4.255752280377897
6901028180580,202502,0,0.007012245692259,11.062518745731653,13.058622221639823
6901028180580,202503,0,-0.22358298837357893,8.18719241390577,13.865082341099862
6901028180580,202504,0,-0.9800221458425824,11.743510504247881,16.87135233182887
6901028180580,202505,0,0.08101533877916012,10.661122430333242,16.490175321269717
6901028180580,202506,0,1.1909039359000175,10.803767003733094,14.312649297252465
6901028180580,202507,0,-0.03636369078336088,10.787049479744681,15.971890931428359
6901028180580,202508,0,0.19799902111149947,10.812546228848388,13.60858650663842
6901028180580,202509,0,-0.020685581165160727,11.912391820093738,15.065025929689702
6901028180580,202510,0,-0.19633567379012362,10.754850614896693,11.742624854368866
6901028180580,202511,0,-0.3583115339947014,12.299580348537368,14.844809579915218
6901028180580,202512,0,0.662120626417213,11.412095757653056,13.92644848816592
6901028180580,202601,0,-0.2806547080651072,8.153337911193871,16.500924504860517
6901028180580,202602,0,-0.6386904818028043,11.480885692282742,15.429646045900359
6901028180580,202603,0,0.3784184539202826,9.853893520623405,12.491744788559986
6901028180580,202604,0,-0.0710413657389779,9.91148678334045,13.486289116443732
6901028180580,202605,0,-0.024855502086751358,9.188772113982191,14.313507362344014
6901028180580,202606,0,0.5003503797730531,10.899824879628985,14.388235354717898
6901028180603,202501,0,35.102924506157,0.8690426735378418,-89.50061361654478
6901028180603,202502,0,-0.32820654616348577,1.7587018153895693,7.379348163782323
6901028180603,202503,0,0.1005380697675804,10.600011166647496,11.719876695282402
6901028180603,202504,0,0.18890609119363688,12.944868059043483,14.594673058205496
6901028180603,202505,0,-0.10350708095148775,13.459515757411728,14.789591958944436
6901028180603,202506,0,0.1481679896829462,12.890549555648398,15.449586901533849
6901028180603,202507,0,-0.11636461871955106,12.811951891911326,13.18035247628682
6901028180603,202508,0,0.34294006417091794,11.361320476566714,8.60771483901962
6901028180603,202509,0,-0.19832876818781386,13.23987458056759,14.94907755606053
6901028180603,202510,0,-0.21629092760597501,11.738062511377944,11.881511295260244
6901028180603,202511,0,-2.5051911772938595,13.632355064689593,17.068656127275524
6901028180603,202512,0,3.0924435320254133,13.58731782305325,8.141047401755447
6901028180603,202601,0,-35.508031134075324,9.369881732651708,100.63411382633657
6901028180603,202602,1,35.187922736401944,14.72042199445897,62.78299012460326
6901028180603,202603,0,0.18476622228091344,1.7587018153895693,6.850510258169541
6901028180603,202604,0,0.06317667033800234,11.600581486613255,10.575256818031736
6901028180603,202605,0,0.18554769721940545,12.754940734293282,8.918936795818661
6901028180603,202606,0,-0.10142549134690171,15.149059290720356,14.691907969580352
6901028180634,202501,0,0.0,1.6548006353552198,5.235372767595903
6901028180634,202502,0,0.0,3.595388474861032,6.753714220820819
6901028180634,202503,0,0.0,2.941000479469189,7.100409809724296
6901028180634,202504,0,0.0,3.6794782313673284,5.967283066199586
6901028180634,202505,0,0.0,2.8771434092282515,7.817535978238377
6901028180634,202506,0,0.0,3.4315151329988325,7.800656902962792
6901028180634,202507,0,0.0,4.01891758172459,8.075870354779871
6901028180634,202508,0,0.0,3.4315151329988325,7.7766213437329545
6901028180634,202509,0,0.0,3.1116369183771777,7.47587780833198
6901028180634,202510,0,0.0,3.8751199258759654,7.096166616650539
6901028180634,202511,0,0.0,3.2435044588021933,7.189830583453013
6901028180634,202512,0,0.0,3.867310760978697,8.65084001411715
6901028180634,202601,0,0.0,3.87809978940492,7.7462331801670965
6901028180634,202602,0,0.0,3.539490009539736,7.461316958554638
6901028180634,202603,0,0.0,3.274017961272456,6.655621771712845
6901028180634,202604,0,0.0,3.870431314361859,8.402571320524785
6901028180634,202605,0,0.0,3.7780208259907204,7.90477978512516
6901028180634,202606,0,0.0,3.5691272986247244,7.8580313758069975
6901028180788,202501,0,-50.682742918836,-0.8248571231574959,81.15335772420181
6901028180788,202502,0,49.4062664593327,0.18370781197843278,-577.7786837154651
6901028180788,202504,0,-49.4062664593327,2.5013865573022644,59.58038509327874
6901028180788,202508,1,0.0,-0.48583489632362103,8.926189453214999
6901028180788,202511,0,48.52711220676319,2.9841960062259147,-40.61905151831074
6901028180788,202601,0,2.0141365040370545,0.6174125503260282,4.703543511041184
6901028180788,202602,0,0.19953062119009246,6.281170922224576,-84.6661984139296
6901028180788,202603,0,0.311981935067152,1.2289149915457234,-2.702414610712559
6901028180788,202604,0,-0.01023427297226931,0.21533308209818758,0.13871691520149376
6901028180788,202605,0,-0.6217382691553013,0.5341225992181409,-10.968341070160466
6901028180788,202606,0,-4.176780913457321,-1.034151994834827,37.42542657110141
6901028180818,202501,0,-1.4059089630835686,1.8580459907862519,10.850489368954367
6901028180818,202502,0,-0.21601106534684078,8.702953732445916,5.7791942625877635
6901028180818,202503,0,-31.621450613794753,7.848351817386698,89.41155381687177
6901028180818,202504,1,0.0,7.082075802407728,-8.255933169598864
6901028180818,202505,0,0.384413046644422,1.0270317076090765,8.502338613743131
6901028180818,202506,0,30.148177679619238,1.3426083824699038,-22.254455430634575
6901028180818,202507,0,2.409363139075495,0.6925999891547113,-53.283986229834916
6901028180818,202508,0,0.4054437765547334,6.2043247521047995,2.304333465208373
6901028180818,202509,0,-0.8465452330297722,9.321764537315333,6.848190738314436
6901028180818,202510,0,-0.5761583880045222,10.377294650374084,7.653297491781641
6901028180818,202511,0,0.6193755311905988,10.981704809426166,10.644273202143935
6901028180818,202512,0,-1.4403243295414399,9.001983864990045,14.272500030003403
6901028180818,202601,0,-1.2795484637262504,8.352641140858777,15.954119203401788
6901028180818,202602,0,2.6552248721957667,7.3199208150906,4.329675397518357
6901028180818,202603,0,-2.2867252395426476,7.9546074617021905,11.724828243919795
6901028180818,202604,0,2.342760152862539,8.006537570721253,2.6615856801798072
6901028180818,202605,0,-0.5418513827068949,6.871916533708298,5.885591780072485
6901028180818,202606,0,-2.751894512806736,7.2286842348890215,12.850943228466548
6901028181457,202501,0,-0.6716767118729479,-0.8248571231574959,2.5950425001119166
6901028181457,202502,0,-3.8179775059510916,8.210860289329132,3.0054929172747746
6901028181457,202503,1,3.551185405329477,6.945083421348643,4.144795240217897
6901028181457,202504,0,-1.926937269549768,6.651202777485317,0.5105825628072012
6901028181457,202505,1,-3.408227242711554,7.050443462562827,-4.604881379939657
6901028181457,202506,0,5.742816320627121,6.214141926933612,-33.4441728797828
6901028181457,202507,0,-0.25968222490837434,4.691413454650046,-10.576528416270248
6901028181457,202508,0,0.614422832636734,6.146839389685499,-2.636894935877918
6901028181457,202509,0,-0.5800511966964734,5.141654934151936,-6.1734609075895595
6901028181457,202511,1,0.0,5.519487550083187,0.8802427945238769
6901028181457,202601,0,-1.1618412070088198,-1.1420952866032648,7.441069176889577
6901028181457,202602,1,-1.2741329229190796,8.4109562009153,-0.42009303659688424
6901028181457,202603,0,2.280844947066825,5.862204488397185,-9.966113936077312
6901028181457,202604,0,0.00308372232652232,7.127694751484571,-5.138763956394428
6901028181457,202605,0,-0.17424406656293456,7.930226456798803,-0.3697240038979057
6901028181457,202606,0,-0.24479895491930392,7.361809058436196,0.7530005976860217
6901028181815,202501,0,2.45197724362086,0.8893670456242755,-4.775350360720208
6901028181815,202502,0,-35.76887345717381,8.081996029054853,277.82418714196217
6901028181815,202503,1,25.738913510120508,9.512201317090863,33.33331947993385
6901028181815,202504,0,8.484872529263342,4.859297824130156,3.897226015543964
6901028181815,202505,0,0.6765979347087381,6.552055005515933,4.63829789907874
6901028181815,202506,0,-1.0716183619317405,8.148637544449612,-0.621985840666877
6901028181815,202507,0,-3.1085984896610555,8.771121670133851,12.213009355460093
6901028181815,202508,0,4.870348370183429,8.249473476370333,-37.089045849925824
6901028181815,202509,0,-0.4099442686676298,7.4424519611818525,4.587221761855318
6901028181815,202510,0,0.23400872103695036,8.972453779473016,-10.869768288007498
6901028181815,202511,0,-0.8581586879062257,10.059334369252594,8.059603550742086
6901028181815,202512,0,-19.276639298932977,13.406376010732703,84.70277923356741
6901028181815,202601,1,19.60321411595578,7.625917855587937,27.93472562782501
6901028181815,202602,0,0.5039263123162669,6.151384990401613,8.466248913584169
6901028181815,202603,0,-0.8003046726161429,14.374754241219202,12.569530951609726
6901028181815,202604,0,-0.9781122441392114,12.724878709223022,14.183710173285982
6901028181815,202605,0,1.288575507493242,8.094567417863958,-3.6242638533316143
6901028181815,202606,0,0.457231062499055,7.8477297187689805,-12.49563608825654
6901028182560,202501,0,0.002018564765798203,0.8690426735378418,3.337487773311289
6901028182560,202502,0,0.15219756039616072,9.511788790661383,2.282523560752834
6901028182560,202503,0,0.0466696971820042,6.798573514181218,-0.11927392091670175
6901028182560,202504,0,0.017201771693471812,9.177500109183216,4.211015401022557
6901028182560,202505,0,0.0011733212979478935,9.225067879843007,3.973399047810231
6901028182560,202506,0,-0.0016327196686489742,9.539376662315831,3.1832501185188598
6901028182560,202507,0,0.00056390085153879,9.236039904432829,3.5730187057038076
6901028182560,202508,0,0.0017589498269927617,8.31107397437463,0.3510726918542364
6901028182560,202509,0,-0.0017568790870470252,11.104523391477716,3.618587379110611
6901028182560,202510,0,-0.00861626866051779,8.583347135281358,2.444327997166626
6901028182560,202511,0,-0.27784720961247444,9.902608634859664,1.923842961876952
6901028182560,202512,0,0.281436125250238,9.63052972180232,-1.7023006425241114
6901028182560,202601,0,-31.38480492324578,8.445838577663237,75.53486976930023
6901028182560,202602,1,31.390459032493325,10.195552063863062,67.04133581905157
6901028182560,202603,0,9.77104159929354e-05,2.953579310388057,5.808722819522442
6901028182560,202604,0,-0.36738189161939516,11.130878636426559,6.480671017206314
6901028182560,202605,0,0.3647782849008365,11.852324128414445,2.730510764185661
6901028182560,202606,0,-31.38795313619076,11.87425025313644,66.19617540199434
6901028184250,202501,0,0.0,0.572458072599747,1.50924800637386
6901028184250,202502,0,0.0,2.2727603671690124,8.814012085822986
6901028184250,202503,0,0.0,5.296172703890777,8.540740550016661
6901028184250,202504,0,0.0,1.9674194739049677,9.363152538466537
6901028184250,202505,0,0.0,5.296172703890777,8.540740550016661
6901028184250,202506,0,0.0,5.296172703890777,8.540740550016661
6901028184250,202507,0,0.0,5.296172703890777,8.540740550016661
6901028184250,202508,0,0.0,5.296172703890777,8.540740550016661
6901028184250,202509,0,0.0,5.296172703890777,8.540740550016661
6901028184250,202510,0,0.0,5.296172703890777,8.540740550016661
6901028184250,202511,0,0.0,5.296172703890777,8.540740550016661
6901028184250,202512,0,0.0,5.296172703890777,8.540740550016661
6901028184250,202601,0,0.0,5.296172703890777,8.540740550016661
6901028184250,202602,0,0.0,2.222634994763369,8.83538253590249
6901028184250,202603,0,0.0,3.7145708868798435,4.5276147494445915
6901028184250,202604,0,0.0,1.6594473226482815,4.562102191977661
6901028184250,202605,0,0.0,2.5938740440556343,5.551055417857352
6901028184250,202606,0,0.0,0.7249822282626575,5.687944765765648
6901028184304,202501,0,0.02649267533443833,-4.111871766247637,-3.022243128068527
6901028184304,202502,1,-7.704616282217003,5.60311243542953,-5.468663424965712
6901028184304,202503,0,7.704616282217003,3.9600554498548566,-5.228381196341007
6901028184304,202504,1,0.0,4.6765289496584055,-5.8519946008436206
6901028184304,202505,0,0.0,3.947885734288781,5.475443798338982
6901028184304,202506,0,0.0,4.075264549277128,5.439223594567437
6901028184304,202507,0,0.0,4.098170533696002,6.013228406226205
6901028184304,202508,0,0.0,4.123289145467447,5.554236565625137
6901028184304,202509,0,0.0,3.9148612004947645,5.561839390866716
6901028184304,202510,0,0.0,3.671721199906941,6.265711389953664
6901028184304,202511,0,0.0,3.5850582166586493,4.983382089815916
6901028184304,202512,0,-1.938625830308979,2.7643083671625868,6.37176062162655
6901028184304,202601,0,0.24569657316126836,2.743541726567512,4.1556093559554155
6901028184304,202602,0,1.2700575766994007,4.479547004093447,-6.049340484329637
6901028184304,202603,0,-0.38017188111051325,3.189487797741934,-3.163611622480425
6901028184304,202604,0,-0.8030029463371022,5.182070780633674,1.4075035718896634
6901028184304,202605,0,-0.19362767025228322,2.2301721437680047,-3.3303878369714703
6901028184304,202606,1,-6.099288510230366,3.6702681519810127,-8.542830945887248
6901028185912,202501,0,-0.30297495425229215,4.623026486827282,4.041060389273399
6901028185912,202502,0,0.08457102725186871,8.908765965295077,-7.708789796527331
6901028185912,202503,0,0.04864993951844099,6.388499136833687,8.610858539674862
6901028185912,202504,0,-0.1740547299625419,9.030536935569637,11.1790561453843
6901028185912,202505,0,0.061940099782326286,10.206665780482872,10.491519198690597
6901028185912,202506,0,0.15396116822213202,8.931533654195922,11.685087818382
6901028185912,202507,0,0.033552004647781075,9.894055789862287,10.977507089597296
6901028185912,202508,0,-0.03521952335547951,9.606847402525238,8.824765139328548
6901028185912,202509,0,0.05320119876696339,9.408805648068896,9.682388317673617
6901028185912,202510,0,-0.011024647714528157,9.02044753126706,8.050465962687124
6901028185912,202511,0,-0.22447684320364658,10.20051738671474,8.474673727637466
6901028185912,202512,0,0.25581091758066776,10.1749594148003,6.415707305603062
6901028185912,202601,0,-0.2256186794537527,8.190390230565125,14.600392385293503
6901028185912,202602,0,-0.2343132243694015,9.681517258785496,4.87429253052208
6901028185912,202603,0,0.2577923764752441,7.896594452893537,6.992199958707409
6901028185912,202604,0,0.0962543834627212,9.016834627608773,8.4119423177705
6901028185912,202605,0,-0.10890579440413717,9.00169528329455,8.961463994911101
6901028185912,202606,0,0.21567249928709487,9.530065188400412,10.910007973861106
6901028187343,202501,0,-0.08312005761365526,-0.8248571231574959,1.6705267343172698
6901028187343,202502,0,-1.0986932824026923,10.688210694725074,8.770111701821047
6901028187343,202503,1,-33.35584984393544,7.974916090715211,-99.4315939538428
6901028187343,202504,0,34.68045738593426,2.0783227167206366,-63.421616361618504
6901028187343,202505,0,-1.8459399100276386,1.3039833320046128,6.41011227818945
6901028187343,202506,0,-31.385790275745777,9.916599243397144,54.06492715112225
6901028187343,202507,0,32.21026006700691,-0.4633648075930834,-63.439584239563686
6901028187343,202508,0,0.00039492050652967237,-3.3963888226536203,-12.317056772206163
6901028187343,202509,0,-0.5928775643321629,5.805653192272145,3.6104349052925535
6901028187343,202510,0,-33.06650462334212,6.57328825774929,62.174285589210974
6901028187343,202511,0,0.0,-0.186444906967928,-8.975898660248255
6901028187343,202512,0,33.21113808846274,-1.576766124858937,-30.947382860786586
6901028187343,202601,0,1.3281227921241552,-1.576766124858937,1.9217050735830923
6901028187343,202602,0,-2.1706511161866615,7.982834971192252,3.6181738566875197
6901028187343,202603,0,-1.4816242107275812,8.551413213514413,5.673562869810426
6901028187343,202604,0,3.131408746204542,0.1700020040714898,-12.249585817124519
6901028187343,202605,0,0.07259687821912308,0.4976258954488988,-4.279885495000711
6901028187343,202606,0,-0.5354421880353613,8.611589125296025,7.36221116431486
6901028187855,202501,0,-2.4786243656021156,-4.111871766247637,0.8498988647672121
6901028187855,202502,1,1.5127764230518181,6.377131281840116,8.37131840540419
6901028187855,202503,0,0.2450986890953999,5.379126143805367,-25.259830877356396
6901028187855,202504,1,-50.7897287490033,2.6768408679414053,-64.7274538544425
6901028187855,202505,0,0.0,2.4969584248483567,-0.9704916757155919
6901028187855,202506,0,0.0,3.619887318484627,3.1052292068752614
6901028187855,202507,0,0.0,-0.9171034732437521,1.600682849906697
6901028187855,202508,0,48.47534858137843,-0.9171034732437521,-49.347079014276574
6901028187855,202509,0,-48.47534858137843,1.4362153089051872,60.49543494153973
6901028187855,202510,0,0.0,2.9532946501489903,-8.226731100162729
6901028187855,202511,0,0.0,0.7363609900185509,0.5664342263150144
6901028187855,202512,0,0.0,-0.9171034732437521,1.600682849906697
6901028187855,202601,0,50.46866756280484,3.2257374113343626,-49.20561696091848
6901028187855,202602,0,-50.46866756280484,1.3191727386702454,54.861466916917024
6901028187855,202604,0,-3.537543633174735,0.5195657457585285,3.626859953274922
6901028187855,202605,0,0.5235726510826026,3.1506121170425954,-8.989417589995487
6901028187855,202606,0,-7.285278501354249,4.190251428553739,25.430011341783427
6901028188029,202501,0,-4.8540966160644246,-1.2730338830640977,7.533981901272704
6901028188029,202503,1,0.0,6.909306443377621,-1.2909787438821585
6901028188029,202506,1,0.0,6.694555091324398,-0.5288638893814621
6901028188029,202508,0,4.1083555692213025,1.1912505753622127,0.2699942427634916
6901028188029,202509,0,-2.555596370913605,7.050263060390456,18.46160947920821
6901028188029,202511,1,0.0,5.970434100752488,-1.5981316892971371
6901028188029,202601,0,-0.1561044582526563,-1.827833357711667,3.7918605351342114
6901028188029,202602,0,-0.22845076238668582,4.7036112230088305,-10.930094326839853
6901028188029,202603,0,0.27732753333496873,3.9428555745533833,-3.258139825436799
6901028188029,202604,0,-2.054394510109688,5.936009468688028,11.794030902357317
6901028188029,202605,0,1.2767803863923888,5.48114088591811,-4.419920163701875
6901028188029,202606,0,0.1808800899852656,6.081869041752864,2.9516907359470963
6901028188081,202501,0,-0.07520275669138954,1.7685666852184758,6.505121367478661
6901028188081,202502,0,-0.21959086981818388,11.351580534168216,7.0483140436260765
6901028188081,202503,0,-6.747179474194155,10.86667366469805,25.469327398325756
6901028188081,202504,0,7.166950908102535,13.947270914585213,5.0022118386729915
6901028188081,202505,0,-0.05300473406936135,5.613525330910732,4.576788980983647
6901028188081,202506,0,-0.35952912660163605,14.705877065581777,16.91437115058718
6901028188081,202507,0,0.20022041074185637,13.994629265741509,20.312767738145045
6901028188081,202508,0,0.1347450918598625,12.182241693267681,13.991943589570923
6901028188081,202509,0,-0.3459896655219552,15.04464215954402,16.569612788990195
6901028188081,202510,0,-35.25801749457026,12.171578787760765,62.7785254441727
6901028188081,202511,1,0.0,9.369420485522356,-8.463269619480778
6901028188081,202512,0,35.48257774393647,-0.011985267348028239,-28.74207360193196
6901028188081,202601,0,-0.11152428874946452,4.280251713155166,6.148869513115542
6901028188081,202602,0,-0.678937685151169,10.560197909324343,8.76485117425204
6901028188081,202603,0,0.6999514025597193,11.891194825036271,9.471783216244015
6901028188081,202604,0,-0.3327390535456942,10.968744241519254,8.747271636750844
6901028188081,202605,0,-0.22488508094538417,11.462107446148815,15.842202809909162
6901028188081,202606,0,0.4885849532760673,12.105210366875879,13.278276196626603
6901028189057,202501,0,0.0,-0.05308509776044268,5.589400541332373
6901028189057,202502,0,0.0,-0.25189792815627166,4.187334441077911
6901028189057,202503,0,0.0,-0.25189792815627166,4.187334441077911
6901028189057,202504,0,0.0,-0.25189792815627166,4.187334441077911
6901028189057,202505,0,0.0,-0.25189792815627166,4.187334441077911
6901028189057,202506,0,0.0,-0.25189792815627166,4.187334441077911
6901028189057,202507,0,0.0,-0.25189792815627166,4.187334441077911
6901028189057,202508,0,0.0,-0.25189792815627166,4.187334441077911
6901028189057,202509,0,0.0,-0.25189792815627166,4.187334441077911
6901028189057,202510,0,0.0,-0.25189792815627166,4.187334441077911
6901028189057,202511,0,0.0,-0.25189792815627166,4.187334441077911
6901028189057,202512,0,0.0,-0.25189792815627166,4.187334441077911
6901028189989,202503,0,0.0,-0.8248571231574959,1.539960198094355
6901028189989,202504,0,0.0,-1.8200319124469644,5.56054785083742
6901028189989,202505,0,0.0,-1.8200319124469644,5.56054785083742
6901028189989,202506,0,0.0,-1.8200319124469644,5.56054785083742
6901028189989,202507,0,0.0,-1.8200319124469644,5.56054785083742
6901028189989,202509,0,0.0,-1.8200319124469644,5.56054785083742
6901028189989,202510,0,0.0,-1.8200319124469644,5.56054785083742
6901028189989,202511,0,0.0,-1.8200319124469644,5.56054785083742
6901028190374,202501,0,-37.77804308316294,-1.2730338830640977,57.079557796146794
6901028190374,202502,0,0.0,1.6931034025181912,-20.54039526828263
6901028190374,202503,0,50.21214049986493,2.3423058364383227,-49.608424973086734
6901028190374,202504,0,-50.21214049986493,3.1882852051315744,56.61578984939608
6901028190374,202505,0,0.0,2.5579762442843075,-10.550847997364857
6901028190374,202507,0,0.0,1.7996280549687362,1.6692532666951183
6901028190374,202508,0,0.0,4.86119140794078,3.7974524821928517
6901028190374,202601,0,0.5232916582206997,4.018669897095421,3.0803811459608355
6901028190374,202604,0,50.33484330645794,1.8247701277324773,-245.41443657405213
6901028190602,202501,0,0.02581953805807302,0.62248542992686,6.150428697935345
6901028190602,202502,0,-0.4251952165349735,12.225417968945832,13.074632633693192
6901028190602,202503,0,-2.261995569745352,9.8680555101367,12.235176797931715
6901028190602,202504,0,2.7880402501523136,12.104465886212356,10.470367000648192
6901028190602,202505,0,-0.10058454845060538,4.489336212218921,-1.4587858332911323
6901028190602,202506,0,-0.20974421420578437,14.416721708978596,11.824748059246765
6901028190602,202507,0,-0.06248916835349405,12.747591779307607,11.711973708908594
6901028190602,202508,0,0.3496529927231009,11.503797924356444,5.876581111837064
6901028190602,202509,0,0.03876491418360217,7.6319118076888905,-1.3191748798105185
6901028190602,202510,0,-1.4089919698757143,12.942881238490834,11.32941548408787
6901028190602,202511,0,1.3943709974822696,14.007271381200093,8.240428094878954
6901028190602,202512,0,-0.07362186680236249,4.196246492613573,1.3449966991285223
6901028190602,202601,0,-0.048986400346812786,12.348493262368859,7.7102163791715945
6901028190602,202602,0,-0.6876720409788177,12.508314667086841,12.516947248403191
6901028190602,202603,0,0.33616847262556604,13.28621633634791,15.274211352895804
6901028190602,202604,0,0.5048379886828229,11.698409656365063,14.59038489506341
6901028190602,202605,0,0.027538685982612776,11.268969310569545,7.001177293076031
6901028190602,202606,0,-0.13160201686084605,13.195978762333056,10.242544775056334
6901028191142,202501,0,0.0,2.481394099527697,2.628762731379274
6901028191142,202502,0,0.0,3.848663512592017,10.623104237373058
6901028191142,202503,0,0.0,3.848663512592017,10.623104237373058
6901028191142,202504,0,0.0,3.3622845783823725,12.383493530205167
6901028191142,202505,0,0.0,3.848663512592017,10.623104237373058
6901028191142,202506,0,0.0,3.848663512592017,10.623104237373058
6901028191142,202507,0,0.0,3.848663512592017,10.623104237373058
6901028191142,202508,0,0.0,3.848663512592017,10.623104237373058
6901028191142,202509,0,0.0,3.848663512592017,10.623104237373058
6901028191142,202510,0,0.0,3.848663512592017,10.623104237373058
6901028191142,202511,0,0.0,3.848663512592017,10.623104237373058
6901028191142,202512,0,0.0,3.848663512592017,10.623104237373058
6901028191142,202601,0,0.0,3.848663512592017,10.623104237373058
6901028191142,202602,0,0.0,3.848663512592017,10.623104237373058
6901028191142,202603,0,0.0,7.063204561605481,10.514213901642673
6901028191142,202604,0,0.0,3.4654873424216905,12.25989098663604
6901028191142,202605,0,0.0,5.897347655546373,13.275531247773127
6901028191142,202606,0,0.0,5.83896639801734,12.8573003204772
6901028193504,202501,0,-2.973326142162094,4.623026486827282,8.311946395353996
6901028193504,202502,0,3.02768977408968,7.792176981782681,-9.128551339918854
6901028193504,202503,0,5.232374469952234,7.528158417431865,-6.439541003912028
6901028193504,202504,0,-44.95519140508933,7.62596949189766,107.84942139472685
6901028193504,202505,0,0.0,7.151877469125539,-10.707827294525611
6901028193504,202506,0,24.28465139427083,3.1718450509020286,-18.439002973729448
6901028193504,202507,0,18.94018248547146,2.568101056163823,-8.44493844526091
6901028193504,202508,0,1.6823915527197997,5.823630884191952,5.693850620813871
6901028193504,202509,0,-1.6949087892981964,8.611685797138566,7.255196242711092
6901028193504,202510,0,-8.488018917263148,6.840409270242958,17.814581796191412
6901028193504,202511,0,-34.72429772590075,8.205414893425244,88.132427151406
6901028193504,202512,0,39.86581110041518,4.964937592445667,-106.11979147622209
6901028193504,202601,0,5.14139567986475,4.109547727214509,1.597505150562939
6901028193504,202602,0,-3.1896002318730012,7.07988279272462,12.846441639962835
6901028193504,202603,0,-3.9488227403112006,7.3703733711028825,10.740943025917195
6901028193504,202604,0,-8.374615173029376,5.575391430545113,24.05649915638388
6901028193504,202605,0,14.379159128659857,6.5286205489212605,-31.49665338201024
6901028193504,202606,0,-0.9068336523757523,4.542909894441275,-1.1947019640990444
6901028196024,202503,0,7.023714132376028,-0.8248571231574959,-9.49302091395936
6901028196024,202504,0,0.0,-1.3490956417362618,-14.681493634501663
6901028196024,202508,0,0.0,-0.38789868923287124,8.525103334359569
6901028196024,202510,0,0.0,3.4507351896201346,3.176160996423608
6901028196024,202602,0,-4.539412810556755,-0.38789868923287124,26.139822151158654
6901028196024,202603,0,-1.999879714452831,3.4507351896201346,6.015529482382282
6901028196024,202604,0,3.47945581185364,-0.8652624262385771,-6.170506136608157
6901028196024,202605,0,1.2073950714764834,-1.220810250175105,-17.354205547240618
6901028204026,202501,0,0.0,-4.111871766247637,-2.981293583999844
6901028204026,202505,0,0.0,-0.03877299518766952,1.9386335724237538
6901028204026,202506,0,0.0,-0.03877299518766952,1.9386335724237538
6901028204026,202508,0,33.9643253439523,-0.03877299518766952,-33.13693782273677
6901028204026,202509,0,-33.9643253439523,0.5216344081055275,45.2431339434804
6901028204026,202510,0,0.0,4.070560424122313,12.455446235688486
6901028204026,202511,0,36.19599286911618,-0.03877299518766952,-35.44162112842431
6901028204026,202604,0,-18.925598384705076,-0.03877299518766952,21.48344038417039
6901028204026,202605,0,18.97119424116007,4.94603089119139,-34.31378823064689
6901028204026,202606,0,-10.577636835330708,3.9748243716017972,31.950840331695833
6901028204835,202501,0,1.6405113581619872,-4.111871766247637,-5.517020584319229
6901028204835,202503,1,48.837159102596736,7.026230054978953,62.3941434763756
6901028204835,202504,0,7.51651799074304,0.7492543576041185,0.3368677759010694
6901028204835,202507,0,4.113605760019887,3.397645679438083,-3.194077970347995
6901028204835,202508,0,2.133833695941476,6.202470121179371,-13.476938904405293
6901028204835,202509,0,0.6426880202759833,6.578665849859756,4.410975227674273
6901028204835,202510,0,-1.756712430227381,4.463527838001736,9.974228944069482
6901028204835,202512,0,0.0,5.272951023081398,1.5156137992696053
6901028204835,202601,0,0.0,-0.5003556708577702,-1.3004761955804185
6901028204835,202602,0,0.0,0.6067772935181114,0.1916455776619077
6901028204835,202603,0,0.0,-0.21703930752350428,-1.0754351874343469
6901028204835,202604,0,0.0,-0.2538796251884392,-1.2805751028715582
6901028204835,202605,0,0.0,1.142472039143496,-2.0614970310215623
6901028204835,202606,0,0.0,-1.2108978455127177,-0.5371082897825632
6901028207089,202501,0,0.0,1.7685666852184758,6.357423075115749
6901028207089,202502,0,0.0,6.7647216697960255,9.251604018839659
6901028207089,202503,0,0.0,10.28869140808137,7.644221296731912
6901028207089,202504,0,0.0,10.28869140808137,7.644221296731912
6901028207089,202505,0,0.0,10.28869140808137,7.644221296731912
6901028207089,202506,0,0.0,10.28869140808137,7.644221296731912
6901028207089,202507,0,0.0,10.28869140808137,7.644221296731912
6901028207089,202508,0,0.0,10.28869140808137,7.644221296731912
6901028207089,202509,0,0.0,10.28869140808137,7.644221296731912
6901028207089,202510,0,0.0,10.28869140808137,7.644221296731912
6901028207089,202511,0,0.0,10.28869140808137,7.644221296731912
6901028207508,202501,0,-44.69317558475458,-1.2730338830640977,67.48578970164145
6901028207508,202502,1,44.27102800478814,4.026044174647702,71.54921268621958
6901028207508,202503,0,0.38285931384213256,2.634429746110753,5.520020660211324
6901028207508,202504,0,-0.07930301726498357,2.7293379644870637,-10.732568636623974
6901028207508,202505,1,0.11864517930023055,7.154059719502416,-1.885849101432326
6901028207508,202506,0,-1.0375340706831082,4.478057876529586,1.4475494277124952
6901028207508,202507,1,-3.0230257587526808,5.709667101403761,-6.685855634961102
6901028207508,202508,0,-40.63266965122973,2.9307387552138615,102.91286694126445
6901028207508,202509,1,44.60965636920562,3.1512017693337997,156.22769935140383
6901028207508,202510,0,-1.0117808951095384,2.5487192467724884,6.465519286887453
6901028207508,202511,1,0.5779958073527993,5.365122955226969,-1.0512441788176954
6901028207508,202512,0,0.4142682484157092,2.681294106104946,-3.730134945547318
6901028207508,202601,0,0.005527260227623287,1.1869284901749737,-8.9242070089887
6901028207508,202602,0,-2.760993401618684,5.151536168243708,1.5452888230524968
6901028207508,202603,1,0.7231297241094481,4.672184864194965,-2.961418525348471
6901028207508,202604,0,-0.3362749122511417,6.053221737025928,2.6820476846995547
6901028207508,202605,0,0.46542988549356323,4.525529944187877,-7.885002435130257
6901028207508,202606,1,1.2385637338257922,1.4997419518065875,2.688907382225331
6901028207829,202501,0,0.0,-4.111871766247637,-2.981293583999844
6901028207829,202502,0,0.0,0.448203457459148,6.476030350022012
6901028207829,202503,0,0.0,0.448203457459148,6.476030350022012
6901028207829,202504,0,0.0,0.448203457459148,6.476030350022012
6901028207829,202505,0,0.0,0.448203457459148,6.476030350022012
6901028207829,202506,0,0.0,0.448203457459148,6.476030350022012
6901028207829,202507,0,0.0,0.448203457459148,6.476030350022012
6901028207829,202508,0,0.0,0.448203457459148,6.476030350022012
6901028211352,202501,0,-7.102208619949472,1.8580459907862519,23.160882566918616
6901028211352,202502,1,6.204279376554048,10.531797074034065,0.2258807319429259
6901028211352,202503,0,0.6535985328561438,5.424056816710225,9.508721481655241
6901028211352,202504,0,0.40674739484263256,11.703913264139988,13.006481555892162
6901028211352,202505,0,-1.6150964679238768,13.655805271334167,21.948408425864006
6901028211352,202506,1,1.5300723207540727,13.599139399299663,-6.311214723475846
6901028211352,202507,0,0.012704202194235847,8.628120593211333,14.118333401731094
6901028211352,202508,0,-0.05408237537745464,13.923432231311274,12.711807243163808
6901028211352,202509,0,-0.11075111465969911,12.80982572755375,16.43704470189609
6901028211352,202510,0,-0.0328557294616445,13.365112707840897,16.36568867506336
6901028211352,202511,0,-39.47767230152584,9.34615693026598,102.4188971805378
6901028211352,202512,1,39.81206228214254,12.301643064129491,60.512839699716224
6901028211352,202601,0,-0.8044236155458933,3.3971239905475743,11.927494353409458
6901028211352,202602,0,0.8375067290310625,14.502445523138002,9.765344453937214
6901028211352,202603,0,-0.2485319571282787,10.49784697211433,13.720002176271489
6901028211352,202604,0,0.24563488964470537,13.96316659548643,12.494800574180388
6901028211352,202605,0,0.10503606118458464,11.264800233247923,11.3534318240229
6901028211352,202606,0,-0.41423338933763176,13.716819660963143,18.329407356276576
6901028212137,202501,0,-46.32513605103516,-0.8248571231574959,74.30834761130613
6901028212137,202506,0,0.0,-1.0123801178039484,23.23321924038212
6901028212137,202508,0,0.0,-2.0459319115878185,5.699161974172702
6901028212137,202510,0,50.298381108315326,4.749646687873108,-43.792852001507136
6901028212137,202511,0,-50.298381108315326,1.8356723508295907,59.4258402440748
6901028212229,202501,0,-49.826480317178806,4.623026486827282,83.24758834866797
6901028212229,202502,1,0.0,5.233458402436507,1.9193905266459765
6901028212229,202503,0,0.0,4.869938477955808,12.5881061777301
6901028212229,202504,0,0.0,5.955572052982972,12.672334013292602
6901028212229,202505,0,0.0,4.673067939113665,8.708988823034373
6901028212229,202507,0,0.0,5.0034951475927345,12.58084045160468
6901028212229,202508,0,48.215277278292135,3.8556099185734602,-42.669656617187506
6901028212229,202510,0,1.8180016628033684,4.465579239799235,9.924962393674171
6901028212229,202601,1,0.5566030676573064,6.31797617583411,7.367280584215998
6901028212229,202602,0,-0.4502976754919672,4.146833400792695,3.7875580795090493
6901028212229,202603,0,-0.23195808362609682,0.47373407252346733,-2.0630205562785386
6901028212229,202604,0,1.2051923416939303,1.7966607031944128,-5.643660848003134
6901028212229,202605,0,-1.0260016752038865,2.1630416345258894,-4.217242339106823
6901028216166,202501,0,-1.4223882573374382,-1.2730338830640977,2.3697781778128926
6901028216166,202502,0,0.819361120938801,8.885268034428876,0.3738955500514054
6901028216166,202503,0,-1.2461587959173386,7.3160743982394925,10.11260268603026
6901028216166,202504,0,0.5838293849392429,9.484125354073296,11.872720484566072
6901028216166,202505,0,-35.0313150404608,7.496394728718794,70.37967430492054
6901028216166,202506,0,35.247414441466205,8.765410430525966,-42.32415113550242
6901028216166,202507,0,-0.3955161448899176,8.418842062808098,7.139998388646991
6901028216166,202508,0,0.7107584577935384,10.504892743145597,12.997574235257026
6901028216166,202509,0,-1.4682978894743357,6.777074727125534,5.388221964819215
6901028216166,202510,0,1.89604206604389,8.18410580508363,6.786295035895712
6901028216166,202511,0,-1.6613851376308872,5.9982754277470125,10.229445877063508
6901028216166,202512,0,1.4363039650045977,8.655544212491336,9.282355732408316
6901028216166,202601,0,-1.056414784089462,6.403619433938055,12.261598313014268
6901028216166,202602,0,-0.41933702663186523,8.041722447956218,7.947104889893996
6901028216166,202603,0,0.5133474952275421,6.917241274802419,2.9610530771785535
6901028216166,202604,1,0.9046213196211212,6.924252203415108,-11.927833969818899
6901028216166,202605,0,0.4527762950701586,6.599726009449434,0.9019887174607812
6901028216166,202606,0,-0.8691363939035099,7.498131843309078,1.2409511328473428
6901028218153,202501,0,-50.728287331492524,-0.8248571231574959,81.22489973675081
6901028218153,202506,0,0.0,2.7002348544881776,-16.942153584523098
6901028218153,202508,0,0.0,-2.0459319115878185,5.699161974172701
6901028218153,202509,0,0.0,4.749646687873108,8.061149141085984
6901028218153,202510,0,0.0,3.7262249294879948,8.193626611367561
6901028218153,202601,0,18.19204429991472,-2.0459319115878185,-13.357410664984489
6901028218153,202602,0,32.81936933044246,4.749646687873108,-25.773252230504184
6901028218153,202603,0,0.4224302013379315,-0.8428697979015665,-279.8479133815382
6901028218153,202605,0,0.09153380155294144,0.15287755918226936,-14.195091430475227
6901028218153,202606,0,0.0,0.8134718191297182,-23.883197301638983
6901028218184,202501,0,-1.2080296224677909,-4.111871766247637,-1.1140505956250317
6901028218184,202502,0,0.3543171745026612,5.17891887415468,-15.97205479258661
6901028218184,202503,0,-42.789395863052405,4.174166262778259,108.52673286946467
6901028218184,202504,0,0.0,3.7591879114437265,2.7791841515679567
6901028218184,202505,0,0.0,0.8192358299843893,1.6517090150144407
6901028218184,202506,0,0.0,-0.03877299518766952,1.9386335724237538
6901028218184,202507,0,0.0,0.5216344081055275,10.228365547653285
6901028218184,202508,0,42.05505574912466,2.640290364492459,-32.38469975654728
6901028218184,202509,0,-42.05505574912466,0.7717775824273421,53.31582515865999
6901028218184,202512,0,0.0,4.80615608482319,-13.297079083605801
6901028218184,202601,0,0.0,0.813990772973269,2.13489625670832
6901028218184,202602,0,0.0,3.671359106019608,11.1984695324944
6901028218184,202603,0,0.0,0.021719325352097085,1.8009827667237768
6901028218184,202606,0,0.0,2.274187325084676,1.6438146391599613
6901028218603,202501,0,-1.035750119663092,-4.111871766247637,-1.3803418253016861
6901028218603,202502,1,0.2086609391639911,7.132144589518697,6.913611848953374
6901028218603,202503,1,0.5768146621973642,5.060933117543608,4.506757350656238
6901028218603,202505,1,0.0,7.429303603223938,4.118526001699393
6901028218603,202506,0,36.601624053698735,3.338157586702355,-27.928336365879076
6901028218603,202507,0,12.089966005187783,3.338157586702355,-2.6585858004038725
6901028218603,202508,0,-5.142696405475306,6.060018636675768,15.665821429059926
6901028218603,202509,0,-43.54889365341121,4.806957717815201,142.0274561615944
6901028218603,202510,1,0.0,7.0322130801951435,4.966316123505431
6901028218603,202511,0,0.0,3.338157586702355,9.805296679171162
6901028218603,202601,0,-0.5850030403118041,3.338157586702355,10.408392597018384
6901028218603,202602,0,0.39292530512710755,6.85817520932681,-25.448018819822366
6901028218603,202603,0,0.039891471366516384,7.398248661154731,2.792451759418375
6901028218603,202604,0,0.15596770915342972,6.857019692374589,-5.916073762883766
6901028218603,202605,0,-0.6377987740861215,5.452644010858823,-2.4030815458078543
6901028218603,202606,0,-1.3773512818176812,6.34917311849039,-0.2480468519088488
6901028218634,202501,0,0.10834275847231822,0.572458072599747,1.3438927449368157
6901028218634,202502,1,0.0,4.492117631252533,6.7334277101101625
6901028218634,202503,0,-0.6144224114519403,2.1734291806353117,0.40122243943180536
6901028218634,202504,0,0.6144224114519403,1.974702690689513,-2.0306338283324816
6901028218634,202505,1,0.0,-0.10396254373513747,9.397086377114025
6901028218634,202506,0,0.0,1.6104454925746783,-0.1257879972465803
6901028218634,202507,0,0.0,2.3910957632115295,-0.3215950582028766
6901028218634,202508,0,0.0,2.1773853388977407,-0.8407165210945129
6901028218634,202509,0,0.0,3.1102673877716853,-1.725066131706092
6901028218634,202510,0,0.0,3.1102673877716853,-1.725066131706092
6901028218634,202511,0,0.0,3.1102673877716853,-1.725066131706092
6901028218634,202512,0,-0.5916494887907504,3.1102673877716853,-0.7025621302858716
6901028218634,202601,0,-0.7970281524223424,3.1102673877716853,-0.3476213936702579
6901028218634,202602,0,-3.1811618222658495,2.011247937173384,-3.4522868810580296
6901028218634,202603,1,4.190185655695416,3.48273280773952,12.284968250406415
6901028218634,202604,0,0.37965380778352653,1.8094478123530018,-9.40958398025063
6901028218634,202605,1,-9.821835812657213,1.2063453393243089,-7.87245727732329
6901028218634,202606,0,9.233101703517576,2.0755497251983996,-21.314062572666934
6901028218757,202501,0,-0.5063581176472312,-0.8248571231574959,2.3353569700365933
6901028218757,202502,0,0.3999670103044082,5.511379710959722,-2.6108942117295966
6901028218757,202503,0,-46.425795074185174,0.5831864663017046,143.3993861656221
6901028218757,202504,0,42.46694715938243,2.7270848525301252,-118.32639584382706
6901028218757,202505,0,2.2486295190683876,-2.1312517979293317,2.0113413163717606
6901028218757,202506,0,1.4180264391759252,4.3261547422854125,-7.369025134624116
6901028218757,202507,0,-46.13360311762675,1.2610003367776699,123.17574587926273
6901028218757,202508,1,0.0,2.8828940286989093,2.8152425128468668
6901028218757,202509,0,0.0,-0.10078019155461482,6.476497868447732
6901028218757,202510,0,0.0,1.8926442068943252,4.962988268603322
6901028218757,202511,0,0.0,2.9548781222171816,6.753060037878031
6901028218757,202512,0,0.0,-2.1312517979293317,4.329516078297933
6901028218757,202601,0,46.832062649779914,-2.1312517979293317,-43.95096088023806
6901028218757,202602,0,-1.1136662311828616,2.699948441990572,7.923241501448828
6901028218757,202603,0,-1.1307241827278958,6.084219513562367,-1.4250204371665287
6901028218757,202605,0,-30.699030711119317,3.6352758667926475,84.00137040628691
6901028218757,202606,0,32.503687034047445,0.9619053507066065,-91.95462200444655
6901028218788,202503,0,0.0,-1.2730338830640977,0.22929828648775263
6901028218788,202504,0,0.0,1.133589396804346,2.981804035756356
6901028218788,202505,0,0.0,1.133589396804346,2.981804035756356
6901028218788,202508,0,0.0,1.133589396804346,2.981804035756356
6901028218788,202510,0,0.0,1.133589396804346,2.981804035756356
6901028218900,202601,0,-12.554549772062572,0.572458072599747,20.670296599337373
6901028218900,202603,0,13.047433330864465,-1.163069645008925,-54.75379825122408
6901028218900,202604,0,-1.1203718991076244,2.924744448294937,-17.277884257815582
6901028218900,202605,0,-0.30790343288968813,0.06227692781143701,-5.4609037640231115
6901028218900,202606,0,-0.26911848465911703,0.6443239326813113,-1.160785303321326
6901028219174,202501,0,-0.7087701107529938,4.623026486827282,4.690077965343874
6901028219174,202502,0,-0.4362426934388566,7.847708378948244,2.7069110632528837
6901028219174,202503,0,-17.48053563744633,6.303363694005538,41.26449008451087
6901028219174,202504,1,16.362763286117662,6.476755964058815,25.52204843747287
6901028219174,202505,0,0.6614129245760267,4.410758899760277,10.885953399070422
6901028219174,202506,0,-5.9994951677526345,5.555490286972256,17.893054907701703
6901028219174,202507,1,-11.024681042941054,5.658159155249709,-35.529386286534546
6901028219174,202508,1,17.91999865017413,6.479600018461327,37.08401549909963
6901028219174,202509,0,-14.294448180968416,4.900438385046824,26.345039385577643
6901028219174,202510,1,-3.625550469205713,7.850804017308166,-16.135340022783904
6901028219174,202511,0,0.0,7.00714771827694,8.171436912686678
6901028219174,202512,0,18.42270526615713,2.3374201067425466,-14.66870639426696
6901028219174,202601,0,-1.0513949862318412,2.733976901204199,9.846192240932814
6901028219174,202602,1,-0.1545676787656447,6.670430078209699,-6.966727913879424
6901028219174,202603,0,-2.384332516516835,6.903042768133089,12.978608943563362
6901028219174,202604,0,2.185235108207536,8.371577986450395,6.855622718258595
6901028219174,202605,0,-0.7460209827594042,7.228881528068622,10.994080383310088
6901028219174,202606,0,1.2079573575261975,5.601828687450078,4.441360506637283
6901028219839,202501,0,0.0,0.572458072599747,1.50924800637386
6901028219839,202502,0,0.0,3.065009797735998,4.565317615163309
6901028219839,202503,0,0.0,0.9694548310844617,4.076545044668511
6901028219839,202504,0,0.0,0.9694548310844617,4.076545044668511
6901028219839,202505,0,0.0,0.9694548310844617,4.076545044668511
6901028219839,202506,0,0.0,0.9694548310844617,4.076545044668511
6901028219839,202507,0,0.0,0.9694548310844617,4.076545044668511
6901028219839,202508,0,0.0,0.9694548310844617,4.076545044668511
6901028219839,202509,0,0.0,0.9694548310844617,4.076545044668511
6901028219839,202510,0,0.0,0.9694548310844617,4.076545044668511
6901028219839,202511,0,0.0,0.9694548310844617,4.076545044668511
6901028221351,202501,0,-1.6114406905735734,1.0332057384802207,11.570788751798453
6901028221351,202502,0,-30.699505664429857,5.295067066811243,129.44895800998034
6901028221351,202503,1,24.944840118809587,6.109265579496387,36.61598730876935
6901028221351,202504,0,6.501659379607432,2.348805916484276,-17.325164184822878
6901028221351,202505,0,-12.69553020192258,3.55463932514935,31.626352820124545
6901028221351,202506,0,11.953325292109248,4.754652473100763,-44.94757591709866
6901028221351,202507,0,-22.269201264976978,2.1209865657738396,69.30409185334382
6901028221351,202508,1,0.0,4.946735314991056,3.6720296911098034
6901028221351,202509,0,0.0,5.714398606049655,5.177830452543252
6901028221351,202510,0,0.0,2.10806275674424,3.0611370092284442
6901028221351,202511,0,0.0,2.2674728661840247,2.5544177794940843
6901028221351,202512,0,0.0,2.3344401303797255,3.1435743994358845
6901028221351,202601,0,0.0,1.278410453729336,2.3760520815528876
6901028221351,202602,0,0.0,1.9924252120138457,2.5779700408833297
6901028221351,202603,0,0.0,1.0331776697539685,3.151186534526178
6901028221351,202604,0,0.0,1.0331776697539685,3.151186534526178
6901028221351,202605,0,0.0,1.0331776697539685,3.151186534526178
6901028221351,202606,0,0.0,1.0331776697539685,3.151186534526178
6901028221450,202501,0,-0.31313869438157127,0.572458072599747,1.9871676329887693
6901028221450,202502,0,-22.459947192007128,8.425213437148589,57.198278321025725
6901028221450,202503,1,21.942781368752073,6.167410469293352,33.17389514031855
6901028221450,202504,0,-1.303287000196761,2.9177884420342712,3.542613237729813
6901028221450,202505,0,-44.66528333344863,6.618526100026899,114.38770397326611
6901028221450,202506,1,40.2578809298724,4.896991791621691,64.31368487365627
6901028221450,202507,0,5.458475586734146,1.2933381689899592,0.9503244909559152
6901028221450,202508,0,-0.8702568854431547,3.533673853787602,2.6435741728833646
6901028221450,202509,0,1.730626458383007,2.975639780482758,-2.979291164798096
6901028221450,202510,0,-6.126561615866002,3.9220302124381194,15.38662152743871
6901028221450,202511,0,4.294887394650665,5.8048792620386305,-12.687727120993651
6901028221450,202512,0,1.9418775289338726,2.8930408510403978,-6.721282994989552
6901028221450,202601,0,-1.7735291381674685,2.71260455768437,-0.4392758451908447
6901028221450,202602,0,-0.21549365186410085,7.072084099643226,0.9654560066711539
6901028221450,202603,0,1.3906647140060429,5.7382788729697705,0.25838932265499137
6901028221450,202604,0,0.684165115318649,5.083810228207156,5.18399046785449
6901028221450,202605,0,-0.3358506131886756,6.624877173280834,3.855671852743285
6901028221450,202606,0,-3.58953187757772,7.287128482298423,13.177487353999297
6901028224079,202501,0,0.9137871629758081,-0.05308509776044268,3.8298251594215973
6901028224079,202502,0,-1.7088053991664012,5.965504349434764,10.359631571076848
6901028224079,202504,0,1.4311937181703698,6.914574993884823,4.57147795349583
6901028224079,202505,0,-0.14952834874814158,4.436192280809917,0.6694519599490008
6901028224079,202506,0,-9.964465295419636,9.096393151603069,21.90801090081377
6901028224079,202507,0,9.799524260406429,9.352382397460342,-12.052430556138365
6901028224079,202508,0,0.6560033136874921,2.700586951465955,-2.0706161612137874
6901028224079,202509,0,-0.9793328441433218,6.967236115604053,5.848981548028758
6901028224079,202510,0,-1.9944753645336348,10.476781855621132,13.676975296449724
6901028224079,202511,0,1.5776108885866478,7.483378413332476,2.731064970566968
6901028224079,202512,0,0.644340537610276,3.665823536004378,-1.9037897232133258
6901028224079,202601,0,-0.40086208039515725,5.2574069826609655,6.01702350621641
6901028224079,202602,0,-2.8809643723172655,7.4281868131624025,12.382412126721015
6901028224079,202603,0,2.537039660294667,7.02054331618463,2.269738863784967
6901028224079,202604,0,0.9768246291667566,1.8044998674714905,-2.034659435015173
6901028224079,202605,0,-0.5072509164920618,5.392756786226926,5.711886595684568
6901028224079,202606,0,-1.4961367496927878,7.932617038968613,5.551528417900855
6901028224642,202501,0,-2.7676316635809144,4.623026486827282,7.9829643221054045
6901028224642,202502,0,-0.7018228042085681,8.605498652353134,11.8468502254748
6901028224642,202503,0,3.4977994845902813,7.375781098156844,-2.184642730379286
6901028224642,202504,0,-1.1072553758856145,5.996161544338697,0.9532432927890637
6901028224642,202505,0,-3.415523158210789,8.79383136075735,9.991295992487991
6901028224642,202506,0,4.0985209518572105,6.392593488030779,-2.3462830976003777
6901028224642,202507,0,-0.4766836091048674,5.3106443382717385,0.3532320320266624
6901028224642,202508,0,-0.758932411270834,1.995368871992496,1.5762817720319893
6901028224642,202509,0,1.7233332312328855,3.2084113198933806,-2.81990297449302
6901028224642,202510,0,-0.949389735396359,4.95881136475803,1.1482208230775135
6901028224642,202511,0,-0.7697496623080013,8.203059378466987,5.139029039747955
6901028224642,202512,0,1.8343293435181067,7.468649516597447,-2.331527856057029
6901028224642,202601,0,-0.8159310054632058,6.622381126564771,6.34542349163778
6901028224642,202602,0,-15.044468522414082,8.701419119104802,32.62181776663333
6901028224642,202603,0,14.417857727428032,7.560177041977432,-17.191091394230202
6901028224642,202604,0,0.7717875356478459,3.0082931687960155,-6.436971363139441
6901028224642,202605,0,-1.3972059167596598,5.887737511397251,3.529240923600704
6901028224642,202606,0,0.21298243739703082,5.905007162153473,1.6268625447412002
6901028225113,202501,0,0.0,-0.8248571231574959,1.539960198094355
6901028225113,202502,0,0.0,2.043432973220954,11.16967027317003
6901028225113,202503,0,0.0,6.918423309736588,10.560903942656724
6901028225113,202504,0,0.0,6.918423309736588,10.560903942656724
6901028225113,202505,0,0.0,6.918423309736588,10.560903942656724
6901028225113,202506,0,0.0,6.918423309736588,10.560903942656724
6901028225113,202507,0,0.0,6.918423309736588,10.560903942656724
6901028225113,202508,0,0.0,6.918423309736588,10.560903942656724
6901028225113,202509,0,0.0,6.918423309736588,10.560903942656724
6901028225113,202510,0,0.0,6.918423309736588,10.560903942656724
6901028225113,202511,0,0.0,6.918423309736588,10.560903942656724
6901028225175,202501,0,-2.2604233310571544,0.62248542992686,10.726317430104297
6901028225175,202502,0,1.9958009251858257,10.781522392974386,4.304747068317987
6901028225175,202503,0,0.21485071665353672,5.819442501038938,1.9516652144530084
6901028225175,202504,0,-0.3301427113049158,11.555351956848359,15.593249387769543
6901028225175,202505,0,-0.7858251597123598,12.048530173333509,13.837631311951672
6901028225175,202506,0,-9.246248103344413,11.683092228295624,32.51215289351009
6901028225175,202507,0,10.268512854666952,3.646026320668053,-21.12541997486892
6901028225175,202508,0,0.2368962716930838,2.384830757458379,-3.6710689867042494
6901028225175,202509,0,-1.3739537121145062,10.443715785739727,11.24012443535102
6901028225175,202510,0,1.0307392059175697,12.086327532559087,7.095967867482936
6901028225175,202511,0,0.16793644995988188,6.193398399381648,-1.2453849664968126
6901028225175,202512,0,0.20230964415630837,11.014476314815388,14.14394625638101
6901028225175,202601,0,-0.7761249055412591,6.784036514907294,-0.3713773429876075
6901028225175,202602,0,0.30664879288810454,12.318565622661852,7.240743795351518
6901028225175,202603,0,-0.06418585132456656,4.610114192357475,2.3405887153620744
6901028225175,202604,0,0.2566965323551287,9.601109913724073,9.533178156533967
6901028225175,202605,0,-0.15640445020311944,11.575231877891381,14.545821898713639
6901028225175,202606,0,-0.026821620057887685,11.23978828466295,11.699754719133043
6901028227285,202501,0,-0.3240706498376653,-0.8248571231574959,2.0490164169613383
6901028227285,202502,0,-0.7453889107063532,10.845681793185989,10.207985130910542
6901028227285,202503,0,0.5007606342699589,7.7411200532508735,12.040031265364409
6901028227285,202504,0,-0.2861785731942206,8.480655415506769,11.573142881710499
6901028227285,202505,0,-0.005630461841278134,6.972057882584574,9.047845659263954
6901028227285,202506,0,-1.7955009617099122,8.52553693713629,13.591659649715524
6901028227285,202507,0,1.0173543281447124,9.440612616548167,10.224958071566578
6901028227285,202508,0,0.8013317415932093,4.089419143757264,2.4105074463290426
6901028227285,202509,0,-1.004038921850956,5.222723871660154,9.484972292656572
6901028227285,202510,0,0.6503569142188468,7.574708507760814,2.4360286582637563
6901028227285,202511,0,-6.8986133699958145,3.9954132463439493,12.330469379430427
6901028227285,202512,0,7.208240823056492,4.611769884902158,-8.455991176785805
6901028227285,202601,0,-3.0861097331180076,2.7693462873225005,7.297231712626537
6901028227285,202602,0,-7.995338497764486,6.4475247716551465,15.172299974844531
6901028227285,202603,0,4.947507065130786,5.071522441374472,-3.3039268520235052
6901028227285,202604,0,5.291883225439726,0.2897264663106246,-8.301242701279598
6901028227285,202605,1,-1.7762809560388604,2.578960426847243,-14.142241434754375
6901028227285,202606,0,-9.47271865522783,5.204551773422908,17.62482190490251
6901028227438,202501,0,0.0,0.9483535983434268,5.933982659847063
6901028227438,202502,0,0.0,2.617050604403732,10.205573565534731
6901028227438,202503,0,0.0,3.9750565748330113,9.41620715948229
6901028227438,202504,0,0.0,2.4987117394598624,9.070746671183748
6901028227438,202505,0,0.0,2.4987117394598624,9.070746671183748
6901028227438,202506,0,0.0,4.31703409261878,5.719002676915324
6901028227438,202507,0,0.0,4.728574653043461,7.001881589690054
6901028227438,202508,0,0.0,3.826071777017227,10.154012449222037
6901028227438,202509,0,0.0,2.9212942033495204,10.439012192995401
6901028227438,202510,0,0.0,4.922791679793739,6.1798020463203684
6901028227438,202511,0,0.0,2.769465484581425,10.007364456531839
6901028227438,202512,0,0.0,2.4987117394598624,9.070746671183748
6901028227438,202601,0,0.0,4.474065883715604,5.117653600307283
6901028227438,202602,0,0.0,3.447000778870977,9.138286883106561
6901028227438,202603,0,0.0,4.474065883715604,5.117653600307283
6901028227438,202604,0,0.0,2.82080408132325,6.446197612486205
6901028229074,202501,0,-14.08091092691188,0.572458072599747,22.999864826750965
6901028229074,202502,0,19.666851344387748,2.3079351403664603,-652.4352448027589
6901028229074,202503,0,26.857473147795215,-0.036893341634620214,-26.079659075993234
6901028229074,202504,1,-25.608489350239925,1.072882369885818,-40.77664486573918
6901028229074,202505,0,-20.915835141943038,1.3766951659689675,49.988345244739
6901028229074,202506,0,45.94329338163757,1.3869293450546332,-113.85477397538992
6901028229074,202507,0,-0.6467964016778183,-0.036893341634620214,2.2752579853191692
6901028229074,202508,0,1.507178606108731,2.4058455435914845,-6.0841528281872925
6901028229074,202509,0,-0.2572634852171731,3.0836741234255642,-0.6514059927991553
6901028229074,202510,0,0.25574052202843234,4.113768804881049,-0.03889645373605388
6901028229074,202511,0,-5.059275825795176,2.5864718116490764,17.801209555798845
6901028229074,202512,0,5.3697092497163155,5.908184761850496,-15.637558498195354
6901028229074,202601,0,-0.7907242051479528,3.1433516350405837,0.9908269647590114
6901028229074,202602,0,-6.77654238603585,7.890416879836048,20.723124222771105
6901028229074,202603,0,-4.580071128388269,5.001899475094838,14.681412193410068
6901028229074,202604,0,8.140659681116247,3.3164949721575114,-30.96990846600498
6901028229074,202605,0,-3.3767199143345366,3.7689203552241826,22.70815328247108
6901028229074,202606,1,1.9383693256905943,3.5462519639501506,0.752845990263658
6901028230186,202601,0,2.700155120055115,-4.111871766247637,-7.154904579686906
6901028230186,202603,0,0.1505240166354298,5.099902958167122,5.246719753793261
6901028230186,202604,0,0.20769731914906941,1.9145347608251486,-3.3335308790324367
6901028230186,202605,0,-0.4560607671289958,1.6594490338768675,0.719299483077279
6901028230186,202606,0,0.3442610635000207,1.750212251919552,-5.43578910924236
6901028241410,202501,0,-0.45463835381309536,-0.8248571231574959,2.2541146007221036
6901028241410,202505,0,0.0,1.6795185135537545,-22.616327245214432
6901028241410,202506,0,0.0,0.06972616407229104,5.692107401219498
6901028241410,202507,0,0.0,0.06972616407229104,5.692107401219498
6901028241410,202508,0,46.82114336636809,0.06972616407229104,-42.865213891700215
6901028241410,202509,0,4.566388992891518,2.1622221686824172,3.4094325323319867
6901028241410,202511,0,0.0,-0.7964375680361155,-7.611200580555565
6901028241410,202601,0,-14.293135609660041,0.06972616407229104,20.51524772162579
6901028241410,202602,0,13.111327304436742,6.834635556643734,-89.98597176313996
6901028241410,202603,0,0.9964479090018159,-0.08754622594016342,-8.488904462358677
6901028241410,202604,0,-0.04798400955070292,-0.14513427045154728,-4.953607829571262
6901028241410,202605,0,-1.219751638555934,0.51008823007184,-0.2067751014008632
6901028241410,202606,0,0.9644043343374165,1.3918394348923102,-9.691857885549195
6901028242066,202501,0,-12.840350387608147,4.623026486827282,24.09299270953525
6901028242066,202502,1,-38.217451552790045,3.9047081568269224,-53.02169727854001
6901028242066,202503,1,49.49910699798937,7.815269864661145,149.50171301234676
6901028242066,202504,0,-49.49910699798937,3.026676421518606,62.61754519282823
6901028242066,202505,1,0.0,5.9235233861203325,-4.226877359632734
6901028242066,202506,0,0.0,4.118864673142705,11.23462872808626
6901028242066,202507,0,0.0,3.924050195494293,12.158435126741303
6901028242066,202508,0,0.0,2.841989431564045,11.467802712393198
6901028242066,202509,0,0.0,4.118864673142705,11.240527975217827
6901028242066,202510,0,0.0,3.43382179346271,12.174729777931864
6901028242066,202511,0,0.0,4.133252061844789,12.60262007127787
6901028242066,202512,0,44.87810494876055,3.2107292709588506,-34.935574019434114
6901028242066,202601,0,6.219078517379245,4.10013592406521,2.323497984245759
6901028242066,202602,0,-0.08782362276552647,7.724780483066102,-0.2837915543820593
6901028242066,202603,0,-2.585105746911296,4.215344051234181,1.3502820555082078
6901028242066,202604,1,-7.4332094954675725,6.0260351809300445,-10.013658851684038
6901028242066,202605,1,-40.9910446009954,7.640052568995437,-62.774580648024894
6901028242066,202606,1,25.693428831783393,6.967417699264045,41.19792066039982
6901028245029,202501,0,0.0,4.623026486827282,3.556490607527998
6901028245029,202502,0,0.0,1.9001524381229769,5.226770998390812
6901028245029,202503,0,0.0,1.9001524381229769,5.226770998390812
6901028245029,202504,0,0.0,1.9001524381229769,5.226770998390812
6901028245029,202505,0,0.0,1.9001524381229769,5.226770998390812
6901028247375,202507,0,5.212540134934102,0.572458072599747,-6.446253117250751
6901028247375,202508,0,-0.1699638155708172,4.879649394572284,7.977049848552243
6901028247375,202509,0,-0.5468215541049304,2.6823700625956337,5.673667713875749
6901028247375,202510,0,1.3711196296879464,2.072365101194953,-8.629724001316823
6901028247375,202511,0,-0.5862614763375333,3.129995470697306,0.9019693925549812
6901028247375,202601,1,0.11644177096688679,4.428025216303599,1.4941478672246538
6901028247375,202602,0,-0.286205779225547,2.978289060816052,1.1701693109299312
6901028247375,202603,0,-0.9576581708003786,3.4703988493841056,1.7488761720703705
6901028247375,202604,1,-0.42290402439244446,3.5225457875210133,-1.4464711463890976
6901028247375,202605,0,-1.8037482872806052,4.1709560602927525,4.945746605416897
6901028247375,202606,1,-3.7787099372263384,3.3385287272086446,-1.9246286609780396
6901028252959,202508,0,0.23293963966935394,-1.2730338830640977,-0.12124075377268007
6901028252959,202509,0,-5.614328211631765,4.460723391454828,35.04727254973881
6901028252959,202512,0,4.279783244144134,1.9435888546922324,-22.344788379766605
6901028252959,202601,0,-1.2989021835405339,3.0953615900572133,12.358679429217693
6901028252959,202602,0,1.5412680112826962,4.509475991649378,-5.798538220013112
6901028252959,202603,0,0.7017754784571224,3.656834674834843,5.484023724463589
6901028252959,202604,0,0.49349385407894886,3.277877999209199,7.438479283127324
6901028252959,202605,0,-0.9950406800239051,2.716843489371352,8.288447650517035
6901028252959,202606,1,-2.961707299403429,3.5291507233795105,-4.034577430462949
6901028268950,202601,0,0.39618887188972707,0.572458072599747,0.9045752491585075
6901028268950,202602,0,-31.03419829368951,1.7533889884567648,83.28102300384066
6901028268950,202603,0,23.255277510276205,1.408975813903074,-74.3108906978209
6901028268950,202604,0,9.290735770402883,2.020733232157747,-143.10505573788734
6901028268950,202605,0,-1.246275709034343,2.523349267666157,6.073943551357139
6901028268950,202606,0,-2.087553672010195,1.7262816042690012,0.7001557947036003
6901028268981,202601,0,0.6167427640655205,-0.8248571231574959,0.5711691655030542
6901028268981,202603,0,-7.776310080665169,1.8720972509181757,33.38484124850695
6901028268981,202604,1,8.201289781226052,0.6158430434386156,7.567734772573708
6901028268981,202605,0,-2.05482839964597,2.7224799643542608,29.912336944337518
6901028268981,202606,0,1.1954915192188622,0.9990691988727969,-7.962190276708629
6901028271004,202601,0,41.028143632708165,-1.2730338830640977,-61.5118725725863
6901028271004,202602,0,-1.2920364750502458,0.9757614532969648,1.543967889069179
6901028271004,202603,0,-39.736107157657926,1.540107654962453,101.96785601202929
6901028271004,202604,0,0.0,1.613848640255812,7.153171281400429
6901028271004,202605,0,43.59495145651579,4.3774357511723725,-45.49562718621317
6901028271004,202606,0,-0.14329617831803176,2.938187317819351,3.3899966439289506
6901028271547,202601,0,0.9160032241724565,-1.2730338830640977,-1.1491484713618494
6901028271547,202602,0,0.16346664659228338,4.372329228794991,-20.246165032751247
6901028271547,202604,0,-0.3544237835966584,4.350720155148488,-24.86261207155888
6901028271547,202605,0,-1.7263125719663748,4.5329337611325045,-20.521262806336395
6901028271547,202606,0,0.4180319212078274,2.950129093380725,-34.08426644949424
6901028275668,202601,0,-30.121622246658625,-4.111871766247637,43.57748849590539
6901028275668,202602,0,25.925610044157594,4.730546399313647,-157.65843561178528
6901028275668,202603,0,7.054106488824068,4.760529173563619,-58.88110664191722
6901028275668,202604,0,-4.082016731378374,4.915626106291069,19.36297765890304
6901028275668,202605,0,3.627317587485649,4.540767883391382,-31.4221290980869
6901028275668,202606,0,0.00043171608061243205,6.144189708774128,-9.863794014384638
6901028300063,202501,0,15.372015663731498,1.2528396025704651,-25.880608358374843
6901028300063,202502,0,-15.372015663731498,1.5820744190839673,28.10739562642894
6901028300063,202508,1,0.0,3.760527195707967,-10.703999591753163
6901028300063,202509,0,0.0,1.5820744190839673,12.259956797839765
6901028300063,202510,0,0.0,6.080859432925832,10.309160056174509
6901028300063,202511,0,0.0,6.080859432925832,10.309160056174509
6901028300063,202512,0,0.0,6.080859432925832,10.309160056174509
6901028300063,202601,0,0.0,6.080859432925832,10.309160056174509
6901028301695,202501,0,0.0,-1.2730338830640977,0.22929828648775263
6901028301695,202502,0,0.0,4.227940721886197,1.5396104894861735
6901028301695,202503,0,0.0,5.683181834109573,3.6725947526819356
6901028301695,202504,0,0.0,4.483205079198008,1.2870633388074872
6901028301695,202508,0,0.0,4.572958369489666,-0.0074882336380475145
6901028301695,202509,0,-13.722307889477165,5.717441334849364,20.374606082108894
6901028301695,202601,0,13.722307889477165,2.9409250254711323,-45.331139816047205
6901028301695,202602,0,-2.3854577317398054,1.0954869189707428,0.1952507238549419
6901028312356,202504,0,0.0,-0.8248571231574959,1.539960198094355
6901028312356,202511,0,-32.88988508711143,4.749646687873108,41.96824716903592
6901028312356,202602,0,15.453850116400695,2.278681764941203,-182.45405812954897
6901028312356,202603,0,1.0669693268171514,-1.0938967070087724,-38.80573253111628
6901028312356,202604,0,15.326655511935918,-1.6560380847564986,-129.76918115434114
6901028312356,202606,0,-31.81218660744829,-1.5641252391687963,197.94094107468803
6901028314459,202501,0,-1.3992362751349106,4.623026486827282,5.794390496400549
6901028314459,202502,1,-1.7333985780197168,4.723324240823263,-0.9248718914929004
6901028314459,202503,0,2.9741034053258915,7.440183599294306,-15.856590537572089
6901028314459,202504,1,-0.08738591698819675,4.992261294266304,0.1064653628081782
6901028314459,202505,0,-5.768937033986049,3.2730785606475843,32.91321922814426
6901028314459,202506,0,7.560824253432116,3.8809919228704253,-35.64428135426762
6901028314459,202508,1,0.0,3.5792376572075817,6.175361575479449
6901028314459,202509,0,0.0,4.5598079626482235,12.758537067666492
6901028314459,202511,0,0.0,3.04687259070085,8.063155707532918
6901028314459,202601,0,0.0,3.915928616042417,8.043603702261013
6901028314459,202602,0,0.0,2.736191705336385,6.980692759815678
6901028314459,202603,0,0.0,4.10013592406521,8.858135218470524
6901028314459,202604,0,0.0,4.10013592406521,8.858135218470524
6901028314459,202605,0,0.0,4.10013592406521,8.858135218470524
6901028314459,202606,0,0.0,4.10013592406521,8.858135218470524
6901028314985,202501,0,-0.063543627837376,2.481394099527697,2.8271998176966333
6901028314985,202502,0,-0.3458263050128494,12.939410213719196,11.844787185761545
6901028314985,202503,0,0.30248673162063255,13.672332447238512,3.655372860273644
6901028314985,202504,0,-0.18997331605459067,12.73804456284076,1.2938115745528442
6901028314985,202505,0,0.08183567661668434,14.284107797359317,9.432436301121825
6901028314985,202506,0,0.23309559463206142,10.479822723225112,1.3259880650911207
6901028314985,202507,0,-0.034851658345651515,8.15821955466283,-8.238397276459825
6901028314985,202508,0,0.05642816173381959,15.835843636312381,7.736462516860133
6901028314985,202509,0,-0.06607236590024002,16.711873111356567,13.772736171413078
6901028314985,202510,0,-36.18667650737953,15.424431318318469,93.94370217037161
6901028314985,202511,1,0.0,15.30313414122741,-6.690481248844481
6901028314985,202512,0,36.26495136865619,1.490367912981713,-27.282284983075233
6901028314985,202601,0,-0.04791202976729636,1.490367912981713,10.153656664784037
6901028314985,202602,0,-0.18050407672868118,15.031570673889856,8.444427397055968
6901028314985,202603,0,-36.036535262160214,14.857178153063973,86.48333778900142
6901028314985,202604,1,36.11178015296195,14.806114608970683,66.11341808330849
6901028314985,202605,0,-0.5222144357759007,1.490367912981713,10.642628217370227
6901028314985,202606,0,0.5825851831896927,14.709832784063295,0.4140914403582663
6901028315432,202501,0,-0.8348134863473575,0.8893670456242755,5.63459027112329
6901028315432,202502,0,0.5914171735082192,15.776112552533412,12.530533316918227
6901028315432,202503,0,-0.6902566789810507,9.007190956874373,4.612809675210043
6901028315432,202504,0,0.9418094661971139,14.8265098938926,3.9989874093381594
6901028315432,202505,0,0.20477738990800987,10.30188746265136,3.8225186681228447
6901028315432,202506,0,-35.712870340513874,14.6574603552681,117.64310986745251
6901028315432,202507,1,0.0,16.31901715628134,-6.153586306338987
6901028315432,202508,0,35.60948951787418,3.0252363703952065,-23.655526177025934
6901028315432,202509,0,-35.60948951787418,3.348665257594864,49.78544529543778
6901028315432,202510,1,0.0,11.327762995676403,0.14029958657596353
6901028315432,202511,0,0.0,2.166120744123764,12.648510303184255
6901028315432,202512,0,0.0,3.7181270736130174,13.67423030813143
6901028315432,202601,0,0.0,2.5904430282891777,12.73317836498378
6901028315432,202602,0,0.0,4.512860274768487,13.074156355370631
6901028315432,202603,0,0.0,4.648158515679384,7.748481241769288
6901028315432,202604,0,0.0,3.8994835991910346,12.44096498066698
6901028315432,202605,0,0.0,2.2811959158359754,6.162763485206652
6901028315432,202606,0,0.0,1.9691143850785306,5.568308796040073
6901028317177,202501,0,-0.14899438924154396,-1.2730338830640977,0.45351238024635876
6901028317177,202502,0,-13.245923720448772,6.032529961464623,24.033953784163565
6901028317177,202503,1,13.68534357027741,5.403891672870887,22.181651583172677
6901028317177,202504,0,-2.537504270247247,5.727026675065752,13.336041792086695
6901028317177,202505,0,2.0062524445352636,4.6742764121447475,0.8972227127058652
6901028317177,202506,0,-0.3653333124854967,6.5018252347977175,6.660096644807835
6901028317177,202507,0,-1.0640774526781485,6.958924569652817,10.691649554776347
6901028317177,202508,0,1.3832919263806644,5.779126121730232,3.4324538347428604
6901028317177,202509,0,-0.692258156023442,5.383262422728905,0.07928607590754666
6901028317177,202510,0,-2.8938326235319494,4.821328273681819,11.23686476636924
6901028317177,202511,0,-5.9563478074087115,5.216719041997205,17.680079994126444
6901028317177,202512,0,9.528290742070268,6.003543948216581,-19.813011171601655
6901028317177,202601,0,-1.8964847962233264,7.101592168463466,18.346037755228785
6901028317177,202602,0,0.8945449984089464,5.575892847015366,-0.183973424224666
6901028317177,202603,0,-0.46206109852703037,7.742447002513552,8.508150504587867
6901028317177,202604,0,0.44344148633364,6.386726460814588,2.3129519360733912
6901028317177,202605,0,-2.429551255233207,7.640818338317001,11.55509537739269
6901028317177,202606,1,-12.527891716622158,6.80272362170573,-24.31313846400529
6901028322867,202501,0,0.0,4.623026486827282,3.556490607527998
6901028322867,202503,0,0.0,3.8230670977773937,7.484427738638699
6901028322867,202504,0,0.0,4.835947849534796,9.220182321513235
6901028322867,202505,0,0.0,4.835947849534796,9.220182321513235
6901028322867,202506,0,0.0,4.835947849534796,9.220182321513235
6901028324830,202502,0,19.832743315629532,1.2528396025704651,-35.05625087959546
6901028324830,202503,0,-19.832743315629532,3.0440901219452945,29.646418016968763
6901028324830,202504,0,0.0,5.434661644940553,-0.5584009090015503
6901028324830,202505,0,26.8527182052367,1.818743653577644,-24.825220727555408
6901028324830,202506,0,0.8418068162306795,1.555307661646668,4.344168650030198
6901028324830,202507,1,0.6570621058519492,4.289176379024562,4.131085666168581
6901028324830,202508,0,0.2229024590058728,3.2126220358716635,0.06843655030061813
6901028324830,202509,0,-28.574489586325203,3.7772178654785353,53.151973889640665
6901028324830,202510,0,0.0,3.447768777044495,4.8416462554669595
6901028324830,202512,0,26.964955295182566,1.4394059975264328,-23.275630087965176
6901028324830,202601,0,-6.354303550845572,1.9370261125204464,11.835198942589702
6901028324830,202602,0,5.66406697890384,4.728750647957186,-12.598068358871341
6901028324830,202603,0,1.4562117286086362,4.6953904302604155,0.13117509101124813
6901028324830,202604,0,0.3782172020018919,3.9717748043045473,1.1554750134515481
6901028324830,202605,0,-4.392746480846419,3.2201467247252022,10.671699700696289
6901028324830,202606,1,-7.992339420717208,2.4826821053040837,-11.804760208471777
6901028325257,202601,0,3.3750927906971455,-0.8248571231574959,-3.7616984841039436
6901028325257,202603,0,-0.20920681184114898,4.184973636064657,1.7444468850557566
6901028325257,202604,0,-0.02111418132442111,0.42983163511092426,4.947653213675103
6901028325257,202605,0,0.6959379122500451,0.7590155258620974,-9.846133982615733
6901028325257,202606,0,-0.5897664122945514,0.09643355527133135,-2.2558549089836957
6901028331296,202501,0,0.11940664174650806,0.572458072599747,1.3270067865478197
6901028331296,202502,1,-23.99323143270314,0.3928652892796096,-33.596742487110795
6901028331296,202505,0,0.0,0.7980150662134509,-3.730207270323127
6901028331296,202506,0,0.0,2.6375334142336846,6.485334692180913
6901028331296,202507,0,0.0,1.6252323649771228,6.907750647553285
6901028331296,202508,0,0.0,2.273966528872015,6.371892456192598
6901028331296,202509,0,0.0,1.4609923893104324,6.598236696488052
6901028331296,202510,0,0.0,1.6252323649771228,6.907750647553285
6901028331296,202601,0,0.0,1.6252323649771228,6.907750647553285
6901028339957,202501,0,-0.3178287703467859,-0.05308509776044268,6.201407037619719
6901028339957,202502,0,-2.9810852261358605,9.299154431984173,17.517670423310182
6901028339957,202503,0,3.79169687947676,7.523126229733792,-1.2396167967561187
6901028339957,202504,0,-0.21732165811344828,7.1111230227881705,5.141625645377739
6901028339957,202505,0,-28.550657861310427,10.70879915305292,56.375474099622224
6901028339957,202506,1,28.732638036999646,11.901812014160017,47.39345575964187
6901028339957,202507,0,-0.7732960694662268,1.9880794501969445,9.968211985776634
6901028339957,202508,0,0.9406024961461554,10.914899838036554,10.986801120549323
6901028339957,202509,0,-3.2931486966465258,9.604584038568046,15.840219228188648
6901028339957,202510,0,3.0021319014792454,10.562679827285345,6.331169594007235
6901028339957,202511,0,-2.556272966375957,9.073927990608206,8.96809224116444
6901028339957,202512,0,1.8432833716695143,10.52899998684806,9.684748244389311
6901028339957,202601,0,-2.075171308341652,7.5513852761156475,7.980476904094247
6901028339957,202602,0,-0.14741334745833967,9.695204468369292,13.035395341039626
6901028339957,202603,0,1.832082106035287,9.100127641471666,6.421840449584977
6901028339957,202604,0,1.058953937180597,8.66650395525428,2.7020518458434357
6901028339957,202605,0,-0.18290982298517378,9.332675222680239,9.574598191242252
6901028339957,202606,0,-0.36437539730255963,9.807961365059684,12.454819623344973
6901028340618,202501,0,0.0,4.623026486827282,3.556490607527998
6901028340618,202502,0,0.0,3.680709579112874,5.604277490594842
6901028340618,202503,0,0.0,2.828590981978547,6.7450508987612805
6901028340618,202504,0,0.0,2.828590981978547,6.7450508987612805
6901028340618,202505,0,0.0,2.828590981978547,6.7450508987612805
6901028340618,202506,0,0.0,2.828590981978547,6.7450508987612805
6901028340618,202507,0,0.0,2.828590981978547,6.7450508987612805
6901028340618,202508,0,0.0,2.828590981978547,6.7450508987612805
6901028340618,202509,0,0.0,2.828590981978547,6.7450508987612805
6901028340618,202510,0,0.0,2.828590981978547,6.7450508987612805
6901028340618,202511,0,0.0,2.828590981978547,6.7450508987612805
6901028920858,202503,0,-1.6264766975859715,4.2730130959250054,6.413234065908318
6901028920858,202507,0,-50.5457524006966,-0.31987914249907934,245.86845532372212
6901028920858,202508,1,0.0,0.24741502658784859,7.440537698968527
6901028920858,202510,0,0.0,4.858994885846757,8.712765804363254
6901028920858,202603,0,0.0,0.5869541833716935,4.403721063323315
6901028936477,202501,0,-36.5680374206599,-0.09032037602944076,72.44560126292444
6901028936477,202502,0,36.085359088968936,9.601659127323714,-88.17722021555
6901028936477,202503,0,-0.09391320465350361,5.031709780564092,9.68580813792567
6901028936477,202504,0,0.0610684198097573,7.871415321896624,7.074537460549488
6901028936477,202505,0,0.3409968758392594,7.098507209534834,0.27984891344110263
6901028936477,202506,0,-0.6911485272662148,6.584864911801245,1.3769086442929916
6901028936477,202507,0,-35.702362652698234,7.40447418760156,77.76018607071573
6901028936477,202508,1,0.0,6.102528001892515,-1.674156151060222
6901028936477,202509,0,0.0,1.3678181116499308,13.741537060245813
6901028936477,202510,0,0.0,4.3029514743050346,9.068392088756019
6901028936477,202511,0,0.0,3.437717770337457,8.14172770900551
6901028936477,202512,0,0.0,5.992641405545725,8.931713634062582
6901028936477,202601,0,0.0,4.132691037045032,8.590042395760193
6901028936477,202603,0,0.0,3.2434120223280574,8.852753385880606
6901028936477,202604,0,0.0,6.169328310571497,9.568974562763891
6901028936477,202605,0,0.0,6.169328310571497,9.568974562763891
6901028936477,202606,0,0.0,6.169328310571497,9.568974562763891
6901028936750,202501,0,-0.36993223933522046,1.7685666852184758,7.083970377949612
6901028936750,202502,0,-2.0889288615259503,5.137406357844506,7.396769788963869
6901028936750,202503,0,2.2300654639735313,3.827736872444934,-3.4873238855256634
6901028936750,202504,0,-1.3921556683164553,3.035928105385687,1.1783829828845205
6901028936750,202505,1,-26.18683054432485,5.330586670471218,-46.64243617070399
6901028936750,202507,0,25.192918287816426,2.0029343114644007,-55.52755986804754
6901028936750,202508,0,1.0753268060524093,-0.6977266764331689,2.6658290665416855
6901028936750,202509,0,-0.87572687170546,3.519920230784229,-0.9977165845386358
6901028936750,202510,0,-3.061892653176834,3.765620149650835,8.368477505339676
6901028936750,202511,1,-3.9709348380092635,3.306160623223765,-8.41729554705124
6901028936750,202512,0,9.360968265446175,1.1576206708633978,-18.381095599611914
6901028936750,202601,0,-1.6225084103362448,1.0139777521719147,8.928338059092809
6901028936750,202602,0,1.5620090598449536,7.91116920091219,1.6059394461833967
6901028936750,202603,0,-0.5136354355280304,2.884254713610211,1.8004390653177271
6901028936750,202604,0,0.4396470459023831,4.969875553420453,2.266870033540825
6901028936750,202605,1,-0.7201048290543923,2.8719661212411127,-0.894286570172611
6901028936750,202606,0,-2.2209693366262826,3.7833435457694913,7.101781764137858
6901028936996,202501,0,-0.9075644621487058,0.572458072599747,2.8943941945052396
6901028936996,202502,1,-22.06501158546824,7.142332122108863,-66.72468416346936
6901028936996,202503,0,22.409334067470887,3.0082898756061773,-37.99121216841001
6901028936996,202504,1,-6.57955638253717,0.06089896275817841,-8.043968439407479
6901028936996,202505,1,2.1129876275808925,2.1507859286589697,18.998729472544944
6901028936996,202506,0,-29.09106667341403,2.2970769274580047,40.60236619935947
6901028936996,202507,0,0.0,0.7763446000250149,-6.915620363215226
6901028936996,202508,0,0.0,0.26410289333041315,1.3295712413807799
6901028936996,202509,0,0.0,0.26410289333041315,1.3295712413807799
6901028936996,202510,0,0.0,0.26410289333041315,1.3295712413807799
6901028936996,202511,0,0.0,0.26410289333041315,1.3295712413807799
6901028936996,202512,0,0.0,0.26410289333041315,1.3295712413807799
6901028936996,202601,0,0.0,2.2251768473440006,2.30857891305125
6901028936996,202602,0,0.0,0.26410289333041315,1.3295712413807799
6901028936996,202603,0,0.0,0.26410289333041315,1.3295712413807799
6901028936996,202604,0,0.0,0.26410289333041315,1.3295712413807799
6901028936996,202605,0,0.0,0.26410289333041315,1.3295712413807799
6901028937504,202501,0,0.0,1.2528396025704651,5.739371960528569
6901028937504,202502,0,0.0,4.229254813336733,9.115103456596175
6901028937504,202503,0,0.0,4.229254813336733,9.115103456596175
6901028937504,202504,0,0.0,4.229254813336733,9.115103456596175
6901028937504,202505,0,0.0,4.229254813336733,9.115103456596175
6901028937504,202506,0,0.0,4.229254813336733,9.115103456596175
6901028937535,202501,0,36.635165996010855,1.4040467197141147,-116.2781278555185
6901028937535,202502,0,-36.635165996010855,1.8606130783857937,49.253877154828
6901028937535,202504,0,-8.16099204664495,5.251181326250317,20.280107193375994
6901028937535,202505,0,-4.89322360425809,11.61851743716922,12.977825170212075
6901028937535,202506,0,-37.44215999918107,12.516893472606288,124.60592380789402
6901028937535,202507,1,0.0,8.823619431006328,0.680854752899279
6901028937535,202508,0,0.0,5.646383918641452,12.096641046740862
6901028937535,202509,0,0.0,5.025447445195451,11.45865857173659
6901028937535,202510,0,0.0,5.5786650772629915,12.250997438712933
6901028937535,202511,0,0.0,4.917637913979407,9.23831361177141
6901028937535,202512,0,0.0,4.504505760682683,8.968435241422993
6901028937535,202601,0,0.0,4.573335721719933,9.116259850408893
6901028937535,202602,0,0.0,4.760291974509285,11.402961171675635
6901028937535,202603,0,0.0,5.386015139748716,10.608479927623852
6901028937535,202604,0,0.0,5.386015139748716,10.608479927623852
6901028937535,202605,0,0.0,5.386015139748716,10.608479927623852
6901028937535,202606,0,0.0,5.386015139748716,10.608479927623852
6901028937832,202501,0,-2.285092121056124,4.623026486827282,7.2112038926606195
6901028937832,202502,1,-15.546816930328262,7.527720051476367,-37.2721033751121
6901028937832,202503,0,25.218371920009517,7.476997025241207,-31.185839844399602
6901028937832,202504,1,-45.465967548778934,3.119121105896781,-91.24591572373066
6901028937832,202505,0,0.0,5.18317030024944,3.083907842043162
6901028937832,202506,0,46.730413125533474,4.215609161679611,-41.41779499570145
6901028937832,202507,0,-0.8237568633170369,4.215609161679611,7.607122518577433
6901028937832,202508,0,0.9511463210965942,6.342755491649182,-3.7468025992465304
6901028937832,202509,0,-0.7989545139156817,4.142748992712148,3.0296589873808024
6901028937832,202510,0,-4.184998957899836,5.601930780948328,10.171826433052777
6901028937832,202511,1,-4.027411909252123,3.579826901021503,-9.290194504922201
6901028937832,202512,0,8.88294592650643,7.927412819343865,-17.443345395583762
6901028937832,202601,0,-0.1653839181521235,3.957967719916637,-0.03244688620150693
6901028937832,202602,0,-0.9859538447060174,6.502748847573047,2.523799532251109
6901028937832,202603,0,-2.224726115889524,5.778509502607914,5.941068582249779
6901028937832,202604,0,2.619607164652777,2.5415139701349263,-6.391627885658769
6901028937832,202605,1,-1.5913584937307022,4.68415574447035,-7.4257009254882735
6901028937832,202606,0,-3.30675734441823,4.697417223462977,12.45782780764482
6901028940504,202501,0,-0.1132894333087151,0.06976712883211555,9.526376592933076
6901028940504,202502,0,-0.048502100302997064,16.828502545659155,15.809865993416956
6901028940504,202503,0,0.06998156935414812,12.219390078178966,-3.4092106684863452
6901028940504,202504,0,-0.08876650338083891,17.38091368939742,15.645668939272712
6901028940504,202505,0,0.1950584512251794,17.144130001626156,15.64940448998205
6901028940504,202506,0,0.04314003039689851,17.059133896101958,14.905133525159183
6901028940504,202507,0,-0.7173915052238513,16.770457428857757,19.682268779096304
6901028940504,202508,0,0.43085771429388586,15.377744187842545,10.826988142255066
6901028940504,202509,0,0.013056538524487848,12.9266917144919,8.368153354965331
6901028940504,202510,0,0.12967970013851016,13.540613264739116,8.306462659816061
6901028940504,202511,0,-2.9198185825595324,16.60292674195261,21.52128918415176
6901028940504,202512,0,2.919614636437654,16.742244779513637,8.817864662809939
6901028940504,202601,0,-31.782994971798832,9.433255557348428,80.34959418985525
6901028940504,202602,1,30.868875012662347,16.051585265143338,42.96822436388267
6901028940504,202603,0,0.7245105536149907,4.973768380303287,13.57905041474976
6901028940504,202604,0,-0.5305935175413694,12.411088618449105,9.805770206417668
6901028940504,202605,0,-0.38569418307893244,12.547687992281588,9.52248866288694
6901028940504,202606,0,1.1836558783259292,10.91522726147832,1.5129244639746915
6901028942881,202501,0,0.0,0.9483535983434268,5.933982659847063
6901028942881,202502,0,0.0,2.4614071909690933,9.338147467413457
6901028942881,202503,0,0.0,2.035968013473254,9.287978575401265
6901028942881,202504,0,0.0,5.432305598643795,8.546358703268309
6901028942881,202505,0,0.0,2.5196686760271176,9.094527294829364
6901028942881,202506,0,0.0,2.4614071909690933,9.365335937282957
6901028942881,202507,0,0.0,5.432305598643795,8.546358703268309
6901028942881,202508,0,0.0,2.4627537592242237,9.099866557959293
6901028942881,202509,0,0.0,3.128842142894049,8.946129098121137
6901028942881,202510,0,0.0,4.692987624147816,8.790963432770694
6901028942881,202511,0,0.0,3.920290263780597,9.101917895894235
6901028942881,202512,0,0.0,2.963482106922889,7.995504496900432
6901028942881,202601,0,0.0,3.649259732295878,8.898980210489627
6901028942881,202602,0,0.0,5.432305598643795,8.546358703268309
6901028942881,202603,0,0.0,5.432305598643795,8.546358703268309
6901028942881,202604,0,0.0,5.432305598643795,8.546358703268309
6901028942881,202605,0,0.0,0.7902758641502803,4.471582099101543
6901028942881,202606,0,0.0,5.432305598643795,8.546358703268309
6901028942911,202501,0,20.03952355991361,-0.05308509776044268,-32.99841700516833
6901028942911,202502,1,3.0820332797757217,1.00786621515206,2.243970320731612
6901028942911,202504,0,-11.65737573639236,4.304831741811952,31.307012394044726
6901028942911,202505,0,-15.251433105556165,0.991848657802188,31.913818833770218
6901028942911,202506,0,27.092263180081012,1.0580000458621837,-50.59191447246429
6901028942911,202507,0,-0.9113951833547489,0.40196142697403725,5.934853506720534
6901028942911,202508,0,2.9255314461718314,1.8240098653907109,-2.8748573814237677
6901028942911,202509,0,-0.17606313249873295,3.820339028294508,5.281682377383169
6901028942911,202510,0,0.3916846993291685,3.7053342231916284,0.35703531772674024
6901028942911,202511,0,0.05443499627316584,1.5934411826525023,-4.536620085486108
6901028942911,202512,1,-29.376456006001696,7.468982813648658,-46.273828327928435
6901028942911,202601,0,0.0,3.0418058444242675,-3.29994713139732
6901028942911,202602,0,0.0,2.4533833449629676,4.765214289679581
6901028942911,202604,0,0.0,0.40196142697403725,4.9826960225524175
6901028942911,202605,0,0.0,0.40196142697403725,4.9826960225524175
8888075005524,202501,0,0.0,1.2528396025704651,5.739371960528569
8888075005524,202502,0,0.0,3.9377114147693586,9.000228926656595
8888075005524,202504,0,0.0,3.9377114147693586,9.000228926656595
8888075005524,202505,0,0.0,3.9377114147693586,9.000228926656595
8888075005524,202506,0,0.0,3.9377114147693586,9.000228926656595
8888075005524,202507,0,0.0,3.9377114147693586,9.000228926656595
8888075005524,202508,0,0.0,4.551921042391171,8.230005588260319
8888075005524,202509,0,0.0,4.292083103623515,12.607930926849733
8888075005524,202510,0,0.0,3.9377114147693586,9.000228926656595
8888075005524,202511,0,24.751638854881598,2.9500601321966253,-18.34577494503049
8888075018616,202501,0,0.0,-1.2730338830640977,0.22929828648775263
8888075018616,202502,0,0.0,9.255253232428123,5.445446276550094
8888075018616,202503,0,0.0,0.5465406823621584,3.139893408585961
8888075018616,202504,0,0.0,0.5465406823621584,3.139893408585961
8888075018616,202506,0,-8.284986019177683,0.5465406823621584,11.851983555540974
8888075018616,202507,0,8.284986019177683,0.5465406823621584,-5.572196738369049
8888075018616,202508,1,17.185051302390143,0.2649054948730515,89.95222221749962
8888075018616,202510,0,-17.185051302390143,9.255253232428123,23.16199401097292
8888075018616,202511,0,0.0,2.4037837269829896,-3.6653704303138217
8888075018616,202512,0,0.0,0.5465406823621584,3.139893408585961
8888075018616,202601,0,-15.443923191524462,0.5465406823621584,19.3799752573378
8888075024037,202501,0,0.0,4.623026486827282,3.556490607527998
8888075024037,202503,0,0.0,2.7374715152575484,12.333226205844438
8888075024037,202504,0,0.0,6.140599907681547,10.553775845669444
8888075024037,202505,0,0.0,6.140599907681547,10.553775845669444
8888075024037,202506,0,31.942941261215868,6.140599907681547,-22.37709143393454
8888075024037,202507,0,-31.942941261215868,6.140599907681547,43.484643125273436
8888075024037,202508,1,32.7741413495818,5.294076424638538,73.78496599551406
8888075024037,202510,0,-32.7741413495818,2.7374715152575484,46.12100079304217
8888075024037,202512,0,0.0,3.8414894426981654,8.603330017854459
8888075024037,202601,0,26.477666824938183,5.440907952260597,-18.61519006304018
8888075034715,202501,0,0.0,-1.2730338830640977,0.22929828648775263
8888075034715,202502,0,0.0,5.836116641051877,5.388556696100672
8888075034715,202503,0,0.0,5.836116641051877,5.388556696100672
8888075034715,202504,0,0.0,0.6723553147136001,3.01733506645192
8888075034715,202505,0,0.0,0.6723553147136001,3.01733506645192
8888075034715,202506,0,7.572236963003817,0.6723553147136001,-4.919060357781765
8888075034715,202507,0,-7.572236963003817,0.6723553147136001,10.953730490685604
8888075034715,202508,1,0.0,0.2966423960561301,-9.745846976760665
8888075034715,202510,0,0.0,5.836116641051877,5.388556696100672
8888075034715,202512,0,0.0,0.6723553147136001,3.01733506645192
8888075034715,202601,0,0.0,2.482181152414734,2.8740191662006516
8888075034715,202602,0,13.082937134637437,0.6723553147136001,-10.694777076653125
8888075034777,202501,0,0.0,-4.111871766247637,-2.981293583999844
8888075034777,202505,0,0.0,2.096350180432236,9.81772647567867
8888075034777,202506,0,10.920408672001741,-0.44840480563625307,-9.701681940347358
8888075034777,202507,0,-10.920408672001741,-0.44840480563625307,13.221090279916956
8888075034777,202508,1,0.0,3.460756004750147,-15.95195668977418
8888075034777,202510,0,0.0,2.096350180432236,9.81772647567867
8888075034777,202601,0,0.0,0.8950076130873916,10.217246211148744
8888075034777,202605,0,7.100785229763115,-0.44840480563625307,-5.69284121087452
8888075056014,202501,0,0.0,1.2528396025704651,5.739371960528569
8888075056014,202502,0,0.0,4.29462793791293,12.510459476463001
8888075056014,202505,0,0.0,4.29462793791293,12.510459476463001
8888075056014,202506,0,16.24527640405581,4.29462793791293,-4.2372481565842275
8888075056014,202507,0,-16.24527640405581,2.8367993455556095,26.518765875499817
8888075056014,202508,1,0.0,5.088532851298336,-2.1515069766065658
8888075056014,202509,0,17.15131620190233,4.29462793791293,-5.171309803848681
8888075056014,202510,0,-17.15131620190233,4.29462793791293,30.192228756774682
8888075056014,202512,0,0.0,5.969579350766764,6.250518103225437
8888075056014,202601,0,0.0,2.8367993455556095,8.92644565715202
8888075056014,202602,0,0.0,2.8367993455556095,8.92644565715202
8888075056014,202605,0,9.293879259727728,4.29462793791293,2.9291406520014274
8888075074865,202501,0,0.0,4.623026486827282,3.556490607527998
8888075074865,202505,0,0.0,4.880892960986343,12.599681146937044
8888075074865,202507,0,0.0,4.799297182059239,9.021660484302272
8888075074865,202508,0,0.0,4.799297182059239,9.021660484302272
8888075074865,202509,0,17.513072525010024,4.880892960986343,-5.455032796372262
8888075074865,202510,0,-17.513072525010024,4.799297182059239,27.180938524018266
8888075074865,202601,0,0.0,5.477339393035217,3.1886524909156266
8888075074865,202604,0,11.702460475168426,4.799297182059239,-3.112602833221949
