code,ym,T,propensity_oof,in_support
4891132530116,202501,0,0.684264219537037,True
4891132530116,202502,0,0.03255932131456358,False
4891132530116,202503,0,0.03255932131456358,False
4891132530116,202504,0,0.03255932131456358,False
4891132530116,202505,0,0.03255932131456358,False
4891132530116,202506,0,0.03255932131456358,False
4891132530116,202507,0,0.03255932131456358,False
4891132530116,202508,0,0.03255932131456358,False
4891132530116,202509,0,0.03255932131456358,False
4891132530116,202510,0,0.03510245380877488,False
4891132530116,202511,0,0.03255932131456358,False
4891132530116,202512,1,0.6149764181487921,True
4891132530116,202601,0,0.015961635347328414,False
4891132530116,202602,0,0.03255932131456358,False
4891132530116,202603,0,0.03255932131456358,False
4891132530116,202604,0,0.03255932131456358,False
4891132530116,202605,0,0.03255932131456358,False
4891132530116,202606,0,0.03255932131456358,False
4891132601014,202503,0,0.36338927248751435,True
4891132601014,202507,0,0.1370534109698919,False
4891132601014,202508,0,0.1370534109698919,False
4891132601014,202509,0,0.02262181301223181,False
4891132601014,202510,0,0.24909881015543645,True
6901028000833,202501,0,0.6797794756180245,True
6901028000833,202502,0,0.5471332176658285,True
6901028000833,202503,1,0.7301462546688877,True
6901028000833,202504,0,0.6937366341905373,True
6901028000833,202505,0,0.5533508135793199,True
6901028000833,202506,0,0.5302099113400395,True
6901028000833,202507,0,0.548591723690095,True
6901028000833,202508,0,0.5895233241978854,True
6901028000833,202509,0,0.5281828131292021,True
6901028000833,202510,1,0.6368977403393142,True
6901028000833,202511,0,0.8328208365713485,True
6901028000833,202512,0,0.6213308505726202,True
6901028000833,202601,0,0.703228590688201,True
6901028000833,202602,0,0.5689168889857729,True
6901028000833,202603,0,0.48907750385853316,True
6901028000833,202604,1,0.7572321200888819,True
6901028000833,202605,1,0.670264187439407,True
6901028000833,202606,0,0.04984626957478222,False
6901028001625,202501,0,0.5372771961656033,True
6901028001625,202502,0,0.4805798621475951,True
6901028001625,202503,0,0.6145264483365867,True
6901028001625,202504,0,0.5543601612797805,True
6901028001625,202505,0,0.5518083729876736,True
6901028001625,202506,0,0.5581170555044375,True
6901028001625,202507,0,0.5179920341959466,True
6901028001625,202508,0,0.5104182275516335,True
6901028001625,202509,0,0.5676343551046746,True
6901028001625,202510,0,0.501485858136925,True
6901028001625,202511,0,0.5966610981539419,True
6901028001625,202512,0,0.5259039214791027,True
6901028001625,202601,0,0.5433326462800898,True
6901028001625,202602,0,0.5457049472138491,True
6901028001625,202603,0,0.027837655605858446,False
6901028001625,202604,0,0.560096874032182,True
6901028001625,202605,1,0.6344549456294423,True
6901028001625,202606,0,0.6164379240207479,True
6901028005036,202501,0,0.5138511944442411,True
6901028005036,202502,0,0.4423749118708649,True
6901028005036,202503,0,0.5371476223621396,True
6901028005036,202504,0,0.5458566277186478,True
6901028005036,202505,1,0.5702713618079842,True
6901028005036,202506,0,0.4766727850200056,True
6901028005036,202507,0,0.5721054961366007,True
6901028005036,202508,0,0.5609546528237863,True
6901028005036,202509,0,0.5385292347571652,True
6901028005036,202510,0,0.5227306827558351,True
6901028005036,202511,0,0.5813852281059142,True
6901028005036,202512,0,0.6593991672337443,True
6901028005036,202601,0,0.5466582062385943,True
6901028005036,202602,0,0.4902281234991795,True
6901028005036,202603,0,0.5593877989275661,True
6901028005036,202604,0,0.6726007649482028,True
6901028005036,202605,0,0.6635051537637524,True
6901028005036,202606,0,0.6576007051190392,True
6901028009744,202501,0,0.35304101823447154,True
6901028009744,202502,0,0.656139867193434,True
6901028009744,202503,1,0.5804812806666803,True
6901028009744,202504,0,0.6468445233050312,True
6901028009744,202505,1,0.636847426266051,True
6901028009744,202506,0,0.6121750641942242,True
6901028009744,202507,0,0.6134389395793168,True
6901028009744,202508,0,0.6323758385405783,True
6901028009744,202509,1,0.5045604222799297,True
6901028009744,202510,0,0.34798306623092734,True
6901028009744,202511,0,0.6444000478697482,True
6901028009744,202512,1,0.7034656179112014,True
6901028009744,202601,0,0.7312539810990527,True
6901028009744,202602,0,0.45783204064690014,True
6901028009744,202603,0,0.5917052215544886,True
6901028009744,202604,1,0.742796069065935,True
6901028009744,202605,0,0.4371351519413116,True
6901028009744,202606,1,0.44104089216199976,True
6901028009805,202501,0,0.36338927248751435,True
6901028009805,202502,0,0.5062412970009557,True
6901028009805,202503,0,0.620022516289099,True
6901028009805,202504,0,0.6171948209155637,True
6901028009805,202505,0,0.6538986633354119,True
6901028009805,202506,0,0.7195616936544889,True
6901028009805,202507,0,0.654434851601828,True
6901028009805,202508,0,0.6234087175300573,True
6901028009805,202509,0,0.5161381085275116,True
6901028009805,202510,0,0.6684100015244658,True
6901028009805,202511,0,0.6317995402795111,True
6901028009805,202512,0,0.7584683641054674,True
6901028009805,202601,0,0.4847680524120061,True
6901028009805,202602,0,0.546615650513164,True
6901028009805,202603,0,0.5849598485957752,True
6901028009805,202604,0,0.7832703975273577,True
6901028009805,202605,1,0.7150739190101949,True
6901028009805,202606,0,0.8740048168291417,True
6901028010115,202501,0,0.6744310080733975,True
6901028010115,202502,1,0.8417133093074161,True
6901028010115,202503,0,0.009167638507229799,False
6901028010115,202504,0,0.009238270368365342,False
6901028010115,202505,1,0.6848865448170858,True
6901028010115,202506,0,0.5294626362043033,True
6901028010115,202507,0,0.7452748898930138,True
6901028010115,202508,1,0.725260119572644,True
6901028010115,202509,0,0.009167638507229799,False
6901028010115,202510,0,0.009167638507229799,False
6901028010115,202511,0,0.08099511407432107,False
6901028010115,202512,0,0.08060297295122379,False
6901028010115,202601,0,0.08060297295122379,False
6901028010115,202602,0,0.6900840207279867,True
6901028010115,202603,1,0.6458607396561825,True
6901028010115,202604,0,0.7374161993015887,True
6901028010115,202605,0,0.7643273622769247,True
6901028010115,202606,1,0.7310618551413691,True
6901028010771,202501,0,0.35304101823447154,True
6901028010771,202503,1,0.6962390278959348,True
6901028010771,202504,0,0.6175571423815105,True
6901028010771,202505,0,0.026702814706967577,False
6901028010771,202506,0,0.5915504478835227,True
6901028010771,202507,0,0.020150378013242595,False
6901028010771,202508,0,0.02366124885623525,False
6901028010771,202510,0,0.0038457221551440116,False
6901028010771,202511,0,0.5724040372588304,True
6901028010771,202601,0,0.025906555752231657,False
6901028010771,202603,0,0.6281476593547448,True
6901028010771,202604,0,0.6427790301356331,True
6901028010771,202605,0,0.6477260664499315,True
6901028010771,202606,0,0.595103870141059,True
6901028011785,202501,0,0.33548160713770653,True
6901028011785,202502,0,0.6028067140903921,True
6901028011785,202504,0,0.5528638242088986,True
6901028011785,202505,0,0.05042644104441214,False
6901028011785,202506,0,0.6184776739856314,True
6901028011785,202507,0,0.5137607079609793,True
6901028011785,202508,0,0.6053322960185065,True
6901028011785,202509,0,0.5716908609387696,True
6901028011785,202510,0,0.05570162280553102,False
6901028011785,202511,0,0.5936082951567254,True
6901028011785,202601,0,0.04816321104297796,False
6901028011785,202602,0,0.5886813711021577,True
6901028011785,202603,0,0.0430956006823603,False
6901028011785,202604,0,0.6142338794003463,True
6901028011785,202605,0,0.6224600868016377,True
6901028011785,202606,0,0.6280999823964717,True
6901028012003,202501,0,0.5003718396728676,True
6901028012003,202502,0,0.4270992037365946,True
6901028012003,202503,0,0.41627761358790005,True
6901028012003,202504,0,0.4317616321324722,True
6901028012003,202505,0,0.47219673697622633,True
6901028012003,202506,0,0.4124453554579504,True
6901028012003,202507,1,0.5958272270322945,True
6901028012003,202508,0,0.32056140358438073,True
6901028012003,202509,0,0.3247705455502862,True
6901028012003,202510,0,0.4209409724112822,True
6901028012003,202511,0,0.4167258305585443,True
6901028012003,202512,0,0.41122311575236525,True
6901028012003,202601,0,0.115162118731426,False
6901028012003,202602,0,0.19658172290031692,True
6901028012003,202603,0,0.424495144457967,True
6901028012003,202604,0,0.4965678886460552,True
6901028012003,202605,0,0.5679019816457028,True
6901028012003,202606,0,0.6012143505586585,True
6901028013611,202503,0,0.7883801270370732,True
6901028013611,202505,0,0.017852493351082223,False
6901028013611,202506,1,0.8105307721246183,True
6901028013611,202507,0,0.8041709485032589,True
6901028013611,202509,0,0.7934178565151054,True
6901028013611,202601,0,0.014407472773153735,False
6901028013611,202605,0,0.014968670698905482,False
6901028013611,202606,0,0.01554797982129122,False
6901028018630,202501,0,0.3447879581771447,True
6901028018630,202502,0,0.7694744538834569,True
6901028018630,202503,0,0.03794940839185284,False
6901028018630,202505,0,0.7924993145513926,True
6901028018630,202507,1,0.7929866281657704,True
6901028018630,202508,0,0.008384211149761392,False
6901028018630,202601,0,0.008384211149761392,False
6901028018630,202602,0,0.03790286414021091,False
6901028018630,202603,0,0.7564594885177142,True
6901028018630,202605,0,0.03614293301443141,False
6901028018630,202606,0,0.037940466564036664,False
6901028018722,202501,0,0.3447879581771447,True
6901028018722,202502,1,0.7779440897148303,True
6901028018722,202504,0,0.549228332717512,True
6901028018722,202505,0,0.7668104790439378,True
6901028018722,202506,0,0.03779632718542869,False
6901028018722,202507,0,0.03779592235091033,False
6901028018722,202508,0,0.03794934822152519,False
6901028018722,202509,0,0.008774357866320389,False
6901028018722,202510,0,0.03758965188042832,False
6901028018722,202511,0,0.777269244071279,True
6901028018722,202601,0,0.03935638741568917,False
6901028018722,202602,0,0.7723594301805409,True
6901028018722,202604,0,0.7307106045589901,True
6901028018722,202605,0,0.04316758744019969,False
6901028024976,202501,0,0.715565260599378,True
6901028024976,202502,1,0.6117729068657358,True
6901028024976,202503,1,0.744243164679524,True
6901028024976,202504,0,0.014260807460024966,False
6901028024976,202505,0,0.7421983676129765,True
6901028024976,202506,0,0.7845021078050739,True
6901028024976,202507,0,0.731729765123064,True
6901028024976,202508,0,0.7425224476098036,True
6901028024976,202509,0,0.8170332792041944,True
6901028024976,202510,0,0.7069329800634349,True
6901028024976,202511,0,0.7829939382103852,True
6901028024976,202512,1,0.71535936312044,True
6901028024976,202601,0,0.9999952500747978,False
6901028024976,202602,0,0.6494075693994927,True
6901028024976,202603,0,0.7207299442027949,True
6901028024976,202604,0,0.7667563849708975,True
6901028024976,202605,0,0.06373259777331047,False
6901028024976,202606,0,0.7127386147916497,True
6901028025645,202501,0,0.6744310080733975,True
6901028025645,202502,0,0.6055668040368438,True
6901028025645,202503,0,0.709772937613242,True
6901028025645,202504,1,0.7010450068171832,True
6901028025645,202505,0,0.007998855031302664,False
6901028025645,202506,0,0.6421160803631083,True
6901028025645,202507,1,0.6579512619046981,True
6901028025645,202508,0,0.02028573233758881,False
6901028025645,202509,0,0.7890469749481396,True
6901028025645,202510,0,0.6720246748045352,True
6901028025645,202511,1,0.8505144942525954,True
6901028025645,202512,0,0.006462068676411518,False
6901028025645,202601,0,0.01755251018252666,False
6901028025645,202602,1,0.4583965739362858,True
6901028025645,202603,0,0.011160985062196142,False
6901028025645,202604,0,0.17287296176674613,True
6901028025645,202605,0,0.006972041843566349,False
6901028025645,202606,0,0.006974183829540182,False
6901028029919,202501,0,0.35304101823447154,True
6901028029919,202502,0,0.048528398350369165,False
6901028029919,202505,0,0.048528398350369165,False
6901028029919,202506,0,0.048528398350369165,False
6901028029919,202507,0,0.048528398350369165,False
6901028039758,202501,0,0.5138511944442411,True
6901028039758,202502,0,0.03454040108095498,False
6901028039758,202503,0,0.5440210995339484,True
6901028039758,202504,0,0.6136569873878022,True
6901028039758,202505,0,0.6426466888108318,True
6901028039758,202506,0,0.5634438707810242,True
6901028039758,202507,0,0.5995191526577986,True
6901028039758,202508,0,0.5830768656984168,True
6901028039758,202509,0,0.5543918773353758,True
6901028039758,202510,0,0.590629731711684,True
6901028039758,202511,0,0.027388780256390168,False
6901028039758,202512,0,0.5742121286584088,True
6901028039758,202602,0,0.528906655488284,True
6901028039758,202603,0,0.03206299013872675,False
6901028039758,202604,0,0.6082843297688924,True
6901028039758,202605,0,0.043175319756985284,False
6901028039758,202606,0,0.7238866230565967,True
6901028042215,202501,0,0.3747547501600516,True
6901028042215,202502,0,0.04760941797010941,False
6901028042215,202503,0,0.048290166008420635,False
6901028042215,202504,0,0.048290166008420635,False
6901028042215,202505,0,0.048290166008420635,False
6901028042215,202506,0,0.048290166008420635,False
6901028042215,202507,0,0.048290166008420635,False
6901028042215,202508,0,0.048290166008420635,False
6901028042215,202509,0,0.048290166008420635,False
6901028042215,202510,0,0.048290166008420635,False
6901028042215,202511,0,0.048290166008420635,False
6901028042635,202501,0,0.33548160713770653,True
6901028042635,202502,0,0.7843870311456068,True
6901028042635,202505,0,0.02366726839450242,False
6901028042635,202506,0,0.8128382007759565,True
6901028042635,202507,0,0.8280164734761065,True
6901028042635,202508,0,0.8113338785377263,True
6901028042635,202509,0,0.793712030922843,True
6901028042635,202510,0,0.8299177990618083,True
6901028042635,202511,0,0.8127760248793409,True
6901028042635,202512,0,0.7454771536360221,True
6901028042635,202601,0,0.7490055507224341,True
6901028042635,202602,0,0.7980475219766983,True
6901028042635,202603,0,0.8135004370581818,True
6901028042635,202604,0,0.8205584280770887,True
6901028042635,202605,0,0.775872315052487,True
6901028042635,202606,1,0.7799980165847245,True
6901028042758,202501,0,0.35304101823447154,True
6901028042758,202502,0,0.7406141837727751,True
6901028042758,202503,0,0.03726216184374228,False
6901028042758,202507,0,0.8100697815472303,True
6901028042758,202508,0,0.06365428888709361,False
6901028042758,202509,0,0.03918866936943994,False
6901028042758,202601,0,0.04852839835036937,False
6901028042758,202603,0,0.04852839835036937,False
6901028042963,202501,0,0.3447879581771447,True
6901028042963,202502,0,0.5675449317126089,True
6901028042963,202503,0,0.6055991144980312,True
6901028042963,202504,0,0.6239140277295009,True
6901028042963,202505,0,0.015886451104154452,False
6901028042963,202506,0,0.6078825021574545,True
6901028042963,202507,0,0.01589362701112857,False
6901028042963,202508,0,0.5894452216171371,True
6901028042963,202509,0,0.6041924810623317,True
6901028042963,202510,0,0.01661291061139251,False
6901028042963,202511,0,0.017244119783919556,False
6901028042963,202512,0,0.017123854966563042,False
6901028042963,202601,0,0.0032215823946258404,False
6901028042963,202602,0,0.018577514535449598,False
6901028042963,202603,0,0.01661291061139251,False
6901028042963,202605,0,0.01661291061139251,False
6901028045919,202501,0,0.3747547501600516,True
6901028045919,202502,1,0.6119769709870165,True
6901028045919,202503,0,0.440924014474698,True
6901028045919,202504,0,0.5973947310707024,True
6901028045919,202505,0,0.7003446252263096,True
6901028045919,202506,1,0.6872394431167734,True
6901028045919,202507,0,0.0014870697396293215,False
6901028045919,202508,0,0.6495734704931796,True
6901028045919,202509,0,0.586150413056539,True
6901028045919,202510,1,0.5239541558276651,True
6901028045919,202511,0,0.0015007569569776037,False
6901028045919,202512,0,0.5751149336483637,True
6901028045919,202601,0,0.652287591790835,True
6901028045919,202602,0,0.6813446246249464,True
6901028045919,202603,0,0.6176821183327305,True
6901028045919,202604,0,0.6667324383240562,True
6901028045919,202605,1,0.6781339922303559,True
6901028045919,202606,0,0.6653807587709618,True
6901028046893,202501,0,0.48067745640797777,True
6901028046893,202502,0,0.3508359259157704,True
6901028046893,202503,1,0.5403941643761137,True
6901028046893,202504,0,0.4265751932343156,True
6901028046893,202505,0,0.4094457162228713,True
6901028046893,202506,0,0.3832905195836565,True
6901028046893,202507,1,0.3632970637464095,True
6901028046893,202508,0,0.9942202228077104,False
6901028046893,202509,0,0.5126398648429185,True
6901028046893,202510,0,0.4155951647948103,True
6901028046893,202511,1,0.48962512619577414,True
6901028046893,202512,0,0.006994831395697526,False
6901028046893,202601,0,0.5012478399132855,True
6901028046893,202602,1,0.3917224689929525,True
6901028046893,202603,0,0.005779116967188076,False
6901028046893,202604,0,0.4097293375425068,True
6901028046893,202605,0,0.41296939656588294,True
6901028046893,202606,0,0.4277894230703306,True
6901028051989,202501,0,0.3747547501600516,True
6901028051989,202503,0,0.4372327822050814,True
6901028051989,202504,0,0.6829775958064198,True
6901028051989,202505,0,0.6829775958064198,True
6901028051989,202508,0,0.6829775958064198,True
6901028051989,202510,0,0.6821480193796782,True
6901028051989,202511,0,0.6829775958064198,True
6901028051989,202512,0,0.6744555003731665,True
6901028051989,202601,0,0.6829775958064198,True
6901028051989,202603,0,0.8622475831580422,True
6901028051989,202604,0,0.7868295966094321,True
6901028051989,202605,0,0.5220190107909652,True
6901028053440,202501,0,0.3447879581771447,True
6901028053440,202502,0,0.12406063984163998,False
6901028053440,202504,0,0.12406063984163998,False
6901028053440,202505,0,0.12406063984163998,False
6901028053440,202506,0,0.12406063984163998,False
6901028057080,202501,0,0.33548160713770653,True
6901028057080,202502,0,0.30561205537597314,True
6901028057080,202503,0,0.023043264124867107,False
6901028057080,202504,0,0.023043264124867107,False
6901028057080,202505,0,0.3818657012475114,True
6901028057080,202506,1,0.37549503227821845,True
6901028057080,202507,0,0.32119910594082407,True
6901028057080,202508,0,0.023043264124867107,False
6901028057080,202509,1,0.22348219953247472,True
6901028057080,202510,0,0.1404779503582365,False
6901028057080,202511,0,0.39379442404274667,True
6901028057080,202512,0,0.44812977395406106,True
6901028057080,202601,0,0.01757846376554628,False
6901028057080,202603,0,0.41844003967945476,True
6901028057080,202604,0,0.35837684249706153,True
6901028057080,202605,0,0.34468878259412683,True
6901028057080,202606,0,0.3833148291022393,True
6901028058148,202501,0,0.48067745640797777,True
6901028058148,202502,0,0.5363648192084923,True
6901028058148,202503,0,0.5309391802646415,True
6901028058148,202504,0,0.03096159329843534,False
6901028058148,202505,1,0.5415142556769267,True
6901028058148,202506,0,0.5059719554312886,True
6901028058148,202507,0,0.03084924749893421,False
6901028058148,202508,0,0.7912383264053577,True
6901028058148,202509,1,0.5216469682016869,True
6901028058148,202510,0,0.3695850506098441,True
6901028058148,202511,0,0.5374596987990368,True
6901028058148,202512,0,0.5712822069540616,True
6901028058148,202601,0,0.02977365455517142,False
6901028058148,202602,0,0.5944153770360877,True
6901028058148,202603,0,0.5046516407640725,True
6901028058148,202604,1,0.51603991423162,True
6901028058148,202605,0,0.511054563107202,True
6901028058148,202606,0,0.7013021725843386,True
6901028059114,202601,0,0.3447879581771447,True
6901028059114,202602,0,0.5989662184274342,True
6901028059114,202603,0,0.02284380690328574,False
6901028059114,202604,0,0.706339563064742,True
6901028059114,202605,1,0.6559380072957909,True
6901028059114,202606,0,0.7012949630948375,True
6901028062015,202501,0,0.3747547501600516,True
6901028062015,202502,0,0.5404031307612939,True
6901028062015,202503,0,0.5740159543089347,True
6901028062015,202504,0,0.5692450632024219,True
6901028062015,202505,1,0.5756266000424511,True
6901028062015,202506,0,0.5517171376248962,True
6901028062015,202507,0,0.5308198060294205,True
6901028062015,202508,1,0.5648423787147123,True
6901028062015,202509,0,0.003283566241589036,False
6901028062015,202510,0,0.003283566241589036,False
6901028062015,202511,0,0.5405030995942738,True
6901028062015,202512,0,0.5865763821287011,True
6901028062015,202601,0,0.5905755447636237,True
6901028062015,202602,0,0.531807567327242,True
6901028062015,202603,0,0.5099016806347932,True
6901028062015,202604,0,0.5693895848795892,True
6901028062015,202605,0,0.5494505247763823,True
6901028062015,202606,0,0.5339654633619882,True
6901028062329,202501,0,0.3447879581771447,True
6901028062329,202502,0,0.9474310620446582,True
6901028062329,202503,1,0.5811416389440852,True
6901028062329,202504,0,0.6153231795528348,True
6901028062329,202506,0,0.6170232261086717,True
6901028062329,202507,0,0.018042874784476033,False
6901028062329,202508,0,0.01873755582340133,False
6901028062329,202509,0,0.004323528535619299,False
6901028062329,202510,0,0.018695100519850558,False
6901028062329,202511,0,0.6508491681200728,True
6901028062329,202512,0,0.6688487356946491,True
6901028062329,202601,0,0.01903698320016195,False
6901028062329,202602,0,0.6107685567861312,True
6901028062329,202603,0,0.6028590520600647,True
6901028062329,202604,0,0.686505942454417,True
6901028062329,202605,0,0.678959864513498,True
6901028062329,202606,0,0.8021529075493917,True
6901028062350,202601,0,0.35304101823447154,True
6901028062350,202602,0,0.6568371241357169,True
6901028062350,202603,0,0.4575388975480908,True
6901028062350,202604,0,0.6522651930448329,True
6901028062350,202605,1,0.6602254783296866,True
6901028062350,202606,0,0.6131454714323988,True
6901028063371,202501,0,0.684264219537037,True
6901028063371,202502,0,0.014725100221196856,False
6901028063371,202503,0,0.014725100221196856,False
6901028063371,202504,0,0.014725100221196856,False
6901028063371,202505,0,0.8277027145440238,True
6901028063371,202506,0,0.7193660794195771,True
6901028063371,202507,0,0.8116774111932862,True
6901028063371,202508,0,0.728144907882411,True
6901028063371,202509,0,0.6910024133476049,True
6901028063371,202510,0,0.7005230140506583,True
6901028063371,202511,0,0.7129425943252583,True
6901028063371,202512,0,0.617897112560596,True
6901028063371,202601,0,0.07985807175331662,False
6901028063371,202602,1,0.6747150368465296,True
6901028063371,202603,0,0.01138142409282786,False
6901028063371,202604,0,0.7305419793869526,True
6901028063371,202605,0,0.07985807175331662,False
6901028063371,202606,0,0.707062405904794,True
6901028065504,202501,0,0.5372771961656033,True
6901028065504,202502,0,0.5695003436516408,True
6901028065504,202503,0,0.0721116976316674,False
6901028065504,202504,0,0.06723252494121708,False
6901028065504,202505,0,0.5268226026945435,True
6901028065504,202506,0,0.6148724246211271,True
6901028065504,202507,0,0.08169161056945902,False
6901028065504,202508,0,0.06525570684315878,False
6901028065504,202509,0,0.010356579971124776,False
6901028065504,202510,0,0.6032301850502627,True
6901028065504,202512,0,0.6334068252551531,True
6901028065504,202601,0,0.08600863682228922,False
6901028065504,202602,0,0.5292214512515189,True
6901028065504,202603,0,0.5015417341390549,True
6901028065504,202604,0,0.5699064200276438,True
6901028065504,202605,0,0.621545120843135,True
6901028065504,202606,0,0.6720566604646413,True
6901028071475,202501,0,0.5003718396728676,True
6901028071475,202502,1,0.5552424350675361,True
6901028071475,202503,0,0.005628965032041292,False
6901028071475,202504,0,0.5514527381507763,True
6901028071475,202505,1,0.5348292084420018,True
6901028071475,202506,0,0.5346891585134093,True
6901028071475,202507,0,0.5250326031448992,True
6901028071475,202508,0,0.5804089239066845,True
6901028071475,202509,0,0.15485180456276562,False
6901028071475,202510,0,0.2758581130769006,True
6901028071475,202511,0,0.5305753939632022,True
6901028071475,202601,1,0.6745119088444271,True
6901028071475,202602,0,0.007033535437100831,False
6901028071475,202603,0,0.38343690133354985,True
6901028071475,202604,1,0.9992055802219411,False
6901028071475,202605,0,0.6873423086667723,True
6901028071475,202606,1,0.6203202556807088,True
6901028071536,202501,0,0.5138511944442411,True
6901028071536,202502,0,0.04528397185403459,False
6901028071536,202503,0,0.5357147440830138,True
6901028071536,202504,0,0.5697314692091058,True
6901028071536,202505,0,0.045082916902793896,False
6901028071536,202506,0,0.045284084165800834,False
6901028071536,202507,0,0.542372898725791,True
6901028071536,202508,0,0.045082916902793896,False
6901028071536,202509,0,0.11752229953426412,False
6901028071536,202510,0,0.32034969548239056,True
6901028071536,202511,0,0.5779596711911953,True
6901028071536,202512,0,0.5686349133730755,True
6901028071536,202602,0,0.045082916902793896,False
6901028071536,202603,0,0.5609607966744299,True
6901028071536,202604,0,0.5310882016434887,True
6901028071536,202605,0,0.5762944707330534,True
6901028071536,202606,1,0.5733497282883436,True
6901028075015,202501,0,0.3447879581771447,True
6901028075015,202502,1,0.7318896214057988,True
6901028075015,202503,0,0.7525392674060328,True
6901028075015,202504,1,0.7684055522309171,True
6901028075015,202505,0,0.008384211149761346,False
6901028075015,202506,0,0.7621349916328131,True
6901028075015,202507,1,0.7660143604880822,True
6901028075015,202508,0,0.661577186252622,True
6901028075015,202509,0,0.6761753873254852,True
6901028075015,202510,1,0.7725021163679375,True
6901028075015,202511,0,0.8273016140513879,True
6901028075015,202512,0,0.8237589835351432,True
6901028075015,202601,0,0.7542927799078607,True
6901028075015,202602,0,0.7928454313148235,True
6901028075015,202603,0,0.6660503321965789,True
6901028075015,202604,0,0.7928931552840216,True
6901028075015,202605,0,0.7601787773883001,True
6901028075015,202606,0,0.763062958792804,True
6901028075022,202501,0,0.3747547501600516,True
6901028075022,202502,1,0.7508477091372687,True
6901028075022,202503,0,0.7461042544506794,True
6901028075022,202504,1,0.7557062736764388,True
6901028075022,202505,0,0.006729385255309164,False
6901028075022,202506,0,0.006729385255309164,False
6901028075022,202507,0,0.681471174393337,True
6901028075022,202508,1,0.601049996370587,True
6901028075022,202509,0,0.006729385255309164,False
6901028075022,202510,0,0.006729385255309164,False
6901028075022,202511,0,0.5825646374369549,True
6901028075022,202512,0,0.7390789777660977,True
6901028075022,202601,0,0.6977412387876517,True
6901028075022,202602,1,0.7977767589172591,True
6901028075022,202603,0,0.7041573024894746,True
6901028075022,202604,0,0.7628706103871434,True
6901028075022,202605,0,0.7547216352190412,True
6901028075022,202606,0,0.7573925371994249,True
6901028075053,202501,0,0.5003718396728676,True
6901028075053,202502,0,0.45134862440757495,True
6901028075053,202503,0,0.5392839242128638,True
6901028075053,202504,0,0.49708884586611174,True
6901028075053,202505,0,0.5310685694177569,True
6901028075053,202506,0,0.5124896276843782,True
6901028075053,202507,0,0.4255648574850008,True
6901028075053,202508,0,0.48570316418771614,True
6901028075053,202509,0,0.30819099781557624,True
6901028075053,202510,0,0.4503788493352335,True
6901028075053,202511,1,0.5845308713553681,True
6901028075053,202512,0,0.46146812604683485,True
6901028075053,202601,0,0.5251521489823379,True
6901028075053,202602,0,0.4902674711912504,True
6901028075053,202603,0,0.3567643896404317,True
6901028075053,202604,0,0.5080219740400999,True
6901028075053,202605,0,0.5530732731244905,True
6901028075053,202606,0,0.5386302337626669,True
6901028077910,202501,0,0.36338927248751435,True
6901028077910,202502,1,0.7980248497761907,True
6901028077910,202503,0,0.7868973063593342,True
6901028077910,202504,0,0.8002826771838311,True
6901028077910,202505,1,0.8190801780625816,True
6901028077910,202506,0,0.7698402048907655,True
6901028077910,202507,0,0.8751737810442443,True
6901028077910,202508,1,0.802677062219551,True
6901028077910,202509,0,0.007204307929102839,False
6901028077910,202510,0,0.7822371833842964,True
6901028077910,202511,0,0.048921661310492914,False
6901028077910,202601,0,0.03716497532696791,False
6901028077910,202602,0,0.8005588018294969,True
6901028077910,202603,0,0.8239127884351766,True
6901028077910,202604,0,0.8062822712672643,True
6901028077910,202605,0,0.8289699632667866,True
6901028077910,202606,0,0.8240287370168476,True
6901028079990,202501,0,0.35304101823447154,True
6901028079990,202502,0,0.725075702402202,True
6901028079990,202503,0,0.8151220815527841,True
6901028079990,202504,0,0.8030809003224005,True
6901028079990,202505,1,0.8047605488303451,True
6901028079990,202506,1,0.777349348935873,True
6901028079990,202507,0,0.9401264068278464,True
6901028079990,202508,0,0.816077493432312,True
6901028079990,202509,0,0.7785158965601803,True
6901028079990,202512,0,0.006212539272201349,False
6901028079990,202601,0,0.7437356112823235,True
6901028079990,202602,0,0.7720771985085643,True
6901028079990,202603,0,0.7779325120138127,True
6901028079990,202604,0,0.7711463062865157,True
6901028079990,202605,0,0.7892303909940881,True
6901028079990,202606,0,0.7710344160034447,True
6901028080224,202501,0,0.6308183389888631,True
6901028080224,202502,0,0.41933766644416803,True
6901028080224,202503,0,0.5756224531104948,True
6901028080224,202504,0,0.3446794785804731,True
6901028080224,202505,0,0.4351416510232616,True
6901028080224,202506,1,0.3961158114812986,True
6901028080224,202507,0,0.006224848840799275,False
6901028080224,202508,0,0.5192525770593014,True
6901028080224,202509,0,0.457096785232406,True
6901028080224,202510,0,0.4748219552533033,True
6901028080224,202511,1,0.536649877893343,True
6901028080224,202512,0,0.006224848840799275,False
6901028080224,202601,1,0.5229617100886808,True
6901028080224,202602,0,0.006268151839392793,False
6901028080224,202603,0,0.05602621436006146,False
6901028080224,202604,0,0.05602621436006146,False
6901028080224,202605,0,0.05602621436006146,False
6901028080224,202606,0,0.05602621436006146,False
6901028080446,202501,0,0.5651048453602578,True
6901028080446,202502,0,0.05018114439750466,False
6901028080446,202503,0,0.05018114439750466,False
6901028080446,202504,0,0.05018114439750466,False
6901028080446,202505,0,0.05018114439750466,False
6901028080446,202506,0,0.05018114439750466,False
6901028080446,202507,0,0.05018114439750466,False
6901028080446,202508,0,0.05018114439750466,False
6901028080521,202501,0,0.36338927248751435,True
6901028080521,202502,0,0.7797601105902956,True
6901028080521,202504,1,0.7899467551690097,True
6901028080521,202505,0,0.006617261573780821,False
6901028080521,202506,0,0.7406156801263053,True
6901028080521,202507,0,0.03518825358311339,False
6901028080521,202508,0,0.03518800802384964,False
6901028080521,202509,0,0.005240079527799454,False
6901028080521,202510,0,0.034885085569483595,False
6901028080521,202511,0,0.034885085569483595,False
6901028080521,202602,1,0.7964290370613905,True
6901028080521,202603,0,0.003908725172473808,False
6901028080521,202605,0,0.07848641383079842,False
6901028084321,202501,0,0.6744310080733975,True
6901028084321,202502,0,0.46205355482400856,True
6901028084321,202503,0,0.7139614622977467,True
6901028084321,202504,0,0.5704036182417187,True
6901028084321,202505,0,0.4885296832345965,True
6901028084321,202506,0,0.5914705155280472,True
6901028084321,202507,1,0.4978911566987335,True
6901028084321,202508,0,0.00965218335044162,False
6901028084321,202509,0,0.009468292863961822,False
6901028084321,202510,0,0.01130068273130038,False
6901028084321,202511,0,0.6856910723072646,True
6901028084321,202512,0,0.735028199438474,True
6901028084321,202601,0,0.811589101804478,True
6901028084321,202602,0,0.6406665218945795,True
6901028084321,202603,0,0.6563552082853951,True
6901028084321,202604,0,0.5983253511401394,True
6901028084321,202605,0,0.10519835939028899,False
6901028084321,202606,0,0.6499205957991961,True
6901028084772,202501,0,0.5138511944442411,True
6901028084772,202502,0,0.05532024768345957,False
6901028084772,202503,0,0.5343154443541072,True
6901028084772,202504,0,0.06436562741090304,False
6901028084772,202505,0,0.5347470771469843,True
6901028084772,202506,0,0.5694638977188669,True
6901028084772,202507,0,0.46203302182818107,True
6901028084772,202508,0,0.47048454647482285,True
6901028084772,202509,0,0.5021900958864376,True
6901028084772,202510,0,0.46795790189265735,True
6901028084772,202511,0,0.548449919944322,True
6901028084772,202512,0,0.5079664966147125,True
6901028084772,202601,0,0.48634511368002054,True
6901028084772,202602,0,0.520001421905587,True
6901028084772,202603,0,0.4774515899559576,True
6901028084772,202604,0,0.6596572757679899,True
6901028084772,202605,1,0.5343721349631128,True
6901028084772,202606,0,0.6510065781300102,True
6901028084925,202501,0,0.3447879581771447,True
6901028084925,202502,0,0.6630547895921669,True
6901028084925,202503,0,0.01475025225690457,False
6901028084925,202504,0,0.6731830017490081,True
6901028084925,202505,0,0.01475025225690457,False
6901028084925,202506,0,0.6869229960341114,True
6901028084925,202507,0,0.7018308475555177,True
6901028084925,202508,0,0.7457014259273954,True
6901028084925,202509,0,0.6702707023022556,True
6901028084925,202510,0,0.6644205113831755,True
6901028084925,202511,0,0.6403640857562223,True
6901028084925,202512,0,0.6597373447952516,True
6901028084925,202601,0,0.6387196761881312,True
6901028084925,202602,0,0.6624978324896891,True
6901028084925,202603,0,0.6560479594690365,True
6901028084925,202604,1,0.6712123751724164,True
6901028084925,202605,0,0.6642379398613311,True
6901028084925,202606,0,0.6617309676477339,True
6901028092432,202507,0,0.36338927248751435,True
6901028092432,202508,1,0.6284316541034903,True
6901028092432,202510,0,0.0043217026904723,False
6901028092432,202601,1,0.6475262486893063,True
6901028092432,202602,1,0.5836125968813359,True
6901028092432,202603,0,0.0043217026904723,False
6901028092432,202604,1,0.857529695006406,True
6901028092432,202605,0,0.5938870314786381,True
6901028092432,202606,1,0.667207203720127,True
6901028092838,202501,0,0.5138511944442411,True
6901028092838,202502,1,0.5097410987242097,True
6901028092838,202503,0,0.3165685173832029,True
6901028092838,202504,0,0.04083767515129865,False
6901028092838,202505,0,0.505125058823559,True
6901028092838,202506,0,0.04111245225093799,False
6901028092838,202507,0,0.04083767515129865,False
6901028092838,202508,0,0.04045428110017903,False
6901028092838,202509,0,0.0035363958853617803,False
6901028092838,202510,0,0.04083767515129865,False
6901028092838,202511,0,0.04083767515129865,False
6901028092838,202512,0,0.04083767515129865,False
6901028092838,202601,0,0.04083767515129865,False
6901028092838,202602,0,0.04083767515129865,False
6901028095891,202501,0,0.5455750926990948,True
6901028095891,202502,0,0.006442537004462841,False
6901028095891,202503,0,0.006439569369522441,False
6901028095891,202504,0,0.006862629053628629,False
6901028095891,202505,0,0.006682032981332174,False
6901028095891,202506,0,0.006368507208677771,False
6901028095891,202507,0,0.006383252431467531,False
6901028095891,202508,0,0.006207374618793253,False
6901028095891,202509,0,0.006207421246500413,False
6901028095891,202510,0,0.0418342249898791,False
6901028095891,202511,0,0.006442537004462841,False
6901028095891,202512,0,0.005999714910642525,False
6901028095891,202601,0,0.006541082824148813,False
6901028095891,202602,0,0.006442537004462841,False
6901028095891,202603,0,0.006442537004462841,False
6901028095891,202604,0,0.006170127266125127,False
6901028095891,202605,0,0.006442537004462841,False
6901028095891,202606,0,0.0074990503179117795,False
6901028098335,202501,0,0.3747547501600516,True
6901028098335,202502,0,0.5204319738390747,True
6901028098335,202504,0,0.021748353980045425,False
6901028098335,202505,1,0.4170225350440958,True
6901028098335,202506,0,0.3754011835387017,True
6901028098335,202507,0,0.02161541706828616,False
6901028098335,202508,0,0.4486360529095596,True
6901028098335,202509,0,0.21015638475860302,True
6901028098335,202510,0,0.36492902085536116,True
6901028098335,202511,0,0.3964900203912052,True
6901028098335,202512,0,0.4139396974601419,True
6901028098335,202601,0,0.01725584492656762,False
6901028098335,202603,0,0.41966529711292644,True
6901028098335,202604,0,0.6058991696913321,True
6901028098335,202605,0,0.3905470755717919,True
6901028098335,202606,1,0.8784424256620276,True
6901028100274,202501,0,0.4908353002036929,True
6901028100274,202502,1,0.46125003995941116,True
6901028100274,202503,0,0.398318396498382,True
6901028100274,202504,0,0.2161070931517806,True
6901028100274,202505,0,0.2037491866732708,True
6901028100274,202506,0,0.4184498664884263,True
6901028100274,202507,0,0.20823326086689722,True
6901028100274,202508,0,0.22288677046281982,True
6901028100274,202509,0,0.026232488740216553,False
6901028100274,202510,0,0.20249476642532976,True
6901028100274,202512,0,0.20249476642532976,True
6901028100274,202601,0,0.20249476642532976,True
6901028100274,202602,0,0.20249476642532976,True
6901028102094,202501,0,0.33548160713770653,True
6901028102094,202502,1,0.8123814127964275,True
6901028102094,202503,0,0.7920098425113323,True
6901028102094,202504,0,0.8002308797739639,True
6901028102094,202505,1,0.8458750292413589,True
6901028102094,202507,0,0.847928360353676,True
6901028102094,202508,0,0.023823873925722706,False
6901028102094,202510,0,0.002551819554014061,False
6901028102094,202511,0,0.02366726839450242,False
6901028102094,202512,0,0.02366726839450242,False
6901028102094,202601,0,0.018057218205123224,False
6901028102094,202602,0,0.02366726839450242,False
6901028102094,202603,0,0.02366726839450242,False
6901028102094,202604,0,0.02366726839450242,False
6901028102094,202605,0,0.02366726839450242,False
6901028104241,202501,0,0.684264219537037,True
6901028104241,202502,0,0.6926665878232702,True
6901028104241,202503,0,0.7236584165917577,True
6901028104241,202504,1,0.7333420433533339,True
6901028104241,202505,0,0.7635969630804361,True
6901028104241,202506,0,0.8433858017865693,True
6901028104241,202507,0,0.7165567333646963,True
6901028104241,202508,0,0.633832670218348,True
6901028104241,202509,0,0.3331489682497496,True
6901028104241,202510,1,0.5399355827394309,True
6901028104241,202511,0,0.014725100221196856,False
6901028104241,202512,0,0.014725100221196856,False
6901028104241,202601,0,0.014725100221196856,False
6901028104241,202602,0,0.012323278680217561,False
6901028104241,202603,0,0.07985807175331662,False
6901028104241,202604,0,0.07985807175331662,False
6901028104241,202605,0,0.07985807175331662,False
6901028104241,202606,0,0.07985807175331662,False
6901028104302,202501,0,0.35304101823447154,True
6901028104302,202502,0,0.6546030304800725,True
6901028104302,202503,0,0.6102917957830353,True
6901028104302,202504,0,0.0316814810709414,False
6901028104302,202505,0,0.6011098970440379,True
6901028104302,202506,0,0.5925104094626442,True
6901028104302,202507,0,0.6222669711182163,True
6901028104302,202508,0,0.6322956760232721,True
6901028104302,202509,0,0.40332001772334264,True
6901028104302,202511,0,0.5913306022053736,True
6901028104302,202512,0,0.0316814810709414,False
6901028104302,202601,0,0.0316814810709414,False
6901028104302,202602,1,0.5534289603795848,True
6901028104302,202603,0,0.6060839239233727,True
6901028104302,202604,0,0.5771037765088736,True
6901028104302,202605,0,0.6235304982420192,True
6901028104302,202606,1,0.6047457548271695,True
6901028104692,202501,0,0.4908353002036929,True
6901028104692,202502,0,0.06105942576516266,False
6901028104692,202503,0,0.06267094596585414,False
6901028104692,202504,0,0.06267094596585414,False
6901028104692,202505,0,0.06267094596585414,False
6901028104692,202506,0,0.06267094596585414,False
6901028104692,202507,0,0.06267094596585414,False
6901028104692,202508,0,0.06267094596585414,False
6901028104692,202509,0,0.06267094596585414,False
6901028104692,202510,0,0.06267094596585414,False
6901028104692,202511,0,0.06267094596585414,False
6901028107150,202501,0,0.33548160713770653,True
6901028107150,202502,1,0.8255722437940365,True
6901028107150,202504,0,0.04792180413045217,False
6901028107150,202505,1,0.8082700718911611,True
6901028107150,202506,0,0.7854867252405533,True
6901028107150,202507,0,0.8196675721054725,True
6901028107150,202508,1,0.8262161767461165,True
6901028107150,202509,0,0.005284074639890597,False
6901028107150,202510,0,0.04792180413045217,False
6901028107150,202511,0,0.04792180413045217,False
6901028107150,202512,0,0.04792180413045217,False
6901028107150,202601,0,0.04792180413045217,False
6901028107150,202602,0,0.04792180413045217,False
6901028107150,202604,0,0.04792180413045217,False
6901028107150,202605,0,0.04792180413045217,False
6901028107150,202606,0,0.04792180413045217,False
6901028107297,202501,0,0.6797794756180245,True
6901028107297,202502,0,0.06754052474102655,False
6901028107297,202503,0,0.6897367820926048,True
6901028107297,202504,0,0.06754052474102655,False
6901028107297,202505,1,0.7100386235423982,True
6901028107297,202506,0,0.010538656129408012,False
6901028107297,202507,0,0.06754052474102655,False
6901028107297,202508,1,0.7162752609081261,True
6901028107297,202509,0,0.010445590025307015,False
6901028107297,202510,0,0.010445590025307015,False
6901028107297,202511,0,0.06754052474102655,False
6901028107297,202512,0,0.06754052474102655,False
6901028107297,202602,0,0.06754052474102655,False
6901028107297,202604,0,0.06754052474102655,False
6901028107297,202605,0,0.06754052474102655,False
6901028111270,202501,0,0.4908353002036929,True
6901028111270,202502,0,0.5055460892506826,True
6901028111270,202503,1,0.5047549491757766,True
6901028111270,202504,0,0.36173596282009357,True
6901028111270,202505,1,0.4082197439055055,True
6901028111270,202506,0,0.0071666138697529845,False
6901028111270,202507,0,0.3799046378265886,True
6901028111270,202508,0,0.4149356291491579,True
6901028111270,202509,0,0.3504274110077121,True
6901028111270,202510,0,0.39529881356650287,True
6901028111270,202511,0,0.49124875251996664,True
6901028111270,202512,0,0.44796807883040785,True
6901028111270,202601,0,0.4837992490003319,True
6901028111270,202602,1,0.29094738696959305,True
6901028111270,202603,0,0.0070831711795423325,False
6901028111270,202604,0,0.433190107922249,True
6901028111270,202605,0,0.3873887930771205,True
6901028111270,202606,0,0.3201944709686822,True
6901028111546,202501,0,0.36338927248751435,True
6901028111546,202504,0,0.8086336056689861,True
6901028111546,202505,0,0.8078710881048774,True
6901028111546,202507,0,0.03321109691031369,False
6901028111546,202508,0,0.03321109691031369,False
6901028111546,202601,0,0.03321109691031369,False
6901028111546,202602,0,0.8098534744942388,True
6901028111546,202604,0,0.8359965488130754,True
6901028111546,202605,0,0.8743941337116413,True
6901028112505,202501,0,0.3747547501600516,True
6901028112505,202502,0,0.001942953267918357,False
6901028112505,202503,0,0.022259275159146493,False
6901028112505,202504,0,0.022259275159146493,False
6901028112505,202505,0,0.022259275159146493,False
6901028112505,202506,0,0.022259275159146493,False
6901028112505,202507,0,0.022259275159146493,False
6901028112505,202508,0,0.022259275159146493,False
6901028112505,202509,0,0.001942953267918357,False
6901028112505,202601,0,0.001942953267918357,False
6901028112505,202602,0,0.6864793187059504,True
6901028112505,202603,0,0.6670037043240722,True
6901028112505,202604,0,0.7673275440057702,True
6901028112505,202605,1,0.7824588184678256,True
6901028112505,202606,0,0.7541885141159993,True
6901028114455,202501,0,0.33548160713770653,True
6901028114455,202502,0,0.005942024553487115,False
6901028114455,202503,0,0.00539960792794355,False
6901028114455,202504,0,0.005324946473038921,False
6901028114455,202505,1,0.734101285939603,True
6901028114455,202506,0,0.005284074639890597,False
6901028114455,202507,0,0.005498103239769392,False
6901028114455,202508,0,0.005284074639890597,False
6901028114455,202509,0,0.005284074639890597,False
6901028114455,202510,0,0.005284074639890597,False
6901028114455,202511,0,0.005284074639890597,False
6901028114455,202512,0,0.005284074639890597,False
6901028114455,202601,0,0.04792180413045217,False
6901028114455,202602,0,0.005284074639890597,False
6901028114455,202603,0,0.04792180413045217,False
6901028114455,202604,0,0.04792180413045217,False
6901028114455,202605,0,0.04792180413045217,False
6901028114455,202606,0,0.04792180413045217,False
6901028118187,202501,0,0.5372771961656033,True
6901028118187,202502,0,0.46464481729123736,True
6901028118187,202503,0,0.6118330625121725,True
6901028118187,202504,0,0.4088848309217859,True
6901028118187,202505,0,0.44088250637434334,True
6901028118187,202506,0,0.397775688636663,True
6901028118187,202507,0,0.4583438013079638,True
6901028118187,202508,0,0.44129283562714183,True
6901028118187,202509,0,0.3978167176032833,True
6901028118187,202510,0,0.4592711247631159,True
6901028118187,202511,0,0.41927725626778417,True
6901028118187,202512,0,0.4036332246690251,True
6901028118187,202601,0,0.44135777808989113,True
6901028118187,202602,0,0.3955923844360969,True
6901028118187,202603,0,0.3294983582781857,True
6901028118187,202604,0,0.49085973221074913,True
6901028118187,202605,0,0.5391177755326841,True
6901028118187,202606,0,0.3656955494795298,True
6901028118828,202501,0,0.36338927248751435,True
6901028118828,202502,1,0.503156675396371,True
6901028118828,202503,0,0.004083813397439527,False
6901028118828,202504,0,0.6013500439546108,True
6901028118828,202505,0,0.6215452925582885,True
6901028118828,202506,1,0.5948912597048587,True
6901028118828,202507,0,0.004113359326308231,False
6901028118828,202508,1,0.8997054275709363,True
6901028118828,202509,0,0.004113359326308231,False
6901028118828,202510,0,0.5897468700144739,True
6901028118828,202511,0,0.6126501724615429,True
6901028118828,202512,0,0.5884577445149511,True
6901028118828,202601,0,0.45587109306836376,True
6901028118828,202602,0,0.5840580077447672,True
6901028118828,202603,0,0.5444316559010604,True
6901028118828,202604,0,0.6201995437683819,True
6901028118828,202605,0,0.6593489151747662,True
6901028118828,202606,0,0.5899679261471585,True
6901028119009,202501,0,0.36338927248751435,True
6901028119009,202505,0,0.8100529168268987,True
6901028119009,202506,0,0.015406579697693995,False
6901028119009,202507,0,0.015984284984692468,False
6901028119009,202508,0,0.015984284984692468,False
6901028119009,202509,0,0.002382899617670693,False
6901028119009,202510,0,0.015501474686588147,False
6901028119009,202512,0,0.015984284984692468,False
6901028119009,202601,1,0.7265056409739817,True
6901028119009,202602,0,0.7613124925504146,True
6901028119009,202603,0,0.7725528081609327,True
6901028119009,202604,0,0.8600294902524497,True
6901028119009,202605,0,0.8459309076794669,True
6901028119009,202606,0,0.809727065863115,True
6901028120708,202501,0,0.36338927248751435,True
6901028120708,202502,0,0.8416906686280805,True
6901028120708,202503,1,0.8142535716229901,True
6901028120708,202504,0,0.8027174885602356,True
6901028120708,202506,0,0.8093073677542106,True
6901028120708,202507,0,0.018398701654125445,False
6901028120708,202508,0,0.018398701654125445,False
6901028120708,202509,0,0.46537839733946657,True
6901028120708,202511,0,0.8330971226191489,True
6901028120708,202601,0,0.013985396794711773,False
6901028120708,202602,0,0.836822572784984,True
6901028120708,202603,0,0.7890191836255143,True
6901028120708,202604,0,0.8253053341605235,True
6901028120708,202605,0,0.855937065247466,True
6901028120708,202606,1,0.7971537445466531,True
6901028121736,202501,0,0.35304101823447154,True
6901028121736,202502,0,0.6056628110308346,True
6901028121736,202503,0,0.6294855830389383,True
6901028121736,202504,0,0.66726378394039,True
6901028121736,202505,0,0.6323859075302587,True
6901028121736,202506,0,0.027061661786572246,False
6901028121736,202507,0,0.027813492034170124,False
6901028121736,202508,0,0.027167851669509278,False
6901028121736,202509,0,0.004777459147778015,False
6901028121736,202510,0,0.025140601417782255,False
6901028121736,202511,0,0.02604643616550656,False
6901028121736,202512,0,0.025140601417782255,False
6901028121736,202601,0,0.5957907575558891,True
6901028121736,202602,0,0.023053656754684824,False
6901028121736,202603,0,0.025140601417782255,False
6901028121828,202601,0,0.3447879581771447,True
6901028121828,202602,0,0.6773379395543812,True
6901028121828,202603,0,0.5835302783680665,True
6901028121828,202604,0,0.6585159324024894,True
6901028121828,202605,0,0.6370985742887706,True
6901028121828,202606,0,0.6414223687389616,True
6901028123266,202501,0,0.6797794756180245,True
6901028123266,202502,1,0.6397061849933836,True
6901028123266,202503,1,0.6753139640215491,True
6901028123266,202504,0,0.6534238415561072,True
6901028123266,202505,1,0.6026092012212911,True
6901028123266,202506,0,0.014031742291545442,False
6901028123266,202507,1,0.6126236477888862,True
6901028123266,202508,0,0.010934230309885771,False
6901028123266,202509,0,0.01071858555176801,False
6901028123266,202510,0,0.010229342709335378,False
6901028123266,202511,0,0.0098264657879908,False
6901028123266,202512,0,0.01615595750325309,False
6901028123266,202601,0,0.017497084579412944,False
6901028123266,202602,0,0.012163675880940882,False
6901028123266,202603,0,0.07050973120927106,False
6901028123266,202604,0,0.07050973120927106,False
6901028123266,202605,0,0.07050973120927106,False
6901028123266,202606,0,0.07050973120927106,False
6901028124058,202501,0,0.33548160713770653,True
6901028124058,202502,1,0.5506190032347734,True
6901028124058,202503,0,0.6020047459209983,True
6901028124058,202504,0,0.6298411276154391,True
6901028124058,202505,0,0.6624887763892239,True
6901028124058,202506,0,0.5780973115203735,True
6901028124058,202507,0,0.6453136093341348,True
6901028124058,202508,0,0.031130594679559826,False
6901028124058,202509,0,0.3738019219672701,True
6901028124058,202510,0,0.6221014877036574,True
6901028124058,202511,0,0.8764833370936679,True
6901028124058,202512,0,0.5250529547647884,True
6901028124058,202601,0,0.633816081199677,True
6901028124058,202602,0,0.5693809557685685,True
6901028124058,202603,0,0.5016909637166251,True
6901028124058,202604,0,0.6227950042474361,True
6901028124058,202605,1,0.7574330949989413,True
6901028124058,202606,0,0.6699733721061872,True
6901028125888,202506,0,0.8121373698970503,True
6901028125888,202507,0,0.047921804130452376,False
6901028125888,202508,0,0.0493172095147416,False
6901028125888,202511,0,0.00528407463989062,False
6901028125970,202501,0,0.3747547501600516,True
6901028125970,202502,0,0.7520073694884252,True
6901028125970,202503,1,0.7310201838963699,True
6901028125970,202504,0,0.7580023417627865,True
6901028125970,202505,0,0.7566383227412995,True
6901028125970,202506,0,0.754894718919762,True
6901028125970,202507,0,0.05465771153889537,False
6901028125970,202508,1,0.7573430042911475,True
6901028125970,202509,0,0.004320097604781201,False
6901028125970,202510,0,0.048290166008420635,False
6901028125970,202511,0,0.6418775037743393,True
6901028125970,202601,1,0.6684064845932305,True
6901028125970,202602,0,0.6620066320232136,True
6901028125970,202603,0,0.7091838644570555,True
6901028125970,202604,0,0.7862676698922617,True
6901028125970,202605,0,0.8170418892705845,True
6901028125970,202606,1,0.7416432371036517,True
6901028126007,202501,0,0.715565260599378,True
6901028126007,202502,1,0.6294833422499857,True
6901028126007,202503,0,0.7139257403343788,True
6901028126007,202504,0,0.6357902749932337,True
6901028126007,202505,0,0.6998406727557027,True
6901028126007,202506,0,0.712385107403939,True
6901028126007,202507,1,0.6022721137512778,True
6901028126007,202508,0,0.013445502963727133,False
6901028126007,202509,0,0.012874994283646924,False
6901028126007,202510,0,0.014103299163288119,False
6901028126007,202511,0,0.013364754162637818,False
6901028126007,202512,0,0.01240317915545428,False
6901028126007,202601,0,0.012241046010044106,False
6901028126007,202602,0,0.012879006634604288,False
6901028126007,202603,0,0.05506219075578562,False
6901028126007,202604,0,0.05506219075578562,False
6901028126007,202605,0,0.05506219075578562,False
6901028126007,202606,0,0.08029561854078447,False
6901028129725,202501,0,0.35304101823447154,True
6901028129725,202502,0,0.024752588160140202,False
6901028129725,202503,0,0.024752588160140202,False
6901028129725,202504,0,0.024752588160140202,False
6901028129725,202505,0,0.024752588160140202,False
6901028129725,202507,0,0.024752588160140202,False
6901028129725,202508,0,0.024752588160140202,False
6901028129725,202509,0,0.024752588160140202,False
6901028129725,202510,0,0.024752588160140202,False
6901028129725,202511,0,0.024752588160140202,False
6901028133081,202501,0,0.35304101823447154,True
6901028133081,202502,0,0.02447063337776692,False
6901028133081,202503,0,0.004421260809685941,False
6901028133081,202504,0,0.004421260809685941,False
6901028133081,202505,0,0.025140601417782255,False
6901028133081,202506,0,0.034475431814519855,False
6901028133081,202508,0,0.006111156447474894,False
6901028133081,202511,0,0.004421260809685941,False
6901028133081,202512,0,0.025140601417782255,False
6901028133081,202602,0,0.025140601417782255,False
6901028133081,202603,0,0.025140601417782255,False
6901028133333,202501,0,0.3447879581771447,True
6901028133333,202505,0,0.6664960224954507,True
6901028133333,202506,0,0.6177585237767501,True
6901028133333,202507,0,0.6210351646372503,True
6901028133333,202508,1,0.6286369456891324,True
6901028133333,202510,0,0.005065494210448275,False
6901028133333,202512,0,0.005065494210448275,False
6901028133333,202601,0,0.019101291321202057,False
6901028133333,202602,0,0.5512944334559428,True
6901028133333,202603,1,0.6386862018113857,True
6901028133333,202604,1,0.6039620765085884,True
6901028133333,202605,0,0.5896728572467049,True
6901028133333,202606,0,0.022061171191189496,False
6901028136686,202501,0,0.7005582131238772,True
6901028136686,202502,0,0.8405228983433952,True
6901028136686,202503,0,0.8360676587846331,True
6901028136686,202504,0,0.6977979868005996,True
6901028136686,202505,0,0.7134998857043998,True
6901028136686,202506,0,0.7059104562597899,True
6901028136686,202507,1,0.5873167548492864,True
6901028136686,202508,0,0.006572461364901398,False
6901028136686,202509,0,0.006924469101537554,False
6901028136686,202510,1,0.6386610075745764,True
6901028136686,202511,0,0.0066370545777881314,False
6901028136686,202512,0,0.013635429278725977,False
6901028136686,202601,0,0.7286635916889596,True
6901028136686,202602,0,0.624263579643363,True
6901028136686,202603,0,0.5682837539440199,True
6901028136686,202604,1,0.6563289788119542,True
6901028136686,202605,0,0.008556488447327084,False
6901028136686,202606,0,0.7495170329428518,True
6901028136891,202501,0,0.4832199941269056,True
6901028136891,202502,0,0.503080816491478,True
6901028136891,202503,0,0.5525344335728241,True
6901028136891,202504,0,0.49852164861755854,True
6901028136891,202505,0,0.4752520515779658,True
6901028136891,202506,1,0.5332820609796441,True
6901028136891,202507,0,0.007430728838782921,False
6901028136891,202508,0,0.007501937897982713,False
6901028136891,202509,0,0.5150124457431309,True
6901028136891,202510,0,0.6100670622867213,True
6901028136891,202511,0,0.4535313502133835,True
6901028136891,202512,0,0.5056235495560262,True
6901028136891,202601,1,0.4574417687077592,True
6901028136891,202602,0,0.008490575660033337,False
6901028136891,202603,0,0.038928517558482,False
6901028136891,202604,0,0.038928517558482,False
6901028136891,202605,0,0.038928517558482,False
6901028136891,202606,0,0.038928517558482,False
6901028138536,202501,0,0.36338927248751435,True
6901028138536,202502,0,0.00339921024605895,False
6901028138536,202504,0,0.5967284334665867,True
6901028138536,202505,0,0.6849413375641122,True
6901028138536,202506,1,0.6334639375170007,True
6901028138536,202507,0,0.002981922806061313,False
6901028138536,202508,1,0.6405629837290527,True
6901028138536,202509,0,0.003524321958231138,False
6901028138536,202510,0,0.023503726834750004,False
6901028138536,202511,0,0.0034412743819984696,False
6901028138536,202512,0,0.029078680759308105,False
6901028138536,202601,0,0.018398701654125445,False
6901028138536,202602,0,0.7013411147193782,True
6901028138536,202603,0,0.6806093102655145,True
6901028138536,202604,0,0.664826217828077,True
6901028138536,202605,0,0.6529621158606772,True
6901028138536,202606,0,0.7139315666651207,True
6901028141147,202501,0,0.715565260599378,True
6901028141147,202502,0,0.6597242765215605,True
6901028141147,202503,0,0.764346241457725,True
6901028141147,202504,0,0.6019613084812568,True
6901028141147,202505,0,0.6089269910161503,True
6901028141147,202506,0,0.6696483125970336,True
6901028141147,202507,0,0.7355869297674943,True
6901028141147,202508,0,0.6604245653208503,True
6901028141147,202509,0,0.6281973616815881,True
6901028141147,202510,0,0.6287401197115365,True
6901028141147,202511,0,0.6611075498910771,True
6901028141147,202512,0,0.6586832507833246,True
6901028141147,202601,0,0.06182473566160545,False
6901028141147,202602,0,0.6711595349967981,True
6901028141147,202603,0,0.583389077426979,True
6901028141147,202604,0,0.7413378176485175,True
6901028141147,202605,0,0.14731170361568294,False
6901028141147,202606,0,0.9500524398469097,False
6901028143448,202501,0,0.4908353002036929,True
6901028143448,202502,0,0.02928914683186252,False
6901028143448,202503,0,0.02928914683186252,False
6901028143448,202504,0,0.02928914683186252,False
6901028143448,202505,0,0.02928914683186252,False
6901028143448,202506,0,0.02928914683186252,False
6901028143448,202507,0,0.02928914683186252,False
6901028143448,202508,0,0.02928914683186252,False
6901028143448,202509,0,0.003174281240298205,False
6901028143448,202510,0,0.029439655910348587,False
6901028143448,202512,0,0.02928914683186252,False
6901028143448,202604,0,0.02928914683186252,False
6901028143448,202605,0,0.486964560076918,True
6901028143448,202606,1,0.48264402648242183,True
6901028143554,202501,0,0.3747547501600516,True
6901028143554,202502,0,0.3775309356685469,True
6901028143554,202503,0,0.42888508810551035,True
6901028143554,202504,0,0.3129741494128236,True
6901028143554,202505,1,0.4366485013127116,True
6901028143554,202506,0,0.4015551329666097,True
6901028143554,202507,0,0.02161541706828616,False
6901028143554,202508,0,0.02161541706828616,False
6901028143554,202509,0,0.4215672067112212,True
6901028143554,202510,0,0.4328134562053956,True
6901028143554,202511,0,0.4398663026194025,True
6901028143554,202512,0,0.4245608114713905,True
6901028143554,202601,0,0.4108522272549951,True
6901028143554,202602,0,0.3899557067538928,True
6901028143554,202603,0,0.39239880713780156,True
6901028143554,202604,0,0.45434496615891845,True
6901028143554,202605,1,0.44376709053599667,True
6901028143554,202606,0,0.3913218380056285,True
6901028143585,202501,0,0.48067745640797777,True
6901028143585,202502,0,0.024041909149676542,False
6901028143585,202503,0,0.005991080459251845,False
6901028143585,202504,0,0.025325662493945286,False
6901028143585,202505,0,0.025456143377755525,False
6901028143585,202506,0,0.024092497547512384,False
6901028143585,202507,0,0.02564267267442068,False
6901028143585,202508,0,0.02393862687929689,False
6901028143585,202509,0,0.0056604015328709685,False
6901028143585,202510,0,0.005780622846809403,False
6901028143585,202511,0,0.025747275018496912,False
6901028143585,202512,0,0.025095366410689025,False
6901028145077,202501,0,0.35304101823447154,True
6901028145077,202502,1,0.42784703429388127,True
6901028145077,202503,0,0.5614904304537429,True
6901028145077,202504,1,0.6930232600772479,True
6901028145077,202505,0,0.0056025287135553,False
6901028145077,202506,0,0.5881816350443347,True
6901028145077,202507,0,0.5623824462909697,True
6901028145077,202508,1,0.787040771986736,True
6901028145077,202509,0,0.0056025287135553,False
6901028145077,202510,0,0.5973998326502664,True
6901028145077,202511,0,0.7681245374206956,True
6901028145077,202512,0,0.6200919193662006,True
6901028145077,202601,0,0.40521661954685917,True
6901028145077,202602,0,0.591383198439964,True
6901028145077,202603,0,0.5842753758936028,True
6901028145077,202604,0,0.6154793057687438,True
6901028145077,202605,0,0.6118491228802998,True
6901028145077,202606,0,0.610394936477676,True
6901028145473,202501,0,0.36338927248751435,True
6901028145473,202502,0,0.8202673707414221,True
6901028145473,202503,0,0.790004244974905,True
6901028145473,202504,0,0.8050007872738687,True
6901028145473,202505,0,0.04536641271295837,False
6901028145473,202506,1,0.5956743233608716,True
6901028145473,202507,0,0.60226827067359,True
6901028145473,202509,0,0.027454766976282085,False
6901028145473,202510,0,0.7176766161851584,True
6901028145473,202511,0,0.8002987483343323,True
6901028145473,202601,0,0.817596968407539,True
6901028145473,202602,0,0.04590134018361865,False
6901028145473,202603,0,0.03625228363534871,False
6901028145473,202605,0,0.045716416311883085,False
6901028145473,202606,0,0.09023902913249754,False
6901028149921,202601,0,0.6219127123895869,True
6901028149921,202602,0,0.010424486660224153,False
6901028149921,202603,0,0.010565911305740222,False
6901028149921,202604,0,0.8735232043226941,True
6901028149921,202605,0,0.5913953191117014,True
6901028149921,202606,0,0.5632404229999749,True
6901028150378,202501,0,0.3447879581771447,True
6901028150378,202502,1,0.33014081299821724,True
6901028150378,202503,0,0.0030059298420708953,False
6901028150378,202504,0,0.014217756046641748,False
6901028150378,202505,0,0.43543424690232546,True
6901028150378,202506,0,0.014222538365555449,False
6901028150378,202507,0,0.003330654202207425,False
6901028150378,202508,0,0.014895820335930125,False
6901028150378,202509,0,0.0034405062698021948,False
6901028150378,202510,0,0.003544174510957046,False
6901028150378,202511,0,0.014480353879579987,False
6901028150378,202512,0,0.014234165594574407,False
6901028150378,202601,0,0.012243326989076774,False
6901028150378,202602,0,0.013316002316128306,False
6901028150378,202604,0,0.014170605278994285,False
6901028151634,202501,0,0.48067745640797777,True
6901028151634,202502,0,0.4047306790055264,True
6901028151634,202503,0,0.5420474054462221,True
6901028151634,202504,0,0.5262757399500806,True
6901028151634,202505,0,0.48174504826988745,True
6901028151634,202506,0,0.4060677848342291,True
6901028151634,202507,1,0.548333603704448,True
6901028151634,202508,0,0.4413074772479214,True
6901028151634,202509,0,0.5402665123878994,True
6901028151634,202510,0,0.4971567098420413,True
6901028151634,202511,0,0.5523744453818779,True
6901028151634,202512,0,0.4944940750716533,True
6901028151634,202601,0,0.5284239445225528,True
6901028151634,202602,0,0.4583691909046117,True
6901028151634,202603,0,0.4241833421689981,True
6901028151634,202604,0,0.5710531418332372,True
6901028151634,202605,0,0.5521120587117355,True
6901028151634,202606,0,0.6407312281382254,True
6901028154628,202504,0,0.771943475670123,True
6901028154628,202505,0,0.024731946765470084,False
6901028154628,202507,0,0.02436309692313733,False
6901028154628,202508,0,0.022483655904554256,False
6901028154628,202512,0,0.8046919854468575,True
6901028154628,202601,0,0.021273364312807692,False
6901028155557,202501,0,0.33548160713770653,True
6901028155557,202502,0,0.4075696603346575,True
6901028155557,202503,0,0.3742629491469192,True
6901028155557,202504,0,0.39091152760969533,True
6901028155557,202505,0,0.37155443515883896,True
6901028155557,202506,0,0.39234104036405326,True
6901028155557,202507,0,0.39870983157728,True
6901028155557,202508,0,0.4013032509995728,True
6901028155557,202509,0,0.3482920817436796,True
6901028155557,202510,0,0.3663192734419458,True
6901028155557,202511,0,0.3824957850813166,True
6901028155557,202512,0,0.3865889611962127,True
6901028155557,202601,0,0.396636996940253,True
6901028155557,202602,0,0.29498031938709285,True
6901028155557,202603,0,0.021091348156548572,False
6901028155557,202604,0,0.3240591542542063,True
6901028155557,202605,0,0.3876099741557308,True
6901028155557,202606,0,0.33534823018490467,True
6901028159548,202501,0,0.5455750926990948,True
6901028159548,202502,0,0.3648677350111791,True
6901028159548,202503,0,0.5738050682891869,True
6901028159548,202504,0,0.40026150819757367,True
6901028159548,202505,0,0.3806836493446698,True
6901028159548,202506,0,0.5251450572237635,True
6901028159548,202507,0,0.3924835884673161,True
6901028159548,202508,0,0.5004069968964889,True
6901028159548,202509,0,0.36233299945019376,True
6901028159548,202510,0,0.3861187854307306,True
6901028159548,202511,0,0.4791428846033766,True
6901028159548,202512,1,0.4361116504049418,True
6901028159548,202601,0,0.0038921773115265447,False
6901028159548,202602,0,0.3658699207506654,True
6901028159548,202603,0,0.39689760219616294,True
6901028159548,202604,1,0.44162195358417317,True
6901028159548,202605,0,0.008492791990633389,False
6901028159548,202606,0,0.00812841891461448,False
6901028159753,202501,0,0.5003718396728676,True
6901028159753,202502,0,0.9974119597184798,False
6901028159753,202503,0,0.39080514518706116,True
6901028159753,202504,0,0.024902394606098797,False
6901028159753,202505,1,0.9972627727084127,False
6901028159753,202506,0,0.3674947703238274,True
6901028159753,202507,0,0.3778910176381958,True
6901028159753,202508,0,0.36265800893316097,True
6901028159753,202509,0,0.17595043239556885,True
6901028159753,202510,1,0.3613469679646051,True
6901028159753,202511,0,0.46174909003075715,True
6901028159753,202512,1,0.37774099730578764,True
6901028159753,202601,0,0.5071357604199376,True
6901028159753,202602,0,0.42443671077245326,True
6901028159753,202603,0,0.024805613872022344,False
6901028159753,202604,0,0.38785831193380993,True
6901028159753,202605,0,0.3852470818893084,True
6901028159753,202606,0,0.5566002462874886,True
6901028160285,202501,0,0.5138511944442411,True
6901028160285,202502,0,0.004039541470193304,False
6901028160285,202503,1,0.5557150935263512,True
6901028160285,202504,0,0.37560802341706284,True
6901028160285,202505,0,0.49485469027940027,True
6901028160285,202506,0,0.48041383106961266,True
6901028160285,202507,0,0.5357390394604955,True
6901028160285,202508,0,0.5312143751215828,True
6901028160285,202509,0,0.4533744784699772,True
6901028160285,202510,0,0.48259827192759164,True
6901028160285,202511,0,0.4657965061191883,True
6901028160285,202512,0,0.9130509508185112,True
6901028160285,202601,0,0.03975143162876894,False
6901028160285,202602,0,0.47259526252364753,True
6901028160285,202603,0,0.47554860435716,True
6901028160285,202604,0,0.5205201208029864,True
6901028160285,202605,0,0.5104553879177157,True
6901028160285,202606,0,0.5205938668241373,True
6901028162876,202501,0,0.715565260599378,True
6901028162876,202502,0,0.5661472795806364,True
6901028162876,202503,1,0.754381753286221,True
6901028162876,202504,0,0.015881982272364415,False
6901028162876,202505,0,0.5950474304999319,True
6901028162876,202506,0,0.6129588675670256,True
6901028162876,202507,0,0.7030005779533294,True
6901028162876,202508,0,0.6927533043643258,True
6901028162876,202509,0,0.6998242577520178,True
6901028162876,202510,0,0.6948785190951324,True
6901028162876,202511,0,0.7392278634692693,True
6901028162876,202512,0,0.7878965069851387,True
6901028162876,202601,0,0.790773884492518,True
6901028162876,202602,0,0.5794720895255215,True
6901028162876,202603,0,0.5043155959360087,True
6901028162876,202604,0,0.7152590376288606,True
6901028162876,202605,0,0.7122180150433187,True
6901028162876,202606,1,0.7708094957460794,True
6901028164177,202501,0,0.6308183389888631,True
6901028164177,202502,0,0.006969595810299259,False
6901028164177,202503,0,0.006452968925722066,False
6901028164177,202504,0,0.006224848840799275,False
6901028164177,202505,0,0.006672207781169126,False
6901028164177,202506,0,0.006288526584862606,False
6901028164177,202507,0,0.006956278965131205,False
6901028164177,202508,0,0.006623014465224294,False
6901028164177,202509,0,0.006882282308815295,False
6901028164177,202510,0,0.006655357013056462,False
6901028164177,202511,0,0.006247132041558006,False
6901028164177,202512,0,0.006491842375214924,False
6901028164177,202601,0,0.005085075472385125,False
6901028164177,202602,0,0.010170646298749794,False
6901028164177,202603,0,0.006062793247247817,False
6901028164177,202604,0,0.0058421236921376764,False
6901028164177,202605,0,0.006224848840799275,False
6901028164177,202606,0,0.0786662116346579,False
6901028165242,202501,0,0.5372771961656033,True
6901028165242,202502,0,0.045986160457870684,False
6901028165242,202503,0,0.5445934452876583,True
6901028165242,202504,0,0.04559473558393954,False
6901028165242,202505,0,0.04559473558393954,False
6901028165242,202506,0,0.04559473558393954,False
6901028165242,202507,0,0.5934608573048015,True
6901028165242,202508,0,0.57380952770254,True
6901028165242,202509,0,0.5360230294272312,True
6901028165242,202510,0,0.5710681975915586,True
6901028165242,202511,0,0.49799497477388854,True
6901028165242,202512,0,0.5774153890228549,True
6901028165242,202601,0,0.5307003175446156,True
6901028165242,202602,0,0.5761551139314456,True
6901028165242,202603,0,0.40860094739659425,True
6901028165242,202604,0,0.46969279414451803,True
6901028165242,202605,0,0.5817787432392262,True
6901028165242,202606,1,0.6754687546520699,True
6901028165365,202501,0,0.33548160713770653,True
6901028165365,202502,0,0.703799153323305,True
6901028165365,202508,1,0.7881466282205855,True
6901028165365,202509,0,0.008852737783243652,False
6901028165365,202510,0,0.07802755930023757,False
6901028165365,202511,0,0.7845240220580145,True
6901028165365,202601,0,0.07802755930023757,False
6901028165860,202501,0,0.35304101823447154,True
6901028165860,202503,1,0.7638967707120837,True
6901028165860,202506,0,0.7891720266223786,True
6901028165860,202508,0,0.04852839835036937,False
6901028165860,202510,0,0.008706413014890774,False
6901028165860,202512,0,0.7973529563248174,True
6901028165860,202601,0,0.7937918892739568,True
6901028165860,202603,0,0.7288241082134332,True
6901028165860,202604,0,0.7885282379951305,True
6901028165860,202605,1,0.764299299134592,True
6901028165860,202606,1,0.769225986151138,True
6901028165921,202501,0,0.5003718396728676,True
6901028165921,202502,0,0.00971172577449082,False
6901028165921,202503,0,0.04996380970627293,False
6901028165921,202504,0,0.04996380970627293,False
6901028165921,202505,0,0.04996380970627293,False
6901028165921,202506,0,0.04996380970627293,False
6901028165921,202507,0,0.04996380970627293,False
6901028165921,202508,0,0.04996380970627293,False
6901028165921,202509,0,0.04996380970627293,False
6901028165921,202510,0,0.04996380970627293,False
6901028165921,202511,0,0.04996380970627293,False
6901028165921,202512,0,0.04996380970627293,False
6901028169967,202501,0,0.3447879581771447,True
6901028169967,202503,0,0.1355036035737822,False
6901028169967,202504,0,0.14514568865147826,False
6901028169967,202508,0,0.43031997011884515,True
6901028169967,202601,0,0.12509870103543724,False
6901028169967,202602,0,0.3423248869394179,True
6901028169967,202603,0,0.21063706467243912,True
6901028169967,202604,0,0.3918526286067915,True
6901028169967,202606,0,0.18843437596663773,True
6901028172509,202501,0,0.3747547501600516,True
6901028172509,202502,0,0.4866256769580908,True
6901028172509,202503,1,0.601857339229785,True
6901028172509,202504,0,0.5194808739792466,True
6901028172509,202505,0,0.586109126164848,True
6901028172509,202506,0,0.6218446133791782,True
6901028172509,202507,0,0.5716191445833926,True
6901028172509,202508,0,0.6068699258929819,True
6901028172509,202509,1,0.6032385809411173,True
6901028172509,202510,0,0.5013344952506095,True
6901028172509,202511,0,0.5884668362788479,True
6901028172509,202512,0,0.5819668154980798,True
6901028172509,202601,0,0.5653809525836818,True
6901028172509,202602,0,0.5564230775854053,True
6901028172509,202603,0,0.49884925511652056,True
6901028172509,202604,0,0.6891442998112147,True
6901028172509,202605,0,0.7046275361173326,True
6901028172509,202606,0,0.8681114600071279,True
6901028172936,202501,0,0.33548160713770653,True
6901028172936,202502,0,0.609985343247655,True
6901028172936,202503,0,0.6275354428962839,True
6901028172936,202504,0,0.02463742879135875,False
6901028172936,202505,0,0.605773470884497,True
6901028172936,202506,0,0.6217761652280455,True
6901028172936,202507,0,0.5055276403430463,True
6901028172936,202508,1,0.6146897782044092,True
6901028172936,202509,0,0.0025716556413159855,False
6901028172936,202510,0,0.023000613275274636,False
6901028172936,202511,0,0.02463742879135875,False
6901028172936,202512,0,0.02463742879135875,False
6901028172936,202601,0,0.05730870459363935,False
6901028172936,202602,0,0.02300798409215931,False
6901028172936,202604,0,0.02463742879135875,False
6901028172936,202605,0,0.02463742879135875,False
6901028172936,202606,0,0.02463742879135875,False
6901028177153,202501,0,0.5003718396728676,True
6901028177153,202502,1,0.527193514845417,True
6901028177153,202503,0,0.007598568034595378,False
6901028177153,202504,0,0.39265241305284715,True
6901028177153,202505,1,0.5737194684525612,True
6901028177153,202506,0,0.42063608358761406,True
6901028177153,202507,1,0.5743067452384126,True
6901028177153,202508,1,0.5607406001467546,True
6901028177153,202509,0,0.007033535437100831,False
6901028177153,202510,0,0.007033535437100831,False
6901028177153,202511,0,0.04005741741681096,False
6901028177153,202512,0,0.03950895801102911,False
6901028177153,202601,0,0.03950895801102911,False
6901028177153,202602,0,0.006811848982440624,False
6901028177153,202603,0,0.03950895801102911,False
6901028177153,202604,0,0.03950895801102911,False
6901028177153,202605,0,0.03950895801102911,False
6901028177153,202606,0,0.03950895801102911,False
6901028177214,202501,0,0.33548160713770653,True
6901028177214,202502,0,0.00528407463989062,False
6901028177214,202503,0,0.00528407463989062,False
6901028177214,202504,0,0.04816334413905549,False
6901028177214,202507,0,0.04779012577227341,False
6901028177214,202508,0,0.7304139712909136,True
6901028177214,202509,0,0.6668737865308397,True
6901028177214,202510,0,0.7596613486568804,True
6901028177214,202511,0,0.7496265550407459,True
6901028177214,202512,0,0.7834160236397143,True
6901028177214,202601,0,0.047921804130452376,False
6901028177214,202602,0,0.8224241941421506,True
6901028177214,202603,0,0.047921804130452376,False
6901028177214,202605,1,0.7985922897041577,True
6901028177214,202606,1,0.8459840823024638,True
6901028177771,202501,0,0.5003718396728676,True
6901028177771,202502,0,0.011494221460851385,False
6901028177771,202503,0,0.06136365904480345,False
6901028177771,202504,0,0.06136365904480345,False
6901028177771,202505,0,0.06136365904480345,False
6901028177771,202506,0,0.06136365904480345,False
6901028177771,202507,0,0.06136365904480345,False
6901028177771,202508,0,0.06136365904480345,False
6901028177771,202509,0,0.06136365904480345,False
6901028177771,202510,0,0.06136365904480345,False
6901028177771,202511,0,0.06136365904480345,False
6901028177771,202512,0,0.06136365904480345,False
6901028178105,202501,0,0.36338927248751435,True
6901028178105,202502,0,0.10753163208471449,False
6901028178105,202503,0,0.10753163208471449,False
6901028178105,202504,0,0.10753163208471449,False
6901028178105,202505,0,0.10753163208471449,False
6901028178105,202506,0,0.10753163208471449,False
6901028178105,202507,0,0.5302364078353189,True
6901028178105,202508,0,0.10753163208471449,False
6901028178105,202509,0,0.0172560979283415,False
6901028178105,202510,0,0.10753163208471449,False
6901028178105,202511,0,0.5422843117705924,True
6901028178105,202512,0,0.5104599051583454,True
6901028178105,202601,0,0.5345069057614389,True
6901028178105,202602,0,0.5072525025383726,True
6901028178105,202603,0,0.5067913443647417,True
6901028178105,202604,0,0.5190553229024152,True
6901028178105,202605,0,0.4797472272825728,True
6901028178105,202606,0,0.48178670153444103,True
6901028178259,202502,0,0.36338927248751435,True
6901028178259,202503,0,0.010418672769654106,False
6901028178259,202504,0,0.01032121726308358,False
6901028178259,202505,0,0.01032121726308358,False
6901028178259,202508,0,0.01032121726308358,False
6901028178259,202509,0,0.01032121726308358,False
6901028178259,202511,0,0.01032121726308358,False
6901028178259,202601,0,0.01032121726308358,False
6901028178259,202602,0,0.01046261609149638,False
6901028178259,202603,0,0.010235818424866287,False
6901028178259,202604,0,0.01032121726308358,False
6901028178259,202605,0,0.06678221701634045,False
6901028178648,202501,0,0.35304101823447154,True
6901028178648,202502,0,0.8326767715974953,True
6901028178648,202503,1,0.7810345606788673,True
6901028178648,202504,0,0.009444594286434129,False
6901028178648,202505,0,0.009888295462581917,False
6901028178648,202506,0,0.008706413014890736,False
6901028178648,202507,0,0.009449461869995112,False
6901028178648,202508,0,0.009404577645782144,False
6901028178648,202509,0,0.008706413014890736,False
6901028178648,202510,0,0.009411213499393672,False
6901028178648,202511,0,0.008706413014890736,False
6901028178648,202512,0,0.008706413014890736,False
6901028178648,202601,0,0.004247689658475437,False
6901028178648,202602,0,0.8217983656800627,True
6901028178648,202603,1,0.7827431645215301,True
6901028178648,202604,0,0.010694314759089186,False
6901028178648,202605,0,0.05747406078235419,False
6901028178648,202606,0,0.8025324451053847,True
6901028179270,202501,0,0.7005582131238772,True
6901028179270,202502,0,0.5165126796243266,True
6901028179270,202503,0,0.7069356363260211,True
6901028179270,202504,0,0.519294322473524,True
6901028179270,202505,0,0.5343602480014094,True
6901028179270,202506,0,0.5006078957895023,True
6901028179270,202507,0,0.5238547756726573,True
6901028179270,202508,0,0.1941496717779017,True
6901028179270,202509,0,0.5172635410583633,True
6901028179270,202510,0,0.5227974867005843,True
6901028179270,202511,0,0.4849593988463273,True
6901028179270,202512,0,0.5022723284552424,True
6901028179270,202601,0,0.5888422105762025,True
6901028179270,202602,0,0.5386254371319891,True
6901028179270,202603,0,0.5424982538031484,True
6901028179270,202604,0,0.49873282994206763,True
6901028179270,202605,0,0.5672537919349436,True
6901028179270,202606,0,0.5237691073576489,True
6901028179324,202501,0,0.3447879581771447,True
6901028179324,202502,1,0.34764359783513055,True
6901028179324,202503,0,0.7129846522881012,True
6901028179324,202504,0,0.7481369325484387,True
6901028179324,202505,1,0.6998392969551877,True
6901028179324,202506,0,0.008758038018966866,False
6901028179324,202507,1,0.7420531714957814,True
6901028179324,202508,1,0.9999044039886081,False
6901028179324,202509,0,0.008524391252458522,False
6901028179324,202510,1,0.766191927236364,True
6901028179324,202511,0,0.008369132046873956,False
6901028179324,202601,0,0.006981375914271037,False
6901028179324,202602,0,0.8668476581465929,True
6901028179324,202603,0,0.541436417387537,True
6901028179324,202604,0,0.6219373401694389,True
6901028179324,202605,0,0.6692919937180567,True
6901028179324,202606,0,0.752461815391844,True
6901028179348,202501,0,0.3447879581771447,True
6901028179348,202502,0,0.24520053015058565,True
6901028179348,202503,0,0.6173555171404783,True
6901028179348,202504,0,0.5412370310131823,True
6901028179348,202505,1,0.52988557596378,True
6901028179348,202506,1,0.5632711567655243,True
6901028179348,202507,0,0.003702377323506858,False
6901028179348,202508,0,0.42250646098508876,True
6901028179348,202509,0,0.4191272819415519,True
6901028179348,202510,0,0.42476310001553097,True
6901028179348,202511,0,0.44518504079943055,True
6901028179348,202512,0,0.48478976363303744,True
6901028179348,202601,0,0.49250449697958687,True
6901028179348,202602,0,0.35205133395415467,True
6901028179348,202603,0,0.4117260865867836,True
6901028179348,202604,0,0.5331100981082885,True
6901028179348,202605,0,0.6013217530125946,True
6901028179348,202606,0,0.549979957920717,True
6901028179492,202501,0,0.6308183389888631,True
6901028179492,202502,0,0.01766173707941018,False
6901028179492,202503,0,0.5406258676644683,True
6901028179492,202504,0,0.3478991693720945,True
6901028179492,202505,0,0.2825578282382368,True
6901028179492,202506,0,0.2901534246198863,True
6901028179492,202507,0,0.28548536261050383,True
6901028179492,202508,0,0.3193142350470345,True
6901028179492,202509,0,0.3319436634965169,True
6901028179492,202510,1,0.3547501846407502,True
6901028179492,202511,0,0.02123168056981389,False
6901028179492,202512,0,0.022076114370210592,False
6901028179492,202601,0,0.017202622417726573,False
6901028179492,202602,0,0.020688253400746055,False
6901028179492,202603,0,0.14556072947670778,False
6901028179492,202604,0,0.1788527876969526,True
6901028179492,202605,0,0.14556072947670778,False
6901028179492,202606,0,0.14556072947670778,False
6901028180009,202501,0,0.3447879581771447,True
6901028180009,202502,1,0.6757032262286116,True
6901028180009,202503,1,0.9371460334947229,True
6901028180009,202504,0,0.02453763290629988,False
6901028180009,202505,1,0.6784022967613563,True
6901028180009,202506,0,0.021795094440834373,False
6901028180009,202507,0,0.02178837596056855,False
6901028180009,202508,0,0.02208980955397956,False
6901028180009,202509,0,0.02252851678786747,False
6901028180009,202510,0,0.02479841724355912,False
6901028180009,202511,0,0.030215904032040903,False
6901028180009,202512,0,0.035303954493590924,False
6901028180009,202601,0,0.02738553094515152,False
6901028180009,202602,0,0.8442571893760623,True
6901028180009,202603,0,0.6166775156258333,True
6901028180009,202604,0,0.706014882400167,True
6901028180009,202605,0,0.7455446826844813,True
6901028180009,202606,0,0.7313117777310219,True
6901028180580,202501,0,0.3747547501600516,True
6901028180580,202502,0,0.583681863656724,True
6901028180580,202503,0,0.5049716068208311,True
6901028180580,202504,0,0.2964020676413174,True
6901028180580,202505,0,0.28663082605128165,True
6901028180580,202506,0,0.2523701475908283,True
6901028180580,202507,0,0.252627165416394,True
6901028180580,202508,0,0.33130902037608273,True
6901028180580,202509,0,0.34622704567881607,True
6901028180580,202510,0,0.36927137515929576,True
6901028180580,202511,0,0.35963324105093175,True
6901028180580,202512,0,0.3394182728061027,True
6901028180580,202601,0,0.2902250060968404,True
6901028180580,202602,0,0.5553688960030373,True
6901028180580,202603,0,0.30793213067176567,True
6901028180580,202604,0,0.28693600595463753,True
6901028180580,202605,0,0.3044411393715564,True
6901028180580,202606,0,0.2815568112522786,True
6901028180603,202501,0,0.6219127123895869,True
6901028180603,202502,0,0.0075088344713406035,False
6901028180603,202503,0,0.6707381453501217,True
6901028180603,202504,0,0.3925123390010501,True
6901028180603,202505,0,0.3935459783894638,True
6901028180603,202506,0,0.3959319303836593,True
6901028180603,202507,0,0.3948477758059541,True
6901028180603,202508,0,0.4763800587992248,True
6901028180603,202509,0,0.3944805985667497,True
6901028180603,202510,0,0.4159922164403857,True
6901028180603,202511,0,0.4022161407632266,True
6901028180603,202512,0,0.46526589042906286,True
6901028180603,202601,0,0.6078724324692821,True
6901028180603,202602,1,0.39273819939837173,True
6901028180603,202603,0,0.0075088344713406035,False
6901028180603,202604,0,0.4005751078266802,True
6901028180603,202605,0,0.43569782222734177,True
6901028180603,202606,0,0.4080432721994793,True
6901028180634,202501,0,0.5355330385329226,True
6901028180634,202502,0,0.1692855592766466,True
6901028180634,202503,0,0.19003744442181264,True
6901028180634,202504,0,0.1564117809943846,False
6901028180634,202505,0,0.1590495985734492,False
6901028180634,202506,0,0.1646265302054104,False
6901028180634,202507,0,0.1737013283715895,True
6901028180634,202508,0,0.16460048280163536,False
6901028180634,202509,0,0.16047904561239434,False
6901028180634,202510,0,0.17875176074035956,True
6901028180634,202511,0,0.19135573127218142,True
6901028180634,202512,0,0.18879000789506103,True
6901028180634,202601,0,0.16328887488660784,False
6901028180634,202602,0,0.15889905633863644,False
6901028180634,202603,0,0.15306701188466487,False
6901028180634,202604,0,0.18182950822299151,True
6901028180634,202605,0,0.1672057087914896,False
6901028180634,202606,0,0.1629437614840829,False
6901028180788,202501,0,0.36338927248751435,True
6901028180788,202502,0,0.9108335632810771,True
6901028180788,202504,0,0.050485336330946505,False
6901028180788,202508,1,0.887848508886073,True
6901028180788,202511,0,0.008309308327653505,False
6901028180788,202601,0,0.05230096804309947,False
6901028180788,202602,0,0.9017125281159499,True
6901028180788,202603,0,0.8782190296632573,True
6901028180788,202604,0,0.8940824792919555,True
6901028180788,202605,0,0.8983726175419954,True
6901028180788,202606,0,0.8973646215285199,True
6901028180818,202501,0,0.5372771961656033,True
6901028180818,202502,0,0.49720072231688583,True
6901028180818,202503,0,0.6028044358409077,True
6901028180818,202504,1,0.5556452091711571,True
6901028180818,202505,0,0.007565550823720969,False
6901028180818,202506,0,0.007126984020860063,False
6901028180818,202507,0,0.9994934607605546,False
6901028180818,202508,0,0.580035724736262,True
6901028180818,202509,0,0.5921436082061732,True
6901028180818,202510,0,0.5461507387665842,True
6901028180818,202511,0,0.49539766798235113,True
6901028180818,202512,0,0.5290636190007733,True
6901028180818,202601,0,0.43137381600873215,True
6901028180818,202602,0,0.5308585649866844,True
6901028180818,202603,0,0.48639653068297095,True
6901028180818,202604,0,0.5447737924834984,True
6901028180818,202605,0,0.6020591775135457,True
6901028180818,202606,0,0.5766991448695764,True
6901028181457,202501,0,0.36338927248751435,True
6901028181457,202502,0,0.6562103812113108,True
6901028181457,202503,1,0.8059174033372085,True
6901028181457,202504,0,0.7915237625577656,True
6901028181457,202505,1,0.7598832677959132,True
6901028181457,202506,0,0.7966776434718592,True
6901028181457,202507,0,0.7906591625454876,True
6901028181457,202508,0,0.7494550334792752,True
6901028181457,202509,0,0.7849438474633198,True
6901028181457,202511,1,0.797050134021781,True
6901028181457,202601,0,0.0032266323901132686,False
6901028181457,202602,1,0.6936467131744214,True
6901028181457,202603,0,0.7275269858339821,True
6901028181457,202604,0,0.7989037787936648,True
6901028181457,202605,0,0.7377963733796279,True
6901028181457,202606,0,0.7177899775347542,True
6901028181815,202501,0,0.684264219537037,True
6901028181815,202502,0,0.8917348642956452,True
6901028181815,202503,1,0.7673262070786134,True
6901028181815,202504,0,0.01726596743727397,False
6901028181815,202505,0,0.7329431863488473,True
6901028181815,202506,0,0.7586062726549188,True
6901028181815,202507,0,0.738666481024818,True
6901028181815,202508,0,0.7615994184042368,True
6901028181815,202509,0,0.7511298345544013,True
6901028181815,202510,0,0.8446188671236342,True
6901028181815,202511,0,0.6958547100587574,True
6901028181815,202512,0,0.7303798147568612,True
6901028181815,202601,1,0.6820623036014297,True
6901028181815,202602,0,0.6457900579047203,True
6901028181815,202603,0,0.6494043933047818,True
6901028181815,202604,0,0.7122798729569557,True
6901028181815,202605,0,0.7533629297956174,True
6901028181815,202606,0,0.7538482817349277,True
6901028182560,202501,0,0.6219127123895869,True
6901028182560,202502,0,0.5398235493341528,True
6901028182560,202503,0,0.674245527680739,True
6901028182560,202504,0,0.40757345940918,True
6901028182560,202505,0,0.40904209861619717,True
6901028182560,202506,0,0.41013540286101413,True
6901028182560,202507,0,0.40987237311696434,True
6901028182560,202508,0,0.5782861746011864,True
6901028182560,202509,0,0.5267212926891802,True
6901028182560,202510,0,0.4776976433403328,True
6901028182560,202511,0,0.4808263047677667,True
6901028182560,202512,0,0.5483575297693839,True
6901028182560,202601,0,0.5797150760215465,True
6901028182560,202602,1,0.41934347067307653,True
6901028182560,202603,0,0.010424486660224153,False
6901028182560,202604,0,0.37722037851700313,True
6901028182560,202605,0,0.41040424570621536,True
6901028182560,202606,0,0.5195596248896368,True
6901028184250,202501,0,0.3447879581771447,True
6901028184250,202502,0,0.008619270908758218,False
6901028184250,202503,0,0.008384211149761392,False
6901028184250,202504,0,0.008815951296200353,False
6901028184250,202505,0,0.008384211149761392,False
6901028184250,202506,0,0.008384211149761392,False
6901028184250,202507,0,0.008384211149761392,False
6901028184250,202508,0,0.008384211149761392,False
6901028184250,202509,0,0.008384211149761392,False
6901028184250,202510,0,0.008384211149761392,False
6901028184250,202511,0,0.008384211149761392,False
6901028184250,202512,0,0.008384211149761392,False
6901028184250,202601,0,0.008384211149761392,False
6901028184250,202602,0,0.008666303590801781,False
6901028184250,202603,0,0.03714885028171612,False
6901028184250,202604,0,0.036893662195504405,False
6901028184250,202605,0,0.037496061049376,False
6901028184250,202606,0,0.04950747022631178,False
6901028184304,202501,0,0.35304101823447154,True
6901028184304,202502,1,0.6182230494759011,True
6901028184304,202503,0,0.34065182069995004,True
6901028184304,202504,1,0.4854055561621215,True
6901028184304,202505,0,0.3447335628823306,True
6901028184304,202506,0,0.3413012644312763,True
6901028184304,202507,0,0.34420861727276447,True
6901028184304,202508,0,0.3434796770056521,True
6901028184304,202509,0,0.34515333918856816,True
6901028184304,202510,0,0.3728264540747837,True
6901028184304,202511,0,0.40244651821952127,True
6901028184304,202512,0,0.448864232621753,True
6901028184304,202601,0,0.3282815891332503,True
6901028184304,202602,0,0.6230011559379449,True
6901028184304,202603,0,0.5449734616526947,True
6901028184304,202604,0,0.5363398241492627,True
6901028184304,202605,0,0.5708390549886974,True
6901028184304,202606,1,0.60785485769247,True
6901028185912,202501,0,0.3747547501600516,True
6901028185912,202502,0,0.7947514617032241,True
6901028185912,202503,0,0.6891811026239246,True
6901028185912,202504,0,0.5052931356745762,True
6901028185912,202505,0,0.4660970160390926,True
6901028185912,202506,0,0.445772199537162,True
6901028185912,202507,0,0.4229892324267958,True
6901028185912,202508,0,0.5280653005503196,True
6901028185912,202509,0,0.5688157588815097,True
6901028185912,202510,0,0.5405134525245159,True
6901028185912,202511,0,0.558807333298833,True
6901028185912,202512,0,0.5338134960014739,True
6901028185912,202601,0,0.46924399467860456,True
6901028185912,202602,0,0.7774787226954958,True
6901028185912,202603,0,0.5058017610095685,True
6901028185912,202604,0,0.5299150651103427,True
6901028185912,202605,0,0.4762152379929576,True
6901028185912,202606,0,0.5154437089665321,True
6901028187343,202501,0,0.36338927248751435,True
6901028187343,202502,0,0.33662723746989054,True
6901028187343,202503,1,0.4201370077474798,True
6901028187343,202504,0,0.4135610371798443,True
6901028187343,202505,0,0.02089255958236287,False
6901028187343,202506,0,0.31335225997421795,True
6901028187343,202507,0,0.4103536963138725,True
6901028187343,202508,0,0.46596344437350745,True
6901028187343,202509,0,0.39023030032841227,True
6901028187343,202510,0,0.3874531159450363,True
6901028187343,202511,0,0.42536621400257874,True
6901028187343,202512,0,0.021132457681611268,False
6901028187343,202601,0,0.021132457681611268,False
6901028187343,202602,0,0.40935435252379626,True
6901028187343,202603,0,0.33307895342062876,True
6901028187343,202604,0,0.4323952885776743,True
6901028187343,202605,0,0.4350617459241163,True
6901028187343,202606,0,0.3840191667800775,True
6901028187855,202501,0,0.35304101823447154,True
6901028187855,202502,1,0.8441704578941354,True
6901028187855,202503,0,0.7566587214993958,True
6901028187855,202504,1,0.7924032159913488,True
6901028187855,202505,0,0.7860756031371917,True
6901028187855,202506,0,0.05165797611154064,False
6901028187855,202507,0,0.04852839835036937,False
6901028187855,202508,0,0.04852839835036937,False
6901028187855,202509,0,0.008982641417440516,False
6901028187855,202510,0,0.8027356798188321,True
6901028187855,202511,0,0.05114611343692405,False
6901028187855,202512,0,0.04852839835036937,False
6901028187855,202601,0,0.023989297056137632,False
6901028187855,202602,0,0.05060839542998496,False
6901028187855,202604,0,0.05156089794561657,False
6901028187855,202605,0,0.8158695365711979,True
6901028187855,202606,0,0.7794267295583952,True
6901028188029,202501,0,0.33548160713770653,True
6901028188029,202503,1,0.8270469602558926,True
6901028188029,202506,1,0.8199705440629356,True
6901028188029,202508,0,0.0027510325759228325,False
6901028188029,202509,0,0.7545493012414195,True
6901028188029,202511,1,0.8150748103765562,True
6901028188029,202601,0,0.002551819554014061,False
6901028188029,202602,0,0.8531189570378582,True
6901028188029,202603,0,0.7412102337981653,True
6901028188029,202604,0,0.7848358325531646,True
6901028188029,202605,0,0.7996512077208557,True
6901028188029,202606,0,0.7790945819231223,True
6901028188081,202501,0,0.4908353002036929,True
6901028188081,202502,0,0.2988998027410025,True
6901028188081,202503,0,0.5481732195434363,True
6901028188081,202504,0,0.417681372678311,True
6901028188081,202505,0,0.5194214578491776,True
6901028188081,202506,0,0.3158264952236427,True
6901028188081,202507,0,0.41019428684951514,True
6901028188081,202508,0,0.44063498302780096,True
6901028188081,202509,0,0.3977451745677945,True
6901028188081,202510,0,0.327215299894373,True
6901028188081,202511,1,0.4870225163244464,True
6901028188081,202512,0,0.004397842235594847,False
6901028188081,202601,0,0.030796899695503394,False
6901028188081,202602,0,0.3083131253369513,True
6901028188081,202603,0,0.3837988920425843,True
6901028188081,202604,0,0.47204096904897597,True
6901028188081,202605,0,0.43594608854782224,True
6901028188081,202606,0,0.4862082753757845,True
6901028189057,202501,0,0.48067745640797777,True
6901028189057,202502,0,0.03300767092995307,False
6901028189057,202503,0,0.03300767092995307,False
6901028189057,202504,0,0.03300767092995307,False
6901028189057,202505,0,0.03300767092995307,False
6901028189057,202506,0,0.03300767092995307,False
6901028189057,202507,0,0.03300767092995307,False
6901028189057,202508,0,0.03300767092995307,False
6901028189057,202509,0,0.03300767092995307,False
6901028189057,202510,0,0.03300767092995307,False
6901028189057,202511,0,0.03300767092995307,False
6901028189057,202512,0,0.03300767092995307,False
6901028189989,202503,0,0.36338927248751435,True
6901028189989,202504,0,0.05996583986585518,False
6901028189989,202505,0,0.05996583986585518,False
6901028189989,202506,0,0.05996583986585518,False
6901028189989,202507,0,0.05996583986585518,False
6901028189989,202509,0,0.05996583986585518,False
6901028189989,202510,0,0.05996583986585518,False
6901028189989,202511,0,0.05996583986585518,False
6901028190374,202501,0,0.33548160713770653,True
6901028190374,202502,0,0.8282812429634191,True
6901028190374,202503,0,0.0539698180952061,False
6901028190374,202504,0,0.05366662261586936,False
6901028190374,202505,0,0.8522578118635037,True
6901028190374,202507,0,0.05397213444741554,False
6901028190374,202508,0,0.05160153545218436,False
6901028190374,202601,0,0.0522583593244481,False
6901028190374,202604,0,0.8033464644683652,True
6901028190602,202501,0,0.5003718396728676,True
6901028190602,202502,0,0.3690782938946522,True
6901028190602,202503,0,0.5428734179964277,True
6901028190602,202504,0,0.46738595875032135,True
6901028190602,202505,0,0.5373416265580172,True
6901028190602,202506,0,0.35430779435979326,True
6901028190602,202507,0,0.44268710591685945,True
6901028190602,202508,0,0.4705220467983013,True
6901028190602,202509,0,0.4864126990402727,True
6901028190602,202510,0,0.37729134802488196,True
6901028190602,202511,0,0.391506521519516,True
6901028190602,202512,0,0.5285620066480198,True
6901028190602,202601,0,0.4464962447716663,True
6901028190602,202602,0,0.34935842290214414,True
6901028190602,202603,0,0.45931172604185677,True
6901028190602,202604,0,0.47264305386990035,True
6901028190602,202605,0,0.47627839318462906,True
6901028190602,202606,0,0.4280757920675246,True
6901028191142,202501,0,0.6797794756180245,True
6901028191142,202502,0,0.009064642316740803,False
6901028191142,202503,0,0.009064642316740803,False
6901028191142,202504,0,0.009145453197346873,False
6901028191142,202505,0,0.009064642316740803,False
6901028191142,202506,0,0.009064642316740803,False
6901028191142,202507,0,0.009064642316740803,False
6901028191142,202508,0,0.009064642316740803,False
6901028191142,202509,0,0.009064642316740803,False
6901028191142,202510,0,0.009064642316740803,False
6901028191142,202511,0,0.009064642316740803,False
6901028191142,202512,0,0.009064642316740803,False
6901028191142,202601,0,0.009064642316740803,False
6901028191142,202602,0,0.009064642316740803,False
6901028191142,202603,0,0.05906191963956982,False
6901028191142,202604,0,0.009145531570738006,False
6901028191142,202605,0,0.05952832998753088,False
6901028191142,202606,0,0.05959738065742682,False
6901028193504,202501,0,0.3747547501600516,True
6901028193504,202502,0,0.5621764046441907,True
6901028193504,202503,0,0.5379331506234499,True
6901028193504,202504,0,0.566680296582405,True
6901028193504,202505,0,0.6335919556094585,True
6901028193504,202506,0,0.024413308559776966,False
6901028193504,202507,0,0.0021204194562615907,False
6901028193504,202508,0,0.4615727577505801,True
6901028193504,202509,0,0.5666903372216963,True
6901028193504,202510,0,0.5709868146566063,True
6901028193504,202511,0,0.5956516360546622,True
6901028193504,202512,0,0.6162318650224154,True
6901028193504,202601,0,0.024247318747075145,False
6901028193504,202602,0,0.5439714736995311,True
6901028193504,202603,0,0.5293859053929568,True
6901028193504,202604,0,0.5999660440265423,True
6901028193504,202605,0,0.568903632294339,True
6901028193504,202606,0,0.54669666652646,True
6901028196024,202503,0,0.36338927248751435,True
6901028196024,202504,0,0.6424536978091786,True
6901028196024,202508,0,0.7422943359034755,True
6901028196024,202510,0,0.2956603821086647,True
6901028196024,202602,0,0.7422943359034755,True
6901028196024,202603,0,0.2956603821086647,True
6901028196024,202604,0,0.6517353995317081,True
6901028196024,202605,0,0.6432007464836661,True
6901028204026,202501,0,0.35304101823447154,True
6901028204026,202505,0,0.0316814810709414,False
6901028204026,202506,0,0.0316814810709414,False
6901028204026,202508,0,0.0316814810709414,False
6901028204026,202509,0,0.0056025287135553,False
6901028204026,202510,0,0.5549682717609355,True
6901028204026,202511,0,0.0316814810709414,False
6901028204026,202604,0,0.0316814810709414,False
6901028204026,202605,0,0.5630310900935311,True
6901028204026,202606,0,0.5016495737621236,True
6901028204835,202501,0,0.35304101823447154,True
6901028204835,202503,1,0.8255810276975182,True
6901028204835,202504,0,0.004558301806276956,False
6901028204835,202507,0,0.0260606042531794,False
6901028204835,202508,0,0.8070250940373936,True
6901028204835,202509,0,0.8198171594847568,True
6901028204835,202510,0,0.8270238293486863,True
6901028204835,202512,0,0.8154358762026398,True
6901028204835,202601,0,0.02416169904774686,False
6901028204835,202602,0,0.026196928838073643,False
6901028204835,202603,0,0.012897584756351471,False
6901028204835,202604,0,0.019811754732991325,False
6901028204835,202605,0,0.026998313196008962,False
6901028204835,202606,0,0.023949028695235613,False
6901028207089,202501,0,0.4908353002036929,True
6901028207089,202502,0,0.032691221739483155,False
6901028207089,202503,0,0.02928914683186252,False
6901028207089,202504,0,0.02928914683186252,False
6901028207089,202505,0,0.02928914683186252,False
6901028207089,202506,0,0.02928914683186252,False
6901028207089,202507,0,0.02928914683186252,False
6901028207089,202508,0,0.02928914683186252,False
6901028207089,202509,0,0.02928914683186252,False
6901028207089,202510,0,0.02928914683186252,False
6901028207089,202511,0,0.02928914683186252,False
6901028207508,202501,0,0.33548160713770653,True
6901028207508,202502,1,0.6687365160343501,True
6901028207508,202503,0,0.0033314982789262623,False
6901028207508,202504,0,0.6496812778817257,True
6901028207508,202505,1,0.6276336415713555,True
6901028207508,202506,0,0.6300903529754297,True
6901028207508,202507,1,0.6275271810847665,True
6901028207508,202508,0,0.6114709008523069,True
6901028207508,202509,1,0.2530627951847276,True
6901028207508,202510,0,0.003339198887414865,False
6901028207508,202511,1,0.6018854691297192,True
6901028207508,202512,0,0.5522445713040767,True
6901028207508,202601,0,0.6323404406461964,True
6901028207508,202602,0,0.5229468069551082,True
6901028207508,202603,1,0.4950458471340954,True
6901028207508,202604,0,0.604229875732402,True
6901028207508,202605,0,0.6672657677995821,True
6901028207508,202606,1,0.6737946203191988,True
6901028207829,202501,0,0.35304101823447154,True
6901028207829,202502,0,0.022846025507212774,False
6901028207829,202503,0,0.022846025507212774,False
6901028207829,202504,0,0.022846025507212774,False
6901028207829,202505,0,0.022846025507212774,False
6901028207829,202506,0,0.022846025507212774,False
6901028207829,202507,0,0.022846025507212774,False
6901028207829,202508,0,0.022846025507212774,False
6901028211352,202501,0,0.5372771961656033,True
6901028211352,202502,1,0.4179976729880885,True
6901028211352,202503,0,0.532557293256864,True
6901028211352,202504,0,0.5367631173139558,True
6901028211352,202505,0,0.456293454326352,True
6901028211352,202506,1,0.4435163287054051,True
6901028211352,202507,0,0.5689704513440916,True
6901028211352,202508,0,0.43879908793528827,True
6901028211352,202509,0,0.45700132002979826,True
6901028211352,202510,0,0.46191513204281714,True
6901028211352,202511,0,0.5644270403059283,True
6901028211352,202512,1,0.5444107070804377,True
6901028211352,202601,0,0.00419995990228541,False
6901028211352,202602,0,0.3997495561719356,True
6901028211352,202603,0,0.5030011062060938,True
6901028211352,202604,0,0.4443674068502851,True
6901028211352,202605,0,0.5953404814420942,True
6901028211352,202606,0,0.5238425501190204,True
6901028212137,202501,0,0.36338927248751435,True
6901028212137,202506,0,0.8495627461222541,True
6901028212137,202508,0,0.04536641271295837,False
6901028212137,202510,0,0.006877952721633005,False
6901028212137,202511,0,0.04408650590708286,False
6901028212229,202501,0,0.3747547501600516,True
6901028212229,202502,1,0.7311322971221066,True
6901028212229,202503,0,0.004582377397361023,False
6901028212229,202504,0,0.00474407819355352,False
6901028212229,202505,0,0.04943776135064509,False
6901028212229,202507,0,0.004512787842433572,False
6901028212229,202508,0,0.05230613511020419,False
6901028212229,202510,0,0.004346698942433807,False
6901028212229,202601,1,0.7620430135102674,True
6901028212229,202602,0,0.7220884020087592,True
6901028212229,202603,0,0.7777460377239369,True
6901028212229,202604,0,0.776569235559725,True
6901028212229,202605,0,0.7763715423820773,True
6901028216166,202501,0,0.33548160713770653,True
6901028216166,202502,0,0.33364717101685093,True
6901028216166,202503,0,0.3837969485876155,True
6901028216166,202504,0,0.37202107496100234,True
6901028216166,202505,0,0.3840842765633102,True
6901028216166,202506,0,0.3702370016683411,True
6901028216166,202507,0,0.02017699832629549,False
6901028216166,202508,0,0.3670496922287245,True
6901028216166,202509,0,0.354669183307114,True
6901028216166,202510,0,0.3422440510824555,True
6901028216166,202511,0,0.3986855480402209,True
6901028216166,202512,0,0.38326486019999784,True
6901028216166,202601,0,0.3966121013792025,True
6901028216166,202602,0,0.27878016064603356,True
6901028216166,202603,0,0.3810226358699146,True
6901028216166,202604,1,0.3922048676923871,True
6901028216166,202605,0,0.3848243568640155,True
6901028216166,202606,0,0.36659239569668767,True
6901028218153,202501,0,0.36338927248751435,True
6901028218153,202506,0,0.798774730170075,True
6901028218153,202508,0,0.04536641271295818,False
6901028218153,202509,0,0.006877952721632974,False
6901028218153,202510,0,0.04592756325355532,False
6901028218153,202601,0,0.04536641271295818,False
6901028218153,202602,0,0.006877952721632974,False
6901028218153,202603,0,0.9911800104890613,False
6901028218153,202605,0,0.8148826155171083,True
6901028218153,202606,0,0.8139380296504712,True
6901028218184,202501,0,0.35304101823447154,True
6901028218184,202502,0,0.8094444486487627,True
6901028218184,202503,0,0.625319564138431,True
6901028218184,202504,0,0.6799241438513607,True
6901028218184,202505,0,0.033889222365056204,False
6901028218184,202506,0,0.0316814810709414,False
6901028218184,202507,0,0.0056025287135553,False
6901028218184,202508,0,0.006053313699396106,False
6901028218184,202509,0,0.0054342887776659575,False
6901028218184,202512,0,0.7783965196441655,True
6901028218184,202601,0,0.015580435239476222,False
6901028218184,202602,0,0.006693396851404693,False
6901028218184,202603,0,0.028425322390033918,False
6901028218184,202606,0,0.03713397978454908,False
6901028218603,202501,0,0.35304101823447154,True
6901028218603,202502,1,0.9049524484566149,True
6901028218603,202503,1,0.7778803475130971,True
6901028218603,202505,1,0.792581329986513,True
6901028218603,202506,0,0.008706413014890736,False
6901028218603,202507,0,0.008706413014890736,False
6901028218603,202508,0,0.6937744871124812,True
6901028218603,202509,0,0.700084352496626,True
6901028218603,202510,1,0.7501455874352863,True
6901028218603,202511,0,0.008706413014890736,False
6901028218603,202601,0,0.008706413014890736,False
6901028218603,202602,0,0.8957035363020952,True
6901028218603,202603,0,0.740401537800975,True
6901028218603,202604,0,0.7581693315030344,True
6901028218603,202605,0,0.7824323042243577,True
6901028218603,202606,0,0.721538394135409,True
6901028218634,202501,0,0.3447879581771447,True
6901028218634,202502,1,0.6078117696186572,True
6901028218634,202503,0,0.43023073809427864,True
6901028218634,202504,0,0.4507483552495055,True
6901028218634,202505,1,0.5111208923668733,True
6901028218634,202506,0,0.43328003342883165,True
6901028218634,202507,0,0.4313098931444065,True
6901028218634,202508,0,0.4293741549959596,True
6901028218634,202509,0,0.421371957499461,True
6901028218634,202510,0,0.421371957499461,True
6901028218634,202511,0,0.421371957499461,True
6901028218634,202512,0,0.421371957499461,True
6901028218634,202601,0,0.421371957499461,True
6901028218634,202602,0,0.5516697033403354,True
6901028218634,202603,1,0.5753903873441338,True
6901028218634,202604,0,0.529664316073976,True
6901028218634,202605,1,0.5133836433348177,True
6901028218634,202606,0,0.5314005597910372,True
6901028218757,202501,0,0.36338927248751435,True
6901028218757,202502,0,0.663536048819601,True
6901028218757,202503,0,0.6589820081150203,True
6901028218757,202504,0,0.6551966022128193,True
6901028218757,202505,0,0.022659547100459254,False
6901028218757,202506,0,0.6090021741331758,True
6901028218757,202507,0,0.6390436993714518,True
6901028218757,202508,1,0.625742954857549,True
6901028218757,202509,0,0.003367435280480263,False
6901028218757,202510,0,0.023879202289979622,False
6901028218757,202511,0,0.02295997403067554,False
6901028218757,202512,0,0.022659547100459254,False
6901028218757,202601,0,0.022659547100459254,False
6901028218757,202602,0,0.0230214003979244,False
6901028218757,202603,0,0.6882790783606749,True
6901028218757,202605,0,0.6255403291536791,True
6901028218757,202606,0,0.6330632373342294,True
6901028218788,202503,0,0.33548160713770653,True
6901028218788,202504,0,0.06940755897455111,False
6901028218788,202505,0,0.06940755897455111,False
6901028218788,202508,0,0.06940755897455111,False
6901028218788,202510,0,0.06940755897455111,False
6901028218900,202601,0,0.3447879581771447,True
6901028218900,202603,0,0.7760937869357581,True
6901028218900,202604,0,0.7662168787124121,True
6901028218900,202605,0,0.807634024228627,True
6901028218900,202606,0,0.7997411499301363,True
6901028219174,202501,0,0.3747547501600516,True
6901028219174,202502,0,0.4147585219286562,True
6901028219174,202503,0,0.48067091992314137,True
6901028219174,202504,1,0.4069265736788653,True
6901028219174,202505,0,0.021898444550657797,False
6901028219174,202506,0,0.4300029749710038,True
6901028219174,202507,1,0.44655019322087547,True
6901028219174,202508,1,0.42786788150898813,True
6901028219174,202509,0,0.02174946266401253,False
6901028219174,202510,1,0.4193876977492237,True
6901028219174,202511,0,0.3507782444852593,True
6901028219174,202512,0,0.2063512473021245,True
6901028219174,202601,0,0.16943195080021128,True
6901028219174,202602,1,0.48317003811373016,True
6901028219174,202603,0,0.3722414357559727,True
6901028219174,202604,0,0.41133537945764415,True
6901028219174,202605,0,0.4518852974455386,True
6901028219174,202606,0,0.4366599188002106,True
6901028219839,202501,0,0.3447879581771447,True
6901028219839,202502,0,0.05158639221329685,False
6901028219839,202503,0,0.049086257413745164,False
6901028219839,202504,0,0.049086257413745164,False
6901028219839,202505,0,0.049086257413745164,False
6901028219839,202506,0,0.049086257413745164,False
6901028219839,202507,0,0.049086257413745164,False
6901028219839,202508,0,0.049086257413745164,False
6901028219839,202509,0,0.049086257413745164,False
6901028219839,202510,0,0.049086257413745164,False
6901028219839,202511,0,0.049086257413745164,False
6901028221351,202501,0,0.6744310080733975,True
6901028221351,202502,0,0.7709749717439282,True
6901028221351,202503,1,0.6707291670935007,True
6901028221351,202504,0,0.7242445689926508,True
6901028221351,202505,0,0.6491836564348671,True
6901028221351,202506,0,0.6718889051222217,True
6901028221351,202507,0,0.6271297028306333,True
6901028221351,202508,1,0.6758583785191625,True
6901028221351,202509,0,0.021205431394321815,False
6901028221351,202510,0,0.16891298456065912,True
6901028221351,202511,0,0.18566802717663755,True
6901028221351,202512,0,0.17578061229052874,True
6901028221351,202601,0,0.1554832786056866,False
6901028221351,202602,0,0.1708440282552132,True
6901028221351,202603,0,0.17118017206682706,True
6901028221351,202604,0,0.17118017206682706,True
6901028221351,202605,0,0.17118017206682706,True
6901028221351,202606,0,0.17118017206682706,True
6901028221450,202501,0,0.3447879581771447,True
6901028221450,202502,0,0.5510774918717695,True
6901028221450,202503,1,0.616984852314408,True
6901028221450,202504,0,0.5296193715590201,True
6901028221450,202505,0,0.6084276612709003,True
6901028221450,202506,1,0.6340052660782292,True
6901028221450,202507,0,0.003794705603733664,False
6901028221450,202508,0,0.6117709030071461,True
6901028221450,202509,0,0.6088578841075738,True
6901028221450,202510,0,0.6327746994581379,True
6901028221450,202511,0,0.6193390915418495,True
6901028221450,202512,0,0.6165233718761544,True
6901028221450,202601,0,0.6346715132040115,True
6901028221450,202602,0,0.5853696712778268,True
6901028221450,202603,0,0.5812675573321354,True
6901028221450,202604,0,0.6120623133390504,True
6901028221450,202605,0,0.5923475527845812,True
6901028221450,202606,0,0.7008084721127483,True
6901028224079,202501,0,0.48067745640797777,True
6901028224079,202502,0,0.5888999746621076,True
6901028224079,202504,0,0.5132966710798833,True
6901028224079,202505,0,0.5160895243407349,True
6901028224079,202506,0,0.5124550550994885,True
6901028224079,202507,0,0.47841318696900936,True
6901028224079,202508,0,0.5119678492394609,True
6901028224079,202509,0,0.44452395200740197,True
6901028224079,202510,0,0.4473407216648382,True
6901028224079,202511,0,0.48387072115050467,True
6901028224079,202512,0,0.5233235613735601,True
6901028224079,202601,0,0.4958472094790077,True
6901028224079,202602,0,0.44110275182307573,True
6901028224079,202603,0,0.40527001212518016,True
6901028224079,202604,0,0.49671129913877055,True
6901028224079,202605,0,0.6248068311266556,True
6901028224079,202606,0,0.52735259680146,True
6901028224642,202501,0,0.3747547501600516,True
6901028224642,202502,0,0.3138511190144107,True
6901028224642,202503,0,0.408544462686208,True
6901028224642,202504,0,0.4304442862773061,True
6901028224642,202505,0,0.37678466995816284,True
6901028224642,202506,0,0.4123856007063479,True
6901028224642,202507,0,0.4185550472854489,True
6901028224642,202508,0,0.5456324915481341,True
6901028224642,202509,0,0.3731479490057523,True
6901028224642,202510,0,0.4052580432415843,True
6901028224642,202511,0,0.39816264698802084,True
6901028224642,202512,0,0.41294500293965974,True
6901028224642,202601,0,0.3634138925967836,True
6901028224642,202602,0,0.3639799863576673,True
6901028224642,202603,0,0.31820095998278286,True
6901028224642,202604,0,0.4543223686211486,True
6901028224642,202605,0,0.5020692156829207,True
6901028224642,202606,0,0.5663424579477432,True
6901028225113,202501,0,0.36338927248751435,True
6901028225113,202502,0,0.021685991813879396,False
6901028225113,202503,0,0.017284342903741718,False
6901028225113,202504,0,0.017284342903741718,False
6901028225113,202505,0,0.017284342903741718,False
6901028225113,202506,0,0.017284342903741718,False
6901028225113,202507,0,0.017284342903741718,False
6901028225113,202508,0,0.017284342903741718,False
6901028225113,202509,0,0.017284342903741718,False
6901028225113,202510,0,0.017284342903741718,False
6901028225113,202511,0,0.017284342903741718,False
6901028225175,202501,0,0.5003718396728676,True
6901028225175,202502,0,0.37095490067150455,True
6901028225175,202503,0,0.5346912199273629,True
6901028225175,202504,0,0.46591766995930495,True
6901028225175,202505,0,0.4311351187425718,True
6901028225175,202506,0,0.46892996921342356,True
6901028225175,202507,0,0.5192671575328967,True
6901028225175,202508,0,0.5061169093037358,True
6901028225175,202509,0,0.4187647697066104,True
6901028225175,202510,0,0.43231079742389816,True
6901028225175,202511,0,0.49531725198980087,True
6901028225175,202512,0,0.46631647778836044,True
6901028225175,202601,0,0.5209281058428474,True
6901028225175,202602,0,0.38449999107181054,True
6901028225175,202603,0,0.5212817671846662,True
6901028225175,202604,0,0.4778320393757782,True
6901028225175,202605,0,0.4629034383997007,True
6901028225175,202606,0,0.44657772706448606,True
6901028227285,202501,0,0.36338927248751435,True
6901028227285,202502,0,0.1936169736816421,True
6901028227285,202503,0,0.3430498281204344,True
6901028227285,202504,0,0.2994322981896969,True
6901028227285,202505,0,0.32262582120058875,True
6901028227285,202506,0,0.3012086523950652,True
6901028227285,202507,0,0.24919545128776383,True
6901028227285,202508,0,0.32192159445353785,True
6901028227285,202509,0,0.31936022150037996,True
6901028227285,202510,0,0.31287079573398435,True
6901028227285,202511,0,0.3111618004098931,True
6901028227285,202512,0,0.3627370035949821,True
6901028227285,202601,0,0.5245204926665697,True
6901028227285,202602,0,0.26374096348813686,True
6901028227285,202603,0,0.25735487641324195,True
6901028227285,202604,0,0.4052612828919127,True
6901028227285,202605,1,0.3951412601895466,True
6901028227285,202606,0,0.29307622698757896,True
6901028227438,202501,0,0.715565260599378,True
6901028227438,202502,0,0.017385471055603514,False
6901028227438,202503,0,0.015338486355309777,False
6901028227438,202504,0,0.015116614785210617,False
6901028227438,202505,0,0.015116614785210617,False
6901028227438,202506,0,0.06278646447453079,False
6901028227438,202507,0,0.06682216676732862,False
6901028227438,202508,0,0.01795629041159332,False
6901028227438,202509,0,0.024230180543486066,False
6901028227438,202510,0,0.06543251239466287,False
6901028227438,202511,0,0.015889498155951736,False
6901028227438,202512,0,0.015116614785210617,False
6901028227438,202601,0,0.06373259777331047,False
6901028227438,202602,0,0.01365827202138944,False
6901028227438,202603,0,0.06373259777331047,False
6901028227438,202604,0,0.059073867253924404,False
6901028229074,202501,0,0.3447879581771447,True
6901028229074,202502,0,0.9651216506711775,False
6901028229074,202503,0,0.01661291061139251,False
6901028229074,202504,1,0.5684434525605071,True
6901028229074,202505,0,0.6306288801987061,True
6901028229074,202506,0,0.5725395061336473,True
6901028229074,202507,0,0.01661291061139251,False
6901028229074,202508,0,0.6383805365066179,True
6901028229074,202509,0,0.609874044804792,True
6901028229074,202510,0,0.676540475195904,True
6901028229074,202511,0,0.6313070878933985,True
6901028229074,202512,0,0.6357823962414799,True
6901028229074,202601,0,0.6214655118100572,True
6901028229074,202602,0,0.6089011458413772,True
6901028229074,202603,0,0.5866722019742932,True
6901028229074,202604,0,0.7800616325070668,True
6901028229074,202605,0,0.7202938187924263,True
6901028229074,202606,1,0.7196898983091345,True
6901028230186,202601,0,0.35304101823447154,True
6901028230186,202603,0,0.6234410310242045,True
6901028230186,202604,0,0.646920746092147,True
6901028230186,202605,0,0.6544296300038251,True
6901028230186,202606,0,0.6396077836372788,True
6901028241410,202501,0,0.36338927248751435,True
6901028241410,202505,0,0.8031280185277568,True
6901028241410,202506,0,0.03575522455364064,False
6901028241410,202507,0,0.03575522455364064,False
6901028241410,202508,0,0.03575522455364064,False
6901028241410,202509,0,0.005374900927621986,False
6901028241410,202511,0,0.8069683946947119,True
6901028241410,202601,0,0.03575522455364064,False
6901028241410,202602,0,0.8373646464607565,True
6901028241410,202603,0,0.7723164000420939,True
6901028241410,202604,0,0.7995834151522423,True
6901028241410,202605,0,0.7855197720897511,True
6901028241410,202606,0,0.7831561919528002,True
6901028242066,202501,0,0.3747547501600516,True
6901028242066,202502,1,0.7059556552821186,True
6901028242066,202503,1,0.28096900742217223,True
6901028242066,202504,0,0.003457775077872882,False
6901028242066,202505,1,0.5544984469690009,True
6901028242066,202506,0,0.011749308678698023,False
6901028242066,202507,0,0.003582705231691863,False
6901028242066,202508,0,0.0034394873069309934,False
6901028242066,202509,0,0.02314417488216916,False
6901028242066,202510,0,0.003659300341894289,False
6901028242066,202511,0,0.004320097604781201,False
6901028242066,202512,0,0.0033931011701278813,False
6901028242066,202601,0,0.048290166008420635,False
6901028242066,202602,0,0.5849444835074841,True
6901028242066,202603,0,0.7335224095247717,True
6901028242066,202604,1,0.7533401033089311,True
6901028242066,202605,1,0.6477787024194561,True
6901028242066,202606,1,0.5729395415733572,True
6901028245029,202501,0,0.3747547501600516,True
6901028245029,202502,0,0.43591759156895554,True
6901028245029,202503,0,0.43591759156895554,True
6901028245029,202504,0,0.43591759156895554,True
6901028245029,202505,0,0.43591759156895554,True
6901028247375,202507,0,0.3447879581771447,True
6901028247375,202508,0,0.6142875633957804,True
6901028247375,202509,0,0.41418530778181434,True
6901028247375,202510,0,0.6306528386503041,True
6901028247375,202511,0,0.6437586344376479,True
6901028247375,202601,1,0.6439515492154175,True
6901028247375,202602,0,0.5883174904998233,True
6901028247375,202603,0,0.593394520983041,True
6901028247375,202604,1,0.6091136254820282,True
6901028247375,202605,0,0.5892579027075983,True
6901028247375,202606,1,0.8216582226608498,True
6901028252959,202508,0,0.33548160713770653,True
6901028252959,202509,0,0.7757736047332642,True
6901028252959,202512,0,0.8439050555982028,True
6901028252959,202601,0,0.8287403619916334,True
6901028252959,202602,0,0.8101059874736851,True
6901028252959,202603,0,0.8351695252284848,True
6901028252959,202604,0,0.8384193775010671,True
6901028252959,202605,0,0.8432842127062495,True
6901028252959,202606,1,0.8445265137957347,True
6901028268950,202601,0,0.3447879581771447,True
6901028268950,202602,0,0.6233263129823294,True
6901028268950,202603,0,0.6601398899203241,True
6901028268950,202604,0,0.8992265262207678,True
6901028268950,202605,0,0.6272869241905634,True
6901028268950,202606,0,0.7489650796356405,True
6901028268981,202601,0,0.36338927248751435,True
6901028268981,202603,0,0.722885965276446,True
6901028268981,202604,1,0.8160586951354797,True
6901028268981,202605,0,0.7468473205238227,True
6901028268981,202606,0,0.9093149117767318,True
6901028271004,202601,0,0.33548160713770653,True
6901028271004,202602,0,0.021546086369718904,False
6901028271004,202603,0,0.614641687963936,True
6901028271004,202604,0,0.6293623393277094,True
6901028271004,202605,0,0.03419503055142526,False
6901028271004,202606,0,0.03357961751512849,False
6901028271547,202601,0,0.33548160713770653,True
6901028271547,202602,0,0.7971434451338268,True
6901028271547,202604,0,0.7856071717354247,True
6901028271547,202605,0,0.8366804547162198,True
6901028271547,202606,0,0.8426649387441099,True
6901028275668,202601,0,0.35304101823447154,True
6901028275668,202602,0,0.8268418046601551,True
6901028275668,202603,0,0.8113556577539314,True
6901028275668,202604,0,0.8219704359778766,True
6901028275668,202605,0,0.8229488995037745,True
6901028275668,202606,0,0.8243566749922242,True
6901028300063,202501,0,0.5138511944442411,True
6901028300063,202502,0,0.003064685295657887,False
6901028300063,202508,1,0.4700547810093177,True
6901028300063,202509,0,0.003064685295657887,False
6901028300063,202510,0,0.03470247271682942,False
6901028300063,202511,0,0.03470247271682942,False
6901028300063,202512,0,0.03470247271682942,False
6901028300063,202601,0,0.03470247271682942,False
6901028301695,202501,0,0.33548160713770653,True
6901028301695,202502,0,0.7464423971232342,True
6901028301695,202503,0,0.22144616422758207,True
6901028301695,202504,0,0.7249991801599193,True
6901028301695,202508,0,0.7254320308617168,True
6901028301695,202509,0,0.21505233451957415,True
6901028301695,202601,0,0.7219083550870151,True
6901028301695,202602,0,0.595319936050523,True
6901028312356,202504,0,0.36338927248751435,True
6901028312356,202511,0,0.006877952721633005,False
6901028312356,202602,0,0.9156330088792423,True
6901028312356,202603,0,0.8946807764329909,True
6901028312356,202604,0,0.8548643638676802,True
6901028312356,202606,0,0.8573210751103751,True
6901028314459,202501,0,0.3747547501600516,True
6901028314459,202502,1,0.7811645361836361,True
6901028314459,202503,0,0.736045049921082,True
6901028314459,202504,1,0.7693527020278345,True
6901028314459,202505,0,0.7547284845201135,True
6901028314459,202506,0,0.7632409511734295,True
6901028314459,202508,1,0.7856424219217041,True
6901028314459,202509,0,0.004864624895760467,False
6901028314459,202511,0,0.05502108095608572,False
6901028314459,202601,0,0.06775907341509321,False
6901028314459,202602,0,0.05334836531664099,False
6901028314459,202603,0,0.048290166008420635,False
6901028314459,202604,0,0.048290166008420635,False
6901028314459,202605,0,0.048290166008420635,False
6901028314459,202606,0,0.048290166008420635,False
6901028314985,202501,0,0.6797794756180245,True
6901028314985,202502,0,0.6092685092968089,True
6901028314985,202503,0,0.732488849808288,True
6901028314985,202504,0,0.6627588137721837,True
6901028314985,202505,0,0.5636261723190268,True
6901028314985,202506,0,0.6795141461348343,True
6901028314985,202507,0,0.7365992465661939,True
6901028314985,202508,0,0.5180030681585457,True
6901028314985,202509,0,0.5127190900437232,True
6901028314985,202510,0,0.5596443484649856,True
6901028314985,202511,1,0.5326565255626571,True
6901028314985,202512,0,0.010306398587541489,False
6901028314985,202601,0,0.010306398587541489,False
6901028314985,202602,0,0.5312398891467659,True
6901028314985,202603,0,0.5150922233844742,True
6901028314985,202604,1,0.5522880013374193,True
6901028314985,202605,0,0.010306398587541489,False
6901028314985,202606,0,0.5681519652797152,True
6901028315432,202501,0,0.684264219537037,True
6901028315432,202502,0,0.5887174030186295,True
6901028315432,202503,0,0.7320182266102936,True
6901028315432,202504,0,0.6836902067435153,True
6901028315432,202505,0,0.709782003261582,True
6901028315432,202506,0,0.6769224030769534,True
6901028315432,202507,1,0.6366468475371863,True
6901028315432,202508,0,0.015341267267065105,False
6901028315432,202509,0,0.013844680232804637,False
6901028315432,202510,1,0.6761443395181032,True
6901028315432,202511,0,0.011104991838899266,False
6901028315432,202512,0,0.014725100221196856,False
6901028315432,202601,0,0.00730576713500483,False
6901028315432,202602,0,0.011555780666744451,False
6901028315432,202603,0,0.05280794781818942,False
6901028315432,202604,0,0.01828916789386071,False
6901028315432,202605,0,0.1818346030793627,True
6901028315432,202606,0,0.18835358772191482,True
6901028317177,202501,0,0.33548160713770653,True
6901028317177,202502,0,0.38684366358307737,True
6901028317177,202503,1,0.6602968028182921,True
6901028317177,202504,0,0.5880731330023694,True
6901028317177,202505,0,0.4694593805055868,True
6901028317177,202506,0,0.6202255190817844,True
6901028317177,202507,0,0.5288806013086756,True
6901028317177,202508,0,0.5558477557074022,True
6901028317177,202509,0,0.5901430675993683,True
6901028317177,202510,0,0.5376399129549908,True
6901028317177,202511,0,0.5902888671750249,True
6901028317177,202512,0,0.6118635361934333,True
6901028317177,202601,0,0.5833154616191424,True
6901028317177,202602,0,0.5025625008389779,True
6901028317177,202603,0,0.5023969966528606,True
6901028317177,202604,0,0.5258389598667562,True
6901028317177,202605,0,0.5547698162956682,True
6901028317177,202606,1,0.5635450572755603,True
6901028322867,202501,0,0.3747547501600516,True
6901028322867,202503,0,0.033651591630446426,False
6901028322867,202504,0,0.030078567284720758,False
6901028322867,202505,0,0.030078567284720758,False
6901028322867,202506,0,0.030078567284720758,False
6901028324830,202502,0,0.5138511944442411,True
6901028324830,202503,0,0.055211661785930975,False
6901028324830,202504,0,0.6428104155287248,True
6901028324830,202505,0,0.07755230875290654,False
6901028324830,202506,0,0.06919712192187291,False
6901028324830,202507,1,0.5555817372460633,True
6901028324830,202508,0,0.6135540297549888,True
6901028324830,202509,0,0.38600631031167637,True
6901028324830,202510,0,0.395479140248086,True
6901028324830,202512,0,0.06347902641068441,False
6901028324830,202601,0,0.06365875489969733,False
6901028324830,202602,0,0.5050078666952037,True
6901028324830,202603,0,0.5214004289707813,True
6901028324830,202604,0,0.6087721280124007,True
6901028324830,202605,0,0.6839612851329956,True
6901028324830,202606,1,0.6555052111242733,True
6901028325257,202601,0,0.36338927248751435,True
6901028325257,202603,0,0.6228083365568212,True
6901028325257,202604,0,0.6646773476274999,True
6901028325257,202605,0,0.6929414801668105,True
6901028325257,202606,0,0.6989933179769864,True
6901028331296,202501,0,0.3447879581771447,True
6901028331296,202502,1,0.661675933122065,True
6901028331296,202505,0,0.6130895602335249,True
6901028331296,202506,0,0.2545244098473433,True
6901028331296,202507,0,0.27130174649367883,True
6901028331296,202508,0,0.26518186131551286,True
6901028331296,202509,0,0.25716154456717094,True
6901028331296,202510,0,0.27130174649367883,True
6901028331296,202601,0,0.27130174649367883,True
6901028339957,202501,0,0.48067745640797777,True
6901028339957,202502,0,0.5334200643551782,True
6901028339957,202503,0,0.4894942860658179,True
6901028339957,202504,0,0.4589885981772492,True
6901028339957,202505,0,0.34736940471385724,True
6901028339957,202506,1,0.3646445400214241,True
6901028339957,202507,0,0.009977288098304426,False
6901028339957,202508,0,0.3578903532674921,True
6901028339957,202509,0,0.3987031744254564,True
6901028339957,202510,0,0.3494322852224413,True
6901028339957,202511,0,0.4287888085833399,True
6901028339957,202512,0,0.36744436148546256,True
6901028339957,202601,0,0.47880475074779705,True
6901028339957,202602,0,0.38451041576720685,True
6901028339957,202603,0,0.364883268009669,True
6901028339957,202604,0,0.4514032742833862,True
6901028339957,202605,0,0.41511817991700484,True
6901028339957,202606,0,0.40203849226019234,True
6901028340618,202501,0,0.3747547501600516,True
6901028340618,202502,0,0.3048643207317856,True
6901028340618,202503,0,0.23476539548960912,True
6901028340618,202504,0,0.23476539548960912,True
6901028340618,202505,0,0.23476539548960912,True
6901028340618,202506,0,0.23476539548960912,True
6901028340618,202507,0,0.23476539548960912,True
6901028340618,202508,0,0.23476539548960912,True
6901028340618,202509,0,0.23476539548960912,True
6901028340618,202510,0,0.23476539548960912,True
6901028340618,202511,0,0.23476539548960912,True
6901028920858,202503,0,0.03417518067824471,False
6901028920858,202507,0,0.8004185532022464,True
6901028920858,202508,1,0.811864243447165,True
6901028920858,202510,0,0.007904425694481422,False
6901028920858,202603,0,0.03412933057046356,False
6901028936477,202501,0,0.48051936648655375,True
6901028936477,202502,0,0.5576240537748159,True
6901028936477,202503,0,0.03608028975946919,False
6901028936477,202504,0,0.5517569724702687,True
6901028936477,202505,0,0.5694997080861405,True
6901028936477,202506,0,0.5835710286794813,True
6901028936477,202507,0,0.5523983596923632,True
6901028936477,202508,1,0.5820880486787838,True
6901028936477,202509,0,0.00624533084648597,False
6901028936477,202510,0,0.03263050210846475,False
6901028936477,202511,0,0.03580935526986084,False
6901028936477,202512,0,0.0318443005995405,False
6901028936477,202601,0,0.021311254045498412,False
6901028936477,202603,0,0.026363585449597937,False
6901028936477,202604,0,0.03448519680026745,False
6901028936477,202605,0,0.03448519680026745,False
6901028936477,202606,0,0.03448519680026745,False
6901028936750,202501,0,0.4908353002036929,True
6901028936750,202502,0,0.5915636723725078,True
6901028936750,202503,0,0.5244303530351556,True
6901028936750,202504,0,0.5474210265963947,True
6901028936750,202505,1,0.5712977655784038,True
6901028936750,202507,0,0.521577165263923,True
6901028936750,202508,0,0.41260215551450413,True
6901028936750,202509,0,0.5264452460907451,True
6901028936750,202510,0,0.540334312588197,True
6901028936750,202511,1,0.5399669796317287,True
6901028936750,202512,0,0.5085466596463389,True
6901028936750,202601,0,0.44203623869585096,True
6901028936750,202602,0,0.6039240775879128,True
6901028936750,202603,0,0.5211831123220009,True
6901028936750,202604,0,0.6217641839249624,True
6901028936750,202605,1,0.6304041449305018,True
6901028936750,202606,0,0.7154701593594655,True
6901028936996,202501,0,0.3447879581771447,True
6901028936996,202502,1,0.34752838996852925,True
6901028936996,202503,0,0.37350614183356123,True
6901028936996,202504,1,0.36014191570146975,True
6901028936996,202505,1,0.4089012269454097,True
6901028936996,202506,0,0.37689663090094877,True
6901028936996,202507,0,0.41597738261967554,True
6901028936996,202508,0,0.015672732677479224,False
6901028936996,202509,0,0.015672732677479224,False
6901028936996,202510,0,0.015672732677479224,False
6901028936996,202511,0,0.015672732677479224,False
6901028936996,202512,0,0.015672732677479224,False
6901028936996,202601,0,0.01319662797297948,False
6901028936996,202602,0,0.015672732677479224,False
6901028936996,202603,0,0.015672732677479224,False
6901028936996,202604,0,0.015672732677479224,False
6901028936996,202605,0,0.015672732677479224,False
6901028937504,202501,0,0.5138511944442411,True
6901028937504,202502,0,0.05668940125296442,False
6901028937504,202503,0,0.05668940125296442,False
6901028937504,202504,0,0.05668940125296442,False
6901028937504,202505,0,0.05668940125296442,False
6901028937504,202506,0,0.05668940125296442,False
6901028937535,202501,0,0.7005582131238772,True
6901028937535,202502,0,0.005620862636481615,False
6901028937535,202504,0,0.005683395346325773,False
6901028937535,202505,0,0.7715947842416627,True
6901028937535,202506,0,0.6767028058424782,True
6901028937535,202507,1,0.7306105420487737,True
6901028937535,202508,0,0.013247771688559432,False
6901028937535,202509,0,0.006284280521001359,False
6901028937535,202510,0,0.006518037412272599,False
6901028937535,202511,0,0.07749222334499992,False
6901028937535,202512,0,0.0549503300619411,False
6901028937535,202601,0,0.07102803525610013,False
6901028937535,202602,0,0.0068421864817896005,False
6901028937535,202603,0,0.06238287107606854,False
6901028937535,202604,0,0.06238287107606854,False
6901028937535,202605,0,0.06238287107606854,False
6901028937535,202606,0,0.06238287107606854,False
6901028937832,202501,0,0.3747547501600516,True
6901028937832,202502,1,0.5190627178230275,True
6901028937832,202503,0,0.44415519081610766,True
6901028937832,202504,1,0.5015889065592909,True
6901028937832,202505,0,0.5932630501784962,True
6901028937832,202506,0,0.023263587910165865,False
6901028937832,202507,0,0.023263587910165865,False
6901028937832,202508,0,0.6345468212213101,True
6901028937832,202509,0,0.5802949705155026,True
6901028937832,202510,0,0.5973157296788029,True
6901028937832,202511,1,0.602547750646168,True
6901028937832,202512,0,0.5713315269845328,True
6901028937832,202601,0,0.5856104059988674,True
6901028937832,202602,0,0.582607226545564,True
6901028937832,202603,0,0.5658063671981339,True
6901028937832,202604,0,0.6097304490699862,True
6901028937832,202605,1,0.6065449851866955,True
6901028937832,202606,0,0.49298717415272786,True
6901028940504,202501,0,0.7566293695680641,True
6901028940504,202502,0,0.5521573289456987,True
6901028940504,202503,0,0.7409766986640843,True
6901028940504,202504,0,0.5512265400040388,True
6901028940504,202505,0,0.5526540378321497,True
6901028940504,202506,0,0.5527226782176511,True
6901028940504,202507,0,0.5734605928421518,True
6901028940504,202508,0,0.5614829670466738,True
6901028940504,202509,0,0.5916467597952344,True
6901028940504,202510,0,0.5631668087149891,True
6901028940504,202511,0,0.5466113387023065,True
6901028940504,202512,0,0.6050889932230874,True
6901028940504,202601,0,0.5984263276626594,True
6901028940504,202602,1,0.5847083395423956,True
6901028940504,202603,0,0.015733734675428823,False
6901028940504,202604,0,0.6142764853347084,True
6901028940504,202605,0,0.6232542671539317,True
6901028940504,202606,0,0.6644970200258468,True
6901028942881,202501,0,0.715565260599378,True
6901028942881,202502,0,0.04078738952084924,False
6901028942881,202503,0,0.04071501922645042,False
6901028942881,202504,0,0.03885131659170778,False
6901028942881,202505,0,0.040293840312218776,False
6901028942881,202506,0,0.040787303036986855,False
6901028942881,202507,0,0.03885131659170778,False
6901028942881,202508,0,0.04035994267619704,False
6901028942881,202509,0,0.039844363181761995,False
6901028942881,202510,0,0.04005070127922868,False
6901028942881,202511,0,0.040261617756264856,False
6901028942881,202512,0,0.045406338505897634,False
6901028942881,202601,0,0.35733537730813336,True
6901028942881,202602,0,0.03885131659170778,False
6901028942881,202603,0,0.03885131659170778,False
6901028942881,202604,0,0.03885131659170778,False
6901028942881,202605,0,0.15201763412855548,False
6901028942881,202606,0,0.03885131659170778,False
6901028942911,202501,0,0.48067745640797777,True
6901028942911,202502,1,0.4585665881336284,True
6901028942911,202504,0,0.44511862778910166,True
6901028942911,202505,0,0.5213051633434375,True
6901028942911,202506,0,0.49616281963400644,True
6901028942911,202507,0,0.04281046097010093,False
6901028942911,202508,0,0.5076390762386089,True
6901028942911,202509,0,0.4191335962108688,True
6901028942911,202510,0,0.5642247018964011,True
6901028942911,202511,0,0.5147206694581047,True
6901028942911,202512,1,0.6268133516952721,True
6901028942911,202601,0,0.505535828339949,True
6901028942911,202602,0,0.03361016216888998,False
6901028942911,202604,0,0.042810460970100925,False
6901028942911,202605,0,0.042810460970100925,False
8888075005524,202501,0,0.5138511944442411,True
8888075005524,202502,0,0.05782273581837735,False
8888075005524,202504,0,0.05782273581837735,False
8888075005524,202505,0,0.05782273581837735,False
8888075005524,202506,0,0.05782273581837735,False
8888075005524,202507,0,0.05782273581837735,False
8888075005524,202508,0,0.05807718610619363,False
8888075005524,202509,0,0.005220505013507137,False
8888075005524,202510,0,0.05782273581837735,False
8888075005524,202511,0,0.05818866108604422,False
8888075018616,202501,0,0.33548160713770653,True
8888075018616,202502,0,0.005411216101505283,False
8888075018616,202503,0,0.04902430077891303,False
8888075018616,202504,0,0.04902430077891303,False
8888075018616,202506,0,0.04902430077891303,False
8888075018616,202507,0,0.04902430077891303,False
8888075018616,202508,1,0.16856453157588258,True
8888075018616,202510,0,0.005411216101505283,False
8888075018616,202511,0,0.2269951223599575,True
8888075018616,202512,0,0.04902430077891303,False
8888075018616,202601,0,0.04902430077891303,False
8888075024037,202501,0,0.3747547501600516,True
8888075024037,202503,0,0.0013832131641588377,False
8888075024037,202504,0,0.01594013857422445,False
8888075024037,202505,0,0.01594013857422445,False
8888075024037,202506,0,0.01594013857422445,False
8888075024037,202507,0,0.01594013857422445,False
8888075024037,202508,1,0.43799502925255923,True
8888075024037,202510,0,0.0013832131641588377,False
8888075024037,202512,0,0.38297927972504336,True
8888075024037,202601,0,0.012529353991693713,False
8888075034715,202501,0,0.33548160713770653,True
8888075034715,202502,0,0.0050498313144776074,False
8888075034715,202503,0,0.0050498313144776074,False
8888075034715,202504,0,0.04588461660036675,False
8888075034715,202505,0,0.04588461660036675,False
8888075034715,202506,0,0.04588461660036675,False
8888075034715,202507,0,0.04588461660036675,False
8888075034715,202508,1,0.2245298965877449,True
8888075034715,202510,0,0.0050498313144776074,False
8888075034715,202512,0,0.04588461660036675,False
8888075034715,202601,0,0.03519806214656205,False
8888075034715,202602,0,0.04588461660036675,False
8888075034777,202501,0,0.35304101823447154,True
8888075034777,202505,0,0.008458396593615011,False
8888075034777,202506,0,0.04720000119812538,False
8888075034777,202507,0,0.04720000119812538,False
8888075034777,202508,1,0.2634543806855407,True
8888075034777,202510,0,0.008458396593615011,False
8888075034777,202601,0,0.0084129588505358,False
8888075034777,202605,0,0.04720000119812536,False
8888075056014,202501,0,0.5138511944442411,True
8888075056014,202502,0,0.007040537438312436,False
8888075056014,202505,0,0.007040537438312436,False
8888075056014,202506,0,0.007040537438312436,False
8888075056014,202507,0,0.07656999176760634,False
8888075056014,202508,1,0.4481752988060271,True
8888075056014,202509,0,0.007040537438312436,False
8888075056014,202510,0,0.007040537438312436,False
8888075056014,202512,0,0.4019166733118788,True
8888075056014,202601,0,0.07656999176760634,False
8888075056014,202602,0,0.07656999176760634,False
8888075056014,202605,0,0.007040537438312436,False
8888075074865,202501,0,0.3747547501600516,True
8888075074865,202505,0,0.0031452839447081633,False
8888075074865,202507,0,0.035585418830675,False
8888075074865,202508,0,0.035585418830675,False
8888075074865,202509,0,0.0031452839447081633,False
8888075074865,202510,0,0.035585418830675,False
8888075074865,202601,0,0.3482639559142417,True
8888075074865,202604,0,0.035585418830675,False
