seed_11,seed_23,seed_37,seed_51,seed_67,seed_79,seed_97,seed_113,seed_131,seed_149,code,ym
2.3528945299155515,1.87958269990848,1.8272990610784277,2.0689654519457985,1.706687642690523,1.8200419476552563,1.4001734813063114,2.9759648960034846,1.4675965762833978,-0.01553740964288422,4891132530116,202501
2.14899577932026,3.4475811894551764,4.032190658234331,1.7159850598587736,3.9401266739326095,2.7768230353858687,0.4154059335164625,4.8641267604342335,2.265803843376072,4.6303321811987725,4891132530116,202502
2.14899577932026,3.4475811894551764,4.032190658234331,1.7159850598587736,3.9401266739326095,2.7768230353858687,0.4154059335164625,4.8641267604342335,2.265803843376072,4.6303321811987725,4891132530116,202503
2.14899577932026,3.4475811894551764,4.032190658234331,1.7159850598587736,3.9401266739326095,2.7768230353858687,0.4154059335164625,4.8641267604342335,2.265803843376072,4.6303321811987725,4891132530116,202504
2.14899577932026,3.4475811894551764,4.032190658234331,1.7159850598587736,3.9401266739326095,2.7768230353858687,0.4154059335164625,4.8641267604342335,2.265803843376072,4.6303321811987725,4891132530116,202505
2.14899577932026,3.4475811894551764,4.032190658234331,1.7159850598587736,3.9401266739326095,2.7768230353858687,0.4154059335164625,4.8641267604342335,2.265803843376072,4.6303321811987725,4891132530116,202506
2.14899577932026,3.4475811894551764,4.032190658234331,1.7159850598587736,3.9401266739326095,2.7768230353858687,0.4154059335164625,4.8641267604342335,2.265803843376072,4.6303321811987725,4891132530116,202507
2.14899577932026,3.4475811894551764,4.032190658234331,1.7159850598587736,3.9401266739326095,2.7768230353858687,0.4154059335164625,4.8641267604342335,2.265803843376072,4.6303321811987725,4891132530116,202508
2.14899577932026,3.4475811894551764,4.032190658234331,1.7159850598587736,3.9401266739326095,2.7768230353858687,0.4154059335164625,4.8641267604342335,2.265803843376072,4.6303321811987725,4891132530116,202509
2.6199301897417038,0.9611468664681515,3.107336107708863,0.934434558223842,1.8170015073703234,0.9928056851052045,3.008012400608305,2.471564927477595,2.3282828520827845,0.8887807975577634,4891132530116,202510
2.14899577932026,3.4475811894551764,4.032190658234331,1.7159850598587736,3.9401266739326095,2.7768230353858687,0.4154059335164625,4.8641267604342335,2.265803843376072,4.6303321811987725,4891132530116,202511
4.221585186972065,3.5631427086163447,4.012390551376134,2.1553361076996627,3.4229997837496673,4.096479141152747,3.7248986941404016,2.598152689457234,3.3643861877064465,3.7414475846349293,4891132530116,202512
2.6064133556957945,1.9827903386573325,3.3373051175491533,0.8808122295596755,3.0603247510424643,1.1570799588575822,2.8739444277029906,3.17926118062345,1.6862134933011883,1.9336884526499816,4891132530116,202601
2.14899577932026,3.4475811894551764,4.032190658234331,1.7159850598587736,3.9401266739326095,2.7768230353858687,0.4154059335164625,4.8641267604342335,2.265803843376072,4.6303321811987725,4891132530116,202602
2.14899577932026,3.4475811894551764,4.032190658234331,1.7159850598587736,3.9401266739326095,2.7768230353858687,0.4154059335164625,4.8641267604342335,2.265803843376072,4.6303321811987725,4891132530116,202603
2.14899577932026,3.4475811894551764,4.032190658234331,1.7159850598587736,3.9401266739326095,2.7768230353858687,0.4154059335164625,4.8641267604342335,2.265803843376072,4.6303321811987725,4891132530116,202604
2.14899577932026,3.4475811894551764,4.032190658234331,1.7159850598587736,3.9401266739326095,2.7768230353858687,0.4154059335164625,4.8641267604342335,2.265803843376072,4.6303321811987725,4891132530116,202605
2.14899577932026,3.4475811894551764,4.032190658234331,1.7159850598587736,3.9401266739326095,2.7768230353858687,0.4154059335164625,4.8641267604342335,2.265803843376072,4.6303321811987725,4891132530116,202606
0.367403545833051,1.4122749817828573,-0.5006672368936194,0.4643536224552771,-1.3272967236094428,0.2568575629013189,1.5159739932811263,-0.9334689021199682,-0.9696490989344171,-0.044985815657473616,4891132601014,202503
1.490531221694262,0.4101002678624029,0.7982461140663629,1.9650946590760583,0.7536643483527626,1.6500847961395921,-0.16735741119076852,0.5385363296656427,-0.08334776511833228,1.5032680260557543,4891132601014,202507
1.490531221694262,0.4101002678624029,0.7982461140663629,1.9650946590760583,0.7536643483527626,1.6500847961395921,-0.16735741119076852,0.5385363296656427,-0.08334776511833228,1.5032680260557543,4891132601014,202508
4.652363653614451,5.170914392325469,4.974539283418042,5.7946825942941445,3.0523528572155096,4.095930040331204,2.3060465053486614,4.691358234072832,3.7859787282276534,6.791321362141192,4891132601014,202509
2.3818039126288135,1.3175959642963593,1.7743238230955898,1.582009317709736,0.57242596487793,2.2347348500452173,2.3000907529672667,1.7236610482298902,1.115387623147338,1.3165891474714484,4891132601014,202510
2.3528945299155515,1.87958269990848,1.8272990610784277,2.0689654519457985,1.706687642690523,1.8200419476552563,1.4001734813063114,2.9759648960034846,1.4675965762833978,-0.01553740964288422,6901028000833,202501
13.052810102539853,14.692617119949901,14.60232528788084,13.917578642279018,15.347362265112,14.669769925642361,14.344956013258841,14.449494543421915,11.93373145143741,12.71162891274611,6901028000833,202502
8.582027691691488,8.841030846695265,9.462317259292156,9.104519415761931,9.830143957429263,9.632393190572593,9.780910311852539,7.85697747974116,9.125384537343901,8.905567627239472,6901028000833,202503
7.712717124235012,7.040246591383037,6.587766597730216,7.013905478709012,6.200507324349809,6.60420001905179,6.435475971599131,6.212233218640641,6.9173816895138485,6.1667605145727515,6901028000833,202504
12.951737176013346,13.605514736488027,13.31335784818885,13.433362480699133,14.336335329028207,12.843855641581905,14.26667556823042,13.51464903585775,12.615101434159595,11.530821999843027,6901028000833,202505
12.785744158663622,15.869302198109928,14.996404301525173,15.587448744352447,15.976549918043258,14.069514841586734,15.105067456890826,14.551503124246922,14.556774891303926,13.128434741953702,6901028000833,202506
11.170873210745883,12.208490160960073,11.690083555167869,12.577386797159216,12.869178330260125,11.714132638073794,13.46496913173127,12.44728220501506,11.962650756953524,10.513329426512728,6901028000833,202507
12.802056337484789,11.5683673286375,12.656816339521034,12.899640247198507,13.25840506642237,13.099283184867614,12.948055284280935,12.793831606910503,12.327305159996438,12.372015977413202,6901028000833,202508
12.388314855273055,13.82982260094809,13.279260671578564,13.604965528041069,13.937565728787108,12.225710537906386,13.161137983042268,13.753173390094672,12.300086548861092,12.70607625408045,6901028000833,202509
8.15844469345831,8.4262025017663,9.72862815310429,7.213892707933032,8.359451494122624,8.892109109473454,8.236000104322132,8.797714320503184,8.387835402616275,8.22279050307886,6901028000833,202510
6.977538928315741,6.2996466107263585,6.390023935798147,5.398608121144072,5.571097204313195,5.810284952248421,6.063284649115701,5.39956252777345,6.986512819991496,6.310507380847976,6901028000833,202511
8.432302082738019,9.308946799237251,8.836413905997745,9.300096215188914,9.543844014833919,9.25724967872201,9.395186338812886,9.517398153976787,8.847714607357794,8.472840815915093,6901028000833,202512
8.007662759772868,9.904995228870058,9.263377150098389,8.949465878450754,11.212019385962158,9.613251535816564,10.870068799927406,9.423993532050643,10.274174753117743,8.8295333153989,6901028000833,202601
11.718101079190046,12.292231948972477,13.00023199289775,13.064486559722113,13.280597184618141,12.321640052803144,14.212454027249578,13.732316056611891,12.370564392209689,11.864480294683853,6901028000833,202602
14.304238623624817,15.603366093951186,14.610111400216214,14.749552867254367,15.292345373974301,14.479537224321405,15.337615924470807,15.67338332260561,13.744902495776836,14.632483351028116,6901028000833,202603
8.10480143581287,9.180654181007727,8.722342059595258,9.281791907880763,9.499173535293755,9.259356352235239,10.462456635389522,10.278483892219255,9.49460609321947,8.913924922424252,6901028000833,202604
10.195214193485903,10.984974370211397,13.00014533114024,11.260864700249812,12.252766186904141,10.558974946380024,11.786958103347393,11.193271180745432,11.427262165227456,10.74014382896248,6901028000833,202605
0.5459776584513581,3.12249143597283,1.3953710751850938,2.2061462773212828,1.0502558654285465,2.312399338953031,1.4252700855466973,3.4692601695389986,1.9975514854643233,2.071398082078903,6901028000833,202606
2.28413769781778,1.8988637786984743,0.40693936687730714,1.2820792459234185,1.308879681066836,0.1334845637501585,0.9208781770286052,2.168530174715722,1.337172962954985,0.21397255262189308,6901028001625,202501
9.857835492271562,8.821206363403746,10.896524305047457,11.072615038386443,10.182801011013343,9.673731462471999,10.539592852461464,9.805195839571862,8.991624383321941,8.747285837116978,6901028001625,202502
8.313307759995912,7.12367321958851,8.575890174507744,8.16392822173224,8.893570098716477,7.10486355662538,7.072768437248029,6.503908827130687,8.047527604852009,6.999050900106745,6901028001625,202503
9.312506834673034,8.576751751695767,9.079297671506401,8.807658487759957,9.572254390646277,8.92642464597498,8.285789611497535,8.148748476747665,9.10588554071419,8.53288409467097,6901028001625,202504
10.13492840152486,10.858628921829451,11.839447839640084,10.231157350323054,11.272438559913418,9.32369223806059,10.207259582257452,10.04809627357942,10.241883544756716,10.503453611660435,6901028001625,202505
8.490889726620392,7.854781779860343,6.982915819815611,8.70529272825958,8.4205370882968,8.054979086369045,7.468581939926659,7.246595821281811,7.87814301970917,7.260486588000193,6901028001625,202506
9.72023731336776,11.195628044097997,11.89380366508866,12.845029020663322,11.20876884018017,10.482619129539465,10.042708101143203,10.095692013651211,10.593939720799389,10.789356848512895,6901028001625,202507
9.488488032568974,9.929528206730481,9.571183485081216,10.26392386948222,9.620652143255379,7.05757835158304,8.690037869497997,10.214004775789425,8.660790098665993,10.17755437195358,6901028001625,202508
9.022516788600297,9.606450024069922,9.087122230604738,9.019187763031285,8.941162711155604,7.639485029309937,8.172287636578263,7.532317677185009,8.663654607763577,7.305495606284944,6901028001625,202509
9.150986581060636,9.510831769932093,9.00260773931218,9.794936563474574,8.468766185622204,7.91473224137292,8.71096564473875,9.409675464571574,7.743531215138838,9.600933797243577,6901028001625,202510
7.149971590348943,7.616598140533123,8.53586502019376,9.651506249609923,7.187399847194266,7.749374847133842,7.895602683534751,8.698843255725038,7.765502188043453,7.464352870087401,6901028001625,202511
7.33481462269967,7.021538039407476,8.366922603929506,8.52670102059017,7.35623110097067,7.181633423517941,6.624406865654844,7.465201406757276,7.627719234363795,5.970423660581593,6901028001625,202512
6.106501928906113,3.8975854669757157,5.590664716540942,3.9939200397418415,4.532076861412595,4.692540703624482,4.522688441616708,4.2407119964924425,3.9722293320349724,4.0908879471561095,6901028001625,202601
7.233071016171862,6.163325180426859,8.19185665815594,7.543461225055337,6.978518738241701,7.0269421186976,7.375203196386875,5.744406440903702,6.7265121896743425,6.871665192049887,6901028001625,202602
8.34195739973673,6.001310883240079,6.779917669228163,6.568925910401508,6.926150686553563,5.216238175713508,5.517230367446299,7.764107990854372,7.1786862557287945,5.528373387324446,6901028001625,202603
6.511364369881512,7.863104022114187,7.715965792493495,7.968311797145831,7.133526842883846,7.049324461293696,6.576017747783898,7.459555828079215,6.895068198125483,7.034738590919404,6901028001625,202604
6.0318304972008585,5.405592776215741,6.470331936807611,4.916548574590477,6.129530447990522,5.165144264618993,5.6288215001508135,4.745802839808395,5.092923538272309,5.684036712268995,6901028001625,202605
4.80235307758409,4.105296586897964,5.24051763655065,4.614248684613779,4.111204924616384,4.168539132638344,4.279434826452909,5.196577362696981,5.056092169736059,5.203375008252111,6901028001625,202606
2.28413769781778,1.8988637786984743,0.40693936687730714,1.2820792459234185,1.308879681066836,0.1334845637501585,0.9208781770286052,2.168530174715722,1.337172962954985,0.21397255262189308,6901028005036,202501
8.668692765927254,8.205533559607831,8.458259478617537,8.419321848635816,8.899435309255,9.19674537433113,7.87345717878484,7.905836304704909,8.062064775664918,8.067148939639335,6901028005036,202502
6.009151907343954,4.736649850550263,3.530646615172544,7.0306225286992445,4.752389261576455,3.2435074252345806,4.188222439553063,4.320770554088503,5.120707058831863,4.624921185858529,6901028005036,202503
3.559855526203792,2.6629072995834258,1.640665282694702,1.3382589190279612,2.3682374077572175,2.1239802020224237,2.6867328081386437,1.943745253267416,2.784429158102575,1.5180971327126056,6901028005036,202504
5.032280747806983,3.3877424554983837,3.1804398312269653,5.262024782241979,4.578681852825666,3.2536246605648884,4.145157515550626,3.7576360442665893,4.734518306264203,4.892615167513886,6901028005036,202505
3.5584634173991843,3.6827984661479753,3.0293427901587378,3.8841663377434568,2.1630698932199843,3.4456731368327125,3.324524370725409,4.685337244689396,4.005365119745564,2.7186437131049246,6901028005036,202506
5.739554674852703,5.166579519680505,3.7199089816640956,6.304996275090597,5.447937206804391,2.400812026570644,3.8366495305549178,4.761904187489195,4.283105041019822,4.4531203398067944,6901028005036,202507
2.876839730117677,1.1776398459661839,2.1260393371273723,2.1725617393393186,1.067233552498931,2.2015689301274213,1.7960395044166724,2.334546012179778,2.464940008631143,1.5104492460857861,6901028005036,202508
5.369811365385988,4.125585900098316,2.990820093387879,3.7307159757307238,3.4178015454715487,3.737496732182047,3.8750952292353693,5.017190409603412,4.731839119717889,4.308086653916176,6901028005036,202509
4.8332042447511565,3.180888835635764,3.180654055977805,3.5295737125726427,3.770468784237244,3.2515763828376327,2.9290740651499823,2.4868780147785654,2.896109730329859,3.548488496640828,6901028005036,202510
5.627688935864396,4.131052742116764,3.684074989627507,5.021677610497671,5.948111182653017,3.1079598904205485,4.687202014645535,3.8006777803431295,5.097865252952439,4.367788965649364,6901028005036,202511
3.246997051714969,3.081228334613921,2.9465189689413824,3.2646076665728874,2.9083471832146435,2.386346763071258,1.9810717952779475,2.3091878759051188,3.324823659308678,2.9554343671842362,6901028005036,202512
2.705567925310641,3.0451005381781266,1.7491387007852457,2.2792796004343963,1.830094777843211,1.03599151217336,1.6461701370523554,1.807311087272727,2.214403858990149,2.332272377647737,6901028005036,202601
7.144203569953976,5.766011482895241,5.738311006522848,5.78332502016047,7.085957942942175,5.925746219255694,7.196043512218945,4.97526523319586,5.173548327093752,5.19566930741203,6901028005036,202602
4.906551480953572,3.661136891699165,3.6007606210473035,4.094035566355729,4.257285069146393,3.2432046142006725,3.2077153947147856,3.610910786757208,3.5580453779507755,3.3037879352762642,6901028005036,202603
2.956267372073518,2.466840621986092,2.432552486087512,2.7558209224601127,3.200055195587037,3.1300984497853666,2.712950237009044,2.3919213834498447,3.37928452044412,3.3823275527676757,6901028005036,202604
4.800119548264799,4.327033391277803,4.482288803530459,4.797126275736003,4.818307253791251,3.2067050738094744,3.325443498654779,3.6427372090475623,5.159856672158766,4.137445929986076,6901028005036,202605
3.8866895465436833,3.1750259235709235,3.7373022206373205,4.965761887044018,4.328850516233439,3.670997480230747,3.974082979793426,3.4560755457222916,4.456768862794735,3.4223011795482523,6901028005036,202606
0.367403545833051,1.4122749817828573,-0.5006672368936194,0.4643536224552771,-1.3272967236094428,0.2568575629013189,1.5159739932811263,-0.9334689021199682,-0.9696490989344171,-0.044985815657473616,6901028009744,202501
4.602941365825577,3.4974297612791494,4.598261747041068,4.5765885713866234,4.74431295839872,4.178883432140187,4.868406243742152,4.187449195117461,4.0193277791389335,3.617438350641753,6901028009744,202502
2.5459130308414384,2.2049503645644757,1.8135272253919414,3.8661636820320333,3.0085638869279796,2.74657186982848,2.4370674615599834,2.5302540395453033,1.2142471287878966,1.511333223430114,6901028009744,202503
3.3038228209803973,1.6065580041447056,2.199014489026872,2.2503818439522285,1.6455120849894453,2.1381021768370134,1.7570749656290947,3.0758864642153037,3.0029069573878635,3.748646443451975,6901028009744,202504
2.8244081858832946,4.3958365790436735,2.992553794901877,4.929120834561465,4.490026143506097,2.853676550579218,4.10799530982939,2.9818534406752675,2.546612237963829,2.0516094880443188,6901028009744,202505
2.7690996150191673,1.9024616289442113,1.9494544350921679,1.9797879225670312,2.1074874341866514,2.107745088512253,1.6483982911437323,2.599959518933745,2.096692849308665,1.6412793233748448,6901028009744,202506
4.4742786609922325,5.3228010838821795,4.777381481074484,6.611817959127185,7.494972446288642,5.907095020752626,5.458016028179421,5.000378987582407,6.2551521643708465,3.3476381870731977,6901028009744,202507
2.6882378491576606,2.101649997148342,2.144707736727624,2.3776963721248716,2.1982334923218807,2.166371353864374,1.9554701154974645,1.8543572854163073,1.619013063021028,0.8130942128038945,6901028009744,202508
2.161174449078755,1.7557091228036066,1.17228444846856,1.4803717711201951,1.4519894825794026,1.7899276643582454,1.501788636155672,2.656748664163742,2.082772721408313,2.5180075288639823,6901028009744,202509
3.9134583172337845,2.944023750678752,3.6425643022105887,3.0571166879057596,2.30402670839192,3.0496224844610222,3.195230263636606,4.103376915376521,3.8229974049799798,4.392522415825841,6901028009744,202510
3.849668575010104,3.869794939654115,3.2766477614106875,4.1334568112033345,4.7963748613367905,4.124834503968045,4.185260792987064,3.180688829059539,4.399398263868003,3.539604829931201,6901028009744,202511
3.441670548182457,3.5707177555850507,3.768328533119755,4.5713440171965924,4.282931523730897,4.135581577442717,4.0756590089620905,4.267836682998715,4.748529638197651,2.947035803501193,6901028009744,202512
3.6535681825917585,1.9359885436339284,3.319840748108824,3.5878994562175412,1.681824465699413,2.7136781973051036,2.9742097213697196,3.3186587829753313,4.014537768135976,3.9849741196028035,6901028009744,202601
4.680479044469179,3.3936926520589457,4.909084509845148,4.782779559213896,4.719052963584163,4.529675831684359,4.02708969253311,4.067825075161123,3.806027249249024,3.390749787978347,6901028009744,202602
3.231706028479424,3.6661112359188723,3.577230311496187,5.259275593026299,5.010313711787721,4.099358889677485,4.697467630211956,4.13242366728921,5.141165338099277,3.230040937324285,6901028009744,202603
2.7023440836710453,2.952322030074914,2.5787264060459285,3.8583907326481803,3.834252635945989,2.6712196108254584,3.1241929261858474,3.62619353889392,4.05233095317098,2.8247552242979306,6901028009744,202604
1.4182627463660913,0.9979616132958912,1.4056384596893796,1.873822670285132,0.8942587865770141,1.4625949738048636,1.3507235488243357,1.3944085089636769,1.5966424985775745,1.5030358697133475,6901028009744,202605
1.0215216787545744,0.4975478894238518,0.005624629405800663,1.2611100670160797,0.6255916431500552,0.49519040646079354,0.3691972386465428,1.4922682724020884,0.7406664615508847,0.7057230572637964,6901028009744,202606
0.367403545833051,1.4122749817828573,-0.5006672368936194,0.4643536224552771,-1.3272967236094428,0.2568575629013189,1.5159739932811263,-0.9334689021199682,-0.9696490989344171,-0.044985815657473616,6901028009805,202501
9.08090674193567,8.279026226155683,9.540626887628571,8.878956270827743,8.93757401813399,9.467913733854997,10.063949995301556,9.605886695421555,8.494163895772987,7.140302354120143,6901028009805,202502
3.4271711647809404,3.6744040385831322,3.487473788286457,4.864799483537348,3.8787107281013524,3.0090581957301232,4.039260205053485,3.8958706562532406,2.927431964910774,3.3484172605650855,6901028009805,202503
1.5204755717551572,1.7612087412108361,2.079662888782023,2.998744291947642,2.177728194769,1.2036271071380038,1.4505405295690919,2.1270206811525902,1.4055441434172216,2.0178658343940756,6901028009805,202504
1.6672082473841146,1.3981643185940797,1.7034925789754993,3.147053307228672,1.11572245345833,1.5383916646053264,2.0841430883762944,2.1822330999962762,2.307536201310604,2.605320726235108,6901028009805,202505
3.295119058587682,1.8813549047362148,1.1458433832206016,1.8114340906154602,0.07622872517729881,2.4091180226445514,2.32723784292476,2.6003120911674396,2.147544860479073,2.0159876119394426,6901028009805,202506
4.13122151828117,2.100043627197526,2.7843670484810445,3.692917687951933,2.065315983131699,2.714213633032092,2.8662037771620588,2.5813261088747064,3.2478687692987265,2.69140128227642,6901028009805,202507
3.433661119213673,3.4146597979482727,4.070209707651784,5.601750583181577,3.4640457587144553,2.4893076537046044,3.34234010903497,3.5427625329768273,3.4817672212661144,3.0493140269521772,6901028009805,202508
4.101311727263833,4.319382332305575,3.381467506531843,4.12709709933679,2.362082472658888,3.4395002020207492,4.465327279907834,4.044952724125639,5.282197376327088,4.0152515715415635,6901028009805,202509
4.558120690757649,3.425759913585991,2.9095693185889706,4.442666295604558,3.6639206918431566,3.6349249815294264,2.835774792317637,3.8366952424042395,3.4816775915939266,3.570214193927018,6901028009805,202510
2.9230683142178497,2.83192388451981,1.7089282929236544,2.488918653069718,2.6584811379124287,2.6477935631058207,2.013050311478948,2.168069964307732,1.9789512908392761,2.1736606378882133,6901028009805,202511
0.8131040924978588,1.4614254319872453,0.03707751121190883,0.9609583704264747,0.5042085031110928,0.45426855106651093,-1.030411852229447,0.3241532364524126,0.6422836038905744,0.13838043134769418,6901028009805,202512
3.3260997283813825,2.145058413796097,1.9237744738268037,2.625122689369815,1.8505479571424854,2.9901340233707594,3.5128100961190314,2.582820217232216,3.2948696307136003,1.1810661682289154,6901028009805,202601
4.767021169158787,2.9318925044768585,3.607807331307701,3.35564306706609,2.6851395291245024,3.316218243675354,2.4880920761839933,2.925450774558022,3.004335389527444,4.446728305206472,6901028009805,202602
1.9701219986552583,1.663042232873765,0.7740099381543982,2.0150151383320067,1.5402739612539569,1.5290082692998184,1.106892301257021,1.581699213671091,2.0917555895196314,1.0362361393874893,6901028009805,202603
1.1856228626163068,1.2581752676018816,1.113968129021836,1.1756972510154298,1.2770313956397976,1.391960908915348,0.3804886407897561,1.5241518507344112,1.4246598052266517,1.6713485373127333,6901028009805,202604
1.9941950836055398,0.03306927730490172,1.0383940465144579,1.6527179855764014,0.060336739448933585,1.3281505888856686,2.6907376654382777,1.556963117830449,1.9816335260416245,0.9692775850185997,6901028009805,202605
3.0320718053596103,3.366522576255993,2.75008541093253,3.1558209340133314,1.8603470463359,2.7803895590549033,3.657063984268548,4.016272249628645,4.739943357352037,3.0625474396048187,6901028009805,202606
2.3528945299155515,1.87958269990848,1.8272990610784277,2.0689654519457985,1.706687642690523,1.8200419476552563,1.4001734813063114,2.9759648960034846,1.4675965762833978,-0.01553740964288422,6901028010115,202501
8.342217607759876,8.11311260329184,7.843828870635605,8.561974254867001,8.53999565231611,7.250652611926445,6.848084231818965,7.556584404247316,7.645662437153295,7.29181291889194,6901028010115,202502
3.541066746053386,5.271646032360725,2.3088846522080093,2.69592885537154,1.9668904441409616,2.282959923883201,3.735150072405951,2.9955431249197124,3.6126460198557586,5.638194923543094,6901028010115,202503
0.2848327689978394,1.4134888967121206,1.322230580461485,1.6662852071011243,0.45404918882464634,-0.06946529147436975,2.0527566631987817,0.5627643880926996,1.348646358338321,0.7614597217369989,6901028010115,202504
6.0410099104869195,4.538453139019185,4.4371480398997605,5.597209397675453,3.2545197359935614,4.764408062898668,5.387298951866979,4.667799824100866,6.2709577050245,4.62539611059121,6901028010115,202505
3.3681006324160143,2.9934103410210304,3.1388447695146917,3.45328327579003,1.864141404827518,2.3353433716928738,3.3696299297012633,3.0274229721008123,3.2736297833879098,2.53933270375595,6901028010115,202506
5.553305678167759,5.334713010874835,5.600285891088179,5.710127811452055,4.795255102089822,5.077666783986989,4.406614014962502,4.286153108318252,5.30308088718958,5.9398563010148715,6901028010115,202507
7.162809635886983,7.075271624804015,6.267319621502636,7.913811454185229,6.423795085209149,6.55919929635698,6.262547427029686,5.264464784352427,6.801954442788124,6.266476383970966,6901028010115,202508
3.541066746053386,5.271646032360725,2.3088846522080093,2.69592885537154,1.9668904441409616,2.282959923883201,3.735150072405951,2.9955431249197124,3.6126460198557586,5.638194923543094,6901028010115,202509
3.541066746053386,5.271646032360725,2.3088846522080093,2.69592885537154,1.9668904441409616,2.282959923883201,3.735150072405951,2.9955431249197124,3.6126460198557586,5.638194923543094,6901028010115,202510
3.466278579087829,4.527619466854489,6.018610951968472,5.488398442223096,5.100151290183106,1.6717090836860276,3.736063100559729,4.1293788223730585,3.9086907486387634,4.453838224680382,6901028010115,202511
3.9890045152566254,3.787760623077079,4.98184588975098,5.59086593581565,3.6121293751198413,5.981631979041431,4.378277428949433,5.957872086368486,4.548799682524653,4.6760665437574405,6901028010115,202512
3.9890045152566254,3.787760623077079,4.98184588975098,5.59086593581565,3.6121293751198413,5.981631979041431,4.378277428949433,5.957872086368486,4.548799682524653,4.6760665437574405,6901028010115,202601
4.275784762590876,3.9055731583958675,3.870181703499378,3.8549843458962547,2.771957629386646,3.226865115862682,4.24729328010644,3.4768998995038003,4.417619867658315,2.603734914559624,6901028010115,202602
3.0403416689132348,0.9817625034389588,2.6283305763605624,3.004105755031748,-0.007515088278960302,2.4589809640301015,1.9024019341006826,0.5281459586397882,1.2830974030926503,1.7792030101528402,6901028010115,202603
5.2643852946514045,3.9719691286722254,5.416118667411926,4.209708678605395,2.7510676881841563,3.404191732107315,4.154343196630873,3.864928110067806,4.529203943466735,2.9768795022076526,6901028010115,202604
5.042447051541171,3.7874190889214576,3.9730796573952385,4.2738882646575,2.7057561566843473,3.6368308868285313,4.213647367274473,2.2551094150548607,3.581061887541789,3.887348567496879,6901028010115,202605
3.825485923757797,4.1183604438866475,3.3636154948492907,2.5863267909112304,3.457590045856899,3.4155206041141044,4.296283324128175,2.609118951365959,3.2643620822010777,4.275546634973023,6901028010115,202606
0.367403545833051,1.4122749817828573,-0.5006672368936194,0.4643536224552771,-1.3272967236094428,0.2568575629013189,1.5159739932811263,-0.9334689021199682,-0.9696490989344171,-0.044985815657473616,6901028010771,202501
-0.12367565316765755,-0.5294431780584428,0.357019223585895,1.1571810041488746,-1.4050134904366058,-0.16994012122007207,1.0158026620160143,-0.35264163759526324,0.4928383519197441,1.1641173018140143,6901028010771,202503
5.102485437747451,3.800592123007448,4.326392418461358,3.835216723489817,3.44864384364515,4.755607263652931,4.430129850248731,4.822368066256961,4.99497287404909,5.218097898750644,6901028010771,202504
2.714844861245571,3.2973763717942197,4.679735664784444,4.291864480562842,4.5871417932382075,1.40676040305119,3.5359805593577076,1.8473960476757618,2.86476210459689,3.4036465931335576,6901028010771,202505
1.1773089238547056,-0.1503239159173228,1.1204183455436798,1.557829060416935,-1.2297305477723643,0.9468951302103421,2.129266466664642,0.5331844281347544,0.8826857517306828,2.052505698407225,6901028010771,202506
0.046681415918823924,2.1903427036719747,1.8429917321419866,2.0257176579030167,0.18274197446482804,0.11800609213999319,1.6591426921203571,2.006540045076364,-0.13990879152588334,2.023579778869173,6901028010771,202507
1.1056018572571205,3.2233428092426273,2.5692094639782628,1.9631700352306047,1.4333330474795303,1.6703767923141077,1.4574025063828064,2.7363834466447066,1.149975330939476,2.3218978446848504,6901028010771,202508
0.04668198149858571,0.5301547969997997,0.5015845764667004,0.16500623276773613,1.1941605907786663,-0.2685229138758173,1.6398346189069328,1.7986442046163555,0.2965837476662555,1.2773385316134664,6901028010771,202510
1.3674728427807854,0.30126302825265266,1.271768385521111,1.2185224137936954,-1.1170238136467527,1.3766937515946223,1.8268482959803607,0.4019146168438102,1.2986917922398078,1.6335594742858137,6901028010771,202511
-0.8580194123721403,0.7452848163184362,0.26489008841213807,0.05796595094391138,-0.012960309211468957,0.4722002151449955,-0.14811939946626435,0.8605774387916593,-0.022117039966430663,-0.11768341667367443,6901028010771,202601
1.3589096914334844,0.01412720657271238,1.1038227338965094,1.4803632748836801,-1.328416834449071,1.0985394206692054,2.26451589829239,0.9063301343869901,1.22688317806887,2.177700035372002,6901028010771,202603
3.1530913470895108,2.513045770419523,1.5637910547806557,2.134425473937895,0.03306359155834493,1.9020404909463655,2.7219391865235885,2.669196473377815,2.307754256106952,3.139380334084268,6901028010771,202604
2.900345534125354,2.2319621780896615,0.8400645583878852,1.2732686379197893,-0.014970737569761916,1.9751692814494684,2.935920917345459,2.1601778962289537,2.2177976440044223,2.637940934853778,6901028010771,202605
2.794142631477083,2.720554221306319,1.9174362731775367,1.6774278034370842,1.5706976838223072,1.5250993686371614,2.1892402303010736,1.8181456981706177,1.7447665381707638,1.7100489264001177,6901028010771,202606
0.367403545833051,1.4122749817828573,-0.5006672368936194,0.4643536224552771,-1.3272967236094428,0.2568575629013189,1.5159739932811263,-0.9334689021199682,-0.9696490989344171,-0.044985815657473616,6901028011785,202501
3.6994373813797528,3.352992451395902,4.416117978336871,4.668767482182971,3.13852577884675,4.548025163638893,3.1004975596230753,4.311010260881022,5.407275252348354,3.0923320987857434,6901028011785,202502
2.3932422591563216,2.8320248185796713,2.0654624540627773,2.2585660146933058,3.04351925468733,2.86346906296275,1.8709607958481222,4.000236605509613,3.0006388489653935,2.2709028856505302,6901028011785,202504
0.540887093357244,1.2889601750183999,1.681495620360116,1.0951248429052025,1.226829263780709,2.1148110767923742,-0.6903673770627212,2.513100597398725,-0.23686978140295722,-0.16410018786877711,6901028011785,202505
1.6140509263128626,-0.5487471233638967,-0.008161748148771464,2.1778784703131007,1.5056765405583714,0.2690809793134269,0.3077384816544775,0.7496636073126546,0.842179415724889,0.054925422018743564,6901028011785,202506
3.159724423070593,1.8048388646210103,3.057236889305651,2.026655327933195,0.12184320262042914,1.9719890396062012,3.0296837958436678,1.6176461935512993,2.9913581342524886,2.7127287517420022,6901028011785,202507
2.748519558352005,2.653399616759218,2.471265462609987,3.2394460472446043,1.942800612627761,3.6418845582148998,3.0010498600074222,1.8253465782957499,3.340019548931994,2.125271894110007,6901028011785,202508
5.557423900493895,4.3948779539761205,4.32820940356859,4.519389930629623,2.9599412062054444,4.703182860633181,5.348012918099043,4.175247526643442,6.052049927732714,4.465921848607133,6901028011785,202509
0.7132313423008777,1.2431675338570627,1.2923510232043303,0.8874617337770478,0.27852491977070315,1.3598595375883877,2.140331879623244,0.9267218841473926,1.1845296655357807,1.6949289870574518,6901028011785,202510
2.8073858929604936,1.9270140304507615,2.39274486612579,2.353403240274023,0.16291850913110506,2.532222054254154,2.642553813373654,1.005553548639635,2.98095236394896,2.1207122813956563,6901028011785,202511
3.1919612242488347,3.2476898082157244,4.450725036328178,3.7823977296642486,3.726060824341295,1.9702490501567254,4.23452964961086,2.6021955714493075,2.748466109995421,2.990902284383708,6901028011785,202601
2.622275320650296,1.4029016407086579,1.7017898054164335,1.7734803719476002,0.902895801121689,2.1436471958897028,1.2730699685689422,2.200897134129718,1.336018255765222,1.4514411285209303,6901028011785,202602
1.5008866825306926,2.5329539450989276,1.216210880248759,2.0013396221839974,0.24607178828847132,2.3553109575627893,1.384838621373819,2.7844064719923334,0.1439197510781457,0.5580585584126649,6901028011785,202603
4.2162469459981695,3.083025192256827,3.3371186800116206,2.117230415438973,0.9325483628150941,3.1632324827847516,3.379746004048562,2.3237905008710156,4.288616191900207,3.5032429151774305,6901028011785,202604
1.756680107910124,1.2948957563695822,0.7411163718700307,1.5466512981630332,0.782488021529939,0.7028916583497271,0.40717789796449005,0.6059300322762766,1.8475716297029716,0.3527010498201101,6901028011785,202605
1.3598227005901395,0.27152744069870094,0.5633139257955373,0.9800950901516075,0.985085602065503,0.48375122740857934,-0.3061135255115986,0.8139695163362729,0.86140824834729,0.571012968546771,6901028011785,202606
2.28413769781778,1.8988637786984743,0.40693936687730714,1.2820792459234185,1.308879681066836,0.1334845637501585,0.9208781770286052,2.168530174715722,1.337172962954985,0.21397255262189308,6901028012003,202501
3.683551457546072,3.636861545254909,3.4768260408785756,3.277548478191123,2.058610446982816,3.807002263572803,4.046680250986629,3.191386563449642,4.36708045464386,2.1382824049299667,6901028012003,202502
2.669824173012784,3.4252287972756816,2.3603375960910036,2.6424920812775823,2.4283264054572626,1.3480459691969089,2.697065112740989,2.7899641821128522,2.8556855390258824,2.0537893371684817,6901028012003,202503
3.2996070841067455,1.393416472563891,2.702078403749803,2.139159320784361,0.984354329408673,1.7757764474953237,1.9071016266944778,1.001237048653959,2.8361839195010794,2.0366741079052515,6901028012003,202504
3.2241594092400354,1.2891466995516068,1.0703798760640586,3.24047347762918,2.7971623498194957,1.1576499330173886,1.1405319833637033,1.5062744381111406,1.9920019144126107,2.0376798744915128,6901028012003,202505
7.240045520105068,6.470815704071771,7.173646308381365,9.100208437115867,7.554733613795622,6.557666925613208,6.8868089246266955,7.8854066349739576,7.435112792582592,7.718655748692686,6901028012003,202506
5.2671512151717055,5.00209248010672,4.885104702090377,6.4992302404943185,6.843369437971049,4.6990914698798045,5.586481053017924,4.774520724695818,5.691481925588391,4.346767676304703,6901028012003,202507
4.338791728660195,4.085305371858384,4.3639427732871265,2.778410820910601,3.0612618269609366,3.768890556724943,4.1813440268444,4.183438893944786,4.599436778756107,3.481267254827041,6901028012003,202508
2.0740818453592413,2.054042989398816,1.7366397838972565,2.6325489698431075,1.2259070192656818,1.3576392526761893,0.5544588181302961,2.0198194629600987,1.8682495836227926,2.2918158460110782,6901028012003,202509
3.101702196844096,2.9311340546937714,2.2267497377722028,3.525237783401502,2.384318329566271,2.001830117815765,2.666918141355392,2.169335057442739,3.2653390343336364,2.352020788820122,6901028012003,202510
3.036892322951758,1.0835413769592268,2.8622149557234073,2.5676865541168308,1.534700349745508,2.031851559612767,2.3328015741701913,1.2699986545660626,2.3241420328439735,2.7606921356055745,6901028012003,202511
0.8447293120012944,-0.5422202570857031,1.6171522720540108,0.6552587845460223,-0.9650497068028301,0.058116066822336554,-0.27273535512104063,-0.5047113995515807,0.432422325571178,0.3889989001487548,6901028012003,202512
2.0520414519495906,0.8805134135770354,2.0337794835003806,0.9969088367802856,1.1443430239466044,1.8401776781950574,1.024308349278145,2.23797218731127,0.9718856685601611,1.3591482475587269,6901028012003,202601
2.238905715184248,0.6899330809967575,1.102447404710482,0.07809716882744056,0.987254635559263,1.1365124817202432,-0.3111920082150301,2.013249559052272,0.7572233562708766,1.798834857266028,6901028012003,202602
2.881641814905575,2.3299008284190323,1.5285251407201366,3.1557722627978992,1.8123769724958865,0.19805922360381428,1.1312116525780418,1.5029772770524834,1.234923207138999,1.1804077233486776,6901028012003,202603
3.735128516722567,2.6798707828651995,2.1362517746145837,4.046009639932075,4.031038305307174,1.9178769392909714,1.8506771217176023,1.9877863758418908,3.049871666178241,2.790861284719476,6901028012003,202604
0.8303155905854087,-0.28416694318772656,0.2620304785429555,1.932011836255261,0.96262898205088,0.932865859614066,-0.12019528709243682,0.17603303640901258,1.1874043977079267,1.9102190553718823,6901028012003,202605
4.9669755924537835,4.294546991134833,4.720246871470311,6.09813683598451,6.232456460108583,4.535876809926824,5.075868570651978,3.49118202625022,5.83598962772271,3.9036427439128323,6901028012003,202606
4.847079107956803,3.730379185028187,3.2625816231953357,3.2146640647035296,2.6270729451024666,3.341468410546633,3.78298990705925,3.485203307684831,4.59896500096604,4.802019160542099,6901028013611,202503
5.263169119084393,5.035819752486583,7.224091856729198,6.973484229548107,5.706660592331151,3.974317060503637,4.8816592070951925,6.307404646766514,6.735777231190153,4.847664261328671,6901028013611,202505
4.944442570569877,4.337164222792605,3.445640896348918,3.6369634625494687,2.8916763771695804,3.5309509049879275,3.7757732942389763,3.229948847384031,4.394303539782856,4.493291721657413,6901028013611,202506
5.361418208394728,4.34842690035747,3.727598342136472,4.887455078899521,4.408573521049113,4.967369201172878,5.3325330146565015,4.2284695253831215,5.715467039778498,4.582428298062483,6901028013611,202507
4.548725396013433,3.446611211815309,4.8861585080892125,5.003159268426345,4.277270987022948,3.4522898009493077,3.8866919341113233,4.424894315933347,3.9140116976108486,3.4851524437634853,6901028013611,202509
7.368348490370482,5.965911254312159,8.218087178420205,7.949336954035397,6.2422958072219,4.027043471564741,5.349879426416985,8.115643792840864,6.929060088860517,8.073791940107206,6901028013611,202601
7.1833585215444264,5.0202841489490995,6.766305022203854,6.97183462531925,6.028715078440714,5.886898968591395,5.531958998753582,6.989633695244942,6.9853336179954155,6.398583823301718,6901028013611,202605
9.416886361459856,8.432811227320428,10.938389672005398,10.259800482524888,9.862170427405903,9.579817909133443,7.383433383920968,9.972359590112541,12.529156587559921,9.871050188633276,6901028013611,202606
0.367403545833051,1.4122749817828573,-0.5006672368936194,0.4643536224552771,-1.3272967236094428,0.2568575629013189,1.5159739932811263,-0.9334689021199682,-0.9696490989344171,-0.044985815657473616,6901028018630,202501
3.133439734445191,2.0591622684680146,2.2209990734761065,1.4251807784738266,1.5149642950826627,2.886031826587542,2.2671316343355734,2.1517025698196997,3.606095968855021,2.8546691976160017,6901028018630,202502
3.1919612242488347,3.2476898082157244,4.450725036328178,3.7823977296642486,3.726060824341295,1.9702490501567254,4.23452964961086,2.6021955714493075,2.748466109995421,2.990902284383708,6901028018630,202503
4.266259936026682,2.649226621238862,2.4817343404002212,3.302566071238826,2.653989114569596,3.3844325917027893,3.3154895248798946,2.9931725331808234,4.752950127990531,4.403657867483079,6901028018630,202505
4.282912791411891,2.561819119473449,2.6350976554057772,3.248133617007571,2.876362465082849,3.408385680718366,3.3268980290181287,3.1307183555177565,4.819706143918221,4.355702086762996,6901028018630,202507
4.3283263382756445,6.267852490748703,5.1123631507011575,3.7340955435859993,3.83183617728427,2.438992417352061,2.1570729808838864,5.883569231953528,2.2607431546235923,8.055838149429057,6901028018630,202508
4.3283263382756445,6.267852490748703,5.1123631507011575,3.7340955435859993,3.83183617728427,2.438992417352061,2.1570729808838864,5.883569231953528,2.2607431546235923,8.055838149429057,6901028018630,202601
3.043588168571371,2.3831874583325194,3.883008267076077,3.57330199343881,3.163669374278048,1.7764978724985898,3.8720104315363804,1.9232071914940978,2.0772269771543312,2.8414607352269323,6901028018630,202602
3.601609227116378,1.5248453094374275,3.1203510240251937,2.445472934230506,0.2597284293113009,2.764265659286492,2.5957593881551064,0.8589526040123074,3.8372159041660114,3.1784931456629106,6901028018630,202603
0.3098377555000831,0.8697463944756492,1.506257556436062,1.180302342269898,-0.7995010440845077,0.6197019281847834,0.42485703856968,1.93298596717391,-0.5007629801534051,0.21200128446045596,6901028018630,202605
3.7822469759794313,3.021656912569391,4.179080808462496,3.6870548605003903,3.9559073811362584,2.1122579778744877,4.007409120478033,2.613571436263201,2.391250472481724,3.445179391470856,6901028018630,202606
0.367403545833051,1.4122749817828573,-0.5006672368936194,0.4643536224552771,-1.3272967236094428,0.2568575629013189,1.5159739932811263,-0.9334689021199682,-0.9696490989344171,-0.044985815657473616,6901028018722,202501
4.141307467624123,4.219241388323575,4.188421816078922,5.224625237525803,4.4520712221547285,5.019269107903966,3.894113403314369,5.13951482443811,4.125337382317366,4.130321196227417,6901028018722,202502
7.341048029007587,6.640794157271509,6.475808094813808,6.698092067509016,6.465083137683922,6.385292893908175,5.8286224787992404,6.8491855546682645,6.692479075676676,7.783524223620409,6901028018722,202504
4.956538577653597,2.1537187633289245,3.0827631614704893,2.7533403566528376,2.375438981642076,4.176354803779519,3.782160693770668,2.6763722019887366,5.093751594831464,4.092763415978375,6901028018722,202505
2.755196591258353,2.9057716530056394,3.4539365207524013,3.110653129114376,3.2329846705601617,1.992537678397498,4.346580899065173,2.539718556787629,2.408826359002484,4.019375105794542,6901028018722,202506
2.755196591258353,2.9057716530056394,3.4539365207524013,3.110653129114376,3.2329846705601617,1.97877531300723,4.346580899065173,2.539718556787629,2.408826359002484,4.019375105794542,6901028018722,202507
3.2141159656470757,3.2476898082157244,4.587698523005336,3.828697800901283,3.8710688776063473,2.4471138688813783,4.23452964961086,2.6021955714493075,2.8775014710134434,3.1226192044882817,6901028018722,202508
2.2791229685352836,0.8265383561113326,2.7369139875536574,0.9732760013453432,1.7545928036427512,2.5872474944752613,2.2830186404061994,2.9892555311005258,2.1326024529643353,1.409545574298108,6901028018722,202509
2.139763063185181,2.4725178388285567,3.822504279819958,2.7061639596571485,1.4942840705485154,1.856870127253956,2.247658235296258,1.8543227241780083,0.42455142548866076,1.5877146700642006,6901028018722,202510
3.8726029838478606,1.933919936284331,2.9484630246046764,2.7979578500102202,1.367724479903467,3.125824980573314,3.581666866574746,1.976096618368274,4.114222217879048,3.3060116754127455,6901028018722,202511
0.950499846781683,1.6904514084992737,1.3253571222404883,2.1551724394013414,1.3466100289966074,1.7849693574156453,-0.037294933223956106,2.908272554073007,0.24028359334353666,-0.6535931844111836,6901028018722,202601
4.829198519187232,3.001504457188444,3.9077371631614466,3.22606668591609,3.413120408413048,4.257348918352916,4.14598446757451,3.3036480411083278,5.631862368040827,3.376635981836406,6901028018722,202602
3.495238072149083,1.3384202008068493,3.5437298638252495,2.7885981040707692,2.265089242950072,2.8179904127117976,2.3079405359480964,2.205656965640797,4.073242005903859,2.820426708381001,6901028018722,202604
0.6093718011960403,1.4902617871670345,1.1051964305692694,2.21539971106345,1.1757678397523619,2.2107234076406357,0.7865319196182148,2.1424507183526904,-0.22715761394807116,-0.263094816026033,6901028018722,202605
2.3528945299155515,1.87958269990848,1.8272990610784277,2.0689654519457985,1.706687642690523,1.8200419476552563,1.4001734813063114,2.9759648960034846,1.4675965762833978,-0.01553740964288422,6901028024976,202501
8.204962141046952,9.498997128006682,8.456589038795489,8.02418272700385,8.73250066260514,8.31521194259282,8.128203586405306,7.992785985001209,7.272608975497464,8.110459614830974,6901028024976,202502
8.32059434124555,7.16336865211246,7.195061280273554,7.489187945783912,6.425433105937321,7.969430937703375,7.04503236967335,5.982798775704271,6.873747265307258,6.746871299608549,6901028024976,202503
2.1572054911728302,4.030670346608648,3.2810505511212664,3.903283720877954,2.4746028871586243,4.330670434883084,2.8705640261477057,4.549168451912642,3.37181169142866,4.966919470459201,6901028024976,202504
7.795680543401101,8.473601858695437,7.027531690430917,8.976412137199059,8.35272043045239,8.443375100499374,8.900531420988694,7.574214031739388,7.612852199689212,7.959219314880079,6901028024976,202505
6.471736073358025,6.219657433275754,6.929143795116364,6.711488220983095,4.9541355498344615,6.137102009367804,6.674584442112177,6.009996987244598,6.068875608724514,6.112299143862378,6901028024976,202506
7.063245357918249,8.473789687333516,7.809020073423959,8.829456985117396,8.465073419231391,7.517495210515283,8.31499717478388,7.443035720825721,7.5932653153804885,7.45335197667364,6901028024976,202507
9.965597141707512,9.837487126041266,9.735669817631408,10.890561694558656,10.73439965209066,9.718803223995874,10.398477110163512,8.840847444154248,9.744497620214613,9.237060341872494,6901028024976,202508
8.756898020349624,9.64796362523317,10.499567812241557,9.304046751870487,10.512290555224007,10.072187605234738,9.227359647935247,7.760214925551512,10.204540469222668,7.442613100760039,6901028024976,202509
7.816637024448129,8.30692618644356,9.112689799604285,7.733495598503305,8.541358471549023,7.926925211835494,7.90325827442105,7.305030885358995,8.5553670101488,7.172269294504174,6901028024976,202510
7.596383375544057,7.260818237423012,6.523714036106059,7.02181563824939,6.294561824476684,7.018887948427627,7.569160134348278,5.875710537231631,7.457690185998559,6.843337409571121,6901028024976,202511
11.070676681430738,12.700948112909602,11.217630127211333,12.181921871033136,12.863249204924328,11.959657725114294,12.358525392057448,10.978355985232646,11.844091361529124,11.335086945669033,6901028024976,202512
3.9728292473889835,3.837245410533376,3.1964849529804673,3.6199920977736517,1.5452521484552577,2.924182537585496,3.347152318740502,3.390867156120147,3.64641216736273,3.1098835739278297,6901028024976,202601
9.74592918083473,9.759315370108409,9.75199576534843,10.51318728612327,10.596311385747088,10.171323349477198,10.208915960772202,10.18906004880036,9.96250926869812,9.680282888624465,6901028024976,202602
9.527183900958521,9.79951469661428,8.444257509623043,10.567828397234225,9.649251824788394,10.016495657812776,10.786298092762681,8.764591544137545,9.351401068179714,9.88959905795081,6901028024976,202603
4.696923567898704,3.4227720269492052,3.667439484234891,4.24638037453826,2.8496568072622726,3.4207863694812115,3.568536196019721,2.9717186929171793,3.3689481100518543,3.2875101168431327,6901028024976,202604
3.9890045152566254,3.787760623077079,4.98184588975098,5.59086593581565,3.6121293751198413,5.981631979041431,4.378277428949433,5.957872086368486,4.548799682524653,4.6760665437574405,6901028024976,202605
9.740806359520912,11.642617297118834,10.398492964409941,10.409469043021266,10.841098683791955,11.47012749883416,10.310394012073735,9.681923004417696,10.634499898751548,10.482080718762319,6901028024976,202606
2.3528945299155515,1.87958269990848,1.8272990610784277,2.0689654519457985,1.706687642690523,1.8200419476552563,1.4001734813063114,2.9759648960034846,1.4675965762833978,-0.01553740964288422,6901028025645,202501
13.976003255375955,14.672196855383499,13.470486258943897,13.586130452402198,15.403324226631021,14.002329340935113,13.25679043466355,14.185740806271488,13.412477147631092,14.181527545104602,6901028025645,202502
11.27402151709287,11.573323253279279,11.450647001614746,11.270441340542828,12.048355068366714,11.51732706462929,10.7723940803968,10.35687605760163,11.675133674126974,11.591665930018703,6901028025645,202503
14.388385762342587,15.381992986422972,14.705699541174443,14.55003627527945,16.03532163633695,14.456079090133446,14.773204563560903,15.097009461796473,15.361125338468083,14.878313491619384,6901028025645,202504
7.194842881460124,6.754327837792395,6.940288573559065,5.498333434962279,3.923541279207999,4.589628162518435,5.81943665102898,5.04903818980975,5.604684848694274,8.693048990386115,6901028025645,202505
16.067423170651935,16.84805437611279,15.74863095602039,16.153099249423736,16.603400221700348,16.429783436361937,17.10124519608062,16.478621383310497,16.886768466557676,14.432276622208311,6901028025645,202506
14.683367106550794,16.7814645781827,15.370072576650132,16.640972225999235,16.56044470158551,15.547239737977263,16.466361207143645,16.331388764605947,16.21858191887339,14.947700417036348,6901028025645,202507
3.6832608485940055,5.068375801051225,4.651542975701948,5.121980493558846,3.152051702611911,4.1112530307387685,5.10709966693803,5.168270096303534,4.407747548166631,6.6142373634589555,6901028025645,202508
8.769458292602138,9.657308219372059,9.790060536725415,8.329977208944278,9.826090725271428,9.250359799838362,9.080190164452063,9.524703064805554,10.491801710949055,8.997513334111233,6901028025645,202509
12.679842645906499,14.155483411950922,13.530310288829,14.658729478242767,14.194762157696125,13.140747550199697,13.231140802306307,14.653384924952396,14.00111105797048,12.403032766838468,6901028025645,202510
13.64630009765668,15.559313804676977,14.071095020023941,13.628439637376399,16.044224056585154,13.729274276331108,13.59628705207244,12.995270419258684,14.077017848960637,12.521033896242935,6901028025645,202511
2.8657332241371063,4.641583558670463,4.397835381597942,3.106622852037817,2.5869188016483773,3.4046128844955375,4.767538410103699,4.727699355739692,4.4358212122323994,5.468811415782724,6901028025645,202512
3.667454030663947,4.882033410146982,4.2729674445862385,4.616154494239198,2.7135800579828584,3.7098732438762863,4.496755422864116,4.621901341209041,4.415765446926033,6.276165245571728,6901028025645,202601
11.038153516549977,12.773653983487375,12.284087775137438,12.470378117825458,12.761751095912476,11.884562783150619,13.206799943818739,13.261129899082455,13.040060560065394,11.65785161416832,6901028025645,202602
3.483640253876265,3.8312725640368,3.3496928390262206,4.29514826348486,2.1099334629751834,4.133963889201691,3.8683491744460476,4.740593547304721,3.315855416849292,5.397916436117475,6901028025645,202603
2.738368607682787,2.8001090613542763,3.460708541270117,2.7349822147171543,2.6126983825960295,3.837959004725595,2.8311337090664774,3.649482443959696,2.963764968514809,3.0080629940876324,6901028025645,202604
2.953842599983195,3.221743764775513,4.297243562209032,3.78741554054313,1.483310023556293,3.7520288648680324,3.0140799206634004,4.848594278060297,3.357682916962027,3.494883219924774,6901028025645,202605
2.953842599983195,3.1285835738930343,4.297243562209032,3.78741554054313,1.483310023556293,3.7520288648680324,3.077301012914378,4.676587484321514,3.3691080769443325,3.5078583055344064,6901028025645,202606
0.367403545833051,1.4122749817828573,-0.5006672368936194,0.4643536224552771,-1.3272967236094428,0.2568575629013189,1.5159739932811263,-0.9334689021199682,-0.9696490989344171,-0.044985815657473616,6901028029919,202501
0.3098377555000831,0.8697463944756492,1.506257556436062,1.180302342269898,-0.7995010440845077,0.6197019281847834,0.42485703856968,1.93298596717391,-0.5007629801534051,0.21200128446045596,6901028029919,202502
0.3098377555000831,0.8697463944756492,1.506257556436062,1.180302342269898,-0.7995010440845077,0.6197019281847834,0.42485703856968,1.93298596717391,-0.5007629801534051,0.21200128446045596,6901028029919,202505
0.3098377555000831,0.8697463944756492,1.506257556436062,1.180302342269898,-0.7995010440845077,0.6197019281847834,0.42485703856968,1.93298596717391,-0.5007629801534051,0.21200128446045596,6901028029919,202506
0.3098377555000831,0.8697463944756492,1.506257556436062,1.180302342269898,-0.7995010440845077,0.6197019281847834,0.42485703856968,1.93298596717391,-0.5007629801534051,0.21200128446045596,6901028029919,202507
2.28413769781778,1.8988637786984743,0.40693936687730714,1.2820792459234185,1.308879681066836,0.1334845637501585,0.9208781770286052,2.168530174715722,1.337172962954985,0.21397255262189308,6901028039758,202501
2.6870481941354214,3.3627285118212287,4.482256646014638,2.2460292916715,1.563082061805915,0.7480508520836394,2.1182731505045607,3.16618846557023,3.147454587289138,2.230937555030483,6901028039758,202502
4.3340846514851386,4.78184870703966,2.5857512294578506,3.756778890394211,2.4910216859508756,2.539699739066194,4.583757291561537,3.997361143472376,3.941994146780397,3.3513820565269836,6901028039758,202503
7.819254541180216,8.102180302194682,7.7732917554569045,7.907005915430421,8.253109530295974,8.554958354738195,7.337657288988148,7.70199740694541,7.137667697495603,6.186993355775531,6901028039758,202504
5.3224575788685025,5.692098542955257,6.0762656092543965,7.436486836933688,5.483846161810239,5.2447992281221065,4.954081387799554,4.393121306657016,5.73660588210627,5.001256483269465,6901028039758,202505
4.670247557017978,3.6412658744861632,2.773660378531906,2.85493067974484,2.6027498193711236,3.1222750322276003,4.724730215185785,2.2797677158563943,4.877197159822696,2.9377169221890167,6901028039758,202506
5.632519151450369,5.398093675686883,4.804939409620505,5.586992223281617,4.215097775452246,4.016999225321485,4.75326490596611,4.0189358045133705,4.786290549799321,4.361994018137403,6901028039758,202507
5.262638308900123,2.5431320461995397,3.011426967967028,3.7392448271122256,1.2914857254163707,3.5517203670530355,4.597358144763222,2.039731041180358,3.5970304151430086,3.9463477468572843,6901028039758,202508
5.4078924231015435,4.395681546488671,3.1910423316237075,4.062920145506496,3.01292921511516,4.220170629119237,5.435455253328161,3.3404241787288993,5.266010451955493,4.079271467223535,6901028039758,202509
3.420518258592883,3.1675906720449714,2.393300550515209,2.6996069185057965,1.9873624526209182,2.5238654250952015,2.9616902920764523,1.7236008837577823,1.960441898276224,2.3482352405168982,6901028039758,202510
4.38231730799761,4.18706815291234,4.606539281031788,4.022015220215481,2.622605769721175,2.032334201471394,2.863110765023938,4.39077157682381,3.1620208021724827,2.1792334234335247,6901028039758,202511
5.62371152183331,4.014797489578688,3.698394991703,3.41465732720613,3.6769004008906476,3.8005905654365293,4.728492842394911,4.42203909919995,3.666310441214721,4.488440594179227,6901028039758,202512
4.221852923351431,3.173644772007389,3.3957339306705445,2.717555048592676,2.609742354656813,2.396498215018507,3.485154669206016,2.1510033791875456,1.7185770194024916,2.8124030391335593,6901028039758,202602
5.0358147302505065,3.569099876651804,3.211136512712039,2.5147204138728245,1.6858550321780157,3.3628164071149604,4.137871812357818,4.428924747166376,2.462131535811599,1.900742072849311,6901028039758,202603
4.15690248345009,4.506095437946007,4.226825853845361,4.495781423031394,3.3066836743804373,3.443080720601607,3.19638144487172,2.8702510624897775,3.757515227435104,2.4750126440590123,6901028039758,202604
3.7785118991211277,3.306764863050845,2.0297099980514735,3.0833513215734984,2.2039820681456916,2.54756824753919,3.179721279767306,5.042868115679092,2.7722359342601925,2.1942041612570655,6901028039758,202605
4.647221648454382,4.839621388135136,4.984522301824308,4.706768657090252,3.393398863822066,3.244926943356678,3.1874106891812204,3.3603820995746743,3.958243325519215,3.3409496310031805,6901028039758,202606
0.367403545833051,1.4122749817828573,-0.5006672368936194,0.4643536224552771,-1.3272967236094428,0.2568575629013189,1.5159739932811263,-0.9334689021199682,-0.9696490989344171,-0.044985815657473616,6901028042215,202501
-1.1731223453952755,-0.9835185803374534,1.125191236682334,0.5576097203622203,-1.2152669675119285,0.24389103711500626,-0.415124707766825,1.0533849003582114,-0.6616149442206682,-0.8316959522364014,6901028042215,202502
0.3098377555000831,0.8697463944756492,1.506257556436062,1.180302342269898,-0.7995010440845077,0.6197019281847834,0.42485703856968,1.93298596717391,-0.5007629801534051,0.21200128446045596,6901028042215,202503
0.3098377555000831,0.8697463944756492,1.506257556436062,1.180302342269898,-0.7995010440845077,0.6197019281847834,0.42485703856968,1.93298596717391,-0.5007629801534051,0.21200128446045596,6901028042215,202504
0.3098377555000831,0.8697463944756492,1.506257556436062,1.180302342269898,-0.7995010440845077,0.6197019281847834,0.42485703856968,1.93298596717391,-0.5007629801534051,0.21200128446045596,6901028042215,202505
0.3098377555000831,0.8697463944756492,1.506257556436062,1.180302342269898,-0.7995010440845077,0.6197019281847834,0.42485703856968,1.93298596717391,-0.5007629801534051,0.21200128446045596,6901028042215,202506
0.3098377555000831,0.8697463944756492,1.506257556436062,1.180302342269898,-0.7995010440845077,0.6197019281847834,0.42485703856968,1.93298596717391,-0.5007629801534051,0.21200128446045596,6901028042215,202507
0.3098377555000831,0.8697463944756492,1.506257556436062,1.180302342269898,-0.7995010440845077,0.6197019281847834,0.42485703856968,1.93298596717391,-0.5007629801534051,0.21200128446045596,6901028042215,202508
0.3098377555000831,0.8697463944756492,1.506257556436062,1.180302342269898,-0.7995010440845077,0.6197019281847834,0.42485703856968,1.93298596717391,-0.5007629801534051,0.21200128446045596,6901028042215,202509
0.3098377555000831,0.8697463944756492,1.506257556436062,1.180302342269898,-0.7995010440845077,0.6197019281847834,0.42485703856968,1.93298596717391,-0.5007629801534051,0.21200128446045596,6901028042215,202510
0.3098377555000831,0.8697463944756492,1.506257556436062,1.180302342269898,-0.7995010440845077,0.6197019281847834,0.42485703856968,1.93298596717391,-0.5007629801534051,0.21200128446045596,6901028042215,202511
0.367403545833051,1.4122749817828573,-0.5006672368936194,0.4643536224552771,-1.3272967236094428,0.2568575629013189,1.5159739932811263,-0.9334689021199682,-0.9696490989344171,-0.044985815657473616,6901028042635,202501
5.954312152550999,4.3508667478276415,5.342414775408802,5.537273947784238,5.223002788529831,5.829387544370497,7.221331641405287,5.916469790062082,5.334180612973966,5.519002890542222,6901028042635,202502
-1.6939976733791409,-0.03137237694227524,-0.8808744730325226,0.2212582481907941,-2.2649875856943993,-2.2266430102112187,-0.0673265276127995,-1.3246166705314824,-0.8026285110949077,-0.2784242061940659,6901028042635,202505
3.5739183009630766,3.5835026720994243,4.414964522383904,5.253885992185194,4.921487689888695,5.073821926498927,4.129834306904372,3.496358082772452,4.8299284289271665,4.217043588460475,6901028042635,202506
4.056414027719687,2.83910195154672,4.569362575506667,3.954490379440888,2.9107865145634024,3.802254320692703,3.346926386774531,3.7021376666852377,3.3400282193565083,2.5597634771562987,6901028042635,202507
4.569337386333494,4.058958876185577,4.54334840888347,3.927852582345092,3.5315686762476606,4.6378822430717515,4.980658194513896,4.24514952429506,3.3242917544521036,3.735165514231007,6901028042635,202508
3.164574074340024,3.2779140408142715,3.3516899268155838,2.6555087570001414,3.1339496588749314,3.8678634345462375,3.6494545495091093,3.656552245694882,2.552264615454771,2.7410699145615602,6901028042635,202509
4.858650494803794,2.975972740874244,4.198320629064508,4.3439455553695465,3.9555617040593414,4.675720026576437,4.928563314492214,4.105295761652011,5.460024563595913,3.830062373015116,6901028042635,202510
3.5343838922099207,2.178255625246539,2.473859228799272,1.9841772456541897,1.1906448918154422,2.9354705267244023,3.561531545019079,1.395854715758813,3.2302710861979307,2.087057597934259,6901028042635,202511
3.5250098335714752,2.246493717984602,3.3798192026904146,1.797348382650969,0.8731712427108826,3.582284092800241,2.6353748481813724,1.762183001324242,3.4487087107279404,2.8760436779234766,6901028042635,202512
2.185615882397356,0.6095942845307925,1.7024426696245452,2.0087872082407516,-0.3391065566489573,2.1489447956770733,3.2513664201993615,0.9193763787192812,2.50478809741984,2.580793833654286,6901028042635,202601
5.817154482302729,4.265919108254298,6.778224874404418,4.384077304777024,4.119090474731807,5.1528459000868265,5.214969941438263,5.3779932846445995,5.418625691206101,4.787123184224128,6901028042635,202602
6.72808442404554,4.94698438551233,7.417647635542585,5.58339424404953,6.054110190459924,5.848247712246079,6.321842546169261,5.629707888641749,6.8760437141614,7.007225093578283,6901028042635,202603
5.387817833472262,3.507202462699415,5.753881315029519,4.663170894900464,5.079785374533848,4.029210317733275,5.083407297792374,5.160734171345839,5.027104505860127,4.330655238252504,6901028042635,202604
3.956918485476676,2.1153114876465615,2.53045446969227,2.714074828596412,1.0633224836975965,2.949038500117627,4.746577178346119,2.2721427325336068,2.6816794276318197,3.4375559134094975,6901028042635,202605
4.062184903957272,1.7163266036150575,2.400536053549481,3.03994317305842,1.9242609296821311,2.6465265139426783,3.2661865033847963,1.8309087661668775,3.5141579101020866,2.382468213289977,6901028042635,202606
0.367403545833051,1.4122749817828573,-0.5006672368936194,0.4643536224552771,-1.3272967236094428,0.2568575629013189,1.5159739932811263,-0.9334689021199682,-0.9696490989344171,-0.044985815657473616,6901028042758,202501
0.40017603713069255,0.5947461218361484,0.5193127475540085,0.43370008113618347,0.619954246664209,0.38978749670640966,-0.9044098705475379,1.2026039901625196,-0.31959736300841923,0.9016125551107659,6901028042758,202502
1.7195965687789594,1.5985107919758061,1.49087386013975,2.355173504472289,0.4030670376373978,1.5597727076163703,1.1562870442171873,3.680250023315006,-0.17959445189338585,-0.515076451612318,6901028042758,202503
1.1690724120662448,-0.2599783076775922,1.1456900687404223,0.7759446590303138,1.2040829592231042,0.44202312183452686,0.1205286650380785,0.137264994351085,0.15149650310879015,-0.3628354391928915,6901028042758,202507
-0.48028248228263615,0.8145625592799606,0.9198554990559955,0.5260460854942909,0.09666793967393983,1.7279256360953283,-0.19569924141388692,0.6799966474935778,-0.08492079329541746,0.5068409368407841,6901028042758,202508
-1.572463461271981,0.09964837653128766,0.48526500647248827,-0.1906139381209332,-0.47560858609189627,0.7391245907783472,-1.0734978295806017,0.4250695179926985,-0.7337634838285785,-0.8565240177014157,6901028042758,202509
0.3098377555000831,0.8697463944756492,1.506257556436062,1.180302342269898,-0.7995010440845077,0.6197019281847834,0.42485703856968,1.93298596717391,-0.5007629801534051,0.21200128446045596,6901028042758,202601
0.3098377555000831,0.8697463944756492,1.506257556436062,1.180302342269898,-0.7995010440845077,0.6197019281847834,0.42485703856968,1.93298596717391,-0.5007629801534051,0.21200128446045596,6901028042758,202603
0.367403545833051,1.4122749817828573,-0.5006672368936194,0.4643536224552771,-1.3272967236094428,0.2568575629013189,1.5159739932811263,-0.9334689021199682,-0.9696490989344171,-0.044985815657473616,6901028042963,202501
8.75864770681944,6.88473316399667,7.601259800751203,7.713334238469095,8.686764803596622,7.518692686115497,8.089548609077546,8.059057267304505,7.249672236556639,6.808052514878369,6901028042963,202502
5.172037374914943,4.933197471131726,5.463627791317581,6.038606405239877,5.031176223306786,5.211307654380316,5.419533103388672,4.6816493015896725,5.064471977638209,4.400676196160121,6901028042963,202503
2.5074823856388235,3.3013564908938196,3.5202075251712936,2.232763499998278,1.9260353160422383,3.3059807679983035,3.4123060437419714,3.9641471247610687,3.594157415377064,2.954109365642987,6901028042963,202504
1.2213434254551732,0.7176423040225142,3.133243816607206,1.3729013183424137,0.6894372500989308,1.3447667663102725,1.2357954998933653,0.7331612782980629,1.0228987607045708,1.320543617880177,6901028042963,202505
4.0259411250177,2.436660466802435,4.513256981692731,4.138762640928508,3.0610113194487694,3.451283268254227,4.5918715814263535,4.28692954029521,3.44936785465993,2.512756129665285,6901028042963,202506
2.2324083183386834,1.882463549015259,4.018363712245645,1.9318276673499413,1.7791738926342195,1.917229703853299,2.129342324677498,1.2707005685764563,1.325719113648491,2.1845704829188954,6901028042963,202507
7.292497341238286,5.486499358395322,8.011326728842182,8.28821308058333,7.269002953080556,8.295712689737773,6.538157207438908,7.075191769687418,6.410015045608622,6.086136220656706,6901028042963,202508
3.953340981000313,3.4139716535022315,4.067519600345293,4.756070316691308,4.386556856711321,4.9566421807686964,4.160001193874802,4.241472249928939,4.384255213966993,3.777116820021236,6901028042963,202509
-1.7202608620567605,0.8311491296569504,0.20508057352017056,-0.18774525505498962,-2.0560693011015876,-1.251542070760698,-0.003749841467910797,-1.7062724141489611,-0.13452636347561153,-0.4838526783978218,6901028042963,202510
1.4670876887107764,2.468020081085714,4.251909741918113,2.380122951246451,1.3124838482771017,1.6256716635473458,2.173130711084767,0.6532560171056441,1.8695894554572647,2.852327955166283,6901028042963,202511
1.7791885057151007,3.2922792803535255,4.000542806006768,2.386288993430939,3.26080780199396,2.0897930347284714,2.669996210722675,-0.2694773930156115,2.9391904800792945,5.023926182200163,6901028042963,202512
-0.34240507528503167,1.4199025246530605,0.047518985854414275,1.5961865094950975,1.3907790069697745,0.8416566556829264,1.0747683520251652,2.731375030267266,0.18038676565436768,2.7973000389566582,6901028042963,202601
2.5327851458656565,2.1358244637118218,4.070997621840243,3.067630685391632,2.6731187496757656,2.814841839125712,3.6618109781437376,1.7759083631890886,2.6926927502353557,3.835386401656355,6901028042963,202602
-1.7202608620567605,0.8311491296569504,0.20508057352017056,-0.18774525505498962,-2.0560693011015876,-1.251542070760698,-0.003749841467910797,-1.7062724141489611,-0.13452636347561153,-0.4838526783978218,6901028042963,202603
-1.7202608620567605,0.8311491296569504,0.20508057352017056,-0.18774525505498962,-2.0560693011015876,-1.251542070760698,-0.003749841467910797,-1.7062724141489611,-0.13452636347561153,-0.4838526783978218,6901028042963,202605
0.367403545833051,1.4122749817828573,-0.5006672368936194,0.4643536224552771,-1.3272967236094428,0.2568575629013189,1.5159739932811263,-0.9334689021199682,-0.9696490989344171,-0.044985815657473616,6901028045919,202501
7.5178012415907425,6.42674929793969,9.036521351195976,7.4589014742466215,6.790115672434525,8.102792042037006,8.627421762220884,7.833620907645963,7.87399636291733,6.957771416282266,6901028045919,202502
7.030041366502843,6.4766801431803565,6.1095597760968445,7.3066530752856735,4.929751845270565,7.0311233351066935,6.2886051720123675,7.106111209901567,6.5115032208077475,6.6089940910705165,6901028045919,202503
5.4449496480191115,4.479228514889631,5.4063716005985345,4.813082757145111,3.519594951351582,4.5916914932670885,5.209592316328677,6.037920920511179,5.942449921094267,4.713146944908756,6901028045919,202504
6.737037756723298,7.2524999393910194,7.837349738610222,7.836859224036619,7.605535973876632,7.816573332538448,7.56757985016173,7.049996215266566,7.541745004764929,5.458492564541406,6901028045919,202505
8.041910949411697,7.922567450603181,9.187711054656862,7.5927645385756986,6.814078064017616,7.265164524003548,8.549815353856312,7.106029673870056,7.828329510399619,7.204523079240227,6901028045919,202506
2.859221657231219,2.466846864519405,4.26776403782023,6.374787779732926,3.1639870523713003,4.486602534409213,4.525281200724971,6.296899367656213,3.3165628362589445,5.901575300093973,6901028045919,202507
6.203068635784503,6.015331999405083,6.372010657390266,5.551387698841781,4.745841419598479,5.257831921767298,6.408686910388574,6.517877044584056,5.803996927352662,5.9477042839860985,6901028045919,202508
6.9607054992248365,6.685355791079817,6.966789028409371,6.409173026068734,5.275295380650867,7.173820716795931,7.9695962028827525,7.605221791314456,7.452454266487742,7.490642127535863,6901028045919,202509
6.119690627590457,5.790109958781048,5.484195432646627,6.077622434014381,3.59448559895909,6.1695599693805185,6.284724570665021,7.052837329831177,6.576814244955248,6.332120958646023,6901028045919,202510
4.511318924619979,4.6871764627772,5.337176648180534,7.8939271811313505,3.5437529868120543,4.824343578785829,5.233657310662967,7.047477240971357,4.596327071292704,7.234084694707857,6901028045919,202511
7.28850383592372,5.337322235841272,6.380966602519003,5.771686595767547,5.06564191141775,6.474796378047353,6.733928438014377,7.24061385016,7.163170959152623,5.958256112503817,6901028045919,202512
7.95471941743904,6.060228127904304,7.552982921950578,6.3282729248915075,5.35434944892656,5.9277208168334,8.262010678583476,5.29393618498652,7.230249161597925,6.03197429227942,6901028045919,202601
7.363295578984857,6.509401588397797,7.1268253030426765,6.483540178228539,6.24281683205169,7.166849149542017,7.733731700045953,7.288331207605713,6.6925198542308735,5.909293142287184,6901028045919,202602
8.212623228706677,8.382544165964841,8.551919100634397,8.90499708179975,7.90245677503707,8.459385209583196,9.794534616228653,7.8179449106825585,10.055139845520658,8.207043740809233,6901028045919,202603
6.3194815621168505,6.220210472409048,7.117702609427036,6.036713843902373,5.809554816826065,6.127306429228941,7.0736607605226824,7.376891429782587,7.573710841370364,5.899800177775964,6901028045919,202604
6.007681737061786,6.3519538750892135,7.316698351048269,5.996755432564404,5.0834168752026425,5.501998789827321,6.210812098269381,6.366733594116457,6.808035159092862,4.901586625303307,6901028045919,202605
8.15245037915488,7.257799803473425,9.084865430013696,7.2712719157657775,7.080104628107929,8.08027806182191,8.438148132329182,6.9047439512477355,8.00631875635546,6.707691528469104,6901028045919,202606
2.28413769781778,1.8988637786984743,0.40693936687730714,1.2820792459234185,1.308879681066836,0.1334845637501585,0.9208781770286052,2.168530174715722,1.337172962954985,0.21397255262189308,6901028046893,202501
12.060408856371918,13.181785018980117,12.210861576098726,13.24758647331235,12.85775084174151,13.186990935059082,12.286202129875424,15.252639627293782,12.367932608446822,11.692604626714672,6901028046893,202502
10.667535211916764,12.0296108971527,11.465488326308597,13.320748889024534,11.301297971155758,12.186548355620145,11.091598578156379,10.145989010645208,10.642287407126299,10.825401161495563,6901028046893,202503
4.161534166539811,3.7268636569779696,3.1736309039293262,4.068641445529359,1.4413445943842256,3.7566008417016596,3.993329849684439,4.724885451171279,4.165403232541244,2.784642377049408,6901028046893,202504
14.452662452320885,15.648346458522914,15.306646405290854,14.93010536764625,16.636088246114657,13.521889328513478,14.347875111640281,14.822528435874277,14.058920826934074,14.75491974206862,6901028046893,202505
17.128611772535017,17.127981059853816,17.070800025038363,18.952110255078733,18.627007423033447,16.91073520791085,17.52595570525953,17.861036264456946,16.63350046365592,16.634791372346175,6901028046893,202506
16.64582534499193,17.198067716550067,17.588720813530497,18.27839755729373,18.34097527702268,17.33623484838378,18.275489455683932,18.49067893956947,16.350860716890296,16.29901038250389,6901028046893,202507
3.749630632056762,2.977781485747183,2.4403183984996573,2.941160298309371,0.8468276845647666,2.2775572349228903,2.9105099270320562,3.3361780259085836,3.0964503494821844,2.342932312371055,6901028046893,202508
9.936070621154348,9.612728389261918,8.075396027456922,8.844036155652255,8.704082878098843,7.812580528597517,8.879272474473087,7.560920228364108,8.445702625968398,7.245651880452951,6901028046893,202509
11.925862137926309,13.015477985141091,11.331534041353718,13.75750014468265,11.963248540590923,12.191660964880434,12.718463686005604,12.735245539948357,11.860246402308512,12.588102377709209,6901028046893,202510
12.433766086453307,13.417346353322454,12.39099629929827,13.11964348243694,13.221589330101601,11.702520006034359,13.580682826427216,11.402325732988377,13.023790458837995,12.519230284456205,6901028046893,202511
1.4703457999199716,3.4703198426270916,1.560617854979104,2.8692383665728998,1.543024837290605,0.9683380975941529,3.4553733069177825,3.832767871781294,1.45760688540354,2.6815226198039506,6901028046893,202512
9.878859875729951,9.292049361126328,8.708810711936707,10.098650975798142,9.913626985910591,9.179207451114264,9.882862156634648,8.309133821635108,9.290453016688433,9.204516975348161,6901028046893,202601
11.489297645283195,11.60766817456892,11.125274391146135,11.947527406477704,11.966958358235743,11.918449129338985,10.631908417457597,13.838117737852837,10.407151565208098,10.883932923980304,6901028046893,202602
0.20019295695120098,2.6153281508309636,-0.8430671505746554,0.7754012956142403,1.5175270547077258,-1.4979875930943876,1.4736351822770435,1.2584429533613288,-0.1321007485096094,1.7419675699640718,6901028046893,202603
12.221862523780844,13.963125060023518,12.888573123728722,12.958981227477404,13.665494529782572,10.597721268348213,13.339939347785991,13.936579382200184,11.917861995449876,13.149859832041042,6901028046893,202604
11.154141961620784,11.353170187886578,10.956959547823532,11.451726553895938,11.808086930901336,9.63910580681665,10.920847894028478,12.118886638577251,10.782317055726958,10.469926820247114,6901028046893,202605
12.457049597939529,14.424900084507565,12.528085833623132,14.578931688219456,14.005387660518648,12.399513415830379,14.331168037269808,13.885418653901025,13.65395257113036,13.242960448069514,6901028046893,202606
0.367403545833051,1.4122749817828573,-0.5006672368936194,0.4643536224552771,-1.3272967236094428,0.2568575629013189,1.5159739932811263,-0.9334689021199682,-0.9696490989344171,-0.044985815657473616,6901028051989,202501
5.591895761687137,5.001130617359103,5.363373415239379,5.622665243335641,4.331441688294982,6.5398332027848065,4.171448255994747,5.845059788501024,6.259201474243301,6.162364493797035,6901028051989,202503
0.4587083709155241,0.1256287509642856,0.1640384349338571,-0.41242597513083107,-0.15677187176249874,1.5632364651867572,-0.8551230828237306,0.20619601636264806,0.06486310958843673,-0.015108275307653019,6901028051989,202504
0.4587083709155241,0.1256287509642856,0.1640384349338571,-0.41242597513083107,-0.15677187176249874,1.5632364651867572,-0.8551230828237306,0.20619601636264806,0.06486310958843673,-0.015108275307653019,6901028051989,202505
0.4587083709155241,0.1256287509642856,0.1640384349338571,-0.41242597513083107,-0.15677187176249874,1.5632364651867572,-0.8551230828237306,0.20619601636264806,0.06486310958843673,-0.015108275307653019,6901028051989,202508
-0.054486957982128534,0.28371354110658675,0.335125337433655,-0.051528719104176335,0.7560713154372583,0.888582783383802,-0.19241209626472866,-0.5336524698076035,0.26092109283322146,0.319434639151184,6901028051989,202510
0.4587083709155241,0.1256287509642856,0.1640384349338571,-0.41242597513083107,-0.15677187176249874,1.5632364651867572,-0.8551230828237306,0.20619601636264806,0.06486310958843673,-0.015108275307653019,6901028051989,202511
1.3930568206566452,2.282989726355442,1.6475699209922083,2.136749572995453,2.7079596483776243,1.4256573010730518,1.266416730082056,1.0711524738942702,1.6096647923716993,0.44662170599560524,6901028051989,202512
0.4587083709155241,0.1256287509642856,0.1640384349338571,-0.41242597513083107,-0.15677187176249874,1.5632364651867572,-0.8551230828237306,0.20619601636264806,0.06486310958843673,-0.015108275307653019,6901028051989,202601
3.3182311474587163,1.0802093851579717,2.9384822891934994,2.9036353422914503,0.5983928290099856,3.1001444988955567,2.811262686088253,1.23826107925029,3.9184876061057254,3.268374873878794,6901028051989,202603
0.3807346100568934,0.40408200666041066,0.9543325895096569,0.1728391190502761,0.5376510689954201,1.6269153106777967,0.06231843959532535,0.15839159370271155,0.9896188898785256,0.13167357960184867,6901028051989,202604
2.9638186342105164,0.8290128792275977,2.4010126741308286,2.239700715929067,0.5517476633132663,2.7934937484289493,1.9741687866461703,0.9036476671947504,3.091508349163026,2.293112016464826,6901028051989,202605
0.367403545833051,1.4122749817828573,-0.5006672368936194,0.4643536224552771,-1.3272967236094428,0.2568575629013189,1.5159739932811263,-0.9334689021199682,-0.9696490989344171,-0.044985815657473616,6901028053440,202501
1.4860700665110675,0.41115047114835157,0.7238226231587078,2.0374665313701987,0.7536643483527626,1.69182026537479,-0.176275964443336,0.4664984597539086,-0.044237469064025606,1.577685068912809,6901028053440,202502
1.4860700665110675,0.41115047114835157,0.7238226231587078,2.0374665313701987,0.7536643483527626,1.69182026537479,-0.176275964443336,0.4664984597539086,-0.044237469064025606,1.577685068912809,6901028053440,202504
1.4860700665110675,0.41115047114835157,0.7238226231587078,2.0374665313701987,0.7536643483527626,1.69182026537479,-0.176275964443336,0.4664984597539086,-0.044237469064025606,1.577685068912809,6901028053440,202505
1.4860700665110675,0.41115047114835157,0.7238226231587078,2.0374665313701987,0.7536643483527626,1.69182026537479,-0.176275964443336,0.4664984597539086,-0.044237469064025606,1.577685068912809,6901028053440,202506
0.367403545833051,1.4122749817828573,-0.5006672368936194,0.4643536224552771,-1.3272967236094428,0.2568575629013189,1.5159739932811263,-0.9334689021199682,-0.9696490989344171,-0.044985815657473616,6901028057080,202501
2.3055905948863624,2.824000671570233,2.0406054431474177,2.229755148494656,1.5387009774140754,2.846516169501191,2.3377204438388715,4.1209662072532005,3.510830536441704,2.7020847468370572,6901028057080,202502
-2.0582055161533312,-0.5385585267799456,-1.2872905268374073,-1.3624711263242704,-2.664171569383909,-1.2720907993563173,-0.7781896721978969,-0.5183712780482397,0.4664060773572763,-1.3394573146856545,6901028057080,202503
-2.0582055161533312,-0.5385585267799456,-1.2872905268374073,-1.3624711263242704,-2.664171569383909,-1.2720907993563173,-0.7781896721978969,-0.5183712780482397,0.4664060773572763,-1.3394573146856545,6901028057080,202504
0.24770101056092741,-0.22898289727360077,-0.9438237102776277,0.38355067511831,0.28711942120701295,0.6971974187701563,-1.0978850976977583,1.0471780160737714,0.6260905581141156,-0.01818497880016179,6901028057080,202505
-0.9101148819318741,-1.850816353332728,-0.718706178195197,-0.6233852613275004,-2.6955519219755466,-1.4054317012287485,-1.7673021829477689,-1.005667846016416,-0.45093200865918154,-1.9327477595451326,6901028057080,202506
1.4752223010765175,1.917995004538823,1.5227597842521017,1.1289063693297816,0.2556123270728473,1.892227429319209,1.0030348543421561,2.5093753421684104,3.130471166288379,1.8548882674115217,6901028057080,202507
-2.0582055161533312,-0.5385585267799456,-1.2872905268374073,-1.3624711263242704,-2.664171569383909,-1.2720907993563173,-0.7781896721978969,-0.5183712780482397,0.4664060773572763,-1.3394573146856545,6901028057080,202508
0.9887898915251058,2.476753657611929,1.4733441884476637,2.0174496909125894,-0.001804510503045531,1.4884532946778395,0.039972185927245496,3.073039302432299,1.8643267022488978,2.173973974327829,6901028057080,202509
2.3746567230811575,2.958432153619952,1.8710638152566128,3.374448127223528,0.4139906062734704,2.4766015883756687,1.4657245593043098,3.98429668313116,3.0756190450472887,2.691117282689811,6901028057080,202510
0.6705407966614287,0.204375366838498,0.3908580656861236,-0.29624545975827304,0.31008103170305157,1.3674963302905798,0.9138541759339763,0.17697597782607988,1.3942450609727166,0.4024559393499907,6901028057080,202511
1.7338407713886554,0.3962216180089426,2.198643205644455,2.24817506036297,3.0793706589671572,1.7522230837171495,2.0508718483356656,0.9118394650555426,1.8066966433631617,1.5451955886429087,6901028057080,202512
1.9256375829397623,2.244709622597702,2.22833076067696,3.0739981857706367,1.0451251684772531,1.5628734017040418,2.2836566560300096,3.1100662451602394,1.8239104934827468,1.8818883616459474,6901028057080,202601
4.768058739582982,3.3300784258777876,5.6524085169202065,5.1733656710159295,5.826084882767978,3.723573061343605,5.603953189081216,3.7455506552217592,5.399895601199185,4.288551629200352,6901028057080,202603
1.202679533394829,-1.2604733372447818,0.12460023404816378,0.40363101232811815,0.5104848837634313,0.5820760359512063,0.2009217351017852,0.8343916632107309,0.23387135231163156,1.0878341189708576,6901028057080,202604
3.596087968668047,1.923449098685235,2.913596783253194,3.6872860364735294,4.158403519376101,3.2573762868317875,3.4499626508691685,2.7030663359213634,3.2224230013720145,2.459293501978019,6901028057080,202605
1.6074021094905309,-0.613047224829902,0.8642626988124239,1.750023541183655,1.160407639165828,1.1357426245217028,0.2288997662847988,0.5020975119705269,1.4624865186495177,0.8976099444849315,6901028057080,202606
2.28413769781778,1.8988637786984743,0.40693936687730714,1.2820792459234185,1.308879681066836,0.1334845637501585,0.9208781770286052,2.168530174715722,1.337172962954985,0.21397255262189308,6901028058148,202501
3.4898992722267916,2.468841956858137,4.031026507142062,3.838498901886979,3.296494843411673,3.9516705766328375,2.5115534634033785,3.5711430563057562,3.3648804536385297,3.69841445058798,6901028058148,202502
5.659321993223613,5.6710966856180915,4.593976146001757,6.70674699118739,6.046336700077817,6.370592266264754,6.350918842967714,5.294662257240739,5.788827039614389,4.951236392755356,6901028058148,202503
3.4978879755156336,2.6912671333525013,4.335209670191039,2.8210765493359347,3.492910463228476,1.765272155400318,2.3868035369934684,2.6528869547612,3.6570082355752827,3.6963519909620928,6901028058148,202504
3.90252860783553,2.430177820597746,2.428511038215335,1.9580401020785172,2.5275396387053455,2.1675896764559797,3.144341213690176,2.696232798629566,3.722362623393689,2.189378425768093,6901028058148,202505
3.5679320217821253,2.7593403916675934,1.9307144552854485,3.042605112100855,2.4795352390628222,2.106755319650579,2.5128868361966674,4.50333603227711,4.207235085341851,2.723055005783274,6901028058148,202506
3.009995203541729,2.251147267381166,3.3513857888461986,2.3325628328357695,2.862836657684089,1.8223330208042219,1.6406117274610592,2.3397400210838915,3.1742739926015155,2.5365214256909843,6901028058148,202507
0.07340341794310529,-0.30602579006846664,0.5591514874327748,0.8648199211639067,-0.7049647085545224,-0.3004202672052187,-0.02728785320339333,-0.07569966780038512,0.17024333110963225,-0.03589617871076589,6901028058148,202508
3.5176932521455977,3.4918599963470105,2.6489700169832315,2.8242777263365704,2.5216824988068236,3.6224072375104686,3.5654392212042594,4.572509371531554,4.2630476235091255,3.8656534823640065,6901028058148,202509
2.698776960790345,2.7917201887646996,2.3909835070834116,3.1031860438832846,0.6172897083376567,1.904015242653116,1.4952795909976027,3.8039798681258357,2.671269141781787,2.194631684373271,6901028058148,202510
2.704689001454463,1.6318594908657118,1.5582525675493342,1.8295481945704126,1.5717275050253023,2.223511686668441,2.954356789521678,1.4925678971523915,2.8235903806110993,1.4800342075409603,6901028058148,202511
3.30947472397673,1.604039424799312,2.6297173107323606,2.919921251719466,1.642414374770728,2.6558215744136304,2.5953778654020367,2.532929536857037,2.8685686824499537,3.244158933312095,6901028058148,202512
0.5747345483724691,0.013430835786692935,-0.6574637241859375,0.9770212796676497,-0.6227072218541632,-1.0657038974956947,-0.17038767372763547,1.4930159286128315,1.739767565613665,0.5748181924811426,6901028058148,202601
6.1987072827532534,4.411672489246744,4.808745488291901,6.702474773534853,6.145358546925418,4.1395810315963235,6.8367358822384565,5.8798341198754445,4.949676546951376,5.508260114628518,6901028058148,202602
1.5039182057248237,0.5931697013790075,1.7564699182922014,1.386393724505934,0.6498854816938271,1.4894894292449368,2.192680762254499,1.0063452360256606,1.1699390256333884,0.694392467624354,6901028058148,202603
2.020011256679613,2.9721046973298804,1.8072093061710544,3.5368772883527617,2.8064710000347706,1.793177680655855,2.7863907699738557,3.246030748056933,2.647822317044551,3.21990319495846,6901028058148,202604
3.689133214021351,3.9452691960581117,3.2516049314067437,4.239233860232803,4.0806274095644275,2.740069616108176,4.866312198688045,2.914665668023994,4.22612489317282,3.088355982110773,6901028058148,202605
3.0558978349698123,3.349732181794587,3.0606460550215377,4.159604107368172,4.030506946189821,2.902569757704687,3.6782178117780813,3.227573804772757,3.1635200993329753,3.8770260232893055,6901028058148,202606
0.367403545833051,1.4122749817828573,-0.5006672368936194,0.4643536224552771,-1.3272967236094428,0.2568575629013189,1.5159739932811263,-0.9334689021199682,-0.9696490989344171,-0.044985815657473616,6901028059114,202601
3.111864633399624,1.9513799325787358,1.4315965323306978,2.3467526973469455,1.3241804512644388,2.0580887543322586,3.251130559070662,1.6698295430718542,2.3773317892193346,2.577310765693872,6901028059114,202602
2.7647440102973064,1.1052882042849537,1.104175735399684,2.637075033930424,1.6095776163656756,0.8544637169628974,2.372511325724114,1.5498991468796883,2.3858525780283406,1.5871633667270932,6901028059114,202603
3.4589001392533003,1.7389122195651359,1.2625456156061852,3.123001479287195,2.4536242082765614,2.6016453278281246,2.8757087701966486,2.416669000838545,4.232114743669933,3.2899422376991487,6901028059114,202604
4.176030548709135,2.8813526526230913,3.284541192258383,2.3800583690495016,1.4153810958285624,3.6163608864517096,4.37410906938372,2.7561745276290406,5.02938581851659,3.743666208212619,6901028059114,202605
4.766905616609031,4.534691381329411,4.8237239478380385,4.918610500629723,3.546840431133603,5.484438149681469,5.038037882704453,5.154499220708961,6.426240488772709,4.989835965827498,6901028059114,202606
0.367403545833051,1.4122749817828573,-0.5006672368936194,0.4643536224552771,-1.3272967236094428,0.2568575629013189,1.5159739932811263,-0.9334689021199682,-0.9696490989344171,-0.044985815657473616,6901028062015,202501
7.344946426125871,6.2295247181120965,7.820944493357485,8.264545388279062,7.7379301075295,7.3088155035847935,7.090063629966614,7.298735368095875,6.603150593827782,6.074239314271727,6901028062015,202502
4.349775865768336,4.036813461287471,3.900959187754442,5.282755212877994,5.388163486113743,5.2687063810875205,3.9327758339870433,4.086243033437248,3.9127227667718323,3.569675603798803,6901028062015,202503
2.394572483182507,2.5958116772257362,3.131056755576726,3.00952443807631,3.7501056977552962,3.812659352532797,1.766127215431543,2.689508237663249,2.810333919273786,2.5781301837863695,6901028062015,202504
2.897060120081216,2.5815588582624893,3.8006257750135606,4.782550907890653,4.051583685061761,2.60761445159302,3.6412330025453605,2.865543378744637,3.5657228218489005,1.8752394242808499,6901028062015,202505
3.3193812936192457,4.7637426187020955,2.9527776051166392,4.082281707724342,2.6850293934790708,5.109480771547148,2.448814017737179,4.664414688411858,4.752825210453205,4.519697628239342,6901028062015,202506
6.611302095570206,6.666441457816839,6.426403986244005,5.531707415367959,4.663580367293763,6.529335650131668,6.758274931162887,7.122155381679556,7.69253169045348,6.887158347873776,6901028062015,202507
1.588145362660141,2.1017045085665376,1.1270346574378698,1.9037849345969162,1.4425112564226683,1.6710741652052143,0.24881646387555512,2.0223887623808476,1.9064402751729712,1.122159872739575,6901028062015,202508
1.7484187911832296,2.146068381878171,1.2695566396419622,2.152000523011043,1.771750909477554,-1.5037455325001314,0.40982125706866135,3.451541671677836,3.947920495088513,2.7203163165818656,6901028062015,202509
1.7484187911832296,2.146068381878171,1.2695566396419622,2.152000523011043,1.771750909477554,-1.5037455325001314,0.40982125706866135,3.451541671677836,3.947920495088513,2.7203163165818656,6901028062015,202510
5.17667089344204,3.7097529707287467,3.8418228493928335,4.900354591251808,4.805849735201429,4.310048777136067,4.496369641340196,3.1604698086760483,4.015789910227928,3.6150141941337255,6901028062015,202511
4.19205552641031,3.7806483735902097,4.1497950809451964,4.199323316694791,3.380981143636875,4.494499126332752,3.6021149111940236,3.2250902219628683,4.371644015689298,3.347900941259954,6901028062015,202512
4.489064144806816,4.142116729928013,4.576464690993291,5.544831005966439,5.332801971133828,4.994454665313477,4.1064208937192515,4.666458711371353,4.582536804163146,3.6153645864021335,6901028062015,202601
8.501431810501666,7.241046826517145,9.143576866040844,8.67327456904817,8.915838580785914,8.133625840322933,8.885417066204582,9.393365125756617,8.807357849847245,6.699793476529999,6901028062015,202602
5.682418447034016,5.689173387755129,6.433028229643535,6.014886846312847,6.967144318221923,7.329398441065605,5.833222745171732,6.990091061943092,6.955875942215691,5.911537983385551,6901028062015,202603
4.594582835714863,4.019973851975413,4.25765790739436,4.844323467625891,5.358589630774681,4.588171144543166,4.986176786937429,5.2976347157112205,4.95016267986334,4.799846403755241,6901028062015,202604
4.3470818526412724,3.930631253202594,4.349185210035737,5.342931420741428,5.593234311852199,6.177659063826653,4.870428798172743,4.8615801116069814,5.049951228262358,3.9786925641739814,6901028062015,202605
7.477679453887829,6.507923751940855,8.531731057854476,8.10425625345257,7.120971888029095,7.310682563253939,7.6095577859752,7.644236924673036,7.218286695052512,5.698150173715363,6901028062015,202606
0.367403545833051,1.4122749817828573,-0.5006672368936194,0.4643536224552771,-1.3272967236094428,0.2568575629013189,1.5159739932811263,-0.9334689021199682,-0.9696490989344171,-0.044985815657473616,6901028062329,202501
3.449636302542305,4.989592048932313,3.815668616084174,5.382383514305759,3.3344028843178135,5.092354071020895,4.108629193371094,3.6894378098954137,4.782090822901124,5.370702262473403,6901028062329,202502
6.212061309428751,6.614369273830759,6.166014474623808,6.405083476374711,5.988536484876654,6.215596329321598,7.111442995526833,6.427932557419927,6.263963593993494,5.629374934296764,6901028062329,202503
5.792777854442256,5.824392831810921,5.312499378534403,5.626458136043467,4.513626547872654,6.220754781780207,6.211712676108766,6.501338182428222,5.908396218521775,5.6310992614579725,6901028062329,202504
5.565554634346883,4.666261264773606,4.257126493538567,5.321914665077934,4.837365778376959,5.596635624101438,5.917393436887045,5.850697564182663,5.314082331974576,4.7648069121396865,6901028062329,202506
2.519047129328329,1.719052745406742,1.8111181193348873,3.0037631839159085,0.9205472461105546,2.1169052531395325,3.1168173029776316,2.181052446676789,1.3996389541603078,1.8975279661530724,6901028062329,202507
4.03719535062777,3.038358851080174,3.5625925894858548,3.847725840011454,2.821877594860131,2.9650676826917803,3.1237367258263298,2.296743988607183,2.1825356136052894,2.907459499780786,6901028062329,202508
1.4707757091391356,3.1009192345713537,1.2048459792514394,3.1916237024038887,1.9901997431704466,2.9489780886741297,2.6554042306036756,4.088325491387939,3.1267606619183335,4.199529383173412,6901028062329,202509
3.3796238025527323,2.66636999411319,2.7276222710174176,3.877420155775121,2.6005217514286905,2.576258676324726,3.2055943735482204,2.351241566856178,1.7050779122530435,2.1634556972288452,6901028062329,202510
3.1087037106418807,1.920789711022182,2.28842747408312,3.5216387619910465,2.332425115708884,3.0200893328006404,2.7456814888652645,1.9372004828321925,3.3780701394953314,2.2868956886337366,6901028062329,202511
2.205906276647929,1.006841002247777,1.294542042981525,3.194983083727838,0.5884235167603251,1.0903574136123162,1.474427202029983,0.15563032876324023,0.5121785425435723,0.4193788195502403,6901028062329,202512
0.7717463080957887,0.6922723850222693,-1.393787273979049,0.6243833074726737,-0.8642080927717246,-0.7837957712406035,0.3922510742358942,0.06810107303362523,0.7156215354146969,0.2501595234618887,6901028062329,202601
4.594254202990718,5.516354842638195,5.377411539943697,4.972640696836982,3.672318561221835,5.4945258424137355,5.141027133874274,4.941557651627368,4.198491606387815,3.5108801581428173,6901028062329,202602
6.554115519864216,4.916429308400604,4.555455056426986,3.823776056595777,4.062025644327155,5.72270823844784,6.198684519722388,4.826384857097836,5.296770058622039,4.720457762320787,6901028062329,202603
3.281984471333645,2.2390485409503893,1.2106454531183393,2.8484750350051793,2.0431284736466377,2.8640760532207112,3.064507946137967,1.7339749385227328,3.50028437699922,1.867293849561295,6901028062329,202604
2.3783355048781663,1.7342131752790284,1.3677198823739716,2.997281707491495,2.180150564054873,1.078529211421315,2.6670873288106844,1.587715027598073,1.309572751103506,0.8376518677157583,6901028062329,202605
2.6193563893440635,2.7847743707636092,2.398929414299414,2.7258070158957866,2.687300862719707,1.6303001499455099,2.432087942416213,2.427869242096551,2.578432032408546,1.387472887866473,6901028062329,202606
0.367403545833051,1.4122749817828573,-0.5006672368936194,0.4643536224552771,-1.3272967236094428,0.2568575629013189,1.5159739932811263,-0.9334689021199682,-0.9696490989344171,-0.044985815657473616,6901028062350,202601
2.508179914719131,2.985322385564775,1.939843194345348,2.605295715952487,1.389904345677109,3.2540394975724247,1.9795366951812983,1.7490341052489862,2.507740965782797,1.891871261935663,6901028062350,202602
0.8251217421760637,0.40719058372068295,-0.20567772943451373,0.49613037008478655,0.1335326751679903,0.8320645903228775,0.33448035079645067,0.12061554975789107,1.0863681799980658,-0.7700569713441646,6901028062350,202603
2.412058010597339,1.3188323835401565,1.6497124068456357,2.1126834216633013,0.8758148740146365,1.6089533061745476,2.215810701607617,0.4025762856660955,2.259922858363739,0.4896638516911903,6901028062350,202604
1.432180396578957,0.4705149388165265,1.0142157091936475,3.0426913289782562,1.0781684212674425,0.534097650745352,2.113100816255473,0.036353115306150985,1.4849396784605977,-0.1614857918378383,6901028062350,202605
0.8995216592450428,1.1719479824265358,0.44216173230887257,1.3507033513898181,0.41369824549858725,0.8623253295947844,1.1952569213772717,0.9727537288190162,1.3888006730432054,1.4974345699803717,6901028062350,202606
2.3528945299155515,1.87958269990848,1.8272990610784277,2.0689654519457985,1.706687642690523,1.8200419476552563,1.4001734813063114,2.9759648960034846,1.4675965762833978,-0.01553740964288422,6901028063371,202501
3.541066746053386,5.271646032360725,2.3088846522080093,2.69592885537154,1.9668904441409616,2.282959923883201,3.735150072405951,2.9955431249197124,3.6126460198557586,5.638194923543094,6901028063371,202502
3.541066746053386,5.271646032360725,2.3088846522080093,2.69592885537154,1.9668904441409616,2.282959923883201,3.735150072405951,2.9955431249197124,3.6126460198557586,5.638194923543094,6901028063371,202503
3.541066746053386,5.271646032360725,2.3088846522080093,2.69592885537154,1.9668904441409616,2.282959923883201,3.735150072405951,2.9955431249197124,3.6126460198557586,5.638194923543094,6901028063371,202504
9.125923623004887,9.911117171071524,9.549222620626454,10.041821031240644,10.181520468463816,10.483702975017009,10.566042745066772,8.695489443155658,9.791494752428802,8.848490071794549,6901028063371,202505
4.843685202759735,2.7260893623422167,3.7253936244851724,4.578671102854223,2.7209410372523872,4.409995329307436,4.124485802677105,2.981249409301054,4.1414138118761485,3.2516825783770633,6901028063371,202506
7.628312265094315,8.863429999674317,7.709414059474736,8.038893856460781,9.090747478225271,8.788414990088835,8.731437593884792,7.400930874609271,8.235252422776561,7.575881680509117,6901028063371,202507
8.829486464173868,11.480866367660752,10.189248429387234,9.70862679143413,10.97201099015458,11.225897861020893,10.185876990360734,8.50941271517918,10.093513972924947,9.13321170914722,6901028063371,202508
9.346448719155779,11.162455698560048,9.762328016478925,9.853608152625027,10.542892195661759,10.214912013982504,9.971671086866065,8.37152265780248,9.835422786139667,9.160172388770265,6901028063371,202509
10.49785965722213,11.785861473210534,10.652629119275849,10.639571798191852,11.650477407996906,12.243483239113832,11.226449860098239,10.208888118714523,11.250264286933353,11.195232944334663,6901028063371,202510
9.607645234019444,11.714331766692048,10.502670099109114,10.772187106039931,12.190849535187281,11.842560194357059,11.709747159628588,10.406331884417527,11.0824114309369,10.3766454656695,6901028063371,202511
12.782162239618371,12.730233810539145,12.453833267918387,13.388038032977448,12.072539092949706,13.114256717491703,12.018429382589561,14.257325212210349,11.457563349566612,12.322270916420132,6901028063371,202512
3.9890045152566254,3.787760623077079,4.98184588975098,5.59086593581565,3.6121293751198413,5.981631979041431,4.378277428949433,5.957872086368486,4.548799682524653,4.6760665437574405,6901028063371,202601
10.197997025569716,11.519489990195709,10.227633135459387,10.926078392869773,11.489337642939583,10.693002420479537,10.229801277401734,11.3538663729381,10.275452762828564,10.415506473341704,6901028063371,202602
2.8894199911569807,4.806094027704668,2.7417862737388754,2.7660304704693925,1.9468447766706474,2.5528060291463985,3.827373693893056,5.163342788214229,2.2916406979746133,6.289840729516845,6901028063371,202603
8.133190234474414,8.38454402546892,8.150687979368463,8.630810174496615,9.627255967278659,8.106362958842912,8.922810975471698,8.25635408127551,8.774674326785219,7.521848762921586,6901028063371,202604
3.9890045152566254,3.787760623077079,4.98184588975098,5.59086593581565,3.6121293751198413,5.981631979041431,4.378277428949433,5.957872086368486,4.548799682524653,4.6760665437574405,6901028063371,202605
8.899524792835598,10.39563379258873,7.578552816020684,9.67224136720341,9.54486199933257,9.111733224169273,9.178913472171184,8.657919198296907,8.556586679285168,8.233396970257017,6901028063371,202606
2.28413769781778,1.8988637786984743,0.40693936687730714,1.2820792459234185,1.308879681066836,0.1334845637501585,0.9208781770286052,2.168530174715722,1.337172962954985,0.21397255262189308,6901028065504,202501
2.7722573900838254,0.7822228572084646,2.128427362055715,2.06070800604201,-0.2911973008833949,1.760166611073332,1.3192063219101184,1.0230511440512888,1.9355882165574618,1.3321983525579537,6901028065504,202502
2.6736946278814138,0.07216593689142642,2.501953265385186,2.573543945003143,-0.2078115511889131,2.536843011492602,2.7452659179671968,2.2311959681864417,0.9759032177540556,1.8358526293092752,6901028065504,202503
2.821951678167051,1.1219855799480967,3.2709164544653095,2.8062167461244205,2.7207945537238096,0.9579446208959588,2.5265680707026776,3.453868384939487,1.0792789218469023,0.9307744821808284,6901028065504,202504
1.5981337268469742,-0.43254045690554516,1.405703761628195,1.2661803372694247,-0.7352123917845114,0.4531547411054271,0.7205829623356235,0.9854600379242888,0.49661773413707744,0.8143467560797208,6901028065504,202505
1.535793565415853,-0.02021659039924867,1.8561405125646377,1.3186967844953514,-0.6223635924461858,0.704972751267662,0.6046765486361132,0.9435096222452928,0.9723336918456531,0.9680705784012695,6901028065504,202506
1.8607838743856817,1.491351966288594,1.1779225372704765,1.3502444069906225,0.6435236500028378,2.677082918014032,0.6812156278349946,1.8882075927261166,0.12160561624362318,1.2270962557485117,6901028065504,202507
2.393229082070711,2.8069487764859598,3.0880640097107093,3.208650785547682,2.4354676128955384,2.0090394340981996,1.3470330419153043,3.3080460676238372,1.8189157166198713,2.5482000409282555,6901028065504,202508
0.8830130281574383,2.457506018086389,3.1622351648369107,2.7903926387293394,3.27056142003429,2.1730707365647506,3.022086078494812,6.181467893515174,2.183144745492437,3.6796156724988913,6901028065504,202509
3.0857155953351243,1.719848187653593,1.8352267692495658,2.815976907853856,1.9826595524797508,1.9863617826077025,1.6753249854171557,0.9672445531606346,2.7068837254057896,2.6687646832849343,6901028065504,202510
2.0590219264236542,0.4871553210897328,0.771756021491842,2.665086131390598,0.7813050830086145,0.7410671841688796,0.6093510388697696,0.28535593082198424,1.1398158783403112,1.779827410712151,6901028065504,202512
1.0583780691763873,1.1706193910375151,1.196358177153407,1.816956992841809,1.6796519588066523,2.134039583400575,0.7807213331999595,2.736462705110849,1.2845343360764616,0.8564838195704171,6901028065504,202601
4.9877537084497074,2.4949173373545572,3.4726053028179082,2.4752102551937747,2.8744606135307973,3.982515471364005,4.539343349990156,2.9514276846854437,3.545504663329189,2.7874315509441416,6901028065504,202602
1.4955810640414546,0.028182776466211507,1.9203557001391536,1.7531100464340237,-0.405859138319379,0.9059625075971288,0.7134475382916825,0.44131076347010023,1.8628904562259663,0.3339512762032342,6901028065504,202603
3.7910051235013498,1.5420366449468452,2.34489758164323,1.3729895744605694,1.851299945795398,2.4420883565261797,2.25899790019757,1.330794394664333,1.885361979198977,1.3476213126873393,6901028065504,202604
3.9827323977360094,1.852999161983092,2.9256471609503016,2.2128719880269534,2.1483853499435828,2.493228218612789,2.8455267632957804,1.6751506787894788,2.492932424483649,2.054709057664242,6901028065504,202605
1.3051336787743395,0.5964026457884104,1.3815689177352,1.1276099718450463,1.7188636256655219,2.2023632467958167,1.5222505422533508,1.6728506351936154,1.3228667502566611,2.0767432301089332,6901028065504,202606
2.28413769781778,1.8988637786984743,0.40693936687730714,1.2820792459234185,1.308879681066836,0.1334845637501585,0.9208781770286052,2.168530174715722,1.337172962954985,0.21397255262189308,6901028071475,202501
7.380440195952607,6.61078288406317,6.871705840823133,7.157603918395592,7.278706592140944,7.101939355617176,6.360658859349449,6.409388656350175,6.481317495811684,6.510409705315303,6901028071475,202502
0.4964240457176058,2.329729503914176,0.633089422404033,2.258751578856563,0.39239601505048427,-1.3480224212030658,3.0896157991307276,2.3013119151127595,0.4053182248466658,3.188222121867619,6901028071475,202503
4.696695533136793,4.546441997630529,3.8695244879160815,4.353408114811795,3.9384261087221057,3.26759916124279,4.30902630065146,4.108637811423731,3.828703285134194,3.8803665195081303,6901028071475,202504
2.109784766082851,-0.18447737088795302,1.1491688121335142,1.7481391058839046,-1.5832472661288115,0.3028999866397053,1.408744566914054,-0.4047118276168851,1.001045494632893,0.4664793649339488,6901028071475,202505
5.366712221893313,4.581564083820651,3.7622223890715722,4.58208446821765,2.298764313461602,4.051720985177308,4.459442863183281,4.201616566420379,4.901240895892881,3.5919589854941747,6901028071475,202506
4.614497961584965,3.206814586145827,3.280203395411275,3.1507424056256577,1.9167967880964443,2.3307594453489795,3.248369570381232,1.9718580889205577,2.9165628818467724,2.2225555495538676,6901028071475,202507
4.576992872575024,2.0802355991431964,2.7639041005809495,2.4621772216637643,1.8102397494644062,2.8125939661297252,3.3707628016450064,1.44990998909814,3.4471346385299633,3.3704800060758795,6901028071475,202508
2.6933280532781643,2.5566577776928336,1.8847101540828155,3.1155394162318144,1.7320923251366416,1.4608743032745304,3.0784522651256903,2.9819354397028284,2.3192204215172088,1.7202399955308243,6901028071475,202509
5.114904390230555,4.286083143480246,3.7161531756841266,3.865215145274812,2.765347750567443,4.204144073706595,5.059726424355692,3.9051909182666416,4.766536758558411,3.209562885874237,6901028071475,202510
5.333138858294029,4.11334187395337,4.259598036583641,4.08217919439007,3.8495750330900442,3.651119053864015,5.553901152211125,2.476268420250851,4.882374454007384,5.3079257196122205,6901028071475,202511
6.5493322803605984,6.541234625012136,6.835839903496698,8.073237228982778,6.985054865744517,6.26258386646138,7.169752772748215,6.524689874702582,6.97543371115519,5.959389663619635,6901028071475,202601
0.20019295695120098,2.6153281508309636,-0.8430671505746554,0.7754012956142403,1.5175270547077258,-1.4979875930943876,1.4736351822770435,1.2584429533613288,-0.1321007485096094,1.7419675699640718,6901028071475,202602
4.158593540414284,3.671415471004912,2.997336960730685,3.6520651047536687,1.33494328439597,3.56804392665106,3.176799211473154,3.1598271169624637,3.6799231782202004,2.896655157177663,6901028071475,202603
2.1426432549380405,0.40235411753373074,1.92264016471157,2.7870397112426777,-0.7177971072315906,0.8364535025593356,1.903711064494239,0.8821748044008162,1.488376906748443,1.549658139588618,6901028071475,202604
5.462866934175717,4.116300639623804,4.192080162242466,3.6202321752409605,3.8889721781084567,4.01729608784573,5.398458647920334,4.602273049300519,5.453066450717643,4.3605455876444355,6901028071475,202605
3.171935558507278,2.721900167916151,2.803741798020905,3.2073499749735483,2.3605140781128546,2.937313989124217,2.270400161103183,1.7927300172013632,3.1936871855744493,2.6427113019099604,6901028071475,202606
2.28413769781778,1.8988637786984743,0.40693936687730714,1.2820792459234185,1.308879681066836,0.1334845637501585,0.9208781770286052,2.168530174715722,1.337172962954985,0.21397255262189308,6901028071536,202501
3.7476053136339567,2.907686104501194,4.3884662783782336,3.9306480057269044,3.9277153007240955,1.0465034124533181,3.738782666856442,2.5290650010118565,3.8793931082894377,3.3112111408701663,6901028071536,202502
2.3484916109664207,2.5957891288967523,0.631526669324516,2.4584222192958416,1.4578983407106798,0.7177728996830179,0.8820966825917532,2.191347930250018,2.0965313570605133,1.4607970157018897,6901028071536,202503
2.4983052538297637,1.0718025257212322,1.4355523979948597,1.163947144643381,2.0977703166092354,1.3995644503247107,1.409635344858952,0.6758790682034375,1.7677292707292644,0.7021782957806857,6901028071536,202504
0.8955244753498519,-0.9707661166863303,-1.7615497826438273,0.8355582736809606,-1.7193808600989122,-1.4531278390506908,0.4977620358861838,1.3506157451327974,1.5329562028917092,-0.36096996515313506,6901028071536,202505
3.8053485234455877,2.6923308101570353,4.23080910308033,3.9306480057269044,3.826792190830085,1.0465034124533181,3.738782666856442,2.6568693668782872,3.7127571710850678,3.494947559696928,6901028071536,202506
0.308532125732986,-0.38750951288510155,0.36999598650558285,0.9900451685689385,-0.5745227016383695,0.3592624154306979,-0.9067990267981306,-0.9680235209707925,-0.05337304315302948,-0.44461876276662077,6901028071536,202507
0.8955244753498519,-0.9707661166863303,-1.7615497826438273,0.8355582736809606,-1.7193808600989122,-1.4531278390506908,0.4977620358861838,1.3506157451327974,1.5329562028917092,-0.36096996515313506,6901028071536,202508
3.6225380843937867,3.77921866235804,3.3978507581558466,3.6816332979927875,1.4555480244442962,2.9056811802950078,1.9046461586615027,3.287046878213147,3.4495873738505787,3.5665947946427914,6901028071536,202509
3.708728041127696,3.567969143271076,3.2121205565720596,3.7043343468355197,2.7732721972522123,3.546832521575012,3.189627324065651,3.4827629432306018,3.3018576296536857,4.040813457232452,6901028071536,202510
1.5128067864851324,0.07634844789569009,0.4673561295420232,1.1632741685445471,0.462527812101841,-0.17636183916789003,1.1610533172862847,0.005218652675865076,0.5487860148717715,0.3616971290901416,6901028071536,202511
3.5060675176767733,1.510754688311544,2.605967573814671,3.461300933364227,2.5886837408704277,2.8359371606912895,1.726122905217733,2.9411199575262623,2.5214099208099596,2.218262043877844,6901028071536,202512
0.8955244753498519,-0.9707661166863303,-1.7615497826438273,0.8355582736809606,-1.7193808600989122,-1.4531278390506908,0.4977620358861838,1.3506157451327974,1.5329562028917092,-0.36096996515313506,6901028071536,202602
2.6218171828029733,1.272166181971766,1.6530725824921957,2.2134461082490424,1.2641273859085085,1.4466866412013482,1.9819230092183138,0.6614876366981539,2.0073358678276834,1.078661814981116,6901028071536,202603
0.23566347902436655,-1.4682646786204352,0.08576773841584462,0.7066790625500353,-1.651002048055156,-0.7330757037859202,-1.1550358572937514,-1.5743722775967652,0.23657062233754628,-0.9487237819478247,6901028071536,202604
2.2997964150673544,1.2566187222744651,1.4675240813193045,1.9510841095559337,0.761754709719188,1.3402548243679298,1.68007943265827,0.9245401043101216,1.8323389032242228,1.5551382706539076,6901028071536,202605
1.701689754056484,0.8153882265617313,1.6244519627077123,2.019678090798946,0.8938625084203977,1.0860750560729793,1.5194538067069336,0.6197910546546952,1.4437601642412299,1.3328080815620298,6901028071536,202606
0.367403545833051,1.4122749817828573,-0.5006672368936194,0.4643536224552771,-1.3272967236094428,0.2568575629013189,1.5159739932811263,-0.9334689021199682,-0.9696490989344171,-0.044985815657473616,6901028075015,202501
6.4325311300243575,5.437531185631658,5.622387988989411,6.229875578329975,6.902604540192966,5.808841340865661,6.196147328607141,6.638909995850682,5.04169063216082,4.513484248088227,6901028075015,202502
4.320655699922287,5.54259083771089,4.635426091217549,5.836219955925432,6.48980059288698,5.289156966202398,4.39501674151676,6.2882147425666375,4.742170390234907,5.088346670431721,6901028075015,202503
4.9502340577944475,5.080942585714062,5.501418943099039,6.791081489527802,6.14332984204324,5.401152287921247,4.795793319463499,6.495001763128925,5.465070179989705,5.647026555337387,6901028075015,202504
4.3283263382756445,6.267852490748703,5.1123631507011575,3.7340955435859993,3.83183617728427,2.438992417352061,2.1570729808838864,5.883569231953528,2.2607431546235923,8.055838149429057,6901028075015,202505
6.171347174796174,5.198989995311573,5.670954265196269,6.604399583469425,6.8742568138515185,7.057965140771049,5.9268685033970465,6.65841589886271,6.758662537712258,6.616583509901794,6901028075015,202506
6.246500633485898,5.115319695532653,6.308084291378317,6.755501375740443,6.05786213268806,6.79675305561373,5.477415741430367,7.2602848630261185,6.429950634880028,5.715048941596784,6901028075015,202507
6.202591254954339,4.921526145113662,5.3323904726038664,6.0238926451373676,4.5740111307065945,6.149347238593675,5.829359780217059,5.200396600427466,5.899636043607314,6.028637518746218,6901028075015,202508
6.637122520378698,5.680678503864302,6.205084091053529,6.060967070013196,6.747237196958197,7.006736891966692,5.7021513721594115,7.89420643135969,6.337665105466105,6.183571881576088,6901028075015,202509
7.366921797084028,5.445001355096052,6.211865620626985,5.6689684737691035,6.934430899259942,7.3052677968292405,7.283665908803586,6.449569444672993,7.114460851963727,6.804202269938288,6901028075015,202510
6.90656612186761,5.60452998870987,5.609044742017749,6.050898117628095,5.694390255939263,6.533111788799425,5.381496888579778,5.601115428804935,6.491081714199543,6.078150477821883,6901028075015,202511
5.404036944016652,4.970932278113987,4.79360605497038,5.667117231458834,5.952148463010852,4.228779003514932,5.557760175996042,5.244111563600445,5.013105289643386,4.953099386085183,6901028075015,202512
8.05493683705968,5.143197549733363,6.703159067053635,6.7960414150229145,6.642279273040566,6.26585774170156,7.00616167213009,5.919323512136906,7.699236613279648,6.4729924193526305,6901028075015,202601
6.461644623203783,5.595964359425965,6.096612460910274,6.066304977173039,6.651878360210427,5.792145680648484,6.17782617033671,7.176614337748864,5.2048310116167915,4.972076200089085,6901028075015,202602
5.478970438773186,4.875942696996372,5.563842383786403,5.263674903433502,5.294707143542506,5.012148436354207,5.427421295506621,5.880960723109481,5.31942742593077,5.197499409801344,6901028075015,202603
5.473739990005064,4.868179018900206,4.51067865778644,5.625487408742504,4.876233844816572,3.334909689336918,4.529169943191946,4.1654207596197255,4.757155400203291,4.747353089527257,6901028075015,202604
5.466685936490986,5.433563222046543,5.232382448050592,6.166584909660042,6.303644187163665,5.308160896320812,5.647432112648165,5.574719695344172,4.71853869985091,5.609746645590968,6901028075015,202605
5.090758272008253,4.750401901999411,4.760976109880234,4.68623699753848,5.191631884236689,3.7982288474668127,5.539337923584749,5.297451501900571,4.154905911512164,3.885200831642746,6901028075015,202606
0.367403545833051,1.4122749817828573,-0.5006672368936194,0.4643536224552771,-1.3272967236094428,0.2568575629013189,1.5159739932811263,-0.9334689021199682,-0.9696490989344171,-0.044985815657473616,6901028075022,202501
5.945393645202386,5.033730955504879,4.888843098826803,5.896350773152691,6.244120480991313,5.614112702260401,5.134496828375856,6.239129691233072,4.928289577725018,4.79025031091749,6901028075022,202502
3.3571369306876804,4.3609288036001495,3.618554469631364,4.90017729280858,5.057864838791773,3.7630382189476004,3.3526929665193554,4.248796975664521,3.472015073590218,3.518712986587529,6901028075022,202503
3.0181556706598496,3.6654731462578987,2.741281497672873,4.269513022422833,4.92026955563717,3.419171060823089,2.7749488906782127,3.727839207787777,2.9059826367560926,2.836038025110338,6901028075022,202504
5.479776047071717,6.577277263076325,5.414304079380745,4.7423439190756564,4.522272573466199,5.036866848389927,4.81658175219806,5.988039612324554,5.093422868642244,6.008474675287186,6901028075022,202505
5.479776047071717,6.577277263076325,5.414304079380745,4.7423439190756564,4.522272573466199,5.036866848389927,4.81658175219806,5.988039612324554,5.093422868642244,6.008474675287186,6901028075022,202506
7.645236353612855,7.014462154905724,6.824937007338657,7.165136679604909,6.267612525550067,8.196013838229733,6.128134595426287,6.7519010675742885,7.834018049714926,8.263935451165224,6901028075022,202507
7.523687332261981,6.106692126223092,5.961681109142146,7.198008481786327,5.243342007946925,8.093291594217396,6.074477959701457,6.26041735133329,7.415500629242577,7.906067235665314,6901028075022,202508
5.479776047071717,6.577277263076325,5.414304079380745,4.7423439190756564,4.522272573466199,5.036866848389927,4.81658175219806,5.988039612324554,5.093422868642244,6.008474675287186,6901028075022,202509
5.479776047071717,6.577277263076325,5.414304079380745,4.7423439190756564,4.522272573466199,5.036866848389927,4.81658175219806,5.988039612324554,5.093422868642244,6.008474675287186,6901028075022,202510
7.113061621578926,6.456623435618796,6.090203987524789,7.186756327980964,5.275577642018508,8.288598641247187,6.3894273959082835,6.6857691893733415,7.391977563744555,8.030366799750453,6901028075022,202511
5.678178198362813,4.526586105080914,5.629353519731755,5.8367498562899085,4.920194891674073,6.629995726498155,4.523225165102605,6.118668850362568,6.04070662417268,5.725191269237866,6901028075022,202512
6.39946533481899,3.279793481304008,4.767794711979562,4.1539442854259025,4.567239975028028,5.661132580432968,4.519819148474865,4.179385543843851,5.601855397078296,5.201767621886007,6901028075022,202601
4.368674419062728,4.78649639480104,3.983443387742863,3.8449618963241705,4.215723505835201,4.811975620408799,4.381513361673906,4.85634160224472,3.707315056190487,4.0313375394218225,6901028075022,202602
4.345541396290068,4.747757287073488,4.8742430940508275,4.595389341695046,4.943171402303698,4.986904507512252,4.381946379801603,5.546527663332368,3.9073853948592925,4.602190161765388,6901028075022,202603
3.101699323446999,3.454120597621329,3.3359138782955418,3.43172974670056,4.711977028557998,4.102440285358548,2.344745473282434,4.041156953174265,3.9407062742972885,3.326520731402164,6901028075022,202604
3.7744821241092303,3.8906672627715637,3.832237527215005,3.606086581465202,4.387905474531148,4.403349688746973,4.183202759352325,4.47663585787241,3.67604017990002,3.947998408053077,6901028075022,202605
4.190374054149781,3.507034647454293,4.33506300630761,4.44360535846285,4.52044638419145,3.818066016671887,4.63382260122143,4.033866261930216,4.183930777625426,3.8573297392018846,6901028075022,202606
2.28413769781778,1.8988637786984743,0.40693936687730714,1.2820792459234185,1.308879681066836,0.1334845637501585,0.9208781770286052,2.168530174715722,1.337172962954985,0.21397255262189308,6901028075053,202501
7.547119232953602,8.672022416118178,7.7487122753530455,8.44316444814582,8.410318324293966,8.446111246797049,7.445298089210506,9.22176315011197,7.141324841080926,8.183941807896174,6901028075053,202502
6.6668825929355116,7.472113092914509,6.931651677385632,6.995794750733999,7.61036158837071,7.0587503931264415,7.146912942168216,6.94400451778373,7.016562548277412,6.062613421723253,6901028075053,202503
9.125452128495589,10.413332431327008,10.688914898368898,9.289110893942421,10.420664048946943,9.02261988787114,10.607462880559478,10.123524882934758,10.082736425506637,10.160054738693953,6901028075053,202504
7.954515960769177,8.640264290039998,7.941554039217955,8.440550911250117,8.68696633942772,6.861928758183534,8.688392632377516,8.434782134651833,8.744809923712547,7.870267042701462,6901028075053,202505
8.86528965002141,7.39214878440252,7.200693511769034,7.876103701019806,8.143963899566081,7.715063343305583,8.683577208900381,6.652063621926754,8.68654812773503,7.620600097480016,6901028075053,202506
14.300378885722806,14.810565339427278,14.220757668492563,15.344646137896135,13.856696587317797,13.385234726780755,15.731045348084368,14.584966418822638,13.821266867584214,14.296421799970236,6901028075053,202507
9.440573260411762,9.255228857790517,9.515989654092722,9.474910271990217,10.85915461729571,9.775556463192471,8.928728018670778,9.624380104395852,8.991388195705095,10.072304987084674,6901028075053,202508
3.9758424198908493,3.350261594844326,3.8992541340972515,4.003399820959421,1.7267988196550503,4.142280495068737,2.5796200409823493,5.145848860695244,3.9400114036348817,3.587409435156826,6901028075053,202509
11.72067793865812,11.200074396586492,11.785768338426328,12.489761511460461,11.732778861501362,10.093457170544253,9.999311825776429,10.487951243140804,9.732535085782935,11.650547792091952,6901028075053,202510
7.061073455938412,6.802888863959755,5.957342459620649,7.394175492749707,7.776627973421234,6.07838592062986,7.433223114100145,6.688331390343893,7.746605589016627,6.1785277678933666,6901028075053,202511
3.6347450059237807,2.1896742174594763,2.927360254142318,2.717721587950734,3.075668938674921,3.43505529939101,3.471844585575269,4.801789077881018,3.5052338642024212,3.813191490692888,6901028075053,202512
4.697533724635255,2.6587994832442816,2.8274484825196993,2.5543120658959158,2.216997230347926,4.156989572667088,3.2205156296249524,3.513719925713722,4.685234125421423,2.995957535899726,6901028075053,202601
8.628392698188136,7.601108627578898,7.366849566612683,7.995864481127989,8.377210826805634,8.469198948028055,7.323656709791173,7.434168278066558,8.105484240015906,8.521104479924885,6901028075053,202602
8.793581445786057,8.492399449654814,8.59377227404982,9.233033180100076,7.701293553074822,7.48739618456159,8.328264785779933,9.05564971541119,8.792111508121991,8.867585788066782,6901028075053,202603
6.605388721697212,7.31025652327751,6.614812900324301,6.772447025979732,6.759490442738056,5.753582827591811,6.894995950388949,7.129170577307296,7.42068215130943,6.6584415568075155,6901028075053,202604
4.570461748240655,3.509051798207623,3.8622712617550556,2.96155117274005,3.3592405721787935,2.914663823094669,3.2602566231814123,2.875229329901577,3.3433053524395047,2.4481780227936443,6901028075053,202605
11.992637521039804,8.40697702958051,10.79298673403768,12.378495356448987,11.112118341819937,9.800981078057013,10.569011778721983,12.22949040244941,10.589450204189404,10.39841895002091,6901028075053,202606
0.367403545833051,1.4122749817828573,-0.5006672368936194,0.4643536224552771,-1.3272967236094428,0.2568575629013189,1.5159739932811263,-0.9334689021199682,-0.9696490989344171,-0.044985815657473616,6901028077910,202501
5.811877006619982,4.525367632328492,4.980552649143258,5.556780221761869,5.98400316954542,5.138805586860457,5.248568814509326,6.0521653574112415,4.220424738469677,4.0002676724970865,6901028077910,202502
4.561127138313816,4.823234164055765,5.2577521752336605,5.696999136556325,4.740926456100184,5.683710074904231,5.30393754668916,5.478745167184035,5.5465161493391,5.406465589951421,6901028077910,202503
2.2834035815483844,2.4754916067890655,2.588854001842996,3.9629177132160676,3.9918060168145377,2.3002586562239027,2.3024713925116065,3.63820402272063,2.1186092810258206,2.7129184602295835,6901028077910,202504
3.341926041255563,2.3024406762119742,3.1190338345280644,3.342961435336307,3.4467479414118576,2.9913183341811362,3.2661437954191883,2.335248512768363,3.3819853055123423,3.404003218441639,6901028077910,202505
4.1639671404005485,4.712465114249298,4.0377423245136015,4.467016039868957,3.875522392935258,6.141229000543226,4.571079120438991,4.968196361957687,4.964431087683685,4.100038283747894,6901028077910,202506
3.8447391666609443,2.7025598195760305,3.373068317540016,3.4581512947706923,2.2450126734308826,2.552315330277667,3.072207770872329,2.360189634150431,4.115380780052783,3.6499552585308233,6901028077910,202507
3.045881825934413,1.6572872555201408,2.625704512960918,2.5410060813778017,2.6737530822749065,2.7953084958738814,3.5231491975817546,2.7069975173963137,2.737386174288335,1.7446288043132583,6901028077910,202508
3.6160355245930527,2.8005008821027317,4.238482208282395,1.2176868381347707,2.8097859773476017,2.922568425471189,3.1572570744162034,3.157983731705036,2.597544878385343,4.511488069544265,6901028077910,202509
4.560906732621248,2.3538754751166007,3.4050059776729853,2.92414866855065,1.857233426641966,3.6186653830063524,3.6387170302675225,2.724016455185897,5.099325927985765,3.884289310403609,6901028077910,202510
2.590522092528886,1.4511815838476827,2.957065064692557,2.936802359290099,1.6519869417592248,1.1008690006287667,2.645663915394396,1.0883519130372623,0.7938184428432284,0.021669776290727416,6901028077910,202511
1.7383575614473996,1.4277164657289558,1.2866395465841154,2.2626335707143252,0.48686582512940346,1.6502066321812041,1.1003485894729963,3.5720784604130746,-0.10369111389355978,-0.5643186485540139,6901028077910,202601
3.766610398376061,1.1315053552193302,1.8979110420453824,2.2398520372895963,4.064039921471971,2.8912902410061347,2.754452332597645,3.5091787949792725,1.3714837086997487,2.156439337217118,6901028077910,202602
4.430840674582147,3.434320660556196,3.8690278695592255,2.966774591939484,3.47308665424107,4.1588644737629945,4.136429295178758,3.8291858437353663,4.586949142803815,4.074499427313935,6901028077910,202603
4.326894001074681,2.449665839331437,3.4405831535008042,2.831162171327868,1.8156792430910325,3.5711475897714857,4.247368829422481,3.52387921198035,5.474647094120854,3.582984745063368,6901028077910,202604
1.0728361526735186,0.11543059949476964,0.7017096502150877,0.962548979363837,-0.10489252010148387,0.7912751315123933,0.721932677801003,0.5876661364927489,0.39833258984033304,0.467170824532918,6901028077910,202605
3.875877398102488,3.157551341286072,3.977331332761989,2.825537759310977,2.222735728176232,4.562252219572749,3.750830529596205,3.5117299419035604,5.520977231630306,4.268864344385373,6901028077910,202606
0.367403545833051,1.4122749817828573,-0.5006672368936194,0.4643536224552771,-1.3272967236094428,0.2568575629013189,1.5159739932811263,-0.9334689021199682,-0.9696490989344171,-0.044985815657473616,6901028079990,202501
6.226452487894897,5.4040399386262425,6.483336483838276,5.488831127416816,6.03390475039699,6.291821379680086,5.5326148345095305,7.83106834038623,5.3067746672339045,4.398085730567932,6901028079990,202502
5.713289903292743,6.141392005006062,6.031284508859678,5.9439983305723985,6.227314525638219,6.175912362642162,4.650618950341241,5.451824301395825,4.443252986490462,4.895027659712062,6901028079990,202503
4.962396765344103,4.48277561896357,5.293904074680005,3.988077636936964,5.381545373476344,4.767699054452022,5.23898977144048,6.219004563069578,3.914291222452436,4.3986511173628156,6901028079990,202504
4.158521473198611,4.211093248144298,5.118356598748633,4.221651193820338,5.34433611321963,4.662538237907435,5.218827045911304,5.227833764335211,3.6429497288062116,3.9604131699772016,6901028079990,202505
7.120421502844832,7.195067228847756,6.758143004076506,7.311186915154195,6.967606387448775,8.64734021633772,6.72211255261841,7.836290302836465,8.225964102070073,7.911572993007402,6901028079990,202506
7.02253022403598,7.156276619108094,5.903021645258521,7.266686715055599,5.450537897895839,7.855777294096965,5.845264090778771,6.29054176074735,8.003884574190439,7.313246766391645,6901028079990,202507
4.498512822411358,3.1927250092924195,4.079578571741056,5.283900987765286,4.4108204512097595,6.033828085628993,4.757368817028662,4.55597529389544,5.750669777001155,3.715757603970804,6901028079990,202508
5.2027111629815295,5.347901432006231,5.291699201076856,5.989059976799805,6.770823635522281,5.750817626443944,6.037079912917672,6.185177793341825,4.802467636867715,5.279181394339643,6901028079990,202509
1.0100497456826474,1.8614400268908913,0.5602172078358274,0.8867611304429126,1.2988205587793726,-1.4948588354027124,0.3801720651997772,1.72640612087619,3.9569501471763733,2.4247342452396063,6901028079990,202512
6.005287478903253,5.1943217180278065,6.908669669418866,6.236911244252951,6.259010248639768,6.147142109328952,6.315969045826604,5.958380262690906,6.896577770052438,6.319898710526021,6901028079990,202601
6.211507348675263,5.063321627388564,5.4241350576905925,4.533530975588508,4.912886167787223,5.782614675943933,6.295169936141294,6.034240753450212,5.399530747506723,4.766991903373887,6901028079990,202602
6.951403930071624,6.032395413350341,6.93078497939942,6.426995543107704,6.774942274333163,6.7575743329326325,6.6463359219776645,6.453691733304596,6.171962209931429,5.400447224701842,6901028079990,202603
6.372638223955426,5.610171357685756,6.229077102345204,6.401432111439503,5.84609180169072,5.992201635945689,6.890010922167136,6.5340108557452465,6.13119440655287,5.246945467716824,6901028079990,202604
5.806277051123111,5.60224113846737,6.056803710603526,5.422817696035017,6.007753079753743,5.933958793221878,6.533083922778066,6.142644678199316,5.51940358113529,5.001692196385081,6901028079990,202605
7.175353119898126,6.512157769247221,6.803017878505592,7.039304470852784,6.798590539040552,6.516337227717712,7.06200492886212,6.962774551827164,7.111017290453265,6.04643377407522,6901028079990,202606
2.5255732333548497,1.6300101670042844,0.9161329434620913,1.2449717687819906,0.975080157536153,0.1189045597536027,1.134192784681207,2.122399206834384,1.360281084491478,-0.7374229853105954,6901028080224,202501
10.50430910084169,10.938467663899372,9.199377310993405,9.768784179768081,9.664735519673009,9.7606364274718,10.065719814495571,11.205175124287697,9.318006544942557,10.34107566171842,6901028080224,202502
8.27673366549601,7.338388101395414,6.3496178622187385,7.852682683388552,6.586897232467512,7.3164528226129635,7.729592423490204,6.903853478413431,7.34035402971792,8.177689231225518,6901028080224,202503
17.027746907576894,17.36893915146959,15.565752686395875,16.64259635304728,16.54576031142163,15.336182940704704,16.476435221874056,16.588897052545285,16.66719194512427,16.517462818128894,6901028080224,202504
15.678002168855413,17.303924542034075,15.675878691188394,15.528493384972322,16.457022473367328,15.57694373625803,15.643221336803755,15.684191295512582,15.942647666684534,14.853090407536312,6901028080224,202505
15.804072096513535,17.490832713256378,16.524599494891202,17.135948237511336,16.848913782132456,16.522816244770894,16.519550541479163,17.494765527391156,16.237366227445637,16.15463704302468,6901028080224,202506
6.2986892812993736,4.927890665638515,5.661528411405448,5.127669972459991,3.8114999500183866,4.491224055616003,5.050227802594859,4.8234998096941775,4.078296935564576,6.912655747655295,6901028080224,202507
12.23473810868251,13.071856310100483,10.61564012935184,11.616403385248075,12.184024821798706,11.242962882424754,11.869161434903178,13.442701826651067,10.870643377976746,12.191992682788547,6901028080224,202508
14.891067934889396,16.035646279740664,14.312279843365207,14.407135656159324,15.325435751525333,15.047667981093515,14.210145500398573,13.959543266550488,15.29372945278231,13.99728063388553,6901028080224,202509
16.925503376853776,17.152522747724007,16.19034327465218,15.729177196836186,17.662482195355523,16.82251125104326,15.688650901885815,16.2520150598507,17.041869457860834,15.689936842800675,6901028080224,202510
12.348227917955404,13.933906005580642,11.432116764734882,12.52145306166564,14.046449823121467,12.42667333368091,12.229205540879997,13.833515636667801,12.609201467411893,13.17216859101255,6901028080224,202511
6.2986892812993736,4.927890665638515,5.661528411405448,5.127669972459991,3.8114999500183866,4.491224055616003,5.050227802594859,4.8234998096941775,4.078296935564576,6.912655747655295,6901028080224,202512
8.43708187961091,8.118598227809255,8.306729809355064,7.818169651909931,6.9412187998785795,8.3074194866136,7.534044655327985,7.891245082636535,8.685134315483909,8.1462734188183,6901028080224,202601
2.5592695444783597,2.5825591094586784,3.2445242727063968,3.005207260752118,3.0168427089405667,1.2128463312887425,3.1782180874244648,2.0499645531343598,2.5458073321949524,2.2832126295487316,6901028080224,202602
8.794251397914719,7.706204976993553,10.172214398196617,10.24984135015443,8.99352510349231,9.570497520262652,9.094159899474425,11.109053574068685,12.763983988550109,7.869241728593811,6901028080224,202603
8.794251397914719,7.706204976993553,10.172214398196617,10.24984135015443,8.99352510349231,9.570497520262652,9.094159899474425,11.109053574068685,12.763983988550109,7.869241728593811,6901028080224,202604
8.794251397914719,7.706204976993553,10.172214398196617,10.24984135015443,8.99352510349231,9.570497520262652,9.094159899474425,11.109053574068685,12.763983988550109,7.869241728593811,6901028080224,202605
8.794251397914719,7.706204976993553,10.172214398196617,10.24984135015443,8.99352510349231,9.570497520262652,9.094159899474425,11.109053574068685,12.763983988550109,7.869241728593811,6901028080224,202606
2.5570569206910827,1.5815069319760513,1.6016673336351368,1.5288196260958256,1.4452939976267023,0.6859224435905261,1.345630249773079,2.318272640596579,1.4349761908722298,-0.27854453799631806,6901028080446,202501
1.9655177398905344,-0.22719169893401064,1.0494875694102752,2.5432750086819427,0.18877658004922548,-0.08300508444286558,0.9454096167219181,1.6166186435808552,1.446719308017586,-0.7237090577492482,6901028080446,202502
1.9655177398905344,-0.22719169893401064,1.0494875694102752,2.5432750086819427,0.18877658004922548,-0.08300508444286558,0.9454096167219181,1.6166186435808552,1.446719308017586,-0.7237090577492482,6901028080446,202503
1.9655177398905344,-0.22719169893401064,1.0494875694102752,2.5432750086819427,0.18877658004922548,-0.08300508444286558,0.9454096167219181,1.6166186435808552,1.446719308017586,-0.7237090577492482,6901028080446,202504
1.9655177398905344,-0.22719169893401064,1.0494875694102752,2.5432750086819427,0.18877658004922548,-0.08300508444286558,0.9454096167219181,1.6166186435808552,1.446719308017586,-0.7237090577492482,6901028080446,202505
1.9655177398905344,-0.22719169893401064,1.0494875694102752,2.5432750086819427,0.18877658004922548,-0.08300508444286558,0.9454096167219181,1.6166186435808552,1.446719308017586,-0.7237090577492482,6901028080446,202506
1.9655177398905344,-0.22719169893401064,1.0494875694102752,2.5432750086819427,0.18877658004922548,-0.08300508444286558,0.9454096167219181,1.6166186435808552,1.446719308017586,-0.7237090577492482,6901028080446,202507
1.9655177398905344,-0.22719169893401064,1.0494875694102752,2.5432750086819427,0.18877658004922548,-0.08300508444286558,0.9454096167219181,1.6166186435808552,1.446719308017586,-0.7237090577492482,6901028080446,202508
0.367403545833051,1.4122749817828573,-0.5006672368936194,0.4643536224552771,-1.3272967236094428,0.2568575629013189,1.5159739932811263,-0.9334689021199682,-0.9696490989344171,-0.044985815657473616,6901028080521,202501
3.5704356857860735,2.4300929088320466,2.3379225430850163,2.79118044238665,3.7581293972822056,3.2197564836201913,2.6957907401595467,3.7862921490767576,2.3128564560496754,3.23857759826405,6901028080521,202502
6.3110269155093945,6.949429182758765,5.925088052511164,6.084947808243435,6.828300747760201,8.310739390808953,6.510997331903967,7.642407614443173,7.641396659494915,7.442538924244768,6901028080521,202504
1.3601710105174074,1.2991222430577736,1.70431303392283,1.7127392207595404,1.60838506082709,-0.2708106821995082,1.1575107999275336,3.832421886768401,1.8271261325389312,0.37538513787093214,6901028080521,202505
7.1071079727803195,6.246271659964807,5.692247676101844,6.4417742607462225,6.135841090437118,7.573847141752765,6.170872466744347,6.30115701885945,8.18297578520235,7.308986677025876,6901028080521,202506
4.244308343088989,2.965966120407683,4.471002943058497,4.504262725745958,4.665410743055362,1.7008529427149943,3.8135071734817245,2.997925458178084,2.95383387509452,3.4223690074455155,6901028080521,202507
3.8466354302298944,3.124357500043401,4.641990722168561,4.504262725745958,4.6141819808282145,1.899831565740382,4.042554408754698,2.874526868970266,3.0357837634554223,3.1742872816075636,6901028080521,202508
1.4886402746132261,2.20259735623874,1.3920422008687217,1.6751571328326036,1.8974554111821567,-1.648661108149521,0.27205802211299135,3.5167620750677075,3.9592039858604724,2.7061909370560238,6901028080521,202509
2.0986886190784206,0.7851072985014397,1.5426802390432763,1.1848558929995252,1.0061527708329747,0.7802456579946205,0.6748897355811373,1.8595050261252983,1.8673817408956292,1.1268598351570098,6901028080521,202510
2.0986886190784206,0.7851072985014397,1.5426802390432763,1.1848558929995252,1.0061527708329747,0.7802456579946205,0.6748897355811373,1.8595050261252983,1.8673817408956292,1.1268598351570098,6901028080521,202511
5.1188118213408025,2.644035531500033,2.960267997035036,3.7367462369730773,3.6434165673279546,3.363771202632038,3.6653753421047557,3.3858181911181586,4.09943774612918,4.159805136391944,6901028080521,202602
1.157987728516365,1.434315294517077,2.1841981520058984,0.46789497208956843,1.906757749064835,-0.6611340196844615,1.8536468350418225,3.2553188483448325,1.6379940541468696,1.7835914879870027,6901028080521,202603
2.00288914380182,2.0504861407306048,3.1666342439166004,2.8901676930739604,3.0797675954625365,1.0813284148531055,1.4652810635162443,3.7222235254343055,1.3364588898323748,2.2135449544660943,6901028080521,202605
2.3528945299155515,1.87958269990848,1.8272990610784277,2.0689654519457985,1.706687642690523,1.8200419476552563,1.4001734813063114,2.9759648960034846,1.4675965762833978,-0.01553740964288422,6901028084321,202501
15.493770532379404,16.433191223178977,15.399392770338535,15.760237861056186,16.356299630629717,14.916024821130748,15.953690994991526,16.46068043987932,15.234724872786163,15.04100999024084,6901028084321,202502
9.468284591717008,10.547741322951635,11.112419416987795,10.388737648749142,11.38258847972992,10.80995256262695,11.007703154035795,9.372062105694978,10.323072291404687,10.85514508749501,6901028084321,202503
14.580089633342926,16.985117722366695,16.557078510115822,15.11717845562487,18.519681854650813,15.127482749712927,15.175738023502587,15.234635795517374,15.589977487809993,15.837848596507067,6901028084321,202504
14.274760811474566,17.357220411929806,15.312163009297453,15.475552921997556,16.418799043316678,15.454970269081318,16.873814608145274,15.674203857355371,15.258264973479982,14.510514535738517,6901028084321,202505
14.119291370719301,16.06477216231398,16.316225584867002,13.578498622219943,16.993517402951284,14.541515206150075,14.301419008058197,14.434509532989013,15.140883338162533,13.80912149645621,6901028084321,202506
14.134595757248931,15.129472925900313,16.159374953903274,14.481270654163671,15.214633455468602,15.516740056169692,16.628764162093816,16.050918710659428,14.5506345097552,13.486293603642512,6901028084321,202507
-0.7171707143212532,1.16558294871918,0.471410746188348,1.5815530940320355,-0.041870573844023595,0.15762309057546514,2.029981250414435,0.24924378009567444,0.763883937194227,0.21569592043698466,6901028084321,202508
0.04578969415458484,2.8726309598253126,-0.9173091070759203,1.9025460713750926,0.7975554038668848,2.0312171079704746,1.1238424469963642,1.8387338724290776,1.2946731282767419,1.824522611304114,6901028084321,202509
2.126628105029218,4.343161512740219,1.3370355661196762,3.628596099488703,3.4310899122841745,3.237263402673648,3.186827831330743,5.905160920401499,2.3409144598168212,3.969975202249411,6901028084321,202510
6.187701429766271,5.270738419161771,4.939218908964815,4.632867388804431,4.6604160460688515,5.573527716809952,4.88733548874172,5.818636215443659,6.342990885904898,5.3077016434974,6901028084321,202511
8.144849656363862,7.697090056808385,7.198246505347762,6.34922143291996,7.494450039236186,7.222237343766098,7.3002873616290485,6.207677442456526,8.019225962109104,8.047631682274472,6901028084321,202512
10.36828755462806,11.467415768945552,12.128664725107015,11.920335294159031,13.300483136772321,11.191046707748361,10.752712747092874,11.164595016324617,11.812312795859471,10.840266835077715,6901028084321,202601
11.386925214401419,12.212431983838604,13.071838933323038,12.079504760652645,13.005366890972933,11.528830303982117,11.879850369658316,13.556021073942551,12.063118164935673,10.778250228840069,6901028084321,202602
9.012733673070315,8.880140817050538,7.849962067587157,7.909633364187755,9.09259503657052,8.795276700121082,8.894302775998767,7.658016158256994,8.983472625271478,9.701746241454844,6901028084321,202603
11.018989339544078,13.321125696801912,11.01169098701341,12.38373785252965,13.076502130124794,11.653142446918634,12.5430842449864,13.473706053600434,12.368705913145684,11.057695914726068,6901028084321,202604
1.8638383559463096,2.4570165167265245,1.8356870974637238,2.792292432877443,2.2273906417481184,3.269147943893801,2.4709784425828567,4.313054847445831,2.028342011395077,2.574216527530824,6901028084321,202605
12.982655208246653,12.835146397305436,14.578261533366394,14.045018042747857,13.514618560511982,14.26425885066573,15.572932221257998,14.773345553627308,14.153788505074937,13.316111690327338,6901028084321,202606
2.28413769781778,1.8988637786984743,0.40693936687730714,1.2820792459234185,1.308879681066836,0.1334845637501585,0.9208781770286052,2.168530174715722,1.337172962954985,0.21397255262189308,6901028084772,202501
3.2221644853591367,2.356315405602522,2.324440415214162,4.025224351632359,1.538671209168447,1.4446248814162617,3.9332322602694845,2.227586867745323,2.5305604933575996,2.62552779041135,6901028084772,202502
4.6012481813060955,4.594645659808776,2.571333622968541,6.481732014499291,6.01392791381429,3.5702076520984805,3.8565250890444482,4.466628307914308,4.7514917420867215,4.618027359725806,6901028084772,202503
1.5638217748307144,1.9800781965614183,2.326405311329295,3.0183722480021196,1.0807011803670854,2.304753147093749,0.19796638557767365,3.5589588094976308,1.7685516694124344,1.2480445543442136,6901028084772,202504
3.7625805170279754,2.648325733222653,1.5072271935415058,3.6050690194979134,3.3350990694013887,1.7585273282116702,1.8776045837148574,1.39560900299796,3.132080874394478,2.7940850725700406,6901028084772,202505
3.5047678307784613,3.082393587904842,1.9969564996234548,3.1208363257725984,2.893059796505646,2.25509464392408,2.218155265009022,2.7891464907121604,3.2442622867925777,2.6976754642182037,6901028084772,202506
9.502729902029884,10.163094420039348,10.04914933856658,11.654011820330336,10.664082043011897,8.98477827717639,10.29484906271267,10.756775659589355,9.671267374485607,10.084294950347259,6901028084772,202507
3.44691662181819,0.7914048653872656,2.3537761589535067,1.9686428627702504,1.6475714877922287,1.814734242919172,2.3573564782084104,2.258358694946819,2.3010261043228395,1.3911184671393153,6901028084772,202508
5.225178645397254,4.322956516812942,4.332781417741077,3.5759560631737566,3.6451807968305654,4.4500787356834905,3.7456111195735593,5.240148575394216,5.1257940532639825,3.0258887534357806,6901028084772,202509
9.389376962459949,8.869720864335733,8.457707707163712,9.898036027282757,10.206952567284105,7.650666752114665,8.449517357317935,9.937903472742997,8.812873422505827,8.18512482152184,6901028084772,202510
6.508014272113314,7.245368443174078,6.314532930702377,8.364800782628583,8.301799089943211,7.467979915816748,7.877896956532965,7.6258788287665675,8.330386964454528,5.864857638137255,6901028084772,202511
7.449420215739919,7.693218229700214,7.994314682971043,9.221432427557032,8.730511452374893,7.967893578100062,8.050105385812525,8.355313081912954,7.4346286338784955,7.118006486946338,6901028084772,202512
4.909553173890323,3.257123991169236,2.940675543505338,4.336854609758715,5.508207241924407,3.2554396149596014,4.4802113655165225,2.8343675318837924,4.859585355798881,4.549700994178302,6901028084772,202601
4.865069501850422,4.591237772488453,4.212599826365092,5.935984358588957,5.090925203840412,5.37965141231394,4.9646533905277845,4.800434800061954,4.917606076126108,4.61684221057999,6901028084772,202602
5.676983287748275,5.130968917978161,5.499094068242762,5.792904044408519,7.2291174761506864,5.64423042854626,6.332657768504842,5.271135796132209,6.220020032208356,5.9204106788083015,6901028084772,202603
1.8631402122093115,0.3361887031547561,1.4336321376038745,1.808030016251103,1.2540022363940388,0.4494505240616807,1.6513407146909138,0.3428817705018508,0.5502252964207122,0.10151977130627832,6901028084772,202604
5.876533385043312,4.836659190639221,5.270306520016587,5.578857704493115,5.584952000349744,4.804796436263273,5.722750624142388,4.646010450635079,4.805983956876686,5.070959840450148,6901028084772,202605
2.392089852732148,3.4030421252909258,3.3426996521302446,4.657294098709395,3.20045997481377,3.680690357856159,2.7547161225588734,3.5913896369911376,3.7019943741985193,3.4716113148672583,6901028084772,202606
0.367403545833051,1.4122749817828573,-0.5006672368936194,0.4643536224552771,-1.3272967236094428,0.2568575629013189,1.5159739932811263,-0.9334689021199682,-0.9696490989344171,-0.044985815657473616,6901028084925,202501
4.353902055276515,4.497994994991325,3.1265660971334333,4.379503778185963,1.9666141000460846,3.971123029192232,4.286905889312439,4.612027417141801,5.131056756816587,4.157320462665137,6901028084925,202502
0.9695691001276969,2.423772477900936,2.3638098524411943,1.794338209744863,0.26542308776121626,1.1193419414325,0.4557033582260296,3.2824041552558287,2.37593189489699,1.260679535895863,6901028084925,202503
2.555943817841729,2.927531553225585,1.3991703573696788,3.3664998242204835,2.1158958924686413,2.6258460572651434,1.8746817049819886,2.6106816730788047,3.2666094746033103,2.6226190837750667,6901028084925,202504
0.9695691001276969,2.423772477900936,2.3638098524411943,1.794338209744863,0.26542308776121626,1.1193419414325,0.4557033582260296,3.2824041552558287,2.37593189489699,1.260679535895863,6901028084925,202505
2.5686986056071435,2.1711330629528467,0.9015529439346248,2.72870451675177,0.40852049627967124,1.8361909831769454,1.2442330404371897,1.941457105806917,2.906425789142857,1.673882312812839,6901028084925,202506
2.6679849073576776,1.6617513800202026,2.5528282437613825,2.015727466167043,1.3285103016818318,1.568295129717689,1.7543454750139387,1.7948635458820024,1.5488858970227222,1.6016495668765254,6901028084925,202507
4.527644016115709,3.782951905116462,4.63466137014543,4.685951148804413,4.730500538744353,4.367686105764072,5.160314386765634,4.016146259542845,4.8538130966528295,4.027445980086215,6901028084925,202508
2.2677789541407014,3.241637620283309,2.260920236026253,3.6984897827995917,1.8914767423176913,3.07156904614071,0.9962180232314695,3.395565918987061,3.3946141808602115,3.0433249430083515,6901028084925,202509
6.926442136091145,6.274808388993176,7.646569581215715,6.851360754579878,6.354401417979258,5.817108033531967,7.126459649349625,6.935677322451053,5.9127593874274,6.445215117952074,6901028084925,202510
4.05715369118634,5.160738546264775,6.0783318383031855,5.321210316558985,5.188263132768067,6.068795224373465,5.416753203754495,5.514262265469206,5.478646930958184,5.324716452712921,6901028084925,202511
4.466127717288314,3.871732913163363,4.0552803626622795,4.365359072707133,3.8092529288736667,4.427186396715323,3.3257917823694862,3.6105721701471483,4.670527798495242,4.732088721714862,6901028084925,202512
3.562140805848256,3.297029771225843,3.7231699843527437,3.066108814528359,2.3013210534291746,3.8331295150431286,3.8770576432261157,3.9187019646866905,3.9148805163536715,3.20271256588136,6901028084925,202601
3.3609390406156128,3.1136695803616585,3.1655055195467314,3.6055586432120372,2.3450405118838455,3.744462674482207,2.8441579271438178,3.433005829671899,3.1788458453376625,3.793405774464946,6901028084925,202602
4.10455224183843,2.7762529862385215,3.400229813516324,3.7516210452699053,2.496727117847815,2.7170925194371827,2.100930951151234,2.9007090344930604,3.0706621126314593,3.9662352529427007,6901028084925,202603
2.443028170022901,2.8441738023743137,3.218587858068866,3.345124376678908,2.5361661102130064,2.124417465895004,1.3904421031718466,2.659235735132395,2.3172654548400766,2.520795247522085,6901028084925,202604
4.490064551524911,3.3851609600774317,3.2777445190263705,2.483740289803685,1.7737533551234281,3.908412987155229,4.671890199827361,4.628908102737512,4.466645264969671,3.109244234789522,6901028084925,202605
4.725126496510844,4.076970572041808,3.7385522532228492,3.7382643680151557,2.2306285310213525,4.579903615659287,4.2691387942627035,5.1561659920769465,5.062932105820848,3.2602590469495043,6901028084925,202606
0.367403545833051,1.4122749817828573,-0.5006672368936194,0.4643536224552771,-1.3272967236094428,0.2568575629013189,1.5159739932811263,-0.9334689021199682,-0.9696490989344171,-0.044985815657473616,6901028092432,202507
3.3803101697760787,2.1485590886780748,3.18788531892357,3.179905846469762,0.8378682885041706,3.2412037271212792,3.947389692300695,2.515846255598274,4.2701414374230175,3.786347381497621,6901028092432,202508
-0.17787965479899936,1.7394718032836496,0.017987730071881425,0.7845029076840678,1.1553922895341835,-0.4922583517031498,-0.17444151508508463,1.0118601874598125,3.6629294886896866,2.2428577607094287,6901028092432,202510
1.1099950987986826,0.8347609511577196,-0.015243475634920511,0.8895192017324178,0.8882641093252901,0.43618889044996234,0.7663840292485135,-0.31008386299781665,1.0251188043379553,-0.34257753892830795,6901028092432,202601
3.055949980925243,3.1595968550962263,2.9499171314473336,3.322284703398637,2.2359624521379824,2.9791157735930103,2.618655256013824,3.7374812169734173,3.480749944293286,4.1765268774617805,6901028092432,202602
-0.17787965479899936,1.7394718032836496,0.017987730071881425,0.7845029076840678,1.1553922895341835,-0.4922583517031498,-0.17444151508508463,1.0118601874598125,3.6629294886896866,2.2428577607094287,6901028092432,202603
1.6502854965211675,0.8894553198755867,1.6432652009520345,1.8725382621773434,-0.3259650345706682,1.6967006381488692,1.8619504439444596,0.8697521052339742,2.187932142014121,0.6719132628515239,6901028092432,202604
3.5181040408970645,2.3801577431333754,1.732137022189041,2.6466787951430124,2.1655505830214183,2.8545314322548734,3.976959862300652,1.7228915721441593,4.197851322881037,2.118876707549231,6901028092432,202605
2.8833384954051122,2.868526724589396,1.7638022945955245,2.9442056242983,2.3680628150515495,2.9133279542180825,2.6701391892018895,1.6471244394789186,3.7738098482538067,1.705312546036768,6901028092432,202606
2.28413769781778,1.8988637786984743,0.40693936687730714,1.2820792459234185,1.308879681066836,0.1334845637501585,0.9208781770286052,2.168530174715722,1.337172962954985,0.21397255262189308,6901028092838,202501
2.564978598937039,2.176031505850054,2.4695317973901667,2.1167246024485555,1.3756542505206897,2.1659009800032587,2.4829608447200995,3.1046691713562726,2.398805917735346,2.205629321819811,6901028092838,202502
2.9755197565670914,2.5626518979758415,2.467247738932185,2.349891780012472,2.280361565121948,1.5046178711044718,2.63550197002762,3.3533475570431324,3.2132349365451343,3.5359583138891777,6901028092838,202503
0.5747345483724691,0.013430835786692935,-0.6574637241859375,0.9770212796676497,-0.6227072218541632,-1.0657038974956947,-0.17038767372763547,1.4930159286128315,1.739767565613665,0.5748181924811426,6901028092838,202504
-0.007901347522240976,-0.5129990555421977,0.7367331163097247,0.2402346954971789,-1.1325497515639185,-0.8258980190214502,-0.321744869917694,-0.6486800383290049,0.40307514928743493,-0.041614947715238215,6901028092838,202505
2.6012365318434933,1.9867418288358611,2.7470580391938304,2.1543022583271854,3.42613906672454,0.46792155021915016,2.8522598329893127,2.1479766957192816,2.565352213779957,3.686085110003772,6901028092838,202506
0.5747345483724691,0.013430835786692935,-0.6574637241859375,0.9770212796676497,-0.6227072218541632,-1.0657038974956947,-0.17038767372763547,1.4930159286128315,1.739767565613665,0.5748181924811426,6901028092838,202507
2.0137428297800617,2.0775620711374785,2.3943685236440384,1.5742631481367677,0.8937656317949786,0.3069921496084257,0.42578708404007265,2.6103447764050864,1.4076676502351613,1.7404032591223735,6901028092838,202508
-1.3146246631340004,0.014764261505740138,-0.29432188138226906,-0.4173575164920615,1.26105822451094,-2.013467448339571,1.4841954470545737,1.9299511631293114,0.31913423898440385,0.39996595805200197,6901028092838,202509
0.5747345483724691,0.013430835786692935,-0.6574637241859375,0.9770212796676497,-0.6227072218541632,-1.0657038974956947,-0.17038767372763547,1.4930159286128315,1.739767565613665,0.5748181924811426,6901028092838,202510
0.5747345483724691,0.013430835786692935,-0.6574637241859375,0.9770212796676497,-0.6227072218541632,-1.0657038974956947,-0.17038767372763547,1.4930159286128315,1.739767565613665,0.5748181924811426,6901028092838,202511
0.5747345483724691,0.013430835786692935,-0.6574637241859375,0.9770212796676497,-0.6227072218541632,-1.0657038974956947,-0.17038767372763547,1.4930159286128315,1.739767565613665,0.5748181924811426,6901028092838,202512
0.5747345483724691,0.013430835786692935,-0.6574637241859375,0.9770212796676497,-0.6227072218541632,-1.0657038974956947,-0.17038767372763547,1.4930159286128315,1.739767565613665,0.5748181924811426,6901028092838,202601
0.5747345483724691,0.013430835786692935,-0.6574637241859375,0.9770212796676497,-0.6227072218541632,-1.0657038974956947,-0.17038767372763547,1.4930159286128315,1.739767565613665,0.5748181924811426,6901028092838,202602
2.5570569206910827,1.5815069319760513,1.6016673336351368,1.5288196260958256,1.4452939976267023,0.6859224435905261,1.345630249773079,2.318272640596579,1.4349761908722298,-0.27854453799631806,6901028095891,202501
-0.8259957022050161,0.9177289358243821,-1.3110917070000871,0.023143900110928234,2.9401341517283117,-0.1512734741449579,-0.28240068944327,0.4017090649378616,-1.4780394492080269,1.6883645532631084,6901028095891,202502
-0.48465620854859226,0.9901922057081911,-0.16817733688289715,-0.21134154362136803,0.35270927239029715,0.819028966290733,1.3027153140974606,2.7862534436243007,0.5372238364481091,1.2196840093018824,6901028095891,202503
0.7263329513268109,2.812028816363113,1.2496731773490088,2.449201736549529,3.2819778118737046,1.31101140065466,2.6985811849958705,2.7300749537657114,-0.4219116145005293,2.741576788549712,6901028095891,202504
0.6123414506811053,3.7312830491529185,1.097054550379385,2.3652336517185426,3.3202241655599387,2.207387627326496,1.9322938689717062,3.702463959207368,-0.6525374482295521,3.1212755300922077,6901028095891,202505
-0.9598979749421306,0.3612693548908408,-0.7980795403196942,-0.44993878802394605,-1.074182406315337,-1.2304807980400034,-0.04172374470206454,0.5641174614554426,-0.7183518297753404,0.43938161776384305,6901028095891,202506
-0.01271618328653085,1.3465046584827343,-1.6552782966387187,0.6538054815139878,1.3888898081712993,1.4509203878743109,0.6338161992924549,0.8758983855955644,0.5129095787159071,3.0838616047771894,6901028095891,202507
-0.6600446289749499,0.6292375143126425,-1.7140660439140003,-0.22702817336842823,-0.9132525149614372,-0.43233750467927656,0.4098579404822976,0.11940732040502001,-1.1676884710059146,-0.19075396256250507,6901028095891,202508
-0.6600446289749499,0.6292375143126425,-1.7140660439140003,-0.22702817336842823,-0.9132525149614372,-0.41585156844053645,0.4098579404822976,0.06469222393722968,-1.1676884710059146,-0.22160777508444857,6901028095891,202509
2.952299865227979,2.437920079328217,4.018191739053812,3.9432335274145935,2.0804056828156408,0.50502639599058,1.3225229028706615,2.5625217646377147,2.511571093939699,1.953615128429166,6901028095891,202510
-0.8259957022050161,0.9177289358243821,-1.3110917070000871,0.023143900110928234,2.9401341517283117,-0.1512734741449579,-0.28240068944327,0.4017090649378616,-1.4780394492080269,1.6883645532631084,6901028095891,202511
-1.4090228718467956,0.4658970537706698,-0.13483890991476466,0.5531954705053566,1.0678090267794396,-0.40797478628883843,1.6694808628992839,2.2766376686819987,-1.216196863114025,0.565302846941627,6901028095891,202512
-0.6559120777847365,0.3997844253279277,0.06637940302122963,0.8572844482144093,0.4729002611218021,-0.23045085430157314,1.6038009963452524,-0.013409008819532997,0.45633466760054814,0.5342555115954326,6901028095891,202601
-0.8259957022050161,0.9177289358243821,-1.3110917070000871,0.023143900110928234,2.9401341517283117,-0.1512734741449579,-0.28240068944327,0.4017090649378616,-1.4780394492080269,1.6883645532631084,6901028095891,202602
-0.8259957022050161,0.9177289358243821,-1.3110917070000871,0.023143900110928234,2.9401341517283117,-0.1512734741449579,-0.28240068944327,0.4017090649378616,-1.4780394492080269,1.6883645532631084,6901028095891,202603
0.08048595604720915,2.031201078722584,1.8963874835768313,1.9417241433725094,4.218854705052644,2.020870119831219,3.0208676467455406,2.723628605223999,1.3237508873493342,2.9580233847674506,6901028095891,202604
-0.8259957022050161,0.9177289358243821,-1.3110917070000871,0.023143900110928234,2.9401341517283117,-0.1512734741449579,-0.28240068944327,0.4017090649378616,-1.4780394492080269,1.6883645532631084,6901028095891,202605
0.831596093874286,3.7587274699369564,0.9578438254045527,2.3724983635140164,3.1695490613484525,1.9802914726653453,2.0390736554745628,3.4499705652576687,0.09498341501410484,2.9355729811543854,6901028095891,202606
0.367403545833051,1.4122749817828573,-0.5006672368936194,0.4643536224552771,-1.3272967236094428,0.2568575629013189,1.5159739932811263,-0.9334689021199682,-0.9696490989344171,-0.044985815657473616,6901028098335,202501
2.053644991164188,0.12122916135802816,1.753841133834309,2.2976920323441212,0.1679917955705551,2.121956814695785,1.199103389473334,3.0645082283225986,1.7682621521810469,0.6608369902952465,6901028098335,202502
2.025093363875302,1.6397844520579083,3.242043137756891,2.3983367538728233,1.2230760291724063,1.468644412309113,1.4519525523617616,0.5944072986405252,2.6623378671490885,2.765919809574404,6901028098335,202504
0.6810243097076906,0.22447725664576745,0.36421225093231185,-0.005952202470296153,1.3029468440603988,1.6476511398950229,0.74313023005589,1.4898606567775472,2.069728234610113,0.5633109624173158,6901028098335,202505
1.9668118586794865,2.2103814147386567,1.7898888316160337,1.400139596598784,2.0975196280808928,1.8208649807201058,1.9707988632447333,3.2400231165201117,2.5789438824780824,1.8101662369204492,6901028098335,202506
-2.0582055161533312,-0.5385585267799456,-1.2872905268374073,-1.3624711263242704,-2.664171569383909,-1.2720907993563173,-0.7781896721978969,-0.5183712780482397,0.4664060773572763,-1.3394573146856545,6901028098335,202507
0.811674370643165,-1.0127086594047026,-0.18357415026539525,-0.22507654454163542,-0.8762283426247012,0.16465997529523357,-0.2872667027467609,0.33290316853305435,0.8408703704495709,0.07114241420175826,6901028098335,202508
1.7369992001267873,1.1700336424027882,0.40932184351375916,1.9669054950817706,1.0173768278429378,2.1175756766815965,-0.07311433472587434,2.5452364095359052,1.10895065438439,2.9042359330266825,6901028098335,202509
1.254730343324357,1.6897014001205917,0.6996799902281915,1.2416996680617767,0.7352250845880068,0.9562398059569417,1.2434478911274036,2.5392333007583945,0.3723306146209463,0.7544304212846894,6901028098335,202510
1.612012237932128,2.499656554216294,1.2563497487581499,1.3378576712494399,0.7677010899525301,1.9254247617875047,0.6197045923462656,3.0034021204468067,2.602502376244276,2.022349235153629,6901028098335,202511
0.1948086964151854,-1.2363548846929358,-0.2532725886407756,0.3170038947336309,0.19255091953611597,0.8164147984266861,0.43784954249150626,0.6674062017059506,0.1974092876733302,0.9987213264564266,6901028098335,202512
-0.06449410277828094,1.7320576977860642,-0.2867695383933916,0.611823365393206,-0.4453865015577139,2.426443534717231,1.1957928760692051,0.8335330568152487,1.622984176930828,0.7191907509839887,6901028098335,202601
2.508609117160062,0.4885492298187737,2.5164300894472396,2.7903842737249605,3.3649054746757674,1.5806654332251608,2.5894980544025064,2.1154913761697847,2.4499207144734276,2.126784515569618,6901028098335,202603
1.100088780857981,0.7795020502001782,0.5862602841087955,1.0930759981287852,0.9892408182858876,1.4466732466584455,0.2403194679282858,2.0981961545188508,2.264852032529702,1.5312149596101958,6901028098335,202604
1.2708062032795682,-0.4332250447420977,0.3302561475500318,0.6130637988897545,0.02779876310920687,0.6749457670787462,0.1920459304650981,2.1110765144869545,0.4559584964387007,-0.02293123228075644,6901028098335,202605
0.3865471391886271,-0.5667377669903236,-0.5566597369060488,0.83352437661786,0.14742272162927333,-0.5669265717414173,-0.9695582135754333,0.12504622777251628,-0.3525342116734983,-0.8623225564911814,6901028098335,202606
2.28413769781778,1.8988637786984743,0.40693936687730714,1.2820792459234185,1.308879681066836,0.1334845637501585,0.9208781770286052,2.168530174715722,1.337172962954985,0.21397255262189308,6901028100274,202501
2.4989581342987575,0.7201769709931342,1.751269378040363,1.7713790397703733,0.8550382687422267,1.4617619860437452,0.8711829684908874,0.8819176580694033,2.34383280185941,1.456187706920917,6901028100274,202502
4.725292189709328,4.162174744672378,4.497424096572488,4.623121253131417,3.1964832573067987,4.51584440263642,3.956655717896353,4.313348957932031,4.463322804189878,4.946393258337898,6901028100274,202503
1.7092764724513356,1.905835850063311,1.1292621291893208,0.8727084259695745,1.3383690967907507,1.9616811024187628,0.820801685371529,3.0420692622557173,1.229642171502205,1.7107361504646703,6901028100274,202504
3.8163252020202014,1.657500195595417,2.7575836356578147,2.5343931984136816,2.905586350023856,1.4101514893201486,2.9759634128542367,3.102313977166833,1.8773607090930098,2.102577731862306,6901028100274,202505
2.330469256030001,1.6085139201909873,1.7775342994314647,1.4477253185008485,2.480469813034437,1.9433035154801672,2.8249804305847945,1.4890139841365424,2.2746301419681694,3.0554489261109685,6901028100274,202506
3.8146492424472958,2.0115620157649508,3.04076643416405,1.9739865608242972,2.729688532345668,2.0509406726151567,2.4550781870533815,2.8684441005583663,1.9017311008051518,3.2955587549587295,6901028100274,202507
1.3586163147597288,0.311713100678361,1.729570335460475,0.6963186501673481,-0.15085185300868376,0.6645898018714537,1.2207535986586464,2.362215557815271,0.5191056951611286,1.47161832072083,6901028100274,202508
4.952841740231189,2.4914516655331878,3.6045904019418193,2.861298746768018,1.8138920378985768,1.8490648117917852,3.0632674503242496,2.7615857603116747,3.4467109069347637,2.4992840833928485,6901028100274,202509
2.238905715184248,0.6899330809967575,1.102447404710482,0.07809716882744056,0.987254635559263,1.1365124817202432,-0.3111920082150301,2.013249559052272,0.7572233562708766,1.798834857266028,6901028100274,202510
2.238905715184248,0.6899330809967575,1.102447404710482,0.07809716882744056,0.987254635559263,1.1365124817202432,-0.3111920082150301,2.013249559052272,0.7572233562708766,1.798834857266028,6901028100274,202512
2.238905715184248,0.6899330809967575,1.102447404710482,0.07809716882744056,0.987254635559263,1.1365124817202432,-0.3111920082150301,2.013249559052272,0.7572233562708766,1.798834857266028,6901028100274,202601
2.238905715184248,0.6899330809967575,1.102447404710482,0.07809716882744056,0.987254635559263,1.1365124817202432,-0.3111920082150301,2.013249559052272,0.7572233562708766,1.798834857266028,6901028100274,202602
0.367403545833051,1.4122749817828573,-0.5006672368936194,0.4643536224552771,-1.3272967236094428,0.2568575629013189,1.5159739932811263,-0.9334689021199682,-0.9696490989344171,-0.044985815657473616,6901028102094,202501
1.2001143915854393,2.0347422685911813,1.0318770252731226,1.6938190292330515,1.5920510458649124,2.2029208588576035,1.508299752365901,2.3600025676456653,1.811990199831996,2.5172868897485983,6901028102094,202502
3.19208090479089,3.5111107541026487,2.3837150302477257,3.2383741439627047,3.1176085032279652,3.2225748114952655,2.8715193886564916,3.3983857535891624,3.0490744910303134,3.9808225500342056,6901028102094,202503
3.4326734767868805,3.3443098478759015,4.02239372759035,3.249297831554547,3.726051708331197,4.326553199891255,3.88504315859574,3.506242238038503,3.4201387361392666,2.9667263013816036,6901028102094,202504
2.277468908271728,2.0090515484876987,1.6023473234375796,1.9841794031386442,2.249327900828623,2.7556648004514086,3.103568121135658,1.459830648868154,1.4831666702621775,1.181408885963147,6901028102094,202505
2.450674854172825,0.588549023523892,2.004961932807696,2.1328520241961413,1.8209305407292045,2.164175875757034,2.0315511602194873,1.3267414517308902,1.2574330713790616,1.3499802963242689,6901028102094,202507
1.4974201250749974,2.0269632611545267,3.6799332306481323,2.75152619563808,1.9928698177005622,1.9027943186425915,1.5844374414224693,0.24749514502563597,2.1612695073108177,2.223189936531268,6901028102094,202508
-1.463333165642143,-0.6729456564823875,-4.160986940440985,-0.3126187867916774,-0.25987863944792233,-2.0710386721441645,-2.2512513769596283,-0.3894559983229922,-0.873200471608198,0.03126820007330616,6901028102094,202510
-1.6939976733791409,-0.03137237694227524,-0.8808744730325226,0.2212582481907941,-2.2649875856943993,-2.2266430102112187,-0.0673265276127995,-1.3246166705314824,-0.8026285110949077,-0.2784242061940659,6901028102094,202511
-1.6939976733791409,-0.03137237694227524,-0.8808744730325226,0.2212582481907941,-2.2649875856943993,-2.2266430102112187,-0.0673265276127995,-1.3246166705314824,-0.8026285110949077,-0.2784242061940659,6901028102094,202512
1.9804518763653158,2.162604889649167,2.8861381173458573,3.313402539626331,1.3068862202651144,1.5496246386737038,2.8738656291443467,2.904257879396263,1.316149471810918,2.007502452500676,6901028102094,202601
-1.6939976733791409,-0.03137237694227524,-0.8808744730325226,0.2212582481907941,-2.2649875856943993,-2.2266430102112187,-0.0673265276127995,-1.3246166705314824,-0.8026285110949077,-0.2784242061940659,6901028102094,202602
-1.6939976733791409,-0.03137237694227524,-0.8808744730325226,0.2212582481907941,-2.2649875856943993,-2.2266430102112187,-0.0673265276127995,-1.3246166705314824,-0.8026285110949077,-0.2784242061940659,6901028102094,202603
-1.6939976733791409,-0.03137237694227524,-0.8808744730325226,0.2212582481907941,-2.2649875856943993,-2.2266430102112187,-0.0673265276127995,-1.3246166705314824,-0.8026285110949077,-0.2784242061940659,6901028102094,202604
-1.6939976733791409,-0.03137237694227524,-0.8808744730325226,0.2212582481907941,-2.2649875856943993,-2.2266430102112187,-0.0673265276127995,-1.3246166705314824,-0.8026285110949077,-0.2784242061940659,6901028102094,202605
2.3528945299155515,1.87958269990848,1.8272990610784277,2.0689654519457985,1.706687642690523,1.8200419476552563,1.4001734813063114,2.9759648960034846,1.4675965762833978,-0.01553740964288422,6901028104241,202501
9.465566346718454,9.793855979839908,8.610014732363762,9.236061611440624,9.563000319574178,8.801906688212576,9.458489871518957,9.349260981410726,9.2230345517367,9.112953877867032,6901028104241,202502
8.80356815505723,8.843534653587463,7.462766636647401,8.191431841910731,9.157170239434988,8.668237077957714,8.338880570028238,7.399753541381104,8.1619007193811,7.71303242017194,6901028104241,202503
6.58870157702121,6.747548372546905,5.501785598303367,7.660501822438795,6.042849522246211,5.93886153553505,5.618167277300044,5.687311884246239,5.921593285277824,5.938524030351286,6901028104241,202504
5.719697403792538,4.435332715027769,4.861718356051939,4.325846665835439,4.283018301816338,3.9090908145036214,5.732652374461129,4.617264533448166,5.491460750773934,4.659713665299736,6901028104241,202505
4.930157701708919,4.186438409387254,4.465056865429569,4.685962684440572,4.99434430213539,4.291096794576812,5.083141978601516,4.016781285944382,4.248973794065043,5.373478665569838,6901028104241,202506
6.927462421422791,6.786275040694077,6.319950051194243,8.403718662816809,7.995233973490014,6.167723532554855,6.186571488800099,6.676973494849546,6.2686816416942905,6.5163522011464385,6901028104241,202507
10.594433123957113,11.37907716289795,11.02583606128391,11.315947207423042,11.836176014660525,11.237554222639691,10.79933412715627,12.345915414173266,10.882655866570083,10.72626631604669,6901028104241,202508
4.877549596717894,4.907020713518273,4.42595498668758,4.4044582038671045,4.229723823222155,3.928129735493199,4.816147092629324,4.6805209523595765,4.606894532265343,4.091513101754981,6901028104241,202509
4.63564255762899,4.717160989955221,5.166618735883231,3.5832780826292154,4.391067753866207,4.250877433150336,5.01353507425129,4.593874663408291,3.6889889524304627,4.609016924329101,6901028104241,202510
3.541066746053386,5.271646032360725,2.3088846522080093,2.69592885537154,1.9668904441409616,2.282959923883201,3.735150072405951,2.9955431249197124,3.6126460198557586,5.638194923543094,6901028104241,202511
3.541066746053386,5.271646032360725,2.3088846522080093,2.69592885537154,1.9668904441409616,2.282959923883201,3.735150072405951,2.9955431249197124,3.6126460198557586,5.638194923543094,6901028104241,202512
3.541066746053386,5.271646032360725,2.3088846522080093,2.69592885537154,1.9668904441409616,2.282959923883201,3.735150072405951,2.9955431249197124,3.6126460198557586,5.638194923543094,6901028104241,202601
1.9345962922089848,3.5864342736527575,2.0659349955634734,3.1720102339375718,1.670437265871776,3.2645384330016194,2.6662240701567104,4.0875849301825715,2.1675404134289,3.3115621015199705,6901028104241,202602
3.9890045152566254,3.787760623077079,4.98184588975098,5.59086593581565,3.6121293751198413,5.981631979041431,4.378277428949433,5.957872086368486,4.548799682524653,4.6760665437574405,6901028104241,202603
3.9890045152566254,3.787760623077079,4.98184588975098,5.59086593581565,3.6121293751198413,5.981631979041431,4.378277428949433,5.957872086368486,4.548799682524653,4.6760665437574405,6901028104241,202604
3.9890045152566254,3.787760623077079,4.98184588975098,5.59086593581565,3.6121293751198413,5.981631979041431,4.378277428949433,5.957872086368486,4.548799682524653,4.6760665437574405,6901028104241,202605
3.9890045152566254,3.787760623077079,4.98184588975098,5.59086593581565,3.6121293751198413,5.981631979041431,4.378277428949433,5.957872086368486,4.548799682524653,4.6760665437574405,6901028104241,202606
0.367403545833051,1.4122749817828573,-0.5006672368936194,0.4643536224552771,-1.3272967236094428,0.2568575629013189,1.5159739932811263,-0.9334689021199682,-0.9696490989344171,-0.044985815657473616,6901028104302,202501
6.609040616932643,5.778505069344084,6.22927003278159,6.322482718885725,7.174420564344713,6.088918746958846,7.588327382286557,6.9766442058677125,6.353341766441654,5.045877622842653,6901028104302,202502
2.657563863117352,2.6813523909374113,2.278645393189285,2.7407644468669115,3.8174177253670156,2.6744215309465447,2.542430483379258,2.7208758825662906,1.9748259834065818,1.4987490290853354,6901028104302,202503
1.672761525806297,1.6619971765449164,0.6404259907000077,1.557068811355312,1.0456554327107952,0.8648337728016222,0.7202409189742158,2.6432884065703695,2.7292338104701854,0.3542962653206029,6901028104302,202504
1.8654802854364505,2.240280243407191,0.807868058035526,3.16221781047372,2.3955338136663453,2.4262435717263595,2.5669084802958944,2.4659543395548185,3.043673465016835,2.6582245177629398,6901028104302,202505
4.222395266747653,4.318771608373531,3.502124698147902,5.241785226439492,3.664165027225615,5.005353865888168,5.389930664148639,3.693555836134145,6.402649725307837,5.504544926318404,6901028104302,202506
4.425311135689728,4.300349453396943,3.5888945053038155,5.333618226266705,5.446139870347322,4.268057996398244,5.174874515018042,4.148499076533085,4.102653802871185,3.1643054952495375,6901028104302,202507
1.2534712148559217,1.1910883827230383,0.1295887381907554,1.6525529600160271,0.8786219602524566,1.4450799620826018,1.1466103371476082,0.8512934459766704,1.361918664618738,1.2257240791341943,6901028104302,202508
3.930770555217985,4.659134619203821,3.000691261376385,4.717333396284654,3.81739766008069,5.184272186822826,4.063129800571146,4.237196837087918,5.226290723387797,5.218907245685296,6901028104302,202509
2.2919141909647887,0.6727189911545897,2.6971482080531355,2.1762862652824952,0.05246770408687862,2.4595133203763133,2.8040165313316554,1.1693931764129333,2.972225165717698,2.6196076757842515,6901028104302,202511
1.672761525806297,1.6619971765449164,0.6404259907000077,1.557068811355312,1.0456554327107952,0.8648337728016222,0.7202409189742158,2.6432884065703695,2.7292338104701854,0.3542962653206029,6901028104302,202512
1.672761525806297,1.6619971765449164,0.6404259907000077,1.557068811355312,1.0456554327107952,0.8648337728016222,0.7202409189742158,2.6432884065703695,2.7292338104701854,0.3542962653206029,6901028104302,202601
5.5475015148316364,5.410508434816672,5.247153602979071,5.092322836884868,6.085700743063722,5.326638162236626,5.639953172732224,5.3022272911359964,6.398440607181828,3.9557335183495486,6901028104302,202602
5.486409469958764,5.595853011383685,4.644164232400399,5.952988690244297,4.526198836610966,5.1850448449206805,4.790375557150127,5.016728782015505,7.125460663801741,4.241495983021324,6901028104302,202603
2.569066635588789,2.6732337055431,2.0760867822475566,3.481643460590908,2.4395927371115023,2.323864008223798,2.392462696602556,3.427316797220886,3.5114967188800668,2.581206938282769,6901028104302,202604
5.536811336881247,4.219552735830653,4.220163456482731,4.539986944657048,3.793167671313097,4.716971656953104,5.159987616017164,4.719162587584693,5.187502530304069,4.1537211939983525,6901028104302,202605
2.995546303564013,2.304295892851228,1.8638849731658076,3.072868285191565,1.6932622886328486,3.0147914460897076,3.2804853956813695,1.3985208991118214,2.9359781211264635,1.3776661009270659,6901028104302,202606
2.28413769781778,1.8988637786984743,0.40693936687730714,1.2820792459234185,1.308879681066836,0.1334845637501585,0.9208781770286052,2.168530174715722,1.337172962954985,0.21397255262189308,6901028104692,202501
2.3535478837776678,0.9259587996859406,1.5863923507381936,2.593973572693095,1.0955550063839454,0.630656784587972,2.259133626216537,2.9352579414361726,0.8883618877516086,-0.13768036954367227,6901028104692,202502
1.3400713824283406,0.08336690870717565,1.3923427812003806,1.343267439045726,0.15451062486026257,-0.7631949992654621,-0.507129121468906,2.364485173985366,1.9631622233178017,-0.09035844461804943,6901028104692,202503
1.3400713824283406,0.08336690870717565,1.3923427812003806,1.343267439045726,0.15451062486026257,-0.7631949992654621,-0.507129121468906,2.364485173985366,1.9631622233178017,-0.09035844461804943,6901028104692,202504
1.3400713824283406,0.08336690870717565,1.3923427812003806,1.343267439045726,0.15451062486026257,-0.7631949992654621,-0.507129121468906,2.364485173985366,1.9631622233178017,-0.09035844461804943,6901028104692,202505
1.3400713824283406,0.08336690870717565,1.3923427812003806,1.343267439045726,0.15451062486026257,-0.7631949992654621,-0.507129121468906,2.364485173985366,1.9631622233178017,-0.09035844461804943,6901028104692,202506
1.3400713824283406,0.08336690870717565,1.3923427812003806,1.343267439045726,0.15451062486026257,-0.7631949992654621,-0.507129121468906,2.364485173985366,1.9631622233178017,-0.09035844461804943,6901028104692,202507
1.3400713824283406,0.08336690870717565,1.3923427812003806,1.343267439045726,0.15451062486026257,-0.7631949992654621,-0.507129121468906,2.364485173985366,1.9631622233178017,-0.09035844461804943,6901028104692,202508
1.3400713824283406,0.08336690870717565,1.3923427812003806,1.343267439045726,0.15451062486026257,-0.7631949992654621,-0.507129121468906,2.364485173985366,1.9631622233178017,-0.09035844461804943,6901028104692,202509
1.3400713824283406,0.08336690870717565,1.3923427812003806,1.343267439045726,0.15451062486026257,-0.7631949992654621,-0.507129121468906,2.364485173985366,1.9631622233178017,-0.09035844461804943,6901028104692,202510
1.3400713824283406,0.08336690870717565,1.3923427812003806,1.343267439045726,0.15451062486026257,-0.7631949992654621,-0.507129121468906,2.364485173985366,1.9631622233178017,-0.09035844461804943,6901028104692,202511
0.367403545833051,1.4122749817828573,-0.5006672368936194,0.4643536224552771,-1.3272967236094428,0.2568575629013189,1.5159739932811263,-0.9334689021199682,-0.9696490989344171,-0.044985815657473616,6901028107150,202501
0.7904525021210778,0.8263079223497563,1.4288326686533859,1.356701122339587,1.456825686655003,1.1828055009940082,0.4665996257821601,1.171507384515135,0.962401114926763,-0.13352272385268527,6901028107150,202502
0.3098377555000831,0.8697463944756492,1.506257556436062,1.180302342269898,-0.7995010440845077,0.6197019281847834,0.42485703856968,1.93298596717391,-0.5007629801534051,0.21200128446045596,6901028107150,202504
2.2225377045167622,1.9087489083757934,2.247497636450539,2.0409190556501136,1.9380410942251598,3.1351141410579397,2.6787829502988583,2.6410061610064943,2.1573485052509995,1.2089652997893128,6901028107150,202505
3.1983305071965495,2.599158925153619,2.9237180385831745,3.020586041564176,3.8470907628491684,4.099507364895269,2.5148674767558545,3.087394725686711,3.1528128226451333,3.499409108830438,6901028107150,202506
4.71835269741391,2.8005436539585875,3.3075488807331945,3.616367022267478,3.042565164729713,3.848535311053816,4.285075888949597,3.2716314868510974,4.971657451505528,4.677696315680663,6901028107150,202507
0.9518033258709759,0.6057104575318399,1.7106892176147022,1.5337770104488466,1.318945083440837,2.24235490867881,2.3163934982044343,0.617425661083703,1.3659879627893134,0.7533223308323767,6901028107150,202508
4.3283263382756445,6.267852490748703,5.1123631507011575,3.7340955435859993,3.83183617728427,2.438992417352061,2.1570729808838864,5.883569231953528,2.2607431546235923,8.055838149429057,6901028107150,202509
0.3098377555000831,0.8697463944756492,1.506257556436062,1.180302342269898,-0.7995010440845077,0.6197019281847834,0.42485703856968,1.93298596717391,-0.5007629801534051,0.21200128446045596,6901028107150,202510
0.3098377555000831,0.8697463944756492,1.506257556436062,1.180302342269898,-0.7995010440845077,0.6197019281847834,0.42485703856968,1.93298596717391,-0.5007629801534051,0.21200128446045596,6901028107150,202511
0.3098377555000831,0.8697463944756492,1.506257556436062,1.180302342269898,-0.7995010440845077,0.6197019281847834,0.42485703856968,1.93298596717391,-0.5007629801534051,0.21200128446045596,6901028107150,202512
0.3098377555000831,0.8697463944756492,1.506257556436062,1.180302342269898,-0.7995010440845077,0.6197019281847834,0.42485703856968,1.93298596717391,-0.5007629801534051,0.21200128446045596,6901028107150,202601
0.3098377555000831,0.8697463944756492,1.506257556436062,1.180302342269898,-0.7995010440845077,0.6197019281847834,0.42485703856968,1.93298596717391,-0.5007629801534051,0.21200128446045596,6901028107150,202602
0.3098377555000831,0.8697463944756492,1.506257556436062,1.180302342269898,-0.7995010440845077,0.6197019281847834,0.42485703856968,1.93298596717391,-0.5007629801534051,0.21200128446045596,6901028107150,202604
0.3098377555000831,0.8697463944756492,1.506257556436062,1.180302342269898,-0.7995010440845077,0.6197019281847834,0.42485703856968,1.93298596717391,-0.5007629801534051,0.21200128446045596,6901028107150,202605
0.3098377555000831,0.8697463944756492,1.506257556436062,1.180302342269898,-0.7995010440845077,0.6197019281847834,0.42485703856968,1.93298596717391,-0.5007629801534051,0.21200128446045596,6901028107150,202606
2.3528945299155515,1.87958269990848,1.8272990610784277,2.0689654519457985,1.706687642690523,1.8200419476552563,1.4001734813063114,2.9759648960034846,1.4675965762833978,-0.01553740964288422,6901028107297,202501
3.9890045152566254,3.787760623077079,4.98184588975098,5.59086593581565,3.6121293751198413,5.981631979041431,4.378277428949433,5.957872086368486,4.548799682524653,4.6760665437574405,6901028107297,202502
5.142751034755158,5.33797916817279,3.9805967441048518,4.351056680821935,2.939558085205446,3.2343278240280005,4.930679167602183,3.5438237389634253,4.618933259204348,4.216004535472251,6901028107297,202503
3.9890045152566254,3.787760623077079,4.98184588975098,5.59086593581565,3.6121293751198413,5.981631979041431,4.378277428949433,5.957872086368486,4.548799682524653,4.6760665437574405,6901028107297,202504
5.285103041429631,4.620358065013627,2.9860537244793544,3.631846512508236,3.145345268609287,3.946981472630199,5.703013495673786,3.0300620507298897,4.3864378978761565,4.158106452964174,6901028107297,202505
2.5955947192389934,2.3142791088083094,2.8512862083244723,2.511480277306481,2.184451690870357,1.2653160763991165,2.687694157406296,1.6303749835217647,2.2738248570237793,1.4781160488580256,6901028107297,202506
3.9890045152566254,3.787760623077079,4.98184588975098,5.59086593581565,3.6121293751198413,5.981631979041431,4.378277428949433,5.957872086368486,4.548799682524653,4.6760665437574405,6901028107297,202507
4.911369904416406,4.483876808030736,4.219513100300718,3.897049899517846,3.375153767335946,3.9811321468687955,5.16532198454322,3.4335739614781016,4.51488422488076,3.070365259807866,6901028107297,202508
3.541066746053386,5.271646032360725,2.3088846522080093,2.69592885537154,1.9668904441409616,2.282959923883201,3.735150072405951,2.9955431249197124,3.6126460198557586,5.638194923543094,6901028107297,202509
3.541066746053386,5.271646032360725,2.3088846522080093,2.69592885537154,1.9668904441409616,2.282959923883201,3.735150072405951,2.9955431249197124,3.6126460198557586,5.638194923543094,6901028107297,202510
3.9890045152566254,3.787760623077079,4.98184588975098,5.59086593581565,3.6121293751198413,5.981631979041431,4.378277428949433,5.957872086368486,4.548799682524653,4.6760665437574405,6901028107297,202511
3.9890045152566254,3.787760623077079,4.98184588975098,5.59086593581565,3.6121293751198413,5.981631979041431,4.378277428949433,5.957872086368486,4.548799682524653,4.6760665437574405,6901028107297,202512
3.9890045152566254,3.787760623077079,4.98184588975098,5.59086593581565,3.6121293751198413,5.981631979041431,4.378277428949433,5.957872086368486,4.548799682524653,4.6760665437574405,6901028107297,202602
3.9890045152566254,3.787760623077079,4.98184588975098,5.59086593581565,3.6121293751198413,5.981631979041431,4.378277428949433,5.957872086368486,4.548799682524653,4.6760665437574405,6901028107297,202604
3.9890045152566254,3.787760623077079,4.98184588975098,5.59086593581565,3.6121293751198413,5.981631979041431,4.378277428949433,5.957872086368486,4.548799682524653,4.6760665437574405,6901028107297,202605
2.28413769781778,1.8988637786984743,0.40693936687730714,1.2820792459234185,1.308879681066836,0.1334845637501585,0.9208781770286052,2.168530174715722,1.337172962954985,0.21397255262189308,6901028111270,202501
9.257423811250828,9.2595348150976,9.208272014595078,10.248455828473892,10.245901243600702,9.037480884104417,9.25267512828652,11.92653034627504,8.790515612893593,9.306141824969998,6901028111270,202502
6.104225761934148,6.570873644903463,5.971161746459256,6.890747444491476,6.380130561815105,6.840694559475877,5.743765922626076,6.023319593816109,5.555530157683574,6.585441828284235,6901028111270,202503
5.751371125573995,5.414153026508563,5.212386422756012,5.383008248188991,5.467086123141368,6.415400009048223,5.865533513244547,7.667493656826467,5.847346913536904,5.721686849377025,6901028111270,202504
10.240891901772486,10.545493992921896,10.681256468797518,11.918952477685107,12.133353778746068,11.553632225179877,12.080521423675286,12.831959929927352,10.9882888908127,10.761936685374417,6901028111270,202505
0.7324065743613465,1.6553443050051293,1.4787215892900767,0.6087700675050289,2.869554062457276,0.1344528309526994,1.4585472208071613,4.514815738186161,3.174919239009142,2.454150801557543,6901028111270,202506
10.94743351700079,10.878216666085569,10.117968757639547,10.318665595344626,10.21515174472004,10.439193359547032,10.869576903238407,11.635611800575912,9.639419982491493,11.532095301147818,6901028111270,202507
11.153401741183606,10.978913652852901,11.492227932093021,11.227850179381157,12.039499536446728,11.269398250921464,10.505705962679546,12.587195739002771,9.620987570779775,11.137501148612436,6901028111270,202508
11.337256719240182,10.567510683417838,10.316547623582023,11.402726371269798,10.592521564981292,10.794742666616163,11.156672871811587,12.126689015896261,10.00190112439781,11.774637220836569,6901028111270,202509
10.190679133185276,9.658867308642789,9.345269322300352,11.104379114828626,9.622319582942325,10.61898889699249,10.576611087977867,11.674751372889956,9.363902769226968,11.500398849921757,6901028111270,202510
5.879672001683612,4.79680718445524,3.250363668549422,5.015120075656817,5.997004102064619,5.570186522193859,3.674193227889135,5.117392432538402,4.872554473574429,3.802768756700056,6901028111270,202511
9.141925850023167,9.206244915678282,10.895416252158675,9.284282802237536,10.77645782728414,9.59229872821065,9.956186443953065,9.963550058326122,9.506608503002289,9.409325335153326,6901028111270,202512
9.248759575030228,8.105245228058616,8.653552001344051,8.252599587962314,9.938264542581486,9.283219679826122,8.838360748461524,8.067709419862554,8.681863741873151,7.022094539912946,6901028111270,202601
11.21191294833633,10.781462012477709,11.61575642431901,12.840725438163547,11.190618476217605,10.72553764723075,12.589975673516095,14.06722714234078,10.716628434003132,11.543702783838906,6901028111270,202602
1.7897069143194573,0.816009350229908,1.303674331886565,0.5494054359970669,0.8096447624160295,-0.5302767931875091,1.4142455121042832,2.033251425091979,1.7370723661659466,1.0888028036512936,6901028111270,202603
7.896064702010053,8.167868479817944,9.15714693063473,8.866592829729473,8.343553399851356,8.56015671365593,9.239824808904892,9.3627315629905,8.68634003961528,9.286618117500023,6901028111270,202604
11.593916006166308,11.054512187203882,10.179998812347781,12.58898001874372,10.708857761991359,10.188446117588725,12.798420844165788,13.24178634585612,12.025229687537092,10.30088474081957,6901028111270,202605
12.152416451691938,11.278927299457543,11.581583967087653,13.570665586171584,10.88308903584543,10.990234600230794,13.192744352898243,13.968513985934885,11.42054454820368,11.19553967677723,6901028111270,202606
0.367403545833051,1.4122749817828573,-0.5006672368936194,0.4643536224552771,-1.3272967236094428,0.2568575629013189,1.5159739932811263,-0.9334689021199682,-0.9696490989344171,-0.044985815657473616,6901028111546,202501
4.120813914346257,1.7532113575264412,3.114988051104712,3.0733871827835513,1.1244371776150544,3.2613900346858937,3.2662517472121158,2.109327477142914,5.054273119608658,3.5694016799665844,6901028111546,202504
3.4630186455774647,1.9341701542484482,2.7734974896744933,2.7100452518307727,0.8222956827337281,2.8964982946027265,2.6656256217883016,2.3327057092940238,3.723358537362283,3.0552691159488448,6901028111546,202505
2.1171766874631515,0.9419319236644982,1.6213420607994977,1.2715461734400955,0.6921062387455349,0.7188703735992931,0.28230698592461523,2.2889348346588796,2.1252679930680562,0.9833199968786,6901028111546,202507
2.1171766874631515,0.9419319236644982,1.6213420607994977,1.2715461734400955,0.6921062387455349,0.7188703735992931,0.28230698592461523,2.2889348346588796,2.1252679930680562,0.9833199968786,6901028111546,202508
2.1171766874631515,0.9419319236644982,1.6213420607994977,1.2715461734400955,0.6921062387455349,0.7188703735992931,0.28230698592461523,2.2889348346588796,2.1252679930680562,0.9833199968786,6901028111546,202601
3.2877039468722264,2.3078560033730473,2.6621704194789473,3.484654844656589,2.5966686393739264,4.332336467709173,2.094024168524773,2.6614609987421436,3.026256684191351,2.2030716638338204,6901028111546,202602
4.041621714052062,3.1788082182389865,2.986947840019151,2.949065737889972,2.284206925246045,3.46502544098389,3.741058702848448,2.2813960845781343,4.809507830929468,3.284352903666979,6901028111546,202604
2.1515555293684,1.30216377831278,1.7871871608765728,2.632643816208797,2.0482372735168357,2.845818639328343,1.9781528755165825,1.589245240746086,2.219653261042895,2.3483800653441445,6901028111546,202605
0.367403545833051,1.4122749817828573,-0.5006672368936194,0.4643536224552771,-1.3272967236094428,0.2568575629013189,1.5159739932811263,-0.9334689021199682,-0.9696490989344171,-0.044985815657473616,6901028112505,202501
-1.463333165642143,-0.6729456564823875,-4.160986940440985,-0.3126187867916774,-0.25987863944792233,-2.0710386721441645,-2.2512513769596283,-0.3894559983229922,-0.873200471608198,0.03126820007330616,6901028112505,202502
-1.6939976733791409,-0.03137237694227524,-0.8808744730325226,0.2212582481907941,-2.2649875856943993,-2.2266430102112187,-0.0673265276127995,-1.3246166705314824,-0.8026285110949077,-0.2784242061940659,6901028112505,202503
-1.6939976733791409,-0.03137237694227524,-0.8808744730325226,0.2212582481907941,-2.2649875856943993,-2.2266430102112187,-0.0673265276127995,-1.3246166705314824,-0.8026285110949077,-0.2784242061940659,6901028112505,202504
-1.6939976733791409,-0.03137237694227524,-0.8808744730325226,0.2212582481907941,-2.2649875856943993,-2.2266430102112187,-0.0673265276127995,-1.3246166705314824,-0.8026285110949077,-0.2784242061940659,6901028112505,202505
-1.6939976733791409,-0.03137237694227524,-0.8808744730325226,0.2212582481907941,-2.2649875856943993,-2.2266430102112187,-0.0673265276127995,-1.3246166705314824,-0.8026285110949077,-0.2784242061940659,6901028112505,202506
-1.6939976733791409,-0.03137237694227524,-0.8808744730325226,0.2212582481907941,-2.2649875856943993,-2.2266430102112187,-0.0673265276127995,-1.3246166705314824,-0.8026285110949077,-0.2784242061940659,6901028112505,202507
-1.6939976733791409,-0.03137237694227524,-0.8808744730325226,0.2212582481907941,-2.2649875856943993,-2.2266430102112187,-0.0673265276127995,-1.3246166705314824,-0.8026285110949077,-0.2784242061940659,6901028112505,202508
-1.463333165642143,-0.6729456564823875,-4.160986940440985,-0.3126187867916774,-0.25987863944792233,-2.0710386721441645,-2.2512513769596283,-0.3894559983229922,-0.873200471608198,0.03126820007330616,6901028112505,202509
-1.463333165642143,-0.6729456564823875,-4.160986940440985,-0.3126187867916774,-0.25987863944792233,-2.0710386721441645,-2.2512513769596283,-0.3894559983229922,-0.873200471608198,0.03126820007330616,6901028112505,202601
4.461808974679715,4.691540227335819,4.9780763619868775,3.980309605731514,3.583945241937942,5.385327344392855,5.023544032884754,5.6172318115024575,4.72621270343395,3.7669808150180764,6901028112505,202602
1.6860561817317041,1.2642403895661365,2.061044246847299,2.5523729120484324,0.35715000040629374,1.5397364632517467,2.2360378034896824,1.0340637467265372,2.2207205156579253,2.232543935266363,6901028112505,202603
3.398573458814479,2.73853563863859,2.7081693146865335,1.5532035062194518,0.9225633856408086,2.7220024751709815,3.5180541221278623,2.282537398748189,3.630508616677753,2.6032408934550015,6901028112505,202604
1.708142103100014,0.8605019140477953,0.18104293693324192,1.3385946949841112,0.33110084217543356,1.8690787381103673,1.3729134936021825,1.7503737855971842,0.9684925803663229,1.0201682346279428,6901028112505,202605
1.7749640103238162,2.4994641675012943,2.171466379450515,2.44888354696164,2.1299692262738303,3.1549789733922684,2.3766647434662906,2.7928585481478385,3.1202440453701046,2.5187050400368474,6901028112505,202606
0.367403545833051,1.4122749817828573,-0.5006672368936194,0.4643536224552771,-1.3272967236094428,0.2568575629013189,1.5159739932811263,-0.9334689021199682,-0.9696490989344171,-0.044985815657473616,6901028114455,202501
2.5941620452950818,2.563936359779395,4.127264746776826,3.070069233112373,1.451371933561068,3.9722629337948048,2.773770365276015,3.5172116726711216,2.1215692320958857,5.517897243698464,6901028114455,202502
2.8865777579799423,2.0738059266659232,3.4672670791586997,1.2990581636605218,3.019161519322671,3.385265985219185,2.9034054155154245,3.4934598258988254,2.685728652728733,4.477048654452972,6901028114455,202503
2.263671483466088,-0.04885405312000128,1.9531806769918532,0.018152607598059367,0.5472851526687934,1.2322313793196658,1.7512344855808992,1.4337301138899847,1.3485814488196048,-0.1630947998939946,6901028114455,202504
7.122612438083771,6.126964687857353,6.123964317750034,6.686636955839343,5.579244366452119,6.980497803991775,5.934387509039769,7.177398180776298,7.8257150269712525,7.0987358721670715,6901028114455,202505
4.3283263382756445,6.267852490748703,5.1123631507011575,3.7340955435859993,3.83183617728427,2.438992417352061,2.1570729808838864,5.883569231953528,2.2607431546235923,8.055838149429057,6901028114455,202506
3.70526028365036,3.5219127671685464,4.788237422702199,1.3328183924102341,3.3670332267717447,2.918584840276092,2.527988591665821,3.938578469088955,2.4911121626602073,4.680567474305723,6901028114455,202507
4.3283263382756445,6.267852490748703,5.1123631507011575,3.7340955435859993,3.83183617728427,2.438992417352061,2.1570729808838864,5.883569231953528,2.2607431546235923,8.055838149429057,6901028114455,202508
4.3283263382756445,6.267852490748703,5.1123631507011575,3.7340955435859993,3.83183617728427,2.438992417352061,2.1570729808838864,5.883569231953528,2.2607431546235923,8.055838149429057,6901028114455,202509
4.3283263382756445,6.267852490748703,5.1123631507011575,3.7340955435859993,3.83183617728427,2.438992417352061,2.1570729808838864,5.883569231953528,2.2607431546235923,8.055838149429057,6901028114455,202510
4.3283263382756445,6.267852490748703,5.1123631507011575,3.7340955435859993,3.83183617728427,2.438992417352061,2.1570729808838864,5.883569231953528,2.2607431546235923,8.055838149429057,6901028114455,202511
4.3283263382756445,6.267852490748703,5.1123631507011575,3.7340955435859993,3.83183617728427,2.438992417352061,2.1570729808838864,5.883569231953528,2.2607431546235923,8.055838149429057,6901028114455,202512
0.3098377555000831,0.8697463944756492,1.506257556436062,1.180302342269898,-0.7995010440845077,0.6197019281847834,0.42485703856968,1.93298596717391,-0.5007629801534051,0.21200128446045596,6901028114455,202601
4.3283263382756445,6.267852490748703,5.1123631507011575,3.7340955435859993,3.83183617728427,2.438992417352061,2.1570729808838864,5.883569231953528,2.2607431546235923,8.055838149429057,6901028114455,202602
0.3098377555000831,0.8697463944756492,1.506257556436062,1.180302342269898,-0.7995010440845077,0.6197019281847834,0.42485703856968,1.93298596717391,-0.5007629801534051,0.21200128446045596,6901028114455,202603
0.3098377555000831,0.8697463944756492,1.506257556436062,1.180302342269898,-0.7995010440845077,0.6197019281847834,0.42485703856968,1.93298596717391,-0.5007629801534051,0.21200128446045596,6901028114455,202604
0.3098377555000831,0.8697463944756492,1.506257556436062,1.180302342269898,-0.7995010440845077,0.6197019281847834,0.42485703856968,1.93298596717391,-0.5007629801534051,0.21200128446045596,6901028114455,202605
0.3098377555000831,0.8697463944756492,1.506257556436062,1.180302342269898,-0.7995010440845077,0.6197019281847834,0.42485703856968,1.93298596717391,-0.5007629801534051,0.21200128446045596,6901028114455,202606
2.28413769781778,1.8988637786984743,0.40693936687730714,1.2820792459234185,1.308879681066836,0.1334845637501585,0.9208781770286052,2.168530174715722,1.337172962954985,0.21397255262189308,6901028118187,202501
10.826062378357797,11.640283769766896,11.138554327756438,10.779526240747916,11.117749810672072,11.427095008115487,12.89728930300973,12.089968965167985,10.522293872660233,10.228216494547643,6901028118187,202502
8.158100242020382,9.65908498661236,9.340758425030655,10.049534121635391,9.252252376377683,9.389401327447914,9.12475036904594,8.776572846446186,10.017252938121263,9.368629687901247,6901028118187,202503
12.577174732644385,13.3711290447654,12.530185086888821,12.179112271309979,12.909052387189456,11.805511340655261,12.874765746897484,13.195662246242097,13.197991021557854,12.62365114533414,6901028118187,202504
12.228300899650913,13.881736247366648,13.106919730120934,14.570443044705524,14.024815246839482,13.107732949213172,14.669659554236766,14.671075006606001,14.22759168960509,11.75658920155383,6901028118187,202505
12.952585981934625,14.796415746985645,13.774460187738493,14.23269026410591,12.994917906079648,14.149391225922477,14.333852754768055,14.63914868957281,13.81141518744136,12.244922847878328,6901028118187,202506
11.400792752258788,11.743900147471544,12.958268998527872,12.515477965320564,11.825408892165665,11.623569337575868,12.43836371500249,12.648786562735324,12.773062788978805,12.830512638279082,6901028118187,202507
11.652534791104753,12.60838336256844,11.996995155386486,11.754505574863197,12.283672000929347,10.825403448428018,11.255876208625889,13.432435259941261,11.66963537646787,12.622549960624177,6901028118187,202508
13.65049950302752,13.793403109857998,13.098160912198935,13.922769228837268,12.620522112381138,13.336255019532272,14.75994080163522,14.759370885649362,13.619521889829475,13.386132288855226,6901028118187,202509
11.759471976059228,12.886433089705278,12.119045316041005,12.806133595757212,11.758195157236598,12.015762311673017,12.401285967891496,13.929596890292023,12.55829061613886,11.87694340912486,6901028118187,202510
12.7817476290824,14.003799229147633,12.09974994435104,13.634228742435623,11.790690121682912,12.582095166684034,13.979983318385514,14.165130392379146,13.672076699669999,11.833593613157118,6901028118187,202511
13.7534181416967,14.199481559996833,13.403327350168574,13.30946007495787,13.501310712143223,12.874565243506975,13.459754668114577,15.427044325077159,13.705944843828778,12.876949809089176,6901028118187,202512
9.636351363925533,9.865316157976036,9.904422052216866,9.582320643564477,10.913101435862902,9.931311144431879,11.842166164419249,10.283960671651268,10.411361674639647,10.987116477183296,6901028118187,202601
12.421520399651396,12.443165320944582,12.364197868384895,13.356326941417136,12.40696542014685,12.737899263407378,13.024537145836641,13.327927456838802,13.23932998569588,12.322648380579318,6901028118187,202602
13.64295244068187,14.2462940958032,13.586492229501381,15.678379331713876,13.97052450556661,14.30264695967007,15.224668063021072,14.923156518862738,14.598465779128514,13.63220157958282,6901028118187,202603
11.60316000424715,13.05363963325978,11.435410012504315,12.660477789665443,10.902811317476745,10.723827949993053,12.944131353912379,12.987536038388603,11.629445884727387,11.15117129548284,6901028118187,202604
10.809243671737084,11.875795217719883,11.163023067659847,12.475678432766806,10.990679822165205,11.384563566731664,12.654784000916896,11.804596582876215,11.505452171753888,11.432258855740015,6901028118187,202605
13.990012380706409,14.054330610993885,14.009709919735034,14.565199309138649,13.880473347216755,14.239568090567097,16.21501680689573,14.687037221701663,14.911085485748035,12.72493369109677,6901028118187,202606
0.367403545833051,1.4122749817828573,-0.5006672368936194,0.4643536224552771,-1.3272967236094428,0.2568575629013189,1.5159739932811263,-0.9334689021199682,-0.9696490989344171,-0.044985815657473616,6901028118828,202501
9.724215634543954,9.753593197779841,9.224180675490128,8.814231568721082,10.030033006950896,8.627670199270728,10.1785790374852,11.056871010727717,9.677849628608717,9.14784134981716,6901028118828,202502
-0.028889382696618393,0.3886592810359063,0.7308538831003637,0.23019785361459288,-0.07501279927106269,-1.5586193439060771,-0.29220918824849507,0.897833095217873,2.0804158165152837,0.8961587991256681,6901028118828,202503
4.82112292144307,5.538726150448461,4.012878709036362,5.3547908736476675,4.418741413676589,6.107743585033645,4.628981781234078,5.538505208431434,6.273661811346276,4.552458386854626,6901028118828,202504
6.119339361177889,6.990613721083206,6.0580251669698,7.4465617790195315,7.4072070965586745,6.841951825482364,8.052107931541494,8.143821743702796,6.190636660184059,6.754598477660165,6901028118828,202505
6.756927896233276,5.918227821939442,6.100831653343797,6.4742922124537765,7.431275452169939,6.778560667047877,6.596592237529555,6.171570959854593,7.151901199049193,6.368859118024725,6901028118828,202506
-0.2870039459063955,1.8973681917361493,-0.28900352481881203,0.7025745536155106,1.3011442450699668,-0.6270309352430299,-1.2284053086024205,1.185586047206272,3.4114382020139007,1.8679659059814364,6901028118828,202507
0.8092010778712433,-0.27961516972580647,1.2960352239311872,0.5219351915590755,-1.2173240205985885,0.867767945362794,1.0514474080330154,0.6459323117095034,0.8630414809686846,0.009481417787632007,6901028118828,202508
-0.2870039459063955,1.8973681917361493,-0.28900352481881203,0.7025745536155106,1.3011442450699668,-0.6270309352430299,-1.2284053086024205,1.185586047206272,3.4114382020139007,1.8679659059814364,6901028118828,202509
6.407906972239089,5.997036746404492,5.231477057510403,5.254007269556098,4.3115724188697575,6.956684688861965,6.422285909708364,7.299151796354241,6.240052676657228,5.398349905059572,6901028118828,202510
3.6948730347302385,1.9533478664825,2.086657207597237,2.107540321248958,1.34344937541008,2.890906517390823,3.6973283110133184,2.4382214199804952,3.546946618793352,2.337371825128681,6901028118828,202511
2.8001817394524755,0.3747563767314349,2.7441784130493883,2.086805094847854,0.02075776660586326,2.46842744988172,2.769925222779719,2.1010379684672533,2.9557023163774354,1.9887445370978383,6901028118828,202512
2.4396411267012272,1.171187885326374,2.0499417215123397,2.140684772737856,-0.3438539368139281,2.062806870460511,1.9496573739176213,0.8346104378193991,2.0266555993184214,0.37140627773342333,6901028118828,202601
5.812122636292365,4.692399982925455,5.0784090712020795,6.089479189350142,4.786570397868751,5.022054348383855,5.035476715245588,6.355494721503311,4.769472252194594,5.923582142765352,6901028118828,202602
4.112439926654928,3.725192502309596,4.668463986945677,5.1404917574035816,3.7332417123692223,4.495335157029118,2.6101271497394896,4.323342879007636,3.322097744291791,4.342279136627959,6901028118828,202603
3.413305960920476,3.460727897740346,3.0450934525250175,3.1830822088050663,1.3102502685308204,2.3095127442646564,3.822022126945067,3.47381965215804,3.286882219675029,2.810912662844141,6901028118828,202604
4.776703997324958,3.5674385367750987,3.8741944821507497,4.3302588487927505,4.193478501291478,4.7406412100021535,4.123865033433727,3.771536753291452,4.885600451806869,3.6539084750997883,6901028118828,202605
4.45761619069617,3.0558714128500193,2.199680356289385,3.4939459420175702,0.9868063053965705,2.5474366770992716,4.290441188304505,3.2624007762836604,2.3326425079098905,3.371620475920256,6901028118828,202606
0.367403545833051,1.4122749817828573,-0.5006672368936194,0.4643536224552771,-1.3272967236094428,0.2568575629013189,1.5159739932811263,-0.9334689021199682,-0.9696490989344171,-0.044985815657473616,6901028119009,202501
7.13225720852147,6.110860762509171,6.442592919792646,5.955871576878779,6.135552393388051,7.5526079541104565,6.289936180093499,6.256775551916065,7.053679746848133,6.5153034263886545,6901028119009,202505
6.4524032435178915,5.853784935088395,7.527910036972149,6.164708928320176,6.116612511380896,3.865406837690968,4.7865042848273385,7.588875032506696,6.95509818242909,6.001245544373063,6901028119009,202506
9.324244049359985,8.343511849935636,11.068198085172368,9.571858400326066,9.369563819610525,9.230316439331467,6.952712109920482,10.049011361700211,11.943551860591997,9.203257652688047,6901028119009,202507
9.324244049359985,8.343511849935636,11.068198085172368,9.571858400326066,9.369563819610525,9.230316439331467,6.952712109920482,10.049011361700211,11.943551860591997,9.203257652688047,6901028119009,202508
4.175034757525851,2.081063804018415,4.515383823738485,3.45380815478509,2.75475938635308,2.710961278772426,3.156673950319721,2.3318358306864178,2.4610954723065195,2.388823418258048,6901028119009,202509
7.158279949217064,5.772025070755583,7.592495376442692,7.3802328621482305,6.285054312012685,3.4818781830915,4.391151942812876,6.625449634556504,6.642607882676735,6.489749890788905,6901028119009,202510
9.324244049359985,8.343511849935636,11.068198085172368,9.571858400326066,9.369563819610525,9.230316439331467,6.952712109920482,10.049011361700211,11.943551860591997,9.203257652688047,6901028119009,202512
4.996577072234877,3.9179391961868992,3.806848708505002,3.6419036841135926,2.4801603434015846,4.416790557556485,4.034152944913595,2.8987243823361473,4.702222454586834,4.838659727300853,6901028119009,202601
6.851997590020296,6.2931264250833765,7.273852400951502,5.724993471262936,4.370666408997962,6.804884637037144,6.322143134292758,7.254080743100335,7.129562231346659,7.448468362762366,6901028119009,202602
7.437356825248433,6.587036228392616,6.456008689770066,6.271540790738536,5.074430364811835,6.958371803637102,6.425734970650382,6.3484475639441245,7.171744748626554,6.874438003007932,6901028119009,202603
4.886265640910029,3.8520589730828654,4.028108444205341,3.4497653481950517,2.456515295504614,4.318776546120819,4.274109426149694,3.500826802766978,4.637255197645566,4.48882409272019,6901028119009,202604
5.100205322768541,4.223279942492926,3.609996539505517,4.004095750445581,2.9963611398354075,4.506864594312919,4.622205583854938,3.8709780481797473,4.927086539204186,3.965251925642716,6901028119009,202605
5.857942691124229,3.9623025210661,4.284550016582525,4.161645645829379,2.976622735809351,5.329150636484079,4.701482140630632,3.4870383463927714,5.280283080427881,5.020559289663096,6901028119009,202606
0.367403545833051,1.4122749817828573,-0.5006672368936194,0.4643536224552771,-1.3272967236094428,0.2568575629013189,1.5159739932811263,-0.9334689021199682,-0.9696490989344171,-0.044985815657473616,6901028120708,202501
6.941590902224861,5.689417551748648,6.529707188549773,5.741875092797179,6.096041750891972,6.278661090446548,7.077884008364515,6.256308587685522,5.524490963618477,6.07544309575251,6901028120708,202502
8.335409018026965,7.13780797026345,8.579135046740182,8.04389352439103,7.5292227773252085,8.087460409275193,7.750102640172573,7.430030052737802,8.278145032186012,6.759513328859222,6901028120708,202503
6.70324577225521,6.302631430252248,5.899063117454425,6.377366082110671,5.847335604243771,7.447608152319873,6.283673757863994,6.698913124447364,7.119628896491177,6.016285637592732,6901028120708,202504
6.823723157689135,6.394109005645156,6.2953744481680625,6.781882290842283,5.834165523976667,7.362987391719849,7.179055281182348,6.773352208769854,7.490567330558897,6.627195597245875,6901028120708,202506
5.942991259176804,6.731364774956038,7.498333285650651,6.219544209607328,5.3191817991246095,7.174318990485814,3.8862683890590994,6.275592328778608,8.928879659255003,7.1564579143346005,6901028120708,202507
5.942991259176804,6.731364774956038,7.498333285650651,6.219544209607328,5.3191817991246095,7.174318990485814,3.8862683890590994,6.275592328778608,8.928879659255003,7.1564579143346005,6901028120708,202508
6.242473153315331,6.065050956274234,6.092072032574976,6.8524772505398035,3.878452139706295,6.800256956345388,6.014563625699915,5.14983870923327,6.57218888465263,7.176405350503992,6901028120708,202509
4.40286655736212,3.5863959852963276,3.8077843723629865,3.7899555134737803,1.477545168949763,4.334449066913649,4.689706070001985,2.6481587390949595,4.526079798487951,3.9503305565598636,6901028120708,202511
4.527311800051741,3.873867521767564,4.0417528533277585,4.048528653129662,3.566562461359802,4.04494577059423,4.341781575070644,4.488716132046692,3.685915822455194,3.9468199517104394,6901028120708,202601
5.387313138306984,3.8648832495160317,4.567467776311588,4.277758090512513,4.8319041693228435,4.21742651885244,4.130193725346252,4.481934724161918,4.872446492849269,4.528637340690389,6901028120708,202602
5.352221469336638,4.935906712813102,5.57880939445941,5.255945499577962,6.229375485320485,5.580109298903213,5.86177768155661,4.3803958583729825,5.204050357653439,4.214037083928034,6901028120708,202603
4.587651202622165,3.9711045823522215,3.540881526770769,3.853258841744088,2.444539826098572,4.892131402794412,5.349367979679167,2.768615114545945,4.96644450197922,3.9101904850675044,6901028120708,202604
4.718919411618384,4.0652878764082825,3.4147653953549213,4.415818480373334,3.4481649437110886,4.450218801266293,3.737225156293974,3.247246828051072,4.699362613186537,3.0768041554577437,6901028120708,202605
4.68661527699162,3.977108655461687,3.3995395422136063,4.235265170220416,2.9165228363661866,5.063801559915808,4.269085186137098,3.2635034755841703,4.863913369730067,4.080170511707911,6901028120708,202606
0.367403545833051,1.4122749817828573,-0.5006672368936194,0.4643536224552771,-1.3272967236094428,0.2568575629013189,1.5159739932811263,-0.9334689021199682,-0.9696490989344171,-0.044985815657473616,6901028121736,202501
5.824160945242159,5.9678018085194156,6.586343946014342,6.608207326138915,7.2841155685580485,5.988180191496105,7.38833881147419,6.652182823288128,6.084639897367348,5.922422032906296,6901028121736,202502
3.1725363050731605,2.1504400072787915,2.2812782040001824,2.275124686728235,2.0529628199900185,3.021701634196578,2.2013509706137375,2.907502513394173,1.668996543829849,2.77898344203345,6901028121736,202503
3.2920825075812568,3.3703282923839817,3.589261029472333,2.633922546388253,2.581295551940534,2.5885629392870637,2.28560331995003,3.3765670234673593,2.443858062135216,2.0645248727602534,6901028121736,202504
5.336215268510049,6.861882558189502,6.269565077738784,8.505387391366416,8.859099097386727,7.362358498296807,7.373046094390069,6.601543173448862,7.150991891606966,4.950031137339658,6901028121736,202505
3.2666257412659943,2.7165172945384652,4.0383669440859755,3.0917015225537257,3.9347659739459173,2.7718079391025694,3.061632908617711,1.4340438529926354,3.5704771473238788,4.876228402771872,6901028121736,202506
1.9774852048137102,2.507450513111546,3.6148470736457976,2.286141119892341,1.716723504582912,2.1135819755705105,1.3355603897747081,1.3460696670917627,2.479654307734984,2.126165838228714,6901028121736,202507
2.5284541663051927,1.731117265266428,3.086288966598167,3.047967772250959,3.638423689992034,0.9395832098312591,2.5884264489764273,1.6619594904557267,1.6565539522544586,2.9049693768928706,6901028121736,202508
1.4547563615853576,0.9780636095904478,1.4233024417478735,0.6438782844293102,1.382877746335674,1.0806210326285761,2.442462061025372,1.4373027695975613,2.1389930789424803,0.7102095899789316,6901028121736,202509
0.6904894036652941,-0.6649433685541424,-0.001777365923118862,1.520743190543684,-0.5014735456106187,-0.48304421892503907,0.3196717905135871,0.001740085249102838,0.2171292942736803,0.4634194159707018,6901028121736,202510
1.8825362713552145,2.050545563399303,3.747528428600038,2.6099025311318087,0.6385831042425525,1.6684964128587705,2.2884919857840886,0.4211834318137338,2.8970440622375944,2.1573052130415955,6901028121736,202511
0.6904894036652941,-0.6649433685541424,-0.001777365923118862,1.520743190543684,-0.5014735456106187,-0.48304421892503907,0.3196717905135871,0.001740085249102838,0.2171292942736803,0.4634194159707018,6901028121736,202512
0.9866551171266307,-0.47994781405089265,1.1982305677870175,1.351609894300513,-0.4398866448616592,1.435071622468964,1.2152871468554687,1.3837233777494493,1.921650362563787,1.8325227297728244,6901028121736,202601
1.6693564204343223,0.28130896573015807,0.8285485419832882,2.768297244351816,1.1541756302197888,0.925131519015632,1.2813524214771908,1.5418525250138353,1.0878359700740872,0.49893561644845713,6901028121736,202602
0.6904894036652941,-0.6649433685541424,-0.001777365923118862,1.520743190543684,-0.5014735456106187,-0.48304421892503907,0.3196717905135871,0.001740085249102838,0.2171292942736803,0.4634194159707018,6901028121736,202603
0.367403545833051,1.4122749817828573,-0.5006672368936194,0.4643536224552771,-1.3272967236094428,0.2568575629013189,1.5159739932811263,-0.9334689021199682,-0.9696490989344171,-0.044985815657473616,6901028121828,202601
5.4769726992561445,5.153910913505481,4.872817160466632,5.749211381371698,6.375411901508801,3.992591125314736,5.745583400433225,5.337829159387515,5.357714754744572,3.9106692186667704,6901028121828,202602
3.2438172311528444,2.071986101416978,2.746974886042603,2.6064064942338527,2.568326534032194,2.3193610479651947,2.118776909023079,1.7541682529286096,2.8455386090477544,1.817502384934083,6901028121828,202603
3.981741059100203,3.232400266207538,2.665451618943642,2.4442825172422387,1.4221665584532215,4.006937833788193,4.1755301885350615,3.1287858529056733,3.9531141568298005,3.9906551642179204,6901028121828,202604
2.9920132219901574,1.4414684945110856,1.1134806544760047,1.818524059290761,0.8347165477861157,2.4689242267697726,2.4072916434830027,1.598961730860419,2.466824887098193,2.30402767658505,6901028121828,202605
4.299127713626614,2.563010464845911,2.950512247856498,2.031131682603638,1.3576150877545632,3.231685655688791,3.8697423274771436,2.130228228369181,4.41272246879768,2.397919472988906,6901028121828,202606
2.3528945299155515,1.87958269990848,1.8272990610784277,2.0689654519457985,1.706687642690523,1.8200419476552563,1.4001734813063114,2.9759648960034846,1.4675965762833978,-0.01553740964288422,6901028123266,202501
10.523847367377229,11.220105447140433,10.357573383131454,9.471984028315498,11.410965283675868,10.776334969987406,9.802775004383347,10.464497305053811,9.356165392451507,9.360287137987388,6901028123266,202502
7.332953418720866,6.417121396745651,5.535777687624726,4.913630459738717,5.615413756188814,6.297916854109243,6.875955614718912,6.2850755827563045,6.501339637943041,6.594015334982858,6901028123266,202503
5.55666593215436,4.2037877521466775,4.071617301763011,4.447825596868843,3.7559309791470854,4.150683245769362,4.954598697594473,5.774572262371843,4.935251291815506,4.813996966180397,6901028123266,202504
12.202505415277875,14.293077075363435,14.520214463077085,12.124082331951122,14.675700519070109,13.098289055901809,12.798970412484273,12.580395386436448,13.312691461019357,11.743142466329976,6901028123266,202505
0.6853573536557633,3.64715592007722,0.937638804493561,2.5195401795604826,1.9330068924956583,1.7512053229859277,2.747898091807959,5.374462786447988,2.3060290160828507,2.6614963703073338,6901028123266,202506
6.41771441212574,7.803109818695583,5.5543346982879935,6.910999554455501,7.895658676490945,6.395246490638598,6.251498409549408,6.540274874057681,6.360160644693258,7.088017823052382,6901028123266,202507
0.15045651014087488,2.409593079746455,-0.8105737940985936,1.1473367081482644,1.951155313686213,0.35140848865046104,0.02260834725622224,1.7139482714815548,-0.2350577742190634,1.8999795567260702,6901028123266,202508
0.1966465725297896,1.3955920859230144,0.2946483464096166,0.20878849461727345,-0.5003163118772933,-0.5258702010775309,0.46238318261525585,1.2126317065867491,0.10440970067241112,1.4809631099243676,6901028123266,202509
1.6767926270314792,2.0878427622741498,0.6657243934943629,1.6295069951258287,0.9206303557313767,0.4194888769851276,1.406597167606354,3.63262473934684,-0.1411627207777929,2.087428100607229,6901028123266,202510
1.5353641544569223,4.150461016350262,1.0733451051940972,3.072953201522168,2.1951488047905077,2.4630324985796532,2.6171207656257693,4.969867268843138,0.8757343158645566,3.005754537507764,6901028123266,202511
0.2518660751948087,2.8156123053230404,1.057309979614889,1.5396116929665178,1.9455940961600806,0.2242368506623067,2.5809556458112324,4.588294661207177,0.9040524490008104,1.53708366388639,6901028123266,202512
1.3644111475342668,3.9177195129890796,0.8408513264668334,2.8852722495887657,2.25924334134066,2.3265176399894685,2.9529965969130627,3.8540537654038287,1.4958496519457467,2.9400830812975527,6901028123266,202601
1.3071297357362655,2.9149600078099605,0.4198954870489713,2.763674835381567,1.8953436928082272,2.309253498761446,2.011207422082118,4.1668703876949404,1.4534000574251775,2.1995546368231165,6901028123266,202602
1.707057706598753,1.7269200860251037,3.391293546649816,2.8723466458728026,2.020349839104835,3.696109303962413,2.9123178211831307,4.314826844109833,2.248903117477994,2.2229010403442,6901028123266,202603
1.707057706598753,1.7269200860251037,3.391293546649816,2.8723466458728026,2.020349839104835,3.696109303962413,2.9123178211831307,4.314826844109833,2.248903117477994,2.2229010403442,6901028123266,202604
1.707057706598753,1.7269200860251037,3.391293546649816,2.8723466458728026,2.020349839104835,3.696109303962413,2.9123178211831307,4.314826844109833,2.248903117477994,2.2229010403442,6901028123266,202605
1.707057706598753,1.7269200860251037,3.391293546649816,2.8723466458728026,2.020349839104835,3.696109303962413,2.9123178211831307,4.314826844109833,2.248903117477994,2.2229010403442,6901028123266,202606
0.367403545833051,1.4122749817828573,-0.5006672368936194,0.4643536224552771,-1.3272967236094428,0.2568575629013189,1.5159739932811263,-0.9334689021199682,-0.9696490989344171,-0.044985815657473616,6901028124058,202501
2.2234609482946373,0.9199959817215543,0.9103476207140714,0.9894058707344897,0.7190201289293633,1.697453305996733,1.60073649523453,0.9119497727538879,1.5015897854148488,0.23804869454365735,6901028124058,202502
2.488230105435108,2.131634588943495,1.2710617345172404,2.3575512179156646,3.1624411290378345,2.1399851318720815,1.3970225418744389,2.951102421564379,2.205566241306513,1.7951344689405964,6901028124058,202503
2.091307115215816,0.7257026079558818,-0.14304019160592182,1.6237141353523352,1.2027716504779646,1.1552655529823443,1.0601593403416953,0.5500935762746593,1.3268676194932225,0.2636878100431339,6901028124058,202504
1.9010017226157494,0.2502892012754539,0.07101738575555844,1.2394652546750915,-0.37693209233165836,0.34902524842991234,0.12765877699409595,-0.265593138916861,0.28961135541145655,-0.31708228068872735,6901028124058,202505
3.2465055409311945,2.655940503552588,2.1123395713119497,3.288306669493034,2.8150674593242577,2.9810622707053107,3.5227999989497607,1.3219367912787088,2.8892015158554187,1.2474688137031196,6901028124058,202506
1.7357546594433566,0.9979925130008566,0.26371927728656597,1.6512508671782216,0.09392345666904238,1.248756646008074,1.2020553219062928,0.8358104097747605,1.485773884562521,1.5033093141962997,6901028124058,202507
1.672761525806297,1.6619971765449164,0.6404259907000077,1.557068811355312,1.0456554327107952,0.8648337728016222,0.7202409189742158,2.6432884065703695,2.7292338104701854,0.3542962653206029,6901028124058,202508
6.876423340259946,6.607379489187497,6.6075214669196916,5.736744130772117,3.7058112545899826,7.34988230888116,6.7191031565789725,6.749739679137291,7.183116795555377,7.066951709423975,6901028124058,202509
5.296504092409231,4.551522865249574,3.2257954473917647,3.743633422958257,3.724729525379579,4.951674749430548,5.963218658659663,4.435980071888042,5.621883679512544,4.453167427045969,6901028124058,202510
4.1641264302031615,3.075734728578469,3.4130265923222165,4.265707357181844,2.902966063121533,3.1481280130684013,3.016964286093346,2.326970599697483,3.0383964760415942,2.7615401898818064,6901028124058,202511
4.251441207599118,3.5451074510737763,3.790361220247047,4.037580022109362,2.8955272472076223,3.6897527404042885,3.553251134941715,3.328893786521426,3.6290622011290683,2.5688444399810018,6901028124058,202512
4.748099955892092,3.6371324387010686,3.2905434147730586,3.8976727333443577,2.2940822446501654,4.031116279129916,3.6885445073777285,3.46392509087956,4.25575583440902,4.159148448050147,6901028124058,202601
6.244481793049701,4.68562947147574,5.369743248330325,6.1174713410977795,5.573971037299432,5.571580840286648,5.699817081011059,6.254201200004887,5.422663650313838,5.484811942237887,6901028124058,202602
4.833529517920458,4.3573502123720145,4.187191820883434,4.729512335602082,5.218127115394415,4.6491178887333255,4.15086638566709,4.940442170104009,4.407855902496336,4.376307363309131,6901028124058,202603
4.2743079747239445,4.5947612918893554,3.464583443952061,4.9250775154177235,4.390833547138932,3.6718236855075412,3.8607506099979596,4.4143312930122605,5.141307518641214,3.372135488308088,6901028124058,202604
5.0918452339161275,2.0988934792135145,2.413540802439174,2.7310217723034103,3.7870901392635967,3.308712711286465,3.8831797668179817,2.9825955364426466,4.747866955856096,3.0637518577130063,6901028124058,202605
3.532818085537738,3.2790980165888675,2.4963831950320445,3.76787783161192,3.249158874757715,3.7366997668637727,3.8258231894951953,3.9267112597615603,3.872619869436481,3.6200285897452407,6901028124058,202606
1.6525835221132266,0.7519668676670854,1.090092680207934,1.4760891535287566,2.403408823354216,2.4257763545138493,1.285502235429928,1.7485760378608197,1.8053495186446935,0.7583750885452524,6901028125888,202506
0.3098377555000831,0.8697463944756492,1.506257556436062,1.180302342269898,-0.7995010440845077,0.6197019281847834,0.42485703856968,1.93298596717391,-0.5007629801534051,0.21200128446045596,6901028125888,202507
1.1328631659820088,2.3074364543583137,2.7929312632796592,1.6852273330056073,2.132821615740176,2.5907555472471393,1.2490987699786233,2.9281053793760856,1.5557245046570456,1.1520673574589875,6901028125888,202508
4.3283263382756445,6.267852490748703,5.1123631507011575,3.7340955435859993,3.83183617728427,2.438992417352061,2.1570729808838864,5.883569231953528,2.2607431546235923,8.055838149429057,6901028125888,202511
0.367403545833051,1.4122749817828573,-0.5006672368936194,0.4643536224552771,-1.3272967236094428,0.2568575629013189,1.5159739932811263,-0.9334689021199682,-0.9696490989344171,-0.044985815657473616,6901028125970,202501
3.1148526326636157,2.6858286462418817,3.2974531263210642,3.4951036824733612,4.418481028128334,3.1962468358670333,3.365495233191224,3.969989978331943,2.8163218293192016,2.81355602469936,6901028125970,202502
5.910026302547363,4.8320568905384835,4.930066471997778,3.876155282321401,3.877413591516401,5.10886442099955,4.905101428160462,4.326048450201447,5.881543854913697,5.974297773310741,6901028125970,202503
4.832132799339621,3.9071713205917877,5.081994401433452,4.477670987140915,4.770119652021715,6.063450095527687,4.638011169644432,5.644442245086674,5.935249043232365,4.7021412391692445,6901028125970,202504
3.407797708796523,2.6755950300175106,3.319167939085693,3.146128953782314,3.257554334607038,4.417160536141344,3.7350033572620576,3.1740997073320916,3.865788249998446,3.288885464513001,6901028125970,202505
2.063413934874986,1.1225167469046138,2.706427549592544,3.101526076092552,3.546845093760345,2.780546132712931,2.258996359849841,1.9225630813980976,3.1885049514802413,2.3821876952907326,6901028125970,202506
1.0173616558844636,0.521252414798846,2.0057557385233795,2.15450324246468,-0.46282579494671516,1.7023297949916534,2.637233070069478,1.1831372754577016,0.8138784244953182,0.9345804497278578,6901028125970,202507
1.6479590933919273,0.9317098584157351,1.4681508911730088,2.1042367808318576,0.7610927367019954,2.508081418672003,1.6869715394840261,1.6471112608154415,1.1724413327081555,1.6346977609729048,6901028125970,202508
4.3283263382756445,6.267852490748703,5.1123631507011575,3.7340955435859993,3.83183617728427,2.438992417352061,2.1570729808838864,5.883569231953528,2.2607431546235923,8.055838149429057,6901028125970,202509
0.3098377555000831,0.8697463944756492,1.506257556436062,1.180302342269898,-0.7995010440845077,0.6197019281847834,0.42485703856968,1.93298596717391,-0.5007629801534051,0.21200128446045596,6901028125970,202510
3.7978990532549917,1.67812335981249,3.265572543590789,2.686409506155991,0.9803687091360949,3.1591160930920905,3.911157655736961,1.6920056750164938,3.812764607358478,4.295859543458077,6901028125970,202511
4.722666398930663,1.580476885889643,2.785556608915088,3.0104886230160686,1.4382309309565198,3.7828559580110888,3.695697627481307,1.8905550734577332,4.020107100340709,3.9614882062128536,6901028125970,202601
6.818347772498862,5.975556145420311,6.576325006405662,5.8574788542643255,5.908494621359961,7.4997034426783475,5.917484899779325,7.368947326539523,7.745009229981378,6.9588460046849745,6901028125970,202602
5.533828267579729,2.5681380381999275,3.350310948091974,2.1445501186774742,3.894466808800745,4.259227309273561,4.096570923522022,3.3236893755706767,4.487627778930821,3.4156759675334225,6901028125970,202603
2.6740132904758314,1.494526525762498,2.0867979576929216,2.5268465669311038,1.9651039088842064,2.7012332819863563,2.2204177066892656,1.7513838417832466,2.802247651433802,2.71980096138133,6901028125970,202604
2.8399186110917425,2.083797918452168,1.7812607237453673,2.406879410860804,2.0330317700421836,2.3967902798513143,1.0051750886158906,1.570319948896487,1.418929984185458,0.7198896150483657,6901028125970,202605
3.559125754040931,1.5070974519925,2.6223730031415795,3.187079612367035,2.4235924004726668,3.0532712594622047,2.741285826770396,3.0800119795393344,2.734138202900045,2.473799549272358,6901028125970,202606
2.3528945299155515,1.87958269990848,1.8272990610784277,2.0689654519457985,1.706687642690523,1.8200419476552563,1.4001734813063114,2.9759648960034846,1.4675965762833978,-0.01553740964288422,6901028126007,202501
12.213410430868352,12.732644964155185,10.561505330574326,11.641419921632302,11.544669788048626,11.44033708404433,10.898633512489388,13.171422204287982,11.399180392282634,12.265203968070328,6901028126007,202502
7.3049750452258,5.972766001194247,7.000947988383752,6.394798363503201,4.6464220534889,6.462957348789449,6.048870016181258,6.645236036451232,7.207022549298673,7.565115839319597,6901028126007,202503
10.621336462520441,12.852541907389696,11.242531783678942,11.982416037723668,12.9485369545354,11.203997168407955,11.210951713471546,11.472708742368514,12.630596505580199,10.829738180809592,6901028126007,202504
10.557016136369047,10.879369741181984,10.106381994201117,10.39443452671405,10.511671402002142,10.065375879955923,10.992715279887506,10.422967794412001,10.696282026359718,10.154810882251128,6901028126007,202505
12.06937196544046,13.421284599944755,11.81468768399121,11.876674884640074,12.843997000758954,11.29733810428968,12.596359010044862,11.545700470429546,12.430320616731311,11.060502523058975,6901028126007,202506
14.621072903318638,16.686486424218614,14.73866997963705,15.434877578872952,16.23266096558949,15.132723297880242,14.986478191033356,16.001525753409332,15.365378159477093,14.065926550102375,6901028126007,202507
3.8424239240558222,2.6801482205140936,3.976781967496699,2.86931510177374,2.6673022107006368,2.85687823981782,4.110191940862153,5.03022629570224,4.094896783110211,3.5902062633195375,6901028126007,202508
3.79902816238296,5.048068654487741,4.79240613303285,5.637806468004186,3.690314961418027,4.672296496142582,4.817120445777741,6.713135103820821,3.917183732480902,6.5143894144975985,6901028126007,202509
4.201309404734494,5.768783011645631,5.766377954193728,5.8927944007503354,3.746583204795717,5.189204671433732,5.926189249475204,8.033441710926185,5.0791599140902255,7.256890301375614,6901028126007,202510
4.2744183988035065,6.693703820817634,6.709392788912285,6.875466810276917,3.9667286306882064,4.712795921603742,6.8010309186242175,6.045927752613847,5.070372231978185,8.627805505934072,6901028126007,202511
3.077660785072508,3.44825091108759,5.078132695722401,4.900184758126563,2.863868893687938,3.800456042629345,3.956895941443945,5.460143257264927,3.6392280114768134,5.324138765736906,6901028126007,202512
4.075740839937228,5.428339620153747,5.073189737691082,5.65902466893421,3.7426406867381012,4.832654443100399,5.288137576705091,6.078209324963535,5.102484444215841,6.396744616692563,6901028126007,202601
4.1334651187328655,4.38643625067632,4.420154651265708,4.644398114732231,3.8528665636246755,4.251914361081265,4.262557462483946,5.013973345261523,4.034005006077259,5.333627843505981,6901028126007,202602
7.565023912099345,6.185012377116174,8.254824350361266,8.540501540769998,7.890317713020325,8.46364064456181,7.742496783904757,10.03438304710114,9.22643799803356,7.153557717144354,6901028126007,202603
7.565023912099345,6.185012377116174,8.254824350361266,8.540501540769998,7.890317713020325,8.46364064456181,7.742496783904757,10.03438304710114,9.22643799803356,7.153557717144354,6901028126007,202604
7.565023912099345,6.185012377116174,8.254824350361266,8.540501540769998,7.890317713020325,8.46364064456181,7.742496783904757,10.03438304710114,9.22643799803356,7.153557717144354,6901028126007,202605
3.34834576137464,2.2112783769798776,2.2536336307655396,2.39006049437745,1.3864512930410742,2.661692094691944,2.7298644707974207,3.7012423682349023,2.759407591569035,2.4232120575669662,6901028126007,202606
0.367403545833051,1.4122749817828573,-0.5006672368936194,0.4643536224552771,-1.3272967236094428,0.2568575629013189,1.5159739932811263,-0.9334689021199682,-0.9696490989344171,-0.044985815657473616,6901028129725,202501
-1.7202608620567605,0.8311491296569504,0.20508057352017056,-0.18774525505498962,-2.0560693011015876,-1.251542070760698,-0.003749841467910797,-1.7062724141489611,-0.13452636347561153,-0.4838526783978218,6901028129725,202502
-1.7202608620567605,0.8311491296569504,0.20508057352017056,-0.18774525505498962,-2.0560693011015876,-1.251542070760698,-0.003749841467910797,-1.7062724141489611,-0.13452636347561153,-0.4838526783978218,6901028129725,202503
-1.7202608620567605,0.8311491296569504,0.20508057352017056,-0.18774525505498962,-2.0560693011015876,-1.251542070760698,-0.003749841467910797,-1.7062724141489611,-0.13452636347561153,-0.4838526783978218,6901028129725,202504
-1.7202608620567605,0.8311491296569504,0.20508057352017056,-0.18774525505498962,-2.0560693011015876,-1.251542070760698,-0.003749841467910797,-1.7062724141489611,-0.13452636347561153,-0.4838526783978218,6901028129725,202505
-1.7202608620567605,0.8311491296569504,0.20508057352017056,-0.18774525505498962,-2.0560693011015876,-1.251542070760698,-0.003749841467910797,-1.7062724141489611,-0.13452636347561153,-0.4838526783978218,6901028129725,202507
-1.7202608620567605,0.8311491296569504,0.20508057352017056,-0.18774525505498962,-2.0560693011015876,-1.251542070760698,-0.003749841467910797,-1.7062724141489611,-0.13452636347561153,-0.4838526783978218,6901028129725,202508
-1.7202608620567605,0.8311491296569504,0.20508057352017056,-0.18774525505498962,-2.0560693011015876,-1.251542070760698,-0.003749841467910797,-1.7062724141489611,-0.13452636347561153,-0.4838526783978218,6901028129725,202509
-1.7202608620567605,0.8311491296569504,0.20508057352017056,-0.18774525505498962,-2.0560693011015876,-1.251542070760698,-0.003749841467910797,-1.7062724141489611,-0.13452636347561153,-0.4838526783978218,6901028129725,202510
-1.7202608620567605,0.8311491296569504,0.20508057352017056,-0.18774525505498962,-2.0560693011015876,-1.251542070760698,-0.003749841467910797,-1.7062724141489611,-0.13452636347561153,-0.4838526783978218,6901028129725,202511
0.367403545833051,1.4122749817828573,-0.5006672368936194,0.4643536224552771,-1.3272967236094428,0.2568575629013189,1.5159739932811263,-0.9334689021199682,-0.9696490989344171,-0.044985815657473616,6901028133081,202501
1.637097609644448,0.18493126350154337,0.4785935403422607,3.111452036672802,1.612353076171484,0.6021358551090437,1.0103284840666467,1.6050128257107081,0.7164208537431582,0.4091789059326525,6901028133081,202502
-1.52381557446923,0.3921431401858055,-2.6386147636156463,-1.081937037980395,-0.19040447386493348,-1.5737116123640893,-1.9919814685843193,0.19665987365876875,0.24830718912088387,0.1293273554116513,6901028133081,202503
-1.52381557446923,0.3921431401858055,-2.6386147636156463,-1.081937037980395,-0.19040447386493348,-1.5737116123640893,-1.9919814685843193,0.19665987365876875,0.24830718912088387,0.1293273554116513,6901028133081,202504
0.6904894036652941,-0.6649433685541424,-0.001777365923118862,1.520743190543684,-0.5014735456106187,-0.48304421892503907,0.3196717905135871,0.001740085249102838,0.2171292942736803,0.4634194159707018,6901028133081,202505
1.000733943245793,1.712403599878873,2.6594248942171035,2.5384218903003575,1.7124327135680415,0.8110888547850301,1.5668233346472098,3.369118713041707,0.7121131825949679,2.0468873228317883,6901028133081,202506
-0.9778113359552815,0.4380818232999387,0.26300297003454914,0.5374951463804243,1.031288193204508,-0.10714198070746128,1.3231881353755326,3.429719629371098,0.1716795047146615,0.3429652084208368,6901028133081,202508
-1.52381557446923,0.3921431401858055,-2.6386147636156463,-1.081937037980395,-0.19040447386493348,-1.5737116123640893,-1.9919814685843193,0.19665987365876875,0.24830718912088387,0.1293273554116513,6901028133081,202511
0.6904894036652941,-0.6649433685541424,-0.001777365923118862,1.520743190543684,-0.5014735456106187,-0.48304421892503907,0.3196717905135871,0.001740085249102838,0.2171292942736803,0.4634194159707018,6901028133081,202512
0.6904894036652941,-0.6649433685541424,-0.001777365923118862,1.520743190543684,-0.5014735456106187,-0.48304421892503907,0.3196717905135871,0.001740085249102838,0.2171292942736803,0.4634194159707018,6901028133081,202602
0.6904894036652941,-0.6649433685541424,-0.001777365923118862,1.520743190543684,-0.5014735456106187,-0.48304421892503907,0.3196717905135871,0.001740085249102838,0.2171292942736803,0.4634194159707018,6901028133081,202603
0.367403545833051,1.4122749817828573,-0.5006672368936194,0.4643536224552771,-1.3272967236094428,0.2568575629013189,1.5159739932811263,-0.9334689021199682,-0.9696490989344171,-0.044985815657473616,6901028133333,202501
3.696775277644968,2.6843889169140476,3.5374749404325865,3.4839655377376078,4.019644111488043,3.290422247112282,3.361833897562327,2.796782193655965,3.525040999812647,1.2491444674136503,6901028133333,202505
1.9415071367897285,1.0663484287197802,0.6539589555701538,2.5772922539216028,1.9824311661039247,1.7500043568445145,2.3758939487276796,2.1049600211812747,2.273044108669296,2.192555322389253,6901028133333,202506
1.4594917848454954,1.4336659245720105,0.3921940242583219,1.2407660928825952,0.6767426718685372,1.4086903789420577,1.9831732399617534,0.7102799563540065,1.0439930574103855,0.6967083101499945,6901028133333,202507
2.874433064572791,2.6074609670160918,2.934880106560904,2.736785530379894,0.831619226118737,3.2297981056878893,3.7090387582952133,2.595018324964851,3.511617255400621,3.8134471592253223,6901028133333,202508
-0.17787965479899936,1.7394718032836496,0.017987730071881425,0.7845029076840678,1.1553922895341835,-0.4922583517031498,-0.17444151508508463,1.0118601874598125,3.6629294886896866,2.2428577607094287,6901028133333,202510
-0.17787965479899936,1.7394718032836496,0.017987730071881425,0.7845029076840678,1.1553922895341835,-0.4922583517031498,-0.17444151508508463,1.0118601874598125,3.6629294886896866,2.2428577607094287,6901028133333,202512
3.1264984242083256,2.5345330845153855,1.9461408704453136,2.5153328609513177,0.5257308576547954,2.4594525701034162,2.967278979192073,3.7709472864095233,0.7203850289819481,1.4829246235487763,6901028133333,202601
6.049504594163443,6.932293948622691,6.239870700044396,6.9921481853374114,4.069231384833357,7.003066641056227,6.964785339409046,6.927537184781845,8.06846525852501,7.6749189930457895,6901028133333,202602
1.4384250539000933,0.9985164968882427,1.1861181244704797,1.1522805784461099,0.7989804726239917,0.8986277296757321,1.0109750728784594,0.2747585695123237,1.6410183441918804,-1.1902657138179913,6901028133333,202603
0.8283441942708714,0.2816784982831321,-0.12197297415467934,1.6988479050058127,0.39813385294915193,0.9429309324554591,0.6729360745403823,0.14172451362035743,1.1412692944638785,-0.9185884789627529,6901028133333,202604
5.91173311142435,5.929558803039991,5.776188491548761,5.8157874178310545,3.6144756748689235,6.48856297322038,6.923943789360795,6.866644092139552,7.805616174241457,6.668754445366782,6901028133333,202605
3.1360173710289687,1.2218652585625231,0.7559914878516576,3.2402097515993216,1.7512901975273483,1.4818672277757936,3.863626786736329,3.6249305297079464,-0.009941750231554664,0.07790521972544953,6901028133333,202606
2.3528945299155515,1.87958269990848,1.8272990610784277,2.0689654519457985,1.706687642690523,1.8200419476552563,1.4001734813063114,2.9759648960034846,1.4675965762833978,-0.01553740964288422,6901028136686,202501
10.214042981718261,11.062410980568794,11.033938878683973,10.59323453280157,10.63225902516324,10.572996370580897,9.874415945949337,11.623884959468766,8.95390878348979,8.785241435072217,6901028136686,202502
9.200424204393745,9.768475099578644,10.186312550896684,9.608875518993738,9.604595935546392,9.119459876091659,9.592218119241402,8.927082437310592,9.418080571217784,8.644591098629608,6901028136686,202503
11.301353619935156,13.132010627234138,13.105874385964725,11.76940463864555,12.78643863036438,12.348952872520151,11.95763421971684,10.520947795574973,11.942837187391111,10.279420370160368,6901028136686,202504
10.529356077134334,11.087088335269993,11.766793235110267,10.837741651135351,11.848394170200411,11.739277463721386,12.283887118481973,9.775369295481049,11.771854198311182,9.864778373587525,6901028136686,202505
11.785334953264154,13.713615506188166,13.71519486816243,12.653865436630092,13.516625552070598,12.908145427973007,13.383950685998478,11.407721690119345,13.21160831395541,11.93173959857124,6901028136686,202506
11.286168317759483,13.736332549434374,11.567446281427884,12.56248202514157,13.836036427725968,13.308788817406036,12.994362419855516,13.785445531478569,12.563900357691159,12.145160150910057,6901028136686,202507
3.541066746053386,5.271646032360725,2.3088846522080093,2.69592885537154,1.9668904441409616,2.282959923883201,3.735150072405951,2.9955431249197124,3.6126460198557586,5.638194923543094,6901028136686,202508
3.5496794011931376,5.3666879120949815,2.6523085926302956,4.683873796544531,2.268777619292723,3.8688606770109604,3.496836319473383,3.9159593510938024,3.638851532712125,4.380275741324423,6901028136686,202509
11.592666645718909,12.194809204156472,12.299025744976436,11.466818501939438,13.134103480130081,11.39663896624763,9.746936190575115,10.841158488913885,12.226367460101569,10.083515054635551,6901028136686,202510
3.1016319420780567,6.35670208329122,2.971585513689362,4.1061221181969705,2.775779840341633,2.390694787796207,5.033894357950068,5.161817423356236,3.4095315595873883,7.22742463481828,6901028136686,202511
2.493232067819362,4.705217315361229,3.867195201951282,4.659582943974826,2.504766252312126,3.235622143167445,4.7412320007924125,6.992083268442559,3.71347610979782,6.009149511405682,6901028136686,202512
6.090500055420923,6.904903941439054,5.696341498452202,6.740507273874771,5.981826787219011,5.23716331105746,5.2408606087815786,6.579729740809728,5.9530879847270874,5.82871414123727,6901028136686,202601
10.223068792901989,11.065685060280686,10.129392135801128,9.901801067626808,11.282763764407624,10.074111638533612,9.596805380198804,9.754655592275826,10.095682307446308,9.932791598022149,6901028136686,202602
11.530996474886337,12.421452637171491,11.023635896993667,12.907133990260489,12.901571942428532,12.681896732417163,12.744014054172444,12.70313777504788,12.00217451822704,11.283526601364162,6901028136686,202603
13.662216141162359,15.67524220897674,14.300635493248512,15.806281353869643,14.82418131289532,15.392611255670722,15.905179557491257,15.382943386400765,15.46444634898071,13.594842258208999,6901028136686,202604
2.6514405259877125,4.9336551620829034,2.4542727684469186,4.283928758208197,2.7575355541841273,2.8959174754327903,3.849426780255019,4.59769637839262,3.2216013997726463,5.585357921196346,6901028136686,202605
9.688801336917166,10.662844736814396,11.190312820728739,10.26370518719914,11.479469534213214,10.883442220394397,11.616485982547594,9.794446428500294,11.612826413700711,9.162684368609227,6901028136686,202606
2.5570569206910827,1.5815069319760513,1.6016673336351368,1.5288196260958256,1.4452939976267023,0.6859224435905261,1.345630249773079,2.318272640596579,1.4349761908722298,-0.27854453799631806,6901028136891,202501
9.078943175553293,8.880072540455703,8.790153535068894,7.587776803503891,8.636614217829676,8.444847295201415,8.207802521948253,7.615197525072156,8.000801472228204,8.804009067796107,6901028136891,202502
7.884339106082383,7.777618161269311,6.485934037871284,6.350925366111142,7.949725458176229,5.743295721476441,6.198945432344621,5.790283818386856,5.919774929557539,7.390465081472309,6901028136891,202503
8.755885020957026,12.219979533722746,8.934164853761803,9.557038948127806,10.35186799317255,8.053633307759185,10.216228126705502,10.573728491688538,8.738129428824516,9.916011436415307,6901028136891,202504
10.790760702098424,14.55905254636769,12.073417988824827,11.397094005477829,13.014113905148834,12.059931893019138,12.540782896217866,12.944747939271565,12.638728345254142,12.293134513370743,6901028136891,202505
9.714260431169473,11.873199901211697,9.73179153982459,10.267350362229466,10.819556294263478,8.287085492930505,11.125443740800785,9.500342667626997,9.30778645113124,10.328662135279858,6901028136891,202506
1.0781430057961643,2.91347935973038,1.3424372883645774,3.058878598667167,4.239402445083835,2.166736286900004,3.5879356283197845,3.260890285389054,0.4990876689455084,2.451331699123208,6901028136891,202507
-0.6559120777847365,0.3997844253279277,0.06637940302122963,0.8007053556317275,0.4729002611218021,-0.2336727677241578,1.6038009963452524,-0.013409008819532997,0.45633466760054814,0.5342555115954326,6901028136891,202508
7.8489710434507565,9.575191088471849,8.1697835553159,8.06438299763084,9.314543284035226,6.85627176600209,7.695837987654712,8.748185608628695,7.558129490816855,8.496775348992855,6901028136891,202509
6.725464866298231,8.112391525216188,6.685812114723631,6.690394153411172,7.6850895178776915,5.366413712793124,6.64765579037546,6.345716100289888,6.262060806154139,6.964890091157679,6901028136891,202510
7.959297512657619,10.252477835378492,7.72156960742633,9.45166024627454,9.46973425111568,7.661842461870526,9.390253432523723,9.310512868454973,7.568665539952139,8.866838853954961,6901028136891,202511
9.950636512589481,12.3041437381324,10.644564377517824,11.025602003522879,12.1953413091025,10.917317540636166,11.053728156855327,9.432673888627404,11.011555186350218,9.689348975527281,6901028136891,202512
8.25092599827547,9.875317472045657,8.776592864970988,8.42975143141448,10.290903958353873,7.47105642231288,9.593450197839688,9.31404732369821,8.47282992050047,9.250353902038889,6901028136891,202601
1.813706216202528,3.9087110120098614,1.2996684928295539,2.0612898459913933,2.7392410193282433,2.2402518990647846,2.244856379017034,3.3742230434009226,1.0306841433137033,3.840090123525069,6901028136891,202602
0.910157877264725,0.3342926319996997,1.614947276086498,2.2052127059290045,0.19726192270556142,1.914582259378251,2.803980817506377,1.5040794089419414,1.661431875964884,0.7169287604367883,6901028136891,202603
0.910157877264725,0.3342926319996997,1.614947276086498,2.2052127059290045,0.19726192270556142,1.914582259378251,2.803980817506377,1.5040794089419414,1.661431875964884,0.7169287604367883,6901028136891,202604
0.910157877264725,0.3342926319996997,1.614947276086498,2.2052127059290045,0.19726192270556142,1.914582259378251,2.803980817506377,1.5040794089419414,1.661431875964884,0.7169287604367883,6901028136891,202605
0.910157877264725,0.3342926319996997,1.614947276086498,2.2052127059290045,0.19726192270556142,1.914582259378251,2.803980817506377,1.5040794089419414,1.661431875964884,0.7169287604367883,6901028136891,202606
0.367403545833051,1.4122749817828573,-0.5006672368936194,0.4643536224552771,-1.3272967236094428,0.2568575629013189,1.5159739932811263,-0.9334689021199682,-0.9696490989344171,-0.044985815657473616,6901028138536,202501
2.5246497740740166,4.3195748670423075,3.3706713131041384,3.8537447197761794,2.301027050334939,3.9695503980231104,3.2118755857390817,4.6490821691788655,4.1503343642938715,5.0449580433914445,6901028138536,202502
6.2250543687648765,5.855956417838888,4.83986579184211,6.105094844802369,3.4471181303037506,4.841029910195824,5.40518554395507,5.613041309254303,6.0536667014509495,6.22182993285605,6901028138536,202504
5.28478334707472,5.33868990364313,4.989805318135923,4.415935715230304,3.8708111167795747,4.4636371261975905,5.386657648827406,4.343419679040749,4.8255542364242014,4.214324928361671,6901028138536,202505
3.428471332723554,1.7870917843989425,2.3523188656324727,3.324429626496061,0.528144869317271,2.0348146942116103,3.624537105055323,1.1977231927566698,2.1112348986217713,2.8974079188928554,6901028138536,202506
2.0402221645482292,3.674128159916888,2.085211766465136,2.388660062724371,0.9665511255012786,2.844545328878969,3.1137614264322533,2.023988419840224,3.2218549512912826,4.64936051279745,6901028138536,202507
3.1485576568182574,1.9288350095233504,2.3210556563117963,3.0849570454664845,0.31305482403984086,1.5405850030215797,2.5489859486259645,1.6864825971468393,1.8143340371729302,2.5378492044467342,6901028138536,202508
0.6117652370423359,2.8375514288530326,2.6635189095235874,3.7632262980427025,1.0249022063365074,2.540087129865394,2.6323479867365847,3.576251020203285,2.731682398148782,3.449790679107183,6901028138536,202509
2.880373410894188,2.6872083560160314,4.264911329930186,3.3031358148589804,2.0476213773036456,2.419760616151003,3.7941518014916804,4.020270981441326,3.1793384440521386,2.8423309612622165,6901028138536,202510
0.8406534157977487,3.153704134717832,2.5928746883699123,3.596091380911591,1.1440494574791444,2.689204713205214,2.4942430614989965,3.458967535906406,2.797260673302327,3.912685584579773,6901028138536,202511
1.9857250377593754,2.672123859536117,3.482064252074151,3.0783344544801574,1.7773264931398787,2.158504615616773,2.627904805635775,4.405780484393848,3.3966022565103167,2.5782137743744706,6901028138536,202512
5.942991259176804,6.731364774956038,7.498333285650651,6.219544209607328,5.3191817991246095,7.174318990485814,3.8862683890590994,6.275592328778608,8.928879659255003,7.1564579143346005,6901028138536,202601
4.840367968184218,3.452581945902751,3.684567703523201,4.447810206462558,1.4416581289804062,2.9041334712852684,4.407606591644763,2.9927209791401466,4.016196429501356,2.6901150053996767,6901028138536,202602
4.278012394659204,2.5256085829311865,2.702279242114623,4.111084544851854,0.7669896485457133,2.8621571249169304,4.077706104149307,2.5336222619905504,3.3583678161771364,2.7375569008049037,6901028138536,202603
4.678075264457712,4.177374321785826,3.490073674239978,3.083275724312809,1.4419053623243467,2.609804763711022,4.932826827774289,2.6786851030028442,3.6743170274056216,3.4944298842381034,6901028138536,202604
4.500550865001681,3.477718296636527,2.9684943727085553,3.562450415018781,1.1609994341655818,3.2643202669620592,4.7743997370286575,3.201582748066685,4.0497693378676,3.597380088357206,6901028138536,202605
3.439707494721729,3.2436612850611413,3.656560767242884,3.8869788581658096,2.19187328762274,1.8862395437050612,3.2000404088970305,2.0635637246302627,1.948862309533843,1.710165940641275,6901028138536,202606
2.3528945299155515,1.87958269990848,1.8272990610784277,2.0689654519457985,1.706687642690523,1.8200419476552563,1.4001734813063114,2.9759648960034846,1.4675965762833978,-0.01553740964288422,6901028141147,202501
11.825721264434478,12.421793154577914,12.012898950575238,11.230073330726702,12.576017123665894,12.125286880538443,11.562437010272077,11.52543200992475,11.945914482180992,11.228274968406602,6901028141147,202502
10.436592391255868,12.028839176917954,11.228577878919952,11.016110137933044,11.582205177552424,11.372419285474548,11.529380957137974,10.173333225238805,11.139133905208944,11.538836882727733,6901028141147,202503
15.25801067336296,17.492397905245525,15.45948545058593,16.200805765016018,16.654281537331013,15.229520663641846,16.478094138353246,16.8461566207786,15.553555725137056,15.327571695074884,6901028141147,202504
16.788280656186625,18.321988722550426,17.484231327846363,18.024996164166403,17.965569097082785,17.475420723124255,18.02489426382053,17.348607274272155,17.644432817187763,15.721631351631366,6901028141147,202505
13.619287606638157,15.22621835316445,15.359050116801482,13.986363903901418,15.29835401464707,14.870025792207228,15.493872416636338,14.12252406413215,14.998796454804342,14.851319652290137,6901028141147,202506
9.864625658736651,10.476921871532348,8.703279635510954,8.899835208137901,10.215467760107874,9.181268260856966,9.917379097083844,9.887017259805223,9.574466903166881,9.645166342005762,6901028141147,202507
11.803922146973786,14.524362759609762,12.950891722109212,13.062173611094117,14.132416555467781,12.829095480963003,13.40228926253621,14.057043461205515,12.886677386284859,12.961043273406723,6901028141147,202508
17.03098174710795,18.6566738792989,17.54856239403646,18.08731827498838,18.41711496798437,17.388585759512722,17.87957755059557,17.69947063558908,17.625386632368162,15.94992150784289,6901028141147,202509
12.801398576729857,14.58790566053394,14.169351231507454,13.691480245582639,13.483196110078273,13.56457065278771,13.05300915043616,14.72686258819958,14.187609001196183,12.368020211045884,6901028141147,202510
16.752695645416292,16.98501273358662,16.985277756303574,17.662325212537503,17.35399894513442,16.93552142219858,18.055483681959863,17.86818180761147,17.180554227317423,15.884454142910938,6901028141147,202511
14.25761942194373,14.967007756740975,14.46025992749976,14.629686608846566,15.495131148271717,14.711371854886409,14.482359717620659,14.971299757384601,15.137484564569029,13.852176817495055,6901028141147,202512
5.176766742308724,5.423034291130484,5.924584758895266,5.8017503362566565,5.392203820892507,5.099204795082956,5.351996432225548,7.3213052940050005,6.264988802132867,5.188197122866591,6901028141147,202601
11.56858647442674,13.674011571823524,12.483918305273761,12.92233979089679,13.800745054041704,12.583605088486014,15.459819061460676,13.531391435101009,13.635823859793446,12.363293054898104,6901028141147,202602
9.628041614942882,10.200860329202987,9.070629517649248,8.600435238389297,9.069972752978918,9.448152868655523,9.807416830292809,9.560930783709805,10.11832496922046,10.238459041225267,6901028141147,202603
10.591799828863305,13.667193544103613,11.72314659693687,12.297574738568322,13.000710643427015,11.956045669210749,12.970365163403235,11.823720322219414,13.237743757494705,11.631383330541615,6901028141147,202604
4.693141422140263,5.0923875692778395,4.908251035966506,4.582486880891534,4.093018489905111,5.4487513146488435,4.944197925475138,5.123079409685596,4.856538697700031,5.057493954646689,6901028141147,202605
11.160451089027811,11.626408091886855,11.360015559242306,11.673081305496208,12.76930466744018,11.505899964359756,12.917988680441185,11.949495437500325,12.876075378004328,11.301358887541188,6901028141147,202606
2.28413769781778,1.8988637786984743,0.40693936687730714,1.2820792459234185,1.308879681066836,0.1334845637501585,0.9208781770286052,2.168530174715722,1.337172962954985,0.21397255262189308,6901028143448,202501
10.887596892516545,9.314625409855736,11.665095158169827,11.009995831856425,10.618116973224781,10.32094805951259,9.407521513550238,11.244110411484408,13.431888021994693,9.977445459183507,6901028143448,202502
10.887596892516545,9.314625409855736,11.665095158169827,11.009995831856425,10.618116973224781,10.32094805951259,9.407521513550238,11.244110411484408,13.431888021994693,9.977445459183507,6901028143448,202503
10.887596892516545,9.314625409855736,11.665095158169827,11.009995831856425,10.618116973224781,10.32094805951259,9.407521513550238,11.244110411484408,13.431888021994693,9.977445459183507,6901028143448,202504
10.887596892516545,9.314625409855736,11.665095158169827,11.009995831856425,10.618116973224781,10.32094805951259,9.407521513550238,11.244110411484408,13.431888021994693,9.977445459183507,6901028143448,202505
10.887596892516545,9.314625409855736,11.665095158169827,11.009995831856425,10.618116973224781,10.32094805951259,9.407521513550238,11.244110411484408,13.431888021994693,9.977445459183507,6901028143448,202506
10.887596892516545,9.314625409855736,11.665095158169827,11.009995831856425,10.618116973224781,10.32094805951259,9.407521513550238,11.244110411484408,13.431888021994693,9.977445459183507,6901028143448,202507
10.887596892516545,9.314625409855736,11.665095158169827,11.009995831856425,10.618116973224781,10.32094805951259,9.407521513550238,11.244110411484408,13.431888021994693,9.977445459183507,6901028143448,202508
5.687518874046821,4.785845566761414,6.084040905009247,5.881268631414112,3.9609399192543178,4.666202173610465,4.976729166900811,4.277917675546657,4.803647376456932,8.299689913693125,6901028143448,202509
6.725918804450252,5.652454573512489,7.720462949201156,7.454598188034736,7.928786825566721,3.1609604239011913,5.528450527172145,6.390660944075443,7.181375097712009,6.778840290063811,6901028143448,202510
10.887596892516545,9.314625409855736,11.665095158169827,11.009995831856425,10.618116973224781,10.32094805951259,9.407521513550238,11.244110411484408,13.431888021994693,9.977445459183507,6901028143448,202512
10.887596892516545,9.314625409855736,11.665095158169827,11.009995831856425,10.618116973224781,10.32094805951259,9.407521513550238,11.244110411484408,13.431888021994693,9.977445459183507,6901028143448,202604
5.27944767398055,3.771952841462159,3.7455441708244366,4.271380787758195,2.993824904251736,3.7595939705494468,2.688642929918731,3.8277731399532584,3.7857198348730385,4.599759895949114,6901028143448,202605
5.901649175729552,3.8851073656590196,4.567107095093359,4.706574080072938,3.1410781312440217,4.51755101580638,3.5052644244975237,4.591745202094166,4.502368062747489,4.6807171567880825,6901028143448,202606
0.367403545833051,1.4122749817828573,-0.5006672368936194,0.4643536224552771,-1.3272967236094428,0.2568575629013189,1.5159739932811263,-0.9334689021199682,-0.9696490989344171,-0.044985815657473616,6901028143554,202501
2.0259877991329365,1.0304056970716886,1.0937557876609287,2.2028083030631858,1.3771456463915555,2.092787071360387,0.36907220970443916,2.0705180753888843,2.411466616230525,0.9969943846698142,6901028143554,202502
3.518692409134588,2.496088283215769,2.388502462638464,4.284685401132436,4.918469210753899,4.037261963378292,4.039331423158718,3.1016895058517795,4.026793121039708,2.569522574251649,6901028143554,202503
-1.4076500896693183,-1.9703691778424508,-0.2714184308996396,-0.7551630278065848,-2.792233920425681,-1.55663132078082,-1.3336969453318681,-0.9927878448989005,-0.49446220014474673,-0.999808111082511,6901028143554,202504
0.46760810439704814,-1.978271238392363,-2.505949061663081,-0.265774491578463,-1.0424162445210563,-1.7495683231673975,-1.9855828796598531,-1.7834369213234016,-2.503136475873628,-2.211585672246708,6901028143554,202505
1.574767410501004,1.6044313601661078,1.8921953441722348,0.9848447390102673,1.3625980121851005,2.1047571371440443,1.0757040536422633,2.0275415538695145,3.6349014584771195,2.0090233396058403,6901028143554,202506
-2.0582055161533312,-0.5385585267799456,-1.2872905268374073,-1.3624711263242704,-2.664171569383909,-1.2720907993563173,-0.7781896721978969,-0.5183712780482397,0.4664060773572763,-1.3394573146856545,6901028143554,202507
-2.0582055161533312,-0.5385585267799456,-1.2872905268374073,-1.3624711263242704,-2.664171569383909,-1.2720907993563173,-0.7781896721978969,-0.5183712780482397,0.4664060773572763,-1.3394573146856545,6901028143554,202508
2.026978319187509,1.4742750751189204,1.6734461336451085,2.7802056829699664,2.876391052589594,1.192540692292619,1.702205300287935,1.2341946673437414,1.460958507480426,1.7599996722186688,6901028143554,202509
5.642659477805326,3.672961719677603,6.084581436954042,5.721637634588277,6.363440155980191,5.798168069753522,6.100609739989591,4.812081089151567,5.890528896213798,3.5876399274420785,6901028143554,202510
1.9323554204292455,-0.7625051470750981,0.6681194933986055,1.4397042012280987,1.1233372698382156,0.7372480192597688,-0.7894969826064944,0.772766426221005,1.5822655592867643,1.0026476714339085,6901028143554,202511
1.5457183049223429,0.18295789837334664,1.140861726581596,-0.09796298113871563,1.7137008170761767,1.4591426023480767,1.6130741967068674,1.6309406335817238,2.2213388973911865,0.9343674974978389,6901028143554,202512
-0.49689342516809476,-1.6046924899869874,-0.3250098387336478,-0.0001279310816234558,-1.5273815782056923,-1.2756066341859258,-0.6956678985390468,-0.6930114995050761,-0.14076318062460402,-1.9648189931249163,6901028143554,202601
7.147268183338008,5.922107046776954,7.311784944306604,8.38931404298317,8.075278836213773,6.067237994398218,8.130319686656454,7.505813610864006,6.625569829679048,6.862335627380833,6901028143554,202602
3.913416313150735,2.3177894538366317,4.196785800247972,4.510934129080368,4.349309841201825,3.2313409400499604,3.343683508849545,3.8582030080019947,5.212816271495883,3.8352466431249232,6901028143554,202603
2.6071286627218724,0.3968179997868613,2.30390070738798,1.4774401176888696,2.249833229523185,2.40673048940609,1.8075299702197927,2.0615383382081496,2.7161859144778546,0.9645691245103476,6901028143554,202604
2.5968160219255547,1.5103603489296655,1.9364725517549066,2.4039839524790314,2.904096110646577,2.310831600526386,2.9207334632594404,1.7469096849744137,2.633548716828429,2.0894457566681464,6901028143554,202605
3.9977995559362602,3.3194276784274708,4.397192167575558,5.2137186341304975,3.7284815534517683,3.305979198214853,3.076917998996004,4.172531053358924,3.935099438879797,3.1761573856053373,6901028143554,202606
2.28413769781778,1.8988637786984743,0.40693936687730714,1.2820792459234185,1.308879681066836,0.1334845637501585,0.9208781770286052,2.168530174715722,1.337172962954985,0.21397255262189308,6901028143585,202501
4.871159059407537,4.080996773359957,5.165999038850192,2.9313988772968496,3.112343769835269,4.219313703520987,4.004461738971292,3.950475548821451,4.061255066578541,3.936734299249424,6901028143585,202502
1.1260442510027253,2.0997439240910927,0.6764839843666799,0.9939819865974084,2.128163217408761,1.5383841467098498,2.950007817314801,1.8188135446553826,2.3045139459695902,3.1497960751145344,6901028143585,202503
5.51767644363729,3.696735906542104,6.106899847971595,3.257095169360797,3.4353661575414316,3.2527797514019925,4.2476718304850065,3.8274568705384775,3.725163726208287,2.6857345229917007,6901028143585,202504
4.253916847194882,3.970030726868696,4.266461773351021,3.1875438248000485,2.316853914342795,3.734075315235984,3.4394508490332076,3.510491978189594,3.3225445380736405,2.8315479173525206,6901028143585,202505
2.7037770485738752,1.8531084834683451,3.450878142517308,1.6890446240413457,0.6559395733428178,2.6669136061027623,3.9810997313727494,3.3587802189895077,1.8612354445063157,1.4044952172239726,6901028143585,202506
4.427245107332508,2.9731934847239554,5.772718638010664,3.0839757270491277,3.8795477619980065,2.7310987046035597,3.2712345421791538,2.7763499878911624,5.332363542968799,3.8906139553234427,6901028143585,202507
2.9785674964554003,1.6597609100754487,4.131140230720347,1.8736214091571406,0.7437723403989269,2.871126029055035,4.082498367477237,3.852068888204313,2.230090236403937,1.9014420669697731,6901028143585,202508
2.339963090117252,4.677587103282763,2.4633283032010476,2.60219579214539,2.4594053804390454,2.4626119582561414,3.2921011685608725,5.189957456040078,2.6168928152044053,3.780639685867076,6901028143585,202509
2.144397363451687,4.056185254882123,1.3043563423399616,2.5169034505395986,2.3479606568198665,2.4159286910012305,2.546587128904849,3.8305272530058856,1.7683222362540307,2.9848118542753417,6901028143585,202510
4.081696101709515,3.445960062420483,5.763870453168538,3.0893651388096646,4.569721646143764,2.7145182173858986,4.209269008845747,3.2752635668243046,5.097097234692801,4.720075375671913,6901028143585,202511
4.773351649297652,2.897182893742481,5.532496572923617,2.523114693922036,3.742518619347127,3.352728761338443,3.887890834664572,3.575274355461965,3.953355189311085,3.0077190115227843,6901028143585,202512
0.367403545833051,1.4122749817828573,-0.5006672368936194,0.4643536224552771,-1.3272967236094428,0.2568575629013189,1.5159739932811263,-0.9334689021199682,-0.9696490989344171,-0.044985815657473616,6901028145077,202501
6.976913527470542,4.847014709792335,4.598115994346281,5.450182643593828,4.9500745786178255,4.974219695688976,5.134283097506332,5.744590646080734,5.047586913954072,5.826576977063745,6901028145077,202502
6.284218970177965,6.843084586772008,5.717336395041789,8.058189565508226,7.248464533463695,7.388111535313621,6.382429050794887,6.863188831624154,7.0651747638923,5.25701712363881,6901028145077,202503
6.7657527899481105,6.484370047378883,5.801232812430687,8.740443176712823,7.391630743885257,7.06875881963321,6.689987858387971,6.544488267613322,7.451068271721504,6.15582250164018,6901028145077,202504
-0.17787965479899936,1.7394718032836496,0.017987730071881425,0.7845029076840678,1.1553922895341835,-0.4922583517031498,-0.17444151508508463,1.0118601874598125,3.6629294886896866,2.2428577607094287,6901028145077,202505
6.607902273452224,6.500489075245352,5.676243838256493,7.220271139041111,6.241693039612243,6.697996781414214,5.683079092881365,6.327968326394249,6.632784976747915,5.127195018211725,6901028145077,202506
6.606292104389784,6.053953050348045,4.775188598411287,7.811352573925605,7.025505511886027,5.873676839208477,5.502250152449766,6.097416904030492,7.017133747496733,4.8213571780380144,6901028145077,202507
4.763804877213617,6.521997903058391,4.575636091208321,6.736630885157312,7.020585026749673,5.203285574639881,6.074956266029706,6.053380979669139,6.090296721242223,4.661693063323148,6901028145077,202508
-0.17787965479899936,1.7394718032836496,0.017987730071881425,0.7845029076840678,1.1553922895341835,-0.4922583517031498,-0.17444151508508463,1.0118601874598125,3.6629294886896866,2.2428577607094287,6901028145077,202509
5.353810453164173,4.13330119480082,4.7716081597424695,4.773760998210824,4.9756416009171645,5.293225246192607,6.205991104913623,3.758536954550951,5.689707484063021,4.472303800609804,6901028145077,202510
6.756075288440459,5.6915996695056075,5.541104459157743,5.921500501104758,6.472251000411927,6.409844641272686,6.413002900710881,4.508608814317504,7.000853628588225,5.307760788526006,6901028145077,202511
2.225606646224853,2.8524637458086253,2.2126872969845772,3.7271088001378363,3.5361799461330916,3.0345098522806992,3.3275728742985624,3.3956359205627153,3.7084202233581096,2.1799358466477456,6901028145077,202512
3.4476566812855367,2.075834569526954,3.482653197538112,2.562210746092148,1.1584792632067893,3.1408612426202356,3.6649492827733785,1.3631523709214965,3.1875552546976778,1.9747193679190886,6901028145077,202601
6.59032236760749,5.9930365550715745,5.7537799824831675,5.714269639584177,6.065631897330344,5.663999123830011,6.490752706567816,7.6462225614823405,6.091264014343347,5.671393939508091,6901028145077,202602
7.534831270764765,5.835502700457126,6.4092037070749095,6.510937717290996,4.927715907502551,6.40650259434942,5.116970177462353,6.329678823155879,7.229215864911953,6.037620137410254,6901028145077,202603
4.806776318108858,4.3814241880172276,3.8028039610699906,4.866126147469511,2.5832433927311214,4.369683192561667,5.005276910603704,4.059012827880258,4.368568414179206,4.052358113719902,6901028145077,202604
6.365129285000476,5.278308011720911,5.064383976077343,4.722442630573218,4.559483731136929,6.333002996686964,5.963344033258385,4.929383594454069,6.235613263447052,5.3222785156356744,6901028145077,202605
5.3358826386071,4.482077315461419,5.014580886482515,5.662158869062681,5.517402172604771,5.064163832699796,4.01559925831397,4.308674493970538,5.9635538637252665,3.7869114927524388,6901028145077,202606
0.367403545833051,1.4122749817828573,-0.5006672368936194,0.4643536224552771,-1.3272967236094428,0.2568575629013189,1.5159739932811263,-0.9334689021199682,-0.9696490989344171,-0.044985815657473616,6901028145473,202501
2.3715919645516994,2.8148945849361615,2.395226955698242,2.202578303856997,3.7905558416915284,2.8071905153680703,2.1991946376534357,2.31781486475835,2.1924133146280593,2.0351960589542197,6901028145473,202502
6.305659918006678,5.270700353917921,6.008770696956074,5.339025225221395,5.9749413954806245,6.198874209770711,5.078781993736188,5.79988666524186,6.7764571179518605,6.3289865211441265,6901028145473,202503
6.013416825731579,3.693811578159533,5.661369375935575,4.367009847585779,5.22436410518832,6.14309262656076,4.427199898833264,4.780934339167791,6.718140595989481,5.679044048902776,6901028145473,202504
0.3098377555000831,0.8697463944756492,1.506257556436062,1.180302342269898,-0.7995010440845077,0.6197019281847834,0.42485703856968,1.93298596717391,-0.5007629801534051,0.21200128446045596,6901028145473,202505
7.078889620905361,5.843364447244111,5.89517128691079,6.3843272843149945,5.477461799374588,7.221880445644878,6.034621145479068,5.811078634031769,7.205957052768898,7.122343804540959,6901028145473,202506
7.294830133495348,5.741970848770176,6.343393604058834,6.185555869428568,5.938800976732789,7.641155813837691,5.975402867708429,5.875469028830363,7.5464896832341735,7.453455917157054,6901028145473,202507
1.28490897775507,2.5505784685249244,2.6733797519895273,2.5549212517255557,1.7948193758048803,2.3711066270379813,2.410137343475396,3.6281173136329476,1.393544627254331,1.3279659195151114,6901028145473,202509
2.564573884128645,2.9709138461724542,2.4738934875814422,2.4493297633003666,2.4810309765507177,3.167432589346103,1.8999608159364798,2.138184093805559,2.054629468451161,2.447012495336271,6901028145473,202510
3.8109596265817904,3.4481539358243527,3.6716913278806347,4.278754117453247,3.804131875005895,5.343487307838478,3.113115444461185,4.075969796867481,4.470996754085325,4.457221729368752,6901028145473,202511
1.3537021040482757,1.0910011511064948,0.8900413611660056,0.5682775900262333,1.3395979447791482,2.0069726612178926,0.9051551482686763,1.3120718726065608,1.0444103686389115,1.366174995009582,6901028145473,202601
3.043588168571371,2.3831874583325194,3.883008267076077,3.57330199343881,3.163669374278048,1.7764978724985898,3.8720104315363804,1.9232071914940978,2.0772269771543312,2.8414607352269323,6901028145473,202602
1.6617322005756892,3.0895315502072576,1.6454959909364484,2.079743335826264,1.2143724940164229,2.2450786978653188,1.9685701800166377,2.72118926445986,1.0421287368502592,1.9542690300650363,6901028145473,202603
3.1919612242488347,3.2476898082157244,4.450725036328178,3.7823977296642486,3.726060824341295,1.9702490501567254,4.23452964961086,2.6021955714493075,2.748466109995421,2.990902284383708,6901028145473,202605
0.39400546377417833,1.2073056318038897,2.188101230971105,1.4369479256909259,2.179011585354621,2.136242896632333,0.33404387074602543,1.66031584960961,0.8606876247130898,1.0526704055940366,6901028145473,202606
2.5570569206910827,1.5815069319760513,1.6016673336351368,1.5288196260958256,1.4452939976267023,0.6859224435905261,1.345630249773079,2.318272640596579,1.4349761908722298,-0.27854453799631806,6901028149921,202601
0.15629322122831144,2.5635086558817584,0.9506136128303224,0.29284375887832637,4.0394348231671895,0.8825267655234958,-0.6809636998067574,2.494822516704947,2.2575457051048624,2.626496082734483,6901028149921,202602
-1.5534188319333933,1.2264039049146236,1.014499560411045,2.1445629735554204,1.6895735361224629,1.6806614259660362,0.21719150414051935,3.0088507426353415,0.6645145751526264,2.0732777790186248,6901028149921,202603
10.402704858990644,11.256666954936758,10.511125201476752,10.580271031781386,11.260487106120085,10.70806181572622,10.574219091815925,10.820162929274167,10.987848957161441,9.831660112346714,6901028149921,202604
10.062339761435153,10.725765314290342,10.648583681546995,10.408211270191114,11.482657690895653,10.489006640262879,11.255875234561948,10.746148845120192,11.009527409199414,10.674591869498064,6901028149921,202605
12.010251705770921,13.831389865065345,11.304578996495222,13.192099366927836,12.6216963543953,12.285156309379637,13.525661981447117,14.266734139538757,13.084548970191053,11.989472677300373,6901028149921,202606
0.367403545833051,1.4122749817828573,-0.5006672368936194,0.4643536224552771,-1.3272967236094428,0.2568575629013189,1.5159739932811263,-0.9334689021199682,-0.9696490989344171,-0.044985815657473616,6901028150378,202501
3.0229273625559,3.8378182890808095,3.4127514947571105,4.744988620705694,1.6039845010040348,3.653711598094567,3.6263173257774683,4.964955109741849,3.8936935301280844,3.565796548178966,6901028150378,202502
1.3255973030511021,3.661815811684687,1.4927633781314946,3.409216557807488,2.5198266253495167,2.3372116114905337,3.2618864618011454,4.4743569872553035,1.6966527813276133,4.746916247471599,6901028150378,202503
4.798889363504106,3.227602820224166,2.8094489248384034,4.381692839595585,3.572749659519703,3.397584954401589,3.3047436691620637,4.169367860909124,3.1300338954412523,3.2727284189594528,6901028150378,202504
3.8773402129485017,3.141937491871237,2.9216383823170875,3.048647933850869,2.2077968170586897,2.9137227854195893,2.3760770243575187,3.1150831235940943,3.7995507497335566,2.638590452316945,6901028150378,202505
4.289671289560777,4.068163455095948,2.589151412682706,2.9141528514036463,2.0832035841292895,3.4964605587797846,3.907421035031359,3.887728954064488,1.8282615115827945,3.297058455081006,6901028150378,202506
-0.206343222545177,1.8692632470290298,-0.8829950582028081,0.4748154236121983,0.8488916361379081,0.4046299459766082,1.504351890851161,1.6053282666162059,1.5249948833687204,2.453505332905125,6901028150378,202507
3.724005044067281,4.258156762122613,5.139101733926298,5.146321029226181,5.47340508764101,2.0414853256263745,3.1291173535636783,2.9940763099526553,4.047367147095887,4.146900587700407,6901028150378,202508
1.562844632706153,2.704360630801893,0.042335954338782844,3.042524233453428,1.4489580817257683,1.249375511829882,2.991811659870362,1.4113810346960884,1.786750880293637,2.4633192438577716,6901028150378,202509
1.9063320249754174,3.8380803912088903,0.858730447101134,3.8185693922549078,2.7312274400540884,2.560505930125059,3.092358553389819,4.120761774910222,1.6436612123457317,4.6423917146438844,6901028150378,202510
3.227963247900955,3.3402158038429257,5.7435053139614265,3.4291102551970956,2.198742525019795,1.6039358823115828,1.6754702866171303,4.515798555920969,2.721430172837325,3.070363757383365,6901028150378,202511
4.1879246432885955,3.8565422942548433,2.3495467891866095,3.563052839477014,2.9581423364182733,4.441606565532276,2.6406993257098423,3.4953292616896396,5.018379223123752,5.001116502881806,6901028150378,202512
4.847863510143736,3.4835891442319085,2.7956095172396775,3.1539137231542775,2.7835288012241124,3.6894095064939885,4.141537243370843,4.218880519403793,2.05246848461583,3.5846396087080903,6901028150378,202601
5.483989077043624,3.551253487435879,2.9943729680212114,3.2270346133677172,2.6700407972696656,4.566003825275074,4.810868677887786,4.2976538717008825,2.5510141158145863,2.8862115002609343,6901028150378,202602
4.248462614336423,3.436914922819074,4.0911781990535605,2.40369790330257,2.7717238829455715,3.4437904223399576,1.9911211122339607,4.449827082481164,5.438771352730616,2.9599524158443007,6901028150378,202604
2.28413769781778,1.8988637786984743,0.40693936687730714,1.2820792459234185,1.308879681066836,0.1334845637501585,0.9208781770286052,2.168530174715722,1.337172962954985,0.21397255262189308,6901028151634,202501
8.93504146467271,11.015865334455142,9.30245564553281,9.447228075627681,10.015256288406635,9.468691318742184,9.493687855517063,10.198899125440665,9.440039435838125,9.689539168738932,6901028151634,202502
7.762658671510228,8.751906042116584,7.418298575254294,9.418912571579822,8.984095701195908,9.005009949514282,8.792100314960546,7.543423124162298,8.409847118718034,7.566328931548545,6901028151634,202503
8.259472296683835,8.532540286360883,7.586087378551241,7.816788504770586,8.713018037743144,6.6722763937319876,7.630568530721065,7.709572807542007,8.016904518386687,6.515547033514891,6901028151634,202504
11.751431737587577,12.975586398428925,13.121493847948496,12.810937205087853,13.023770412983659,12.178133056834563,13.056870337909286,13.082333737557747,12.027258796300924,11.818606110033437,6901028151634,202505
13.822444190961651,14.580602635073058,14.472015925240726,15.41102015471911,15.324577253326144,14.486952254033296,15.119880938953624,15.579464986815806,13.21475853530322,13.387438938551167,6901028151634,202506
7.891841896702196,6.422920248929575,5.293124561993023,6.9193675760367075,5.146393306132498,6.498503284106069,6.33347089445335,5.317924869127272,7.226946289082864,5.88368301215963,6901028151634,202507
3.4665160093005998,2.762664533585152,2.0748428103340264,3.0896952611217063,0.7278368232208058,2.214611894854285,2.631110066379138,2.9461097645394427,2.636446960397487,2.2037354401835776,6901028151634,202508
8.397514906488112,8.128256723018223,7.091296771299582,9.045390751596631,7.597883061661488,6.563444387811122,7.428469793519614,6.922018376476438,6.454615760713862,6.863609917212349,6901028151634,202509
9.054964642699481,9.134929609732831,9.523726205881035,8.72667397886389,9.566818430274768,10.024811862889461,7.84768542787338,8.685314627395526,8.56278449307879,7.738426230522983,6901028151634,202510
5.905965605954375,4.574712513263657,3.4275717556305403,3.7384022323239043,3.444249978013838,4.623251400577157,5.851221003831518,3.1216350172758593,5.5714057136834105,4.3216481936887385,6901028151634,202511
7.024428065649183,4.968464944211432,4.367080862600072,5.782637770886744,4.987780948912815,4.839081546897147,6.023358175548423,4.8360209963808085,4.786896749030457,5.958787195998913,6901028151634,202512
6.15332058257638,4.586506786031482,4.248698310209484,4.764959260130498,4.282863476222114,3.417161827629988,4.1846564970938855,4.2457714837575065,4.972312175723317,4.033372428859136,6901028151634,202601
7.7885153996221534,9.68645328152015,8.373090042250524,9.452450627266575,9.061211239428088,9.45457166813642,8.210086197935254,8.037229977265891,8.491728861907804,7.971661508082032,6901028151634,202602
10.539184260503806,10.858292375962757,11.704304683591834,12.478931907422734,11.553947706076308,12.190355918463162,10.902463319931265,11.890221436038345,10.976564788525257,9.496877008176115,6901028151634,202603
5.065366982171157,5.550860486324433,5.1724492737679135,5.702476500255614,4.875320950579119,4.38122295252358,4.75333440357808,5.457339589740147,5.403673272772391,4.041979770339513,6901028151634,202604
8.943407925492298,9.044388090490722,10.147752977580447,10.024423993463099,9.850396594829391,9.322938449736236,9.230965765389326,9.553774365664479,10.246613603857357,9.036261363133583,6901028151634,202605
5.155119655817817,5.756928107681858,4.976776060365369,6.193329930690356,4.4217707612625485,4.284162380010503,4.756281122035014,5.487501818906633,4.27237815289608,4.599815654969328,6901028151634,202606
3.507857683230193,3.050010741278424,2.1352456598015364,1.7820114885399434,1.52411059182099,3.3034623513590966,3.455457385260706,2.2362903407780093,4.394393440953757,3.4142496364552155,6901028154628,202504
1.0136052112543266,1.9530766362107725,0.9028479594105383,2.7860337042571537,1.1378682437885776,1.1138639114456494,-0.21525250831359485,2.5569515799749,1.2816809342351676,0.5224638658412981,6901028154628,202505
1.616287825973665,3.229135503324723,3.622653605915304,2.4802339346012916,1.3005078831503016,1.5995651860221411,1.214303830650655,1.7061022018197973,2.622392283482188,1.2978350204669427,6901028154628,202507
1.8733809973621216,2.372366361488183,3.281871878516397,2.8116244224351115,3.0774073219830735,1.200259087780005,2.9106333600324255,1.1410113615725181,2.4818082188120574,4.518502452107574,6901028154628,202508
3.0384939320274613,2.4714032009549487,2.5978566187561816,2.6782529723581403,1.9090638211350301,3.7909810763207727,3.1054381952979067,2.64655464944326,4.228730617736153,4.236989922463054,6901028154628,202512
0.6462986286258281,1.2017428939704222,0.5238723497483638,1.7828666559619715,0.6784773642468235,2.0172706665863926,0.07222559500672071,2.7600619099993597,1.0497154686209729,1.5071350487824022,6901028154628,202601
0.367403545833051,1.4122749817828573,-0.5006672368936194,0.4643536224552771,-1.3272967236094428,0.2568575629013189,1.5159739932811263,-0.9334689021199682,-0.9696490989344171,-0.044985815657473616,6901028155557,202501
7.472400587089822,6.707232706893985,8.44662386930194,6.4195894681009635,8.676092279525568,6.345718993861852,7.385911891777447,6.75722067634457,7.707166067578671,6.602143812791957,6901028155557,202502
5.262279526996001,4.578177377879178,3.67890365777565,4.9208978336982545,4.119551569772224,3.883668703497051,3.0910630418073266,3.2007350156176972,4.884852001375673,4.31364372971895,6901028155557,202503
3.49256949129222,1.620424498890915,1.5220800840212112,2.8687923481891118,2.049342124274462,2.0145713582977796,1.442387304667888,2.215567768401178,2.1878171147239858,2.5034036103113344,6901028155557,202504
8.385331704945958,8.176740592772493,8.605004650169867,8.640045112705236,10.898002835883625,8.510634087840355,6.870255339091704,7.369211979976369,8.426933161583223,6.074452174271832,6901028155557,202505
2.7897877496084864,1.2836057819181632,1.2398544479199807,2.338341089231544,1.4484684108962713,1.8747069501437055,1.340675213882983,2.0837577302879886,1.1346254352310146,2.014969579818448,6901028155557,202506
5.15274938024908,3.324439337779052,3.762274685750932,3.2540877880521837,3.8835977580075562,3.253152535428963,3.1509397460264963,3.3037170898170243,3.7744268535954553,3.818787443545698,6901028155557,202507
3.7498447971563804,0.5127590258583881,1.1875359011160456,2.0228314131909633,1.2610034062476279,1.2207116863428156,0.8632632487014085,2.5347731395335344,2.490129953674058,2.3608237277658994,6901028155557,202508
3.2054790607531403,4.622417359315488,3.6207133004341863,4.39365036243307,4.406798174378573,3.191973858485593,3.1945324535536193,3.2307746771457926,2.8631949870151003,3.743329007224629,6901028155557,202509
4.769425114139846,4.193092291760184,4.679664801053524,5.093535361287247,6.298493773562228,4.083739090175667,3.1447366281521427,4.505303322127716,5.276618435886774,4.2269480288596,6901028155557,202510
6.314447563556201,5.955010753326176,8.433975301359382,7.0390916752873816,7.752477538938855,7.084615457711856,6.068333848836703,5.657260387088701,6.8472696332215275,5.555685591594132,6901028155557,202511
6.5271838191265035,4.710914025353408,6.020037731024267,5.650210920412401,5.080374183981234,5.870518390656792,6.424930574848755,4.408550379253618,6.266672704358363,5.196647207630896,6901028155557,202512
4.592265403213662,2.0996005528774795,2.747728485438917,3.2915973649424233,2.4692394395291455,2.75787205373254,3.47559876575765,2.5979470662384645,2.9985812045101388,2.2092308892895143,6901028155557,202601
8.259795457590238,5.854776690773553,9.209392458901904,7.80359844404081,8.27986067913189,7.889044913872836,7.042535086840277,8.581777319643441,7.028623712554476,6.759297182866208,6901028155557,202602
4.248462614336423,3.436914922819074,4.0911781990535605,2.40369790330257,2.7717238829455715,3.4437904223399576,1.9911211122339607,4.449827082481164,5.438771352730616,2.9599524158443007,6901028155557,202603
5.319466623703158,5.998046868392398,6.593782003967411,6.349969913844647,6.109954925352293,4.2952318626101995,6.871086317063836,5.016235356924879,5.779986806883021,5.456466919882966,6901028155557,202604
2.8543425151165835,2.077599282841201,2.3676187160745426,3.412657759488181,3.0103812279329385,0.9354497699054373,1.63232156886695,2.450622027285276,2.0286843360036335,2.9247536419416096,6901028155557,202605
6.42303956788953,6.529178019958561,7.5898920977057704,7.369379924598895,7.363430214972926,5.901563576790669,6.640946022179238,6.515542129035277,6.67572740696636,4.93113947720851,6901028155557,202606
2.5570569206910827,1.5815069319760513,1.6016673336351368,1.5288196260958256,1.4452939976267023,0.6859224435905261,1.345630249773079,2.318272640596579,1.4349761908722298,-0.27854453799631806,6901028159548,202501
11.876168802023358,13.465807657641927,12.368655708430655,12.172466880015437,12.84375709205135,11.50243671541162,10.992488303421833,12.363775121833543,11.833817636670918,10.982546187140036,6901028159548,202502
8.633348135157894,10.743177089632738,9.769734296716448,9.315658147162772,10.456001844659596,10.119846092776754,9.08462767231625,9.097981255887566,10.125009633572715,9.195332549365425,6901028159548,202503
15.356502089579156,16.240486446022775,16.275626293409545,13.558238293848353,16.609452039649604,15.274592734060763,15.86455669797985,16.593380323581187,14.617146888696116,14.113104822584738,6901028159548,202504
16.090871101157692,16.81981736723752,17.009172558342197,15.833055811113136,16.404362864257017,16.165451064036837,17.16954592720839,17.12300743378271,16.32096605118139,15.568048245536643,6901028159548,202505
6.53132601150641,8.46928084151629,5.8429469574147666,6.968719557131333,7.192716154010881,5.936600181189786,6.654706000233396,7.160133007352887,6.28691175898608,7.98606713439697,6901028159548,202506
14.860889154360446,16.603884931498264,15.72092024270621,13.578361014172497,16.057075222539535,14.823494343105425,16.321313688107853,15.603248618383665,14.85484882691579,14.121596158121674,6901028159548,202507
9.024473629306565,11.116706929693555,9.575952759216618,9.120532419010488,11.120853907332014,9.058611395247453,10.255027400691933,10.10246295768518,9.789332865464353,9.702742705284761,6901028159548,202508
13.737190941656959,14.613586691153271,13.925342694186426,14.949476959888946,14.769026245851425,13.820196800673205,13.361017824334604,16.0269734033755,13.733317147452748,13.334547035856726,6901028159548,202509
13.938072934569231,13.800271699305878,13.437916976110152,14.582879125592651,14.809182147714303,14.173455076323647,14.353599920700882,16.311122628704517,14.108472446735595,13.290732165035823,6901028159548,202510
13.140755676064847,15.856721735381784,14.313255141246406,12.921839774744319,14.656424183741848,13.080469788065253,15.140747108075907,13.770720796917905,13.946180940872882,13.625120348857404,6901028159548,202511
15.265391616238233,14.576066209768936,15.747954523749241,15.163007632015875,14.865632374410739,15.621189605093885,16.929281472176246,16.228034561424753,16.273116320398042,14.840073491675104,6901028159548,202512
0.3106117434210907,4.050958709648276,1.0932462021482428,0.9700873231851788,1.197155457331378,0.8264283704784514,2.419919584616501,2.173220969848682,-0.8123537106507539,2.546922817997169,6901028159548,202601
11.36502544224867,13.451561518154985,11.512207233833937,13.49845604466145,13.511660556731702,12.949986023361925,12.069223754142733,12.527123783816046,11.788203101341969,12.371219539714957,6901028159548,202602
17.513171112336384,17.853324021576714,18.02413588833681,17.075750436419664,17.97022333420912,17.198146669467064,17.863719298304332,18.709191383734712,16.683078251868668,17.004419050730323,6901028159548,202603
13.457848369293622,15.380343245128662,14.35360952496422,12.294512292390674,14.492902939795915,13.062987571775853,14.94602450111258,14.388417309878562,13.980962703833834,12.4386333716832,6901028159548,202604
2.1975867787063144,3.8983645595282166,1.5245892224530593,3.516035252883548,3.2772210883091577,2.616088191125634,3.484643148154933,4.800384777210606,1.8483557202407643,3.8560919944350154,6901028159548,202605
2.3463191717870497,3.9026571352022907,1.4615760517963454,3.0903341575451084,2.994021288748321,2.891212719994411,3.4004882849387306,4.91360975597761,1.7614842000685342,3.8428784643563727,6901028159548,202606
2.28413769781778,1.8988637786984743,0.40693936687730714,1.2820792459234185,1.308879681066836,0.1334845637501585,0.9208781770286052,2.168530174715722,1.337172962954985,0.21397255262189308,6901028159753,202501
4.7224337487275445,2.8943531851294035,3.3472330641255588,4.240820425961791,3.6405696719755887,3.1257131735982813,2.458173112900423,2.6244042757483603,3.084544134087185,2.54728831608517,6901028159753,202502
2.786205075713238,1.4509463627941082,0.6362307822623738,2.5565730179155692,2.266625743719941,1.2328795636757763,1.0226526368960915,1.1993314722843258,1.4248105414735468,1.5469167059499922,6901028159753,202503
0.09647987421139331,-0.39687212450680853,0.5653523037556321,-0.016822719291353483,-1.2077445786143821,0.43042570877387615,1.2704426581074444,1.3382878003425998,-0.6011054151143008,-0.30547041509729334,6901028159753,202504
0.7483735964327521,0.8854611435683983,0.46897285990252985,1.542295753871835,0.7297224802761577,-0.0727895544474685,-0.1428131214787913,0.434575397580693,0.5431994328590642,-0.08527289245937794,6901028159753,202505
3.1341437921997977,3.0669215351073804,2.515965350773011,3.585032675545314,2.522963770582281,2.8284113735086844,3.5226274074342383,4.036788808003512,3.7056088441659223,3.1566839694705497,6901028159753,202506
1.8787757878313067,1.2860115335663378,1.0070063737784476,1.7235525559151164,1.8180799929533178,0.33996425675942943,1.9410698129796145,0.39994708856442185,1.3647635752482843,0.8296100659407262,6901028159753,202507
1.2775930204468,0.27149315995097034,0.47475459712762164,1.2148921761654567,1.0431090574185315,0.07601493132500076,1.094349449526343,1.1940580069356022,0.6484031571682923,0.30296540405730077,6901028159753,202508
2.289206988530943,3.8068285779254785,2.9099774667975686,4.593060117624507,1.588157444504723,3.1987313467450966,2.070264090560996,3.442915047619074,3.0418755045964136,3.7398840475697246,6901028159753,202509
2.9649052259048148,2.029732994095336,0.7782066385367956,2.948540340705189,2.066884551843315,1.1504736853750734,1.5216071671637736,2.8105730900472112,2.4259422294843995,2.2788496079541423,6901028159753,202510
3.8173487337808885,3.6278589696906236,3.7353356493534546,2.8563733915864,1.9222207079369809,4.139239875825282,3.01017541342614,5.29518601815897,4.493934989735465,4.343368964397364,6901028159753,202511
2.208264284618087,0.8682839848344704,0.76365925840898,1.4937056064931058,1.7644512755483288,0.4248190261616133,1.7422351230774724,0.6098234142613512,1.0844060663117792,1.6010211014105469,6901028159753,202512
2.670717724745239,3.877204952907275,3.1489349721623587,2.7456737015309036,2.3109863833726116,2.9704941104881333,2.3408037141150966,5.051823199477138,4.200764068257293,4.120698332388079,6901028159753,202601
2.8839418824150567,0.5354970209156447,2.294419124705301,2.676905956826934,2.352964565118573,1.688977344485936,0.8947587511317088,1.9788548806467012,1.5724940372151046,1.348533139363397,6901028159753,202602
2.0733233665229225,1.1693300862036942,1.6761338039352576,1.1299949450496223,0.09661396548133083,1.7002968510635692,2.185349681370319,1.9489194564270114,0.547467139600918,1.149185984325199,6901028159753,202603
2.3548084278165744,0.46083035105719633,1.0118593948834576,2.6040422042241915,2.3555820724989265,1.6568503859371875,2.0363443798516707,2.0103074564275927,2.1462923834502954,2.0850010493293523,6901028159753,202604
4.797029172128581,2.793258300832687,2.4687941725420135,3.596442313688239,4.789065382421632,2.8731119789912993,4.0860982819815925,3.0919721098887334,4.340376570338924,3.2218677130217035,6901028159753,202605
3.9452695543535463,2.298995151556526,2.0653802149345997,4.876746879566254,3.3850671627789555,3.6969415962843395,3.0171559510626604,2.8384073921609465,3.343559552278065,3.2001724748683102,6901028159753,202606
2.28413769781778,1.8988637786984743,0.40693936687730714,1.2820792459234185,1.308879681066836,0.1334845637501585,0.9208781770286052,2.168530174715722,1.337172962954985,0.21397255262189308,6901028160285,202501
2.0152166188200615,1.1650891102106666,2.480210472176502,1.0113127380693752,2.030233901894424,0.6699625938610262,2.9004523682073033,1.0257229318532541,2.358243421802466,1.076727762297971,6901028160285,202502
10.29955835473758,9.470342071136843,9.974051718041546,11.341882132850733,9.077253530057972,8.947975595108284,9.642055962456816,8.54660688757858,8.878294307342534,10.136474394748173,6901028160285,202503
2.8851266263564472,2.5050720505766604,2.609271391399899,2.5861076794028888,0.9921330151154819,2.586815799189018,2.1530574173198636,3.8072375437990225,2.9773532920997763,1.8396243012896696,6901028160285,202504
8.386868895927146,7.314096364324905,9.392125836564778,9.23328871133685,9.022052586155244,8.855350476265372,10.18514100018444,8.18596729474453,8.977567776461097,9.08835435592099,6901028160285,202505
9.181547108656979,7.803826957120609,9.685312546679278,9.19850124264291,9.813100801895358,8.61804636762977,9.07344767284482,8.529724989144356,8.873780735343436,8.995469430749173,6901028160285,202506
5.283258557717902,4.448930734322904,4.000819259373753,3.695070801081079,3.5647412234136415,5.021227864137508,3.5597232590627312,3.425462898165118,4.619032485374709,3.86024189380617,6901028160285,202507
6.543093335652939,4.146816938626532,5.600944464425961,6.314069014729017,5.689208136377211,4.748360330680775,5.24582507823289,5.198161252024793,6.002084108351878,5.619534032613245,6901028160285,202508
9.548452501352369,10.810382405788081,11.240228749444329,11.280785429357767,11.156294579689625,10.094175590669229,9.466093521684465,10.372326994530656,8.343126742299663,11.34454487259783,6901028160285,202509
9.33493529931307,10.57324315915601,11.320356344533112,12.24712644697293,11.656958698544797,9.886488436812915,12.664236863074684,10.235161656064536,10.63361636542044,10.429742649162536,6901028160285,202510
6.289674012642418,5.207798405393193,5.054690627406013,7.3863842394306305,5.902861786373308,5.8875558159215045,6.405575106464822,5.8313049415035065,6.503754345109298,5.4692416602749985,6901028160285,202511
-0.21649261582279705,-1.7282430366029438,0.5203670166448804,0.09833209569760068,-2.1305749148239914,-0.6913166444837844,-1.0980150445451964,-1.1369604647296714,0.049448394365989246,-0.9007365016389346,6901028160285,202512
1.4888568154436255,0.6157415191879196,0.9911711622242421,1.128549594022044,-0.1613643901821406,1.2398167722072748,2.2201230419061715,1.7091097647519098,0.09634199717584165,0.9315161657643062,6901028160285,202601
8.679444298103617,6.989885800062831,8.69262582129247,8.297515465834008,8.761602416481892,8.035221104512667,8.476768837925537,8.778728779478369,7.104498427080118,7.996113643424865,6901028160285,202602
5.072008661933464,4.903213632841037,5.254217032412408,6.1310004299133025,5.274965186534154,5.231828476697578,5.242865224232635,5.493328445964297,5.005662654162002,5.185119957146674,6901028160285,202603
7.195600221809975,6.779803554394861,7.174495473542623,6.475367759104312,7.038250355835777,6.75684991945403,7.426918229974222,6.783463124580769,7.110937859878026,6.332648260121319,6901028160285,202604
7.799762333214538,7.52479613979723,8.370388408773783,8.447957282255036,7.5304239174038,7.030622915356024,8.279776563179347,7.363461438556089,7.501210601817697,6.878403216243542,6901028160285,202605
6.539225377282579,5.915022442960066,7.423160444522153,6.372106610256974,6.593394906210318,5.717495075397159,6.336819455303563,5.582898811266904,5.581777354324629,6.050239831175145,6901028160285,202606
2.3528945299155515,1.87958269990848,1.8272990610784277,2.0689654519457985,1.706687642690523,1.8200419476552563,1.4001734813063114,2.9759648960034846,1.4675965762833978,-0.01553740964288422,6901028162876,202501
12.74798694359958,15.284801908659691,12.432110505433418,13.147640159494182,13.274075571464769,13.110617432876353,13.053922412687132,12.74540123282364,12.631396048220095,12.964454058703211,6901028162876,202502
11.234800102436381,11.372767028750241,11.301479122702919,12.071975767862998,12.002530088065587,11.10884009050468,12.554611253631148,10.95752256376202,10.471552106186143,11.475642598991868,6901028162876,202503
0.15045651014087488,2.409593079746455,-0.8105737940985936,1.1473367081482644,1.951155313686213,0.35140848865046104,0.02260834725622224,1.7139482714815548,-0.2350577742190634,1.8999795567260702,6901028162876,202504
15.21058697678535,17.71602036612012,15.709320149215605,16.623166403012284,17.381280204068904,15.11028628089157,16.064039255724488,15.4196687224573,15.667902690796053,14.912451180986757,6901028162876,202505
15.377717163945224,17.222401608104416,17.913161848118907,17.074290694073145,17.927792015268423,16.80647407071919,17.036260267465522,17.013743134496927,16.449186921704534,15.683294319160208,6901028162876,202506
8.341901278084784,11.087074218210095,9.698090037615989,9.958796447859726,10.506569347530627,8.21836921315288,9.819112326000104,10.37186985408693,9.834230596007739,10.23371790428946,6901028162876,202507
9.717109755088304,11.495626963433295,10.049679003946029,9.62384013501627,10.537378585983838,9.63379352061806,10.700665559274235,9.622323426578154,10.558166812425743,9.867544058708308,6901028162876,202508
11.492560174310512,12.888222816944323,12.814554193361968,11.145526885944372,13.057973013424032,11.641924823489568,12.27199457153684,11.068067548295698,12.10168295186112,10.949555856388274,6901028162876,202509
9.541943069102828,10.480980311585414,10.211784398104907,9.130594934938879,9.992448480016227,9.961756920834734,9.784372257809036,9.839282542470084,9.934155698153063,10.516163034909592,6901028162876,202510
7.728875600034753,7.8854734311750585,6.918521575894759,7.6448413887060935,9.176867780672067,7.896245692947937,8.10571595925507,7.330749335049378,7.331682456330924,7.601631403337802,6901028162876,202511
6.500843386549741,6.673891980115378,4.851465356899928,5.986424484784909,6.14453363928868,5.772749193212875,5.521149644078905,5.951016157218185,6.348311159505453,6.032809550729415,6901028162876,202512
9.95671525446695,11.398563010284898,9.868781663328662,10.180091890998769,11.62211777071983,9.96510831849039,10.498211213707783,10.928125830720287,10.523822432604659,10.285444689515204,6901028162876,202601
12.531374642014509,13.593523669599954,12.020489234217743,13.108710814170992,12.928015142642398,12.472292099332147,13.180139028010604,12.92690885192975,13.030142841921833,12.439824576385035,6901028162876,202602
11.330496963505421,12.823602029597323,12.381721654605617,12.96094825194648,12.337859043662474,12.151296073354176,14.038361042352928,13.057228656302305,12.132356906164201,12.864015562017604,6901028162876,202603
11.024149775106476,11.749473671486513,11.171700743105147,12.345058612819384,11.770227388004066,12.466898195259706,13.218336136604574,12.880030989665745,11.30722773345435,11.218207364936523,6901028162876,202604
11.728764644142673,13.226348506845113,13.313249958392005,11.684176710363506,14.047140521031988,13.072341437285303,13.674875656025725,12.73739554358448,13.370574000993457,11.11324660589119,6901028162876,202605
13.270430228083947,14.225623578236563,15.677230357751652,15.928364083190422,15.56680872510584,15.40110927379139,15.905413413108974,15.643880390178424,14.364690313536618,13.919477990720516,6901028162876,202606
2.5255732333548497,1.6300101670042844,0.9161329434620913,1.2449717687819906,0.975080157536153,0.1189045597536027,1.134192784681207,2.122399206834384,1.360281084491478,-0.7374229853105954,6901028164177,202501
4.099965268545615,3.6517342670920607,5.177101657835597,4.9225868756337015,3.578017351249168,4.601349620559269,3.8378712132923942,5.144941417209801,3.872860830045647,5.989403766465,6901028164177,202502
4.9518806867503775,5.317027524317498,4.983798505797362,4.025649454611577,4.05635911724864,3.01010092540158,4.513618312282104,4.233146087633563,3.724253546820624,5.326094858208571,6901028164177,202503
6.2986892812993736,4.927890665638515,5.661528411405448,5.127669972459991,3.8114999500183866,4.491224055616003,5.050227802594859,4.8234998096941775,4.078296935564576,6.912655747655295,6901028164177,202504
4.925103129075036,4.326611165479597,6.097305225823144,5.30589765972783,4.446203754643242,2.8895529622159084,3.8393353247087254,5.271675378830527,4.109533362881464,4.942249943830424,6901028164177,202505
4.9475834028333585,3.5291672639179446,4.18257870518927,3.9133847744886165,3.5042801069201213,2.439522885671852,3.757871557349739,4.716132160805642,5.102274082547137,5.4721579187495255,6901028164177,202506
5.259176780078878,4.7505710796715075,5.209051696617775,5.767513226573373,3.4839166163069923,3.7352345333618144,3.8806438106624443,6.540877185316828,3.6689444441735963,5.442713206649031,6901028164177,202507
5.395887062671647,5.013673853594456,7.118785835707343,6.090095951883472,4.510951879422441,3.5653365740144563,5.057166171021698,5.044067898274106,3.685167966479902,5.908404475705211,6901028164177,202508
4.828171587301348,4.993644879245699,5.894788603604715,5.9843295346541945,4.216364285254832,4.179144735075172,4.846574609912383,6.272703685161537,4.144106412478226,5.669014671726726,6901028164177,202509
4.096304935924691,4.744548655536674,5.388450424360681,5.853269869694791,4.274974224178555,5.259796759155817,4.211302345850379,6.986457655542435,4.592203447214114,7.209776632273803,6901028164177,202510
4.424590968228053,3.770388186592781,6.47093638115143,6.270135461524896,4.334438516990457,4.51723338609071,5.193149405568861,5.8874661490686195,5.671144162072552,7.457685935293646,6901028164177,202511
4.363098716526311,5.065306639107983,6.73643209916983,6.432083188537413,5.380316249772318,4.2469206944696385,4.510076845317092,5.819530648869884,4.595642398810565,6.818798435792313,6901028164177,202512
4.685441902117984,4.255623263100402,4.93613159370015,4.546384264311919,3.1478783823648353,4.2397830119265,3.6110193933752264,4.177870956842818,4.104386520836941,5.957250819687477,6901028164177,202601
4.626377803850714,3.7258190051776023,4.573373886269656,5.394325059832035,3.7742574913940343,4.75164445284279,4.418321308722407,6.140146430674143,3.907745556011813,5.14079854546376,6901028164177,202602
4.962623490889007,4.812983667298701,5.717685558577126,5.337030938951329,4.266202962504093,4.2909575170669285,3.881559813183153,5.4754796204039575,3.7068873467386076,7.083554703505311,6901028164177,202603
5.12964640550606,3.7678309275348294,4.469697179552974,4.87513631451396,4.0859369468069815,4.089315354002416,4.1652588884084185,5.0155591946678815,4.972308411729202,7.550256503270298,6901028164177,202604
6.2986892812993736,4.927890665638515,5.661528411405448,5.127669972459991,3.8114999500183866,4.491224055616003,5.050227802594859,4.8234998096941775,4.078296935564576,6.912655747655295,6901028164177,202605
4.430636662675324,3.486670254303168,3.418865695289033,3.9797936828568004,2.3908263243103125,2.8306212827662005,3.907958935692742,5.273385505913696,4.498531406731485,3.39308458729897,6901028164177,202606
2.28413769781778,1.8988637786984743,0.40693936687730714,1.2820792459234185,1.308879681066836,0.1334845637501585,0.9208781770286052,2.168530174715722,1.337172962954985,0.21397255262189308,6901028165242,202501
4.072840273742205,3.244512026441579,4.876951993545447,3.9161729711371,4.634917450379501,1.1946596190280392,3.7889888323816665,2.5415391474367612,3.8672498790581633,3.480645680212139,6901028165242,202502
3.482793650490303,4.210368963550642,2.3744789777740536,4.4873975421541665,4.833608686233947,3.22130766586754,4.254008671070454,4.677929550399352,4.286542389958512,3.8695346782385998,6901028165242,202503
0.5747345483724691,0.013430835786692935,-0.6574637241859375,0.9770212796676497,-0.6227072218541632,-1.0657038974956947,-0.17038767372763547,1.4930159286128315,1.739767565613665,0.5748181924811426,6901028165242,202504
0.5747345483724691,0.013430835786692935,-0.6574637241859375,0.9770212796676497,-0.6227072218541632,-1.0657038974956947,-0.17038767372763547,1.4930159286128315,1.739767565613665,0.5748181924811426,6901028165242,202505
0.5747345483724691,0.013430835786692935,-0.6574637241859375,0.9770212796676497,-0.6227072218541632,-1.0657038974956947,-0.17038767372763547,1.4930159286128315,1.739767565613665,0.5748181924811426,6901028165242,202506
2.4384747647078853,1.1752430310653268,1.2775154717414778,1.675308264246906,1.8735033534002277,1.5613402319807284,2.7272246186837337,1.3351682398518352,2.770986783828917,0.6799566936160542,6901028165242,202507
0.4571585592469175,-0.5004955801579395,0.3907759288484638,0.8365026429434251,-1.4479596808612518,-0.33609959814915147,-0.755153888678681,-0.31789618697790234,0.7304265581804654,-1.2769141320914963,6901028165242,202508
4.453657439658144,4.241988553219613,3.205666374512872,5.882006278369465,5.653218064298575,5.040192518160536,3.801464860988628,5.119077301374513,6.117314640658598,3.070805184599094,6901028165242,202509
8.530979876875115,7.8609877502502385,9.357400320257232,10.284963117208465,8.454112315863966,8.83811822095593,9.953422330647413,9.447950206452724,7.843771072859433,7.657568405230073,6901028165242,202510
3.0414668542407717,2.379634179002728,1.9081136600030932,2.9043648187016102,2.2563365942028066,2.5150549242934916,3.3195954696930987,2.6159128641242084,3.379553150379554,1.6072781686311584,6901028165242,202511
3.552201562019999,2.52431932632447,3.121270136532173,4.121003841714726,2.896891015640471,2.6416899683868356,2.629847978259612,2.535960242715282,4.75045619436185,3.6915320429400484,6901028165242,202512
2.3918891587143376,0.17098551157373187,1.1317808708576576,2.2630923661973057,1.5392308949223565,0.2921672039514576,-0.023383317786175944,-0.263359249818199,0.6310415637539546,0.7285946581905203,6901028165242,202601
1.9587291692230577,1.7960702969892075,1.9331242268240965,1.9393675904854022,1.4759358249896035,1.7617071127571724,1.428275802214072,1.1284750311008198,1.934293651352959,1.6784660786687815,6901028165242,202602
5.1737819118765165,2.865094010309563,4.0148914003448875,5.234625320254415,5.0577127467669465,2.542513889186358,4.375371605446045,4.375263080821445,3.7485975326647045,3.930211826797243,6901028165242,202603
3.2845391774242363,2.3135206236982033,2.1140866119618527,3.7943397326902573,3.4827223170354173,2.1927145074846788,3.2964795828506115,3.070343921104727,3.616126713453394,2.9424994788101424,6901028165242,202604
3.929685783971299,2.9317213121669776,3.1056845530611286,3.603261062766367,3.7574203432413693,1.6521367815813357,3.7081622940639845,2.7125838663236563,3.8789365611633713,3.0321735006149293,6901028165242,202605
2.439167538453357,1.684782694635182,2.071354127860482,3.510339684190155,2.815362902031192,1.8066348545175843,1.61586042556804,1.7114419538321268,2.4421053717649794,1.628967820179964,6901028165242,202606
0.367403545833051,1.4122749817828573,-0.5006672368936194,0.4643536224552771,-1.3272967236094428,0.2568575629013189,1.5159739932811263,-0.9334689021199682,-0.9696490989344171,-0.044985815657473616,6901028165365,202501
3.934609220772169,2.8572207689511497,3.1963647830188036,3.086754330229277,1.6487143033122749,2.8573478700411066,3.26567810237977,2.729554900419663,4.192568929598056,3.7478438794537583,6901028165365,202502
2.1724023306017566,1.0020356417770153,1.6798506235986999,1.247137162733611,1.849027671175611,1.5381923748476098,1.3063370454871557,1.7527994597256145,1.9637556801753266,1.0653628235114068,6901028165365,202508
5.585893023054886,6.863238528549421,5.966989289466182,4.677980689446195,4.05466941680451,5.200581770280072,3.9865592748806287,5.540875516004406,5.560126110313158,6.713395719554701,6901028165365,202509
0.8362363330160825,0.27009468384820323,0.7925422546251586,0.767711763042791,-0.08017115604150571,0.8478944700293619,0.2757723079936045,0.30843384829975395,1.231109020588359,0.1588033392746131,6901028165365,202510
2.9898312015568775,1.7343180374577343,2.5878843894531665,1.4552342436698718,1.1731399743070292,2.3363667716874024,2.157030888363446,1.512714860752594,3.4141377251795513,2.319680206849223,6901028165365,202511
0.8362363330160825,0.27009468384820323,0.7925422546251586,0.767711763042791,-0.08017115604150571,0.8478944700293619,0.2757723079936045,0.30843384829975395,1.231109020588359,0.1588033392746131,6901028165365,202601
0.367403545833051,1.4122749817828573,-0.5006672368936194,0.4643536224552771,-1.3272967236094428,0.2568575629013189,1.5159739932811263,-0.9334689021199682,-0.9696490989344171,-0.044985815657473616,6901028165860,202501
4.733570341095587,1.9545942466412054,2.9033699704386877,2.8738006188792693,1.5365904965495447,3.659216339218122,3.1497096023030404,2.268705900765524,4.755934445574715,3.7768392526044985,6901028165860,202503
2.5946859982442887,2.183280096304135,2.523958711715768,4.062209969848217,2.747972597109785,3.8253880659167296,2.0374246984523943,2.6979186899357153,2.2838287906564374,1.779425988250916,6901028165860,202506
0.3098377555000831,0.8697463944756492,1.506257556436062,1.180302342269898,-0.7995010440845077,0.6197019281847834,0.42485703856968,1.93298596717391,-0.5007629801534051,0.21200128446045596,6901028165860,202508
4.3283263382756445,6.267852490748703,5.1123631507011575,3.7340955435859993,3.83183617728427,2.438992417352061,2.1570729808838864,5.883569231953528,2.2607431546235923,8.055838149429057,6901028165860,202510
2.7056792751126544,0.8059801245487881,1.2896586237020602,2.2739174404938707,1.4864742050849127,2.1199305593376385,1.8003507213526153,1.0127847699649555,2.926391126519386,2.0924306930343946,6901028165860,202512
3.2429235129867386,1.5065719355872023,2.709494574939552,2.929858439141001,1.9206517731847637,3.0976682358731473,2.473332893135034,2.225613728939993,4.435572837363992,3.2640301844171926,6901028165860,202601
3.112535973722819,1.821487188171977,3.0840847264614233,2.651395074715795,1.1476571412448595,2.530267138074529,3.2203613876869714,1.849768667472924,4.110773418346165,3.4678231256743386,6901028165860,202603
3.6683498186421746,2.0544583511196075,2.476519800427657,2.2546563277566642,1.9311762243360768,3.0355082015226555,2.668153666439457,2.2169928881308927,4.602005314668295,3.0249320432043842,6901028165860,202604
3.962839379203858,2.238805416368066,2.2909725517146207,2.658433291339924,1.7431569191437442,3.2750177120392845,3.0167413348399625,2.049634121593221,4.986049323220048,3.293433443201545,6901028165860,202605
1.7994546694505542,2.4402592494766435,2.460492609385183,3.1498752004320307,3.2475643538299463,2.9654077803778165,2.1805421726011236,2.817099954288791,2.0445943336361068,1.4662256995859415,6901028165860,202606
2.28413769781778,1.8988637786984743,0.40693936687730714,1.2820792459234185,1.308879681066836,0.1334845637501585,0.9208781770286052,2.168530174715722,1.337172962954985,0.21397255262189308,6901028165921,202501
0.02744870388248022,0.13805305707592302,0.6663794392298101,0.5796643239049615,0.9679188217714916,-0.41346157697780445,1.9004811318173545,0.1669386948597027,1.5990940351029566,0.5054706761110828,6901028165921,202502
0.8955244753498519,-0.9707661166863303,-1.7615497826438273,0.8355582736809606,-1.7193808600989122,-1.4531278390506908,0.4977620358861838,1.3506157451327974,1.5329562028917092,-0.36096996515313506,6901028165921,202503
0.8955244753498519,-0.9707661166863303,-1.7615497826438273,0.8355582736809606,-1.7193808600989122,-1.4531278390506908,0.4977620358861838,1.3506157451327974,1.5329562028917092,-0.36096996515313506,6901028165921,202504
0.8955244753498519,-0.9707661166863303,-1.7615497826438273,0.8355582736809606,-1.7193808600989122,-1.4531278390506908,0.4977620358861838,1.3506157451327974,1.5329562028917092,-0.36096996515313506,6901028165921,202505
0.8955244753498519,-0.9707661166863303,-1.7615497826438273,0.8355582736809606,-1.7193808600989122,-1.4531278390506908,0.4977620358861838,1.3506157451327974,1.5329562028917092,-0.36096996515313506,6901028165921,202506
0.8955244753498519,-0.9707661166863303,-1.7615497826438273,0.8355582736809606,-1.7193808600989122,-1.4531278390506908,0.4977620358861838,1.3506157451327974,1.5329562028917092,-0.36096996515313506,6901028165921,202507
0.8955244753498519,-0.9707661166863303,-1.7615497826438273,0.8355582736809606,-1.7193808600989122,-1.4531278390506908,0.4977620358861838,1.3506157451327974,1.5329562028917092,-0.36096996515313506,6901028165921,202508
0.8955244753498519,-0.9707661166863303,-1.7615497826438273,0.8355582736809606,-1.7193808600989122,-1.4531278390506908,0.4977620358861838,1.3506157451327974,1.5329562028917092,-0.36096996515313506,6901028165921,202509
0.8955244753498519,-0.9707661166863303,-1.7615497826438273,0.8355582736809606,-1.7193808600989122,-1.4531278390506908,0.4977620358861838,1.3506157451327974,1.5329562028917092,-0.36096996515313506,6901028165921,202510
0.8955244753498519,-0.9707661166863303,-1.7615497826438273,0.8355582736809606,-1.7193808600989122,-1.4531278390506908,0.4977620358861838,1.3506157451327974,1.5329562028917092,-0.36096996515313506,6901028165921,202511
0.8955244753498519,-0.9707661166863303,-1.7615497826438273,0.8355582736809606,-1.7193808600989122,-1.4531278390506908,0.4977620358861838,1.3506157451327974,1.5329562028917092,-0.36096996515313506,6901028165921,202512
0.367403545833051,1.4122749817828573,-0.5006672368936194,0.4643536224552771,-1.3272967236094428,0.2568575629013189,1.5159739932811263,-0.9334689021199682,-0.9696490989344171,-0.044985815657473616,6901028169967,202501
4.579997166469224,2.9906785289222753,3.941122288045802,3.6853184172347317,3.5906254299068654,5.385025285788772,3.549354435107726,4.609622823688218,4.30889808044631,3.9624992566914226,6901028169967,202503
2.756362809687659,1.0125376957128833,2.4344347311851884,1.813254332800372,1.4684070454835663,2.22441174757094,1.3557185910181357,1.6955075321714579,1.9194462721438454,1.720906621524956,6901028169967,202504
0.36541245598724525,0.9517051435737313,1.296424351716687,0.22156155034619163,0.17004018144768845,2.1050729384401436,-0.6625330186590942,1.7324422120532534,0.8748891312088721,0.6168376503348358,6901028169967,202508
0.6623150991412421,2.5277033240817506,3.89576606319731,2.1539164120352488,2.365301706966968,2.2705941320105723,1.44947097186705,3.101615632012161,1.6094516093522173,2.40622311976247,6901028169967,202601
-0.9356812660314617,-0.25087321568291454,-0.20869549160029044,-0.5843510029573075,-0.3717307758389914,0.5279666700415767,-1.0719024397555383,-0.01956199808340764,-0.3204088902579654,-0.0660271702236136,6901028169967,202602
3.110007066463101,1.1806006935763784,2.989391054895359,2.602460603170816,0.38539103875671377,3.254778230168468,3.0200181404081015,1.5615939475530543,3.4378489094137916,3.0433582839294764,6901028169967,202603
0.28515005945359717,1.2853036272550313,1.1640155747660934,-0.09055984282174162,0.33025911280313075,2.0597063138200253,-0.007668007332006455,1.1894354929148616,0.5655237217475589,0.6365687170644538,6901028169967,202604
1.5295066412280833,0.4716459231085685,1.1081473956941372,1.004672285339868,0.5491007387072498,1.365688575318735,0.397822097448772,0.4869952506636723,1.8882015618133519,0.41183853633352996,6901028169967,202606
0.367403545833051,1.4122749817828573,-0.5006672368936194,0.4643536224552771,-1.3272967236094428,0.2568575629013189,1.5159739932811263,-0.9334689021199682,-0.9696490989344171,-0.044985815657473616,6901028172509,202501
7.861920111494267,7.2977917711583755,8.181908060962243,8.499158359676546,8.388235695449612,8.291876728835724,8.480920153514635,8.530523618320759,7.049753276665424,6.832249661842433,6901028172509,202502
5.5078988963087525,6.859637519972832,6.429515437935573,7.0443148624875,6.626513035858323,6.540787480898061,5.902313733845133,5.937726273857519,6.220777205921777,5.403206710873258,6901028172509,202503
4.0263793425277905,3.3306201142512704,2.7222277752122492,2.6945982878260186,1.8778601989149002,2.763662119958144,3.0141069298814083,3.7684724585800913,4.1547444062178265,2.926292190339235,6901028172509,202504
6.438543732252462,5.651625739458802,6.276007857483331,7.800928333097736,5.513810172850681,4.755631046062113,5.973567509826667,5.792533032673761,6.550850250656215,5.414482523507238,6901028172509,202505
7.498299853422253,6.718206773547899,6.963890495544588,7.261558713249405,7.068107420465538,6.477998763058798,6.640347214216,6.855318827697026,7.134736091096411,6.685249684082508,6901028172509,202506
6.798680008786016,5.583863492262218,5.201178428871217,8.0758973900838,5.853745336801825,5.326233588820058,7.075881530850823,6.897634576988782,7.24661170777918,5.654386142327816,6901028172509,202507
7.057818619845202,7.427948506079475,7.602223666575251,8.62344424386148,8.897390951734533,6.520394396684849,8.037533383181714,8.520336157529785,6.997217100073965,7.001363577775863,6901028172509,202508
3.8962291132346785,2.9141120657850337,4.0566004227791685,3.933353693483239,2.7825706118392026,4.055089359676023,3.492468525101985,3.128821024734422,4.802336879308863,3.8055650249152935,6901028172509,202509
6.400871773987104,6.760536145941949,7.215810713532345,5.43373321867664,6.3417741314050735,6.373883835870898,5.648675188752401,7.90272244258842,7.481142796454936,6.3671689094143,6901028172509,202510
5.297743319078286,3.6933047384256183,5.6212822115922245,5.8678630429003285,4.716638428623232,5.108415030549167,5.516931850164971,4.208624279149692,5.58467052807301,4.6621179839891145,6901028172509,202511
5.584423045957181,6.2005711892326545,7.141758293544753,7.469234788629721,6.892978021153219,7.041593053986282,6.125287548594235,6.289882858822817,6.741235544556885,5.286888238735272,6901028172509,202512
5.152087747547824,4.153420345020673,4.796614862409404,5.081728426594274,4.150356070612414,4.280758394635579,4.022431030919175,3.8093160166599014,4.067907304064931,4.119053282293873,6901028172509,202601
7.840262748793179,7.6495327220612666,7.669138610414294,8.020731721700194,8.16794284790246,8.420745527989583,9.505755359942226,8.828843701289404,8.299002090678034,7.551977197413829,6901028172509,202602
6.610570342103218,6.838411751782055,6.6173928054038695,6.385398163070727,6.286457395511374,6.517939262580562,6.605468406398096,6.972953188498495,5.530699978665205,6.62250725835498,6901028172509,202603
5.431763251248222,4.678662453664979,4.581825687376563,3.9318369371882933,4.691682466379089,4.488784156076711,5.382609894633064,4.632856888389664,4.1036224390594285,4.727275600083851,6901028172509,202604
5.231565174727533,4.741876034668561,3.744641709453582,4.468951002636209,4.427451224626315,4.371769394863465,4.776170910311382,4.407363353924357,4.4715361434971,3.9813808821748413,6901028172509,202605
3.643213169517859,5.547741833943479,4.240769253468657,6.720081653138654,5.436377484408878,5.093209714631394,5.046588134881936,5.623942476268448,6.256484276322124,4.105514150309087,6901028172509,202606
0.367403545833051,1.4122749817828573,-0.5006672368936194,0.4643536224552771,-1.3272967236094428,0.2568575629013189,1.5159739932811263,-0.9334689021199682,-0.9696490989344171,-0.044985815657473616,6901028172936,202501
9.490917654818949,9.212512994676194,10.107006229709373,9.83164247469717,10.10976004997327,9.701478514356445,10.677510573032011,10.34077867623482,9.20513960782956,7.820518341975881,6901028172936,202502
2.598962163445905,2.6958197209409085,2.4414905811130883,3.693960304725357,2.955429741472328,2.5414726837190402,2.9341487264194552,3.555630849121441,1.961110421669169,2.599922792831944,6901028172936,202503
0.6904894036652941,-0.6649433685541424,-0.001777365923118862,1.520743190543684,-0.5014735456106187,-0.48304421892503907,0.3196717905135871,0.001740085249102838,0.2171292942736803,0.4634194159707018,6901028172936,202504
4.8090112113672046,4.113972791637239,3.715665588348517,3.5666611939554613,2.8051421155888034,3.66010178629344,4.356158752963793,4.436401905217716,5.692815146038774,4.436429325421631,6901028172936,202505
3.0879955761880207,2.100109940720965,2.704923044543579,3.074739499031479,2.2534435973639897,3.5467658356841048,1.2681300083015272,3.4966987851399276,4.1087165837738695,2.571236899240629,6901028172936,202506
-0.9490114750830037,-1.5535331207373022,-0.17654205216881924,-0.22469412897591978,-3.150373122336347,-1.1472655327769412,-0.4452138477463319,-0.3870763675578176,-0.5818582600042054,-1.1136134220190264,6901028172936,202507
5.354735951668135,5.52440930927849,5.462244158212871,6.919486094234883,7.335628858897362,6.315659184367897,5.649799388913368,5.578692569967357,6.570577369571675,4.833972107952476,6901028172936,202508
-1.1707500813721758,-0.6470375047422181,-0.6214561729750578,-0.3456244564160633,0.3973381527999726,-1.491839930524136,1.1567853608918761,1.6679298229533235,0.10442286663635561,-0.13918103469379894,6901028172936,202509
2.33610077959638,1.5241577597334075,3.5235388315848013,3.404463124348377,1.9065795212117471,1.02330947467021,2.266059659965117,3.4901186449089994,1.2027342011477702,2.4009086381243314,6901028172936,202510
0.6904894036652941,-0.6649433685541424,-0.001777365923118862,1.520743190543684,-0.5014735456106187,-0.48304421892503907,0.3196717905135871,0.001740085249102838,0.2171292942736803,0.4634194159707018,6901028172936,202511
0.6904894036652941,-0.6649433685541424,-0.001777365923118862,1.520743190543684,-0.5014735456106187,-0.48304421892503907,0.3196717905135871,0.001740085249102838,0.2171292942736803,0.4634194159707018,6901028172936,202512
1.0107479290651726,2.4155629915789207,2.853253297960586,2.145700695094982,2.0376841451576535,1.2718386541980387,1.5012629256299754,2.873426199660776,1.634528980247878,2.51093588349537,6901028172936,202601
2.161783573759029,1.702897072549294,1.9531627187334963,2.3305808105374632,1.0285085032155397,1.8444505187314735,1.877778110294663,2.073379748944287,2.0713383998190507,2.7695882859020142,6901028172936,202602
0.6904894036652941,-0.6649433685541424,-0.001777365923118862,1.520743190543684,-0.5014735456106187,-0.48304421892503907,0.3196717905135871,0.001740085249102838,0.2171292942736803,0.4634194159707018,6901028172936,202604
0.6904894036652941,-0.6649433685541424,-0.001777365923118862,1.520743190543684,-0.5014735456106187,-0.48304421892503907,0.3196717905135871,0.001740085249102838,0.2171292942736803,0.4634194159707018,6901028172936,202605
0.6904894036652941,-0.6649433685541424,-0.001777365923118862,1.520743190543684,-0.5014735456106187,-0.48304421892503907,0.3196717905135871,0.001740085249102838,0.2171292942736803,0.4634194159707018,6901028172936,202606
2.28413769781778,1.8988637786984743,0.40693936687730714,1.2820792459234185,1.308879681066836,0.1334845637501585,0.9208781770286052,2.168530174715722,1.337172962954985,0.21397255262189308,6901028177153,202501
7.557227074176552,6.020838352573153,5.371116336472946,5.388430993829604,4.489402257874215,4.7669176965017845,5.595003570962492,5.497528757098961,6.83377834268733,5.880783546056169,6901028177153,202502
1.6157607622064591,1.954292456970107,2.1549256630704523,1.9326423261495487,2.493113276165782,0.28003087821200234,2.9313115809685364,1.3612923620842956,1.3758861365741848,0.2866860905257636,6901028177153,202503
3.401104831051672,2.9158426462508746,2.420149749239113,2.723703978914479,0.5344374429003754,2.084707514330184,2.3915667358122525,3.0513794959704224,2.580743507948626,2.341984784383888,6901028177153,202504
6.444085191391633,6.281608447027589,4.735522737025424,4.957429429361973,4.849396135516041,3.800061273717128,5.626256927665991,4.458935450288099,4.903889227099238,4.52887397223826,6901028177153,202505
3.8154265219755628,3.223954435648778,2.544871596998393,3.1388396818742996,0.754752647528945,2.407020664231985,2.450146613172289,3.150978417628446,2.9617169355754904,2.2299210501881666,6901028177153,202506
4.357738078313017,4.3492886121217715,2.855752710341159,4.552965680646671,4.112333578876323,3.6222479227357733,2.884611753183923,3.3124169903829754,4.004444158922121,3.149476861009392,6901028177153,202507
5.515846226249266,5.631798060964488,4.196599536293737,6.041422484674046,5.218543869656889,3.5400534104519057,4.818634148553636,5.102287888433903,4.750545537556095,3.6795116470197784,6901028177153,202508
0.20019295695120098,2.6153281508309636,-0.8430671505746554,0.7754012956142403,1.5175270547077258,-1.4979875930943876,1.4736351822770435,1.2584429533613288,-0.1321007485096094,1.7419675699640718,6901028177153,202509
0.20019295695120098,2.6153281508309636,-0.8430671505746554,0.7754012956142403,1.5175270547077258,-1.4979875930943876,1.4736351822770435,1.2584429533613288,-0.1321007485096094,1.7419675699640718,6901028177153,202510
3.2509337498441058,3.3207317340853515,5.428094256572431,3.004719119368601,1.152271455548723,1.2543223180309981,2.816829106313064,4.28814920823902,3.639682741518648,2.862428597188186,6901028177153,202511
4.866796234313466,4.021258421949047,5.430913212926145,2.6459331737908096,2.3215189168978836,3.7791580583136533,3.899207450622906,5.171733184025465,5.968234073503574,2.398343814957501,6901028177153,202512
4.866796234313466,4.021258421949047,5.430913212926145,2.6459331737908096,2.3215189168978836,3.7791580583136533,3.899207450622906,5.171733184025465,5.968234073503574,2.398343814957501,6901028177153,202601
-0.13712401347823655,0.9377175238116057,0.524507987691266,2.040419094106071,1.3124429272015412,0.5214570174528707,3.470605195490425,3.3959554948274375,0.2810305233885967,1.3565306379164574,6901028177153,202602
4.866796234313466,4.021258421949047,5.430913212926145,2.6459331737908096,2.3215189168978836,3.7791580583136533,3.899207450622906,5.171733184025465,5.968234073503574,2.398343814957501,6901028177153,202603
4.866796234313466,4.021258421949047,5.430913212926145,2.6459331737908096,2.3215189168978836,3.7791580583136533,3.899207450622906,5.171733184025465,5.968234073503574,2.398343814957501,6901028177153,202604
4.866796234313466,4.021258421949047,5.430913212926145,2.6459331737908096,2.3215189168978836,3.7791580583136533,3.899207450622906,5.171733184025465,5.968234073503574,2.398343814957501,6901028177153,202605
4.866796234313466,4.021258421949047,5.430913212926145,2.6459331737908096,2.3215189168978836,3.7791580583136533,3.899207450622906,5.171733184025465,5.968234073503574,2.398343814957501,6901028177153,202606
0.367403545833051,1.4122749817828573,-0.5006672368936194,0.4643536224552771,-1.3272967236094428,0.2568575629013189,1.5159739932811263,-0.9334689021199682,-0.9696490989344171,-0.044985815657473616,6901028177214,202501
4.3283263382756445,6.267852490748703,5.1123631507011575,3.7340955435859993,3.83183617728427,2.438992417352061,2.1570729808838864,5.883569231953528,2.2607431546235923,8.055838149429057,6901028177214,202502
4.3283263382756445,6.267852490748703,5.1123631507011575,3.7340955435859993,3.83183617728427,2.438992417352061,2.1570729808838864,5.883569231953528,2.2607431546235923,8.055838149429057,6901028177214,202503
3.1919612242488347,3.2476898082157244,4.450725036328178,3.7823977296642486,3.726060824341295,2.184312257143084,4.23452964961086,2.6021955714493075,2.748466109995421,2.990902284383708,6901028177214,202504
2.2933299861554515,2.3448578003006304,2.7842463490995515,2.74578168597858,0.530751231126041,2.1534651985600286,3.17792797037287,2.1233695385294125,1.875436330311516,2.9536264282806926,6901028177214,202507
6.830619023582625,5.9593773498238765,6.435393115825876,6.384010561678462,5.4266232694758205,7.364797365201815,5.5604003790609084,6.63665601097541,7.563010107324769,7.129060832620601,6901028177214,202508
2.6290101570509847,1.7330211659456363,2.4730830393173493,2.757484283968666,2.8422017405271807,2.351782740546102,0.5800626412418858,3.5864454026996295,2.0462648038973246,1.5708014859664199,6901028177214,202509
4.96327148271425,2.007626679851427,3.440689028146717,3.572077910693882,2.077472589744694,3.619271832115242,3.5700799706819772,2.3372281730204385,4.684428779306775,4.821728051559434,6901028177214,202510
4.828075123410315,2.185053279264015,3.5509523690842713,3.417651075193607,2.0364192971681137,3.4465154475915405,3.4830859825722795,2.327227660529472,4.5551502172655995,4.807312011315666,6901028177214,202511
2.7637645342692245,0.6030331124377583,1.3321835943200544,1.5422537794604865,2.100781747418082,0.5891019991139845,0.4621329284719183,0.720317332560903,1.229008830296162,0.8510397850155494,6901028177214,202512
0.3098377555000831,0.8697463944756492,1.506257556436062,1.180302342269898,-0.7995010440845077,0.6197019281847834,0.42485703856968,1.93298596717391,-0.5007629801534051,0.21200128446045596,6901028177214,202601
2.8113664260577007,1.004229640618103,1.863442872872525,1.6679905487802633,2.0252783190868393,1.0384617534442682,1.4905852533206558,1.2391738026050159,1.9149880900855305,1.4457161198289676,6901028177214,202602
0.3098377555000831,0.8697463944756492,1.506257556436062,1.180302342269898,-0.7995010440845077,0.6197019281847834,0.42485703856968,1.93298596717391,-0.5007629801534051,0.21200128446045596,6901028177214,202603
4.779856445858166,2.8542607756809923,3.464150757537047,2.9732196306209304,2.767244545638242,3.575604002980936,3.755722005954458,2.59355164768616,4.737995648195083,3.6156488731906666,6901028177214,202605
2.9366704213961845,2.6444775148711583,3.506071310139477,3.6756471883625057,2.217074343690465,4.1281315482562295,2.119118047979737,2.8334110631356095,2.764155826479087,3.160127013064221,6901028177214,202606
2.28413769781778,1.8988637786984743,0.40693936687730714,1.2820792459234185,1.308879681066836,0.1334845637501585,0.9208781770286052,2.168530174715722,1.337172962954985,0.21397255262189308,6901028177771,202501
0.834224486364834,0.7974077213521775,0.8748199420238018,-0.05332551598354307,0.6568112726008077,-1.5473494827027423,0.5636274013902369,1.4221876656512433,1.1823596877821916,0.6060171993707896,6901028177771,202502
1.3400713824283406,0.08336690870717565,1.3923427812003806,1.343267439045726,0.15451062486026257,-0.7631949992654621,-0.507129121468906,2.364485173985366,1.9631622233178017,-0.09035844461804943,6901028177771,202503
1.3400713824283406,0.08336690870717565,1.3923427812003806,1.343267439045726,0.15451062486026257,-0.7631949992654621,-0.507129121468906,2.364485173985366,1.9631622233178017,-0.09035844461804943,6901028177771,202504
1.3400713824283406,0.08336690870717565,1.3923427812003806,1.343267439045726,0.15451062486026257,-0.7631949992654621,-0.507129121468906,2.364485173985366,1.9631622233178017,-0.09035844461804943,6901028177771,202505
1.3400713824283406,0.08336690870717565,1.3923427812003806,1.343267439045726,0.15451062486026257,-0.7631949992654621,-0.507129121468906,2.364485173985366,1.9631622233178017,-0.09035844461804943,6901028177771,202506
1.3400713824283406,0.08336690870717565,1.3923427812003806,1.343267439045726,0.15451062486026257,-0.7631949992654621,-0.507129121468906,2.364485173985366,1.9631622233178017,-0.09035844461804943,6901028177771,202507
1.3400713824283406,0.08336690870717565,1.3923427812003806,1.343267439045726,0.15451062486026257,-0.7631949992654621,-0.507129121468906,2.364485173985366,1.9631622233178017,-0.09035844461804943,6901028177771,202508
1.3400713824283406,0.08336690870717565,1.3923427812003806,1.343267439045726,0.15451062486026257,-0.7631949992654621,-0.507129121468906,2.364485173985366,1.9631622233178017,-0.09035844461804943,6901028177771,202509
1.3400713824283406,0.08336690870717565,1.3923427812003806,1.343267439045726,0.15451062486026257,-0.7631949992654621,-0.507129121468906,2.364485173985366,1.9631622233178017,-0.09035844461804943,6901028177771,202510
1.3400713824283406,0.08336690870717565,1.3923427812003806,1.343267439045726,0.15451062486026257,-0.7631949992654621,-0.507129121468906,2.364485173985366,1.9631622233178017,-0.09035844461804943,6901028177771,202511
1.3400713824283406,0.08336690870717565,1.3923427812003806,1.343267439045726,0.15451062486026257,-0.7631949992654621,-0.507129121468906,2.364485173985366,1.9631622233178017,-0.09035844461804943,6901028177771,202512
0.367403545833051,1.4122749817828573,-0.5006672368936194,0.4643536224552771,-1.3272967236094428,0.2568575629013189,1.5159739932811263,-0.9334689021199682,-0.9696490989344171,-0.044985815657473616,6901028178105,202501
0.721750881380086,-0.46119889618373777,-0.08719035687679888,0.46121604453272846,-0.464560761300406,1.8686066845635239,-0.12040805220430034,0.19325339916814332,0.6541480440603407,1.2106163672071433,6901028178105,202502
0.721750881380086,-0.46119889618373777,-0.08719035687679888,0.46121604453272846,-0.464560761300406,1.8686066845635239,-0.12040805220430034,0.19325339916814332,0.6541480440603407,1.2106163672071433,6901028178105,202503
0.721750881380086,-0.46119889618373777,-0.08719035687679888,0.46121604453272846,-0.464560761300406,1.8686066845635239,-0.12040805220430034,0.19325339916814332,0.6541480440603407,1.2106163672071433,6901028178105,202504
0.721750881380086,-0.46119889618373777,-0.08719035687679888,0.46121604453272846,-0.464560761300406,1.8686066845635239,-0.12040805220430034,0.19325339916814332,0.6541480440603407,1.2106163672071433,6901028178105,202505
0.721750881380086,-0.46119889618373777,-0.08719035687679888,0.46121604453272846,-0.464560761300406,1.8686066845635239,-0.12040805220430034,0.19325339916814332,0.6541480440603407,1.2106163672071433,6901028178105,202506
2.0488526371876934,2.215702839901943,1.623584941812186,1.2150776923707585,2.0028970456622317,2.97241849495069,1.1807213579329148,1.6820597433445594,3.1679121516850226,2.1925169727629905,6901028178105,202507
0.721750881380086,-0.46119889618373777,-0.08719035687679888,0.46121604453272846,-0.464560761300406,1.8686066845635239,-0.12040805220430034,0.19325339916814332,0.6541480440603407,1.2106163672071433,6901028178105,202508
4.510144912835034,5.793891265669551,5.351628731478463,5.66660675422988,3.721819147675534,4.156867350634107,2.855092307734255,5.674098112452836,5.2463964019802845,7.614893759222794,6901028178105,202509
0.721750881380086,-0.46119889618373777,-0.08719035687679888,0.46121604453272846,-0.464560761300406,1.8686066845635239,-0.12040805220430034,0.19325339916814332,0.6541480440603407,1.2106163672071433,6901028178105,202510
1.636524769036278,0.8048985624311246,1.518051968894267,2.124773344556141,1.6526023807101557,0.7944410065704476,0.8663294417825043,1.301721926806091,1.62741646843619,0.7678223461460709,6901028178105,202511
6.975734402338668,5.775757196050006,6.391497394867685,5.5770889569359765,5.646862349399608,6.401666370974682,5.422122723934185,6.141161921638723,6.922821423387136,5.926276843475159,6901028178105,202512
5.194696624301807,4.499292807616766,4.967635351166293,4.536183306113999,3.664466054362741,3.546687303236978,3.9447076071193905,4.401379762242332,5.098169592802827,4.051938361297863,6901028178105,202601
6.3190928247339055,5.571725712272695,5.7912178926094455,5.530971545140587,5.48902925124621,5.430314659349561,6.387120824805345,6.438492261811953,6.230334871907054,5.646342548685639,6901028178105,202602
4.081328009386249,2.3422110939464935,3.158623528206349,3.301507061635413,1.8478319636751257,3.0590234722794754,2.6823995964820866,3.2684564758949795,3.6753525672342873,2.1838190897535315,6901028178105,202603
3.976951784928885,2.7959649585993627,2.7892144978364146,3.239180304928351,3.6851853297799537,3.8179600441895523,2.668197950921708,3.9111314425847805,3.9980474263198498,3.2736714148261603,6901028178105,202604
4.797092048261553,4.042437697457591,5.267794739764832,5.090702894140108,5.424863057947663,5.729777209107906,5.387686209356791,5.425927118545543,4.875139751344085,4.6872099610640525,6901028178105,202605
5.232060749297485,4.952949883648758,4.5033612079308565,5.192242397166005,5.399216860140643,4.627768933912731,5.83388038972465,5.68824657551333,5.458738078095065,3.896655657758833,6901028178105,202606
0.367403545833051,1.4122749817828573,-0.5006672368936194,0.4643536224552771,-1.3272967236094428,0.2568575629013189,1.5159739932811263,-0.9334689021199682,-0.9696490989344171,-0.044985815657473616,6901028178259,202502
4.038873623313469,2.890691846589863,4.626664477300548,3.0981943164632586,1.8624495419500522,3.4457673960257384,2.1501087703264576,4.193013294181318,3.2285473038188264,1.6661487815727265,6901028178259,202503
4.863738338535925,6.4478222571531685,5.552335331551149,4.468039833081071,4.340702923939641,5.765139813108961,3.5699187736917493,6.223857371658083,4.054902408558581,6.765982551708308,6901028178259,202504
4.863738338535925,6.4478222571531685,5.552335331551149,4.468039833081071,4.340702923939641,5.765139813108961,3.5699187736917493,6.223857371658083,4.054902408558581,6.765982551708308,6901028178259,202505
4.863738338535925,6.4478222571531685,5.552335331551149,4.468039833081071,4.340702923939641,5.765139813108961,3.5699187736917493,6.223857371658083,4.054902408558581,6.765982551708308,6901028178259,202508
4.863738338535925,6.4478222571531685,5.552335331551149,4.468039833081071,4.340702923939641,5.765139813108961,3.5699187736917493,6.223857371658083,4.054902408558581,6.765982551708308,6901028178259,202509
4.863738338535925,6.4478222571531685,5.552335331551149,4.468039833081071,4.340702923939641,5.765139813108961,3.5699187736917493,6.223857371658083,4.054902408558581,6.765982551708308,6901028178259,202511
4.863738338535925,6.4478222571531685,5.552335331551149,4.468039833081071,4.340702923939641,5.765139813108961,3.5699187736917493,6.223857371658083,4.054902408558581,6.765982551708308,6901028178259,202601
3.7158785944036445,3.5517425169564727,4.07770296520852,3.1169676905124586,2.0507354357565335,4.077572799698168,2.665864181463644,3.895605335987249,3.4740998907559435,2.860297796613367,6901028178259,202602
3.4779238996775814,2.4766812151579582,3.9237734364573718,1.6934296793438521,0.42122100258701,2.0588088921807004,1.5213037750403942,2.752164368519785,1.8470663557995317,1.0470194573030078,6901028178259,202603
4.863738338535925,6.4478222571531685,5.552335331551149,4.468039833081071,4.340702923939641,5.765139813108961,3.5699187736917493,6.223857371658083,4.054902408558581,6.765982551708308,6901028178259,202604
0.7559626979611562,-0.8817491308524131,0.5589604792652136,0.987791338332416,-0.06626041534682026,1.6123522872844,0.3782952358352001,0.45882881602572234,0.9027896420290565,-0.21645047890395497,6901028178259,202605
0.367403545833051,1.4122749817828573,-0.5006672368936194,0.4643536224552771,-1.3272967236094428,0.2568575629013189,1.5159739932811263,-0.9334689021199682,-0.9696490989344171,-0.044985815657473616,6901028178648,202501
4.858516337565653,5.065482519283385,6.169165658106332,6.81288149814172,6.004103162657814,6.142482495448047,5.545434519473328,6.316729660613801,6.271598844369848,5.810422629287132,6901028178648,202502
5.786445295275145,5.649280780348147,5.048704005195216,6.620117974673074,4.858697170161934,5.797214147753019,5.7963916714842725,5.905312705035909,5.950624788176011,5.576726763471062,6901028178648,202503
1.935142425551953,0.270176269027368,2.7743400060447767,0.49479241295998255,1.2728493742762792,1.5789141161870641,1.9719719871693222,2.5483168653312536,1.3685862128823272,0.8396284457236279,6901028178648,202504
3.0830273393491674,3.1464846763199494,2.7587608422908465,2.489270705354526,2.867490552646831,2.67400849153381,2.8741134476833086,3.7204367677564725,2.0247089796964746,3.2039065200068593,6901028178648,202505
4.3283263382756445,6.267852490748703,5.1123631507011575,3.7340955435859993,3.83183617728427,2.438992417352061,2.1570729808838864,5.883569231953528,2.2607431546235923,8.055838149429057,6901028178648,202506
2.2083060588405976,0.8299877173506294,2.7369139875536574,0.9732760013453432,1.6414354111825684,2.2273625499906267,2.2830186404061994,3.0930956662051234,1.9912097299436853,1.2868008477945403,6901028178648,202507
3.54675481871007,1.3728172207323865,2.8259639156148024,0.5803975261823625,1.5711673244350153,2.4818341238910797,2.896095797381292,1.9675979501816794,2.3512386189295804,0.9505281462803784,6901028178648,202508
4.3283263382756445,6.267852490748703,5.1123631507011575,3.7340955435859993,3.83183617728427,2.438992417352061,2.1570729808838864,5.883569231953528,2.2607431546235923,8.055838149429057,6901028178648,202509
3.225084946966058,0.7981211437434297,2.441676007259197,0.35073229580802756,1.434135642876556,1.895815397191789,2.556981864482083,1.5279438481566836,1.7921526010273336,1.0155664660497707,6901028178648,202510
4.3283263382756445,6.267852490748703,5.1123631507011575,3.7340955435859993,3.83183617728427,2.438992417352061,2.1570729808838864,5.883569231953528,2.2607431546235923,8.055838149429057,6901028178648,202511
4.3283263382756445,6.267852490748703,5.1123631507011575,3.7340955435859993,3.83183617728427,2.438992417352061,2.1570729808838864,5.883569231953528,2.2607431546235923,8.055838149429057,6901028178648,202512
2.2670489638423224,3.081719874410299,2.951880036570329,2.203499774024218,1.9111330016852524,2.967008097133828,3.1012498156975488,3.9358511789779524,1.3440459231231272,5.2021450377905145,6901028178648,202601
4.560502628561379,4.75907937220403,5.876720649650252,6.238704035769836,6.286504102199032,6.290184308837349,5.12528747784066,5.303440057939694,6.386642127895509,5.278898817792354,6901028178648,202602
5.472413334537254,4.690599876771778,5.044375994572414,4.969800121862637,4.731746094506651,6.095894525993479,5.268951781252489,5.989270528113495,6.4576262469089665,6.097744096630228,6901028178648,202603
2.2210593416825577,2.9161958548223983,2.154651183190659,3.602834700435396,1.2697241822702836,3.7681306785506927,2.2575891617902255,4.522232598268374,2.1713192439238758,4.789170250405104,6901028178648,202604
1.2680415840895263,2.122034328193328,1.7917274584126248,2.2073212894701157,0.26611118770514264,1.7629021564197924,0.8522763781904457,1.759257374161249,0.755869587160743,1.1201845247221507,6901028178648,202605
4.451294192921602,2.4006975382079365,4.113618704681212,4.279572474827418,4.1264999378709835,4.435231081119957,3.653835922402397,3.0157014766026897,4.266607429149826,4.148377203554714,6901028178648,202606
2.3528945299155515,1.87958269990848,1.8272990610784277,2.0689654519457985,1.706687642690523,1.8200419476552563,1.4001734813063114,2.9759648960034846,1.4675965762833978,-0.01553740964288422,6901028179270,202501
15.116301863520086,15.457651271309304,15.257709897304078,14.639874830208068,14.684445141911498,13.472849371586571,14.98324974630163,15.724516045070754,14.300454749010846,14.685314693946104,6901028179270,202502
9.098364781784863,9.37774537797378,9.657664471136941,9.53457412220539,10.04511056180388,8.796808085069815,9.613691279212471,9.10023031302924,9.520423944117196,9.217683679325521,6901028179270,202503
12.084345333137406,12.793327092335751,12.806534674604073,11.783750081967995,12.250340287191888,11.617887678702077,13.419940494747014,14.70619572501818,12.715417016208766,12.558889986138333,6901028179270,202504
11.707954256417535,12.982485226110144,13.639714286307138,11.742258817472738,12.283891918703521,12.566025982144817,13.684248875782288,14.391437062421982,13.012900581372453,12.205946102926042,6901028179270,202505
11.46792885876702,12.039783196093891,12.03940484574368,10.57121982200921,12.183032214270522,11.886643210762287,12.601604714115284,12.980563666015716,11.997256437696983,11.128644794109611,6901028179270,202506
11.735943705061889,12.959610376236498,13.682968916029957,11.619953441374545,12.106531267536056,12.41607067875615,13.42171894764087,14.443134071530997,12.926044757462268,11.998422160072284,6901028179270,202507
8.949914800847349,9.51317744498671,8.83725591025889,8.452217351897481,10.01147249228815,8.336743931355532,8.92942110275385,10.64249375627174,8.911859000013909,9.549731833757333,6901028179270,202508
10.016288534709478,11.33764169486571,11.47578790345471,9.603668931142717,12.382736304818247,10.488492412695598,10.101391989480318,11.926333779609255,10.71943940294254,10.646749176382452,6901028179270,202509
10.764207924409938,11.69253752731649,11.724700460957049,11.414524770017612,12.458105088316804,10.031164362529976,11.654348217157168,12.423519235350197,11.15570570817933,11.443847680915598,6901028179270,202510
15.528838395733723,15.60301529933281,15.991124388951805,14.563471478573407,14.857507354963873,14.572244858546402,15.326105534191433,16.5552905305751,15.099227988018333,14.566233080367311,6901028179270,202511
14.075500014630967,14.522648658755239,13.952602534499068,13.737091421973794,14.47343153463591,12.946753116460984,14.022089274566753,15.083847505440687,13.63717656340994,15.018112192767692,6901028179270,202512
9.060934998973364,10.84506485122091,10.460181664570806,9.059081010277827,11.871356146025358,9.587021603512714,10.35811573586713,10.5806839585279,10.540323561133482,9.977665061599717,6901028179270,202601
16.056303014951627,15.695559962057631,16.473763733691115,14.901123636997674,15.15383552059138,14.592169482792485,15.39571946407073,16.40938251628815,15.217370532908875,14.98882896887808,6901028179270,202602
12.560639434690685,13.168685135965857,13.179069577894179,12.879396390871067,11.817850811715022,12.706885683606725,13.548594044444283,14.97663806385004,12.466739368535508,12.316792468578157,6901028179270,202603
12.766185527244652,13.44427219606132,13.063364038793484,12.825849641240714,12.166213516047412,12.725558714759694,13.380226946729879,15.023051181714958,12.780056741507972,12.389933617899723,6901028179270,202604
8.64355516039231,10.26405079441683,10.127279451527867,9.497840386828745,9.63110725270323,9.977629059658305,10.639946937271086,11.817925721590985,11.023828152562617,9.928613105467209,6901028179270,202605
10.256033553616076,12.119926552422385,11.815901142083447,11.118624519855675,11.617622841245415,11.006955254064536,12.358032101523328,12.507562925317844,12.374648042092119,10.837562416830986,6901028179270,202606
0.367403545833051,1.4122749817828573,-0.5006672368936194,0.4643536224552771,-1.3272967236094428,0.2568575629013189,1.5159739932811263,-0.9334689021199682,-0.9696490989344171,-0.044985815657473616,6901028179324,202501
4.613565802675204,4.557880168522036,5.744467444522281,4.460548614392131,6.410525465623167,5.757484590118242,4.7759188655439235,7.403523337702995,5.65931616754392,4.152356486921207,6901028179324,202502
7.727911632611893,5.976753997272846,8.137690419168916,7.11355535080129,7.498589518507393,7.712297569087107,7.125208003172823,8.286434117948469,7.876783664088353,8.317917927967017,6901028179324,202503
8.017177747101634,6.1096952719905,7.84249246922092,7.57504088254057,7.415174937455436,7.872221215041706,6.820212508802354,7.9971822461656465,7.9379405051201655,7.939029519575789,6901028179324,202504
6.407918261423287,5.558196025790343,6.290918417907166,6.0262415371746325,6.41182088158367,5.620974873535012,5.463809758502381,6.293859520733742,5.250849863341395,5.1938430385367145,6901028179324,202505
3.17547015362701,1.1696287297542909,2.658188655502573,1.1853495813422796,2.1344756207199085,3.447872719099549,2.286042866648563,3.456665596332157,2.476149910979289,2.588563544035466,6901028179324,202506
7.563542553203991,6.702854146886777,7.440402364491743,7.930606777275575,7.629316982882052,8.361972867815282,7.244410388565724,8.664203639192241,8.980919261148582,8.029859869173233,6901028179324,202507
5.732566503694676,6.164278204879003,6.272888112084814,7.636248725217488,4.256100520496144,7.06972174298118,5.860318690976321,6.737145952179838,6.80804219097049,7.274735547297931,6901028179324,202508
1.9466330504478289,3.0674099220359654,2.0475407450363585,4.550602555256842,1.568495118760673,3.7026224082325365,2.1377318876302827,4.822224334200202,1.6223806073174325,4.503941245934666,6901028179324,202509
5.732905417326978,5.487454343745662,5.691033980631725,5.621184004700845,5.368714229752781,7.0463171556550375,5.844008773140969,6.447878905210279,6.6707850793254,6.829745975022554,6901028179324,202510
-0.8994513644893743,1.5591137264206596,0.9341058478859373,2.8107612535792486,1.3507161301899568,2.3345442703125476,0.83173584018216,3.846221938052816,-0.7998761545174922,2.6359125381537023,6901028179324,202511
0.777486321616979,1.5796252588102884,1.9868120936617826,2.8675742101879056,1.8973519119282258,2.9370031186051726,1.985811678861646,3.437773461676987,0.9361316606323786,4.297835609421352,6901028179324,202601
3.852582212767607,3.128614001604338,4.670539079453548,4.567778274949579,4.772317951982446,4.2535865534695,4.228568889197636,6.195547640308179,4.618565566306287,3.811496087840548,6901028179324,202602
5.691479011732117,4.930027132415596,6.13271325688803,5.244054627565692,5.565403321954363,6.273812758152099,6.161192143071711,6.888534845625793,5.912443649022337,5.258436349077326,6901028179324,202603
5.940375581234695,5.291221326682191,6.123963967372405,5.52736557516346,5.674160601664148,5.885130651707369,5.42423876789492,6.680282771172028,5.3212508234848315,5.20762206460983,6901028179324,202604
5.8843101327663705,4.874100291326655,6.190753657213519,4.957547718609693,4.781374913402921,5.395077900874892,4.757519718660749,6.218566451679812,4.701448753514652,5.287102171703692,6901028179324,202605
5.229905182898942,4.809843799467266,6.100859433013497,5.164444641751312,5.6696483365101855,4.77756414607938,4.924559130266107,4.949048363342117,5.1940875773716355,5.305221476278683,6901028179324,202606
0.367403545833051,1.4122749817828573,-0.5006672368936194,0.4643536224552771,-1.3272967236094428,0.2568575629013189,1.5159739932811263,-0.9334689021199682,-0.9696490989344171,-0.044985815657473616,6901028179348,202501
7.08562962799446,6.240066187922611,7.542564680407033,6.834161404791121,7.931485607736136,7.717752031977146,8.168209032981554,8.746142146782242,7.090184049315315,5.614702340304317,6901028179348,202502
7.211727127622531,6.743338576739079,5.658421184260933,6.713988426188178,6.943484838025647,5.568661732338869,6.379035031829621,7.00635900354201,6.12242711107856,5.949492277485343,6901028179348,202503
8.33224947652941,7.937096772971802,8.59482993721264,8.190222644887166,7.645204806227018,9.149997855576196,8.242809487083878,8.298763489782697,8.480011753530357,8.25862670224015,6901028179348,202504
7.137421796613037,5.4688673661005485,6.457411954068681,6.343464791371007,6.009565694096566,5.27292453633698,7.078046720724453,8.132402043710064,6.007671898210061,6.718843488548563,6901028179348,202505
7.055779319118277,6.0746873147874645,7.500400057258327,7.139742836846439,7.548189505032905,8.303617613647413,7.114868236565744,7.658817992807788,8.701400529900969,6.785296581519906,6901028179348,202506
-1.3350319290173334,-0.6729456564823875,-3.911244458526252,-0.5237316357526527,-0.2231746725102975,-2.1535033020754706,-2.227195131074141,-0.3894559983229922,-0.6797362131715865,0.0359277963336781,6901028179348,202507
8.155599893939133,7.686023455017731,7.702093614819528,6.865980941587692,7.093422721653873,7.978902759035904,8.37458349160038,9.234877158573845,6.599904528903277,7.119760688617295,6901028179348,202508
8.994048547667,8.246531168592089,8.642989785430112,7.5797913056320105,8.618126621096026,9.263393342726456,10.259670197844935,9.826342702489134,8.540687039409518,8.118252063364592,6901028179348,202509
7.968343705222983,7.71352320058517,7.489265101891076,7.219084148729309,7.937881220002035,8.414216828138088,9.29923690020223,8.87245180354184,7.428555018550208,6.9789019775887615,6901028179348,202510
7.706016665477835,8.189768373922247,8.90183680980876,8.176830171726746,9.367881940116515,9.938992182154369,9.167894867383778,9.307673932436266,8.070592540072195,7.8707340550886125,6901028179348,202511
7.801427454521933,7.829287911070689,8.457383443912837,7.200769192438685,8.330897596355872,8.94772348880922,9.022910620765728,9.411438057216678,8.296720184005954,7.753254506941154,6901028179348,202512
6.9089882580959205,7.313453738893424,8.649021335850865,9.352206261197583,8.707878439513006,8.231439615693533,9.064698626774671,8.099458045689529,8.359599255897095,8.150150850803573,6901028179348,202601
7.976495815977714,6.732713213044837,6.655361139242485,6.965989020674661,8.302857499220993,7.176078141796654,7.819030892252059,7.888567704359573,6.807332455158457,6.068589631217887,6901028179348,202602
6.971208334972923,5.8366160363825506,6.5945061617016565,7.028920372800803,7.442542972915603,7.7355813672182805,7.966095109873787,7.601898015930446,6.89782473379057,7.294588243798768,6901028179348,202603
7.302919458602486,7.996358177172977,8.582816897544221,7.663621740166204,7.414246745883463,7.213278317990073,10.046835753211345,8.886042349036536,9.293012230219647,8.116464242151185,6901028179348,202604
7.5186908485664485,7.644064523483479,7.842021732522253,8.741554536939386,7.448736413880823,7.918355506189203,8.382539907818924,9.91497827276216,8.938810152076847,7.0499143732979075,6901028179348,202605
6.874468298233508,7.225973366611796,6.452918590062841,7.555244223425171,6.953602685858942,7.117890049168461,8.634129413901,8.640347946860452,7.657731164649401,7.358933789151262,6901028179348,202606
2.5255732333548497,1.6300101670042844,0.9161329434620913,1.2449717687819906,0.975080157536153,0.1189045597536027,1.134192784681207,2.122399206834384,1.360281084491478,-0.7374229853105954,6901028179492,202501
3.1779883121583548,6.06153763271138,5.048122567395362,2.1317051326866445,5.214866696058172,3.680485908542148,1.3648875260094286,6.633792786429671,0.4393567604125742,7.530101974033401,6901028179492,202502
5.604587031239739,6.134260005211413,4.9318834313953195,5.671376039943437,3.9422736432990133,5.353880046573726,4.473316946392894,4.841195512210893,5.873977907451102,5.863884919553701,6901028179492,202503
11.233685884930136,12.109465684304617,12.874685840363123,10.429652044704579,11.05292770881854,11.079177295636638,11.752645970203865,12.96354825090321,12.564018344405405,11.427711042194902,6901028179492,202504
13.00349726808545,13.042688307241702,14.00718485365918,12.132352172687657,12.834281488897105,12.599361249966462,13.147487049385058,13.429577579313849,14.40905860883597,13.071973799194538,6901028179492,202505
12.301722680738763,13.18937971203121,13.54156305111944,12.898206217561652,13.369015786576583,13.489344618796773,14.129607361779996,13.810491492245621,14.444188386586678,13.164736033348856,6901028179492,202506
13.210834220192195,13.97272543113909,14.192193029099066,13.420892905830843,13.50328538768841,13.250851873894007,13.943866445497775,14.5880603036014,14.513563250900084,13.727785994995651,6901028179492,202507
10.096368932741475,11.229266616806143,11.515876921882933,11.483163975011665,11.767312403303409,11.242113429265597,11.820979841945169,12.793224035580186,12.379585980122885,11.791368367106713,6901028179492,202508
12.119515683235049,13.403807217231465,13.802913309768742,12.58553411387731,13.1543054545785,13.035689309264953,14.075733245571527,14.170713050964002,14.048415324616245,13.918672942666529,6901028179492,202509
10.016193107217893,11.193967595756511,12.062797421921928,10.462828792043428,11.477999442830647,10.615722806428758,10.983340280715556,12.330462885727831,12.721947125310088,11.378154019285754,6901028179492,202510
0.6223242694608191,1.6617458311855682,2.564482165100375,2.6231763189788504,1.0397589758736516,3.320051663189397,1.170558632423806,4.144765004398561,1.3549758913467067,3.2654963632818808,6901028179492,202511
0.48577179955161476,1.9539575084798149,2.470889339063185,2.249540653206692,0.9892196708806517,3.158959887554949,0.5537607605434939,4.591522255548603,0.7740111810392365,2.7449551122959024,6901028179492,202512
1.958007151671264,2.1119544479720327,2.952425498501272,3.07648735289993,2.4544944355956546,3.201709623855275,2.404327918007599,4.403432611433016,0.4187178547197573,5.134489527765533,6901028179492,202601
1.3356324403193143,1.4517173648685033,3.563936721652447,2.463079059871362,1.9290796144281965,4.511816566590448,2.0500393702061923,3.0794779020332914,0.6832168835032115,3.1694412731547352,6901028179492,202602
0.13058218800755195,0.9234080308358767,1.7095409551417036,0.8615008949397989,-0.01851944050395593,1.199615401371814,0.5706718485133193,1.4293143970517488,1.106503473199856,0.557531529675505,6901028179492,202603
0.5784516330142119,0.7448702163950589,1.9077642151713698,1.3300362938832158,0.4935169473832277,2.067443521437122,1.2419282347996417,0.8631894364600159,0.8796722510136907,0.65878671886683,6901028179492,202604
0.13058218800755195,0.9234080308358767,1.7095409551417036,0.8615008949397989,-0.01851944050395593,1.199615401371814,0.5706718485133193,1.4293143970517488,1.106503473199856,0.557531529675505,6901028179492,202605
0.13058218800755195,0.9234080308358767,1.7095409551417036,0.8615008949397989,-0.01851944050395593,1.199615401371814,0.5706718485133193,1.4293143970517488,1.106503473199856,0.557531529675505,6901028179492,202606
0.367403545833051,1.4122749817828573,-0.5006672368936194,0.4643536224552771,-1.3272967236094428,0.2568575629013189,1.5159739932811263,-0.9334689021199682,-0.9696490989344171,-0.044985815657473616,6901028180009,202501
4.958003558299911,4.691110816576816,5.33894887983515,4.624749538036447,6.454289066480067,5.1110247878895265,5.115201126166066,7.172625478705223,5.278161684582274,3.937589651241053,6901028180009,202502
7.390444904799362,7.142110597063937,7.628784543440466,7.200563472582622,6.959151661379025,7.839402885788382,7.109639261398071,7.858963920706157,6.736084110685105,8.550895696891873,6901028180009,202503
3.3122273268235705,2.398041787141398,2.4433083480181566,3.7958317537991895,2.1506451447448445,3.9015040691490785,1.924024525196643,3.2315651299027293,2.5508284695353938,4.299957838795933,6901028180009,202504
5.591260596396922,6.2826707520322,6.131478000490056,6.062564459211371,6.0148978672361455,7.307017357051489,5.721301900883623,7.0941147050743245,6.8272075044957425,6.967333165320166,6901028180009,202505
3.637907375175231,2.929353319655436,4.70483660770415,4.0067840120424245,2.7400946359841316,4.433243450598527,2.0568298236742324,4.22385443973023,3.498966508370388,5.125142509152703,6901028180009,202506
3.7416106792563704,2.985476767295946,4.70483660770415,4.0067840120424245,2.7400946359841316,4.298036420058769,2.0388318434964843,4.073577693989654,3.548316949291805,5.125142509152703,6901028180009,202507
3.438653809924399,2.6281559098114604,4.423558208207397,3.9272655117604565,2.5729676424510295,4.046914146592687,2.271510224941775,4.340561015692967,3.311312087306351,4.832648918475313,6901028180009,202508
3.2602546379278894,2.422170720067272,3.9458356691925007,3.8559984276288963,2.6765097139496494,4.024007114355794,2.018404917048803,4.252425355759008,2.9160933840528322,4.711697453160224,6901028180009,202509
2.32369851246683,3.0707475058943805,3.6802181966227137,3.8640458212122755,2.617616553116676,3.108709221191657,1.3121229297557089,4.846533280829693,2.9317951083018263,4.423265910409284,6901028180009,202510
2.3147662084991842,3.1405773895283637,3.7511324078739228,4.299333903282604,2.1737796756482637,3.7125347118269247,1.6380884259728676,4.712613237673741,2.5515167529790066,5.107605060578539,6901028180009,202511
1.9873599691088035,2.6414768673382856,2.907800600745126,3.9868188540857696,2.7173939449603117,3.320812560877084,1.6698046584738637,5.245106389638671,2.641690120801284,5.008640431441409,6901028180009,202512
2.5158557132110793,2.869598837466445,2.336993932701001,3.3648247014079953,3.1883677661030245,3.7648608426016645,1.6070408987408609,4.501708386742529,2.1862701118814423,5.288806310710141,6901028180009,202601
4.283519684568,3.44514637900841,4.5574986425891995,3.0195292056336527,5.251423668342691,4.162953010283305,4.206981174385866,6.222689444594676,4.193613397090535,4.0984223315521895,6901028180009,202602
4.0630482692367496,3.181493094810582,4.206161126783426,3.709566250281668,4.349287365493534,3.6681855482027284,4.443884086742328,5.845439866241441,3.8321874497407316,3.4686092556866677,6901028180009,202603
3.800029959209729,3.812693168752449,4.973922792162351,3.671159457368931,3.885764744030614,3.451929584382038,3.97288449835756,4.597450292464348,4.526036077108466,4.832864036576245,6901028180009,202604
2.378414025568535,3.32377967432811,3.058094049977542,2.7661844335016865,3.88162979281491,2.2901373002030483,3.2844387666234267,4.038411870418748,2.9342129356585747,2.9425021135521763,6901028180009,202605
2.3722424313013577,2.52864021998632,2.8753542270446695,2.9082062682341334,2.9942727641985503,2.2639719016225466,2.997340726244276,3.043835278065581,3.040259917681208,3.2006985711658054,6901028180009,202606
0.367403545833051,1.4122749817828573,-0.5006672368936194,0.4643536224552771,-1.3272967236094428,0.2568575629013189,1.5159739932811263,-0.9334689021199682,-0.9696490989344171,-0.044985815657473616,6901028180580,202501
12.002877063285071,12.350732896477034,12.389928488068781,11.590057659092093,12.174517587848369,12.229038200609015,13.250061212811001,14.344405929146717,11.506028241553748,10.252767509128965,6901028180580,202502
8.043904218725089,8.32484908966047,6.619388165102518,8.464833675106764,8.132640900348928,7.358276692744394,8.784386438608497,7.0348502981794,6.608113771180806,6.8723802326557655,6901028180580,202503
11.56217842784753,12.69218005164919,12.190694899803173,11.725517919013619,10.991899956495681,12.117858846090101,13.009690157610322,13.30755291936079,12.189228951529328,9.792271485194098,6901028180580,202504
10.404108181265467,11.615127352515428,10.485818468937467,10.33130298057619,10.532555466060279,10.035345618230998,11.957373316019162,12.95770206214805,10.547502843545377,9.682593249319407,6901028180580,202505
10.88157890774425,10.909907622511716,11.317493456135391,10.537177309438158,10.822883503365192,10.812610744730458,11.945808588719897,11.623113881731761,11.10784605929351,9.245094914866229,6901028180580,202506
11.009655954615248,10.924185674307289,11.626743597641724,11.051086299139548,10.832177784585118,10.314828119979163,12.161708936876693,12.026741089480392,11.078691280465389,9.312039329733958,6901028180580,202507
11.25171894909273,11.21284207545768,10.091446768116494,10.48832461773243,10.196962591691424,11.712054574385451,11.715228171002362,11.593051681358618,9.951953258950976,8.962542250397881,6901028180580,202508
11.282877834799473,13.004359218595667,12.239213512537109,11.635188895949481,10.976256838265583,13.297037175350495,13.822058821789758,13.495764451519353,12.510576561003358,9.757414776454398,6901028180580,202509
10.499966043755856,11.994281796661507,10.602110694282441,10.11508969302133,10.10485298319753,12.094204143723358,12.694733525984793,12.245652168957168,10.097244213281074,9.387914628519761,6901028180580,202510
12.305295255860354,13.090010851290405,12.363155661639032,11.695285267011531,12.258421588502577,13.190100639828254,13.654113764361227,13.672985609929519,12.275764836873112,10.083569076808184,6901028180580,202511
11.043444169261926,12.713008473497862,11.896365841601899,11.500947479959578,10.870334649081608,13.014548890016208,13.315584901258152,13.169163810627609,11.996322957361754,9.5670831331157,6901028180580,202512
9.429069115133286,8.73405022422518,8.627322815327272,9.813962193360677,9.13070379290387,8.921462065209237,10.904736824394641,10.754893248599837,9.170567724183643,8.583038378171214,6901028180580,202601
11.728072011100418,12.232555095380045,12.326630207000726,11.197361151980797,11.876302113534566,11.722999689531811,13.735433104897286,13.990507546416783,11.648321682488046,10.065452108339562,6901028180580,202602
10.581977825202447,10.733621007031168,9.536527158225821,10.47148983548198,8.886251256492901,10.247180029411117,11.959773597900199,12.627452663652496,10.211257022934968,9.937546639706834,6901028180580,202603
9.7185508919048,9.00301652481714,8.756278175084349,9.82356099955789,9.24968648782669,9.198961831979467,10.466151756532897,11.267631123554851,8.926637401981,8.511557596749649,6901028180580,202604
11.098821042744477,10.18226222841179,10.451336962859358,10.762437456251154,9.679014152259185,10.634351785478804,11.682235300981434,12.299218723538008,9.918438331076711,9.815269233092803,6901028180580,202605
11.348483778007868,11.180496817729718,12.599028407161322,11.419280163764604,10.27462098423813,12.501105654433792,13.314515487164398,13.78889166091895,11.531014173219727,9.26546123539666,6901028180580,202606
2.5570569206910827,1.5815069319760513,1.6016673336351368,1.5288196260958256,1.4452939976267023,0.6859224435905261,1.345630249773079,2.318272640596579,1.4349761908722298,-0.27854453799631806,6901028180603,202501
0.38015350975810536,3.112216067822764,-0.12876492254053407,0.4148374781795946,1.8682119677635536,-0.4150720054104764,1.319376226006917,1.3662959953835645,-0.9918034012700901,1.3277341136978318,6901028180603,202502
11.273328071031724,11.745953377574383,10.648693777570706,10.843327908732554,12.053732604135996,11.388025722397852,11.623829067818214,11.251329610041218,10.882013149543216,10.659491336959848,6901028180603,202503
15.54196359339946,18.199922061193487,15.713535845624754,16.196127512653327,17.740723945038404,14.975466349278271,16.71836863854636,16.812462617817538,16.77556716385212,15.967477502398228,6901028180603,202504
16.295354591701788,18.26788078573576,17.7384268245645,16.954753476257192,17.557176459450776,16.077886135087248,17.419916664651918,17.533192369206507,17.08756088739969,16.099078726461865,6901028180603,202505
16.73548657451621,18.113740439928705,17.204490100202882,17.00144598811385,17.381054573885756,16.564260054052596,17.31751708589485,16.746308308858207,17.032424451486584,16.360939956685083,6901028180603,202506
15.185715999432285,17.160168750784155,15.88080674819509,15.906495530011489,16.613101551653994,15.115431321782,16.101624077716487,16.344961455451504,15.795891560605076,15.276871043958861,6901028180603,202507
12.7154408745776,15.205111757513738,13.440488041229104,13.402770880144383,13.695639585100405,13.274036196538859,13.65330415811173,14.57469537014581,12.54869330090814,14.041317353947942,6901028180603,202508
16.54735936034507,18.470484594530895,17.157623205959446,17.251673496075973,18.184483284411726,16.04150832713544,17.297094033573693,17.25591051967594,17.00303069552797,16.176994816372055,6901028180603,202509
14.196834393948846,15.216125181433245,14.594520481638728,14.359005804435869,14.901530616249772,14.541042462109894,14.863572717714135,15.409521483075572,13.874923776550668,14.001132821296657,6901028180603,202510
16.118141048856888,17.989353268072676,16.734000814670882,16.054351032224236,17.192503958207,16.439228178394615,17.87830146051723,17.21493917782702,16.139507170665023,15.602443559474727,6901028180603,202511
15.568365946385715,17.769166319050722,16.779437884502162,16.75924605167142,17.176338339899733,15.540466768351006,16.9407579781592,17.176612733152073,16.465446099819573,15.698365429151686,6901028180603,202512
10.081977995828828,9.652996604957112,8.828519396443848,7.945636923068373,9.503143425689071,8.38622796877733,9.789889517558024,9.725995713417907,9.086874159676395,9.707059064910242,6901028180603,202601
18.38291720141111,18.352221629363424,18.83449995915058,17.708605057608843,18.509110864665885,18.04422911142081,18.561198153292686,18.666149146852668,17.2021740475374,17.074317482796733,6901028180603,202602
0.38015350975810536,3.112216067822764,-0.12876492254053407,0.4148374781795946,1.8682119677635536,-0.4150720054104764,1.319376226006917,1.3662959953835645,-0.9918034012700901,1.3277341136978318,6901028180603,202603
13.83391750335557,15.686293479415646,13.858114733239502,12.914702060563885,14.259200444503481,14.527454846161056,13.443376778099124,13.79295284257676,13.309046819892965,12.886636401139636,6901028180603,202604
13.996316492977726,15.45144819440904,14.374520651671604,13.560610006527519,13.763800972785633,13.848112868745181,14.769409174293301,15.369375785949753,13.398128079242033,13.463611961204688,6901028180603,202605
18.25814837840716,17.72526264693193,18.8950612376913,17.22644798307362,17.49195741154156,17.827958494097018,19.19620689153375,19.1836860095955,16.956789761148343,16.46746854903106,6901028180603,202606
2.4866870739848133,1.704029236090806,1.0043242205517602,1.2043926281762725,0.9538902944980749,0.21499118565885444,1.092322304081538,2.122399206834384,1.2882252777201364,-0.7093501085548791,6901028180634,202501
3.4391863836582526,4.141999018200125,4.644014582540676,4.799572388885199,3.273777075319784,4.995866612106562,3.0240239964319047,4.056260576512971,3.126160215375246,5.4739851726805595,6901028180634,202502
2.377047133471945,2.9814252777766113,3.796741392206461,4.6737189213461265,2.917018701989114,4.213943617410837,1.801073182045766,3.2732070842284746,3.0128938531411444,4.482268093002961,6901028180634,202503
2.6459718332700692,4.329961236278204,4.343128309470218,4.147882611399923,3.541455477905543,4.735834785463607,2.0618329502953734,3.6950982707902127,2.5399241890750535,5.226369614636726,6901028180634,202504
2.302067961952368,2.7174722096884043,4.084575464907685,3.2383117538623702,2.4063834772303023,3.0881079115219072,2.9557265353970013,3.110510854597986,3.044660260219885,2.527249951103246,6901028180634,202505
3.4566270505233603,3.7884912291566266,4.306492584950033,3.6672766963589165,3.3168591857171625,4.348354693960561,3.323899478848785,3.720897245938179,3.2321185097394203,4.701405847495563,6901028180634,202506
3.7932742852111723,3.402775835244903,4.409054797644765,4.107418307081113,3.5451325489951113,4.3548429362845384,3.6155915221603365,4.1851249043051215,3.1971212477602564,4.993273622018073,6901028180634,202507
3.4848390709409856,3.799040526586073,4.306492584950033,3.6672766963589165,3.3168591857171625,4.348354693960561,3.323899478848785,3.720897245938179,3.1847602750024526,4.717107737895376,6901028180634,202508
3.2022500805275387,3.2152605570769657,4.136965175953336,3.6314906342713056,3.0403352485582746,3.712392865220171,3.220295302062827,3.8115431934833612,3.5762442378086075,4.3382506919375015,6901028180634,202509
4.0437816871541585,3.4085152092223336,3.9757447917882227,5.385025595552084,2.856598287120389,4.977915856860337,2.9842300236925343,4.568363110659876,3.2452131310913988,5.189143325844818,6901028180634,202510
2.170893436191182,2.7565611890471455,3.2755480320631434,5.314880267169498,2.5349360673133936,4.203170819221797,2.473929431890849,3.703475437728794,2.381417171283416,4.281870696773843,6901028180634,202511
3.055457133008791,3.804393773141024,4.058037580843764,4.240613636401551,3.683422870909789,4.8648941916528985,2.663252570405319,4.622828040673045,3.5936806722036216,4.756926161228498,6901028180634,202512
3.5883091168639325,4.300851953175658,4.453697215196899,3.750383245953985,3.2663195351140963,4.179638214341747,3.1522374997969544,3.921390358818325,3.231104404194734,4.8843878211291845,6901028180634,202601
3.0692967516455933,3.5328344407472865,4.436598070647577,3.8497306644279923,2.859988000131043,3.6874599787861295,3.001918777421494,4.069170320541573,3.417390663268088,4.048673624372166,6901028180634,202602
2.3871915931509715,3.9936617048905143,3.912987156380173,4.210112896091479,3.3190156200138947,5.047127570338375,2.4251290960461405,3.934634148100284,2.6986727558971517,5.097289893577961,6901028180634,202603
4.022743136640098,3.114618781994255,4.331224112914426,4.658522065572023,3.5493021388946824,5.44119858385878,3.784938931640331,4.23463046596253,3.4057214814798837,5.303782404242949,6901028180634,202604
3.7937106263560443,4.090867193364348,4.592065119150819,4.147396034227452,3.365430010603128,4.447806063836229,3.4205625847221026,4.164715973615659,3.2743754174166786,5.512195125588171,6901028180634,202605
3.5708506688888786,3.5482893047698596,4.29254216276186,3.5112204890772327,3.231371776625907,3.4991658448844416,3.0935515683251773,3.487548162109095,3.441216311301786,4.615144507361735,6901028180634,202606
0.367403545833051,1.4122749817828573,-0.5006672368936194,0.4643536224552771,-1.3272967236094428,0.2568575629013189,1.5159739932811263,-0.9334689021199682,-0.9696490989344171,-0.044985815657473616,6901028180788,202501
1.212383265862966,0.5870784499871211,1.6362437649639676,1.454122744651303,1.601441967008927,0.5559831568629146,0.6016107677215659,1.6197809146831028,0.5355084449829468,0.14543920191419502,6901028180788,202502
2.341402228336708,1.3927420628378728,3.5076407681291024,2.814693657286321,1.7748355705725216,2.64764445605104,1.9468455970143963,1.4636505406285618,1.0265023209612096,1.223893421997791,6901028180788,202504
3.2211431341017986,1.2771901428881796,1.3276898801803527,2.7073442567236357,1.5885941600132212,2.6043091826197537,1.8637238248338917,1.6978704418504755,2.71855301647329,2.905030898130601,6901028180788,202508
3.1046303365005135,3.289994626846805,3.827207760869528,3.166339232550872,2.5264876396305107,3.111413872120244,2.829438232731712,4.2431557066668795,2.5814083663161185,3.9016248711673542,6901028180788,202511
0.30044366129904154,1.4334607069466867,1.466603851358911,2.0260366639617264,1.038082667259923,2.2402466134166334,0.7847978986099564,2.286304888664096,-0.21177054612419005,-0.37004573151495435,6901028180788,202601
4.849366440447978,4.358976502350345,5.2770361454936605,5.368048850475138,5.628356209436685,4.676753573548322,4.545556481012754,4.597505342568252,5.381959458374854,4.593696207239813,6901028180788,202602
1.279191413133847,0.7051679474229339,0.09072385140984313,1.784453201526231,1.8019008801266898,1.0080174274177995,0.5441099399719123,0.2591836443532567,1.141282163113433,0.32579298493479153,6901028180788,202603
-0.45757953752380354,-0.1870096506377067,-0.03895371720133228,1.224963729136236,0.22757371536883197,-0.07688062143854313,-0.6234155748337395,-0.21915276781742632,0.20066514700228133,-0.398662569397345,6901028180788,202604
0.8902209522406539,0.01536710018985632,0.6500695954610689,1.4843669625350737,1.197433958450719,0.8663800872946641,0.03140967740685352,0.1989607919874898,0.2239697778606512,0.11063568476576258,6901028180788,202605
0.8817733073861092,-0.3772220931001198,0.47270001774246384,0.904279794554909,0.38753106845292673,0.6283056926298197,-0.20467999663312308,0.0524425987020144,0.18446331509540315,-0.2813622589013969,6901028180788,202606
2.28413769781778,1.8988637786984743,0.40693936687730714,1.2820792459234185,1.308879681066836,0.1334845637501585,0.9208781770286052,2.168530174715722,1.337172962954985,0.21397255262189308,6901028180818,202501
8.55887246343652,7.126991722036984,7.934727846548114,8.402764014962104,9.849230108062205,8.425995160464312,7.995957339149594,9.698092831356126,7.671465972762052,7.9988200062362305,6901028180818,202502
5.926169451372116,5.232204170579407,6.380465066686932,7.022313209861185,6.7119235874546375,4.926218448898795,5.815155858701067,4.92386455111419,6.41861709942184,5.979435704659275,6901028180818,202503
5.524567271040049,4.884082444237972,4.994557364319317,5.973842339229597,5.94510713756583,4.730666931259128,5.902164558743323,5.508873477515326,6.398670196043333,4.883458500368876,6901028180818,202504
1.4083163002623447,3.3346117618427686,0.9856192364201993,0.007444989779408315,2.4576728426881025,1.9164879163834112,1.8653060113615003,2.2546673311911327,2.4303174322243377,3.2333413875997694,6901028180818,202505
0.37429955130755127,1.2003258509573935,0.3066724029728771,0.2101730942030937,2.587858200384373,2.4010029908834,2.5768524882354917,1.995770851123926,3.5137524903003334,3.0031346129543377,6901028180818,202506
1.993340530747483,1.4769082216374767,2.5654831082804206,1.8468312449596378,1.1773528112801748,1.019336618211943,1.5124308564442361,2.4045643984507925,2.1201880825034767,1.4675627236330042,6901028180818,202507
5.668152601782639,5.387943200500244,6.5411866131550545,5.38692159247873,5.188874021367708,4.08379538952742,5.542549766319923,4.389584787277227,4.752832797172874,5.008778520625637,6901028180818,202508
7.862664402904732,7.082173518534319,8.224397818837156,7.4245280645072445,7.73980627966867,7.51813831308319,6.609989863219802,8.525585800762558,6.788859464413052,7.654064175683865,6901028180818,202509
10.800888932729512,8.589550624890016,10.39499706260154,10.228082357934962,11.210785122567327,9.545848130255067,9.62920316122499,9.836182944822763,9.571102678973178,8.581956489689743,6901028180818,202510
10.292053778486423,10.10522594687882,12.08976232980635,10.885794493091375,11.210140704316236,10.163263587345105,11.244868228449885,10.075219241818262,10.811536354848368,10.817565676259937,6901028180818,202511
7.013791554000971,5.888858125736531,8.384767011929124,8.136819567009919,9.537171003293466,7.185459364797518,8.731269585048718,6.706353896346427,8.939950710355646,6.938002642164899,6901028180818,202512
5.000587411298598,4.715615927952195,5.16819625468694,6.910949971910252,5.705029904392559,5.501832077214803,6.482232200078661,5.15761975577053,5.510130492189846,4.542821005618066,6901028180818,202601
6.353268873677599,5.813048044152731,6.217024393251473,5.836393558609741,6.887428862239499,6.782123031043053,7.728023503410505,6.311438750273933,7.258099186309914,7.36342849797075,6901028180818,202602
6.664305264351218,6.050299810484531,7.088541254742239,6.926049207235858,8.40953954155332,6.396439667883119,7.586468225526589,6.609002407968947,8.238232779907383,8.101599193649252,6901028180818,202603
5.614113924977327,6.460716748651793,6.550489829823254,7.195704715277005,6.532960569559028,6.675073226806157,6.387641512787477,6.125834163306262,5.9779365397959365,5.576523181731062,6901028180818,202604
6.004757606839161,4.735196050166574,6.504494380513316,5.722418615641133,5.560284481827909,4.990972447336997,5.294193988995493,5.2699776596108645,5.663179049802234,5.7595474601419525,6901028180818,202605
5.329903499694959,4.298504546195657,5.6205093680894915,6.081621498519878,5.945449101050487,5.041407803517343,5.078279799707541,5.817790481268812,5.613619252078336,4.684200510994548,6901028180818,202606
0.367403545833051,1.4122749817828573,-0.5006672368936194,0.4643536224552771,-1.3272967236094428,0.2568575629013189,1.5159739932811263,-0.9334689021199682,-0.9696490989344171,-0.044985815657473616,6901028181457,202501
7.187273967152064,6.348829043911899,7.332679665830681,6.39277707938472,6.821100400919896,7.0230995567461925,7.585334239107759,7.837419333622805,6.318684437785115,5.155400070407736,6901028181457,202502
5.2014138366655525,4.8997468971535,5.353603144105384,4.76826994866278,5.5751700634658565,4.9731080023343965,5.869254563963683,5.017185690016472,3.873675482626528,5.324233393121688,6901028181457,202503
7.493206051175373,6.396358193509974,8.739542461600095,7.478064121363209,7.96688750889575,7.7581149318094536,7.403311607194061,8.615708570792412,8.461277747034687,7.931981307397747,6901028181457,202504
5.734288968088164,4.833849079680616,6.6054617268566,6.050708948890112,5.133974243972143,4.931228907683814,6.5244894153172694,6.605261413696644,4.303898950302478,5.297804654491311,6901028181457,202505
6.190234941182618,6.316090780969794,7.434332184423023,6.7638745210490905,6.745745699376855,7.214798663524983,6.1506511202420135,6.715737467025916,7.256780279112286,6.281074389977182,6901028181457,202506
7.427816477003406,6.3580090749595675,7.28039481948987,6.535981213416011,6.4918220557289565,8.05104802200163,7.0638270250864235,8.019390883805727,7.275367802294692,7.259180404612968,6901028181457,202507
5.396353244626987,4.57638123403324,6.273668625006303,5.250500525725555,5.193136292549596,4.941838016107276,6.885288498900262,6.181211947772841,4.087043777507704,5.975605795334949,6901028181457,202508
4.52590587181322,4.0121877133741775,5.045770438223022,4.3686654317943905,4.624158910236371,5.03650793630158,5.328130315604874,4.544703885067128,3.998618364027092,5.128292684617791,6901028181457,202509
4.3333232157685515,4.09419257525023,4.1883950466691875,4.168167785384903,5.060071612452552,4.384137160223245,4.918551022894418,4.366930446081203,4.009738211014345,5.0408218999384165,6901028181457,202511
-1.463333165642143,-0.6729456564823875,-4.160986940440985,-0.3126187867916774,-0.25987863944792233,-2.0710386721441645,-2.2512513769596283,-0.3894559983229922,-0.873200471608198,0.03126820007330616,6901028181457,202601
6.606468411212185,6.394231463941198,7.634886185098981,6.746299987336119,7.391682430902181,6.909063943043051,8.062919915280602,7.684632962831725,6.963076284815859,5.039983094356879,6901028181457,202602
5.685780627641311,4.841870924697432,6.17498411559636,5.937548262688091,5.537841558822097,6.12093202694339,6.3959356863299135,6.406284249195135,5.481252462245646,5.573226953192471,6901028181457,202603
6.418655253347588,5.376488239794908,6.792837575333456,5.903492174756527,6.639913937442706,5.757484169656464,6.540807765495983,5.623010244250403,6.396591329300743,5.55602372695719,6901028181457,202604
6.705812175837479,5.927190632038091,7.021206854406193,6.487805723722571,6.111348877341774,5.723485125964482,7.613523392921884,6.792893850875192,5.820242714681212,5.77801089707319,6901028181457,202605
7.749760792331844,6.985296944367335,7.428421313873528,6.197818507022685,7.951659559283152,6.688637639270825,8.853541312394198,7.860678450322386,7.3923243802962855,7.071371574940772,6901028181457,202606
2.3528945299155515,1.87958269990848,1.8272990610784277,2.0689654519457985,1.706687642690523,1.8200419476552563,1.4001734813063114,2.9759648960034846,1.4675965762833978,-0.01553740964288422,6901028181815,202501
9.044263004922197,8.380633310809255,7.122546995488596,8.401090775015236,8.683244904071113,8.466758884114295,8.132854070661676,7.036775178254246,7.957679370179786,7.858307424804561,6901028181815,202502
9.487206901141148,10.336103973793351,10.468995815494031,10.359660356950469,10.960894057507444,9.930077122559302,9.38358446652069,9.343166211332868,10.29179773864405,9.447671781951735,6901028181815,202503
1.1785175644200903,3.821803052702751,2.9141254177471807,2.3099440231044666,1.623064543981231,2.695066073873038,1.7171292460661645,3.2646786364243687,2.8202997208627214,2.3329997095104575,6901028181815,202504
5.6569515167983635,4.691418819451799,4.501170035523682,4.943060898407301,3.757270862052749,5.3802570065702024,5.0861496398772355,4.643906297977921,5.5723280170481795,4.329188899975864,6901028181815,202505
6.7766212437691395,6.638403474459181,6.470478646542594,7.392111756320821,5.999199161070077,7.043851620301787,6.342110665912151,5.264889006338639,6.785729942159396,6.084785326665091,6901028181815,202506
7.849332844262026,8.004445886561298,7.679920184793817,7.334977764371742,8.342578405876866,8.717017125065418,8.05470252586019,7.287377904479423,9.081373655904194,7.336723056543862,6901028181815,202507
7.912260740030888,7.182186717096656,7.445780290549951,7.625821905285778,6.942052877766403,7.379640184962395,7.400364556086638,6.2043445404070505,7.2094599255634355,6.482122865855774,6901028181815,202508
6.526241939466295,6.623438348254089,5.986230270726493,6.12858951334,4.806307387584617,5.577617669402188,5.899996067300382,5.148123683360854,6.606621953498452,5.603713970313653,6901028181815,202509
8.862425356758422,9.155367135749447,9.998428958206148,8.675196980552085,9.866679543151513,8.632962080068221,8.293879563553512,8.50814974646547,10.082504160170913,8.062716795853841,6901028181815,202510
10.047516939259587,9.777683702436846,9.93641467964305,8.800050692316224,10.188699445865213,9.637137475609679,8.331162234690172,9.194584799894784,10.253034218972282,8.909366583227632,6901028181815,202511
12.343040580404777,12.335084025780388,13.652151142751903,11.882566732444708,13.203631326488646,11.504452628351933,11.817683270630926,12.039025405847024,11.704220232079368,10.836201105440987,6901028181815,202512
7.061548992594274,6.864998714065283,6.705194620752647,7.289618656555253,7.1441208294687595,6.884723786566652,6.653077495180952,7.023132302285719,6.723303794877039,6.752849759717719,6901028181815,202601
5.4712120089537155,4.831864365855609,4.251588098777008,4.872573781390458,3.776301767076776,5.188745403084416,4.732341247708858,5.421156966162449,5.570196869534957,4.833506590991679,6901028181815,202602
12.540275700212936,14.526660526520939,13.28484197569829,13.624799775386593,13.774084838022354,13.612249283031641,14.12047153847577,12.482696179321445,14.11392551049664,13.112082251204578,6901028181815,202603
9.91035219888196,11.135422047576872,11.357214273906086,10.186220800645998,11.420226562460027,11.256027829041866,12.187887262511572,10.070288960345486,12.058747600593668,9.665217410561265,6901028181815,202604
6.9871122708696936,7.811168015776914,6.937275831586455,7.457420228699792,7.437833494011053,7.139147736399598,6.9913583648421875,6.888851466600693,7.763582139736048,5.50734072379879,6901028181815,202605
7.474011092524162,7.268070196657979,6.797554083520754,6.7877214285257,6.556668509086643,7.039956456002454,6.529975886697851,5.742855160973244,6.889401431732024,6.858012995559657,6901028181815,202606
2.5570569206910827,1.5815069319760513,1.6016673336351368,1.5288196260958256,1.4452939976267023,0.6859224435905261,1.345630249773079,2.318272640596579,1.4349761908722298,-0.27854453799631806,6901028182560,202501
10.980640552244958,12.817255784397224,12.376764549496315,10.076955146252716,11.378993277611741,10.885942992906035,11.665796427452463,12.223681462453692,10.653575378096658,11.077981101639327,6901028182560,202502
6.993465540950312,7.158839702188846,5.758309391448155,5.922130046433905,5.238575458690878,6.116940044759681,5.3729765880203555,6.010769025646836,6.042250129047708,6.0061581457474364,6901028182560,202503
12.48865263691761,14.340970096362408,12.836044214125428,12.171477824030582,13.111052725212925,12.588166834631219,14.023044919736732,14.731777472973867,13.113369629886407,12.898739538704588,6901028182560,202504
11.9863298547998,14.024529081093835,13.504406548296663,11.94533325640232,13.030353052207817,13.316677066498855,14.993844256858395,15.200170082101693,13.564842975167664,12.640788446407973,6901028182560,202505
12.111737786522301,13.893827646805981,13.770598555576653,11.757038200539375,13.223936975867089,13.56694977093688,14.666650799852713,15.717359752041654,13.885583051255802,12.601123837157951,6901028182560,202506
12.251057386426243,13.983109521453363,13.299308298701645,12.034952438748268,13.540319321545704,13.013330351037899,14.464428812251633,15.332990727564846,13.350775019253366,12.293491441972739,6901028182560,202507
11.40076110082491,11.657811705186186,11.947656696192741,10.381958350121549,12.184072182826892,10.520530628207709,11.452850893905598,12.878729539655607,11.226459533843771,11.164914633943624,6901028182560,202508
14.132106148082757,15.650592265196845,15.008049303655449,13.971316342673232,15.345409638558047,14.03345928742624,14.952966547736484,15.815037781568034,13.563744157680025,14.435826697711166,6901028182560,202509
10.210009986601793,12.142578364305795,11.70010604018182,9.817186723848902,9.908456498967507,10.961244584435166,11.554956888210452,12.527938678953666,11.80679140697272,10.841618392439365,6901028182560,202510
12.441673428674676,13.65541323667993,13.565434738997922,12.114387574501459,13.293567582052058,13.13914750175664,14.601425078165535,15.60753877312483,13.636881855193586,12.53575827630274,6901028182560,202511
11.474030852574247,12.993977009315113,12.187144247841943,11.33676873171155,13.235094901121062,11.948612376022838,12.836595002010098,14.244885104292369,12.565328188895874,11.853084571671669,6901028182560,202512
9.876081326017825,10.037338655716413,8.597421882174554,8.865868390639799,9.60974068167756,8.943624528068469,9.461929919664724,8.705137236462768,9.918649408880734,8.710771444956478,6901028182560,202601
13.522205436657213,15.253434876942144,14.435541753905891,14.315582194550373,14.707841338099556,14.187458695123484,15.668403245985738,16.189085347716816,14.19303764251453,13.477804784308992,6901028182560,202602
0.15629322122831144,2.5635086558817584,0.9506136128303224,0.29284375887832637,4.0394348231671895,0.8825267655234958,-0.6809636998067574,2.494822516704947,2.2575457051048624,2.626496082734483,6901028182560,202603
12.820977258582728,14.995358163675578,13.380796165876838,12.225561098420622,12.08381164516153,13.943042248138797,13.32111801024983,14.953858714010865,12.979691641067506,12.600915705990005,6901028182560,202604
13.054241855414302,14.794159582243093,12.954466082077628,13.19483574901794,12.730042831300183,13.96381370772202,14.77174009956256,15.926468728206904,13.159681866253322,12.770854056081122,6901028182560,202605
13.565094607018967,16.164994098461513,14.841428654763314,13.227112423170627,14.737034964604826,14.277872825752022,14.460654724982675,14.915327700929677,15.077130977405934,13.845808810454795,6901028182560,202606
0.367403545833051,1.4122749817828573,-0.5006672368936194,0.4643536224552771,-1.3272967236094428,0.2568575629013189,1.5159739932811263,-0.9334689021199682,-0.9696490989344171,-0.044985815657473616,6901028184250,202501
2.844173710638456,2.9184028161597917,4.112331503452545,1.0416844473265097,3.3633042382281655,3.185968533527449,2.710052020125878,3.8524709044744565,2.5644268307573825,4.597991207724479,6901028184250,202502
4.3283263382756445,6.267852490748703,5.1123631507011575,3.7340955435859993,3.83183617728427,2.438992417352061,2.1570729808838864,5.883569231953528,2.2607431546235923,8.055838149429057,6901028184250,202503
3.4585271875134156,1.3728172207323865,2.6290911759542612,0.5326904494062435,1.3969227105454216,2.1331189903384375,2.896095797381292,1.9675979501816794,2.180332772795466,0.792123341314191,6901028184250,202504
4.3283263382756445,6.267852490748703,5.1123631507011575,3.7340955435859993,3.83183617728427,2.438992417352061,2.1570729808838864,5.883569231953528,2.2607431546235923,8.055838149429057,6901028184250,202505
4.3283263382756445,6.267852490748703,5.1123631507011575,3.7340955435859993,3.83183617728427,2.438992417352061,2.1570729808838864,5.883569231953528,2.2607431546235923,8.055838149429057,6901028184250,202506
4.3283263382756445,6.267852490748703,5.1123631507011575,3.7340955435859993,3.83183617728427,2.438992417352061,2.1570729808838864,5.883569231953528,2.2607431546235923,8.055838149429057,6901028184250,202507
4.3283263382756445,6.267852490748703,5.1123631507011575,3.7340955435859993,3.83183617728427,2.438992417352061,2.1570729808838864,5.883569231953528,2.2607431546235923,8.055838149429057,6901028184250,202508
4.3283263382756445,6.267852490748703,5.1123631507011575,3.7340955435859993,3.83183617728427,2.438992417352061,2.1570729808838864,5.883569231953528,2.2607431546235923,8.055838149429057,6901028184250,202509
4.3283263382756445,6.267852490748703,5.1123631507011575,3.7340955435859993,3.83183617728427,2.438992417352061,2.1570729808838864,5.883569231953528,2.2607431546235923,8.055838149429057,6901028184250,202510
4.3283263382756445,6.267852490748703,5.1123631507011575,3.7340955435859993,3.83183617728427,2.438992417352061,2.1570729808838864,5.883569231953528,2.2607431546235923,8.055838149429057,6901028184250,202511
4.3283263382756445,6.267852490748703,5.1123631507011575,3.7340955435859993,3.83183617728427,2.438992417352061,2.1570729808838864,5.883569231953528,2.2607431546235923,8.055838149429057,6901028184250,202512
4.3283263382756445,6.267852490748703,5.1123631507011575,3.7340955435859993,3.83183617728427,2.438992417352061,2.1570729808838864,5.883569231953528,2.2607431546235923,8.055838149429057,6901028184250,202601
2.824859296393797,2.5513183912513324,3.73035506523699,1.4121584318483644,3.0561909757922043,2.9582574940617556,2.9122160707565374,3.219818215927709,2.7035764260950894,4.247735114056498,6901028184250,202602
2.9090167983699686,3.0401114874822053,4.0880319004668655,3.3294510920167824,2.9507934411639365,2.1378703936007235,4.073691104980499,1.8047290444788948,2.318288310662994,4.495517863299654,6901028184250,202603
2.602811087312248,2.8187753282090267,2.838885819404121,3.109119511649612,0.9653845897518893,2.0115565544406144,3.282819625348251,1.3208359229183761,1.851360643442682,2.437546922203892,6901028184250,202604
1.7181082233004228,2.3569448454624764,3.372193142997453,2.717362178657653,1.0162625606217213,1.2664127717333524,2.2418865428343664,1.6762993423505743,0.8421342737545183,1.0119966289923048,6901028184250,202605
0.7464285052417713,1.3731600776525332,1.9897411786231618,2.279534247602374,1.8420884270927598,2.182731377979663,0.9175973917452398,1.8975062778392449,1.0192567444980654,0.9353318888251845,6901028184250,202606
0.367403545833051,1.4122749817828573,-0.5006672368936194,0.4643536224552771,-1.3272967236094428,0.2568575629013189,1.5159739932811263,-0.9334689021199682,-0.9696490989344171,-0.044985815657473616,6901028184304,202501
3.6032740115625432,3.1526154692703128,4.3113485144148465,4.224303490962864,5.457853625129141,3.933715812839271,3.881784989422931,4.608883077275406,3.3048599438150785,3.1731344891578153,6901028184304,202502
2.5176430676775383,2.357637092203684,3.517682834977312,3.555116392221685,2.855828359316648,4.476929770356935,1.8671986495701072,3.0644118510506306,2.0776000575947515,2.868703459460756,6901028184304,202503
4.299885821707731,4.7694246236980185,4.86682942977625,5.137295263486267,4.704673109251613,6.368971812140994,4.122495990982902,6.07597632907903,5.556605494532315,5.570135249851363,6901028184304,202504
2.247265441113058,1.8771128618494703,3.1315687041143665,3.5088315505189343,2.6512848972643117,4.040959039001645,2.029726528053146,3.3381505452200186,2.090550393509595,2.760103710357587,6901028184304,202505
2.58168728453362,2.1720339745487798,3.4444166792563338,3.5867823030459465,2.976039921083643,4.46693578763941,1.8841094456649075,3.049535300192595,2.2378944807174097,2.9661305481620497,6901028184304,202506
2.1494316680102097,1.8664227554563504,3.335950606521069,3.56751690094004,2.723481885435034,4.5259610233680885,1.9979520180376518,3.2023407845924776,2.242624265796115,2.7425326222748865,6901028184304,202507
2.177481565741139,1.8817714948912891,3.3562256669246455,3.425214760766258,2.776459936845193,4.339372601936526,2.0414166415880604,3.270113702213942,2.2093454020489123,2.7425326222748865,6901028184304,202508
2.1527063600101073,1.887710702675628,3.1557627455712467,3.4880630499374408,2.645380138052646,4.040959039001645,2.045828938340375,3.310160900883373,2.0915187787354377,2.635485130692047,6901028184304,202509
0.8979886390819716,2.2156130762513317,2.8919987364882287,3.157585059050397,2.5300187835807537,3.0872251501608017,0.8769924545272294,3.6605769099647394,2.192277724945226,2.4971865425587403,6901028184304,202510
1.018416492800767,2.489793458874476,3.051253757676475,3.8161882425219225,2.0333729803912277,3.3663678758513496,0.8248270510307236,3.492325773689626,2.0987992592310323,2.765829174060141,6901028184304,202511
1.4565457774861932,1.9421698738753461,1.8823439351320799,2.8845940591975663,2.0703090692658366,3.7020515519149844,1.2622031668118963,2.6199268424474633,1.9560067795625333,2.3168532409009055,6901028184304,202512
1.1397052448341511,1.9793734449730547,1.8394187992893976,2.9065927249674046,2.420115803229252,3.4067772212645524,0.720314736478174,2.649910394080033,1.4154826635532838,2.2536929068508975,6901028184304,202601
2.628482108275556,3.4146630989556086,3.741373771626693,3.8867253947463793,4.7314212068511265,3.559479593193206,2.9669444461748165,5.066638648114486,3.3412243144616545,3.604756445915336,6901028184304,202602
1.3800601258329306,3.049559707543145,2.6043792327818402,2.435615481741498,3.472982407265981,2.2348813110726162,1.9469623400216611,2.756011475933552,2.5768792820431243,3.018063939133815,6901028184304,202603
2.173581572400801,2.8103581183136437,2.6855471499949797,2.791122836341845,3.28422757244802,2.0101649862628035,3.117431331297306,4.142608021078359,3.0917541161599162,2.5309760032993043,6901028184304,202604
0.5100484547229445,1.352780819534976,0.5165286165517452,1.7119683697497003,0.9757257226473554,0.766917028730888,0.5758036036716081,1.2452472549150646,0.6083114493633659,0.5602323363660975,6901028184304,202605
2.166236963016547,2.6696687136410286,2.468782903357869,2.3714424006368473,2.7919530870963642,2.0550165717785607,1.6985840760081308,2.4566743261288235,2.851353247031996,1.9290597756775538,6901028184304,202606
0.367403545833051,1.4122749817828573,-0.5006672368936194,0.4643536224552771,-1.3272967236094428,0.2568575629013189,1.5159739932811263,-0.9334689021199682,-0.9696490989344171,-0.044985815657473616,6901028185912,202501
8.388237312717616,9.407948258217111,9.776930061322986,8.848682364625981,10.160208707267097,9.79353209489935,10.485775684194442,11.286505768834022,9.41392217086224,7.026371450276633,6901028185912,202502
6.927525169162058,6.445782067498531,6.667619756474891,6.879827028380292,7.535341424510431,6.095747506117766,7.32675133460148,6.597252638700149,6.0011765401999755,5.316701706999214,6901028185912,202503
9.291825283048544,10.675011240651521,9.401111044849326,9.786610998371506,10.58273821653156,9.656400927040572,10.51189427710706,12.115371924433836,10.779597715683176,8.074347826320883,6901028185912,202504
9.42678574256137,10.988390398379696,11.260631618609994,10.242611887111691,10.86602832107134,11.422529534885744,11.800134401735178,13.087513862243064,10.844218229977104,8.383307368920725,6901028185912,202505
8.58798085321296,8.853388841230316,8.610225983034843,8.721593425934337,10.150292021464663,9.245698133307359,9.610974933411349,9.57914099498541,9.075272881337392,7.759770220724774,6901028185912,202506
10.019753460812392,10.999696757620583,10.335570452393542,10.324806118920694,10.85027952151243,9.675995511020293,11.0068388680538,12.256123244506687,11.400510241371858,9.23519854862104,6901028185912,202507
8.777222169131516,9.783892742649531,9.50603171332369,10.022356205182275,9.33998794383531,9.436058627309134,9.948492382821039,12.136792392059235,9.980440487061067,7.565877929201513,6901028185912,202508
9.840803485167347,11.156725155448544,10.686262335364544,10.527255809926203,10.816826973001353,10.67136942458658,11.349032895124717,12.264725226328505,10.895612721134562,7.793627512567647,6901028185912,202509
9.442344047360676,10.391932518221012,9.959428820472239,10.514536954282113,10.355742716607,9.910018183071319,11.018962232724679,12.032191461898963,9.223071171052633,7.799299505678298,6901028185912,202510
10.433162869733641,11.489598554959642,11.801647559561,11.07158733779733,10.833499400925268,11.305433157717243,12.433770243675095,12.92816302511885,11.37237752126095,8.79613346273579,6901028185912,202511
10.099564686384154,11.5352642315615,11.51411222320773,10.924642839490053,11.031236843404159,11.887089544743652,11.868121658839708,12.811968699573072,11.203685532661293,8.406143173503523,6901028185912,202512
8.040488618673404,7.133377378390992,8.914792922459611,8.955528373364553,8.947707531153833,8.026975403046983,9.562358532599202,9.786788201017034,9.21420125758109,9.00411074516813,6901028185912,202601
9.562158999840188,10.573008091876146,10.77180118436707,10.318295122993135,11.282820116923723,11.053019414935786,11.61545434362022,12.075419894873903,11.171073751094282,7.7675331005468236,6901028185912,202602
7.257647619880944,7.693340049453807,6.850893544815716,7.684380559373468,8.05526696770348,8.478456524599027,8.992562948585615,8.751574384817657,7.992152245313232,7.054417948808789,6901028185912,202603
8.623988734933494,9.938080336467289,7.806838876816554,9.477337826047748,8.446723570325032,8.644812713488486,8.76698080729738,11.436259595130947,9.518244426133489,7.921346154888871,6901028185912,202604
8.875787351291985,9.577937237521864,9.706889717686547,9.437937879348489,9.111897778064652,9.818416647007274,10.783073965567617,11.760660332704155,10.071244891850187,8.974548835299004,6901028185912,202605
8.877067705270271,9.787467021721422,9.847924374935767,10.134191725332382,10.610855465928678,10.353756290272637,11.033083210400466,12.401191169644866,9.995732641599485,7.390274556050542,6901028185912,202606
0.367403545833051,1.4122749817828573,-0.5006672368936194,0.4643536224552771,-1.3272967236094428,0.2568575629013189,1.5159739932811263,-0.9334689021199682,-0.9696490989344171,-0.044985815657473616,6901028187343,202501
9.885873783327918,9.440961612356123,10.13897846643856,10.50747426151081,11.489206135236465,9.120591818959854,9.657673133653878,10.888460764176838,9.292094773065035,8.30593505146532,6901028187343,202502
3.987610571637702,3.371385793623242,3.8309219544566107,5.05360369323547,5.035877134706607,4.002207220187214,4.073536633279061,3.8604263140786994,3.9698353990985877,4.4388739171860925,6901028187343,202503
3.191109090643505,1.6002859927658521,1.1358490758168722,2.911234457639993,1.651618979690513,1.6138728353205494,2.26405556850747,1.9022866627329356,1.7106220234631877,1.0217682135414443,6901028187343,202504
1.3252714174696454,1.185449778816609,1.6263049320341323,1.9305442039820966,0.39861342254324594,-0.6729458514536498,0.3063493662015902,0.9853505592697418,0.6271296103629315,0.7804104183488999,6901028187343,202505
8.971190279235735,9.382335360503351,10.203267782607082,10.322023200548823,11.084276537987524,9.301876209903222,8.771771732439568,9.313863660472098,8.576578183741534,8.979752747495803,6901028187343,202506
1.7515106189470115,1.0872143645045962,1.1747892192696079,2.3509386622952513,1.1794916235155428,2.272191721841426,0.21152920601759742,1.9965156258042098,2.097181057116809,1.3206924765458872,6901028187343,202507
-1.4437291488784387,-1.9703691778424508,-0.2714184308996396,-0.7551630278065848,-2.792233920425681,-1.55663132078082,-1.3336969453318681,-0.9927878448989005,-0.49446220014474673,-0.999808111082511,6901028187343,202508
5.198865181718443,3.9991467482527105,3.8080881891114746,4.706987993041806,5.3866866540954,4.717826466666823,4.722233642855372,4.18022384429415,5.28168286998853,3.7547004108645443,6901028187343,202509
3.5358911104512085,3.7891779747345846,2.98469691493795,4.36738635797112,4.531152305638111,3.026453603315788,4.2813245664291,3.7770832576040787,4.385009327343916,4.32353243734405,6901028187343,202510
0.9643029093061132,-0.566394649510947,1.0374608016731555,1.1596383540075401,1.1235261623597208,0.6644785926783593,-0.4006301491318794,0.5722548888499085,1.050879158548643,0.594346648384001,6901028187343,202511
-2.0582055161533312,-0.5385585267799456,-1.2872905268374073,-1.3624711263242704,-2.664171569383909,-1.2720907993563173,-0.7781896721978969,-0.5183712780482397,0.4664060773572763,-1.3394573146856545,6901028187343,202512
-2.0582055161533312,-0.5385585267799456,-1.2872905268374073,-1.3624711263242704,-2.664171569383909,-1.2720907993563173,-0.7781896721978969,-0.5183712780482397,0.4664060773572763,-1.3394573146856545,6901028187343,202601
5.562898297750882,4.429019321155097,6.395123896291304,6.310271224119985,6.304959156961691,4.9125056598107815,5.569912377776597,4.144653367627144,6.219546408982724,5.047164711251978,6901028187343,202602
8.613018546770872,7.771730042152772,9.016791535636013,10.59941852606684,10.036002652378825,8.525416721475416,10.334820132578894,10.531118021860145,9.178283723477072,7.486419928201722,6901028187343,202603
1.9521794478215837,-0.48612522124489027,1.0113845309838745,1.0927638415845335,0.9976644998822297,1.1038777864568905,1.2540633026406525,0.619174357044043,1.4781819713672797,1.019980124859239,6901028187343,202604
0.5425158694051267,0.6921439092958898,0.7021478644658703,0.27586945934522156,0.5616669788918652,1.8347375477911787,1.340073865677057,0.9928244509672308,0.6124555449012747,1.3619156298151722,6901028187343,202605
4.206728007328781,5.158146489042831,5.319286023925345,6.341955939801563,6.338673157910679,5.00904124256433,5.78863103279476,5.94627082302416,5.612019939709502,5.631882811135558,6901028187343,202606
0.367403545833051,1.4122749817828573,-0.5006672368936194,0.4643536224552771,-1.3272967236094428,0.2568575629013189,1.5159739932811263,-0.9334689021199682,-0.9696490989344171,-0.044985815657473616,6901028187855,202501
5.023537926716412,3.905275014401636,4.603264645223497,4.842661731682627,6.044084343287573,5.0969262552277925,5.313609981060099,5.927705064530513,3.8927436133493583,4.091206970829244,6901028187855,202502
5.893463008189275,6.287188607800086,5.598408091074577,6.158101582860702,5.620192995193012,6.791079786562391,4.374080340800371,6.618998506156277,6.657583400773752,6.405961497052209,6901028187855,202503
0.9344430936945631,-0.48296487862941795,0.288520234122706,0.1364612154087295,1.7223520198006137,0.2700774958075178,-0.4682369538294324,0.851621539257069,0.2420067248682382,-0.08723584350683694,6901028187855,202504
0.8940681658218796,0.05033266571960565,0.9941071346028841,1.375529549523167,2.1168972171046527,1.0716216790666921,-0.18914977866771127,1.707514801016488,0.4289942308819844,0.4631125464346474,6901028187855,202505
2.9743471440393465,2.990020622053532,3.9454519897033853,4.119635168888827,1.9878017187557195,2.3268422023914974,3.767700853096063,1.9321008786628386,1.8831413797698726,2.971680211249039,6901028187855,202506
0.3098377555000831,0.8697463944756492,1.506257556436062,1.180302342269898,-0.7995010440845077,0.6197019281847834,0.42485703856968,1.93298596717391,-0.5007629801534051,0.21200128446045596,6901028187855,202507
0.3098377555000831,0.8697463944756492,1.506257556436062,1.180302342269898,-0.7995010440845077,0.6197019281847834,0.42485703856968,1.93298596717391,-0.5007629801534051,0.21200128446045596,6901028187855,202508
4.259048661670833,2.503156180147353,3.1246649202828265,2.0348671824864173,0.596180473457662,2.6525585425475926,1.8970058541801234,3.3243285963581357,2.064217830171718,2.3234005350822793,6901028187855,202509
2.739827778539465,1.480490314395056,2.571134102324483,2.5291208027328906,0.9369944950536664,2.6492958526120627,2.2662486711056724,2.181878742310961,3.3623736184948445,2.9165551008451436,6901028187855,202510
1.3088456747032156,1.680602909645434,3.094837244513278,1.0713072407558426,2.0219273476627087,2.347459995642248,1.618666996315386,2.0298905636006976,1.1394112019934906,0.8188220384840261,6901028187855,202511
0.3098377555000831,0.8697463944756492,1.506257556436062,1.180302342269898,-0.7995010440845077,0.6197019281847834,0.42485703856968,1.93298596717391,-0.5007629801534051,0.21200128446045596,6901028187855,202512
2.7811299012065698,2.3436797888883825,3.82690416280539,2.930288974215202,2.0277970205381797,2.280779181238992,2.7120634095075933,3.4305532921442743,1.900969006483618,1.7795226464455713,6901028187855,202601
2.053080940657879,1.3538605432989264,2.527188825355653,2.4667262199665734,0.08636695076042167,2.508670886959231,2.4778664089360034,2.086098860898175,1.2567122995663624,0.6479604822543523,6901028187855,202602
0.7689056572143635,1.3756339823914543,1.4800621370195435,2.2402456461066693,0.963237368002939,2.4256831427145666,-0.0907900621034162,2.404090596944659,-0.37887584936507157,-0.7331521479194121,6901028187855,202604
2.453130183228171,2.881193833945845,2.120126824900632,3.2946188213935854,3.7879649835076874,2.4972603979736077,2.3172859851267433,1.9364152013726976,2.0118004819391118,2.4845540260883423,6901028187855,202605
3.7494282449524325,1.9476204449862453,2.841349360121061,3.2301524356534626,2.2067511520036547,3.4593633487913733,2.410468844532889,2.2845968753270536,4.607636422946964,3.152842832541441,6901028187855,202606
0.367403545833051,1.4122749817828573,-0.5006672368936194,0.4643536224552771,-1.3272967236094428,0.2568575629013189,1.5159739932811263,-0.9334689021199682,-0.9696490989344171,-0.044985815657473616,6901028188029,202501
7.087852447411256,6.051516851404861,8.292785894659088,5.738247428022216,7.344697916884048,7.198935493410202,6.881368843831531,6.905475283487938,6.5315725287608375,7.0097883841095845,6901028188029,202503
7.022224769586952,6.187888713485158,7.085716340605596,6.581437610301911,7.241063558085622,7.845675339915388,7.181697698951181,7.760160080764618,7.193903772341974,7.124685713764293,6901028188029,202506
1.6795622492200835,3.018472602741573,-0.19278392251360543,1.489688257324467,2.314454093347695,2.2214646569967584,1.5122085914833967,2.6797919313608314,0.8955901045336025,3.7866821938700546,6901028188029,202508
6.406769645144031,5.280277668907465,7.5522831580373095,6.485751634611301,7.479324236895535,6.845749756245191,7.104546017166987,7.741727128822499,7.408444399467715,7.41379099543331,6901028188029,202509
6.258947921356281,5.184648207647987,7.8779892604425905,5.8893088062267775,6.108929567872262,6.072303440163389,6.502363296148199,5.505697571704962,6.532783288017032,5.56272969988568,6901028188029,202511
-1.463333165642143,-0.6729456564823875,-4.160986940440985,-0.3126187867916774,-0.25987863944792233,-2.0710386721441645,-2.2512513769596283,-0.3894559983229922,-0.873200471608198,0.03126820007330616,6901028188029,202601
7.136086207717221,5.021470052750983,6.024244961239365,4.818432253643488,5.575181396818111,5.591564691803434,6.860577061347784,6.928376570538447,5.0679982197919875,4.736339734134355,6901028188029,202602
4.201328098603911,4.322454588967207,4.209935244448932,4.5605484646924594,4.411198996774518,3.8410916040739074,4.643147201677143,6.164606495425916,4.6719102601221625,3.561204465102672,6901028188029,202603
5.73111690455999,5.030840538664451,6.342059482043434,6.6013907969646235,5.951021572377157,4.3234470908787035,6.5488756017480005,5.911210105232661,4.756958562297942,4.7418692894844074,6901028188029,202604
5.210150462298105,5.277155132954318,5.266765928787647,6.094255535208825,5.386918256751737,3.7716178967572294,5.031960952100582,6.282051441579793,4.103791923898664,4.736824989692998,6901028188029,202605
5.539442802683607,5.363028995420833,7.08404341742832,6.035768397685537,6.576723889785054,5.111454617219163,6.0080117463112614,5.713645627499164,6.282804789334718,5.326334464249922,6901028188029,202606
2.28413769781778,1.8988637786984743,0.40693936687730714,1.2820792459234185,1.308879681066836,0.1334845637501585,0.9208781770286052,2.168530174715722,1.337172962954985,0.21397255262189308,6901028188081,202501
11.993458591666537,12.727081550193962,11.39941325073547,13.15255514628795,12.988224343304113,13.133807124227493,12.302823488636466,14.823908218289542,11.964190800822752,11.671111273329732,6901028188081,202502
9.812337642939326,11.186799062783896,10.130512083396464,11.74255338731995,10.824187483753727,10.822652226211362,10.834217642780738,9.993572554333909,10.288628894199118,10.854878103171984,6901028188081,202503
15.030197512804392,16.20679299388678,16.25892750386318,16.566125835462515,17.139791327967735,15.244519098792619,15.020487476152562,15.670012690259231,15.04590548343903,15.343027223533273,6901028188081,202504
5.197543515465924,4.490216399513504,3.820434975090314,3.854407524768768,4.077172782953043,2.831942658913607,4.574769546615504,4.124328242666226,4.086382199797583,2.770634504875983,6901028188081,202505
16.728855909895433,16.614372253012554,16.519264545721793,18.19694114976388,18.022929748063515,16.770770238353204,17.332937266275103,18.03893619198438,15.799199217209893,16.102216212617783,6901028188081,202506
15.817017963452315,16.205362478324425,16.871123470305733,17.66564475513673,17.253282553276282,15.554165083501362,15.944362031916171,15.76662990189061,14.816107712986664,15.21142408568777,6901028188081,202507
11.722630559618324,13.013375735526163,13.362501026611435,13.105791527092832,14.480098884774904,11.945240810034022,12.825025002192696,12.745127596502837,11.81060107006841,12.633568190939855,6901028188081,202508
15.681431776208402,16.43476562040748,16.2640363846766,17.978769918054905,17.42677541681552,15.438362572862395,16.68386075433952,16.649666093517236,15.762147422988313,16.59077032619219,6901028188081,202509
13.046060178242106,13.736888039392156,12.694999494253835,14.973633836585279,13.456135968415799,13.999240140437191,13.27705754223814,15.28469346446615,12.589806384395917,12.37700120885883,6901028188081,202510
8.659319559380517,10.150721608419166,8.309833499258023,9.230070674183027,8.575834746556161,9.054668633277576,9.259214249207043,8.931526218762222,8.940844715561092,8.190652241423008,6901028188081,202511
0.20019295695120098,2.6153281508309636,-0.8430671505746554,0.7754012956142403,1.5175270547077258,-1.4979875930943876,1.4736351822770435,1.2584429533613288,-0.1321007485096094,1.7419675699640718,6901028188081,202512
3.833487704556112,3.874656054496323,4.216173558491907,3.949004215665196,2.3802420121428556,1.6624769341721988,2.7845483515525924,4.150217663543528,2.7444422689008015,2.178392178640607,6901028188081,202601
11.735347759901497,12.191687042669047,9.913038003109882,11.796907020919914,12.632994089815805,11.909545312461574,11.570995037046206,14.379411588321464,11.353201241375459,11.27853993022132,6901028188081,202602
12.1187857117952,12.965777797734725,12.581240423326506,13.713450039822199,12.947909752578077,12.394808208546655,13.245848412569908,14.137467036436604,12.451139633836485,13.085383336909878,6901028188081,202603
10.431118660037603,12.481083405618609,12.016900167368632,11.759992365213597,11.228862498846606,11.270910520882639,11.638556613014101,10.967134451080522,10.870085908404535,10.047502344901197,6901028188081,202604
11.093580027106679,13.909015461619468,12.12463807680595,13.695670368855467,12.751067939214556,10.763809317310576,12.515278657963007,13.344663595371125,12.065060520724447,11.043940513443138,6901028188081,202605
10.91840852064535,12.448132554039363,12.65132815030633,11.689149258560613,12.045905007313175,11.558690865767861,11.798856856296487,11.604323571759576,11.40364687705826,10.835635138709995,6901028188081,202606
2.28413769781778,1.8988637786984743,0.40693936687730714,1.2820792459234185,1.308879681066836,0.1334845637501585,0.9208781770286052,2.168530174715722,1.337172962954985,0.21397255262189308,6901028189057,202501
0.8955244753498519,-0.9707661166863303,-1.7615497826438273,0.8355582736809606,-1.7193808600989122,-1.4531278390506908,0.4977620358861838,1.3506157451327974,1.5329562028917092,-0.36096996515313506,6901028189057,202502
0.8955244753498519,-0.9707661166863303,-1.7615497826438273,0.8355582736809606,-1.7193808600989122,-1.4531278390506908,0.4977620358861838,1.3506157451327974,1.5329562028917092,-0.36096996515313506,6901028189057,202503
0.8955244753498519,-0.9707661166863303,-1.7615497826438273,0.8355582736809606,-1.7193808600989122,-1.4531278390506908,0.4977620358861838,1.3506157451327974,1.5329562028917092,-0.36096996515313506,6901028189057,202504
0.8955244753498519,-0.9707661166863303,-1.7615497826438273,0.8355582736809606,-1.7193808600989122,-1.4531278390506908,0.4977620358861838,1.3506157451327974,1.5329562028917092,-0.36096996515313506,6901028189057,202505
0.8955244753498519,-0.9707661166863303,-1.7615497826438273,0.8355582736809606,-1.7193808600989122,-1.4531278390506908,0.4977620358861838,1.3506157451327974,1.5329562028917092,-0.36096996515313506,6901028189057,202506
0.8955244753498519,-0.9707661166863303,-1.7615497826438273,0.8355582736809606,-1.7193808600989122,-1.4531278390506908,0.4977620358861838,1.3506157451327974,1.5329562028917092,-0.36096996515313506,6901028189057,202507
0.8955244753498519,-0.9707661166863303,-1.7615497826438273,0.8355582736809606,-1.7193808600989122,-1.4531278390506908,0.4977620358861838,1.3506157451327974,1.5329562028917092,-0.36096996515313506,6901028189057,202508
0.8955244753498519,-0.9707661166863303,-1.7615497826438273,0.8355582736809606,-1.7193808600989122,-1.4531278390506908,0.4977620358861838,1.3506157451327974,1.5329562028917092,-0.36096996515313506,6901028189057,202509
0.8955244753498519,-0.9707661166863303,-1.7615497826438273,0.8355582736809606,-1.7193808600989122,-1.4531278390506908,0.4977620358861838,1.3506157451327974,1.5329562028917092,-0.36096996515313506,6901028189057,202510
0.8955244753498519,-0.9707661166863303,-1.7615497826438273,0.8355582736809606,-1.7193808600989122,-1.4531278390506908,0.4977620358861838,1.3506157451327974,1.5329562028917092,-0.36096996515313506,6901028189057,202511
0.8955244753498519,-0.9707661166863303,-1.7615497826438273,0.8355582736809606,-1.7193808600989122,-1.4531278390506908,0.4977620358861838,1.3506157451327974,1.5329562028917092,-0.36096996515313506,6901028189057,202512
0.367403545833051,1.4122749817828573,-0.5006672368936194,0.4643536224552771,-1.3272967236094428,0.2568575629013189,1.5159739932811263,-0.9334689021199682,-0.9696490989344171,-0.044985815657473616,6901028189989,202503
0.727266505350447,-1.1386745973360557,0.8050173368592894,0.4381236571324618,0.05596151384888559,1.0923549633698921,-0.11132162518809174,0.4466220086188539,0.5980110355260274,-0.5394725331567838,6901028189989,202504
0.727266505350447,-1.1386745973360557,0.8050173368592894,0.4381236571324618,0.05596151384888559,1.0923549633698921,-0.11132162518809174,0.4466220086188539,0.5980110355260274,-0.5394725331567838,6901028189989,202505
0.727266505350447,-1.1386745973360557,0.8050173368592894,0.4381236571324618,0.05596151384888559,1.0923549633698921,-0.11132162518809174,0.4466220086188539,0.5980110355260274,-0.5394725331567838,6901028189989,202506
0.727266505350447,-1.1386745973360557,0.8050173368592894,0.4381236571324618,0.05596151384888559,1.0923549633698921,-0.11132162518809174,0.4466220086188539,0.5980110355260274,-0.5394725331567838,6901028189989,202507
0.727266505350447,-1.1386745973360557,0.8050173368592894,0.4381236571324618,0.05596151384888559,1.0923549633698921,-0.11132162518809174,0.4466220086188539,0.5980110355260274,-0.5394725331567838,6901028189989,202509
0.727266505350447,-1.1386745973360557,0.8050173368592894,0.4381236571324618,0.05596151384888559,1.0923549633698921,-0.11132162518809174,0.4466220086188539,0.5980110355260274,-0.5394725331567838,6901028189989,202510
0.727266505350447,-1.1386745973360557,0.8050173368592894,0.4381236571324618,0.05596151384888559,1.0923549633698921,-0.11132162518809174,0.4466220086188539,0.5980110355260274,-0.5394725331567838,6901028189989,202511
0.367403545833051,1.4122749817828573,-0.5006672368936194,0.4643536224552771,-1.3272967236094428,0.2568575629013189,1.5159739932811263,-0.9334689021199682,-0.9696490989344171,-0.044985815657473616,6901028190374,202501
4.329540545209082,2.7167300477472276,3.25560808600257,2.616312124985771,2.6815992392861867,4.136197084237196,3.528319656595417,3.1177789028947576,4.4702075299104855,3.1263069524146023,6901028190374,202502
0.6997520727599449,0.032612181895330106,3.4704141784920712,2.3013362556692343,-0.3606787601444147,2.491538436209961,2.091413349053369,1.3004968911158739,0.7414994111429332,0.7033006957207033,6901028190374,202503
2.554291575660225,1.700370201148257,2.168378710784642,2.8071126752256736,0.5512323787926754,2.6162213647885126,3.34097453369172,1.4610195235187526,1.2259324101609104,1.435484886392079,6901028190374,202504
1.8915001702083947,0.7443313545280271,1.5182197082872637,1.7950371150275086,1.5646969248779319,2.168235484542143,1.4874244126737062,1.2225589333508788,1.6636635895828078,1.9973389982055538,6901028190374,202505
0.8210292946055232,-0.07369547772364098,2.9775423391984344,1.9308427884619848,-0.31287579929293974,1.546759496135309,1.73010151525043,0.9446064642913383,1.2692441294881613,0.22634714854750004,6901028190374,202507
3.4441193702129453,2.470870216450342,4.274332317017441,3.352964043653809,3.049604747428379,3.492012689437405,3.8752623908876984,2.0789938755071367,2.1430544490620758,3.3250901529262613,6901028190374,202508
3.414623956510204,2.259530221982889,4.145092427077445,3.664940563390092,2.0776484128436676,3.2205247021045,3.522447929346718,2.129772142590614,2.167614966225372,2.1874353359416956,6901028190374,202601
-0.9133550441134026,-1.4008860967895884,-0.38827073809122714,-0.5239865975021463,-0.8106177839802569,-0.7069511144911902,-0.8834011815389429,-0.6025254968551512,-0.6867693728440982,-1.0072371512156668,6901028190374,202604
2.28413769781778,1.8988637786984743,0.40693936687730714,1.2820792459234185,1.308879681066836,0.1334845637501585,0.9208781770286052,2.168530174715722,1.337172962954985,0.21397255262189308,6901028190602,202501
12.714790440811722,12.389124004306982,11.296138069921835,13.150989996928478,12.097916849430433,11.722585699599552,11.940605392658586,14.200254829264498,12.043965789084664,11.41244913977496,6901028190602,202502
10.478481752623857,9.57623367252147,9.751413345603545,11.608120504497514,9.801431422137854,10.421335088177662,10.235958059787652,8.665068021205736,8.005294956957501,9.656381281721107,6901028190602,202503
11.909214134310503,12.428797547339705,13.232474944643945,12.172642254341229,13.729880347033331,10.910639211993672,11.28786542981151,11.942041168529164,11.518365329223162,13.918619269860026,6901028190602,202504
6.267114340414918,4.799412017548825,5.487413069007989,5.643155149501124,5.036255400841275,4.930989662679283,4.854122506704475,3.9830112154478465,5.67058906586598,5.051267264029854,6901028190602,202505
14.785155839694735,15.496700332531157,16.70347737635275,15.990863019288966,15.509685667971548,15.298786456636178,16.427318824320164,17.053416416008677,14.481243072156847,13.48223263192518,6901028190602,202506
13.170730502625496,13.766415249341247,12.826752256805857,15.08904838660889,12.648488287855884,12.217928792625324,13.097646189704097,14.396536753123065,12.440032066088706,13.344947353610337,6901028190602,202507
10.932200877540268,10.170388054331697,11.40257026391188,11.42865243402208,12.424018964198696,10.320603875007555,10.282992536224521,10.606245788063996,10.23394926318601,11.780380701236824,6901028190602,202508
7.183570794028252,7.651521970976997,6.782656509857961,6.511963212226393,6.78563674235296,7.208380397520558,6.588948430163035,7.299745501489097,7.209960797082271,7.521910382627402,6901028190602,202509
12.710611807406496,11.628395555084705,12.628113503706249,14.406349199567046,12.617613277406573,11.836225394832955,13.081108120739456,14.125199484846632,11.685285935350324,11.402458855515347,6901028190602,202510
14.497835272673546,14.28054506263143,15.916174802743637,15.745982584245413,15.65123394393963,14.712871700598894,16.377546964222574,14.888539568756613,14.799356762554275,13.519407178757096,6901028190602,202511
7.0230906198428995,4.2481903254516284,4.104504979653593,6.517468332296686,5.223164485241971,4.316627425288768,4.640708328135798,3.9930065699822626,6.29446525003765,5.596214430239413,6901028190602,202512
11.675281431279023,11.470415009498222,12.732465839953079,14.318899790784842,12.6201452706792,11.698203707257383,12.289871479042208,12.5978798315124,10.000138061079713,10.853538952295398,6901028190602,202601
12.814912186669755,12.830210607597715,13.006851072220686,13.717080121647987,12.047027259178911,12.575795159189102,12.626968217486993,14.37054298428742,11.95127779262892,11.316851316752391,6901028190602,202602
11.972343165864128,13.029919286195904,13.090212889245336,13.061334449984924,12.62737808730827,11.868082207888653,13.06807897305331,15.181767827071956,11.256664303115832,12.727392245078041,6901028190602,202603
10.979137396721972,12.100343129205626,12.480861494102882,11.749566026171378,12.142819661570222,11.607228916373717,12.511427359364365,11.970948103936825,11.597023407390695,12.381596668436535,6901028190602,202604
11.277962158375,12.453563037144653,12.596508933045783,13.019790030603756,12.978635222796408,11.807752942847415,13.167106007460688,11.16713041510826,12.391540592657618,11.255922456446735,6901028190602,202605
14.107662029606686,13.741114051841702,14.088172702324528,15.400485049394947,15.326954892698645,13.67919116358112,15.267975317651741,15.10284599138019,14.217946192189359,12.897037864904677,6901028190602,202606
2.3528945299155515,1.87958269990848,1.8272990610784277,2.0689654519457985,1.706687642690523,1.8200419476552563,1.4001734813063114,2.9759648960034846,1.4675965762833978,-0.01553740964288422,6901028191142,202501
7.194842881460124,6.754327837792395,6.940288573559065,5.498333434962279,3.923541279207999,4.589628162518435,5.81943665102898,5.04903818980975,5.604684848694274,8.693048990386115,6901028191142,202502
7.194842881460124,6.754327837792395,6.940288573559065,5.498333434962279,3.923541279207999,4.589628162518435,5.81943665102898,5.04903818980975,5.604684848694274,8.693048990386115,6901028191142,202503
4.155515277088454,3.177280926796051,4.578845449070108,3.133751366670438,3.138224420680883,1.8157466996445892,3.253027424070863,2.525293600323063,2.6651571226544224,2.716558794568914,6901028191142,202504
7.194842881460124,6.754327837792395,6.940288573559065,5.498333434962279,3.923541279207999,4.589628162518435,5.81943665102898,5.04903818980975,5.604684848694274,8.693048990386115,6901028191142,202505
7.194842881460124,6.754327837792395,6.940288573559065,5.498333434962279,3.923541279207999,4.589628162518435,5.81943665102898,5.04903818980975,5.604684848694274,8.693048990386115,6901028191142,202506
7.194842881460124,6.754327837792395,6.940288573559065,5.498333434962279,3.923541279207999,4.589628162518435,5.81943665102898,5.04903818980975,5.604684848694274,8.693048990386115,6901028191142,202507
7.194842881460124,6.754327837792395,6.940288573559065,5.498333434962279,3.923541279207999,4.589628162518435,5.81943665102898,5.04903818980975,5.604684848694274,8.693048990386115,6901028191142,202508
7.194842881460124,6.754327837792395,6.940288573559065,5.498333434962279,3.923541279207999,4.589628162518435,5.81943665102898,5.04903818980975,5.604684848694274,8.693048990386115,6901028191142,202509
7.194842881460124,6.754327837792395,6.940288573559065,5.498333434962279,3.923541279207999,4.589628162518435,5.81943665102898,5.04903818980975,5.604684848694274,8.693048990386115,6901028191142,202510
7.194842881460124,6.754327837792395,6.940288573559065,5.498333434962279,3.923541279207999,4.589628162518435,5.81943665102898,5.04903818980975,5.604684848694274,8.693048990386115,6901028191142,202511
7.194842881460124,6.754327837792395,6.940288573559065,5.498333434962279,3.923541279207999,4.589628162518435,5.81943665102898,5.04903818980975,5.604684848694274,8.693048990386115,6901028191142,202512
7.194842881460124,6.754327837792395,6.940288573559065,5.498333434962279,3.923541279207999,4.589628162518435,5.81943665102898,5.04903818980975,5.604684848694274,8.693048990386115,6901028191142,202601
7.194842881460124,6.754327837792395,6.940288573559065,5.498333434962279,3.923541279207999,4.589628162518435,5.81943665102898,5.04903818980975,5.604684848694274,8.693048990386115,6901028191142,202602
7.565023912099345,6.185012377116174,8.254824350361266,8.540501540769998,7.890317713020325,8.46364064456181,7.742496783904757,10.03438304710114,9.22643799803356,7.153557717144354,6901028191142,202603
4.525542925022618,2.8892608289590886,4.347611484616953,3.1732879058613794,3.231597840009017,1.836002007967269,2.8137677051963683,2.687700972972026,2.7789807314388204,3.058154864659769,6901028191142,202604
5.592375256565978,5.576307667079193,6.908393572540328,6.545497807134885,6.807661829123328,2.5062314810623185,5.075487784733218,6.300568565570926,5.37220383561785,5.703538305296927,6901028191142,202605
5.846389750467379,5.32848118085655,6.51313291420695,6.473857727940475,6.860685847088889,2.4873269034503984,4.822427651509842,6.401785791580277,5.00658888396865,6.211075505758297,6901028191142,202606
0.367403545833051,1.4122749817828573,-0.5006672368936194,0.4643536224552771,-1.3272967236094428,0.2568575629013189,1.5159739932811263,-0.9334689021199682,-0.9696490989344171,-0.044985815657473616,6901028193504,202501
7.5812026938546735,6.6836026010758935,7.550730863811168,7.502989752909718,7.13188322572774,7.040232602472621,7.152688527413253,7.5947595005793245,6.59008497748496,5.664164614082212,6901028193504,202502
7.908273033345955,7.026159817353185,7.751673114406019,8.226331685070477,6.734009706813869,7.413393564454489,7.341887934420518,7.77836355718827,7.606545561529149,6.809268363637367,6901028193504,202503
7.910980709622562,7.8541178051453935,8.502358274285235,7.95762824939202,7.223434658522972,8.19374719447102,8.001567450354138,7.625436489661723,7.70335623604252,6.684713190036398,6901028193504,202504
6.752183379512476,6.827861470595108,6.501267001140037,7.130500626358411,7.21723690163194,6.750868562906851,7.210681119140962,6.720412913132691,6.886012517203005,5.448647381082303,6901028193504,202505
2.4891883749268136,2.2319814134118983,2.028959312067516,2.841137437493795,3.5952937952907074,0.762909910435102,2.950551021492876,1.803397433875568,1.6649896001808817,4.002998485399764,6901028193504,202506
-1.3073404434609022,0.7030715696164821,-2.116984789494851,-0.4209110246230756,0.22498991323838258,-1.7115587341385368,-1.5842797053291406,0.6322964736092322,2.273938427193041,1.1886187026980761,6901028193504,202507
4.286510543575481,3.9219583669298883,3.022084309382227,3.684862797278644,1.567985709348399,4.306400066456008,4.494339243444213,4.656493884309683,3.816336490548983,2.803374004854029,6901028193504,202508
7.015016561192689,7.011864632566825,8.099129524786797,8.510584171849972,7.5483439626250375,7.809602266066601,7.898118758207208,7.723329447649949,7.314308334906574,6.149721225313806,6901028193504,202509
7.1674016326488745,7.6903058688541295,6.5833023033959055,7.1382827076176385,7.521589064930011,7.332454844018703,7.946482133602937,6.789219165531297,7.2020625316324445,6.165619032265916,6901028193504,202510
8.688478347793895,7.345814512177739,8.094091641168461,8.718306895495544,7.919560388735363,8.331065824280554,7.676318835899567,7.416533500199694,8.765299522077488,7.5662264996566995,6901028193504,202511
6.0734051604416734,3.035617485311346,3.6279447157655595,4.280519427588461,2.525136583174968,4.200321924288426,5.154850554611657,3.9457836056310955,3.664207334619654,3.3844394645743705,6901028193504,202512
0.476847840069043,1.149545248314329,-2.1902490351935557,0.7867091052738644,-0.5152802625577662,-0.18188479882609904,0.008532343788792529,-0.10546728368325436,0.4709515372607143,1.5949000898261507,6901028193504,202601
7.258085316301452,5.971643580408315,7.609124809345683,7.719983163533067,6.488800568614416,7.6318990503791895,7.775136162226371,6.475404021060136,8.09334464417029,5.891809217349008,6901028193504,202602
7.664626306438832,7.293097401334659,7.436096175153196,7.510651552716945,7.8982729443621835,7.874806299834528,8.031718522985948,7.045831747367418,6.816837678738866,6.263345728663,6901028193504,202603
5.711750476478055,6.432824040475271,7.323917410610614,7.065333711162074,4.682938768639993,6.010191457001734,6.125834341427475,5.665288043809748,6.007496948649176,5.9013027176624675,6901028193504,202604
6.358000491685455,4.281451045767172,6.556432410389491,5.930285922843731,5.055742931291861,5.864523796633707,6.876854050391709,5.408636413604405,6.200233462073057,5.397618476892946,6901028193504,202605
3.6040146717006514,1.3970564188592496,3.288314875590352,3.311010210793367,0.746659019790772,2.765552290100219,4.4622669989747665,2.4305090638303013,3.6983082652138486,1.8297509926749944,6901028193504,202606
0.367403545833051,1.4122749817828573,-0.5006672368936194,0.4643536224552771,-1.3272967236094428,0.2568575629013189,1.5159739932811263,-0.9334689021199682,-0.9696490989344171,-0.044985815657473616,6901028196024,202503
2.3569307853009156,0.9212797975365062,2.058852527127861,1.1257736684349224,0.7238870904780315,2.256536728237979,1.9925546233832176,1.5929576309450673,3.1183076163090195,2.03947054646166,6901028196024,202504
0.4587083709155241,0.1256287509642856,0.1640384349338571,-0.41242597513083107,-0.15677187176249874,1.5632364651867572,-0.8551230828237306,0.20619601636264806,0.06486310958843673,-0.015108275307653019,6901028196024,202508
1.8613823737167223,3.3531255918726566,3.6608839262267368,3.3196573605556505,3.5126025640040286,3.8713989510539784,1.3460171423437972,3.2047391124218683,1.8997996007718032,3.1199681904737107,6901028196024,202510
0.4587083709155241,0.1256287509642856,0.1640384349338571,-0.41242597513083107,-0.15677187176249874,1.5632364651867572,-0.8551230828237306,0.20619601636264806,0.06486310958843673,-0.015108275307653019,6901028196024,202602
1.8613823737167223,3.3531255918726566,3.6608839262267368,3.3196573605556505,3.5126025640040286,3.8713989510539784,1.3460171423437972,3.2047391124218683,1.8997996007718032,3.1199681904737107,6901028196024,202603
2.34246234854606,1.5917603829296127,2.955908717706873,1.7150474561571158,0.877787225201716,2.3844102291654012,2.3257490602445516,1.8843364962637477,3.061347874449673,2.0588588392314517,6901028196024,202604
2.1079601869881253,0.9794678026855034,1.8669830936150167,1.8809465708485886,0.7385756530761552,2.466997318657196,2.30548932178701,1.3665780123066726,3.634230581417145,1.9485730336215699,6901028196024,202605
0.367403545833051,1.4122749817828573,-0.5006672368936194,0.4643536224552771,-1.3272967236094428,0.2568575629013189,1.5159739932811263,-0.9334689021199682,-0.9696490989344171,-0.044985815657473616,6901028204026,202501
1.672761525806297,1.6619971765449164,0.6404259907000077,1.557068811355312,1.0456554327107952,0.8648337728016222,0.7202409189742158,2.6432884065703695,2.7292338104701854,0.3542962653206029,6901028204026,202505
1.672761525806297,1.6619971765449164,0.6404259907000077,1.557068811355312,1.0456554327107952,0.8648337728016222,0.7202409189742158,2.6432884065703695,2.7292338104701854,0.3542962653206029,6901028204026,202506
1.672761525806297,1.6619971765449164,0.6404259907000077,1.557068811355312,1.0456554327107952,0.8648337728016222,0.7202409189742158,2.6432884065703695,2.7292338104701854,0.3542962653206029,6901028204026,202508
-0.17787965479899936,1.7394718032836496,0.017987730071881425,0.7845029076840678,1.1553922895341835,-0.4922583517031498,-0.17444151508508463,1.0118601874598125,3.6629294886896866,2.2428577607094287,6901028204026,202509
3.099943528797647,1.7798205397918516,3.083756778760452,2.4805756980735696,0.6805977340163909,2.7828470379704164,3.5494417022370355,2.2723577677806848,3.7915490184551444,3.2650866500335005,6901028204026,202510
1.672761525806297,1.6619971765449164,0.6404259907000077,1.557068811355312,1.0456554327107952,0.8648337728016222,0.7202409189742158,2.6432884065703695,2.7292338104701854,0.3542962653206029,6901028204026,202511
1.672761525806297,1.6619971765449164,0.6404259907000077,1.557068811355312,1.0456554327107952,0.8648337728016222,0.7202409189742158,2.6432884065703695,2.7292338104701854,0.3542962653206029,6901028204026,202604
3.8271362497921153,3.641957040022304,1.9714210147345383,3.310300083859836,1.597158948032973,3.43835726877498,3.9198917954909556,2.285499853576721,4.618966142884065,3.607288361059117,6901028204026,202605
0.9834389937482204,0.19796441334479353,1.9590966054250147,1.328790918085529,-0.4564820970864294,1.6556767613816272,1.730342570083575,0.8715182289110652,2.3785050463771085,1.320996997790219,6901028204026,202606
0.367403545833051,1.4122749817828573,-0.5006672368936194,0.4643536224552771,-1.3272967236094428,0.2568575629013189,1.5159739932811263,-0.9334689021199682,-0.9696490989344171,-0.044985815657473616,6901028204835,202501
8.10779141849752,6.923399087935691,8.810964672076981,7.798957157324944,8.830759221028329,7.150202147173644,8.071159699226461,8.268381938961078,7.760277156754393,7.727018040640086,6901028204835,202503
0.6648338671329004,0.4776257671670304,-0.658679778158271,0.49462342238120016,0.08227693408348197,1.4805545458770868,0.691369326312943,1.678873399618493,0.8776458863066946,0.8912659419948289,6901028204835,202504
2.7376794651129206,3.054031728323104,4.0495260293647775,4.394733746416163,4.308934687174768,0.7809902946305598,3.090112146892122,2.042537546268724,2.6008491347433056,3.134695488742137,6901028204835,202507
6.6207600130137525,6.326092909226853,5.5906261992441975,5.595108600514307,5.829287908070499,6.994732855333236,5.965538300927949,5.903172792662582,6.116410120266764,6.35628661482159,6901028204835,202508
5.63151844026924,5.014745861426415,6.010277210434189,4.811192669383938,5.541473409124174,6.738466081367281,5.652942700360205,5.107984761832881,6.18714769840261,5.66138108610899,6901028204835,202509
5.239171668519931,4.25777760105832,4.8051878389731275,4.58686805599303,4.792536888249315,4.572471084070821,5.048293218853284,3.51807635782633,5.07979440796524,3.4840923785117472,6901028204835,202510
3.935993247678358,3.913662647146633,4.548382286506156,3.8853213015969597,4.080496001372561,6.000027105942517,4.532366279582526,4.390245700141402,6.0919352889264315,4.521447300452929,6901028204835,202512
-1.6939976733791409,-0.03137237694227524,-0.8808744730325226,0.2212582481907941,-2.2649875856943993,-2.2266430102112187,-0.0673265276127995,-1.3246166705314824,-0.8026285110949077,-0.2784242061940659,6901028204835,202601
1.8733809973621216,2.4013210602786406,3.292345373583481,2.866474861298797,3.1630756795352113,1.316726339271686,3.1427740891143294,1.2746901010226959,2.4818082188120574,4.697597980692944,6901028204835,202602
-0.299767222426956,2.0656101441885544,1.526486507836603,1.9754909444592388,0.19073141916544412,1.4021289026201291,2.442831228445954,2.1433114899052343,1.1638236132468904,2.1551655731203643,6901028204835,202603
0.3675304119483514,1.5018751057457544,1.262022502166937,2.7856519094161536,-0.30595206384517526,-0.25788092895302694,1.431815781221937,2.411553447743767,-0.272284141352024,1.175249157972247,6901028204835,202604
0.5296254141060766,2.5104554347141916,1.250743718494696,2.111445327468403,0.86959870885961,1.3401556257260006,-0.2024060270510829,2.1678848104765307,1.5694141132360269,0.5575130205964273,6901028204835,202605
-0.1452458431564935,2.8985372136193215,3.927975038643832,3.009957952151223,-0.12647843122069705,0.9989911789797965,1.0206760218531004,1.770074875083093,1.2580111449754465,1.5048064830953483,6901028204835,202606
2.28413769781778,1.8988637786984743,0.40693936687730714,1.2820792459234185,1.308879681066836,0.1334845637501585,0.9208781770286052,2.168530174715722,1.337172962954985,0.21397255262189308,6901028207089,202501
7.482205735179035,5.4690330810118155,8.03005373138837,6.561471050468063,7.532024518373484,5.567114536350971,6.1262575036855464,6.535321517367551,7.508943586618637,7.610746472201977,6901028207089,202502
10.887596892516545,9.314625409855736,11.665095158169827,11.009995831856425,10.618116973224781,10.32094805951259,9.407521513550238,11.244110411484408,13.431888021994693,9.977445459183507,6901028207089,202503
10.887596892516545,9.314625409855736,11.665095158169827,11.009995831856425,10.618116973224781,10.32094805951259,9.407521513550238,11.244110411484408,13.431888021994693,9.977445459183507,6901028207089,202504
10.887596892516545,9.314625409855736,11.665095158169827,11.009995831856425,10.618116973224781,10.32094805951259,9.407521513550238,11.244110411484408,13.431888021994693,9.977445459183507,6901028207089,202505
10.887596892516545,9.314625409855736,11.665095158169827,11.009995831856425,10.618116973224781,10.32094805951259,9.407521513550238,11.244110411484408,13.431888021994693,9.977445459183507,6901028207089,202506
10.887596892516545,9.314625409855736,11.665095158169827,11.009995831856425,10.618116973224781,10.32094805951259,9.407521513550238,11.244110411484408,13.431888021994693,9.977445459183507,6901028207089,202507
10.887596892516545,9.314625409855736,11.665095158169827,11.009995831856425,10.618116973224781,10.32094805951259,9.407521513550238,11.244110411484408,13.431888021994693,9.977445459183507,6901028207089,202508
10.887596892516545,9.314625409855736,11.665095158169827,11.009995831856425,10.618116973224781,10.32094805951259,9.407521513550238,11.244110411484408,13.431888021994693,9.977445459183507,6901028207089,202509
10.887596892516545,9.314625409855736,11.665095158169827,11.009995831856425,10.618116973224781,10.32094805951259,9.407521513550238,11.244110411484408,13.431888021994693,9.977445459183507,6901028207089,202510
10.887596892516545,9.314625409855736,11.665095158169827,11.009995831856425,10.618116973224781,10.32094805951259,9.407521513550238,11.244110411484408,13.431888021994693,9.977445459183507,6901028207089,202511
0.367403545833051,1.4122749817828573,-0.5006672368936194,0.4643536224552771,-1.3272967236094428,0.2568575629013189,1.5159739932811263,-0.9334689021199682,-0.9696490989344171,-0.044985815657473616,6901028207508,202501
8.515169864887596,7.517232529552292,8.963459940429951,8.245199639349497,8.52679639329866,8.585517043430544,8.287771772311764,8.873160514661324,7.900533376936794,6.524286058223391,6901028207508,202502
0.537404255308953,2.828009267970047,0.9363788797861312,1.1522042999471096,1.4811968437765297,0.5892107577698642,0.2977247429472527,1.6612658452047726,3.2539349320313877,4.38304776310109,6901028207508,202503
1.3407601864218113,0.9861901983205168,0.6322198349958692,2.1695016059262784,1.7064616489602276,0.7181754515607082,0.8512446727414137,0.6917275461747454,1.8350660718404908,1.287949164081737,6901028207508,202504
5.417316924202376,6.722769096358191,5.375846587158347,6.691895953198374,8.44228242641585,7.0251177489793095,6.935354007771642,6.271555760424962,7.265858170820835,4.632304945527702,6901028207508,202505
2.4697694004775963,0.6863124299106931,1.0441250191506437,2.560496404730949,3.151305902071107,2.130374734813864,2.3849953339306103,2.0671131018215694,1.7179600292195967,1.2648251712242862,6901028207508,202506
2.914305817852904,1.8997606534455067,1.7345869785189267,2.5474350342934335,3.113549179890824,2.1996556628058643,2.7774129771804454,1.818946146591585,1.8165003200247587,0.7249178695616041,6901028207508,202507
3.2693883815732225,2.901790508976305,2.23234745943744,3.454991271678949,2.5037571604839512,3.3103468948144417,2.672901246410976,3.8635249804567406,4.114087740721705,4.672402299597624,6901028207508,202508
6.445489035404945,6.273476131303627,7.21620271813472,5.815808249207537,4.258151797258722,7.072927055120871,5.930664369850242,6.725803934712573,6.840715608197849,7.658114503012801,6901028207508,202509
0.15466840463350545,2.48200005562276,2.1599133450221464,2.305959283691388,2.6555084196337964,1.8661357294639649,1.5399158501297303,3.7519982885237324,3.0969949914533412,3.1761820328705466,6901028207508,202510
4.133143180443384,4.149076159571725,3.568161451102891,5.416889819037044,4.627083473800724,5.0855855976697955,5.0438757657239535,3.7810427412780037,4.251220331604818,3.2670180288713455,6901028207508,202511
1.8683398393246557,1.826177593602233,1.341913031203022,2.2357011676054714,1.6438863235239058,2.418535920606304,1.813731760797533,2.9931915242806353,2.9152051145827507,3.324993473198642,6901028207508,202512
0.5876733656370237,-0.05326913217094775,0.1428227016054695,0.8794036077960529,0.29558791667500844,0.8972223562375011,0.17516551308085312,0.2747311362545766,0.7869410491507931,0.10208754649488164,6901028207508,202601
5.421081910866542,4.4753831324745885,5.573435368125973,5.80774743863366,5.501389461011625,5.896305182961732,4.664552504882899,5.0334835268409375,4.9091713409206115,3.8504432409450287,6901028207508,202602
5.600193998043318,4.431111091185953,4.632184790049147,5.498463486799701,5.525897001249151,4.934075475181365,5.711549735158393,5.540483209339447,5.626442810578138,3.548229289791509,6901028207508,202603
5.414892105053655,6.003980750333445,4.982261165203565,5.736186239010742,6.623609015183481,6.276017707270427,6.714966778345621,4.968055125285538,6.254107920745129,4.699824057110034,6901028207508,202604
4.903643751975056,3.970799955315841,3.4828144748151595,4.957398996277474,4.320418840350713,4.938336882232948,3.421816966811222,3.5879108747271546,5.0888454429999594,3.3379399324871306,6901028207508,202605
3.435847034703847,2.0075693746065153,0.9182444269444575,2.623527133897381,0.9915289831428291,3.0362035297947574,2.492577203530314,2.1012229757609404,3.0010243490081483,2.3153625750375406,6901028207508,202606
0.367403545833051,1.4122749817828573,-0.5006672368936194,0.4643536224552771,-1.3272967236094428,0.2568575629013189,1.5159739932811263,-0.9334689021199682,-0.9696490989344171,-0.044985815657473616,6901028207829,202501
-0.40374633046214903,1.0409084614169068,1.154313556931416,1.2081046358580814,-1.2209971743507586,1.0486153550745125,0.18708259068341926,1.2368191779342794,1.278900494561526,-0.24251784726441689,6901028207829,202502
-0.40374633046214903,1.0409084614169068,1.154313556931416,1.2081046358580814,-1.2209971743507586,1.0486153550745125,0.18708259068341926,1.2368191779342794,1.278900494561526,-0.24251784726441689,6901028207829,202503
-0.40374633046214903,1.0409084614169068,1.154313556931416,1.2081046358580814,-1.2209971743507586,1.0486153550745125,0.18708259068341926,1.2368191779342794,1.278900494561526,-0.24251784726441689,6901028207829,202504
-0.40374633046214903,1.0409084614169068,1.154313556931416,1.2081046358580814,-1.2209971743507586,1.0486153550745125,0.18708259068341926,1.2368191779342794,1.278900494561526,-0.24251784726441689,6901028207829,202505
-0.40374633046214903,1.0409084614169068,1.154313556931416,1.2081046358580814,-1.2209971743507586,1.0486153550745125,0.18708259068341926,1.2368191779342794,1.278900494561526,-0.24251784726441689,6901028207829,202506
-0.40374633046214903,1.0409084614169068,1.154313556931416,1.2081046358580814,-1.2209971743507586,1.0486153550745125,0.18708259068341926,1.2368191779342794,1.278900494561526,-0.24251784726441689,6901028207829,202507
-0.40374633046214903,1.0409084614169068,1.154313556931416,1.2081046358580814,-1.2209971743507586,1.0486153550745125,0.18708259068341926,1.2368191779342794,1.278900494561526,-0.24251784726441689,6901028207829,202508
2.28413769781778,1.8988637786984743,0.40693936687730714,1.2820792459234185,1.308879681066836,0.1334845637501585,0.9208781770286052,2.168530174715722,1.337172962954985,0.21397255262189308,6901028211352,202501
10.047389237902953,10.027984647798554,8.832860708524828,9.840928095277823,9.448917586894327,8.851886920036856,9.260055424319772,11.069202920564459,9.415029128424296,9.813743267414127,6901028211352,202502
7.2448065834447455,4.603443723548932,6.098299507793413,7.012214491853461,5.242182024058534,6.180433479613551,5.340099208355104,6.8264883023722644,6.954055155082723,6.249790703141445,6901028211352,202503
11.875445699154815,12.311667502213112,13.572406826647633,12.431262002402459,13.257483947588034,12.560337769735638,13.026517236820974,11.929729993593895,14.248704389447132,12.60869042380461,6901028211352,202504
12.477768077571696,12.995611836110587,13.386925307240267,12.133567014637801,13.385728028758594,12.900959560607964,12.657999004115185,14.240387713969108,13.427217304953095,12.854316672697339,6901028211352,202505
12.166130095570049,11.45149878065845,11.593824327444997,14.013638701914507,12.327359622990349,12.178788902620779,12.525570698867433,13.444624300413604,11.656647617838157,12.146967921699312,6901028211352,202506
8.43867927983725,7.261275487155955,7.018976386586274,8.821336926535553,8.850718146021912,8.48805179360056,8.341072581078441,7.623251815060646,9.029757501129566,7.821134441738891,6901028211352,202507
13.416219836978545,12.336412480578936,12.476112115327776,12.969233680130984,12.27232012006062,13.047510346507144,12.434535422328173,12.91924518310928,12.659654521920926,13.040005314894303,6901028211352,202508
14.152377212106948,15.182968667918828,14.323018092681728,15.037138131904152,14.765723632271403,13.98975739321028,14.570729862620524,15.733866890075264,14.14505384297097,15.357406663478324,6901028211352,202509
11.856883948760823,12.61967042362025,12.87996629447483,13.255876160783764,12.73324500318307,13.223562222201766,12.335936374613137,13.568576630823976,12.809297616246758,13.35638717475173,6901028211352,202510
8.642187446377546,8.980923637569118,8.867484438299154,9.801800470496794,8.81064966168118,8.620415880652455,8.093800072291247,9.693988538523197,9.78337503055879,9.170857767460841,6901028211352,202511
12.299318982798859,12.602957557168956,12.914997497808406,13.419188207723241,14.535195629395488,13.38525000624756,12.933482153743363,13.272101587747587,13.75531673358303,14.192691116286573,6901028211352,202512
5.687518874046821,4.785845566761414,6.084040905009247,5.881268631414112,3.9609399192543178,4.666202173610465,4.976729166900811,4.277917675546657,4.803647376456932,8.299689913693125,6901028211352,202601
12.319420012934824,12.634948007780999,12.353988754241788,13.534538949239993,11.392237789175502,12.68708992033789,12.814681320469063,13.925446945507042,12.275813853096741,12.718169223086337,6901028211352,202602
10.402681980008081,10.277655992592702,10.317276160348563,11.021010253931172,10.033220724396706,11.073117949017245,9.401845439919521,10.72019079344206,11.43453609606487,10.888148398133472,6901028211352,202603
12.264521749677144,12.792158080694458,13.04247804994542,13.993498971692643,12.15340972471863,12.166190234252714,14.430962747727602,13.942473307800881,12.425889518965885,11.797073629785512,6901028211352,202604
11.866481991899626,13.027356945586888,12.899338341079616,13.47451577973853,13.623617395207017,12.52803561284205,14.622590585177205,12.265611289048353,12.904384701054093,11.335051545294782,6901028211352,202605
14.438156376178208,14.511390824173219,14.68381211342051,16.828252639689172,15.528403306344394,15.182090797765687,15.250754073690796,15.321035613774022,14.84944708512434,12.917948513369172,6901028211352,202606
0.367403545833051,1.4122749817828573,-0.5006672368936194,0.4643536224552771,-1.3272967236094428,0.2568575629013189,1.5159739932811263,-0.9334689021199682,-0.9696490989344171,-0.044985815657473616,6901028212137,202501
2.955253224695491,2.089038349939766,2.3307589840194933,1.902983124466062,1.31079363859704,2.9267865377004565,2.1428890050190184,2.126507966880573,3.442110131201749,2.614120500044453,6901028212137,202506
0.3098377555000831,0.8697463944756492,1.506257556436062,1.180302342269898,-0.7995010440845077,0.6197019281847834,0.42485703856968,1.93298596717391,-0.5007629801534051,0.21200128446045596,6901028212137,202508
4.3283263382756445,6.267852490748703,5.1123631507011575,3.7340955435859993,3.83183617728427,2.438992417352061,2.1570729808838864,5.883569231953528,2.2607431546235923,8.055838149429057,6901028212137,202510
2.7999275587865635,1.7242930608752924,3.534031017203747,3.236835814016997,0.9830691436315699,1.2209306834948719,3.0669963744761604,2.4078949316983214,1.8330631602517111,1.5494542538160945,6901028212137,202511
0.367403545833051,1.4122749817828573,-0.5006672368936194,0.4643536224552771,-1.3272967236094428,0.2568575629013189,1.5159739932811263,-0.9334689021199682,-0.9696490989344171,-0.044985815657473616,6901028212229,202501
4.351744613417306,4.259132772652136,4.359903044904454,5.019304958463759,4.15855850900658,5.436490549112223,2.9956044182196617,4.725401867629515,4.330080228550356,4.965138303690237,6901028212229,202502
3.0133487976731166,3.237937274508263,4.391006873403289,1.0779465143742355,3.5373975936958377,4.299543888392071,2.9153073399589555,3.298346724573473,1.9657695310263477,4.28024451833076,6901028212229,202503
3.319767812836749,1.9337817709766765,3.9855220223327943,2.3264822860093783,2.8196359951862426,4.4795121598501275,3.5956701813183685,4.219747138765351,2.4861681628678673,3.6127502374821043,6901028212229,202504
3.0784111447953455,2.16658336692684,2.4407343345197736,2.8883398607188386,0.8489840343658879,1.3050135195505068,2.6425152634453895,4.298230269180447,0.39658258031915716,1.0472169616948357,6901028212229,202505
3.2119807301317294,3.2056668104575454,4.754652312963833,0.6415691403930082,3.23211269529173,3.638278692988483,2.917552983909217,4.238208534589327,2.428351541130861,4.777238110683533,6901028212229,202507
1.7709686231696706,1.151169296528987,3.3724693746485794,3.0643484941686525,1.6973092295847758,2.3362326857532993,3.320637740145655,1.3176513034650266,1.4386040226457286,0.49217812149740436,6901028212229,202508
2.898060078218089,0.6602599239926337,2.0739189318732216,0.3316769705962552,1.3022679129826789,1.610821806696836,2.4705215333374007,1.2848740294549343,1.5522960333826479,0.8006244498888346,6901028212229,202510
5.6303481462233815,3.6167902710434388,4.9047106567758725,4.323251748725445,4.72059235337878,5.569232279568275,4.582106850810189,4.890019968918003,5.39592925616271,5.107614718633927,6901028212229,202601
2.513237231619614,3.210464692761572,3.2942417874112335,3.4009091719361577,2.247151666957946,4.441129200023712,2.8402081853107335,3.7818585759280223,2.213523992109928,2.6004986261640575,6901028212229,202602
0.34883975346621177,-0.5359273670708542,-0.2903634453436497,-0.14598371631558288,0.12349122136816437,0.07713689869678345,-0.23252167954438996,-0.2572674068988071,-0.2612347177447686,-0.01518307030357001,6901028212229,202603
1.012066780899358,0.10759048958108375,1.0890763049277172,1.1917860941706877,0.5300365716679689,1.0002166303117286,0.9764672498659133,0.9064228643018073,0.9325944460711816,1.3329304334895522,6901028212229,202604
1.6544376776798968,0.4227048291870066,1.5802472625551984,1.7081254535653956,0.91882882503689,1.365630518036996,1.249404709736498,0.42628060843861526,1.5272628085832043,1.8153544394759358,6901028212229,202605
0.367403545833051,1.4122749817828573,-0.5006672368936194,0.4643536224552771,-1.3272967236094428,0.2568575629013189,1.5159739932811263,-0.9334689021199682,-0.9696490989344171,-0.044985815657473616,6901028216166,202501
10.912349763001941,10.057423597511264,10.345731241503021,10.932689252351906,11.223047657871563,9.774434305296216,11.004603099423504,11.698717434104058,10.206542262273452,9.88110797027502,6901028216166,202502
7.2458925539639925,5.258996728862773,6.115602990480613,6.350957494492112,5.07981204149694,5.336521866877928,4.592089984426657,4.513422276762684,5.8463513255251796,5.020991142873608,6901028216166,202503
8.490048088520261,6.987585944831587,9.227801288346322,9.126230617408538,9.847619427787587,8.859516819548912,7.436143813399966,7.037936874623931,9.735122017006395,6.8558910738347185,6901028216166,202504
7.148872228276207,5.757537126862894,7.106298182117094,6.961132831094183,6.770092356334315,6.555020208778207,6.540344554815229,4.924917936463284,6.860706370996619,5.400543349635492,6901028216166,202505
8.933474696079237,6.450976435252637,9.168375181180236,9.24037648531206,9.577993264021355,8.664321741221142,7.8005711923768875,6.626253607034583,9.208334231172346,7.182996235036017,6901028216166,202506
5.942991259176804,6.731364774956038,7.498333285650651,6.219544209607328,5.3191817991246095,7.174318990485814,3.8862683890590994,6.275592328778608,8.928879659255003,7.1564579143346005,6901028216166,202507
9.110597876928821,8.829975876769732,10.683514687996661,10.19231658978412,11.287953082286712,9.932536584909146,10.1021965532134,7.7652366005935365,9.853208585710265,8.224861517694263,6901028216166,202508
6.859903768930193,4.7286430739482626,5.753669161035029,6.0205077623207846,5.202708744405694,5.243681388463958,4.724115899212711,4.711960444290914,5.7986325973087745,5.963012582685248,6901028216166,202509
7.277332827990334,6.343585233865892,5.657169395107055,7.712918268885799,6.725011152925624,6.617165553136909,5.526956653362916,5.916306027390231,6.970077250920497,6.466701659298118,6901028216166,202510
4.977298805462838,2.2957280604278534,3.5233849776448722,4.026158054669046,2.7221504742699287,3.742133833309877,4.830077229944768,2.5108523765276427,4.0186679328270305,3.024234113657818,6901028216166,202511
6.419510406906523,6.395785296496131,6.623539400266328,7.091037870003588,7.767787534322606,5.864878727863224,6.096667856825826,4.01418044201441,6.033193328114177,5.28396997809698,6901028216166,202512
5.30861727698985,3.417657568774397,4.154267569345983,4.303992467077223,3.039843959623347,4.445595630089512,4.355756346034528,3.5314651302886757,4.0653991341656806,3.5540657964860705,6901028216166,202601
7.6699346712167875,7.01356046916316,6.8281944461476565,8.30862088869137,6.5974859504924845,6.431367074384278,5.676820721312829,6.434844761924428,6.69133074401629,6.6044222874168605,6901028216166,202602
7.403343317734283,3.829158544857006,6.351482050285372,6.557376992583086,5.33215042641517,5.092354076560974,4.334063151511748,3.9073346916744076,6.064784393216632,5.133371420724063,6901028216166,202603
6.520865692586147,3.971232150613399,5.266473082708333,5.938104227529557,3.784859254477155,5.058465925612707,4.723983313363842,4.4061311091750435,5.261859288779877,3.9833728879002193,6901028216166,202604
5.694877059226221,3.8726466212143102,5.412198356161928,5.462215317015046,4.6502296339329225,3.7180035690374056,3.5309134093992807,4.076943434374102,5.149608636293805,4.781805391840083,6901028216166,202605
6.124056845786922,4.000681469975025,6.275011103643419,5.80009679835853,6.3607363703555375,4.737233362092856,5.314852641690111,4.03862048010763,5.375915800360842,4.917963286068803,6901028216166,202606
0.367403545833051,1.4122749817828573,-0.5006672368936194,0.4643536224552771,-1.3272967236094428,0.2568575629013189,1.5159739932811263,-0.9334689021199682,-0.9696490989344171,-0.044985815657473616,6901028218153,202501
2.663074387811062,2.0101555639039916,2.174694328934206,2.5884208046711383,2.9376009255172946,2.3705352570761677,1.4918333890926379,3.193754977694222,2.4649918552278125,1.8240921536148549,6901028218153,202506
0.3098377555000831,0.8697463944756492,1.506257556436062,1.180302342269898,-0.7995010440845077,0.6197019281847834,0.42485703856968,1.93298596717391,-0.5007629801534051,0.21200128446045596,6901028218153,202508
4.3283263382756445,6.267852490748703,5.1123631507011575,3.7340955435859993,3.83183617728427,2.438992417352061,2.1570729808838864,5.883569231953528,2.2607431546235923,8.055838149429057,6901028218153,202509
3.054895685722589,2.432722912754322,3.3001973134253033,3.2661989056983445,3.174367629651511,1.746877762207026,3.687468190058696,1.837080735961214,1.771058200540124,2.7928929564902587,6901028218153,202510
0.3098377555000831,0.8697463944756492,1.506257556436062,1.180302342269898,-0.7995010440845077,0.6197019281847834,0.42485703856968,1.93298596717391,-0.5007629801534051,0.21200128446045596,6901028218153,202601
4.3283263382756445,6.267852490748703,5.1123631507011575,3.7340955435859993,3.83183617728427,2.438992417352061,2.1570729808838864,5.883569231953528,2.2607431546235923,8.055838149429057,6901028218153,202602
4.9142890332384646,2.0477711392063003,3.5626086599791944,3.198323956955915,2.1006161816842077,3.1991428309310876,3.39423967394391,2.4859252361018997,4.361047511591105,4.030507986513214,6901028218153,202603
1.4994747324694162,-0.22920698887437974,0.25794593872878335,-0.20211278902898772,0.4553613920976841,0.49257363879710947,0.7005662373783241,0.09658637215255772,-0.1907355072418918,-0.024353662462614722,6901028218153,202605
1.9705614733601684,-0.025056549405286288,0.6449459972566876,0.39149560088025914,1.0565958851723956,1.000514585122882,1.5899685788667977,0.3266434779811185,0.7479959691853566,0.16134708935195097,6901028218153,202606
0.367403545833051,1.4122749817828573,-0.5006672368936194,0.4643536224552771,-1.3272967236094428,0.2568575629013189,1.5159739932811263,-0.9334689021199682,-0.9696490989344171,-0.044985815657473616,6901028218184,202501
6.132606511625078,5.429144536225537,5.738556573454414,5.6678953226754105,7.24733518861891,6.301378973700767,6.317531135360594,5.672274632641091,5.587465569324711,4.91492074448058,6901028218184,202502
5.895942665483939,5.433153863418806,5.976115749764941,5.739597248328259,4.871538524285242,4.638280156289591,5.774129935248288,5.3174901497025155,5.531102342922736,4.27773530231777,6901028218184,202503
4.334067613664898,3.5999948604488097,4.084987081349778,5.320455447125099,4.092438647655884,3.5147114891806295,5.026661647528084,4.105014296560099,5.000783261478857,2.3625339057057557,6901028218184,202504
2.944714257502775,2.473197422615554,1.3003692294822153,3.686297964552029,1.98929038653558,1.9600104711230526,3.048353955504692,2.609843491469591,2.2328419272166977,1.810332092742763,6901028218184,202505
1.672761525806297,1.6619971765449164,0.6404259907000077,1.557068811355312,1.0456554327107952,0.8648337728016222,0.7202409189742158,2.6432884065703695,2.7292338104701854,0.3542962653206029,6901028218184,202506
-0.17787965479899936,1.7394718032836496,0.017987730071881425,0.7845029076840678,1.1553922895341835,-0.4922583517031498,-0.17444151508508463,1.0118601874598125,3.6629294886896866,2.2428577607094287,6901028218184,202507
2.100984957671458,1.3719962101971597,2.0975506888876527,1.0015323070706064,1.6476587025842793,1.5063348319121967,2.6851705932123555,0.7864507948104936,2.8312330267366885,1.1896852321862919,6901028218184,202508
-0.31818587399078696,-0.1325421719232594,1.1133054212227975,0.9638211054431104,0.724269519770973,-0.6523565429440017,1.697444871824736,1.3266775202975987,1.8743688391323945,0.34573829895152497,6901028218184,202509
4.648241017899521,5.249945824136748,4.602194987167204,4.848815088658065,4.247447797253934,6.255467327799069,4.9213085928048965,4.516452496077118,6.1931241848959955,4.449392497734,6901028218184,202512
2.06640542685978,2.6841481815959325,2.8598178866046355,3.3685516399876723,1.8393766867982502,1.731948947039934,2.79148302241865,3.7122956416079003,1.0603346147655213,2.2922624469055313,6901028218184,202601
2.1482702263678584,2.7002713760191517,3.0042812785794424,2.608137445310303,3.0051864969980624,4.706796106563391,3.070137006557507,2.80440274774324,3.6251091539322173,5.066370756714447,6901028218184,202602
3.6491249138466917,2.374682960900326,1.799604007350096,3.6439480353494345,0.9911192803018627,2.376935124689476,3.068302483389334,3.5491476964923008,0.630218863492469,1.8833157368039437,6901028218184,202603
2.377968895816571,0.25492593983465794,0.6923693853073132,1.738480090562952,1.9414060035361769,1.5079225839651653,2.011375290742561,1.177324396956642,2.239050367409917,0.18150434178430908,6901028218184,202606
0.367403545833051,1.4122749817828573,-0.5006672368936194,0.4643536224552771,-1.3272967236094428,0.2568575629013189,1.5159739932811263,-0.9334689021199682,-0.9696490989344171,-0.044985815657473616,6901028218603,202501
6.004930494199179,5.715401187378942,5.821429893805879,6.122308417461588,7.136165746649812,5.625456419538164,6.30455011419994,7.653553005736622,5.796449039204308,4.30267326827319,6901028218603,202502
3.777453716786815,4.256263028803866,3.442950154539761,5.040850256744127,5.596991361351197,4.452978964574374,3.745935778530666,4.132648333813012,3.6373568885463397,4.311686198809871,6901028218603,202503
4.002580949260235,4.679550844310084,4.156750537819283,4.755595807287212,5.495395705504723,5.175834584517793,4.320881812828699,4.56063138402364,4.215368416168355,4.09186449435667,6901028218603,202505
4.3283263382756445,6.267852490748703,5.1123631507011575,3.7340955435859993,3.83183617728427,2.438992417352061,2.1570729808838864,5.883569231953528,2.2607431546235923,8.055838149429057,6901028218603,202506
4.3283263382756445,6.267852490748703,5.1123631507011575,3.7340955435859993,3.83183617728427,2.438992417352061,2.1570729808838864,5.883569231953528,2.2607431546235923,8.055838149429057,6901028218603,202507
7.087085201032697,5.672660664028472,5.848168761986528,6.860379848680344,4.979472052152612,7.98477372024894,5.811789928615754,6.472431323579656,7.318970188780511,7.079041805669996,6901028218603,202508
4.9594425768123855,5.390785164804531,5.476471835565346,5.736943823685833,6.164943424079715,6.701566729309088,4.617185802796835,6.940985982877512,5.689470801339751,5.710925317477735,6901028218603,202509
7.277025641592114,6.266183081207348,6.118259266650856,6.564178788761157,6.277501501211897,7.353390466777533,5.729436736334335,6.832874562086771,8.534693582425469,7.384539544673739,6901028218603,202510
4.3283263382756445,6.267852490748703,5.1123631507011575,3.7340955435859993,3.83183617728427,2.438992417352061,2.1570729808838864,5.883569231953528,2.2607431546235923,8.055838149429057,6901028218603,202511
4.3283263382756445,6.267852490748703,5.1123631507011575,3.7340955435859993,3.83183617728427,2.438992417352061,2.1570729808838864,5.883569231953528,2.2607431546235923,8.055838149429057,6901028218603,202601
5.640260133305955,5.105758360952831,4.608977914954457,4.403486091603381,6.712760542637157,5.194656235502571,5.735760690877548,6.4373969928744055,4.8304527890081355,4.309778757459363,6901028218603,202602
5.716612310332603,4.985198866806709,4.944622523847013,5.099968639410914,6.205541110943962,4.448356639275134,4.902062558378711,5.663140062173397,4.77949081441572,5.645985835612009,6901028218603,202603
4.50063327135549,3.9256053764304197,3.7228636535605317,4.696843466061501,4.647560998725093,3.0376821220590693,3.7221941159100917,4.640421999471326,3.9213284708983402,4.488046303906952,6901028218603,202604
4.227660336341567,4.578752480563105,3.342471998422777,4.059172935409841,4.74688228557443,3.553811455014438,4.569921060174258,4.278699000189971,4.222412304882514,4.0692341871465105,6901028218603,202605
4.3859355176352155,3.9481705999687704,3.7403230288801117,4.378268716134738,4.141771354779475,3.7983750793053814,4.211841226347299,4.276259129308423,3.8414475045356653,4.518402400650106,6901028218603,202606
0.367403545833051,1.4122749817828573,-0.5006672368936194,0.4643536224552771,-1.3272967236094428,0.2568575629013189,1.5159739932811263,-0.9334689021199682,-0.9696490989344171,-0.044985815657473616,6901028218634,202501
5.369022596177583,4.426851771811762,5.022026889790744,5.281058225471364,5.558799255177758,3.8766208201821475,4.944762810140319,5.410668892133298,4.054451027932785,4.085152700760368,6901028218634,202502
3.0946266179302846,2.848965906923898,4.15119114095282,2.8052066933188105,2.5102166902820975,2.9186642799838367,2.5474758777579387,3.290253712507858,2.4379959163604683,2.7521237766724833,6901028218634,202503
2.405836084685056,2.764822154211802,3.9236276032058015,2.859627263464427,2.2744117551523573,1.6435943873588017,1.7560066501245206,3.2689207990995444,2.8418560772458163,2.7459499026821947,6901028218634,202504
2.3860624234002676,1.7964282200876276,2.014062850394982,2.7924261352719544,3.761324982687664,2.878009749928241,2.4553247763610173,3.270705769647246,2.198497781487649,2.157629684391149,6901028218634,202505
2.015127108628699,1.8148149397185351,3.1328677455236096,2.5446040980868494,1.6916682091298723,2.004208190616948,2.327302007661878,2.188278301754885,1.922212138821371,0.787419483671743,6901028218634,202506
2.6043903554825576,2.328314820956399,4.046511368516802,3.193286999047496,2.3728295826060766,2.710297680285186,2.50311519579696,3.604168697161928,2.8149916999504265,1.3313904941812078,6901028218634,202507
1.9590934719039206,2.748618676357762,3.9881743881396807,2.6011233966320577,2.7332514503165353,2.1486656244157363,1.8102332690086902,3.1534615258041443,2.6574866387832747,2.4834704789987123,6901028218634,202508
1.8613823737167223,3.3531255918726566,3.6608839262267368,3.3196573605556505,3.5126025640040286,3.8713989510539784,1.3460171423437972,3.2047391124218683,1.8997996007718032,3.1199681904737107,6901028218634,202509
1.8613823737167223,3.3531255918726566,3.6608839262267368,3.3196573605556505,3.5126025640040286,3.8713989510539784,1.3460171423437972,3.2047391124218683,1.8997996007718032,3.1199681904737107,6901028218634,202510
1.8613823737167223,3.3531255918726566,3.6608839262267368,3.3196573605556505,3.5126025640040286,3.8713989510539784,1.3460171423437972,3.2047391124218683,1.8997996007718032,3.1199681904737107,6901028218634,202511
1.8613823737167223,3.3531255918726566,3.6608839262267368,3.3196573605556505,3.5126025640040286,3.8713989510539784,1.3460171423437972,3.2047391124218683,1.8997996007718032,3.1199681904737107,6901028218634,202512
1.8613823737167223,3.3531255918726566,3.6608839262267368,3.3196573605556505,3.5126025640040286,3.8713989510539784,1.3460171423437972,3.2047391124218683,1.8997996007718032,3.1199681904737107,6901028218634,202601
3.3896841346960533,2.6979074676178403,2.884393056188188,2.267573718989598,3.644194761456439,3.0737076135935046,3.102819800197496,3.6108216757979106,3.0072468622611286,3.08241390342545,6901028218634,202602
4.526195145063699,3.8572907886504857,4.415511575528417,4.174706003841585,4.52540497422909,3.7025847003114802,4.429543466939121,3.4068733544916716,4.145717485896802,3.7610750334370717,6901028218634,202603
5.096845053570619,5.040518473430456,5.602078093815065,5.098798995998356,5.5813787267446004,5.785945741313398,4.61399304651049,5.421061511482291,5.802047151584105,5.239718755326994,6901028218634,202604
3.0925754226489515,2.5616098130137064,1.92479161043845,3.406421712396976,3.50234374328004,2.0435576647287066,2.765287314261953,2.2327120836138366,2.9852953564936806,2.8467511036075748,6901028218634,202605
1.7975584152848945,2.132223417794729,3.9855038444171873,2.926449577921167,1.562256215798086,1.7659019203250632,1.9895256867030573,2.9553749903245596,2.9109139522998606,1.3647405547549991,6901028218634,202606
0.367403545833051,1.4122749817828573,-0.5006672368936194,0.4643536224552771,-1.3272967236094428,0.2568575629013189,1.5159739932811263,-0.9334689021199682,-0.9696490989344171,-0.044985815657473616,6901028218757,202501
5.477715683224006,2.99272322453658,4.294206981110996,4.668404708450405,4.834887696252394,4.390472985794057,4.73680450451397,4.576514186315173,3.6365215073676693,4.780592978168348,6901028218757,202502
3.9731408809899165,3.289997815407939,4.204260045278514,2.727307735190414,3.099446041653609,3.0866314441215668,3.321878674347341,2.6861086242696937,2.865322676044661,3.659368971225886,6901028218757,202503
2.04691828875761,2.515490189254613,2.3572934619744066,4.977370922735442,3.0940404400121686,0.48897939881535624,1.9918210740012525,1.4872840988831006,2.323761289936628,1.737911182847458,6901028218757,202504
0.6904894036652941,-0.6649433685541424,-0.001777365923118862,1.520743190543684,-0.5014735456106187,-0.48304421892503907,0.3196717905135871,0.001740085249102838,0.2171292942736803,0.4634194159707018,6901028218757,202505
4.845385674694832,4.803264842982688,4.812480230746885,4.207054851899966,3.0675693640380373,4.061969728407317,4.7632199335383865,5.043254077212418,6.4907833849074,5.9468641080581275,6901028218757,202506
3.852839412214668,2.414026174504139,3.221821203694667,4.507770545591899,2.093717079385357,3.588791212361269,2.5602956656262195,3.9797418767487382,3.629494728517905,3.234314827575443,6901028218757,202507
4.351245736337758,3.9811046541470487,4.194323539087015,4.220226877971432,4.668982072741626,4.04865430234932,4.316711329623874,3.962167896310154,3.5808227604703404,3.764555929463488,6901028218757,202508
-1.52381557446923,0.3921431401858055,-2.6386147636156463,-1.081937037980395,-0.19040447386493348,-1.5737116123640893,-1.9919814685843193,0.19665987365876875,0.24830718912088387,0.1293273554116513,6901028218757,202509
2.0647868485386973,1.2529116717654618,1.6203126217063764,2.511330523472509,1.2485770226455686,1.1736801749727226,2.446210824773635,2.257354730869386,-0.0063171355639249915,0.9346352490951636,6901028218757,202510
2.545681244895107,1.5471248750557236,3.265164879781017,3.047967772250959,3.681527032639301,0.9556457159572076,2.5455796741688634,1.6619594904557267,1.7125406518052186,2.85108172851873,6901028218757,202511
0.6904894036652941,-0.6649433685541424,-0.001777365923118862,1.520743190543684,-0.5014735456106187,-0.48304421892503907,0.3196717905135871,0.001740085249102838,0.2171292942736803,0.4634194159707018,6901028218757,202512
0.6904894036652941,-0.6649433685541424,-0.001777365923118862,1.520743190543684,-0.5014735456106187,-0.48304421892503907,0.3196717905135871,0.001740085249102838,0.2171292942736803,0.4634194159707018,6901028218757,202601
2.265289604949313,1.7648468200998368,2.9766046589502277,2.625483700083722,3.679396798921086,0.9435670267197123,2.898171609226791,1.8194343188819764,1.602026755529977,3.9456942244539825,6901028218757,202602
7.184186511497712,7.115986009986925,7.236149614827481,6.793335182203084,7.455265926526727,7.114463292286658,7.620724909946415,6.285914550173294,6.7951496594645615,5.47066775056793,6901028218757,202603
4.47479385075716,4.274244173516831,5.023351248806199,5.14254234367349,3.5271838454022633,3.9384372391451485,4.3331282142218095,3.778011069126892,4.610320876783908,4.22734398988344,6901028218757,202605
2.289700974955764,1.6763150926982886,1.23538257247883,2.5482070338294385,0.34453631207633595,2.690136331426763,2.586131791624978,2.751180509856317,2.6640027199246714,2.363769477144271,6901028218757,202606
0.367403545833051,1.4122749817828573,-0.5006672368936194,0.4643536224552771,-1.3272967236094428,0.2568575629013189,1.5159739932811263,-0.9334689021199682,-0.9696490989344171,-0.044985815657473616,6901028218788,202503
0.7559626979611562,-0.8817491308524131,0.5589604792652136,0.987791338332416,-0.06626041534682026,1.6123522872844,0.3782952358352001,0.45882881602572234,0.9027896420290565,-0.21645047890395497,6901028218788,202504
0.7559626979611562,-0.8817491308524131,0.5589604792652136,0.987791338332416,-0.06626041534682026,1.6123522872844,0.3782952358352001,0.45882881602572234,0.9027896420290565,-0.21645047890395497,6901028218788,202505
0.7559626979611562,-0.8817491308524131,0.5589604792652136,0.987791338332416,-0.06626041534682026,1.6123522872844,0.3782952358352001,0.45882881602572234,0.9027896420290565,-0.21645047890395497,6901028218788,202508
0.7559626979611562,-0.8817491308524131,0.5589604792652136,0.987791338332416,-0.06626041534682026,1.6123522872844,0.3782952358352001,0.45882881602572234,0.9027896420290565,-0.21645047890395497,6901028218788,202510
0.367403545833051,1.4122749817828573,-0.5006672368936194,0.4643536224552771,-1.3272967236094428,0.2568575629013189,1.5159739932811263,-0.9334689021199682,-0.9696490989344171,-0.044985815657473616,6901028218900,202601
0.7512761731628157,-0.1340682803310198,0.355426695995013,-0.676383228559864,0.3716039986195294,0.4480854571543169,0.024556406297708278,0.03176288564819549,-0.6651941259735441,-0.8271177925120996,6901028218900,202603
4.467592878263471,2.0039703892543765,3.361358798310397,2.9182604983844285,2.0624808880832655,3.8450846985530722,3.2696179963515677,2.349247702062012,4.988919968394869,3.846177524215402,6901028218900,202604
1.2662210174757158,-0.5687120191343373,0.9134827104074175,0.8438106127815085,0.3758196288282762,1.0462332517870045,0.4886532508011532,0.6084705798496182,0.5519947078049579,-0.14238140599611826,6901028218900,202605
1.516387348744516,0.0025963088479674656,1.3973858942699868,1.0635749854397218,1.0699825011207778,1.839018289006779,1.2374149236018381,0.6311797385687677,1.4936077163479915,1.3841964472616735,6901028218900,202606
0.367403545833051,1.4122749817828573,-0.5006672368936194,0.4643536224552771,-1.3272967236094428,0.2568575629013189,1.5159739932811263,-0.9334689021199682,-0.9696490989344171,-0.044985815657473616,6901028219174,202501
6.917543688143753,6.571468897327012,7.268559670205366,6.761138903986078,7.039675352088652,7.1915524176177765,7.987922261669301,9.098297301626022,6.94053775163013,5.207595707457467,6901028219174,202502
5.057782353924837,5.687467113558872,5.624762816669927,5.945573883379318,7.184419805009251,5.119520637375835,6.0461453872927375,6.682541287186816,5.386996588617319,5.881803181874179,6901028219174,202503
5.88018090135122,6.42051741912808,7.3458223174628365,6.389340629248661,6.352783867930516,7.399873055763799,6.4097801245931,7.523965079704601,6.450424184024683,6.596415819944975,6901028219174,202504
3.5158844658668493,2.0776885966493004,3.5863143077224313,3.034849794212383,1.400703489304575,1.958011637451838,2.643147035901307,2.4121610934592543,3.1816547444452805,2.612023136550713,6901028219174,202505
5.909618279269047,5.6294581277809606,5.702986886736295,6.252598625176965,6.469679590303283,6.34231887897772,5.967346752917758,6.079275335913097,7.000005064840393,5.523051463369054,6901028219174,202506
4.031033819289787,4.276840051866705,5.205278982520549,5.512178493089435,6.106406473745825,5.7001769610450115,5.207025095871164,6.065200416011376,6.455762815731455,4.544259213777711,6901028219174,202507
7.61037897033078,6.5736724465597565,7.5408705223277686,7.6743938855086355,6.808963091754301,8.458528841838161,7.1995912019256,7.247327623280601,8.590770717389582,6.655453454077902,6901028219174,202508
4.349260049545395,4.705261238338999,4.985941741692266,5.743250331576462,3.3107070851995957,3.967763949147076,2.581262453703224,4.820103051798447,4.012517381836656,6.701605224760614,6901028219174,202509
5.586881105659662,6.078714266344169,6.80824293490064,5.35309753897241,6.790938215229608,5.4124186191673616,6.376831753709397,7.254022715688885,6.32039213203172,6.101957938739568,6901028219174,202510
5.843974087236166,5.129627309017138,5.2158414184312045,4.9934497862911345,4.105285530497386,6.561681126439288,5.641996571674151,5.1050438535999225,5.949288709031339,4.6898842005251815,6901028219174,202511
1.235276701442059,0.16282478431222647,0.7402243344775463,1.6646237552988583,0.5770546724288395,1.8000529473506297,-0.03841744321646373,0.6863640020776973,0.4591413475983347,1.4834490086030456,6901028219174,202512
2.3646081150311296,1.2851193811205968,2.6984651738480956,2.675624711162417,1.951653021905168,2.414150948435066,2.3546575803255188,2.074068293158225,1.505848131607773,2.0753858912890917,6901028219174,202601
6.978070501273125,5.633370401918831,6.0967096762356645,5.884056674654788,6.879991242823311,5.875880541771433,7.067682475887441,7.353795541130063,5.826171659894759,5.539023774967583,6901028219174,202602
5.840197663234269,5.521165646001943,6.184014226770352,6.647183162712688,6.085575413241027,6.394891127739119,6.1892476949918125,8.489785149097763,6.444495945426299,5.397969691024415,6901028219174,202603
6.544517432132242,6.730608352703549,7.6815485756452055,7.232945776366057,7.620270833510888,6.353538602208916,8.171401039920354,8.275078090766497,8.118861986955366,6.909607242022157,6901028219174,202604
6.516096157380615,5.9709369949463,7.163648920976282,6.471123340481544,7.035728137988612,4.961670877600013,6.547070986365919,7.159381448562261,7.977577896115814,6.010224973791333,6901028219174,202605
5.0914016930874,5.435009189145997,7.193893662643855,6.688626126087382,6.0040129495386,4.500888223136624,6.803424432760232,6.2083829962531265,6.666183721190822,5.672665346381254,6901028219174,202606
0.367403545833051,1.4122749817828573,-0.5006672368936194,0.4643536224552771,-1.3272967236094428,0.2568575629013189,1.5159739932811263,-0.9334689021199682,-0.9696490989344171,-0.044985815657473616,6901028219839,202501
2.8038148696736993,1.1517252442811758,3.7681280587752193,2.6433136755886673,3.2731160022094583,2.2686404562313394,3.7191520192503567,2.3166602512615766,1.5604957201139968,2.892563069846818,6901028219839,202502
0.727266505350447,-1.1386745973360557,0.8050173368592894,0.4381236571324618,0.05596151384888559,1.0923549633698921,-0.11132162518809174,0.4466220086188539,0.5980110355260274,-0.5394725331567838,6901028219839,202503
0.727266505350447,-1.1386745973360557,0.8050173368592894,0.4381236571324618,0.05596151384888559,1.0923549633698921,-0.11132162518809174,0.4466220086188539,0.5980110355260274,-0.5394725331567838,6901028219839,202504
0.727266505350447,-1.1386745973360557,0.8050173368592894,0.4381236571324618,0.05596151384888559,1.0923549633698921,-0.11132162518809174,0.4466220086188539,0.5980110355260274,-0.5394725331567838,6901028219839,202505
0.727266505350447,-1.1386745973360557,0.8050173368592894,0.4381236571324618,0.05596151384888559,1.0923549633698921,-0.11132162518809174,0.4466220086188539,0.5980110355260274,-0.5394725331567838,6901028219839,202506
0.727266505350447,-1.1386745973360557,0.8050173368592894,0.4381236571324618,0.05596151384888559,1.0923549633698921,-0.11132162518809174,0.4466220086188539,0.5980110355260274,-0.5394725331567838,6901028219839,202507
0.727266505350447,-1.1386745973360557,0.8050173368592894,0.4381236571324618,0.05596151384888559,1.0923549633698921,-0.11132162518809174,0.4466220086188539,0.5980110355260274,-0.5394725331567838,6901028219839,202508
0.727266505350447,-1.1386745973360557,0.8050173368592894,0.4381236571324618,0.05596151384888559,1.0923549633698921,-0.11132162518809174,0.4466220086188539,0.5980110355260274,-0.5394725331567838,6901028219839,202509
0.727266505350447,-1.1386745973360557,0.8050173368592894,0.4381236571324618,0.05596151384888559,1.0923549633698921,-0.11132162518809174,0.4466220086188539,0.5980110355260274,-0.5394725331567838,6901028219839,202510
0.727266505350447,-1.1386745973360557,0.8050173368592894,0.4381236571324618,0.05596151384888559,1.0923549633698921,-0.11132162518809174,0.4466220086188539,0.5980110355260274,-0.5394725331567838,6901028219839,202511
2.3528945299155515,1.87958269990848,1.8272990610784277,2.0689654519457985,1.706687642690523,1.8200419476552563,1.4001734813063114,2.9759648960034846,1.4675965762833978,-0.01553740964288422,6901028221351,202501
5.824992456342696,5.947131562318836,6.2309028048516115,5.413091348070947,7.062253037042143,4.9220774725173415,5.265189275884048,5.461431815301605,5.477315013794491,6.295484836602633,6901028221351,202502
7.197918178765275,6.611172573740815,6.64780549808309,6.36113748459189,7.46957744071756,6.528600114705855,6.9507041674686265,5.066507389860228,6.515119322662703,6.752017729524592,6901028221351,202503
3.8798128620099694,2.9417927708369223,3.817319670170902,3.166058827916151,2.7757241665292067,2.964830331893681,3.862653245397366,3.298345292702471,3.8340504953786922,3.0818134178065595,6901028221351,202504
5.922320898775479,5.2545802780551805,5.095824395220043,4.96890579323842,4.1100423592831605,5.225426605156598,5.373134514981211,3.599521432839726,6.183158023101481,3.8481386823070243,6901028221351,202505
5.043766072406871,4.712933501797698,4.399498755123572,3.9448777397881,4.712872743399061,3.504376224468564,4.723197599992665,2.6002531882573416,4.048945247054152,4.41608752696321,6901028221351,202506
4.712421887838747,1.7937341937777185,4.033064523808755,3.34964812744682,2.0806140496834122,3.602008750515698,3.14867733061106,1.5664366439982622,3.6963052802048684,3.078916833512576,6901028221351,202507
5.228985503752474,5.156882021325041,4.344529418025957,4.162680049721109,5.332337891315076,4.101792002003554,5.347235087377006,3.986010014586687,3.77140420818954,4.841143266496032,6901028221351,202508
3.2563620920066763,3.647586571895114,3.136099472796108,2.723798170851552,1.9917829150452442,3.4506649463122443,1.9307341944274992,3.346582794670891,1.9173422188295501,4.278647746396131,6901028221351,202509
1.5921269601716657,2.2477888373176076,3.620933970182281,1.9586929280931311,0.3023924667940021,2.027877106067547,2.1165328758101665,3.0259859620027383,1.1638044833863193,1.3099484004047912,6901028221351,202510
0.7086022544735895,1.1229957694609634,1.184639274326055,1.671812802824059,1.3246112927602958,3.80239582155683,1.046942735707579,3.101219924374249,1.3181456267471154,0.521148465213249,6901028221351,202511
1.296839915043784,2.3939971657792256,2.3115091694584087,2.2454659755788677,2.153330933324546,3.890259294253049,1.6976637148184757,3.1213354678840823,2.130082798088638,1.0779706700566125,6901028221351,202512
1.1568805042439971,2.414056186276295,1.868108082387371,2.6845870405499515,0.6563170482960516,2.934264179679659,2.6040677835713573,3.1958398579657814,1.1086513727628136,1.0942557163150095,6901028221351,202601
1.2950614664533258,0.9362787406486122,2.006372292504272,2.259077300369248,0.7404646538231263,3.3423501121066814,2.348072053846994,2.7960357732095953,0.8981631480282508,0.24714181852433204,6901028221351,202602
0.45841254211987015,0.5734175724259967,1.9490217426381888,1.8903445995777828,-0.07887429703143067,2.4522826788187766,1.5890732640225997,1.8419493013947053,0.9261713870384567,0.9009158013992065,6901028221351,202603
0.45841254211987015,0.5734175724259967,1.9490217426381888,1.8903445995777828,-0.07887429703143067,2.4522826788187766,1.5890732640225997,1.8419493013947053,0.9261713870384567,0.9009158013992065,6901028221351,202604
0.45841254211987015,0.5734175724259967,1.9490217426381888,1.8903445995777828,-0.07887429703143067,2.4522826788187766,1.5890732640225997,1.8419493013947053,0.9261713870384567,0.9009158013992065,6901028221351,202605
0.45841254211987015,0.5734175724259967,1.9490217426381888,1.8903445995777828,-0.07887429703143067,2.4522826788187766,1.5890732640225997,1.8419493013947053,0.9261713870384567,0.9009158013992065,6901028221351,202606
0.367403545833051,1.4122749817828573,-0.5006672368936194,0.4643536224552771,-1.3272967236094428,0.2568575629013189,1.5159739932811263,-0.9334689021199682,-0.9696490989344171,-0.044985815657473616,6901028221450,202501
7.7267108955276775,6.8536467499285525,6.972599682867397,6.346106776349114,7.074067561440515,6.1681300155964625,7.257076900664823,8.139511751669945,6.547549506482108,7.215361815970587,6901028221450,202502
7.266943811395717,7.584839682536433,7.633745729028069,7.882606325539592,8.357498292948689,8.465750152899352,6.691486121008804,7.142100733567257,7.91750420142846,6.298318748611217,6901028221450,202503
4.120901975774799,5.020411037981093,3.5270977431305477,4.213687457439022,2.9247017195441303,5.511999146044691,4.021647572179014,5.531207225873807,5.1064856189618455,4.153446256938214,6901028221450,202504
6.66113276163867,7.022600764764058,7.098467846336941,7.544334863533058,7.288919256051279,6.2659353587676065,7.655438862651982,7.584644114816097,7.513350537212041,6.589761696727048,6901028221450,202505
6.5565720641429195,7.342418377799825,7.108201717665548,7.939001769508734,6.356138752937448,5.574504635866475,7.205340370816079,6.89892353283201,6.490572486756274,6.444439060567364,6901028221450,202506
-1.553976340044437,-0.16046241363303387,-2.871742088024884,-1.0068286476635777,-0.3492248760252772,-2.0232507684115117,-2.000537660325409,-0.5865189952922054,-0.7109800962099475,0.704558494366411,6901028221450,202507
5.099917518374954,4.545546507151128,4.64321977275442,3.4350564029542494,3.8975580697565455,5.379221186702281,5.778265980915023,5.7382252182248354,4.758660285142882,5.0474705650851694,6901028221450,202508
4.719181510204689,3.614637867679133,5.240966194963932,4.256903585637823,2.8037844044081206,4.012367449314239,3.2827930815685575,3.2303356597885617,3.336116520823578,3.7562218536150365,6901028221450,202509
4.947130661237138,5.179198162562924,5.853039146552639,4.541440449055399,4.5677241174227206,4.387534241525522,5.921863190103068,4.93444415746724,3.3481392477017335,4.74626243319527,6901028221450,202510
5.068991426942911,5.163561972131237,5.289732975987312,5.538554497335882,5.780866707112555,5.85610361104588,5.607293293051406,5.188537999406935,4.989600560123958,3.95659811004208,6901028221450,202511
4.386468968473002,2.851484784941912,3.4653557443507945,3.7608352652446824,1.4418838357120731,3.8070345974538675,4.618229250970932,4.549115807685782,3.5662850312570056,2.827932590412222,6901028221450,202512
4.649927532944196,5.47266130861977,5.152217934564577,5.578289667540261,4.263468901058233,5.558995743410625,4.295683743537086,4.51927222176664,4.722914531755918,4.983866533317584,6901028221450,202601
6.3360046730357125,5.105355441014475,6.566424759250769,5.346038473525237,5.8569020002758485,6.683955373148995,6.175828664832238,6.620130501522604,5.778134837900442,5.969616045432711,6901028221450,202602
6.550864051729544,5.911932180128547,5.608098346657967,7.563542689009428,5.766207170247149,6.108116382252737,6.441178819388407,6.2780975866323905,5.1857123721524365,5.57023182230972,6901028221450,202603
6.445805085978367,6.928475149363855,7.823555918747203,7.586499040287737,6.265081597926218,6.051525675324382,7.566759872019366,6.810385605811812,5.816628553941451,6.367772712704725,6901028221450,202604
6.220350423195829,5.995904822093772,6.317315066835971,5.567142183377122,6.872106437194205,5.800257177739473,5.776705508822435,7.213692023073262,6.029644345022547,5.891090938790216,6901028221450,202605
6.861426798820861,6.619194277626995,5.96516976215973,6.560328764082585,6.56123768574768,6.434467283629016,7.3611485699010775,8.085628054858054,7.210949113974015,5.963584867318928,6901028221450,202606
2.28413769781778,1.8988637786984743,0.40693936687730714,1.2820792459234185,1.308879681066836,0.1334845637501585,0.9208781770286052,2.168530174715722,1.337172962954985,0.21397255262189308,6901028224079,202501
5.049541465922855,3.2480142236686,3.6028948317695453,4.605528623449459,6.044067075670823,2.577082906286715,2.815757343861091,3.326330078473303,4.297369184164735,4.550528435004479,6901028224079,202502
7.6053274367926065,7.4106122278383335,6.569284986982329,8.175610891831406,8.884609986654274,7.668126479113054,7.0948914828579746,6.160099943208556,6.938826158683284,6.802169323193093,6901028224079,202504
4.496198017213222,2.598012820388892,3.3902373694753747,4.40084368480791,4.292760051774734,3.1842328323396387,3.048350655493309,2.9681924406409865,4.8418491238079495,4.517099724130291,6901028224079,202505
6.538141515514381,7.351771747947197,6.315087801652029,7.770348844986615,8.157661957239052,6.927313403918388,8.015238594748215,7.507150867657264,7.569046843437971,6.329181243184367,6901028224079,202506
6.157988878599436,7.726973284246625,7.2718114153966225,8.23134412187374,8.360761579830543,7.490196771884376,8.200723936094409,8.416684508708299,8.266342420813245,7.054947555969234,6901028224079,202507
3.7337906383799027,2.4832377413852567,2.8567387240765205,3.394393247581028,2.41099564452025,2.4937862006439766,2.9565967472669192,2.7457528098277577,2.760104632641679,2.109453582589674,6901028224079,202508
6.069171893987684,7.245421218981286,6.1588797842221465,7.280224822510105,6.828659666719592,7.9020477458451515,6.889897013006854,6.896910453553497,7.354207040673949,5.507938050676042,6901028224079,202509
10.384731881846074,8.753981578146464,9.277578636721495,11.777093456966638,10.598551013435408,9.684015009059792,10.284059609438911,10.697144738155277,10.820603695927105,9.928122198470781,6901028224079,202510
5.669680146379572,5.1773476703063945,4.980074275823429,6.927119402198345,6.527851058971172,6.080133130222373,5.5030902885077895,5.360812732614694,6.497850531383014,4.853583191209508,6901028224079,202511
5.509947766459626,4.675970022705627,5.539933184436049,4.01998765331822,5.308898523409016,4.568113504673246,5.438712492522967,3.982056999605472,4.794278662658338,4.864329132379145,6901028224079,202512
4.7949407330276905,3.042504554107783,3.2224924329675875,5.207239773696057,4.511152010015479,3.3380590477529277,3.452903557411901,4.001095120734663,3.6917548422874065,4.131041011246503,6901028224079,202601
5.393903890613631,5.374593149268392,4.943861413224368,6.379651296634526,6.456003658945443,6.35791032667985,5.698642621209114,4.547603396557809,5.391701223024084,4.836523858361099,6901028224079,202602
3.743637352109177,3.176059336773597,2.3565543322194125,4.47749031248262,3.9887340400326305,3.4445826966946846,3.2728726569654443,3.3218115288258403,4.4538513708162215,3.338726616540788,6901028224079,202603
3.527047807847022,2.16141492296311,2.5575699281030797,2.3759844010159745,2.275101645040275,1.600710820748347,2.435933328897028,1.8857494693616266,1.0493277401367225,1.470010154664882,6901028224079,202604
5.2104160339867525,3.7163561798606075,4.203279205194274,5.949900952040111,5.635455949261477,3.433421736960326,4.0512529755104945,4.462486111218768,5.117815820862968,4.422719873000349,6901028224079,202605
4.409102655161604,4.204389336983958,4.348179573363171,6.520160992838749,5.109163364241114,4.889214833418623,4.984416179113842,3.7347024967905176,4.9330210630105675,3.7045998626894105,6901028224079,202606
0.367403545833051,1.4122749817828573,-0.5006672368936194,0.4643536224552771,-1.3272967236094428,0.2568575629013189,1.5159739932811263,-0.9334689021199682,-0.9696490989344171,-0.044985815657473616,6901028224642,202501
7.716226633722909,7.2210064139617955,9.321360442388654,9.295594192303874,9.83355108141003,8.709088454201522,10.044397578245412,8.857397833538792,8.072751842333126,7.4092039652033606,6901028224642,202502
2.2962959596802452,1.5171766991039866,2.3703749255355486,1.0459803065780433,3.2087138698786415,2.240471666365618,2.1977133575546306,2.11314456808258,1.9575277857216034,2.83041417772984,6901028224642,202503
2.6234791869636482,1.8579186181150074,2.696776372382239,2.1191413102419316,3.099040427637365,3.3408730758138296,2.1707259075101706,2.8554211241478917,2.3301006503654524,2.626633935170097,6901028224642,202504
8.01220154944686,6.915877623340557,8.373054822844418,7.855955952062944,9.23176995390302,8.562232000004926,9.221334442052497,7.593334180633816,7.484262142173943,6.680099306920878,6901028224642,202505
5.589782311033394,2.6545780936199077,4.806340470773456,4.189196041017265,4.785588403841738,3.519891380996537,5.180462435016244,3.5903943501695363,6.051885599299692,4.926287533903957,6901028224642,202506
2.372423092994528,0.2696388916592475,1.8850287298433293,0.8516928894282121,1.416379800803114,1.839540504580227,1.1744107329236777,1.7900089551730167,1.5325868728233472,1.275452016653158,6901028224642,202507
0.9974827336782647,-0.39251544685980244,0.7323305578377766,0.9838705096932596,0.9448932119986286,0.21879146185217047,-0.07436322538284729,1.3459214950604514,0.7969907751005162,0.709458486821954,6901028224642,202508
1.2040821366503618,-0.4608663494460283,0.29387073765783894,1.1535578418012935,0.5974529530042463,1.2627218270486253,-0.20355579779883165,1.9684064203650955,0.008586677628076207,0.5439879621734397,6901028224642,202509
1.916162517699092,2.7084390899689668,2.508913437215492,2.73211819871387,2.708934773048362,2.9224097252412435,2.9960985690167057,2.318306846217606,2.9917293327970156,2.605442529303443,6901028224642,202510
7.254803928139293,6.3579246645069425,7.89540175256663,7.042227596726235,7.744656376609017,6.322894438322787,7.4417115773908655,5.782541453275915,7.730325655370983,5.426858960831112,6901028224642,202511
5.6088739904503795,4.212072457200114,8.220662518054848,5.8100949332904275,7.631167066690827,5.710756537182366,6.1511923221599885,4.83542813978632,7.020686738726932,5.393626582397526,6901028224642,202512
3.8676171149513108,2.2190534728512628,4.041294904436414,2.7352754130296653,4.712053834360386,4.4449237453286825,3.1757511777803944,3.448741536627909,4.431847281838528,4.675146837107267,6901028224642,202601
9.238943101239967,8.090439775861089,9.295516201408615,10.236767999804032,10.512195521270893,9.21486258977632,10.97181447376392,9.675784210795648,9.655239251844735,8.07860579392974,6901028224642,202602
5.78193891751917,5.821388264944521,6.829130733855957,7.923535572855243,7.602595264828124,7.622009195094747,7.458087384105196,8.342936647327898,6.15294801572962,6.339964548238017,6901028224642,202603
0.23501854491093654,-0.9901640160554227,-0.006287041431365825,0.06420142681576979,-1.5967748524380787,-0.2696308470722706,0.4025046350899703,-0.3906054495260156,0.14780524443994592,-0.6369480110329653,6901028224642,202604
4.1691017153138565,3.7174049285485857,3.443898123368814,4.8486765249083446,3.901843615435425,2.66450596749591,2.9973958358825565,3.1897405237074707,3.642388067133776,4.07709376194381,6901028224642,202605
4.343145394051888,4.324001559268493,4.820803123700665,5.385550695341213,6.340876692266945,4.4486850564316995,4.942659952369608,5.283252012855134,5.807396451281056,4.416704338187585,6901028224642,202606
0.367403545833051,1.4122749817828573,-0.5006672368936194,0.4643536224552771,-1.3272967236094428,0.2568575629013189,1.5159739932811263,-0.9334689021199682,-0.9696490989344171,-0.044985815657473616,6901028225113,202501
3.2375965256855928,1.7098846121343083,3.734874399673848,3.815481959400559,2.55452834181109,2.622941367135743,3.0579111433291755,4.889811651531138,2.599829242698433,3.0603885790298597,6901028225113,202502
8.458844864374345,7.972545662505457,9.415275363547213,8.422912166516223,8.319264699950512,7.705528739994991,4.842041217892928,9.538668519296241,10.65107136350487,8.723322330617702,6901028225113,202503
8.458844864374345,7.972545662505457,9.415275363547213,8.422912166516223,8.319264699950512,7.705528739994991,4.842041217892928,9.538668519296241,10.65107136350487,8.723322330617702,6901028225113,202504
8.458844864374345,7.972545662505457,9.415275363547213,8.422912166516223,8.319264699950512,7.705528739994991,4.842041217892928,9.538668519296241,10.65107136350487,8.723322330617702,6901028225113,202505
8.458844864374345,7.972545662505457,9.415275363547213,8.422912166516223,8.319264699950512,7.705528739994991,4.842041217892928,9.538668519296241,10.65107136350487,8.723322330617702,6901028225113,202506
8.458844864374345,7.972545662505457,9.415275363547213,8.422912166516223,8.319264699950512,7.705528739994991,4.842041217892928,9.538668519296241,10.65107136350487,8.723322330617702,6901028225113,202507
8.458844864374345,7.972545662505457,9.415275363547213,8.422912166516223,8.319264699950512,7.705528739994991,4.842041217892928,9.538668519296241,10.65107136350487,8.723322330617702,6901028225113,202508
8.458844864374345,7.972545662505457,9.415275363547213,8.422912166516223,8.319264699950512,7.705528739994991,4.842041217892928,9.538668519296241,10.65107136350487,8.723322330617702,6901028225113,202509
8.458844864374345,7.972545662505457,9.415275363547213,8.422912166516223,8.319264699950512,7.705528739994991,4.842041217892928,9.538668519296241,10.65107136350487,8.723322330617702,6901028225113,202510
8.458844864374345,7.972545662505457,9.415275363547213,8.422912166516223,8.319264699950512,7.705528739994991,4.842041217892928,9.538668519296241,10.65107136350487,8.723322330617702,6901028225113,202511
2.28413769781778,1.8988637786984743,0.40693936687730714,1.2820792459234185,1.308879681066836,0.1334845637501585,0.9208781770286052,2.168530174715722,1.337172962954985,0.21397255262189308,6901028225175,202501
11.384226168370311,10.826182761393131,10.268892511170531,11.906204243446338,11.725820857365878,10.9448805608284,11.026132807244123,12.140852881034723,10.08978806599687,11.105763051128266,6901028225175,202502
8.564178314973365,7.303498753652999,7.356972638015499,8.058778078974825,7.710018145872977,7.353309975519369,7.582118321925479,5.535655911366938,8.164266401559463,7.403520436854125,6901028225175,202503
11.251350089457128,11.75475951622988,13.09537056455977,13.36482482489514,13.064981989344385,10.971871227225245,11.69806647245558,12.147422881327131,10.531112410414092,12.951715690588328,6901028225175,202504
12.466745729884568,13.275032508905635,12.834250118207079,15.04333067964974,12.656674320163736,12.544151676432142,12.911378964335565,13.798643897878778,12.512323409959691,13.244787575747646,6901028225175,202505
11.309399843651306,11.76330169308849,13.383359281284012,13.054642838468016,13.680879019396347,10.677344916695636,11.47985918738256,12.098348050132499,11.758644206402828,12.761902928708043,6901028225175,202506
7.413254494953936,5.355413367862575,4.4210394481533815,7.121660886065287,6.938550550110782,5.331611244651294,5.893332146252312,4.82746357385424,7.494470721612421,4.965984577726883,6901028225175,202507
4.027379808786145,2.2318104225516096,2.9469751223955196,3.3241580545464626,2.279246829549074,3.161823888211513,2.466315721966518,3.4259548050012296,3.6236406913692027,1.765194164087221,6901028225175,202508
11.680230890164111,10.589260014392572,10.439648755013211,12.578081784885198,12.560168982949701,10.631923587422941,11.860543456820524,11.207565339508497,10.291462552344392,10.851145258640527,6901028225175,202509
12.69926650346476,10.665755439861163,11.096918608286545,12.945161284796827,11.800848227842515,11.208882352614081,11.991519933060143,12.032506216852061,10.80818320672991,12.373996543213222,6901028225175,202510
8.63525409968748,7.490113081418899,8.41619118505937,7.755847984779296,8.192988323911539,7.452000700055961,7.928500269412466,7.344605266970734,8.58412890647414,6.783291939114435,6901028225175,202511
10.567617396882701,10.307024451902928,11.795259966118827,11.853151331629498,11.241922306554596,10.88638291996065,10.806915283096933,11.190255233171898,10.13029746235566,11.154084542030871,6901028225175,202512
8.483782572647074,7.186246361517341,7.202885180693369,7.796044700025197,10.104950202014331,7.484897485509503,7.7812620496092855,7.332146269689614,8.513106437652526,7.534067254898673,6901028225175,202601
12.487203010786846,11.11408662045286,11.261020637195958,13.331005512818388,12.961843329230335,11.642695301861675,11.982343797993762,13.155308085099007,11.07728435727726,11.514731920417223,6901028225175,202602
5.054953647340732,5.558008373182874,4.643968277575357,6.636389668376482,5.366181855907184,4.075433485491938,5.393612220452744,5.290339449456992,6.068293825785656,5.850794703717847,6901028225175,202603
9.230817616802707,10.953369841459242,10.325285246131122,11.835093776424566,9.735117664196938,9.68925976235457,11.239284020680296,10.439719957496449,9.251071349674142,9.765348242373904,6901028225175,202604
9.836765407805284,10.669901395622182,12.712667313601308,12.210634872766517,12.095201179593339,10.312102505777366,11.090710101346435,11.210971028815884,10.401881079302727,11.498162605246101,6901028225175,202605
9.43150913323497,8.867166358161498,10.618335505001422,11.21415245914054,9.882539513816193,8.789996403315733,9.564108113485004,9.969996378512194,8.510316505348047,10.399373237485543,6901028225175,202606
0.367403545833051,1.4122749817828573,-0.5006672368936194,0.4643536224552771,-1.3272967236094428,0.2568575629013189,1.5159739932811263,-0.9334689021199682,-0.9696490989344171,-0.044985815657473616,6901028227285,202501
9.85056367611241,9.75356596603659,9.404164934880754,10.791763792869107,10.898466415633148,9.018584188000398,10.443502923530332,12.375024828214698,9.88751705108538,9.432508911311398,6901028227285,202502
6.611927998775722,6.385458138470866,6.279807362268958,7.6172570674978575,7.275463311954256,7.122629316866527,7.378712967616833,6.656180686999337,5.975176904716861,6.893743368049412,6901028227285,202503
6.479562110465659,5.889803984072746,5.224623807641223,6.789480680006806,5.6974371478568795,5.03813598636565,6.800300098779726,5.6979037864813815,6.851170467488019,5.588507534906957,6901028227285,202504
4.511744189856393,5.526765365241493,5.583168231406199,6.637852290271554,6.454838439304434,5.9609026501014,6.141092500322298,6.173359112222236,6.583290327141265,4.611052842278534,6901028227285,202505
6.21240968048972,6.357450399238449,6.155629749554882,7.315520148889751,6.83625489071445,6.075083030948764,7.07429286436944,7.1802196029021985,7.253229447570659,5.746538950988663,6901028227285,202506
8.604474756932296,9.461096243969216,10.33353404683746,9.770217579168916,10.267218844180888,10.086313432680727,11.000881580582584,10.87225966288515,9.543042707133583,9.5930284944162,6901028227285,202507
4.169968698523333,4.151344565335372,3.9681111642497533,3.01661181366011,4.156350998432791,4.570707133219009,5.298597688730043,3.325661701876459,3.762738625582325,3.9910168664658867,6901028227285,202508
4.612805963144652,4.759954811906476,3.9989670424369477,5.313349203757474,3.9776011654299905,3.6290913032296603,3.9126130442913873,3.271279372979405,4.7502822115945085,3.1646819499622865,6901028227285,202509
4.904146784753958,5.522775537380511,5.9712520222413685,6.708544309749999,6.800356973511155,6.647375941461404,6.253957804357741,6.572213705334625,6.17358709725709,6.13436757582324,6901028227285,202510
4.310856506451556,2.526861048998512,3.0227060862758246,4.40721655937196,3.935677353318103,3.3271248930438864,2.469619655413606,3.458010430687734,3.9571854427190774,3.9953847988569624,6901028227285,202511
3.4824913555707524,3.5683036928401615,3.7756377262578504,4.69642480200922,4.1377029362629765,3.735141157429257,3.9804460029470565,4.899645803529002,4.873209797018904,3.853023724548919,6901028227285,202512
5.09302371354694,3.5736996568395654,3.1486439590974844,3.845861915151734,3.3153422241686,3.9717581523173187,3.5009534047580964,3.6882491201703713,3.060710858330061,3.749317096180165,6901028227285,202601
5.520758166448382,4.862684903158583,5.662888975275078,7.520515216986235,7.015690520143433,6.414596208062247,6.2157602887049155,6.933837892475634,5.400776114936976,5.010313467739137,6901028227285,202602
4.982914365302293,3.506375845459387,4.863734230349555,3.9011595968692765,4.307369673865752,4.087493645184685,4.487024028968468,4.584138376316946,5.645821969234577,5.227252798950309,6901028227285,202603
2.5251621444069405,0.44873003818838525,1.2531321068309986,1.6842381172951955,1.386189095691607,0.9600726475385344,1.419525409799099,0.9071203444420832,0.6962509442075435,0.4579265637126522,6901028227285,202604
3.9288055332299057,3.110581110012295,2.305041285499478,2.9452426910955625,3.23649305776082,2.881810164592149,4.017955249818527,2.0162681080226954,2.1900299206329237,2.3249507795496616,6901028227285,202605
3.804635149660523,4.204198924135635,3.8599491088751954,5.791128627216056,4.434562645898637,4.118105157765252,4.394625516396678,5.312971412236693,4.608007131243255,4.519115667532236,6901028227285,202606
2.3528945299155515,1.87958269990848,1.8272990610784277,2.0689654519457985,1.706687642690523,1.8200419476552563,1.4001734813063114,2.9759648960034846,1.4675965762833978,-0.01553740964288422,6901028227438,202501
0.10360233437239663,1.0658295936478845,1.8363268548040368,2.1728918077766646,1.0534979415440715,0.5047917228176564,2.6533153851927103,1.4361045426119539,2.3637541020678734,1.8503582241278478,6901028227438,202502
2.3100797657120147,4.379272026526807,0.8765893637309468,2.8248442409399206,2.326787012209693,3.023928628495375,1.9705544866753613,2.9758761880663287,2.8382831044645047,5.020476563144261,6901028227438,202503
3.541066746053386,5.271646032360725,2.3088846522080093,2.69592885537154,1.9668904441409616,2.282959923883201,3.735150072405951,2.9955431249197124,3.6126460198557586,5.638194923543094,6901028227438,202504
3.541066746053386,5.271646032360725,2.3088846522080093,2.69592885537154,1.9668904441409616,2.282959923883201,3.735150072405951,2.9955431249197124,3.6126460198557586,5.638194923543094,6901028227438,202505
4.288357712969373,4.76661093952103,4.091058428086597,4.956877273358774,3.3608173657225917,4.8983547690956275,3.9675564546753748,5.1917478360094655,4.128610700443108,5.32557874725331,6901028227438,202506
3.785544987441723,4.293803171943419,5.759011192101407,5.5280104806635455,5.240231527302993,1.850443202334688,3.489339697795113,4.245346761070366,3.9221496608468396,4.830543325480298,6901028227438,202507
2.13260324941894,2.878375542358495,3.2064420181570066,3.6938595442413282,2.4063438755434854,2.070762813155075,3.923609650540256,3.999219345392966,1.8702922126273116,3.8757055908534217,6901028227438,202508
0.8551309393588177,3.150283231796597,2.060324910747941,2.0063175547157575,1.8380617728782305,0.8414742838434524,3.2103927935310512,3.853709057937999,1.2713915221639482,2.7817832392067037,6901028227438,202509
3.8977269506337158,3.4842577384174973,5.384956554730935,4.43020711683695,4.88549180695261,3.8579754497334235,4.256376800159332,4.051518615933658,4.059950220857274,5.868907404937371,6901028227438,202510
2.3231577676344797,2.6061696590390087,3.051537165633472,2.4745308598812574,2.1458007529053402,0.5977887711907284,2.687694157406296,1.46742175911865,2.1984472070585652,1.1607262664640017,6901028227438,202511
3.541066746053386,5.271646032360725,2.3088846522080093,2.69592885537154,1.9668904441409616,2.282959923883201,3.735150072405951,2.9955431249197124,3.6126460198557586,5.638194923543094,6901028227438,202512
3.9890045152566254,3.787760623077079,4.98184588975098,5.59086593581565,3.6121293751198413,5.981631979041431,4.378277428949433,5.957872086368486,4.548799682524653,4.6760665437574405,6901028227438,202601
2.960704967109126,5.9508402739866,3.72230495718106,2.7203005057604113,1.163936346612905,2.1977129716026402,4.936622324445674,4.817504354721346,2.730250751500493,5.849070104831629,6901028227438,202602
3.9890045152566254,3.787760623077079,4.98184588975098,5.59086593581565,3.6121293751198413,5.981631979041431,4.378277428949433,5.957872086368486,4.548799682524653,4.6760665437574405,6901028227438,202603
3.2621834413596527,4.4005058956823095,4.449771897216708,4.148979618545026,2.6598876267633162,2.483872069568218,2.935807654355216,5.584110370727137,2.705397164759818,5.071051859104022,6901028227438,202604
0.367403545833051,1.4122749817828573,-0.5006672368936194,0.4643536224552771,-1.3272967236094428,0.2568575629013189,1.5159739932811263,-0.9334689021199682,-0.9696490989344171,-0.044985815657473616,6901028229074,202501
1.9828108963123712,3.396364751701501,1.4988535223179618,2.9252399833868807,0.2636751068831253,2.489740238345849,1.887759320531828,2.42455164612253,2.317445882697297,2.8371639989113877,6901028229074,202502
-1.7202608620567605,0.8311491296569504,0.20508057352017056,-0.18774525505498962,-2.0560693011015876,-1.251542070760698,-0.003749841467910797,-1.7062724141489611,-0.13452636347561153,-0.4838526783978218,6901028229074,202503
-0.4748276508218767,-1.118905036047158,-0.029295254325998527,0.6075316822791181,-2.6694724840720285,-0.5477100603564802,0.5578824209250486,-0.6871020706639073,-0.15005595179719017,-0.1739242125664714,6901028229074,202504
2.472781117446476,2.2249374141084157,0.8747661067849184,2.016201698649261,2.173706474501607,1.9606779736378248,0.6892804283920786,2.0453120127058573,2.177266675235313,1.938567647493627,6901028229074,202505
-0.14122660939135895,-1.263240671737237,0.42510183128596535,0.7217687439281626,-2.2970405773726794,-0.28969204959629097,0.9225698240866345,-0.5081602939005057,0.2014872295741018,0.7785220816367366,6901028229074,202506
-1.7202608620567605,0.8311491296569504,0.20508057352017056,-0.18774525505498962,-2.0560693011015876,-1.251542070760698,-0.003749841467910797,-1.7062724141489611,-0.13452636347561153,-0.4838526783978218,6901028229074,202507
2.9034509815309155,2.6374406727758553,1.945797102179942,2.4580569243256583,0.8474106759662471,2.7306591091015298,2.299802408021728,2.466062344437416,2.6534637148447295,2.4514492335467444,6901028229074,202508
3.609169521623538,4.936398136637228,3.224640161672717,3.6867930359927477,2.9932743252318534,5.036888452962678,4.214735911749687,5.721230775678316,5.574899393295077,4.949419383307953,6901028229074,202509
4.103624560457366,4.611594431551421,3.7232515127135346,5.347924871327959,5.235086758014089,4.470076136284322,4.934519451938796,3.5011844844074664,3.115481980742313,3.0371581733346917,6901028229074,202510
3.962139190728045,3.775000440073341,3.9876479873785584,4.000218725108746,4.187691105728126,3.125589845407748,2.607149884209579,2.9059157475319344,3.9524099152135244,3.245216102726151,6901028229074,202511
5.751268377744637,4.557227151383351,5.166153735730472,4.536414569986728,4.82944913552058,5.820520719360861,5.070238590159335,4.506659590953541,4.759202470855587,4.839171143676025,6901028229074,202512
4.747458954138268,4.608111655530649,4.3077178036168,3.2339744036056572,3.5578314569294696,4.672551406775368,5.49520277616058,5.97093372756465,4.334492331332134,5.491659843052527,6901028229074,202601
8.097793035711339,6.7780523073690215,7.844058194073258,7.337639115677088,7.401786947440249,6.0490736968466186,8.399657087476854,8.764974486700442,6.878742738308828,6.642338670905122,6901028229074,202602
4.960925523660393,5.398574479215411,6.063179489274145,6.115907143406043,6.088035336582562,5.9809847347527345,5.110410131522292,5.077572837997038,4.729317507921425,4.523416300414942,6901028229074,202603
3.128394490358374,1.800146207064449,1.544608185332349,1.6872164041268487,-0.20555094626278353,1.8568472486934997,3.1755260008903896,1.9132537690187108,1.531796712891516,1.4947262766318747,6901028229074,202604
2.6973569664910966,0.9289253049707823,1.4433158564445316,1.2763876549721864,-0.3867422381026068,1.987509414510684,2.9181670774599007,1.5418441645743055,2.3312452210481456,1.6720135683196293,6901028229074,202605
3.0851088505721007,2.2058833316863473,2.153927791153352,1.5928145482190967,0.6486478812824477,2.7051794071738953,3.520109788917547,2.578206594257536,2.945528435595578,2.8964320939919084,6901028229074,202606
0.367403545833051,1.4122749817828573,-0.5006672368936194,0.4643536224552771,-1.3272967236094428,0.2568575629013189,1.5159739932811263,-0.9334689021199682,-0.9696490989344171,-0.044985815657473616,6901028230186,202601
2.449182431090041,2.3906570066324777,1.6771523647950797,2.1674810807762626,-0.32042150835976424,1.9444206013397833,2.8740485959954083,1.7466624228399386,2.028468826164228,3.3594990508160087,6901028230186,202603
0.764391335805839,0.6137105194989338,-1.3601459251561416,0.8349693007979446,0.2598834507900116,-0.6362964484535395,-0.4531460036244277,-0.3013440172321874,0.4137144552655003,-0.5427823980680269,6901028230186,202604
0.8811449425543634,0.6848248032845374,-0.9451133683454103,0.9974472623162847,-0.441959262827439,-0.557955456285618,0.0849376779639946,0.028274423830810247,-0.6553414421320292,0.11821440220186685,6901028230186,202605
0.8955971785498363,0.9760716665085704,-0.12475412538515857,1.0886687767920664,-0.12154834276753768,-0.35334504806533085,0.6195700610992536,0.42199730633949883,-0.5611828551369451,-0.5678632942545577,6901028230186,202606
0.367403545833051,1.4122749817828573,-0.5006672368936194,0.4643536224552771,-1.3272967236094428,0.2568575629013189,1.5159739932811263,-0.9334689021199682,-0.9696490989344171,-0.044985815657473616,6901028241410,202501
4.130493739074506,2.8921396222912015,3.033471563002041,3.900948168055819,3.8272977289204437,4.64641594497002,4.298040190863706,2.965251256230212,3.4033373248919094,2.620180225797202,6901028241410,202505
2.0631880448930575,0.9786412916258561,1.7253820228243686,1.2974558082004475,0.630533506412054,0.6030771061617105,0.9917777406288564,1.8847654443576969,1.473154730874188,1.3078611445369224,6901028241410,202506
2.0631880448930575,0.9786412916258561,1.7253820228243686,1.2974558082004475,0.630533506412054,0.6030771061617105,0.9917777406288564,1.8847654443576969,1.473154730874188,1.3078611445369224,6901028241410,202507
2.0631880448930575,0.9786412916258561,1.7253820228243686,1.2974558082004475,0.630533506412054,0.6030771061617105,0.9917777406288564,1.8847654443576969,1.473154730874188,1.3078611445369224,6901028241410,202508
2.0670051846896245,2.154708374412438,1.2848296410748423,2.28908347413536,2.023603241306211,-1.689887378792954,0.8210106113663491,3.706472101440897,4.50961926320016,3.1075817137239614,6901028241410,202509
3.3673969154924537,2.638283161462729,2.544274208626236,2.638662708640612,1.3313803426339035,3.6799256065665458,3.8059303274193894,2.584148515724483,4.95254974205297,4.024697026757099,6901028241410,202511
2.0631880448930575,0.9786412916258561,1.7253820228243686,1.2974558082004475,0.630533506412054,0.6030771061617105,0.9917777406288564,1.8847654443576969,1.473154730874188,1.3078611445369224,6901028241410,202601
7.054863193538153,5.643435505200159,6.006634481403635,5.770252584566652,6.393442801693641,6.114997798938519,6.280231987441471,7.093228921400395,6.050764619547943,5.057941845128303,6901028241410,202602
5.1713283192306,2.361200423895685,3.7528011354631845,3.6483517982873566,2.262417530781887,4.317260566154344,4.023600514489024,2.0940556259199217,5.216558220236218,3.9409194691397142,6901028241410,202603
2.9717898542977133,1.3423655210489605,1.420438598538435,2.8544232839799473,2.269809771112395,2.4093089795923626,2.7300456920306497,2.2865548531503728,2.2236476823702134,2.366107339335161,6901028241410,202604
1.7583646223504554,1.4701709676029098,0.9424135650940653,2.5063520067780107,1.7451888712746353,1.6964261754274006,1.735633854364326,0.7066600645159581,1.2631363652189638,1.3626201716194362,6901028241410,202605
2.7566718864312776,1.6263173064818468,2.5853945387082375,3.355786025428439,3.4998329301378344,2.299919306066551,3.0010952378319136,1.8064682396618692,2.8559586864584023,2.397643701081717,6901028241410,202606
0.367403545833051,1.4122749817828573,-0.5006672368936194,0.4643536224552771,-1.3272967236094428,0.2568575629013189,1.5159739932811263,-0.9334689021199682,-0.9696490989344171,-0.044985815657473616,6901028242066,202501
2.9542267171257492,3.395469092196677,3.492030580867844,3.6643267764025436,4.0665516496348975,3.3972148074524373,2.899035500079881,4.264325497538367,3.1321267328391547,2.922508756901704,6901028242066,202502
9.068111245912599,8.015712514270051,8.534670090609016,8.118281977008504,7.400615407393643,8.4783884220651,7.421193711524073,8.660376105155088,9.188144590803228,8.856717240685246,6901028242066,202503
2.246371218634567,3.7067571499311143,3.14169230532264,2.31994437998033,1.8736939146354779,2.783376896132354,3.0603426764762425,4.1984826669803095,0.6024289012699751,5.485992354862039,6901028242066,202504
4.883745801487484,4.851459533899094,4.985368682800052,4.506481754069058,4.460668841079935,6.666115216323841,3.6894740228103684,5.2308253937123395,4.915279014090014,5.083117672570725,6901028242066,202505
-1.0059921056756935,1.487898536702768,0.4416071728634066,1.4928467545443755,0.9899145415355718,1.9763764881164299,0.3729905521612952,2.575344042762277,-0.039978708658781836,1.9811560168112465,6901028242066,202506
1.0225357566872741,3.67853984627667,3.1711733727421842,2.66892526910815,1.8111288556471314,2.6459787660747636,2.0379123565059474,3.8840610797600332,0.2894289434040346,5.284138869978226,6901028242066,202507
2.3925516666168605,3.3640019663988183,2.8121577249554663,1.7853635872323999,1.7084114956291798,3.1263229044816394,2.9211985668366554,4.191718852122611,0.8782780026349895,5.58641328431534,6901028242066,202508
-0.8273814182480864,1.487898536702768,0.4416071728634066,1.4928467545443755,0.9899145415355718,2.1021182760868964,0.3729905521612952,2.575344042762277,-0.039978708658781836,1.9811560168112465,6901028242066,202509
1.2811415023369341,2.3892810133487257,2.9529451222951386,3.1339029360666264,1.785313132689539,2.7821288968637368,2.0723957164182067,3.9077226512241205,0.9141417385793578,4.476542938980444,6901028242066,202510
4.3283263382756445,6.267852490748703,5.1123631507011575,3.7340955435859993,3.83183617728427,2.438992417352061,2.1570729808838864,5.883569231953528,2.2607431546235923,8.055838149429057,6901028242066,202511
2.2543426257408115,1.7656490505484588,2.3741739814760323,1.314685788389348,1.6567847796535626,1.7142343210849726,2.798724289580771,3.0362535727650504,0.828502821490549,3.037941835549497,6901028242066,202512
0.3098377555000831,0.8697463944756492,1.506257556436062,1.180302342269898,-0.7995010440845077,0.6197019281847834,0.42485703856968,1.93298596717391,-0.5007629801534051,0.21200128446045596,6901028242066,202601
6.771517133240704,4.8755927188876935,7.133888419276137,6.396326421621038,5.384568012132285,6.706805859060159,5.709572546255692,7.105062044011545,6.40033858464587,5.421258151772097,6901028242066,202602
4.140594259469154,3.605189407268601,4.082423229842918,4.3690365596224465,3.956951078676688,4.387912779729631,3.090029797595581,4.378767995866356,2.921532255209387,3.8106545622303303,6901028242066,202603
3.0432145209250168,2.691521825051886,2.9105323162589674,3.432823097628379,2.6881989618499293,1.7540006094210212,2.5370227767791014,2.7612342735660036,2.273054498156924,2.3736692175342102,6901028242066,202604
4.638345950880138,5.053527434754869,6.2505048356903155,4.3386890967728355,4.8173052700517305,6.857302084407993,4.736261458217918,5.721496064545967,6.206485723056069,6.22756319081783,6901028242066,202605
7.3098669474675235,6.473003213510632,7.335346893642024,6.567793690569614,5.642730748687151,8.43895457631395,6.134342197801412,6.609338482812458,8.335586226335664,7.766565633146832,6901028242066,202606
0.367403545833051,1.4122749817828573,-0.5006672368936194,0.4643536224552771,-1.3272967236094428,0.2568575629013189,1.5159739932811263,-0.9334689021199682,-0.9696490989344171,-0.044985815657473616,6901028245029,202501
1.1012794543589708,0.5878123041851278,0.5601222332041602,0.04122198531849264,0.4194591714403146,2.3578501972788426,-0.10226834092252095,0.4624370024337408,0.3844160680507389,0.8175013627700469,6901028245029,202502
1.1012794543589708,0.5878123041851278,0.5601222332041602,0.04122198531849264,0.4194591714403146,2.3578501972788426,-0.10226834092252095,0.4624370024337408,0.3844160680507389,0.8175013627700469,6901028245029,202503
1.1012794543589708,0.5878123041851278,0.5601222332041602,0.04122198531849264,0.4194591714403146,2.3578501972788426,-0.10226834092252095,0.4624370024337408,0.3844160680507389,0.8175013627700469,6901028245029,202504
1.1012794543589708,0.5878123041851278,0.5601222332041602,0.04122198531849264,0.4194591714403146,2.3578501972788426,-0.10226834092252095,0.4624370024337408,0.3844160680507389,0.8175013627700469,6901028245029,202505
0.367403545833051,1.4122749817828573,-0.5006672368936194,0.4643536224552771,-1.3272967236094428,0.2568575629013189,1.5159739932811263,-0.9334689021199682,-0.9696490989344171,-0.044985815657473616,6901028247375,202507
3.2019056032174102,3.051028332015083,3.186832420177635,3.4221493955308566,1.2449759264174007,3.494056202919718,4.024656442317136,2.759089763714382,4.1848815186288535,3.635653781752073,6901028247375,202508
3.383683467365086,2.6400210503384476,0.9854591511674458,3.532349726996909,2.7778443034765594,2.7254072513263474,2.971461869268654,3.0587954181202606,3.8450967107685887,2.5037082056850903,6901028247375,202509
0.9574538656839245,-0.0900648672481385,-0.5452396168429586,1.5623283089069098,-0.3985017687937961,-0.08704827831421313,0.6564905537198907,-0.010103256560572815,0.07436281677889939,0.730858080402575,6901028247375,202510
2.3665866681544907,1.26974174760387,1.1600227136830317,2.0636243035633957,0.24625181216607284,1.8994163498717014,2.8984061272274384,0.8394284939213095,2.373820521988842,2.418175328759329,6901028247375,202511
2.852894696901519,3.0691482608267258,3.136802929738998,4.070457026958387,3.5365772309387915,3.1377051025970064,3.829812949977611,2.5507429685419525,3.4015507961645706,2.204825430234266,6901028247375,202601
2.4535653316570225,2.3979244799962065,2.2042723069562697,2.823111055323283,2.13926726545133,1.6026078852602064,0.9804894889909169,2.5057531548088616,2.41298043881409,1.7965053739356192,6901028247375,202602
3.775507446797605,2.052512758034002,2.7467155352870627,3.50630006319562,3.0683567389128306,2.5442259813145722,2.3342647523725932,3.0158666501082876,3.0546145821775177,2.4591516038620886,6901028247375,202603
2.8395077045487622,2.5278693749545806,3.0983604560553846,4.274648992255359,3.400543388951989,1.9455856254301196,2.961633355888148,3.2254328831277066,3.063987112382723,1.6263297038644342,6901028247375,202604
2.6583125608627243,2.9350672147579973,2.519055350770154,3.7058159227119045,1.7362010475147356,4.126439516848054,3.888969011162103,2.2119245436731845,3.579920294704507,2.9794132447095487,6901028247375,202605
3.2122031715059753,1.5270442727653672,1.6433956078684115,2.0818010779649314,1.5287931430071608,2.7040886259490073,3.1442117755305508,1.1672370811691222,3.872665986172451,2.177002108224971,6901028247375,202606
0.367403545833051,1.4122749817828573,-0.5006672368936194,0.4643536224552771,-1.3272967236094428,0.2568575629013189,1.5159739932811263,-0.9334689021199682,-0.9696490989344171,-0.044985815657473616,6901028252959,202508
4.211432413963429,4.619667687789329,4.310403120716837,4.792377334177184,4.242327646706895,6.151890503191605,4.804915440555009,4.669600852258251,6.023985240152125,5.873406801158521,6901028252959,202509
2.2857223864242773,1.7978206269963404,1.9576291201695988,2.1059477078803734,1.5502786791741865,2.7163197443194314,2.86289135536996,1.677166498080002,2.2476897940701868,2.498934863730156,6901028252959,202512
4.730654723522654,3.4376728914577757,2.610443778169498,2.883955788615941,2.690273081981766,3.795214706098017,3.950462069448597,2.9139485708015664,4.287239401128619,4.138389598866348,6901028252959,202601
4.639896576360224,3.415511426108259,3.6387996369543583,3.1804032086478706,4.078172900678811,5.603162550157563,3.9931521139305306,4.3012089383633265,5.518937248255972,4.182614441098895,6901028252959,202602
5.073830863373926,3.4605477185757287,3.10355088855968,3.215030491594407,2.933838722894507,4.359084026260979,4.322273143845863,3.515704472451396,4.333538442393001,4.967824789927067,6901028252959,202603
3.643922954822352,2.720351842517451,1.6649768426241796,3.0868606613567056,2.31729954038307,3.514023774225792,3.735472961319886,2.2108382340535826,3.3965503177798415,2.93717417436451,6901028252959,202604
3.0366428307176294,2.013172127919456,1.4110517552858233,3.0162129829567497,2.4860227769807084,3.4800969721659833,2.6555094709509266,2.774939228046091,2.051710050084894,2.5782981943410013,6901028252959,202605
2.561068455700112,0.6118301876490644,1.0857436401345546,1.7954831002402782,1.6450553333470541,1.6992389103175833,1.688450237315266,0.7081095090934107,1.2007765642707948,1.1603451679205015,6901028252959,202606
0.367403545833051,1.4122749817828573,-0.5006672368936194,0.4643536224552771,-1.3272967236094428,0.2568575629013189,1.5159739932811263,-0.9334689021199682,-0.9696490989344171,-0.044985815657473616,6901028268950,202601
2.6106879566949774,2.1533484308961537,2.0797752357270247,1.852953257242263,0.4270712116907589,1.8540677944717856,2.0539271288406953,1.5905090977010894,1.5593974263421269,2.1925050045936816,6901028268950,202602
2.169470890573842,0.41557479851962,0.813231712198379,1.5363577270497226,-0.8818683682934356,0.8620119489974677,1.7607743638636761,1.9085636409263167,1.1677645429185,0.8603759050727635,6901028268950,202603
-0.16921030959118763,-1.116828684635569,-0.35253609427161375,0.5100031929067765,-2.0182453368414928,-0.5553416230240757,0.7207681102188795,-0.33329219722354664,-0.031426372772250064,0.16934545657957756,6901028268950,202604
2.0209195884671423,0.5568104141716462,0.8289343314096751,2.1946983113331644,-0.4424523849505926,0.6658267162781847,1.6462403838464166,0.6367862531804712,1.2635688858404601,1.8816007401293242,6901028268950,202605
1.0866368361522794,0.9331199130006846,-0.3496841177344857,1.0893419596119263,-0.10049457154614344,0.02830836113117119,0.3741541760885009,0.22779343346386086,0.841940027481511,-0.01962095004750672,6901028268950,202606
0.367403545833051,1.4122749817828573,-0.5006672368936194,0.4643536224552771,-1.3272967236094428,0.2568575629013189,1.5159739932811263,-0.9334689021199682,-0.9696490989344171,-0.044985815657473616,6901028268981,202601
4.335584920591429,3.841297968374697,3.6160163776532563,4.064475542606777,4.125236402315984,4.952373111225883,4.302082604855539,4.390306617351932,4.8357102630012685,4.365588593086894,6901028268981,202603
3.18507435138356,1.802380018138284,2.597585034391821,3.02675969830288,2.9755334824874318,2.8118768293729124,2.5904359515551394,2.596206703336689,1.703011371836185,1.9291803302847814,6901028268981,202604
6.010799354308077,5.949965086971202,5.875311636324289,5.638650890706735,5.606020228144082,6.700294726453595,5.50053091325068,6.540116309425217,8.064478561241945,7.146127939646054,6901028268981,202605
2.3987172978261277,1.4145970265347438,2.015348796924521,1.8542750146618698,2.3187586479763005,1.7123342412679186,1.6496648976962638,1.5789996706982907,2.162153622487793,1.326884114440537,6901028268981,202606
0.367403545833051,1.4122749817828573,-0.5006672368936194,0.4643536224552771,-1.3272967236094428,0.2568575629013189,1.5159739932811263,-0.9334689021199682,-0.9696490989344171,-0.044985815657473616,6901028271004,202601
1.5562197994802083,0.9540282629400274,1.1739332510168978,1.4484165047826227,1.2643864347870084,1.4769428616059501,1.868217450510225,1.5546862410776652,1.1730133937877034,1.669430870096428,6901028271004,202602
4.652343608041776,2.8254281165817328,2.5726267799553844,3.019679886115419,1.0094636131387453,3.1087496525566714,3.8736874582968666,2.310569158190808,3.657897492105894,3.8776721064464903,6901028271004,202603
3.702643166880602,2.9028492443577325,2.9235742004370486,3.314876821111501,1.1178650876566032,3.7496414493343093,4.1859888053263905,3.1462669151299707,4.725875300966189,3.9786947267456814,6901028271004,202604
4.467978666728055,4.003004962279855,4.280407533660284,4.592013616163446,4.846157011744602,2.512661372052432,3.687962921773348,3.602459050739951,3.159298647666242,3.402048457716276,6901028271004,202605
4.6456548418242285,3.090150288455156,3.757451682719951,3.916121964046902,3.757244182221957,1.9065353503217914,4.385911016181834,2.7561686473983773,3.5038320774191085,2.951843102542434,6901028271004,202606
0.367403545833051,1.4122749817828573,-0.5006672368936194,0.4643536224552771,-1.3272967236094428,0.2568575629013189,1.5159739932811263,-0.9334689021199682,-0.9696490989344171,-0.044985815657473616,6901028271547,202601
2.906790864636017,2.7330640687043353,2.851827791007345,3.4594163586165116,3.795037363039751,3.049086196605647,2.681551392834087,3.0232820201056776,2.770171704806395,2.7782457997752408,6901028271547,202602
2.756773187445029,2.7389265822863096,2.7504257137726045,3.10009709602647,3.461659012483882,2.828739829749973,2.6770991749244457,2.2216706843370417,2.650108639105749,2.0691794415395464,6901028271547,202604
3.1178201170995186,2.670223930472873,1.6415314550452644,3.4740572970392267,3.6531781646164405,2.7576295062770746,3.2551344008659684,1.925183680125864,2.7705980250696896,2.029348473603891,6901028271547,202605
0.9597771100136385,-0.18421294566225668,0.14664062639613934,0.7622595496874447,0.5647978863454758,0.1381397112157785,0.7325693537480973,-0.23787913217171486,0.19518034142619878,0.5574974826982274,6901028271547,202606
0.367403545833051,1.4122749817828573,-0.5006672368936194,0.4643536224552771,-1.3272967236094428,0.2568575629013189,1.5159739932811263,-0.9334689021199682,-0.9696490989344171,-0.044985815657473616,6901028275668,202601
4.671003688255224,2.8450340373539538,3.4582465381563017,3.0321590252102286,2.9148116663520582,3.665667533340136,3.422504373056971,3.6786726453387066,3.690426625092622,3.4675273971962444,6901028275668,202602
2.928448900202135,2.257765356219496,1.712841202443435,2.8189345786677773,1.749534187024578,2.4555438546616877,2.4944650270550515,1.7067967236286001,2.91557839930013,2.392085375127158,6901028275668,202603
4.588851505168799,3.100185380975378,2.566289079029206,3.0053890286855607,2.54132575141204,3.660011503631062,3.840989741315977,2.8731193914438684,4.065765929674877,3.9794771107099525,6901028275668,202604
3.9039983903652957,4.055409659556564,4.1656159444394305,4.230526065789956,4.4527845176497785,3.8646649017790016,5.014258994596699,3.3020394914900257,3.4937277447650845,3.5808315830297888,6901028275668,202605
5.246226415192606,3.4790324886063355,4.326257284253092,4.378903803271165,3.983628249523649,4.891626818071399,4.742501700949178,4.57285066821008,4.752042383891266,5.092447040589749,6901028275668,202606
2.28413769781778,1.8988637786984743,0.40693936687730714,1.2820792459234185,1.308879681066836,0.1334845637501585,0.9208781770286052,2.168530174715722,1.337172962954985,0.21397255262189308,6901028300063,202501
0.20019295695120098,2.6153281508309636,-0.8430671505746554,0.7754012956142403,1.5175270547077258,-1.4979875930943876,1.4736351822770435,1.2584429533613288,-0.1321007485096094,1.7419675699640718,6901028300063,202502
3.0516710388029975,1.273305674599404,2.4216135269743964,2.9455476414351955,0.7716827094273568,1.8617314185498266,2.6185003442936905,0.7261975343680929,1.465371636887645,2.1017256621699256,6901028300063,202508
0.20019295695120098,2.6153281508309636,-0.8430671505746554,0.7754012956142403,1.5175270547077258,-1.4979875930943876,1.4736351822770435,1.2584429533613288,-0.1321007485096094,1.7419675699640718,6901028300063,202509
4.866796234313466,4.021258421949047,5.430913212926145,2.6459331737908096,2.3215189168978836,3.7791580583136533,3.899207450622906,5.171733184025465,5.968234073503574,2.398343814957501,6901028300063,202510
4.866796234313466,4.021258421949047,5.430913212926145,2.6459331737908096,2.3215189168978836,3.7791580583136533,3.899207450622906,5.171733184025465,5.968234073503574,2.398343814957501,6901028300063,202511
4.866796234313466,4.021258421949047,5.430913212926145,2.6459331737908096,2.3215189168978836,3.7791580583136533,3.899207450622906,5.171733184025465,5.968234073503574,2.398343814957501,6901028300063,202512
4.866796234313466,4.021258421949047,5.430913212926145,2.6459331737908096,2.3215189168978836,3.7791580583136533,3.899207450622906,5.171733184025465,5.968234073503574,2.398343814957501,6901028300063,202601
0.367403545833051,1.4122749817828573,-0.5006672368936194,0.4643536224552771,-1.3272967236094428,0.2568575629013189,1.5159739932811263,-0.9334689021199682,-0.9696490989344171,-0.044985815657473616,6901028301695,202501
3.0745875446975166,1.3783421637680122,2.5867354514625807,1.9308167628353847,2.4729241069820462,3.221846172602718,2.2940285253650416,2.0835057269285446,1.7403099511398068,1.9854615986645703,6901028301695,202502
2.4409451548669536,3.4491543061186505,3.7907136559143426,3.5334073508187203,3.55256251597826,4.330967077553271,1.7432915210251214,3.7673574404796444,1.9936054249205828,3.3776826825144055,6901028301695,202503
2.386910678800421,1.5055849438983668,2.6027895910598264,2.2391727198971636,2.413871152037009,3.0506546854746546,2.758584132446898,2.488365371827147,2.345147463377859,1.5795690490792105,6901028301695,202504
2.4820476953106736,1.4137587049148501,2.612923154739162,2.080507466779101,2.2719819023225245,2.942869394000504,2.677169745718047,2.537172924638664,2.2022964937390594,1.6061848157798029,6901028301695,202508
1.8613823737167223,3.3531255918726566,3.6608839262267368,3.3196573605556505,3.5126025640040286,3.8713989510539784,1.3460171423437972,3.2047391124218683,1.8997996007718032,3.1199681904737107,6901028301695,202509
0.4587083709155241,0.1256287509642856,0.1640384349338571,-0.41242597513083107,-0.15677187176249874,1.5632364651867572,-0.8551230828237306,0.20619601636264806,0.06486310958843673,-0.015108275307653019,6901028301695,202601
2.384143675756922,0.9799710102849332,2.7975196471140698,1.9472548087516985,0.3386807137047892,3.243132996045669,2.1432819790606743,1.308072859577221,2.794037940750836,1.8226271205950104,6901028301695,202602
0.367403545833051,1.4122749817828573,-0.5006672368936194,0.4643536224552771,-1.3272967236094428,0.2568575629013189,1.5159739932811263,-0.9334689021199682,-0.9696490989344171,-0.044985815657473616,6901028312356,202504
4.3283263382756445,6.267852490748703,5.1123631507011575,3.7340955435859993,3.83183617728427,2.438992417352061,2.1570729808838864,5.883569231953528,2.2607431546235923,8.055838149429057,6901028312356,202511
0.45083029409771147,0.9968763294642584,0.8754445690663708,1.501756128962832,1.8079462704291893,1.0711765704794545,-0.3270290917427269,0.571659403845675,-0.0034876740870912193,0.1384522177971876,6901028312356,202602
2.6536926242136083,1.559074391481676,3.1455192517900077,2.8496499665988795,1.017266086037261,2.499545943955098,3.477377998920302,1.4149384952348758,3.0716525683511327,2.7561566045546386,6901028312356,202603
4.03128454827868,1.4402557469957173,2.489538277236914,2.986392312752155,0.8666850021800889,3.5826577100105492,3.713110844568055,1.5189012623330107,4.172332350398117,3.6775206855367504,6901028312356,202604
3.9351418167113383,1.3869298384257944,2.575570238941655,2.9238032617552436,0.8308905609205648,3.5921677005252226,3.6504714036660086,1.4751482925523158,4.102754060779526,3.5119868291862373,6901028312356,202606
0.367403545833051,1.4122749817828573,-0.5006672368936194,0.4643536224552771,-1.3272967236094428,0.2568575629013189,1.5159739932811263,-0.9334689021199682,-0.9696490989344171,-0.044985815657473616,6901028314459,202501
3.153186145473428,2.6055859677002147,2.7942439429078103,3.9421505984925256,3.1343765730900617,3.232190199756301,3.2393609603302593,2.7358682249738617,2.9896120484921633,2.1650068311128634,6901028314459,202502
6.564284145112616,5.638321435410149,6.532057219976074,5.753989843759512,6.882594035637985,6.563822221425407,6.14650199273347,5.619475826426661,7.375584654064804,6.935130469621588,6901028314459,202503
3.762303373318068,2.6697198232549897,3.4656754109673433,2.93179153637489,2.4444489352680128,4.382693341401196,3.0362874788419734,3.074828138035584,5.158738450574517,3.474095111929188,6901028314459,202504
2.234415639179736,3.1456861376025986,3.546552496478962,3.9593145120795814,3.004101620996542,3.8841488561326183,2.6018517358130175,3.6587024593402577,3.513833457634136,3.8291160378817866,6901028314459,202505
3.081632821075499,2.848987637128823,3.5064314699699834,4.1012375755570725,2.7559232019616444,4.012183094249863,2.877780669842309,2.860705066849029,3.987863300323674,3.9294331165109946,6901028314459,202506
2.8590638565194038,2.7420028678537705,3.1369239801184663,3.362390277796853,4.068254866204927,3.373049032758164,2.751408404433323,2.8270052115546322,2.3435769316184674,1.8169788367306545,6901028314459,202508
2.0240253138882474,3.7542106941481275,3.0844614227383085,3.3524921499173748,3.286636265358896,3.414316615160903,2.068845137875474,6.041576405641847,1.0977159451731697,5.656620123861883,6901028314459,202509
0.48694724820898405,1.7111401132330082,1.2406342517371929,0.8652673134680593,0.3428540103321138,2.1416695849709733,0.17453474305763267,1.3915881683333433,-0.04584745182088548,0.9813645852956546,6901028314459,202511
0.6483748158931701,1.2915011233064624,1.5429068716740952,1.2349826551763463,1.0691930691331926,1.762333630815321,0.4585545999237425,1.2980335879757767,0.17647961741857865,0.8965221086364585,6901028314459,202601
-1.4276365330580552,-0.34478810374872526,0.568483946339362,-0.10221586191041993,-0.6800286136641046,0.5991518586254752,-1.3971286636731914,0.8692155496797085,-1.014936054857758,-0.6438832146667767,6901028314459,202602
0.3098377555000831,0.8697463944756492,1.506257556436062,1.180302342269898,-0.7995010440845077,0.6197019281847834,0.42485703856968,1.93298596717391,-0.5007629801534051,0.21200128446045596,6901028314459,202603
0.3098377555000831,0.8697463944756492,1.506257556436062,1.180302342269898,-0.7995010440845077,0.6197019281847834,0.42485703856968,1.93298596717391,-0.5007629801534051,0.21200128446045596,6901028314459,202604
0.3098377555000831,0.8697463944756492,1.506257556436062,1.180302342269898,-0.7995010440845077,0.6197019281847834,0.42485703856968,1.93298596717391,-0.5007629801534051,0.21200128446045596,6901028314459,202605
0.3098377555000831,0.8697463944756492,1.506257556436062,1.180302342269898,-0.7995010440845077,0.6197019281847834,0.42485703856968,1.93298596717391,-0.5007629801534051,0.21200128446045596,6901028314459,202606
2.3528945299155515,1.87958269990848,1.8272990610784277,2.0689654519457985,1.706687642690523,1.8200419476552563,1.4001734813063114,2.9759648960034846,1.4675965762833978,-0.01553740964288422,6901028314985,202501
11.912594574291852,13.161515249436446,12.826035117786546,12.193376075685801,13.204367898911743,12.29082165890893,12.264052511984893,13.001171271696187,12.796527515471162,11.885162924570832,6901028314985,202502
11.358319076441894,11.885571352624638,12.651167012339474,12.80458314255235,12.346148916320931,12.678706022533394,11.875073734138798,10.970326473087333,11.964855540066424,11.201692879565185,6901028314985,202503
12.429927144357478,15.041457659497226,15.202557542816397,12.085802258409425,15.024360308258801,13.478873391016894,14.199848226460764,12.730530730325318,14.053431580431765,11.359047074636713,6901028314985,202504
14.315292946112505,16.010191524409485,16.258749817497197,14.891569422800728,16.433186561887126,14.746460133949673,15.11616297472836,16.076974007300848,14.628726419399117,14.373054749019124,6901028314985,202505
9.930012117676496,10.60392739793842,10.48818240839801,9.032378398234542,10.732422074113135,9.751051180445574,10.10894018327941,10.446781235923453,10.985938263010391,9.432221260222793,6901028314985,202506
7.847706070600829,8.05926672701806,7.945105056182339,8.069231958700566,7.70106395151825,7.169428761787508,7.523351623769254,7.721852539495714,8.267763468518423,7.502457890413544,6901028314985,202507
12.82158291421522,14.904132747784226,13.798972669704575,15.170937036381174,14.03961136200677,14.674643688072466,14.130397460901676,15.42330355819094,13.706799558138782,13.407158267789052,6901028314985,202508
15.868369235674766,16.198705839416768,16.499155448687922,17.281211211794105,17.625015645352722,16.1532723996038,16.07856220793026,16.400907345170886,16.15581894585729,15.39844383136401,6901028314985,202509
14.574640638442446,15.581225312129911,15.427557261857098,15.884811400577263,16.32676406637562,15.91451473892046,14.624124563099095,15.685916255463235,15.28298646009631,14.740558073896901,6901028314985,202510
13.89853709697274,15.320240173614838,15.397622614211292,14.509266336139026,15.618840642383985,13.7991602848872,13.20977758161825,14.83101917853726,14.161231874999428,13.733978559478327,6901028314985,202511
2.632154705792241,5.169727450117368,3.36704837557943,4.221654765403064,2.39777208629999,2.3164808788459053,3.9019312666135724,2.6244451261834323,3.1995202116509245,6.874651170014198,6901028314985,202512
2.632154705792241,5.169727450117368,3.36704837557943,4.221654765403064,2.39777208629999,2.3164808788459053,3.9019312666135724,2.6244451261834323,3.1995202116509245,6.874651170014198,6901028314985,202601
12.999726208475805,15.38550066511776,13.889120614775221,13.659046505167755,14.599669339540325,14.19383596768165,12.405273066589073,14.878226793629523,14.184109820362941,13.404115022567115,6901028314985,202602
15.508326025195242,17.424325404352015,16.543955964070115,15.530689164826088,16.58922695385258,15.910088702470967,15.564029599683519,16.02221113887243,14.555133004731692,15.157319560911624,6901028314985,202603
16.17407351145487,16.943794178838782,17.422030057290605,16.059614051579405,17.989487943392863,16.6079482635504,16.832832093796036,17.028641498005836,16.3218553003894,15.499691050927563,6901028314985,202604
2.632154705792241,5.169727450117368,3.36704837557943,4.221654765403064,2.39777208629999,2.3164808788459053,3.9019312666135724,2.6244451261834323,3.1995202116509245,6.874651170014198,6901028314985,202605
15.758672197284845,17.250893828736956,17.0741825518814,15.532895577731127,17.748317783209313,15.933485653025908,16.54270232307504,15.793091515957762,16.496613414670225,14.89739333455393,6901028314985,202606
2.3528945299155515,1.87958269990848,1.8272990610784277,2.0689654519457985,1.706687642690523,1.8200419476552563,1.4001734813063114,2.9759648960034846,1.4675965762833978,-0.01553740964288422,6901028315432,202501
14.048139219961033,15.428292132701918,15.554383852133775,15.305601083020974,15.346916588227138,13.30012755350965,14.80605458879317,14.586531514962912,13.621062808502082,14.165764596851844,6901028315432,202502
8.409815941041186,8.244644311442277,7.335998930037679,8.949237771948775,8.748465847792515,9.245131733010414,8.04676176486222,6.9280622075143246,7.930691833906271,8.416815612276464,6901028315432,202503
12.06037645358564,14.14192315307545,14.265674756010213,12.422836360464913,15.057494515401546,13.669443464593273,13.984776324802047,13.977896541896003,13.701362751633484,12.335788538038818,6901028315432,202504
9.601801091438201,9.931392821303044,8.32911335511814,9.59338094014001,9.258347607160138,9.651193350700513,9.691927740275895,8.422252898971696,8.58410951841036,8.441013660713798,6901028315432,202505
13.899876757155301,15.741340441084525,15.505943096179347,14.693242045258083,16.169181081160485,14.838229786537047,15.064270320322112,14.827367221601298,14.74107746441395,13.293337650696813,6901028315432,202506
14.010719457972707,15.19683714148683,15.155324454081992,14.530532973482226,16.18450587102414,14.920316232990578,14.965496619192654,14.71854776094628,14.699692369999013,13.558377432178782,6901028315432,202507
2.9283182571436797,3.5529237272031313,3.2264151683511213,4.608036644612848,3.8467949691178314,3.327258488904917,4.615896135379347,5.256866593434057,3.553865529419707,6.163436576428359,6901028315432,202508
1.7306147566179289,4.69506271472808,2.1746862230720785,3.0675242909190503,3.140137218348076,3.651837478120169,3.82815707225197,5.026300911879257,3.433170289199878,6.390904729166758,6901028315432,202509
9.974676239784136,11.525950633669662,10.534705756629855,9.861216019455181,11.959368222724885,12.075435022112586,11.392529929104935,10.595173520262838,11.009119868971066,10.237158594167758,6901028315432,202510
1.1428177372540036,3.6258818428991524,1.942157574598071,1.6590113544846234,1.1876027930788031,0.08752943576110295,2.881621735858139,3.340052337268094,0.6350493252439525,2.5956612461163853,6901028315432,202511
3.541066746053386,5.271646032360725,2.3088846522080093,2.69592885537154,1.9668904441409616,2.282959923883201,3.735150072405951,2.9955431249197124,3.6126460198557586,5.638194923543094,6901028315432,202512
0.9248420303442573,3.5802649856437534,2.1185275868504387,1.3917350057873086,1.3195146268085232,1.7352923691757969,3.491212567251431,3.4573467905702326,2.1708110294868654,3.359663869693404,6901028315432,202601
3.2870493470668527,6.673563514103657,4.232670260395415,3.579209463133289,1.724395414077305,2.2744069720544884,3.9671277743944606,4.994941295461676,2.251720244903019,7.516832591594501,6901028315432,202602
3.98722015643353,3.306904586396385,4.086027627541698,5.00839654745609,2.8752198959602815,5.167776060526512,4.182363007826755,5.974248525216666,3.5210586025462063,4.792611294605545,6901028315432,202603
2.6056633727790373,4.036482150523426,2.820311477332883,3.8198862883772287,1.9865447538352785,2.947692016923549,4.120416588340078,5.387393126351505,3.179381197480169,5.644685321667513,6901028315432,202604
2.983971819476992,3.6974910865309356,2.590369790194557,3.0502236733526273,2.5248251381489437,4.119429239682512,2.9218383030750408,3.557927913334516,2.1934215722259327,3.9662015770687393,6901028315432,202605
1.297957647230723,1.8929602777888004,1.6829749089916997,1.4765088915128066,1.0074722736109636,2.44810491857668,1.2528248284372887,2.201754012907707,1.1164203633153418,1.765495115599004,6901028315432,202606
0.367403545833051,1.4122749817828573,-0.5006672368936194,0.4643536224552771,-1.3272967236094428,0.2568575629013189,1.5159739932811263,-0.9334689021199682,-0.9696490989344171,-0.044985815657473616,6901028317177,202501
8.32210411596942,8.530091977040811,8.415298080532814,7.197057118406381,7.784045604859682,8.449915688247453,8.185044331752847,9.851370337032055,8.088036503215568,8.313213538986275,6901028317177,202502
7.184843891504141,7.068375507408901,7.626258307912489,6.158862098013351,8.43077605413375,6.574785029078366,6.8735996580315755,7.317373637196038,6.419835802736778,6.017752570096946,6901028317177,202503
6.08955170480463,4.629372383487928,6.116188975307906,5.389525165238027,5.920189063418542,5.855428803816754,6.080542866645349,5.419052501750913,5.200991283698528,5.5138186402229055,6901028317177,202504
7.179767270416307,6.772550667698989,6.969704877164619,6.164693367327384,8.258864098258853,6.762698607593606,7.774133421873435,8.17371154329415,6.475617381923313,5.904717959167955,6901028317177,202505
6.692150804683895,6.444638258716355,7.20699994599783,6.462593997030383,7.577940477713343,5.588397719185751,6.964276845421556,6.5921373751097425,7.180973515366417,6.050342841298483,6901028317177,202506
9.138747012760252,8.211717316690395,9.04717423335537,7.31492444976533,9.591319681013593,8.415279374419027,10.044447805855368,9.316283625095455,8.697254058024097,8.067586243993446,6901028317177,202507
8.133623968976243,7.479494732191204,8.113834695540183,6.722288761571039,8.19292698152295,7.447983560229029,8.37230964506003,7.996189983171676,8.327936502631179,6.272312599352171,6901028317177,202508
6.312258884862473,7.381982039115727,7.230159050285892,6.7099480886564535,6.777053907761401,6.556085177854152,6.71609679088727,7.442613422880897,6.403550464198059,6.602106241696503,6901028317177,202509
8.184198974055915,6.191230696567914,8.096600346345035,6.435677369799387,7.656528125966002,6.553431242986229,7.877496862834315,7.0032445798407075,6.626425777888171,6.578787535624745,6901028317177,202510
5.411498913313599,5.295738575595936,6.2417282542246095,5.16444948023936,5.644107382453811,4.860468869423233,5.588638577457376,5.6896392014689665,4.815126014958271,4.795306140307845,6901028317177,202511
6.158190607067904,5.697277428197843,7.233688726350745,6.0480067029169815,6.214919526147831,6.095663205124209,6.380162325183019,6.66738755350273,6.879666237590973,6.684685670124784,6901028317177,202512
6.501514008385153,5.214250680151978,7.1355653698065815,5.927946182642032,5.366649348228917,6.041342876187819,5.827946603614532,5.388908459303831,5.919471173814124,5.958042614620956,6901028317177,202601
8.105510914250582,6.616443929403403,6.817724718688809,6.674906227061741,7.004394673944289,6.635170767623231,7.100595067440458,8.54354543513139,7.186472908479138,6.130594971186355,6901028317177,202602
7.561639183649945,7.55555318269564,9.271370189885658,8.225124196746801,7.268347188853641,6.842536297447137,8.291494397755683,7.114025006177928,6.445406333555454,7.701835317431767,6901028317177,202603
6.752208745373317,5.9981056189196815,7.398639088230535,6.749444917184628,6.214000923522966,6.597207926626002,6.437917977430797,7.26780026951735,5.409376544752398,7.360027340769099,6901028317177,202604
6.361007714109044,6.561998643586098,6.351384374130298,7.5967788717731795,6.686816837746142,6.829338664179608,6.8374596123020694,8.136937390020416,6.476284310337716,5.816787225164959,6901028317177,202605
6.024083711425368,5.648304989666453,5.214241349758998,6.7061185337184614,5.201674257701733,6.1963763436614006,5.484795414094057,6.319408910644649,5.551093482021783,5.9817392941816925,6901028317177,202606
0.367403545833051,1.4122749817828573,-0.5006672368936194,0.4643536224552771,-1.3272967236094428,0.2568575629013189,1.5159739932811263,-0.9334689021199682,-0.9696490989344171,-0.044985815657473616,6901028322867,202501
2.5833849940972464,1.2827259100727102,3.51455470427465,2.837063973169981,1.268081026881254,2.160006804686531,2.172246842620896,1.7689983205295177,1.8347305394339117,2.3902200912362948,6901028322867,202503
1.672761525806297,1.6619971765449164,0.6404259907000077,1.557068811355312,1.0456554327107952,0.8648337728016222,0.7202409189742158,2.6432884065703695,2.7292338104701854,0.3542962653206029,6901028322867,202504
1.672761525806297,1.6619971765449164,0.6404259907000077,1.557068811355312,1.0456554327107952,0.8648337728016222,0.7202409189742158,2.6432884065703695,2.7292338104701854,0.3542962653206029,6901028322867,202505
1.672761525806297,1.6619971765449164,0.6404259907000077,1.557068811355312,1.0456554327107952,0.8648337728016222,0.7202409189742158,2.6432884065703695,2.7292338104701854,0.3542962653206029,6901028322867,202506
2.28413769781778,1.8988637786984743,0.40693936687730714,1.2820792459234185,1.308879681066836,0.1334845637501585,0.9208781770286052,2.168530174715722,1.337172962954985,0.21397255262189308,6901028324830,202502
3.0247720284427113,1.9747398113054868,2.5780023108375683,2.799261386933066,1.786042160390382,1.6713935724666853,2.272428676541481,2.470824913673514,2.957284407781741,2.91835358313824,6901028324830,202503
4.248164614644044,2.2596826011479303,2.5060648787198283,3.1220655680479417,2.7234584619550386,2.6724411893850584,3.387829757403613,2.4123830427019994,2.881329731957727,1.376727943144961,6901028324830,202504
2.2067678669117896,1.4808133751717074,1.8062638992669395,2.0121622695392665,2.062084840631253,1.4913769864512485,1.8077504922363639,0.7472756332222915,2.1025461591008385,2.6645698300935377,6901028324830,202505
2.234160973527812,2.1420030008194066,2.0971045516791618,2.0770362896427863,2.3730645935837313,1.722368859603825,1.5795894938831097,0.9608810186606445,1.018438178485617,2.4250167151615702,6901028324830,202506
3.264223215516656,2.881725327388115,2.3746998858795254,2.5372205187006664,1.8113371152515243,2.7954030533478713,3.1082202321796344,2.1595556852423963,3.522446856901115,2.7327482670866314,6901028324830,202507
2.9833962911911516,1.5140368584770136,1.7223313735167753,2.985759249034678,2.7179018475118126,2.7291918806807463,1.821914973966786,2.341354442195446,2.472514771018992,2.6735102544743232,6901028324830,202508
4.041800431878991,3.2722871646473553,2.011497999225899,2.1060493431227725,2.4929892082946044,3.533739132064372,2.0168671264688354,3.9511113926560504,2.6796669924281615,3.2501050870716455,6901028324830,202509
3.8751033798366885,2.896023845470509,1.390118077898682,1.7233184194045215,2.122955752471798,3.3798811763278933,1.4255154860554917,3.1916121011526455,2.3930492622740536,2.912867403502051,6901028324830,202510
1.846625379267568,0.9825144286563726,0.5164454140133625,0.9179774161433173,0.7177397291385841,0.9489565873875302,0.8941397156235212,0.4438966603695933,1.6337226274217926,1.015367158750101,6901028324830,202512
0.9633772325118856,0.14772792352276276,1.3562414373321836,0.7336957368947856,-0.12649078444025819,0.21334534473835948,1.7238507016369637,-0.3469540236866916,1.0410838738109374,1.6471745008533236,6901028324830,202601
5.4671563044180225,2.280084953816642,4.311480256488039,4.251747008745421,3.4878511078245866,4.4766984698860615,3.2334193829299784,3.4813229640988244,2.94787122060467,3.1327936946562125,6901028324830,202602
2.4569409592427007,1.3670159720391843,2.7345082676548595,1.6494325480170253,2.259161678361671,3.016323099784909,2.6025037834388063,3.122782635704888,1.9490811360350038,1.4568566849615443,6901028324830,202603
3.4289473056027004,2.1674886116690537,3.011891358284486,2.0609574139119946,2.6294322660352383,3.228454212769959,2.956572538725543,2.7793911408164083,2.7984329907484353,2.4923463739539873,6901028324830,202604
1.9901757341941382,1.62593088243738,2.032203580816743,3.479892771454944,2.079221354735579,1.7366138555203536,0.3193734901635007,1.3002943475604,2.139735048053929,1.766288230585323,6901028324830,202605
0.8354607299449449,0.7122696687468542,1.127384167043438,2.4805821687872753,1.3662157733361706,1.5523764592102527,-0.3293344580404215,0.5632158953648722,0.9185635803060367,1.3552914119903416,6901028324830,202606
0.367403545833051,1.4122749817828573,-0.5006672368936194,0.4643536224552771,-1.3272967236094428,0.2568575629013189,1.5159739932811263,-0.9334689021199682,-0.9696490989344171,-0.044985815657473616,6901028325257,202601
5.830686537835023,6.052592980902552,5.802024198421643,6.9911187941973,4.443660670457885,7.107524113669239,5.975344864824055,6.596297587038917,7.339109460789403,6.776928516522122,6901028325257,202603
2.49226310992675,2.2502511363153275,2.0325629636079494,2.423996272098602,2.166485459026312,2.2252350585384386,2.078224873894749,2.1170145745942444,2.077416251314097,1.968678427673617,6901028325257,202604
3.058944852787009,1.4531056247647338,2.3689844189633242,2.944833782770231,1.8192918510170402,3.1614088407306955,3.051583899016918,2.0471894245920357,3.6541577686966304,2.3612906494359853,6901028325257,202605
2.5073574102659717,1.9558427361168058,1.7481868353816523,2.5047213207968713,1.7155416037681057,3.144945543406645,2.9923768379686764,1.606420117401017,3.6395909484040905,1.7379707085446632,6901028325257,202606
0.367403545833051,1.4122749817828573,-0.5006672368936194,0.4643536224552771,-1.3272967236094428,0.2568575629013189,1.5159739932811263,-0.9334689021199682,-0.9696490989344171,-0.044985815657473616,6901028331296,202501
2.0222783335927836,-0.14404459172191808,1.054585193257064,0.19611102936245972,0.7824270417375474,1.8136675915275273,1.0443496715253069,0.2657788663625149,0.48834138078199285,-0.02492592016527953,6901028331296,202502
2.329918788115877,1.7229696307124454,2.2462636946735035,1.3352427038875954,2.799150637952555,2.732291820460781,1.9865686994119387,2.617058767620705,2.836965842148968,2.013024868169543,6901028331296,202505
1.0269596200073052,-0.06750174565165512,1.2750627354949162,0.8364624482309065,0.49831132867719036,1.746324272027343,0.696612712756357,1.5046830049707207,0.10292398272019865,0.4118367745421081,6901028331296,202506
1.2482181733936542,0.594140617030839,0.7449122526564862,0.903145844475116,1.068579124027124,1.9691899328669034,-0.07114284799409842,0.896507429256252,0.4700109739132701,1.3260940578265235,6901028331296,202507
0.20827200101613352,0.061865367332095245,0.9006950229348185,0.5800687810026137,0.4358879907788117,1.0520888055163242,0.2914349392452144,1.1741131134673473,-0.06121044786991514,0.8530986948218056,6901028331296,202508
1.3382804781175726,0.7374414038189562,1.022885898999488,1.3606032238298653,1.5654434208118377,1.260260359700863,0.5493553389357979,1.1931769371440035,0.2555072725135373,2.369492247675983,6901028331296,202509
1.2482181733936542,0.594140617030839,0.7449122526564862,0.903145844475116,1.068579124027124,1.9691899328669034,-0.07114284799409842,0.896507429256252,0.4700109739132701,1.3260940578265235,6901028331296,202510
1.2482181733936542,0.594140617030839,0.7449122526564862,0.903145844475116,1.068579124027124,1.9691899328669034,-0.07114284799409842,0.896507429256252,0.4700109739132701,1.3260940578265235,6901028331296,202601
2.28413769781778,1.8988637786984743,0.40693936687730714,1.2820792459234185,1.308879681066836,0.1334845637501585,0.9208781770286052,2.168530174715722,1.337172962954985,0.21397255262189308,6901028339957,202501
9.383702322700508,8.477241101667365,9.84825569514399,8.792415108813968,10.749525268128437,9.338886837987129,8.000837138951535,9.600173832366734,7.846669197170478,9.29796876013766,6901028339957,202502
7.3594888630033415,6.071275420909029,8.783578598966628,6.866695975612837,7.932533706088855,6.383277901098401,6.0609189749068975,6.566029060187345,8.213471061803624,6.630064473545431,6901028339957,202503
8.291634348227417,7.425605870958785,7.04595575147028,6.350956472330695,7.226901838826312,5.718587180223414,6.656562424201257,5.957825342629635,8.079107236826117,5.994880732583555,6901028339957,202504
10.6700105694428,9.250761907997333,10.767753070216525,10.579418316345388,11.467215090691111,10.697949391674678,11.57610146085969,11.472258030916832,9.582491164138181,9.772847084868555,6901028339957,202505
12.036114852185126,12.23494488683453,13.324596146947714,12.184565750901756,13.815533727401235,11.825591377711673,13.462153939252804,12.960877006976954,10.870883833344175,11.764099666992841,6901028339957,202506
2.379803137357516,2.6859231968217383,3.171145115013439,1.1130874187320958,3.38189297443736,2.4133291162519823,2.841717059792721,2.437734395372078,3.000643826974471,4.017951292484004,6901028339957,202507
9.818024609909136,9.17466539251438,11.364862480826693,10.178951059524845,11.774178881130888,9.950398502593544,10.65241274893936,10.416731314488247,9.506096898261868,8.731734027715234,6901028339957,202508
6.8182202808205385,6.389136141383606,8.74042708307083,6.571547389361584,8.0120135270602,7.15780578600831,7.090051871247217,7.843680766955553,8.574970532443457,6.466220394396555,6901028339957,202509
10.372452564726853,8.883191616177376,9.079332410746284,10.91215170022602,11.678810689956771,9.966681167293501,10.122780538116318,9.836464656140896,9.709458887193025,8.677470199709589,6901028339957,202510
7.291481995256413,6.970069164827315,8.879873898844181,6.383710333645846,7.201197697631697,5.962474685366818,7.587226776726299,7.213426207091554,7.678559176900752,6.012473626299775,6901028339957,202511
10.806830053582832,8.542429918138168,10.29793052567798,11.061503351970456,10.47703517189567,10.180213936790876,11.03918871801773,10.803348364949395,9.33081123433894,10.439402941951606,6901028339957,202512
7.957011683189911,7.3307286621246055,8.863557830253095,6.830731312618392,8.655651869137085,6.6887452917996,7.096963195503233,7.127626215810788,9.102832758796588,6.2683562935666615,6901028339957,202601
8.527500967359638,6.844086742423588,9.532357893243198,9.363394949876357,9.247231080877363,8.671227211854333,9.483770694604335,8.485915834042983,8.616308570537544,8.045512894393257,6901028339957,202602
6.00768721818583,6.042222803719311,7.664658229997538,6.10240471930687,7.441303561198377,6.757441679024593,6.299411293869882,6.518941995429284,6.482756065215774,5.775147608221292,6901028339957,202603
7.379668976777335,6.59379820223507,8.485387689457536,6.755484297975892,7.821674960818795,5.945999084333575,7.0585196432972035,6.022248064093693,8.022328342346075,5.650722919539828,6901028339957,202604
9.183663594256178,8.083847550245494,10.677804502176505,9.88363550160218,10.332444999324178,9.463834334673821,9.93453639528807,8.517584702940692,8.123642063653497,8.90247183318094,6901028339957,202605
10.019373369809381,8.187121891762592,9.798546645906079,10.481482319760008,10.777662409542437,8.951273684863347,9.641979962070923,8.69221548547223,9.244993549192687,7.99335383702482,6901028339957,202606
0.367403545833051,1.4122749817828573,-0.5006672368936194,0.4643536224552771,-1.3272967236094428,0.2568575629013189,1.5159739932811263,-0.9334689021199682,-0.9696490989344171,-0.044985815657473616,6901028340618,202501
3.6737516532213075,1.4839493389487528,2.9791788513380055,3.3714122412669023,3.3640007819325684,3.0842024313941208,3.4452412924973874,2.5926429615434086,2.302744298760562,3.103346824451449,6901028340618,202502
1.5526913272982288,0.4984003870928943,0.9625695632379098,1.6690564482162566,0.6987170676636847,2.0484987477477103,-0.05674505652586259,0.6634366619799097,0.8690631539464265,1.68130061806135,6901028340618,202503
1.5526913272982288,0.4984003870928943,0.9625695632379098,1.6690564482162566,0.6987170676636847,2.0484987477477103,-0.05674505652586259,0.6634366619799097,0.8690631539464265,1.68130061806135,6901028340618,202504
1.5526913272982288,0.4984003870928943,0.9625695632379098,1.6690564482162566,0.6987170676636847,2.0484987477477103,-0.05674505652586259,0.6634366619799097,0.8690631539464265,1.68130061806135,6901028340618,202505
1.5526913272982288,0.4984003870928943,0.9625695632379098,1.6690564482162566,0.6987170676636847,2.0484987477477103,-0.05674505652586259,0.6634366619799097,0.8690631539464265,1.68130061806135,6901028340618,202506
1.5526913272982288,0.4984003870928943,0.9625695632379098,1.6690564482162566,0.6987170676636847,2.0484987477477103,-0.05674505652586259,0.6634366619799097,0.8690631539464265,1.68130061806135,6901028340618,202507
1.5526913272982288,0.4984003870928943,0.9625695632379098,1.6690564482162566,0.6987170676636847,2.0484987477477103,-0.05674505652586259,0.6634366619799097,0.8690631539464265,1.68130061806135,6901028340618,202508
1.5526913272982288,0.4984003870928943,0.9625695632379098,1.6690564482162566,0.6987170676636847,2.0484987477477103,-0.05674505652586259,0.6634366619799097,0.8690631539464265,1.68130061806135,6901028340618,202509
1.5526913272982288,0.4984003870928943,0.9625695632379098,1.6690564482162566,0.6987170676636847,2.0484987477477103,-0.05674505652586259,0.6634366619799097,0.8690631539464265,1.68130061806135,6901028340618,202510
1.5526913272982288,0.4984003870928943,0.9625695632379098,1.6690564482162566,0.6987170676636847,2.0484987477477103,-0.05674505652586259,0.6634366619799097,0.8690631539464265,1.68130061806135,6901028340618,202511
4.078175997682691,2.161795226383252,3.87866135973272,3.905537902248003,3.1717765417965333,3.0846946626851426,3.6570237539585535,2.5538292453087963,1.9972445373040177,3.6046371651744136,6901028920858,202503
2.0984870919383156,1.3918640850898005,2.021856948345506,1.967022403847959,2.881803994477324,1.653333333956023,2.377222430297587,1.4919116644821027,1.370768112673297,0.7859879882570877,6901028920858,202507
3.2369663593562135,1.5428074110435162,2.0144997977788552,2.501880676395306,1.5450387922343878,2.0453314389310338,2.113999852909266,1.2814498725290924,2.798511156986293,2.2871095183802215,6901028920858,202508
1.8009704794206112,3.7586179535403565,3.715813475615663,3.1054222196083137,2.646420320443576,0.4637284967594134,0.34327632490501075,5.305266134950917,4.463527956818131,4.029735709543449,6901028920858,202510
2.1805795680375577,0.6008796908396117,1.7656189231238655,1.3558438630200325,-0.3671307757364938,0.6129908980406226,1.2779399986487046,2.0654097859545697,0.6170916340386611,0.07258696777766516,6901028920858,202603
2.2936948250074503,1.8095451928082669,1.8002383254752772,1.2618292317676219,1.288133564473011,0.4497077337350075,0.9265335841427464,2.125948879428062,0.9777871427687576,-0.5778782465602521,6901028936477,202501
10.09830650081831,10.088007453046211,10.70777801160828,10.55942771968453,11.27050384314049,11.016340569358114,8.68165659758009,8.963708398899772,10.487763237373118,8.241748878923964,6901028936477,202502
5.952991260525843,6.063958198428794,7.032992077806065,5.0521084056769086,4.882300471462708,4.87536278147529,3.881128312426698,4.384678790969032,6.962158092177308,5.136156489640352,6901028936477,202503
6.081114001061838,5.227089619295419,4.110714193888802,3.915395148646691,3.3956999464986946,3.1659706328684605,4.814541154084508,3.8340836094631014,4.601121836734146,4.430311810735086,6901028936477,202504
5.678858446400171,4.486377210338443,4.441001241944899,4.119510476028258,4.111108840775383,3.580272161654631,4.025703452533999,3.785320935903999,4.918357630403615,4.813865307323801,6901028936477,202505
5.165275334880087,4.614278257879696,4.163007341143846,3.747775192093816,3.971679812840843,3.9514430717644484,3.3158940634709473,3.209241351347477,3.820969576060998,4.0135819224673615,6901028936477,202506
6.731469281146382,4.528326278827048,5.321611863204705,5.8287017216127985,4.2463662435684055,5.429829739036877,4.8087205975325755,4.74341914588944,4.961930816301009,5.089015476879032,6901028936477,202507
4.696518988561315,4.068622245937368,4.506598044423128,3.5664446676534225,3.882484910111757,3.278993651006165,3.623181036356192,2.6396490599773803,3.9576176610828715,3.770297317749671,6901028936477,202508
1.0725902231558364,3.4729719553961504,2.4206433941610745,2.6524723307350335,0.018501487463479793,1.0494519755394813,2.223834834255404,1.7722023029067955,2.9646919241879868,2.7915466484510123,6901028936477,202509
4.286841644950002,6.978993636908457,5.606292478051975,5.355787335720767,4.114501308973042,2.6686918459552493,2.9565104217247247,6.19086282036816,5.088077499196398,6.341348455380697,6901028936477,202510
3.511801158246832,5.790248423001794,5.407782875646491,5.422616528863673,4.192897266920575,2.2545089269597893,3.6009097286884995,5.591331075323121,5.151133549853922,5.097612782766037,6901028936477,202511
4.094556419005714,5.497120331253281,6.135283930540536,5.815665812400435,4.642529703488291,1.9729181061505785,3.073820738845097,6.124105899816705,4.929428805256827,4.900204884385005,6901028936477,202512
4.526675164869818,6.52922238099988,5.400246242247613,5.491740801842367,4.580827535311612,3.081867793105118,3.0741287169031146,5.696359397596172,5.377020734017906,5.78393992571608,6901028936477,202601
5.39954454868078,4.4785139230876405,5.150697987906832,4.692420086821047,4.452204623666527,4.533483015439515,3.865697491999753,4.745649491004282,3.795423811220496,4.618772001933047,6901028936477,202603
6.2605485039232915,7.422811539933472,7.807898323062237,6.727846582443117,5.619125493179251,7.847655195520671,5.1239559922106315,6.414257525680145,8.204394756254805,6.177431194407629,6901028936477,202604
6.2605485039232915,7.422811539933472,7.807898323062237,6.727846582443117,5.619125493179251,7.847655195520671,5.1239559922106315,6.414257525680145,8.204394756254805,6.177431194407629,6901028936477,202605
6.2605485039232915,7.422811539933472,7.807898323062237,6.727846582443117,5.619125493179251,7.847655195520671,5.1239559922106315,6.414257525680145,8.204394756254805,6.177431194407629,6901028936477,202606
2.28413769781778,1.8988637786984743,0.40693936687730714,1.2820792459234185,1.308879681066836,0.1334845637501585,0.9208781770286052,2.168530174715722,1.337172962954985,0.21397255262189308,6901028936750,202501
5.358088476093295,2.506943970034083,3.598274964659807,4.7139853693513745,4.005205001069626,4.22922708834285,3.2813477566362472,3.8573579306015837,3.2887657371092875,2.4873525707667463,6901028936750,202502
3.6777267152300497,2.916129251463493,0.5141245389921905,2.3039352569773066,1.7062063745636225,0.6604882314971852,2.2859504498020415,1.8955731225853036,2.6966646711215154,1.433519328308825,6901028936750,202503
2.798536067378521,2.440373452752844,2.6662772797254553,1.866482828263873,1.508707464930548,1.9503131490691528,2.3896114450863144,1.2056497332013647,2.621771060123224,2.2948329406590013,6901028936750,202504
3.4839729418831364,2.5166581614524106,1.8357502117867686,3.05036667478313,1.3570228760109642,0.9920822815924761,1.7767674553370887,1.61288335346439,2.1588244567539343,1.983279476419416,6901028936750,202505
2.5714227401712852,2.1174437178747607,1.5065819851882727,1.560515161301496,0.9787687671480225,0.7386569043301012,2.4412287520090423,0.28766712671482386,2.9224787025525742,0.9164463988464326,6901028936750,202507
0.09763366405292534,-1.7156424696932868,0.6847276512581828,0.3705428993224799,-1.9664069534330197,-0.7440632317033455,-0.9323775585924706,-1.2489611665486433,-0.01581613222674108,-0.8229772375945782,6901028936750,202508
3.318089387106102,2.4686120643203093,1.980995554351275,1.8447144541945544,2.2494541682036497,3.0407274092635945,3.0505328314100604,2.7280396473466553,2.7227444113450066,2.2776210590406474,6901028936750,202509
3.237299588386146,0.7761872510670415,1.5979995945913164,3.517708846477709,2.0037174271768627,1.556326961607767,2.0853093489841554,1.2108640530818846,2.888485849482441,2.3136830935266155,6901028936750,202510
3.603348064850524,1.2125287208840383,2.232110404087796,2.5927344948725963,1.3798717404012193,2.473092199776027,2.7868587124396433,1.6016125608591407,2.5511161779608402,2.665881042740059,6901028936750,202511
3.5667705804664855,2.30323031552331,2.807377550351342,2.1557106083848905,0.6528275702714674,2.8244874045149158,1.9731528593386378,1.2963693400208531,2.8636803513729068,1.4273306537914543,6901028936750,202512
1.155852404165529,0.09928342606799659,1.3063218102165366,1.4234443422615262,-0.5720716395177337,0.022744245583253553,0.7998765977192794,-0.19842979714930076,0.8569545453834877,-0.12983232457998706,6901028936750,202601
7.621249760786471,5.073057320377054,5.00785956328617,6.4710015797327625,6.541642028200344,6.564798792825788,6.043492942402772,5.534936279090463,5.663915964371551,5.664936040726295,6901028936750,202602
2.2485429084829103,0.9140128309812374,1.5252686022762394,3.0072674753948063,1.4752925050621377,2.3643739963804125,2.4539942484548796,0.9581853777085864,1.9943180328881138,1.9135775704306899,6901028936750,202603
5.507433354397046,3.275497081041938,3.02727913621872,5.72947739628664,4.944186782517188,2.5617811454845287,3.4546305504288846,3.152570322524443,4.034827545604653,3.7184052893793176,6901028936750,202604
1.2070036575413063,0.4079964220957011,0.5147483723464272,2.209633587364491,1.277053636250547,0.42356169780867925,0.6731093478782444,0.5911488346314537,1.4244118981920089,1.1710866851362538,6901028936750,202605
1.3769804585888652,2.076535412932559,1.383654863337814,3.3026131212774517,1.9629327953443503,1.7401647316208473,0.9862808370555514,2.6651887991886047,1.8936073570956904,2.6058076513600787,6901028936750,202606
0.367403545833051,1.4122749817828573,-0.5006672368936194,0.4643536224552771,-1.3272967236094428,0.2568575629013189,1.5159739932811263,-0.9334689021199682,-0.9696490989344171,-0.044985815657473616,6901028936996,202501
3.2793136280711646,3.6105724331173876,3.9880144785806158,4.7257617535302545,6.788545707742162,4.564665730990326,5.303325177606364,5.161540885637312,4.758398224454469,4.538391206882627,6901028936996,202502
3.413052865945042,1.8452656625167656,1.825490531433446,3.231082558719798,2.4233331765396855,2.896675892021548,2.2083832902181886,2.4123557019936746,2.979481020909026,1.529574918024536,6901028936996,202503
-1.3082440620388152,-2.316281626734965,-0.2846578784927256,-0.6096648608950238,-2.817446899525309,-1.761574395565281,-1.2846313283813142,-1.1540991550674486,-0.5606361936489643,-1.1013690376881595,6901028936996,202504
1.6966490563859473,0.15018047370008347,0.8268142038897164,1.2487265658134026,1.7714085269987996,0.9105467457983604,0.7541025684218906,1.5978620108845663,0.919688641219591,0.48935341020041934,6901028936996,202505
2.23912086068336,1.785376255867213,2.1011349711446887,2.548494545780018,0.7460419999385692,2.253461050839265,0.9965391146398268,3.1320907074898354,3.394302813134716,1.3630069012290003,6901028936996,202506
0.6608154166938845,-0.18304170926604962,0.0069779717325955115,-0.19257017222850764,-0.8531026963649297,-0.44487307331256953,-0.4513573838287128,-0.3463289845007681,0.8997589870534056,-1.1309209029327083,6901028936996,202507
-2.0582055161533312,-0.5385585267799456,-1.2872905268374073,-1.3624711263242704,-2.664171569383909,-1.2720907993563173,-0.7781896721978969,-0.5183712780482397,0.4664060773572763,-1.3394573146856545,6901028936996,202508
-2.0582055161533312,-0.5385585267799456,-1.2872905268374073,-1.3624711263242704,-2.664171569383909,-1.2720907993563173,-0.7781896721978969,-0.5183712780482397,0.4664060773572763,-1.3394573146856545,6901028936996,202509
-2.0582055161533312,-0.5385585267799456,-1.2872905268374073,-1.3624711263242704,-2.664171569383909,-1.2720907993563173,-0.7781896721978969,-0.5183712780482397,0.4664060773572763,-1.3394573146856545,6901028936996,202510
-2.0582055161533312,-0.5385585267799456,-1.2872905268374073,-1.3624711263242704,-2.664171569383909,-1.2720907993563173,-0.7781896721978969,-0.5183712780482397,0.4664060773572763,-1.3394573146856545,6901028936996,202511
-2.0582055161533312,-0.5385585267799456,-1.2872905268374073,-1.3624711263242704,-2.664171569383909,-1.2720907993563173,-0.7781896721978969,-0.5183712780482397,0.4664060773572763,-1.3394573146856545,6901028936996,202512
1.9256375829397623,2.244709622597702,2.22833076067696,3.0739981857706367,1.0451251684772531,1.5628734017040418,2.2836566560300096,3.1100662451602394,1.8239104934827468,1.8818883616459474,6901028936996,202601
-2.0582055161533312,-0.5385585267799456,-1.2872905268374073,-1.3624711263242704,-2.664171569383909,-1.2720907993563173,-0.7781896721978969,-0.5183712780482397,0.4664060773572763,-1.3394573146856545,6901028936996,202602
-2.0582055161533312,-0.5385585267799456,-1.2872905268374073,-1.3624711263242704,-2.664171569383909,-1.2720907993563173,-0.7781896721978969,-0.5183712780482397,0.4664060773572763,-1.3394573146856545,6901028936996,202603
-2.0582055161533312,-0.5385585267799456,-1.2872905268374073,-1.3624711263242704,-2.664171569383909,-1.2720907993563173,-0.7781896721978969,-0.5183712780482397,0.4664060773572763,-1.3394573146856545,6901028936996,202604
-2.0582055161533312,-0.5385585267799456,-1.2872905268374073,-1.3624711263242704,-2.664171569383909,-1.2720907993563173,-0.7781896721978969,-0.5183712780482397,0.4664060773572763,-1.3394573146856545,6901028936996,202605
2.28413769781778,1.8988637786984743,0.40693936687730714,1.2820792459234185,1.308879681066836,0.1334845637501585,0.9208781770286052,2.168530174715722,1.337172962954985,0.21397255262189308,6901028937504,202501
1.3400713824283406,0.08336690870717565,1.3923427812003806,1.343267439045726,0.15451062486026257,-0.7631949992654621,-0.507129121468906,2.364485173985366,1.9631622233178017,-0.09035844461804943,6901028937504,202502
1.3400713824283406,0.08336690870717565,1.3923427812003806,1.343267439045726,0.15451062486026257,-0.7631949992654621,-0.507129121468906,2.364485173985366,1.9631622233178017,-0.09035844461804943,6901028937504,202503
1.3400713824283406,0.08336690870717565,1.3923427812003806,1.343267439045726,0.15451062486026257,-0.7631949992654621,-0.507129121468906,2.364485173985366,1.9631622233178017,-0.09035844461804943,6901028937504,202504
1.3400713824283406,0.08336690870717565,1.3923427812003806,1.343267439045726,0.15451062486026257,-0.7631949992654621,-0.507129121468906,2.364485173985366,1.9631622233178017,-0.09035844461804943,6901028937504,202505
1.3400713824283406,0.08336690870717565,1.3923427812003806,1.343267439045726,0.15451062486026257,-0.7631949992654621,-0.507129121468906,2.364485173985366,1.9631622233178017,-0.09035844461804943,6901028937504,202506
2.3528945299155515,1.87958269990848,1.8272990610784277,2.0689654519457985,1.706687642690523,1.8200419476552563,1.4001734813063114,2.9759648960034846,1.4675965762833978,-0.01553740964288422,6901028937535,202501
2.7522927354274564,3.7493990976496185,2.446183177827696,2.328229487971897,1.2665876678777968,0.5382549822170679,1.8149321068208637,2.6274876720688853,2.5743370986750675,3.4947014293462733,6901028937535,202502
4.155515277088454,3.177280926796051,4.578845449070108,3.133751366670438,3.138224420680883,1.8157466996445892,3.253027424070863,2.525293600323063,2.6651571226544224,2.716558794568914,6901028937535,202504
12.048258536188676,14.009886446542223,11.507006581686841,12.401610896040618,13.52530432916042,12.989710117224579,12.104599771443144,13.020249180175657,13.440248987968166,12.723355447556898,6901028937535,202505
13.147081092105116,15.342180895074904,13.83489684352073,14.545506335154995,14.887895668545076,14.911174685854645,15.494404228639187,15.266842624908488,14.84201141971981,14.529853232815041,6901028937535,202506
8.670115542572447,9.817965148206538,8.33492308992706,9.835899360411894,9.393990353370873,8.598270353910182,9.553263051947605,8.689084903305641,9.630848494906617,9.252423208388432,6901028937535,202507
5.040944758877685,4.60560310551768,6.290368987073496,6.647324066508981,3.0695777762226006,4.4229383847335075,7.045364122016266,7.162010715378497,4.393418275235129,7.9839427051264655,6901028937535,202508
4.54960511576809,4.8422127503488985,5.083980231132428,4.4681068470308345,3.3963341901971718,4.3291233349312295,5.532541142472359,6.55164959211798,4.177902130132184,6.9413045733675345,6901028937535,202509
4.387282695680566,6.27800380600291,5.708091596789876,5.70096492207595,3.5435594570264914,4.386922150105103,5.634015511815577,6.584279006754595,4.36771313759202,7.95489559008224,6901028937535,202510
5.166178377737486,5.003060096801913,6.551379829273071,6.446227778798467,4.975161047007344,5.013988783561824,5.5064706877478224,7.236680000520617,6.404901440636529,5.847506535098525,6901028937535,202511
7.151181692342537,6.410606421638653,7.644135032925341,7.256941182448074,6.097655834119866,6.357431091903786,7.014078784707523,7.88898272349149,8.09919870130706,6.7602949243368124,6901028937535,202512
4.743648863276887,5.532800230058876,6.411164885826794,5.439846447231177,4.880350581282626,4.22700672050708,5.6221180427740345,7.063042996377247,6.011220099972808,5.493374485661581,6901028937535,202601
3.22696431447243,3.693880882697721,3.4488832794573905,4.537627105592081,2.390007306861346,4.322877933549416,3.6899476807563265,5.134138665728861,3.0295059154348927,4.837112554967024,6901028937535,202602
7.565023912099345,6.185012377116174,8.254824350361266,8.540501540769998,7.890317713020325,8.46364064456181,7.742496783904757,10.03438304710114,9.22643799803356,7.153557717144354,6901028937535,202603
7.565023912099345,6.185012377116174,8.254824350361266,8.540501540769998,7.890317713020325,8.46364064456181,7.742496783904757,10.03438304710114,9.22643799803356,7.153557717144354,6901028937535,202604
7.565023912099345,6.185012377116174,8.254824350361266,8.540501540769998,7.890317713020325,8.46364064456181,7.742496783904757,10.03438304710114,9.22643799803356,7.153557717144354,6901028937535,202605
7.565023912099345,6.185012377116174,8.254824350361266,8.540501540769998,7.890317713020325,8.46364064456181,7.742496783904757,10.03438304710114,9.22643799803356,7.153557717144354,6901028937535,202606
0.367403545833051,1.4122749817828573,-0.5006672368936194,0.4643536224552771,-1.3272967236094428,0.2568575629013189,1.5159739932811263,-0.9334689021199682,-0.9696490989344171,-0.044985815657473616,6901028937832,202501
4.785617228241529,4.313057158725512,3.261132790570359,3.8609060209504467,1.9287134683426517,3.501351578933807,3.937264881917545,4.67884011345308,5.329333352585865,5.214255339778644,6901028937832,202502
6.380863830657122,5.628660373917061,4.9207992099807445,5.5087922581748625,3.40592789999202,4.8362053629868225,5.477335960689917,5.567312000407515,6.105390553008396,6.766375928053573,6901028937832,202503
-0.49586723849102315,-1.7907913292048776,-0.5866161068716164,-0.3568696678626021,-3.0136227770609074,-1.234323178204956,0.022275755276986386,-0.7977164058004789,-0.36567246014446897,-0.08109336613500517,6901028937832,202504
3.2007118975900153,2.6197785585708604,2.002959259073423,2.422394538618278,1.4420277203833336,2.2586486605200276,2.272214774140192,2.3039745684468675,4.33474869036824,2.840708540042753,6901028937832,202505
0.6904894036652941,-0.6649433685541424,-0.001777365923118862,1.520743190543684,-0.5014735456106187,-0.48304421892503907,0.3196717905135871,0.001740085249102838,0.2171292942736803,0.4634194159707018,6901028937832,202506
0.6904894036652941,-0.6649433685541424,-0.001777365923118862,1.520743190543684,-0.5014735456106187,-0.48304421892503907,0.3196717905135871,0.001740085249102838,0.2171292942736803,0.4634194159707018,6901028937832,202507
4.5332266547877325,4.762715511825041,4.963663602663132,5.880378664430605,5.915637072166678,5.2867630735474584,4.969835460845609,4.319392734214294,5.187881032714125,3.8736547150917424,6901028937832,202508
2.261676596774512,3.022443111219158,1.8329317087739565,2.379918948519604,1.8286855226326815,2.9816021651152256,1.3414917877205539,3.686819083675022,3.475390965943536,2.991229507816321,6901028937832,202509
4.59332303199723,5.15466622242972,5.300396834988055,5.312111112430735,5.111081895031066,5.237988860769164,5.417474070106954,4.451374503909425,5.429846403576412,3.797511404811937,6901028937832,202510
2.8269740518110273,1.5595634543937076,1.9683293582335222,2.188753066717267,1.0009797336073936,1.7365875492596254,1.2843150381051562,1.8615083300806243,2.1289598923777056,1.7665365819057066,6901028937832,202511
4.400794064758013,4.069646432097827,3.473918007646507,3.4328934341979953,2.14188989781229,3.8784964649260254,4.019090732581232,5.026295440000718,4.7479534209218786,3.504299433963207,6901028937832,202512
2.0533619945247796,0.2202539514123836,0.30272731294454824,1.0441073345190903,-1.0585198358092838,0.6988067009365946,2.2191130736543156,0.9116223479958534,1.0790043538900187,0.8395110823363738,6901028937832,202601
6.369171015475024,5.47874799484935,6.603336684532568,6.137452172921335,6.480526624418695,6.18247300386048,7.218658960146753,6.345233050745707,5.838748991897298,5.984402641751135,6901028937832,202602
4.845704820394717,2.8720376535049916,4.510907387077323,4.366125618986364,4.221890118362443,4.350587506392115,3.8115357805652943,3.676071614152041,3.9024419416334837,3.696524483644973,6901028937832,202603
2.284493481105345,1.2310816261709194,1.6652274021738351,1.8623153734375077,0.16552100682609455,2.651667825454227,1.525584096966289,1.80101132522844,1.8724636656717237,2.0449447124949387,6901028937832,202604
2.1239806848723934,1.6574547857893505,1.2423397183256215,1.583003204696365,-0.17931336990304772,2.31225272054674,2.0855067021320988,2.5025570751368122,2.545929249317301,2.4299136265426826,6901028937832,202605
3.716319785506085,3.856222562775386,3.645647825431607,3.5421955864501133,2.433736258828074,4.031203419598457,2.007572324913343,4.426254789811229,2.8695119529238946,4.310863096803457,6901028937832,202606
2.5255732333548497,1.6300101670042844,0.9161329434620913,1.2449717687819906,0.975080157536153,0.1189045597536027,1.134192784681207,2.122399206834384,1.360281084491478,-0.7374229853105954,6901028940504,202501
17.38809161679479,18.503964039031953,16.816298110854998,17.763462250019185,17.427282371594476,17.052719804559388,17.000362898686575,17.687762140503306,17.145393481696118,16.951994993241986,6901028940504,202502
12.571588938081142,12.380449518660908,12.026056672841696,13.37649733876516,12.139236779783381,12.93533798460961,11.605962712970765,11.916726685829826,12.079764340505166,11.87810089059623,6901028940504,202503
17.882676375041427,18.33972959030893,17.040040512211043,18.271373804944297,17.76135808609288,17.309910160030235,17.202584392722894,18.1316770118222,17.911121588253184,17.112348306229187,6901028940504,202504
18.17430143265198,18.41491542006721,17.910380236220185,17.744383971574504,17.552673506476985,17.665651812897856,18.62926960801131,19.01314726465153,17.77230164463576,16.45647936594936,6901028940504,202505
17.44851259458578,18.502190140268723,16.810534160185178,17.960131104188957,17.904819522196647,17.14516949642622,17.518876492716412,18.35324651727852,17.928452469315637,16.30400147886046,6901028940504,202506
16.77533168263682,17.657658748103298,16.987664571844277,16.196247295758003,16.31786098638765,16.971561119556256,17.42592111464587,17.662767371374894,16.772044930264556,15.354337622963431,6901028940504,202507
15.256600699985073,15.825449259686554,15.333607352532514,15.097359559946122,15.046432037671563,14.923725634880604,14.9739771395721,16.265724217664385,15.477600559472876,14.437875976022907,6901028940504,202508
11.83262875366557,14.284623503551657,12.189148372065407,13.355968619395343,12.864164522646824,12.300315127341062,12.948203680903623,13.935196704425389,12.67047545215288,13.555021401107199,6901028940504,202509
14.295637328145338,15.590705849442994,12.691604144522124,14.96630482142477,13.741385034741844,14.30363860383146,13.73077808623284,14.730750678955236,14.050211153283593,13.969578849707556,6901028940504,202510
17.073855986443462,18.301350315076107,15.893734066197066,17.42660372912805,17.305759250335072,16.826044734910315,18.029377869555773,18.03163713098837,17.23512027612078,16.334096989059148,6901028940504,202511
17.33119916076038,17.939769803441923,16.032766272630273,16.997928249998623,17.003895402523224,16.249903194202275,18.0436634523472,17.99655914676111,17.04131215483214,15.941499808546288,6901028940504,202512
9.661927373388522,9.806428380896522,9.37355814840254,9.390643777679712,10.19929820193991,10.261934214978277,10.34196301493407,9.769802898921283,10.60323616289023,10.737324091945549,6901028940504,202601
15.435491893958257,16.880896509735276,17.067404546327584,16.48161078962076,16.28562603293624,16.223335114311347,16.15864974958373,15.913895877406013,16.556969173971776,15.533301016158353,6901028940504,202602
4.298640354536003,4.618210283532595,4.664542906230687,4.805263180363159,3.7713979273431764,4.352427500314004,4.506559447993836,5.103467687299327,5.042717623908091,6.278200843959022,6901028940504,202603
12.744706972972036,13.952440082120644,11.819715764090459,12.487031775034596,12.107468695517692,12.051711648665096,13.492486539507524,13.319011055041955,12.702697355822899,11.91074441547864,6901028940504,202604
13.241216896454285,14.165720817177089,12.537725275800776,14.277769987412508,12.871279027465814,12.77282313126978,13.896385757579312,13.802946772245534,13.115068516585591,12.636779496107625,6901028940504,202605
10.235448388932161,12.697092432800428,10.946139985364171,11.489063522401002,11.901476714710107,10.789473880548181,11.838824755418417,12.577859334848812,11.264280390301051,10.168598271289374,6901028940504,202606
2.3528945299155515,1.87958269990848,1.8272990610784277,2.0689654519457985,1.706687642690523,1.8200419476552563,1.4001734813063114,2.9759648960034846,1.4675965762833978,-0.01553740964288422,6901028942881,202501
3.0667573795979783,1.6634201445225574,3.136128526171985,0.6829661230494276,1.9689931996645595,2.207370427701835,3.231117189982575,2.2368850824312765,1.9453982090055353,1.074796732277918,6901028942881,202502
1.3070150242197667,0.8055657205131745,2.286548243961793,0.11348796310411435,1.2260596949240694,0.9559034988936655,2.3788898288335116,1.7498171627709953,0.9287077963204237,0.15961061834084195,6901028942881,202503
3.519454963657148,5.840460544219998,5.259290495988046,2.382506729137671,4.52882994317998,3.989140628014462,1.4052269495540517,4.806588113502309,0.5588572560000107,6.575576694449074,6901028942881,202504
2.016336637094563,0.8509626940940118,2.0063886367532144,-0.46636843785063453,0.242420797319865,0.10756540194598574,0.6479753593980512,2.0786059607610263,0.4415320698675061,0.3381720896025941,6901028942881,202505
3.1470828401219038,1.3875111292805686,3.0002747394916125,0.6829661230494276,1.9649319153661324,2.207370427701835,3.231117189982575,2.381705203942373,1.83500664549786,1.322667382502031,6901028942881,202506
3.519454963657148,5.840460544219998,5.259290495988046,2.382506729137671,4.52882994317998,3.989140628014462,1.4052269495540517,4.806588113502309,0.5588572560000107,6.575576694449074,6901028942881,202507
2.1427194863931533,0.6380561444483415,2.13693655802761,0.1593821036918326,0.7105059787244427,0.27441741470572123,1.1328908545904106,2.0417632100067884,0.5451019577005674,0.3436451125771649,6901028942881,202508
2.237634294147817,2.034680947787178,1.8931984420864423,0.5809366489170984,0.23531315061914074,1.0313411303316689,0.909158403454976,2.6697734756059486,-0.05814441298129132,0.9731323837720018,6901028942881,202509
2.442898843441524,4.114848060085393,2.8715229194577843,2.1480845573420906,3.328951715212845,4.08833168438648,2.4305808634564183,4.588900493338968,0.228620644530855,6.104075513414715,6901028942881,202510
2.8259997147895923,3.446082096107225,2.962247545126097,1.6248958452387585,3.305610486065409,3.391757408246028,2.381400016606843,4.540740421130902,0.8225623633106028,6.000155550275551,6901028942881,202511
-0.5411279510645189,1.5374782200399708,0.6178462101387519,1.660074625000772,0.9881561269238741,2.4636086755783544,0.403005133984359,3.4870221485001327,-0.8191763643181509,2.562938446094483,6901028942881,202512
0.8329721967767014,1.8363461009155189,1.394390196889825,1.9762826683288193,1.609547229914811,3.0988507544280415,1.8009576330540622,3.6029272088868827,0.09447510112645655,4.097907020208691,6901028942881,202601
3.519454963657148,5.840460544219998,5.259290495988046,2.382506729137671,4.52882994317998,3.989140628014462,1.4052269495540517,4.806588113502309,0.5588572560000107,6.575576694449074,6901028942881,202602
3.519454963657148,5.840460544219998,5.259290495988046,2.382506729137671,4.52882994317998,3.989140628014462,1.4052269495540517,4.806588113502309,0.5588572560000107,6.575576694449074,6901028942881,202603
3.519454963657148,5.840460544219998,5.259290495988046,2.382506729137671,4.52882994317998,3.989140628014462,1.4052269495540517,4.806588113502309,0.5588572560000107,6.575576694449074,6901028942881,202604
0.45841254211987015,0.5734175724259967,1.9490217426381888,1.8903445995777828,-0.07887429703143067,2.4522826788187766,1.5890732640225997,1.8419493013947053,0.9261713870384567,0.9009158013992065,6901028942881,202605
3.519454963657148,5.840460544219998,5.259290495988046,2.382506729137671,4.52882994317998,3.989140628014462,1.4052269495540517,4.806588113502309,0.5588572560000107,6.575576694449074,6901028942881,202606
2.28413769781778,1.8988637786984743,0.40693936687730714,1.2820792459234185,1.308879681066836,0.1334845637501585,0.9208781770286052,2.168530174715722,1.337172962954985,0.21397255262189308,6901028942911,202501
1.0530902436297827,-1.1421315776843906,1.6521715895568132,0.7614709209253587,-1.0621066936363242,0.03904636945495053,0.017804975223105646,-0.60470467864313,0.9077374267970515,0.3321768128306023,6901028942911,202502
6.940734593881959,5.394612512320197,5.523050645525222,6.040692007347931,3.534487562541029,5.235987636383892,5.238805267058694,5.816465304760947,7.233788767061155,5.915746069694429,6901028942911,202504
3.249100077065105,2.4747990127939232,2.6771997313486215,2.1617601047306847,2.3245919405571502,2.1785404262279684,3.565376060688393,1.211122286628771,3.733621986855643,2.17727246772178,6901028942911,202505
1.1395968957477232,-0.9015740465778682,1.308971773328747,0.9334216903140333,-0.6847891951445577,0.30515442004825233,-0.1148012653068138,-0.6051313658380024,1.2040072539938977,-0.18406024355719403,6901028942911,202506
1.625211202036561,-0.018151347065132384,1.6881364380099835,1.1174995194489867,1.0938951398931853,-0.21768499240244865,0.498829671336234,2.084400804668566,1.4745004085481053,0.32470782802760695,6901028942911,202507
2.808659174863574,1.7682805785260036,2.7460117626903107,2.0786703689807964,1.8134786160554428,1.9286764190032721,1.5188159280607598,0.953870870749113,2.6150421198443317,2.447988291695315,6901028942911,202508
4.3935464301160305,4.199402396020444,4.739298465327811,4.491048445858528,3.497446480428253,4.6346649027502425,3.8487387877159387,5.092098414716466,4.966554760317367,4.8875164764283285,6901028942911,202509
4.6703563376995865,2.3655628463180376,2.7014845026577157,4.363999271751744,2.756431826185395,1.6929073643312949,2.681637161552913,1.9133756359725331,2.331857928850285,2.3590164191230856,6901028942911,202510
2.725570830910559,-0.027538103709913164,0.7825066120902788,1.4802826569851177,0.5947939400817195,0.26819866830412653,0.9705138862822131,0.45228435089160984,1.0858474670352007,-0.2589276189594562,6901028942911,202511
2.7043000903395593,2.9534472044788926,4.068773953692595,4.533467861230627,4.25100035016062,3.665393174591348,3.9670066547241234,3.6316748070310396,4.31975402839446,3.4890340418480568,6901028942911,202512
3.925614954310162,3.074284435978712,2.3669543871787764,4.074967961362667,3.5612270243856887,4.504921892004525,3.6015765655847596,3.2815913737133533,2.90891552087325,3.44871972718838,6901028942911,202601
1.314449753626474,0.5876404612396403,2.1788507739722425,1.5731734178909365,-0.13994704733485708,2.292733423593132,2.6051568775601126,2.1246588693992003,0.2846590981387972,0.9192319536007072,6901028942911,202602
1.625211202036561,-0.018151347065132384,1.6881364380099835,1.1174995194489867,1.0938951398931853,-0.21768499240244865,0.498829671336234,2.084400804668566,1.4745004085481053,0.32470782802760695,6901028942911,202604
1.625211202036561,-0.018151347065132384,1.6881364380099835,1.1174995194489867,1.0938951398931853,-0.21768499240244865,0.498829671336234,2.084400804668566,1.4745004085481053,0.32470782802760695,6901028942911,202605
2.28413769781778,1.8988637786984743,0.40693936687730714,1.2820792459234185,1.308879681066836,0.1334845637501585,0.9208781770286052,2.168530174715722,1.337172962954985,0.21397255262189308,8888075005524,202501
1.625211202036561,-0.018151347065132384,1.6881364380099835,1.1174995194489867,1.0938951398931853,-0.21768499240244865,0.498829671336234,2.084400804668566,1.4745004085481053,0.32470782802760695,8888075005524,202502
1.625211202036561,-0.018151347065132384,1.6881364380099835,1.1174995194489867,1.0938951398931853,-0.21768499240244865,0.498829671336234,2.084400804668566,1.4745004085481053,0.32470782802760695,8888075005524,202504
1.625211202036561,-0.018151347065132384,1.6881364380099835,1.1174995194489867,1.0938951398931853,-0.21768499240244865,0.498829671336234,2.084400804668566,1.4745004085481053,0.32470782802760695,8888075005524,202505
1.625211202036561,-0.018151347065132384,1.6881364380099835,1.1174995194489867,1.0938951398931853,-0.21768499240244865,0.498829671336234,2.084400804668566,1.4745004085481053,0.32470782802760695,8888075005524,202506
1.625211202036561,-0.018151347065132384,1.6881364380099835,1.1174995194489867,1.0938951398931853,-0.21768499240244865,0.498829671336234,2.084400804668566,1.4745004085481053,0.32470782802760695,8888075005524,202507
3.961110184277481,3.2433959369414764,4.534860301358778,4.019276721593838,4.410633638340295,1.6155825435395532,4.562571341837282,2.509242441622357,3.583919349056226,3.5817287644056703,8888075005524,202508
0.43611258039497336,1.7908698492247632,1.2943675331455387,-0.003684965351652858,2.7734896181802458,0.17492661463385178,1.4280099929871657,3.598809650034214,3.1046540562156375,2.4213220691899107,8888075005524,202509
1.625211202036561,-0.018151347065132384,1.6881364380099835,1.1174995194489867,1.0938951398931853,-0.21768499240244865,0.498829671336234,2.084400804668566,1.4745004085481053,0.32470782802760695,8888075005524,202510
3.2551795143081557,1.9632324941035606,3.08670363490955,3.2863652517509045,3.8163018255792176,0.8768926003943202,3.675947582070742,1.7924895118248472,2.4678556069288566,2.966321984137021,8888075005524,202511
0.367403545833051,1.4122749817828573,-0.5006672368936194,0.4643536224552771,-1.3272967236094428,0.2568575629013189,1.5159739932811263,-0.9334689021199682,-0.9696490989344171,-0.044985815657473616,8888075018616,202501
3.5394161145286263,5.717580099712875,5.115526309297041,3.346050843573915,3.2450099137718356,3.20483563957985,2.485400847771913,4.699829356316606,2.8109027225709053,7.279368417805843,8888075018616,202502
1.199254520139393,-0.6598965092596647,1.4978250269527988,0.9323416624014533,-0.7269641873765471,0.7899781668283552,0.06119919179570893,0.4179829139237312,0.06159844770831224,-0.23172717700410939,8888075018616,202503
1.199254520139393,-0.6598965092596647,1.4978250269527988,0.9323416624014533,-0.7269641873765471,0.7899781668283552,0.06119919179570893,0.4179829139237312,0.06159844770831224,-0.23172717700410939,8888075018616,202504
1.199254520139393,-0.6598965092596647,1.4978250269527988,0.9323416624014533,-0.7269641873765471,0.7899781668283552,0.06119919179570893,0.4179829139237312,0.06159844770831224,-0.23172717700410939,8888075018616,202506
1.199254520139393,-0.6598965092596647,1.4978250269527988,0.9323416624014533,-0.7269641873765471,0.7899781668283552,0.06119919179570893,0.4179829139237312,0.06159844770831224,-0.23172717700410939,8888075018616,202507
2.4204863560380363,1.7577499790033921,2.472032030240877,2.6671489228702283,0.5736150136518536,2.8663760261920412,2.251944028649907,1.3527210504549072,2.322570497691527,2.3981792000719397,8888075018616,202508
3.5394161145286263,5.717580099712875,5.115526309297041,3.346050843573915,3.2450099137718356,3.20483563957985,2.485400847771913,4.699829356316606,2.8109027225709053,7.279368417805843,8888075018616,202510
2.1511907858511092,2.052281675480225,1.9687286958421795,1.744413136232254,1.666809540765258,2.4984433053757598,2.83535534208762,2.5885584281195553,1.4294397721643999,0.8109300179412837,8888075018616,202511
1.199254520139393,-0.6598965092596647,1.4978250269527988,0.9323416624014533,-0.7269641873765471,0.7899781668283552,0.06119919179570893,0.4179829139237312,0.06159844770831224,-0.23172717700410939,8888075018616,202512
1.199254520139393,-0.6598965092596647,1.4978250269527988,0.9323416624014533,-0.7269641873765471,0.7899781668283552,0.06119919179570893,0.4179829139237312,0.06159844770831224,-0.23172717700410939,8888075018616,202601
0.367403545833051,1.4122749817828573,-0.5006672368936194,0.4643536224552771,-1.3272967236094428,0.2568575629013189,1.5159739932811263,-0.9334689021199682,-0.9696490989344171,-0.044985815657473616,8888075024037,202501
4.470752822345764,3.130496292131069,4.924138206385683,6.236706920664045,1.6031045267625128,3.68446657662096,3.8412128758971305,2.850448382871947,4.526288932420247,6.590346239753591,8888075024037,202503
9.423332360739836,8.097004429035119,10.816573832360111,10.259800482524888,9.862170427405903,10.19596176650469,7.383433383920968,10.293292585210805,12.652602156680683,10.196097811503245,8888075024037,202504
9.423332360739836,8.097004429035119,10.816573832360111,10.259800482524888,9.862170427405903,10.19596176650469,7.383433383920968,10.293292585210805,12.652602156680683,10.196097811503245,8888075024037,202505
9.423332360739836,8.097004429035119,10.816573832360111,10.259800482524888,9.862170427405903,10.19596176650469,7.383433383920968,10.293292585210805,12.652602156680683,10.196097811503245,8888075024037,202506
9.423332360739836,8.097004429035119,10.816573832360111,10.259800482524888,9.862170427405903,10.19596176650469,7.383433383920968,10.293292585210805,12.652602156680683,10.196097811503245,8888075024037,202507
6.577994160489748,4.106062589742284,6.995993387145524,6.41106643343485,5.359230421788861,5.2730943944619275,5.238975704156406,5.30556157543847,5.540063315640114,5.071045935531289,8888075024037,202508
4.470752822345764,3.130496292131069,4.924138206385683,6.236706920664045,1.6031045267625128,3.68446657662096,3.8412128758971305,2.850448382871947,4.526288932420247,6.590346239753591,8888075024037,202510
5.253945518039238,3.7554676963272455,3.0094234451769806,3.973419593714504,3.669383233001809,3.583733362424402,3.850777276749563,4.93892902331245,4.111624974129317,4.187482085111422,8888075024037,202512
6.889216410471885,6.079530180801929,7.489479225606043,7.116690245810819,6.10107143945685,4.658121353243714,5.543461197721365,6.918383317425182,6.61862164335888,6.515819475951619,8888075024037,202601
0.367403545833051,1.4122749817828573,-0.5006672368936194,0.4643536224552771,-1.3272967236094428,0.2568575629013189,1.5159739932811263,-0.9334689021199682,-0.9696490989344171,-0.044985815657473616,8888075034715,202501
2.2195588611203236,3.7586179535403565,3.715813475615663,3.1066973078412246,2.788865065786516,0.6168311219979696,0.6376038702349489,5.305266134950917,4.374675079359145,4.105552013235678,8888075034715,202502
2.2195588611203236,3.7586179535403565,3.715813475615663,3.1066973078412246,2.788865065786516,0.6168311219979696,0.6376038702349489,5.305266134950917,4.374675079359145,4.105552013235678,8888075034715,202503
2.1177906241432427,0.6192202686471706,1.5612218054958134,1.2642790309454202,-0.3128451245802505,0.9646394348614764,1.1409047836689905,2.054373460937067,0.5168103960659632,-0.08669422051321818,8888075034715,202504
2.1177906241432427,0.6192202686471706,1.5612218054958134,1.2642790309454202,-0.3128451245802505,0.9646394348614764,1.1409047836689905,2.054373460937067,0.5168103960659632,-0.08669422051321818,8888075034715,202505
2.1177906241432427,0.6192202686471706,1.5612218054958134,1.2642790309454202,-0.3128451245802505,0.9646394348614764,1.1409047836689905,2.054373460937067,0.5168103960659632,-0.08669422051321818,8888075034715,202506
2.1177906241432427,0.6192202686471706,1.5612218054958134,1.2642790309454202,-0.3128451245802505,0.9646394348614764,1.1409047836689905,2.054373460937067,0.5168103960659632,-0.08669422051321818,8888075034715,202507
2.6064694784006717,2.0147309841792875,2.4574529917846126,2.655895934519678,0.934370894775127,2.378470720204537,2.103153827378193,1.8424223690554773,1.6926886237811936,1.5372205072030614,8888075034715,202508
2.2195588611203236,3.7586179535403565,3.715813475615663,3.1066973078412246,2.788865065786516,0.6168311219979696,0.6376038702349489,5.305266134950917,4.374675079359145,4.105552013235678,8888075034715,202510
2.1177906241432427,0.6192202686471706,1.5612218054958134,1.2642790309454202,-0.3128451245802505,0.9646394348614764,1.1409047836689905,2.054373460937067,0.5168103960659632,-0.08669422051321818,8888075034715,202512
3.327368415031721,2.3503960126193526,3.701210089901173,3.593062853871194,2.0361125598168632,2.246421367534568,2.9491418629909476,3.7183778937717995,2.0750162343166583,1.9441385963125217,8888075034715,202601
2.1177906241432427,0.6192202686471706,1.5612218054958134,1.2642790309454202,-0.3128451245802505,0.9646394348614764,1.1409047836689905,2.054373460937067,0.5168103960659632,-0.08669422051321818,8888075034715,202602
0.367403545833051,1.4122749817828573,-0.5006672368936194,0.4643536224552771,-1.3272967236094428,0.2568575629013189,1.5159739932811263,-0.9334689021199682,-0.9696490989344171,-0.044985815657473616,8888075034777,202501
2.411841357868899,3.3792753856262925,4.258184524914384,3.0693580858832905,3.310433877429723,0.7648472363086078,0.32217930715139476,5.437024969092211,4.039110556116809,4.651095842038151,8888075034777,202505
2.0222426970621847,0.6606538444897836,1.9463120778188545,1.1138975144795387,-0.9945493300912494,0.5401405803635535,0.9152967517137125,2.3960234144825687,0.5914162511109762,-0.32054378538051087,8888075034777,202506
2.0222426970621847,0.6606538444897836,1.9463120778188545,1.1138975144795387,-0.9945493300912494,0.5401405803635535,0.9152967517137125,2.3960234144825687,0.5914162511109762,-0.32054378538051087,8888075034777,202507
2.4112621709598985,2.4258929955684208,2.351807259976092,2.153832106341518,0.612250386363653,1.8610163966084161,1.6283802452604363,1.5704145325912982,1.5179796594138022,1.5222379563150654,8888075034777,202508
2.411841357868899,3.3792753856262925,4.258184524914384,3.0693580858832905,3.310433877429723,0.7648472363086078,0.32217930715139476,5.437024969092211,4.039110556116809,4.651095842038151,8888075034777,202510
1.8584040375926558,0.07960008532735509,2.1196212230349283,1.3548278527978823,0.27091884348348294,0.4084908364586848,0.6469016886079308,2.2982516714831247,1.770519312086495,-0.25647189040092616,8888075034777,202601
2.0222426970621847,0.6606538444897836,1.9463120778188545,1.1138975144795387,-0.9945493300912494,0.5401405803635535,0.9152967517137125,2.3960234144825687,0.5914162511109762,-0.32054378538051087,8888075034777,202605
2.28413769781778,1.8988637786984743,0.40693936687730714,1.2820792459234185,1.308879681066836,0.1334845637501585,0.9208781770286052,2.168530174715722,1.337172962954985,0.21397255262189308,8888075056014,202501
1.0642857530960361,2.7076025549246094,3.45959083079189,1.2688237506231617,2.8218705872570586,0.9507139234732465,1.7201428199604472,6.2792390085116105,3.899004738715673,3.601259396015559,8888075056014,202502
1.0642857530960361,2.7076025549246094,3.45959083079189,1.2688237506231617,2.8218705872570586,0.9507139234732465,1.7201428199604472,6.2792390085116105,3.899004738715673,3.601259396015559,8888075056014,202505
1.0642857530960361,2.7076025549246094,3.45959083079189,1.2688237506231617,2.8218705872570586,0.9507139234732465,1.7201428199604472,6.2792390085116105,3.899004738715673,3.601259396015559,8888075056014,202506
1.3414094204927025,0.6450960179627123,1.4159858586588914,0.9948850139678369,-0.23759893779753705,0.8102478155065178,0.8441366917259316,1.3835676645538575,2.0837702237639895,1.0201530711995344,8888075056014,202507
1.7546206212872026,1.6208614067904519,1.1329087452238065,1.0316765872984692,0.28200165555337753,1.5111480724573525,0.6224454675778561,0.019113183419742386,1.4453904159453363,1.713869397468001,8888075056014,202508
1.0642857530960361,2.7076025549246094,3.45959083079189,1.2688237506231617,2.8218705872570586,0.9507139234732465,1.7201428199604472,6.2792390085116105,3.899004738715673,3.601259396015559,8888075056014,202509
1.0642857530960361,2.7076025549246094,3.45959083079189,1.2688237506231617,2.8218705872570586,0.9507139234732465,1.7201428199604472,6.2792390085116105,3.899004738715673,3.601259396015559,8888075056014,202510
3.7471525615462244,3.3451873885513903,3.0352915874163946,2.533669291441261,2.9376401028198433,3.548124878314284,2.3515145092608685,3.6220596426884764,3.5669291374737675,3.8424180842494065,8888075056014,202512
1.3414094204927025,0.6450960179627123,1.4159858586588914,0.9948850139678369,-0.23759893779753705,0.8102478155065178,0.8441366917259316,1.3835676645538575,2.0837702237639895,1.0201530711995344,8888075056014,202601
1.3414094204927025,0.6450960179627123,1.4159858586588914,0.9948850139678369,-0.23759893779753705,0.8102478155065178,0.8441366917259316,1.3835676645538575,2.0837702237639895,1.0201530711995344,8888075056014,202602
1.0642857530960361,2.7076025549246094,3.45959083079189,1.2688237506231617,2.8218705872570586,0.9507139234732465,1.7201428199604472,6.2792390085116105,3.899004738715673,3.601259396015559,8888075056014,202605
0.367403545833051,1.4122749817828573,-0.5006672368936194,0.4643536224552771,-1.3272967236094428,0.2568575629013189,1.5159739932811263,-0.9334689021199682,-0.9696490989344171,-0.044985815657473616,8888075074865,202501
1.478941827758188,2.058822357200517,1.2397255370177251,1.879878405169563,1.7410681578444192,-1.624420292170794,0.1787078346750665,3.55420125307187,4.15007755872085,2.3778264964588565,8888075074865,202505
2.2112651732351365,0.779589979530574,1.9138719220837601,1.5018622340072771,0.5783492185372863,0.7250116177918554,0.37873585806472554,2.2262142213111202,2.0198819076749057,1.040180468855075,8888075074865,202507
2.2112651732351365,0.779589979530574,1.9138719220837601,1.5018622340072771,0.5783492185372863,0.7250116177918554,0.37873585806472554,2.2262142213111202,2.0198819076749057,1.040180468855075,8888075074865,202508
1.478941827758188,2.058822357200517,1.2397255370177251,1.879878405169563,1.7410681578444192,-1.624420292170794,0.1787078346750665,3.55420125307187,4.15007755872085,2.3778264964588565,8888075074865,202509
2.2112651732351365,0.779589979530574,1.9138719220837601,1.5018622340072771,0.5783492185372863,0.7250116177918554,0.37873585806472554,2.2262142213111202,2.0198819076749057,1.040180468855075,8888075074865,202510
2.4407445383210593,2.1835622497038276,1.659657827574644,1.5899952086581746,0.8490032050578233,2.5537542472587864,1.914239172286575,1.6000524686856452,2.8178442332445783,2.1423941949565504,8888075074865,202601
2.2112651732351365,0.779589979530574,1.9138719220837601,1.5018622340072771,0.5783492185372863,0.7250116177918554,0.37873585806472554,2.2262142213111202,2.0198819076749057,1.040180468855075,8888075074865,202604
