code,ym,name,cat,T,Y,S,fill,L1_util,L1_full_surf,L1_price_index,L1_gross_margin,L1_unitval,L1_inventory_ratio,L1_channel_coverage,L1_demand_gap,L1_amt_per_cust,L1_new_cust,L1_unit_growth,L1_purch_surf,L1_rep_rate2,L1_S,cat_一类烟,cat_三类烟,cat_二类烟,cat_五类烟,cat_四类烟,price_band_cat_中低档,price_band_cat_中档,price_band_cat_中高档,price_band_cat_高档,month_of_year_1,month_of_year_2,month_of_year_3,month_of_year_4,month_of_year_5,month_of_year_6,month_of_year_7,month_of_year_8,month_of_year_9,month_of_year_10,month_of_year_11,month_of_year_12
6901028000833,202502,双喜(软经典),三类烟,0.0,-3.287683527059535,43.208540456113056,98.658318,89.29,99.68,1.134020618556701,0.242164735891168,24250.0,67.69432989690722,0.9585308056872038,-98.080695,0.0222962085308056,3.0,,97.75,93.33,43.8715696794339,0,1,0,0,0,0,0,1,0,0,1,0,0,0,0,0,0,0,0,0,0
6901028000833,202503,双喜(软经典),三类烟,0.0,0.4938195458035892,40.58388615237436,95.689655,72.55,100.0,1.134020618556701,0.2421613032871924,24250.0,307.60199456029017,0.8699763593380615,-97.658318,0.0126466903073286,,-0.4314432989690722,,,43.208540456113056,0,1,0,0,0,0,0,1,0,0,0,1,0,0,0,0,0,0,0,0,0
6901028000833,202504,双喜(软经典),三类烟,0.0,2.9108477855190387,43.702360001916645,99.408822,68.28,98.91,1.134020618556701,0.2421635553078852,24250.0,1259.013513513513,0.4757396449704142,-94.689655,0.0025484023668639,,-0.7987307343608341,13.14,0.0,40.58388615237436,0,1,0,0,0,0,0,1,0,0,0,0,1,0,0,0,0,0,0,0,0
6901028000833,202505,双喜(软经典),三类烟,0.0,-0.07289642958398446,43.4947339378934,99.48861,52.48,96.9,1.134020618556701,0.2421638637628394,24250.0,128.92086001829827,0.8601895734597157,-98.408822,0.0251234597156398,3.0,8.846846846846846,95.85,35.23,43.702360001916645,0,1,0,0,0,0,0,1,0,0,0,0,0,1,0,0,0,0,0,0,0
6901028000833,202506,双喜(软经典),三类烟,0.0,0.39096942011437363,43.62946357233266,99.545317,79.56,98.73,1.134020618556701,0.2421639849696502,24250.0,204.1771028037383,0.3523809523809524,-98.48861,0.0247119047619047,2.0,-0.0210430009149129,97.5,30.77,43.4947339378934,0,1,0,0,0,0,0,1,0,0,0,0,0,0,1,0,0,0,0,0,0
6901028000833,202507,双喜(软经典),三类烟,0.0,0.10186112143733084,43.885703358007774,98.923028,54.71,97.24,1.134020618556701,0.2421645403518464,24250.0,155.41169305724728,0.9940334128878282,-98.545317,0.0380128878281622,4.0,0.5345794392523362,97.73,58.61,43.62946357233266,0,1,0,0,0,0,0,1,0,0,0,0,0,0,0,1,0,0,0,0,0
6901028000833,202508,双喜(软经典),三类烟,0.0,-0.4155324897131436,43.73132469376999,98.74477,58.54,96.46,1.134020618556701,0.2421648824319729,24250.0,62.58821645853345,0.7247924080664294,-97.923028,0.0359348754448398,6.0,-0.0490255785627282,82.68,38.45,43.885703358007774,0,1,0,0,0,0,0,1,0,0,0,0,0,0,0,0,1,0,0,0,0
6901028000833,202509,双喜(软经典),三类烟,0.0,-2.0070341951488473,43.47017086829463,98.513011,33.57,95.45,1.134020618556701,0.2421649484536082,24250.0,118.54176755447942,0.502375296912114,-97.74477,0.0190313539192399,3.0,-0.4710214537303875,97.86,0.49,43.73132469376999,0,1,0,0,0,0,0,1,0,0,0,0,0,0,0,0,0,1,0,0,0
6901028000833,202510,双喜(软经典),三类烟,1.0,0.0596811624446687,41.724290498621144,93.273543,32.13,95.68,1.134020618556701,0.24213081112624,24250.0,209.4811320754717,0.9988179669030732,-97.513011,0.0121536643026004,,-0.3583535108958837,62.77,0.0,43.47017086829463,0,1,0,0,0,0,0,1,0,0,0,0,0,0,0,0,0,0,1,0,0
6901028000833,202511,双喜(软经典),三类烟,0.0,1.5057069422596356,43.5298520307393,99.186165,23.08,81.39,1.134020618556701,0.2421535487708168,24250.0,844.6490384615386,1.0,-92.273543,0.002382054309327,,-0.8037735849056604,12.28,0.0,41.724290498621144,0,1,0,0,0,0,0,1,0,0,0,0,0,0,0,0,0,0,0,1,0
6901028000833,202512,双喜(软经典),三类烟,0.0,0.30216329753881865,43.22999744088078,99.72067,19.35,89.27,1.134020618556701,0.2421349722442506,24250.0,188.30410256410252,1.0,-98.186165,0.0222791519434628,11.0,8.375,95.41,20.62,43.5298520307393,0,1,0,0,0,0,0,1,0,0,0,0,0,0,0,0,0,0,0,0,1
6901028000833,202601,双喜(软经典),三类烟,0.0,0.5855433175157643,43.83201532827812,99.030256,6.16,89.83,1.134020618556701,0.2420975194201392,24250.0,292.9089635854342,0.6804245283018868,-98.72067,0.008167216981132,,-0.6338461538461538,42.22,0.0,43.22999744088078,0,1,0,0,0,0,0,1,0,1,0,0,0,0,0,0,0,0,0,0,0
6901028000833,202602,双喜(软经典),三类烟,0.0,-0.09280712089163501,43.815540758396544,97.968907,36.47,93.31,1.134020618556701,0.2421644638811828,24250.0,81.99921660791226,0.98698224852071,-98.030256,0.0293066272189349,4.0,2.5756302521008405,94.44,91.23,43.83201532827812,0,1,0,0,0,0,0,1,0,0,1,0,0,0,0,0,0,0,0,0,0
6901028000833,202603,双喜(软经典),三类烟,0.0,0.011195351732297354,43.73920820738648,99.71865,,,1.134020618556701,0.2421648956802355,24250.0,88.01638085487586,,-96.968907,0.0450093824228028,1.0,0.5303564433999217,97.62,93.31,43.815540758396544,0,1,0,0,0,0,0,1,0,0,0,1,0,0,0,0,0,0,0,0,0
6901028000833,202605,双喜(软经典),三类烟,1.0,0.1774766210994585,,0.0,8.29,87.13,1.134020618556701,0.2421648185320159,24250.0,83.95085066162571,1.0,-92.960924,0.0185022836538461,1.0,-0.3603385731559855,70.67,0.0,43.82673611012884,0,1,0,0,0,0,0,1,0,0,0,0,0,1,0,0,0,0,0,0,0
6901028001625,202502,双喜(硬经典1906),二类烟,0.0,-0.28415334458821917,42.77316799419364,99.626866,77.54,100.0,1.1294180175391977,0.2420934420757613,37630.0,143.21433796634966,0.976303317535545,-97.986242,0.0243792464454976,37.0,,74.53,63.43,43.214488404163625,0,0,1,0,0,0,0,0,1,0,1,0,0,0,0,0,0,0,0,0,0
6901028001625,202503,双喜(硬经典1906),二类烟,0.0,0.19862002946745605,42.930335059575405,98.918919,93.62,100.0,1.1294180175391977,0.2420938250519298,37630.0,303.189138576779,0.2777777777777778,-98.626866,0.0095009078014184,,-0.6093635698610095,,,42.77316799419364,0,0,1,0,0,0,0,0,1,0,0,1,0,0,0,0,0,0,0,0,0
6901028001625,202504,双喜(硬经典1906),二类烟,0.0,-0.16879815133750498,42.9717880236611,99.868938,91.8,100.0,1.1294180175391977,0.242126989520724,37630.0,249.8287795992714,0.072189349112426,-97.918919,0.0097793467455621,9.0,0.0280898876404493,32.66,0.0,42.930335059575405,0,0,1,0,0,0,0,0,1,0,0,0,1,0,0,0,0,0,0,0,0
6901028001625,202505,双喜(硬经典1906),二类烟,0.0,0.2921039224683426,42.7615369082379,98.742138,90.63,98.29,1.1294180175391977,0.2421266817464984,37630.0,234.7729658792651,0.1516587677725118,-98.868938,0.0135896018957345,7.0,0.3879781420765027,45.85,0.0,42.9717880236611,0,0,1,0,0,0,0,0,1,0,0,0,0,1,0,0,0,0,0,0,0
6901028001625,202506,双喜(硬经典1906),二类烟,0.0,0.4158450768485409,43.26389194612944,99.534451,90.48,100.0,1.1294180175391977,0.2421270804734669,37630.0,311.0106157112526,0.025,-97.742138,0.0084398714285714,,-0.3818897637795275,28.21,0.0,42.7615369082379,0,0,1,0,0,0,0,0,1,0,0,0,0,0,1,0,0,0,0,0,0
6901028001625,202507,双喜(硬经典1906),二类烟,0.0,-1.0107370345842739,43.17738198508644,98.595041,85.97,98.95,1.1294180175391977,0.2421267637950832,37630.0,128.9242282507016,0.2637231503579952,-98.534451,0.0192011789976133,18.0,1.26963906581741,56.21,15.29,43.26389194612944,0,0,1,0,0,0,0,0,1,0,0,0,0,0,0,1,0,0,0,0,0
6901028001625,202508,双喜(硬经典1906),二类烟,0.0,-0.3026102624305054,42.25315491154517,97.373737,100.0,100.0,1.1294180175391977,0.2421267073251955,37630.0,160.26906957250628,0.0154211150652431,-97.595041,0.0213013475682087,11.0,0.1159962581852198,46.86,49.37,43.17738198508644,0,0,1,0,0,0,0,0,1,0,0,0,0,0,0,0,1,0,0,0,0
6901028001625,202509,双喜(硬经典1906),二类烟,0.0,0.8103105975026068,42.874771722655936,98.066076,86.29,98.15,1.1294180175391977,0.2421266028804156,37630.0,495.195020746888,0.0736342042755344,-96.373737,0.0086164655581947,1.0,-0.5959765297569154,26.13,11.82,42.25315491154517,0,0,1,0,0,0,0,0,1,0,0,0,0,0,0,0,0,1,0,0,0
6901028001625,202510,双喜(硬经典1906),二类烟,0.0,-0.6219173878039967,43.063465509047774,98.576512,78.72,100.0,1.1294180175391977,0.2421196767120763,37630.0,269.1717337715694,0.0709219858156028,-97.066076,0.021652817966903,26.0,1.5248962655601663,41.02,48.13,42.874771722655936,0,0,1,0,0,0,0,0,1,0,0,0,0,0,0,0,0,0,1,0,0
6901028001625,202511,双喜(硬经典1906),二类烟,0.0,-4.521832363129782,42.25285433485194,98.686679,50.94,94.59,1.1294180175391977,0.2421100233990277,37630.0,199.74277978339347,0.500590318772137,-97.576512,0.0196902195985832,11.0,-0.0895645028759244,27.27,34.63,43.063465509047774,0,0,1,0,0,0,0,0,1,0,0,0,0,0,0,0,0,0,0,1,0
6901028001625,202512,双喜(硬经典1906),二类烟,0.0,0.03778932712683769,38.54163314591799,97.391304,39.33,98.54,1.1294180175391977,0.2421222398599936,37630.0,494.8307984790874,0.4063604240282685,-97.686679,0.0093255029446407,6.0,-0.5252707581227437,24.15,34.15,42.25285433485194,0,0,1,0,0,0,0,0,1,0,0,0,0,0,0,0,0,0,0,0,1
6901028001625,202604,双喜(硬经典1906),二类烟,0.0,-0.7097190439714893,41.17753563648628,97.2,53.5,96.94,1.1294180175391977,0.2421196084104698,37630.0,283.0373831775701,0.2181168057210965,-97.277842,0.0153569868891537,12.0,,21.93,42.93,42.83649036317899,0,0,1,0,0,0,0,0,1,0,0,0,1,0,0,0,0,0,0,0,0
6901028001625,202605,双喜(硬经典1906),二类烟,1.0,-0.1683273744542504,42.1267713192075,93.811881,30.3,91.62,1.1294180175391977,0.2421222341424898,37630.0,884.522633744856,0.6334134615384616,-96.2,0.0043961971153846,13.0,-0.7161214953271028,12.14,29.7,41.17753563648628,0,0,1,0,0,0,0,0,1,0,0,0,0,1,0,0,0,0,0,0,0
6901028001625,202606,双喜(硬经典1906),二类烟,0.0,-2.955031714710856,41.00920826203203,94.139194,18.55,92.44,1.1294180175391977,0.2421184397168093,37630.0,540.1108179419525,1.0,-92.811881,0.0068731421686746,6.0,0.5596707818930042,12.77,33.02,42.1267713192075,0,0,1,0,0,0,0,0,1,0,0,0,0,0,1,0,0,0,0,0,0
6901028005036,202502,双喜(硬金五叶神),二类烟,0.0,-1.4114837549819867,44.26736766571224,97.777778,81.19,100.0,1.1484823625922886,0.2421638536148983,30475.0,180.23529411764704,0.4443127962085308,-97.955224,0.0095757938388625,35.0,,76.78,0.0,44.903549232612,0,0,1,0,0,0,0,0,1,0,1,0,0,0,0,0,0,0,0,0,0
6901028005036,202503,双喜(硬金五叶神),二类烟,0.0,0.05649897521390557,43.492065477630014,97.391304,85.53,100.0,1.1484823625922886,0.2421589976881199,30475.0,410.25909090909096,0.2777777777777778,-96.777778,0.003169976359338,,-0.6681749622926094,,,44.26736766571224,0,0,1,0,0,0,0,0,1,0,0,1,0,0,0,0,0,0,0,0,0
6901028005036,202504,双喜(硬金五叶神),二类烟,0.0,-4.051077729793953,44.32386664092615,99.145299,100.0,100.0,1.1484823625922886,0.2421224950193367,30475.0,687.2678571428571,0.0248520710059171,-96.391304,0.0016157159763313,,-0.4909090909090908,6.63,0.0,43.492065477630014,0,0,1,0,0,0,0,0,1,0,0,0,1,0,0,0,0,0,0,0,0
6901028005036,202505,双喜(硬金五叶神),二类烟,1.0,0.6951817744554702,39.44098774783606,90.47619,74.11,97.62,1.1484823625922886,0.2421239851772227,30475.0,385.98706896551727,0.1990521327014218,-98.145299,0.0033508056872037,,1.0714285714285716,13.86,0.0,44.32386664092615,0,0,1,0,0,0,0,0,1,0,0,0,0,1,0,0,0,0,0,0,0
6901028005036,202506,双喜(硬金五叶神),二类烟,0.0,-3.7275574414330492,45.01904841538162,99.737533,85.33,100.0,1.1484823625922886,0.2421246923707957,30475.0,2155.6052631578946,0.0892857142857142,-89.47619,0.0005514523809523,,-0.8362068965517242,2.26,0.0,39.44098774783606,0,0,1,0,0,0,0,0,1,0,0,0,0,0,1,0,0,0,0,0,0
6901028005036,202507,双喜(硬金五叶神),二类烟,0.0,-2.7956739509943134,35.71343030640301,96.296296,70.21,97.01,1.1484823625922886,0.2421249082509391,30475.0,134.15526315789472,0.3365155131264916,-98.737533,0.0055276849642004,,9.0,22.79,0.0,45.01904841538162,0,0,1,0,0,0,0,0,1,0,0,0,0,0,0,1,0,0,0,0,0
6901028005036,202508,双喜(硬金五叶神),二类烟,0.0,6.978965841084829,42.223374464387305,90.677966,41.74,93.22,1.1484823625922886,0.2421246923707957,30475.0,3506.461538461539,0.298932384341637,-95.296296,0.0003759667852906,,-0.9315789473684212,1.54,0.0,35.71343030640301,0,0,1,0,0,0,0,0,1,0,0,0,0,0,0,0,1,0,0,0,0
6901028005036,202509,双喜(硬金五叶神),二类烟,0.0,2.6523659797247703,42.69239614748784,99.328859,49.38,94.74,1.1484823625922886,0.242125075709368,30475.0,1147.3177570093458,0.0914489311163895,-89.677966,0.0015490855106888,,3.115384615384616,6.41,0.0,42.223374464387305,0,0,1,0,0,0,0,0,1,0,0,0,0,0,0,0,0,1,0,0,0
6901028005036,202510,双喜(硬金五叶神),二类烟,0.0,1.3597324478196455,44.875740444112076,99.539171,57.58,100.0,1.1484823625922886,0.2421246923707957,30475.0,977.304054054054,0.0342789598108747,-98.328859,0.0021325295508274,,0.3831775700934579,8.75,0.0,42.69239614748784,0,0,1,0,0,0,0,0,1,0,0,0,0,0,0,0,0,0,1,0,0
6901028005036,202511,双喜(硬金五叶神),二类烟,0.0,-0.24202097856903038,44.05212859530749,98.905109,34.89,97.22,1.1484823625922886,0.2421258317382189,30475.0,186.1898148148148,0.6115702479338843,-98.539171,0.0062173317591499,127.0,1.9189189189189189,26.21,0.0,44.875740444112076,0,0,1,0,0,0,0,0,1,0,0,0,0,0,0,0,0,0,0,1,0
6901028005036,202512,双喜(硬金五叶神),二类烟,0.0,0.48818568217812697,44.633719465543045,98.882682,24.95,92.18,1.1484823625922886,0.242110313638001,30475.0,482.9815498154981,1.0,-97.905109,0.0038910365135453,127.0,-0.3726851851851851,16.14,0.0,44.05212859530749,0,0,1,0,0,0,0,0,1,0,0,0,0,0,0,0,0,0,0,0,1
6901028005036,202601,双喜(硬金五叶神),二类烟,0.0,-1.86809942773381,44.540314277485614,99.575372,85.71,100.0,1.1484823625922886,0.2420554033824149,30475.0,266.2598870056497,0.008254716981132,-97.882682,0.002544375,10.0,-0.3468634686346864,10.5,0.0,44.633719465543045,0,0,1,0,0,0,0,0,1,1,0,0,0,0,0,0,0,0,0,0,0
6901028005036,202602,双喜(硬金五叶神),二类烟,0.0,-0.8194947603535851,42.765620037809235,100.0,40.77,100.0,1.1484823625922886,0.2421382481708415,30475.0,309.0938166311301,0.7384615384615385,-98.575372,0.0067658106508875,74.0,1.6497175141242937,43.91,26.42,44.540314277485614,0,0,1,0,0,0,0,0,1,0,1,0,0,0,0,0,0,0,0,0,0
6901028005036,202603,双喜(硬金五叶神),二类烟,0.0,1.5017983119301945,43.72081951713203,98.165138,17.7,95.95,1.1484823625922886,0.2421603595249135,30475.0,954.6358695652174,1.0,-99.0,0.0026638479809976,3.0,-0.6076759061833689,21.85,0.0,42.765620037809235,0,0,1,0,0,0,0,0,1,0,0,1,0,0,0,0,0,0,0,0,0
6901028005036,202604,双喜(硬金五叶神),二类烟,0.0,1.2935817979489954,44.26741834973943,98.765432,14.2,87.86,1.1484823625922886,0.2421200923079282,30475.0,604.107476635514,1.0,-97.165138,0.0031092491060786,,0.1630434782608696,11.68,11.22,43.72081951713203,0,0,1,0,0,0,0,0,1,0,0,0,1,0,0,0,0,0,0,0,0
6901028005036,202605,双喜(硬金五叶神),二类烟,0.0,0.41368414396011843,45.014401315081024,99.192246,9.47,87.64,1.1484823625922886,0.2421211033634126,30475.0,406.13125,0.828125,-97.765432,0.0046884615384615,3.0,0.4953271028037385,20.07,0.0,44.26741834973943,0,0,1,0,0,0,0,0,1,0,0,0,0,1,0,0,0,0,0,0,0
6901028005036,202606,双喜(硬金五叶神),二类烟,0.0,-1.7721983326467026,44.68110249369955,98.071625,5.65,87.5,1.1484823625922886,0.2421208177792979,30475.0,135.3957654723127,1.0,-98.192246,0.0090176626506024,33.0,0.91875,27.11,41.33,45.014401315081024,0,0,1,0,0,0,0,0,1,0,0,0,0,0,1,0,0,0,0,0,0
6901028009744,202502,双喜(勿忘我),一类烟,0.0,-0.8940513510185539,54.77771750917431,96.172249,63.65,99.82,1.1428571428571428,0.2755428571428571,43750.0,18.195121951219512,0.9976303317535544,-96.156398,0.0085011848341232,250.0,,36.37,33.55,54.812882452177384,1,0,0,0,0,0,0,0,1,0,1,0,0,0,0,0,0,0,0,0,0
6901028009744,202503,双喜(勿忘我),一类烟,1.0,0.025991686965440408,53.91883110115883,89.361702,60.46,100.0,1.1428571428571428,0.2755428571428571,43750.0,32.38805970149254,0.5508274231678487,-95.172249,0.0041578014184397,,-0.5097560975609756,,,54.77771750917431,1,0,0,0,0,0,0,0,1,0,0,1,0,0,0,0,0,0,0,0,0
6901028009744,202504,双喜(勿忘我),一类烟,0.0,0.7271695308256056,54.80370919613975,99.6,34.3,90.85,1.1428571428571428,0.2755142857142857,43750.0,340.54761904761904,0.4674556213017751,-88.361702,0.0008698224852071,,-0.791044776119403,2.49,0.0,53.91883110115883,1,0,0,0,0,0,0,0,1,0,0,0,1,0,0,0,0,0,0,0,0
6901028009744,202505,双喜(勿忘我),一类烟,1.0,0.0007529368795218261,54.646000631984435,93.430657,54.76,95.74,1.1428571428571428,0.2755146299483649,43750.0,19.907630522088358,0.0995260663507109,-98.6,0.0051629146919431,,4.928571428571428,14.93,0.0,54.80370919613975,1,0,0,0,0,0,0,0,1,0,0,0,0,1,0,0,0,0,0,0,0
6901028009744,202506,双喜(勿忘我),一类烟,0.0,0.11470331129550715,54.80446213301927,99.24812,59.0,96.67,1.1428571428571428,0.2755142857142857,43750.0,77.0234375,0.0595238095238095,-92.430657,0.0026666666666666,,-0.4859437751004015,7.62,0.0,54.646000631984435,1,0,0,0,0,0,0,0,1,0,0,0,0,0,1,0,0,0,0,0,0
6901028009744,202507,双喜(勿忘我),一类烟,0.0,-0.26762791955249554,54.76070394327994,97.101449,51.09,97.18,1.1428571428571428,0.2755147186147186,43750.0,17.919191919191917,0.1634844868735083,-98.24812,0.0082696897374701,42.0,2.09375,23.99,0.0,54.80446213301927,1,0,0,0,0,0,0,0,1,0,0,0,0,0,0,1,0,0,0,0,0
6901028009744,202508,双喜(勿忘我),一类烟,0.0,-1.1185531756573681,54.536834213466776,60.606061,35.8,95.35,1.1428571428571428,0.2755153518123667,43750.0,35.57089552238806,0.4175563463819691,-96.101449,0.0055634638196915,107.0,-0.3232323232323232,14.0,17.8,54.76070394327994,1,0,0,0,0,0,0,0,1,0,0,0,0,0,0,0,1,0,0,0,0
6901028009744,202509,双喜(勿忘我),一类烟,1.0,0.2298228556628672,53.642150767622574,40.425532,28.79,90.0,1.1428571428571428,0.275515,43750.0,116.6625,0.0783847980997624,-59.606061,0.0016627078384798,2.0,-0.7014925373134329,4.51,7.89,54.536834213466776,1,0,0,0,0,0,0,0,1,0,0,0,0,0,0,0,0,1,0,0,0
6901028009744,202510,双喜(勿忘我),一类烟,0.0,1.162611393724255,54.76665706912964,96.640827,25.81,95.12,1.1428571428571428,0.2755142857142857,43750.0,440.8157894736843,0.2955082742316784,-39.425532,0.0007860520094562,,-0.525,2.25,0.0,53.642150767622574,1,0,0,0,0,0,0,0,1,0,0,0,0,0,0,0,0,0,1,0,0
6901028009744,202511,双喜(勿忘我),一类烟,0.0,-1.2324013962050628,54.80476216134683,98.09221,12.81,89.61,1.1428571428571428,0.27551474407945,43750.0,33.3475935828877,0.6729634002361276,-95.640827,0.0077272727272727,26.0,8.842105263157896,21.25,5.56,54.76665706912964,1,0,0,0,0,0,0,0,1,0,0,0,0,0,0,0,0,0,0,1,0
6901028009744,202512,双喜(勿忘我),一类烟,1.0,-0.12342262880230237,53.53425567292458,92.307692,9.38,83.65,1.1428571428571428,0.2755157212317666,43750.0,17.925445705024313,1.0,-97.09221,0.0127179034157832,33.0,0.6497326203208555,28.62,33.33,54.80476216134683,1,0,0,0,0,0,0,0,1,0,0,0,0,0,0,0,0,0,0,0,1
6901028009744,202601,双喜(勿忘我),一类烟,0.0,1.2228707786663193,54.68133953254453,96.347032,3.32,81.82,1.1428571428571428,0.2755142857142857,43750.0,479.9166666666667,0.6804245283018868,-91.307692,0.0002476415094339,,-0.9805510534846028,0.71,0.0,53.53425567292458,1,0,0,0,0,0,0,0,1,1,0,0,0,0,0,0,0,0,0,0,0
6901028009744,202602,双喜(勿忘我),一类烟,0.0,-0.025112739665814843,54.7571264515909,99.309154,15.15,100.0,1.1428571428571428,0.2755428571428571,43750.0,67.31516587677726,0.9857988165680474,-95.347032,0.0087396449704142,31.0,34.166666666666664,25.68,39.17,54.68133953254453,1,0,0,0,0,0,0,0,1,0,1,0,0,0,0,0,0,0,0,0,0
6901028009744,202603,双喜(勿忘我),一类烟,0.0,-0.18048251995577402,54.65622679287871,98.288509,7.46,89.81,1.1428571428571428,0.2755257639751552,43750.0,37.99652173913044,1.0,-98.309154,0.0119507125890736,42.0,0.3625592417061611,29.33,63.16,54.7571264515909,1,0,0,0,0,0,0,0,1,0,0,1,0,0,0,0,0,0,0,0,0
6901028009744,202604,双喜(勿忘我),一类烟,1.0,-0.3938324849422088,54.576643931635125,96.25,3.85,79.03,1.1428571428571428,0.2755159914712153,43750.0,73.50248756218905,1.0,-97.288509,0.0083849821215733,7.0,-0.3008695652173911,16.69,47.86,54.65622679287871,1,0,0,0,0,0,0,0,1,0,0,0,1,0,0,0,0,0,0,0,0
6901028009744,202605,双喜(勿忘我),一类烟,0.0,-0.6272709122241764,54.2623943079365,96.891192,2.16,100.0,1.1428571428571428,0.2755161410018553,43750.0,102.35930735930737,0.9987980769230768,-95.25,0.0048587740384615,3.0,-0.4253731343283582,10.7,38.2,54.576643931635125,1,0,0,0,0,0,0,0,1,0,0,0,0,1,0,0,0,0,0,0,0
6901028009744,202606,双喜(勿忘我),一类烟,1.0,-1.9111799850856315,53.94937301941095,91.981132,1.79,100.0,1.1428571428571428,0.2755162719633308,43750.0,216.2566844919786,0.9987951807228916,-95.891192,0.0039427710843373,6.0,-0.1904761904761904,8.67,38.89,54.2623943079365,1,0,0,0,0,0,0,0,1,0,0,0,0,0,1,0,0,0,0,0,0
6901028009805,202502,双喜(百年经典),一类烟,0.0,-0.44480734170435454,54.37501580971023,99.319728,,,1.1428571428571428,0.2755409685230024,43750.0,42.47796610169492,,-98.076406,0.0244668246445497,92.0,,64.69,77.47,54.74931022642635,1,0,0,0,0,0,0,0,1,0,1,0,0,0,0,0,0,0,0,0,0
6901028009805,202503,双喜(百年经典),一类烟,0.0,-1.2111641506168098,54.304502884722,98.545455,,,1.1428571428571428,0.2755426614481409,43750.0,178.30479452054794,,-98.319728,0.0060401891252955,,-0.752542372881356,,,54.37501580971023,1,0,0,0,0,0,0,0,1,0,0,1,0,0,0,0,0,0,0,0,0
6901028009805,202504,双喜(百年经典),一类烟,0.0,-1.772790777110572,53.16385165909342,100.0,,,1.1428571428571428,0.2755156562994201,43750.0,200.92988929889296,,-97.545455,0.0056124260355029,25.0,-0.0719178082191779,16.8,0.0,54.304502884722,1,0,0,0,0,0,0,0,1,0,0,0,1,0,0,0,0,0,0,0,0
6901028009805,202505,双喜(百年经典),一类烟,0.0,0.5101613960712612,52.531712107611426,100.0,82.22,99.17,1.1428571428571428,0.2755149068322981,43750.0,614.2173913043479,0.5165876777251185,-99.0,0.0019075829383886,1.0,-0.6605166051660517,5.57,0.0,53.16385165909342,1,0,0,0,0,0,0,0,1,0,0,0,0,1,0,0,0,0,0,0,0
6901028009805,202506,双喜(百年经典),一类烟,0.0,1.9185120324758387,53.67401305516468,100.0,34.17,86.36,1.1428571428571428,0.2755147699757869,43750.0,843.2881355932203,0.0714285714285714,-99.0,0.0012291666666666,,-0.3586956521739131,3.57,0.0,52.531712107611426,1,0,0,0,0,0,0,0,1,0,0,0,0,0,1,0,0,0,0,0,0
6901028009805,202507,双喜(百年经典),一类烟,0.0,-1.9785585762203013,54.450224140087265,100.0,99.32,100.0,1.1428571428571428,0.275469387755102,43750.0,424.3999999999999,0.3532219570405728,-99.0,0.0029236276849642,,1.3728813559322035,8.47,0.0,53.67401305516468,1,0,0,0,0,0,0,0,1,0,0,0,0,0,0,1,0,0,0,0,0
6901028009805,202508,双喜(百年经典),一类烟,0.0,-0.8203398886553828,51.69545447894438,77.55102,100.0,100.0,1.1428571428571428,0.2754716553287982,43750.0,143.34920634920636,0.0047449584816132,-99.0,0.0052313167259786,7.0,0.7999999999999998,15.3,0.0,54.450224140087265,1,0,0,0,0,0,0,0,1,0,0,0,0,0,0,0,1,0,0,0,0
6901028009805,202509,双喜(百年经典),一类烟,0.0,2.2762792376459657,53.62988425143188,98.765432,89.47,100.0,1.1428571428571428,0.2754827067669173,43750.0,1142.8684210526317,0.0225653206650831,-76.55102,0.0007897862232779,3.0,-0.8492063492063492,2.38,0.0,51.69545447894438,1,0,0,0,0,0,0,0,1,0,0,0,0,0,0,0,0,1,0,0,0
6901028009805,202510,双喜(百年经典),一类烟,0.0,0.5262170394348189,53.97173371659034,98.648649,69.05,93.33,1.1428571428571428,0.2754892857142857,43750.0,442.55,0.0342789598108747,-97.765432,0.0033096926713947,7.0,3.210526315789473,9.69,0.0,53.62988425143188,1,0,0,0,0,0,0,0,1,0,0,0,0,0,0,0,0,0,1,0,0
6901028009805,202511,双喜(百年经典),一类烟,0.0,-3.405306270222461,54.1561012908667,98.305085,35.23,93.75,1.1428571428571428,0.2754986301369863,43750.0,319.67808219178085,0.0519480519480519,-97.648649,0.0030165289256198,24.0,-0.0875,9.09,0.0,53.97173371659034,1,0,0,0,0,0,0,0,1,0,0,0,0,0,0,0,0,0,0,1,0
6901028009805,202512,双喜(百年经典),一类烟,0.0,-0.8851093967323536,50.56642744636788,97.560976,13.46,83.56,1.1428571428571428,0.2755051724137931,43750.0,253.57327586206893,1.0,-97.305085,0.0047820965842167,34.0,0.5890410958904111,12.25,22.12,54.1561012908667,1,0,0,0,0,0,0,0,1,0,0,0,0,0,0,0,0,0,0,0,1
6901028009805,202601,双喜(百年经典),一类烟,0.0,3.472334352444477,53.27099189413435,97.340426,0.0,,1.1428571428571428,0.2755,43750.0,1553.9,0.0188679245283018,-96.560976,0.0008254716981132,2.0,-0.8275862068965517,2.59,0.0,50.56642744636788,1,0,0,0,0,0,0,0,1,1,0,0,0,0,0,0,0,0,0,0,0
6901028009805,202602,双喜(百年经典),一类烟,0.0,0.698436096425155,54.03876179881236,98.376623,23.24,100.0,1.1428571428571428,0.2755300546448087,43750.0,577.0327868852459,0.7384615384615385,-96.340426,0.0037899408284023,39.0,3.575,15.5,39.69,53.27099189413435,1,0,0,0,0,0,0,0,1,0,1,0,0,0,0,0,0,0,0,0,0
6901028009805,202603,双喜(百年经典),一类烟,0.0,-8.314395856137722,53.9694279905595,96.995708,7.45,97.3,1.1428571428571428,0.2755068363979255,43750.0,296.2772277227723,1.0,-97.376623,0.0062975059382422,28.0,0.6557377049180328,12.83,49.07,54.03876179881236,1,0,0,0,0,0,0,0,1,0,0,1,0,0,0,0,0,0,0,0,0
6901028009805,202604,双喜(百年经典),一类烟,0.0,-5.2176709585519205,45.72436594267464,100.0,5.48,79.03,1.1428571428571428,0.2755132743362832,43750.0,322.10176991150445,1.0,-95.995708,0.0047139451728247,7.0,-0.2541254125412541,7.39,40.32,53.9694279905595,1,0,0,0,0,0,0,0,1,0,0,0,1,0,0,0,0,0,0,0,0
6901028009805,202605,双喜(百年经典),一类烟,1.0,3.150923645298654,48.75175703200758,92.0,2.67,84.0,1.1428571428571428,0.2754888888888889,43750.0,3307.444444444445,0.828125,-99.0,0.0003786057692307,1.0,-0.9203539823008848,2.16,0.0,45.72436594267464,1,0,0,0,0,0,0,0,1,0,0,0,0,1,0,0,0,0,0,0,0
6901028009805,202606,双喜(百年经典),一类烟,0.0,-0.67396012319346,48.87528958797329,90.0,1.11,63.16,1.1428571428571428,0.2754782608695652,43750.0,2209.1739130434785,1.0,-91.0,0.0004849397590361,4.0,0.2777777777777779,2.41,15.0,48.75175703200758,1,0,0,0,0,0,0,0,1,0,0,0,0,0,1,0,0,0,0,0,0
6901028010115,202505,中南海(典8),三类烟,1.0,2.795677627477829,21.797861872060334,85.714286,,,1.134020618556701,0.2421513836136734,24250.0,1272.578947368421,,-89.47619,0.0004367298578199,19.0,inf,2.25,0.0,40.54281132671708,0,1,0,0,0,0,0,1,0,0,0,0,0,1,0,0,0,0,0,0,0
6901028010115,202506,中南海(典8),三类烟,0.0,21.959292696134103,43.33848895419491,99.447514,100.0,100.0,1.134020618556701,0.2421649484536082,24250.0,8067.166666666666,0.0047619047619047,-84.714286,6.928571428571429e-05,,-0.8421052631578947,0.36,0.0,21.797861872060334,0,1,0,0,0,0,0,1,0,0,0,0,0,0,1,0,0,0,0,0,0
6901028010115,202602,中南海(典8),三类烟,0.0,-0.6004278513537855,27.63195148151924,100.0,100.0,100.0,1.134020618556701,0.2421570182394924,24250.0,1840.1538461538464,0.0023668639053254,-91.857143,0.0002984615384615,26.0,,3.08,0.0,38.97832933808423,0,1,0,0,0,0,0,1,0,0,1,0,0,0,0,0,0,0,0,0,0
6901028010115,202603,中南海(典8),三类烟,1.0,12.452195396275794,38.377901486730444,96.153846,,,1.134020618556701,0.2421649484536082,24250.0,5952.909090909091,,-99.0,0.0001267220902612,,-0.5769230769230769,1.31,0.0,27.63195148151924,0,1,0,0,0,0,0,1,0,0,0,1,0,0,0,0,0,0,0,0,0
6901028010115,202604,中南海(典8),三类烟,0.0,4.894163871150809,40.084146877795035,100.0,87.5,94.12,1.134020618556701,0.242160824742268,24250.0,2058.16,0.0226460071513706,-95.153846,0.0002890345649582,2.0,1.272727272727273,1.43,8.33,38.377901486730444,0,1,0,0,0,0,0,1,0,0,0,0,1,0,0,0,0,0,0,0,0
6901028010115,202605,中南海(典8),三类烟,0.0,3.8624739232021597,43.27206535788125,98.701299,79.55,94.44,1.134020618556701,0.2421604661586732,24250.0,1439.7826086956522,0.0264423076923076,-99.0,0.0002681490384615,3.0,-0.08,1.44,0.0,40.084146877795035,0,1,0,0,0,0,0,1,0,0,0,0,0,1,0,0,0,0,0,0,0
6901028010115,202606,中南海(典8),三类烟,1.0,0.15372754371309583,43.946620800997195,96.5,80.77,100.0,1.134020618556701,0.2421635919696147,24250.0,284.82894736842104,0.0192771084337349,-97.701299,0.0008881927710843,29.0,2.3043478260869565,4.94,0.0,43.27206535788125,0,1,0,0,0,0,0,1,0,0,0,0,0,0,1,0,0,0,0,0,0
6901028010771,202603,中南海(冰耀中支),一类烟,0.0,5.619682768290346,52.22176088187413,100.0,,,1.1420059582919562,0.2755213505461767,50350.0,2693.1,,-99.0,0.0002383431952662,,,0.24,0.0,47.3502706439898,1,0,0,0,0,0,0,0,1,0,0,1,0,0,0,0,0,0,0,0,0
6901028010771,202604,中南海(冰耀中支),一类烟,0.0,1.554187992692185,52.96995341228015,100.0,,,1.1420059582919562,0.2755213505461767,50350.0,927.6857142857142,,-99.0,0.0008401668653158,13.0,2.5000000000000004,2.03,5.88,52.22176088187413,1,0,0,0,0,0,0,0,1,0,0,0,1,0,0,0,0,0,0,0,0
6901028010771,202605,中南海(冰耀中支),一类烟,0.0,0.16012185002674073,53.77594887456632,100.0,,,1.1420059582919562,0.2755213505461767,50350.0,656.5428571428571,,-99.0,0.000847235576923,5.0,0.0,2.16,0.0,52.96995341228015,1,0,0,0,0,0,0,0,1,0,0,0,0,1,0,0,0,0,0,0,0
6901028010771,202606,中南海(冰耀中支),一类烟,0.0,-2.5587882319509845,53.13007526230689,97.058824,100.0,100.0,1.1420059582919562,0.2755213505461767,50350.0,364.45238095238096,0.0024096385542168,-99.0,0.0010191325301204,1.0,0.1999999999999999,1.45,75.0,53.77594887456632,1,0,0,0,0,0,0,0,1,0,0,0,0,0,1,0,0,0,0,0,0
6901028011785,202506,真龙(起源),一类烟,0.0,-1.0470306102039615,40.29039635964928,100.0,67.5,98.11,1.179245283018868,0.2755188679245283,53000.0,189.44615384615383,0.6464285714285715,-97.484848,0.0032809523809523,4.0,,7.74,0.0,57.71583268692241,1,0,0,0,0,0,0,0,1,0,0,0,0,0,1,0,0,0,0,0,0
6901028011785,202507,真龙(起源),一类烟,0.0,12.927991256931442,56.66880207671845,100.0,95.31,99.18,1.179245283018868,0.2755188679245283,53000.0,6504.374999999999,0.3054892601431981,-99.0,0.0002023866348448,,-0.9384615384615383,0.48,0.0,40.29039635964928,1,0,0,0,0,0,0,0,1,0,0,0,0,0,0,1,0,0,0,0,0
6901028011785,202604,真龙(起源),一类烟,0.0,2.081427185237942,57.46330276047961,99.038462,82.19,97.74,1.179245283018868,0.2755188679245283,53000.0,1043.3125,0.2550655542312277,-99.0,0.0008085816448152,3.0,,1.79,6.67,55.35967096136831,1,0,0,0,0,0,0,0,1,0,0,0,1,0,0,0,0,0,0,0,0
6901028011785,202605,真龙(起源),一类烟,0.0,0.018386511078091416,57.44109814660625,98.198198,84.78,98.31,1.179245283018868,0.275518409965195,53000.0,280.9126213592233,0.0829326923076923,-98.038462,0.0026245192307692,20.0,2.21875,6.49,0.0,57.46330276047961,1,0,0,0,0,0,0,0,1,0,0,0,0,1,0,0,0,0,0,0,0
6901028011785,202606,真龙(起源),一类烟,0.0,-1.3962328206725587,57.4816892715577,99.074074,62.96,97.13,1.179245283018868,0.2755188679245283,53000.0,289.0091743119266,0.4602409638554217,-97.198198,0.0027840963855421,22.0,0.0582524271844659,7.47,0.0,57.44109814660625,1,0,0,0,0,0,0,0,1,0,0,0,0,0,1,0,0,0,0,0,0
6901028012003,202502,真龙(凌云),二类烟,0.0,-1.6156478654139477,52.27271505333454,96.987952,100.0,100.0,1.2305168170631664,0.2421657095980311,30475.0,672.7462686567163,0.0047393364928909,-93.366197,0.0009676895734597,,,7.94,0.0,51.16206118368004,0,0,1,0,0,0,0,0,1,0,1,0,0,0,0,0,0,0,0,0,0
6901028012003,202503,真龙(凌云),二类烟,0.0,0.1438655067002088,49.54641331826609,100.0,,,1.2305168170631664,0.2421657095980311,30475.0,270.2484472049689,,-95.987952,0.0023198463356973,,1.4029850746268655,,,52.27271505333454,0,0,1,0,0,0,0,0,1,0,0,1,0,0,0,0,0,0,0,0,0
6901028012003,202504,真龙(凌云),二类烟,0.0,3.2672229723249444,52.416580560034745,98.947368,,,1.2305168170631664,0.2421246923707957,30475.0,1253.804347826087,,-99.0,0.000663597633136,8.0,-0.7142857142857143,2.72,0.0,49.54641331826609,0,0,1,0,0,0,0,0,1,0,0,0,1,0,0,0,0,0,0,0,0
6901028012003,202505,真龙(凌云),二类烟,0.0,0.11268237709310824,52.813636290591035,99.457259,,,1.2305168170631664,0.2421252741754373,30475.0,213.72695035460995,,-97.947368,0.004072962085308,112.0,5.130434782608695,16.94,0.0,52.416580560034745,0,0,1,0,0,0,0,0,1,0,0,0,0,1,0,0,0,0,0,0,0
6901028012003,202506,真龙(凌云),二类烟,0.0,-2.1266181365479255,52.529262937127854,98.985801,75.0,100.0,1.2305168170631664,0.2421250840769221,30475.0,69.81446111869032,0.0047619047619047,-98.457259,0.0106372261904761,112.0,1.5992907801418443,44.05,0.0,52.813636290591035,0,0,1,0,0,0,0,0,1,0,0,0,0,0,1,0,0,0,0,0,0
6901028012003,202507,真龙(凌云),二类烟,1.0,-0.23808964859644277,50.68701815404311,94.382022,55.88,90.0,1.2305168170631664,0.242124860474186,30475.0,172.84631147540983,0.0202863961813842,-97.985801,0.0070987112171837,217.0,-0.3342428376534788,29.24,0.0,52.529262937127854,0,0,1,0,0,0,0,0,1,0,0,0,0,0,0,1,0,0,0,0,0
6901028012003,202508,真龙(凌云),二类烟,0.0,1.2993815253673233,52.29117328853141,97.718631,41.79,100.0,1.2305168170631664,0.2421246923707957,30475.0,840.4523809523808,0.0747330960854092,-93.382022,0.0012146619217081,,-0.8278688524590163,4.98,0.0,50.68701815404311,0,0,1,0,0,0,0,0,1,0,0,0,0,0,0,0,1,0,0,0,0
6901028012003,202509,真龙(凌云),二类烟,0.0,-2.144767857843277,51.98639967941043,97.093023,5.92,97.01,1.2305168170631664,0.2421248519709017,30475.0,259.1284046692607,1.0,-96.718631,0.003720700712589,3.0,2.0595238095238093,15.32,0.0,52.29117328853141,0,0,1,0,0,0,0,0,1,0,0,0,0,0,0,0,0,1,0,0,0
6901028012003,202603,真龙(凌云),二类烟,0.0,-0.195824816552701,52.671527146896814,99.447514,,,1.2305168170631664,0.2421638164952357,30475.0,239.08461538461535,,-97.484848,0.0018820665083135,13.0,,15.44,0.0,52.35814213589298,0,0,1,0,0,0,0,0,1,0,0,1,0,0,0,0,0,0,0,0,0
6901028012003,202604,真龙(凌云),二类烟,0.0,0.1824781304614902,52.16231731934028,100.0,24.91,88.46,1.2305168170631664,0.242124464497311,30475.0,121.24722222222223,0.2753277711561382,-98.447514,0.0052305125148986,55.0,1.7692307692307692,21.1,2.82,52.671527146896814,0,0,1,0,0,0,0,0,1,0,0,0,1,0,0,0,0,0,0,0,0
6901028012003,202605,真龙(凌云),二类烟,0.0,0.7228518065618701,52.854005277358304,99.585921,13.1,83.23,1.2305168170631664,0.2421250429453874,30475.0,305.8461538461538,1.0,-99.0,0.00171421875,2.0,-0.675,7.09,0.0,52.16231731934028,0,0,1,0,0,0,0,0,1,0,0,0,0,1,0,0,0,0,0,0,0
6901028013611,202506,真龙(海韵),一类烟,1.0,4.975396433851387,61.35407760815884,95.0,100.0,100.0,1.1230907457322552,0.3088948787061994,111300.0,1958.1666666666667,0.0083333333333333,-99.0,0.000318,,,0.36,0.0,57.60881678762595,1,0,0,0,0,0,0,0,1,0,0,0,0,0,1,0,0,0,0,0,0
6901028013611,202507,真龙(海韵),一类烟,0.0,1.355845346426257,62.584213221477334,94.915254,94.44,100.0,1.1230907457322552,0.3088948787061994,111300.0,600.8947368421053,0.0167064439140811,-94.0,0.0010094033412887,10.0,2.1666666666666665,1.19,0.0,61.35407760815884,1,0,0,0,0,0,0,0,1,0,0,0,0,0,0,1,0,0,0,0,0
6901028018722,202502,中华(双中支),一类烟,1.0,-8.722359271587202,43.433333324944165,57.142857,118.36,100.0,1.179245283018868,0.3088915094339622,106000.0,414.1666666666667,0.6883886255924171,-87.235294,0.0030142180094786,60.0,,7.11,0.0,67.08234053338869,1,0,0,0,0,0,0,0,1,0,1,0,0,0,0,0,0,0,0,0,0
6901028024976,202503,娇子(X),三类烟,1.0,1.7206546479115374,,0.0,96.76,99.75,1.134020618556701,0.2421658371845005,24250.0,1026.5603448275865,0.9704491725768322,-95.666667,0.0026600472813238,,-0.8170347003154574,,,41.226001064289584,0,1,0,0,0,0,0,1,0,0,0,1,0,0,0,0,0,0,0,0,0
6901028024976,202505,娇子(X),三类烟,0.0,0.6587760774060598,42.91649613388936,99.350649,,,1.134020618556701,0.2421649484536082,24250.0,402.90358744394615,,-97.454746,0.0051258293838862,,inf,26.54,0.0,42.94665571220112,0,1,0,0,0,0,0,1,0,0,0,0,0,1,0,0,0,0,0,0,0
6901028024976,202506,娇子(X),三类烟,0.0,-0.00479080281853328,43.60543178960718,99.173554,88.64,96.21,1.134020618556701,0.2421649484536082,24250.0,413.8333333333333,0.9988095238095238,-98.350649,0.0035335714285714,,-0.3139013452914798,15.36,18.6,42.91649613388936,0,1,0,0,0,0,0,1,0,0,0,0,0,0,1,0,0,0,0,0,0
6901028024976,202507,娇子(X),三类烟,0.0,-0.18685827257144183,42.91170533107083,99.553571,92.1,99.35,1.134020618556701,0.2421649484536082,24250.0,164.165,0.9809069212410502,-98.173554,0.006945107398568,,0.96078431372549,26.97,33.63,43.60543178960718,0,1,0,0,0,0,0,1,0,0,0,0,0,0,0,1,0,0,0,0,0
6901028024976,202508,娇子(X),三类烟,0.0,0.8736522194254874,43.41857351703574,99.25187,,,1.134020618556701,0.2421649484536082,24250.0,415.5695067264574,,-98.553571,0.0051319098457888,2.0,-0.2566666666666666,26.57,0.0,42.91170533107083,0,1,0,0,0,0,0,1,0,0,0,0,0,0,0,0,1,0,0,0,0
6901028024976,202509,娇子(X),三类烟,0.0,-1.309643170797635,43.785357550496315,98.893617,93.11,98.42,1.134020618556701,0.2421649484536082,24250.0,231.88190954773867,0.5605700712589073,-98.25187,0.0091700712589073,234.0,0.7847533632286996,47.62,0.0,43.41857351703574,0,1,0,0,0,0,0,1,0,0,0,0,0,0,0,0,0,1,0,0,0
6901028024976,202510,娇子(X),三类烟,0.0,-0.44744573007373845,42.108930346238104,99.061033,86.3,99.12,1.134020618556701,0.2421649484536082,24250.0,98.96041308089502,1.0,-97.893617,0.0133231678486997,82.0,0.4597989949748742,64.78,7.12,43.785357550496315,0,1,0,0,0,0,0,1,0,0,0,0,0,0,0,0,0,0,1,0,0
6901028024976,202512,娇子(X),三类烟,1.0,0.45765181906692476,19.004222473852465,50.0,,,1.134020618556701,0.2421618938526155,24250.0,260.7822222222222,,-96.402597,0.0077120141342756,4.0,2.1990521327014223,39.93,0.0,43.337911820422576,0,1,0,0,0,0,0,1,0,0,0,0,0,0,0,0,0,0,0,0,1
6901028024976,202602,娇子(X),三类烟,0.0,-3.9974630919387124,42.03953788453472,98.392283,93.45,99.88,1.134020618556701,0.2421648799078745,24250.0,95.25432180851062,0.9964497041420118,-97.784893,0.0345297041420118,45.0,1503.0,74.32,41.72,43.7955636394895,0,1,0,0,0,0,0,1,0,0,1,0,0,0,0,0,0,0,0,0,0
6901028024976,202606,娇子(X),三类烟,0.0,-5.604690096748662,43.054487240885415,99.30192,,,1.134020618556701,0.2421485899292834,24250.0,153.6421487603306,,-98.099099,0.0141409638554216,22.0,,46.14,19.32,43.62957337173043,0,1,0,0,0,0,0,1,0,0,0,0,0,0,1,0,0,0,0,0,0
6901028025645,202502,娇子(时代阳光),三类烟,0.0,0.016750811030497914,43.15366068107106,99.34811,,,1.1267605633802815,0.2420990260947568,16695.0,114.53499520613614,,-98.144487,0.0082525521327014,7.0,,88.27,0.0,43.04854961026246,0,1,0,0,0,0,0,1,0,0,1,0,0,0,0,0,0,0,0,0,0
6901028025645,202504,娇子(时代阳光),三类烟,1.0,0.5569977380852791,,0.0,21.35,87.5,1.1267605633802815,0.242063492063492,16695.0,104.61103896103896,0.3325443786982248,-98.226804,0.0121705562130177,4.0,0.010498687664042,91.12,0.0,43.06530042129296,0,1,0,0,0,0,0,1,0,0,0,0,1,0,0,0,0,0,0,0,0
6901028025645,202507,娇子(时代阳光),三类烟,1.0,-0.48317247941896824,,0.0,28.38,88.46,1.1267605633802815,0.2422448505867976,17750.0,35.4769752787203,0.2780429594272076,-98.661836,0.0174788782816229,1.0,-0.4250278706800445,92.0,34.24,43.310339859346605,0,1,0,0,0,0,0,1,0,0,0,0,0,0,0,1,0,0,0,0,0
6901028025645,202509,娇子(时代阳光),三类烟,0.0,0.34201044859511853,43.26447097373031,99.599252,12.71,85.25,1.1267605633802815,0.2421120351231392,17750.0,196.17406143344712,1.0,-98.209932,0.0074119952494061,10.0,inf,52.61,0.0,42.82716737992764,0,1,0,0,0,0,0,1,0,0,0,0,0,0,0,0,0,1,0,0,0
6901028039758,202503,贵烟(硬黄精品),二类烟,0.0,0.832759926211871,44.05093291994884,100.0,96.67,100.0,1.1353711790393013,0.2421834061135371,28625.0,388.7068965517241,0.0236406619385342,-95.666667,0.000784988179669,,,,,43.11675456294219,0,0,1,0,0,0,0,0,1,0,0,1,0,0,0,0,0,0,0,0,0
6901028039758,202504,贵烟(硬黄精品),二类烟,0.0,-2.2425597579164247,43.94951448915406,100.0,95.0,100.0,1.1353711790393013,0.2421399021571395,28625.0,45.44548872180451,0.0236686390532544,-99.0,0.0072087573964497,267.0,8.172413793103448,31.6,0.0,44.05093291994884,0,0,1,0,0,0,0,0,1,0,0,0,1,0,0,0,0,0,0,0,0
6901028039758,202505,贵烟(硬黄精品),二类烟,0.0,-0.1004590119551807,41.80837316203242,97.560976,72.5,93.33,1.1353711790393013,0.2421403636090639,28625.0,82.24928366762178,0.0236966824644549,-99.0,0.0047346563981042,45.0,-0.3439849624060151,20.97,0.0,43.94951448915406,0,0,1,0,0,0,0,0,1,0,0,0,0,1,0,0,0,0,0,0,0
6901028039758,202506,贵烟(硬黄精品),二类烟,0.0,0.5838861352952804,43.84905547719888,98.765432,96.0,100.0,1.1353711790393013,0.2421397379912663,28625.0,858.125,0.025,-96.560976,0.000545238095238,,-0.8853868194842407,2.38,0.0,41.80837316203242,0,0,1,0,0,0,0,0,1,0,0,0,0,0,1,0,0,0,0,0,0
6901028039758,202507,贵烟(硬黄精品),二类烟,0.0,-1.165896965495314,42.3922592973277,100.0,79.76,97.06,1.1353711790393013,0.2421397379912663,28625.0,118.5875,0.0501193317422434,-97.765432,0.0021861575178997,2.0,3.0,9.55,0.0,43.84905547719888,0,0,1,0,0,0,0,0,1,0,0,0,0,0,0,1,0,0,0,0,0
6901028039758,202508,贵烟(硬黄精品),二类烟,0.0,1.1656668863643915,42.68315851170357,95.0,,,1.1353711790393013,0.2421397379912664,28625.0,646.5263157894738,,-99.0,0.0005161328588374,,-0.7625,2.25,0.0,42.3922592973277,0,0,1,0,0,0,0,0,1,0,0,0,0,0,0,0,1,0,0,0,0
6901028039758,202606,贵烟(硬黄精品),二类烟,0.0,0.17876946871240307,43.91497851973401,98.310811,22.15,86.56,1.1353711790393013,0.242130535896535,28625.0,97.99616858237547,1.0,-97.863636,0.0036005421686746,57.0,,16.27,0.0,43.903121585197404,0,0,1,0,0,0,0,0,1,0,0,0,0,0,1,0,0,0,0,0,0
6901028042635,202502,娇子(宽窄好运),一类烟,0.0,-3.299124034260892,62.036152821359046,96.938776,6.22,100.0,1.1406844106463878,0.308008486251171,65750.0,108.36405797101447,0.5260663507109005,-97.290598,0.053752962085308,266.0,,54.38,76.91,64.0815117088845,1,0,0,0,0,0,0,0,1,0,1,0,0,0,0,0,0,0,0,0,0
6901028042635,202506,娇子(宽窄好运),一类烟,0.0,1.1914330355665754,63.29272963048359,98.69281,8.55,96.67,1.1406844106463878,0.3085798979387633,65750.0,642.6973684210526,0.4107142857142857,-95.202532,0.0047590476190476,2.0,,9.29,0.0,62.7780627366937,1,0,0,0,0,0,0,0,1,0,0,0,0,0,1,0,0,0,0,0,0
6901028042635,202507,娇子(宽窄好运),一类烟,0.0,0.8361130243595056,63.969495772260274,98.850575,,,1.1406844106463878,0.3085445571978949,65750.0,452.3509933774835,,-97.69281,0.0047390214797136,7.0,-0.006578947368421,9.31,2.56,63.29272963048359,1,0,0,0,0,0,0,0,1,0,0,0,0,0,0,1,0,0,0,0,0
6901028042635,202508,娇子(宽窄好运),一类烟,0.0,-1.3690140110795497,64.1288426548431,96.816976,,,1.1406844106463878,0.3086439119285525,65750.0,217.86744186046516,,-97.850575,0.0134151838671411,20.0,1.847682119205298,17.56,24.32,63.969495772260274,1,0,0,0,0,0,0,0,1,0,0,0,0,0,0,0,1,0,0,0,0
6901028042635,202509,娇子(宽窄好运),一类烟,0.0,-7.418164102798194,62.600481761180724,99.029126,,,1.1406844106463878,0.3087046200322933,65750.0,166.7041095890411,,-95.816976,0.0114008313539192,29.0,-0.1511627906976744,14.49,46.72,64.1288426548431,1,0,0,0,0,0,0,0,1,0,0,0,0,0,0,0,0,1,0,0,0
6901028042635,202510,娇子(宽窄好运),一类烟,0.0,-6.395897217204116,56.710678552044904,100.0,,,1.1406844106463878,0.3087049876985014,65750.0,720.6176470588235,,-98.029126,0.0031709219858156,10.0,-0.7205479452054795,6.38,3.7,62.600481761180724,1,0,0,0,0,0,0,0,1,0,0,0,0,0,0,0,0,0,1,0,0
6901028042635,202511,娇子(宽窄好运),一类烟,0.0,-13.586462462670674,56.20458454397661,100.0,,,1.1406844106463878,0.3087046894803549,65750.0,2855.0333333333333,,-99.0,0.0009315230224321,2.0,-0.7058823529411764,2.01,0.0,56.710678552044904,1,0,0,0,0,0,0,0,1,0,0,0,0,0,0,0,0,0,0,1,0
6901028042635,202512,娇子(宽窄好运),一类烟,0.0,5.0817961169762995,43.12421608937423,100.0,0.0,,1.1406844106463878,0.3084996831432193,65750.0,3016.208333333333,0.0023557126030624,-99.0,0.0007434628975265,1.0,-0.1999999999999999,1.18,20.0,56.20458454397661,1,0,0,0,0,0,0,0,1,0,0,0,0,0,0,0,0,0,0,0,1
6901028042635,202601,娇子(宽窄好运),一类烟,0.0,17.570155564060848,61.28638066095291,98.75,,,1.1406844106463878,0.308466413181242,65750.0,7752.888888888889,,-99.0,0.0002791273584905,,-0.625,0.59,0.0,43.12421608937423,1,0,0,0,0,0,0,0,1,1,0,0,0,0,0,0,0,0,0,0,0
6901028042635,202602,娇子(宽窄好运),一类烟,0.0,1.3659710078212584,60.69437165343508,98.387097,,,1.1406844106463878,0.3087000048130144,65750.0,1196.3037974683543,,-97.75,0.0049176331360946,37.0,16.555555555555557,13.49,38.6,61.28638066095291,1,0,0,0,0,0,0,0,1,0,1,0,0,0,0,0,0,0,0,0,0
6901028042635,202603,娇子(宽窄好运),一类烟,0.0,-12.086213295014012,62.652351668774166,98.237885,61.3,100.0,1.1406844106463878,0.3088543289908371,65750.0,1427.5819672131147,0.3574821852731591,-97.387097,0.0038106888361045,11.0,-0.2278481012658227,7.6,0.0,60.69437165343508,1,0,0,0,0,0,0,0,1,0,0,1,0,0,0,0,0,0,0,0,0
6901028042635,202604,娇子(宽窄好运),一类烟,0.0,-8.624933043391025,48.608158358421065,100.0,96.38,99.33,1.1406844106463878,0.3088523248478235,65750.0,717.7982062780269,0.7318235995232419,-97.237885,0.0069903456495828,15.0,0.8278688524590165,7.27,39.34,62.652351668774166,1,0,0,0,0,0,0,0,1,0,0,0,1,0,0,0,0,0,0,0,0
6901028042635,202605,娇子(宽窄好运),一类烟,0.0,8.059105254276062,54.02741862538314,100.0,,,1.1406844106463878,0.3087939163498099,65750.0,5801.04,,-99.0,0.0007902644230769,8.0,-0.8878923766816144,3.0,0.0,48.608158358421065,1,0,0,0,0,0,0,0,1,0,0,0,0,1,0,0,0,0,0,0,0
6901028042635,202606,娇子(宽窄好运),一类烟,1.0,-2.1046554200404373,56.66726361269713,90.740741,,100.0,1.1406844106463878,0.3087865290602933,65750.0,3836.314285714285,,-99.0,0.0011090361445783,5.0,0.4000000000000001,3.49,24.14,54.02741862538314,1,0,0,0,0,0,0,0,1,0,0,0,0,0,1,0,0,0,0,0,0
6901028042963,202502,娇子(五粮醇香),一类烟,0.0,-2.6438552395501347,53.461648674912624,98.947368,116.44,99.88,1.1420059582919562,0.2751895743971806,50350.0,87.02565833896016,0.9680094786729858,-97.144467,0.0353404502369668,118.0,,53.32,75.78,54.442198708654146,1,0,0,0,0,0,0,0,1,0,1,0,0,0,0,0,0,0,0,0,0
6901028045919,202502,云烟(软珍品),一类烟,1.0,-4.78193505929476,38.80603714118865,74.074074,100.7,100.0,1.1127237542331885,0.2753901863335825,51675.0,812.2242424242423,0.9869668246445498,-91.178771,0.0040409360189573,2.0,,8.18,92.75,50.2813484293095,1,0,0,0,0,0,0,0,1,0,1,0,0,0,0,0,0,0,0,0,0
6901028045919,202503,云烟(软珍品),一类烟,0.0,12.912552186607329,45.49941337001474,91.489362,88.55,100.0,1.1127237542331885,0.2754257377842283,51675.0,4974.7,0.9976359338061466,-73.074074,0.0004886524822695,,-0.8787878787878788,,,38.80603714118865,1,0,0,0,0,0,0,0,1,0,0,1,0,0,0,0,0,0,0,0,0
6901028045919,202504,云烟(软珍品),一类烟,0.0,4.9211334620043985,51.71858932779598,98.989899,100.0,100.0,1.1127237542331885,0.275476198512618,51675.0,2554.5116279069766,0.0189349112426035,-90.489362,0.0010518461538461,17.0,1.15,2.6,0.0,45.49941337001474,1,0,0,0,0,0,0,0,1,0,0,0,1,0,0,0,0,0,0,0,0
6901028045919,202506,云烟(软珍品),一类烟,1.0,-1.3767961956022177,,0.0,84.38,98.4,1.1127237542331885,0.2755086737162208,51675.0,774.6285714285713,0.9988095238095238,-96.902098,0.003445,1.0,-0.6428571428571428,8.45,0.0,50.42054683201914,1,0,0,0,0,0,0,0,1,0,0,0,0,0,1,0,0,0,0,0,0
6901028045919,202508,云烟(软珍品),一类烟,0.0,-15.352853133041485,48.24753604001694,86.956522,100.0,100.0,1.1127237542331885,0.2755172862937739,51675.0,1274.5096153846157,0.0047449584816132,-97.113208,0.0025500355871886,,inf,6.17,0.0,49.043750636416924,1,0,0,0,0,0,0,0,1,0,0,0,0,0,0,0,1,0,0,0,0
6901028045919,202510,云烟(软珍品),一类烟,1.0,9.59181200543113,,0.0,81.93,98.51,1.1127237542331885,0.2755200774068698,51675.0,6838.642857142857,0.6773049645390071,-86.5,0.0003420567375886,,-0.7666666666666666,0.83,0.0,33.69089750337544,1,0,0,0,0,0,0,0,1,0,0,0,0,0,0,0,0,0,1,0,0
6901028045919,202512,云烟(软珍品),一类烟,0.0,8.233777527221186,48.44074457244625,99.300699,,,1.1127237542331885,0.2753756838227085,51675.0,3346.938461538461,,-90.549296,0.0015825088339222,2.0,inf,3.89,0.0,43.28270950880657,1,0,0,0,0,0,0,0,1,0,0,0,0,0,0,0,0,0,0,0,1
6901028045919,202601,云烟(软珍品),一类烟,0.0,1.949145306401114,51.516487036027755,98.853868,25.12,99.65,1.1127237542331885,0.2753759616236363,51675.0,1477.711267605634,0.9422169811320756,-98.300699,0.00346125,75.0,1.1846153846153844,8.84,0.0,48.44074457244625,1,0,0,0,0,0,0,0,1,1,0,0,0,0,0,0,0,0,0,0,0
6901028045919,202602,云烟(软珍品),一类烟,0.0,-0.6524951865075153,50.38988987884736,99.348534,101.43,99.75,1.1127237542331885,0.275464406161699,51675.0,372.66231884057976,0.9988165680473372,-97.853868,0.0168784615384615,266.0,3.859154929577465,45.21,64.14,51.516487036027755,1,0,0,0,0,0,0,0,1,0,1,0,0,0,0,0,0,0,0,0,0
6901028045919,202603,云烟(软珍品),一类烟,0.0,0.2710212298864221,50.86399184952024,98.47561,,,1.1127237542331885,0.2754721739751123,51675.0,781.7803278688525,,-98.348534,0.0074873515439429,18.0,-0.5579710144927537,31.95,13.38,50.38988987884736,1,0,0,0,0,0,0,0,1,0,0,1,0,0,0,0,0,0,0,0,0
6901028045919,202604,云烟(软珍品),一类烟,0.0,-1.509478250045909,50.660911108733785,98.678414,74.25,98.75,1.1127237542331885,0.2755022534565732,51675.0,613.2291021671826,1.0,-97.47561,0.0079575804529201,7.0,0.0590163934426231,19.07,5.0,50.86399184952024,1,0,0,0,0,0,0,0,1,0,0,0,1,0,0,0,0,0,0,0,0
6901028045919,202605,云烟(软珍品),一类烟,1.0,-4.922117054026636,49.35451359947433,95.424837,63.78,98.15,1.1127237542331885,0.2754904882852996,51675.0,685.5491071428571,1.0,-97.678414,0.005565,11.0,-0.3065015479876161,14.3,0.0,50.660911108733785,1,0,0,0,0,0,0,0,1,0,0,0,0,1,0,0,0,0,0,0,0
6901028045919,202606,云烟(软珍品),一类烟,0.0,-7.947102080318729,45.73879405470715,99.130435,60.77,97.41,1.1127237542331885,0.2754849527142109,51675.0,1158.3835616438355,0.9963855421686748,-94.424837,0.0036359277108433,3.0,-0.3482142857142858,9.4,0.0,49.35451359947433,1,0,0,0,0,0,0,0,1,0,0,0,0,0,1,0,0,0,0,0,0
6901028046893,202502,云烟(紫),二类烟,0.0,-18.756367875404045,44.04130937092143,99.095238,100.0,100.0,1.1353711790393013,0.242154237644483,28625.0,58.61372440509132,0.0047393364928909,-98.340297,0.0490287914691943,9.0,,94.08,95.09,44.01888627083154,0,0,1,0,0,0,0,0,1,0,1,0,0,0,0,0,0,0,0,0,0
6901028046893,202503,云烟(紫),二类烟,1.0,-0.23184679722080404,25.26251839542749,82.051282,,,1.1353711790393013,0.2421716129925779,28625.0,52.37193656895724,,-98.095238,0.0281648345153664,,-0.4241837299391255,,,44.04130937092143,0,0,1,0,0,0,0,0,1,0,0,1,0,0,0,0,0,0,0,0,0
6901028046893,202504,云烟(紫),二类烟,0.0,18.73401185199659,43.80946257370063,99.295223,,,1.1353711790393013,0.2421370087336244,28625.0,6854.0,,-81.051282,0.0004336094674556,,-0.984622777510812,1.89,0.0,25.26251839542749,0,0,1,0,0,0,0,0,1,0,0,0,1,0,0,0,0,0,0,0,0
6901028046893,202505,云烟(紫),二类烟,0.0,0.24657323567652156,43.99653024742408,99.576271,,,1.1353711790393013,0.2421377405534969,28625.0,132.7192429022082,,-98.295223,0.0172021327014218,3.0,38.625,75.47,0.0,43.80946257370063,0,0,1,0,0,0,0,0,1,0,0,0,0,1,0,0,0,0,0,0,0
6901028046893,202507,云烟(紫),二类烟,1.0,-1.5642749961580478,19.122079451548462,80.0,,,1.1353711790393013,0.2421391036290661,28625.0,43.50961915979584,,-98.764982,0.0348008949880668,2.0,0.3547872340425533,84.49,80.51,44.05603580937715,0,0,1,0,0,0,0,0,1,0,0,0,0,0,0,1,0,0,0,0,0
6901028046893,202509,云烟(紫),二类烟,0.0,0.7292165281620484,43.90070501481231,99.70487,,,1.1353711790393013,0.2421394898769353,28625.0,610.440340909091,,-95.969697,0.0047866983372921,1.0,43.0,20.9,0.0,42.4917608132191,0,0,1,0,0,0,0,0,1,0,0,0,0,0,0,0,0,1,0,0,0
6901028046893,202511,云烟(紫),二类烟,1.0,-0.11273285448343273,,0.0,,,1.1353711790393013,0.2421401512542531,28625.0,346.2460567823344,,-98.529042,0.0085706021251475,3.0,-0.6872224962999507,37.78,0.0,43.22097734138115,0,0,1,0,0,0,0,0,1,0,0,0,0,0,0,0,0,0,0,1,0
6901028046893,202602,云烟(紫),二类烟,1.0,-0.41288235875714463,,0.0,100.0,100.0,1.1353711790393013,0.2421584431305632,28625.0,77.53693552597232,0.0023668639053254,-97.762568,0.0519111834319526,85.0,7.806896551724138,93.25,93.91,43.967927968606006,0,0,1,0,0,0,0,0,1,0,1,0,0,0,0,0,0,0,0,0,0
6901028046893,202604,云烟(紫),二类烟,0.0,0.14061171776081238,43.638830341324386,99.602386,100.0,100.0,1.1353711790393013,0.242141555201903,28625.0,225.33291298865063,0.0047675804529201,-97.75467,0.0216444576877234,3.0,inf,76.04,20.38,43.55504560984886,0,0,1,0,0,0,0,0,1,0,0,0,1,0,0,0,0,0,0,0,0
6901028046893,202605,云烟(紫),二类烟,0.0,0.13078043491444902,43.69565732760967,99.525102,100.0,100.0,1.1353711790393013,0.2421383434005352,28625.0,194.62125748503,0.0024038461538461,-98.602386,0.0275790865384615,8.0,0.2635561160151323,71.27,55.65,43.638830341324386,0,0,1,0,0,0,0,0,1,0,0,0,0,1,0,0,0,0,0,0,0
6901028046893,202606,云烟(紫),二类烟,0.0,-0.955169526609005,43.769610776238835,98.313705,83.33,100.0,1.1353711790393013,0.2421370291984056,28625.0,173.88479890933877,0.0072289156626506,-98.525102,0.0202375301204819,3.0,-0.2679640718562873,60.36,47.9,43.69565732760967,0,0,1,0,0,0,0,0,1,0,0,0,0,0,1,0,0,0,0,0,0
6901028051989,202605,云烟(软大重九),一类烟,0.0,15.192286764631163,78.66427187667698,100.0,40.0,100.0,1.3596004439511655,0.3085009711431742,180200.0,5932.5,0.0060096153846153,-99.0,0.0003465384615384,,-0.5,0.24,0.0,68.48434909929607,1,0,0,0,0,0,0,0,1,0,0,0,0,1,0,0,0,0,0,0,0
6901028057080,202505,双喜(硬晶彩好日子),一类烟,0.0,-1.1502847436885943,38.5445809176091,100.0,,,1.139240506329114,0.2421198421831333,39500.0,415.3896103896104,,-95.25,0.0014414691943127,8.0,,4.62,0.0,43.38337645986658,1,0,0,0,0,0,0,0,1,0,0,0,0,1,0,0,0,0,0,0,0
6901028057080,202509,双喜(硬晶彩好日子),一类烟,1.0,7.45886508377211,39.73991051795676,41.666667,,,1.139240506329114,0.2418591772151898,39500.0,3530.7499999999995,,-71.727273,0.0001501187648456,,,0.48,0.0,34.70883757317565,1,0,0,0,0,0,0,0,1,0,0,0,0,0,0,0,0,1,0,0,0
6901028057080,202510,双喜(硬晶彩好日子),一类烟,0.0,4.391380775942686,42.16770265694776,100.0,,,1.139240506329114,0.2419651898734177,39500.0,1719.0,,-40.666667,0.0003735224586288,,1.5,1.18,0.0,39.73991051795676,1,0,0,0,0,0,0,0,1,0,0,0,0,0,0,0,0,0,1,0,0
6901028057080,202603,双喜(硬晶彩好日子),一类烟,0.0,-0.061173797225961835,43.40812163503194,99.24812,,,1.139240506329114,0.2420770070626769,39500.0,112.80323450134772,,-98.463807,0.0069370414201183,186.0,,34.44,27.49,44.20551614009749,1,0,0,0,0,0,0,0,1,0,0,1,0,0,0,0,0,0,0,0,0
6901028057080,202604,双喜(硬晶彩好日子),一类烟,0.0,-0.17127698121641544,44.144342342871525,98.714653,,,1.139240506329114,0.2421188147295742,39500.0,406.31060606060606,,-98.24812,0.0024858164481525,7.0,-0.6442048517520216,6.2,30.77,43.40812163503194,1,0,0,0,0,0,0,0,1,0,0,0,1,0,0,0,0,0,0,0,0
6901028057080,202605,双喜(硬晶彩好日子),一类烟,0.0,-0.43389039422432774,43.236844653815524,98.571429,,,1.139240506329114,0.2420650382383966,39500.0,133.67447916666669,,-97.714653,0.0072923076923076,24.0,1.9090909090909087,18.63,34.19,44.144342342871525,1,0,0,0,0,0,0,0,1,0,0,0,0,1,0,0,0,0,0,0,0
6901028057080,202606,双喜(硬晶彩好日子),一类烟,0.0,-1.7296069294682752,43.7104519486472,96.680498,,,1.139240506329114,0.2421138323243441,39500.0,467.8405797101449,,-97.571429,0.0026269879518072,4.0,-0.640625,9.16,0.0,43.236844653815524,1,0,0,0,0,0,0,0,1,0,0,0,0,0,1,0,0,0,0,0,0
6901028058148,202508,好猫(细支长乐),二类烟,0.0,16.46851289978605,42.94190432608117,91.891892,100.0,100.0,1.1435105774728418,0.2420936963979417,34980.0,13138.875,0.0249110320284697,-99.0,0.0001327829181494,,,0.47,0.0,19.864054190749343,0,0,1,0,0,0,0,0,1,0,0,0,0,0,0,0,1,0,0,0,0
6901028058148,202509,好猫(细支长乐),二类烟,1.0,-2.1788108989896955,36.33256709053539,58.823529,,,1.1435105774728418,0.2420994770120741,34980.0,716.8529411764706,,-90.891892,0.0011299952494061,,7.5,4.04,0.0,42.94190432608117,0,0,1,0,0,0,0,0,1,0,0,0,0,0,0,0,0,1,0,0,0
6901028058148,202510,好猫(细支长乐),二类烟,0.0,7.565672543986921,40.763093427091476,97.777778,,,1.1435105774728418,0.2421026300743282,34980.0,3112.4,,-57.823529,0.0001653900709219,,-0.8529411764705882,0.47,25.0,36.33256709053539,0,0,1,0,0,0,0,0,1,0,0,0,0,0,0,0,0,0,1,0,0
6901028058148,202602,好猫(细支长乐),二类烟,0.0,0.20138371312098258,38.49284300592847,100.0,83.67,100.0,1.1435105774728418,0.2420489841158794,34980.0,353.5479115479116,0.0224852071005917,-98.026764,0.0067393420118343,202.0,,34.32,22.07,43.92929971524985,0,0,1,0,0,0,0,0,1,0,1,0,0,0,0,0,0,0,0,0,0
6901028058148,202603,好猫(细支长乐),二类烟,0.0,4.547940410268438,44.13068342837083,100.0,42.86,100.0,1.1435105774728418,0.2420529122231337,34980.0,2324.1304347826085,0.0558194774346793,-99.0,0.0007644085510688,1.0,-0.8869778869778869,5.46,0.0,38.49284300592847,0,0,1,0,0,0,0,0,1,0,0,1,0,0,0,0,0,0,0,0,0
6901028058148,202604,好猫(细支长乐),二类烟,1.0,-0.20059043652963027,43.04078341619691,97.849462,46.67,100.0,1.1435105774728418,0.2420877063850388,34980.0,284.7662835249042,0.0524433849821215,-99.0,0.0043526960667461,14.0,4.673913043478261,15.02,6.35,44.13068342837083,0,0,1,0,0,0,0,0,1,0,0,0,1,0,0,0,0,0,0,0,0
6901028058148,202605,好猫(细支长乐),二类烟,0.0,-1.5507964965471999,43.9300929918412,99.646643,47.06,100.0,1.1435105774728418,0.2420881005786666,34980.0,679.7857142857143,0.0204326923076923,-96.849462,0.00306075,8.0,-0.3026819923371647,11.3,0.0,43.04078341619691,0,0,1,0,0,0,0,0,1,0,0,0,0,1,0,0,0,0,0,0,0
6901028058148,202606,好猫(细支长乐),二类烟,0.0,-3.2856864662984435,41.48998691964971,98.404255,19.7,85.71,1.1435105774728418,0.2420914788186968,34980.0,357.8687943262412,0.0397590361445783,-98.646643,0.0047539084337349,30.0,0.5494505494505493,16.27,11.11,43.9300929918412,0,0,1,0,0,0,0,0,1,0,0,0,0,0,1,0,0,0,0,0,0
6901028059114,202604,好猫(细支长乐吉祥),一类烟,0.0,-2.270320824399242,52.8818672613071,100.0,30.98,89.53,1.1555555555555554,0.2754888888888889,56250.0,493.5952380952381,0.7044100119189511,-94.454545,0.0011263408820023,3.0,0.4000000000000001,2.38,5.0,54.66797325739818,1,0,0,0,0,0,0,0,1,0,0,0,1,0,0,0,0,0,0,0,0
6901028059114,202605,好猫(细支长乐吉祥),一类烟,1.0,1.9034083650265146,52.39765243299894,92.857143,29.02,95.08,1.1555555555555554,0.2754888888888889,56250.0,1140.875,0.2451923076923076,-99.0,0.0004326923076923,1.0,-0.6190476190476191,0.96,0.0,52.8818672613071,1,0,0,0,0,0,0,0,1,0,0,0,0,1,0,0,0,0,0,0,0
6901028059114,202606,好猫(细支长乐吉祥),一类烟,0.0,-0.3163465826785128,54.785275626333615,97.826087,9.09,87.69,1.1555555555555554,0.2754905982905983,56250.0,1316.5384615384614,1.0,-91.857143,0.0003524096385542,5.0,-0.1875,0.84,0.0,52.39765243299894,1,0,0,0,0,0,0,0,1,0,0,0,0,0,1,0,0,0,0,0,0
6901028062015,202502,苏烟(五星红杉树),一类烟,0.0,-0.6972141796146616,56.628128155968525,98.449612,,,1.165995336018656,0.2754924394393893,47170.0,69.08652657601976,,-96.587455,0.0180855592417061,238.0,,52.84,73.54,56.80977210773344,1,0,0,0,0,0,0,0,1,0,1,0,0,0,0,0,0,0,0,0,0
6901028062015,202503,苏烟(五星红杉树),一类烟,0.0,-0.31547667292483084,56.112557928118775,96.551724,,,1.165995336018656,0.2754841342839353,47170.0,134.01312335958005,,-97.449612,0.0084972907801418,,-0.5290482076637825,,,56.628128155968525,1,0,0,0,0,0,0,0,1,0,0,1,0,0,0,0,0,0,0,0,0
6901028062015,202504,苏烟(五星红杉树),一类烟,0.0,-0.31297566885916694,56.312651483043695,97.674419,,,1.165995336018656,0.2755178836427511,47170.0,324.5142857142857,,-95.551724,0.0031260591715976,,-0.6325459317585301,8.28,0.0,56.112557928118775,1,0,0,0,0,0,0,0,1,0,0,0,1,0,0,0,0,0,0,0,0
6901028062015,202505,苏烟(五星红杉树),一类烟,1.0,-2.6617262421530796,55.79958225925961,93.023256,100.0,100.0,1.165995336018656,0.2755190824474797,47170.0,252.13095238095235,0.0047393364928909,-96.674419,0.0037557156398104,,0.1999999999999999,9.95,0.0,56.312651483043695,1,0,0,0,0,0,0,0,1,0,0,0,0,1,0,0,0,0,0,0,0
6901028062015,202506,苏烟(五星红杉树),一类烟,0.0,0.5268599578350859,53.650925240890615,91.304348,,,1.165995336018656,0.2755193979224083,47170.0,438.1,,-92.023256,0.0017969523809523,,-0.5238095238095238,4.76,0.0,55.79958225925961,1,0,0,0,0,0,0,0,1,0,0,0,0,0,1,0,0,0,0,0,0
6901028062015,202511,苏烟(五星红杉树),一类烟,0.0,-0.974949829423366,55.10808198191385,98.95288,0.0,,1.165995336018656,0.2755193158793928,47170.0,91.90712074303406,0.0047225501770956,-97.776758,0.0071952349468713,121.0,inf,19.13,0.0,56.754843527238066,1,0,0,0,0,0,0,0,1,0,0,0,0,0,0,0,0,0,0,1,0
6901028062015,202512,苏烟(五星红杉树),一类烟,0.0,1.7571051889735756,55.7798936978147,100.0,,,1.165995336018656,0.2755192577113289,47170.0,688.6825396825396,,-97.95288,0.0042002968197879,58.0,-0.4148606811145511,11.19,0.0,55.10808198191385,1,0,0,0,0,0,0,0,1,0,0,0,0,0,0,0,0,0,0,0,1
6901028062015,202601,苏烟(五星红杉树),一类烟,0.0,0.7411695086888272,56.865187170887424,99.151858,,,1.165995336018656,0.275516575448491,47170.0,444.9289940828402,,-99.0,0.0075205,90.0,0.7883597883597884,20.28,0.0,55.7798936978147,1,0,0,0,0,0,0,0,1,1,0,0,0,0,0,0,0,0,0,0,0
6901028062015,202602,苏烟(五星红杉树),一类烟,0.0,-0.6928024490319942,56.52106320650353,99.063232,,,1.165995336018656,0.275504663765459,47170.0,50.32993890020367,,-98.151858,0.0548176804733727,235.0,6.263313609467455,66.51,84.88,56.865187170887424,1,0,0,0,0,0,0,0,1,0,1,0,0,0,0,0,0,0,0,0,0
6901028062015,202603,苏烟(五星红杉树),一类烟,0.0,0.06459675797000841,56.17238472185543,99.328859,,,1.165995336018656,0.2754918956683511,47170.0,173.6548463356974,,-98.063232,0.0094788171021377,8.0,-0.8276985743380856,50.24,0.0,56.52106320650353,1,0,0,0,0,0,0,0,1,0,0,1,0,0,0,0,0,0,0,0,0
6901028062015,202604,苏烟(五星红杉树),一类烟,0.0,0.7068800390631083,56.585659964473535,98.444444,,,1.165995336018656,0.2755188607623948,47170.0,302.9391891891892,,-98.328859,0.0066566483909415,,-0.3002364066193853,16.69,7.14,56.17238472185543,1,0,0,0,0,0,0,0,1,0,0,0,1,0,0,0,0,0,0,0,0
6901028062015,202605,苏烟(五星红杉树),一类烟,0.0,-0.09895523811505313,56.87926476091854,98.748883,,,1.165995336018656,0.2755183809964535,47170.0,153.117381489842,,-97.444444,0.0100463028846153,6.0,0.4966216216216217,27.52,0.0,56.585659964473535,1,0,0,0,0,0,0,0,1,0,0,0,0,1,0,0,0,0,0,0,0
6901028062015,202606,苏烟(五星红杉树),一类烟,0.0,-0.20192613335472487,56.48670472635848,98.829431,,,1.165995336018656,0.2755140499799992,47170.0,46.246153846153845,,-97.748883,0.0251194457831325,9.0,1.4943566591422122,31.08,49.61,56.87926476091854,1,0,0,0,0,0,0,0,1,0,0,0,0,0,1,0,0,0,0,0,0
6901028062329,202502,南京(十二钗烤烟),一类烟,0.0,21.61495532823372,53.375463988218264,95.238095,111.44,100.0,1.1484823625922886,0.2755127153404429,60950.0,18164.75,0.9597156398104264,-65.666667,0.0001155450236966,,,0.47,0.0,30.326170756330527,1,0,0,0,0,0,0,0,1,0,1,0,0,0,0,0,0,0,0,0,0
6901028062329,202503,南京(十二钗烤烟),一类烟,1.0,-1.3203745419362107,51.941126084564246,93.023256,92.8,100.0,1.1484823625922886,0.2755127153404429,60950.0,726.5749999999999,0.8865248226950354,-94.238095,0.0023054373522458,,19.0,,,53.375463988218264,1,0,0,0,0,0,0,0,1,0,0,1,0,0,0,0,0,0,0,0,0
6901028062329,202602,南京(十二钗烤烟),一类烟,0.0,1.1185275786933175,52.82818728390526,97.435897,97.5,100.0,1.1484823625922886,0.2755077132395606,60950.0,705.9634146341464,0.0331360946745562,-94.348837,0.0023658698224852,8.0,,7.93,22.39,53.430842812982235,1,0,0,0,0,0,0,0,1,0,1,0,0,0,0,0,0,0,0,0,0
6901028062329,202603,南京(十二钗烤烟),一类烟,0.0,2.144543145574886,54.54937039167555,98.979592,47.06,100.0,1.1484823625922886,0.2755116359397263,60950.0,924.7894736842106,0.0558194774346793,-96.435897,0.0011002850356294,,-0.5365853658536586,4.51,0.0,52.82818728390526,1,0,0,0,0,0,0,0,1,0,0,1,0,0,0,0,0,0,0,0,0
6901028062329,202604,南京(十二钗烤烟),一类烟,0.0,0.25023124202451896,54.972730429480144,100.0,73.84,95.38,1.1484823625922886,0.2755127153404429,60950.0,301.1546391752577,0.102502979737783,-97.979592,0.0028186650774731,,1.5526315789473686,5.96,0.0,54.54937039167555,1,0,0,0,0,0,0,0,1,0,0,0,1,0,0,0,0,0,0,0,0
6901028062329,202605,南京(十二钗烤烟),一类烟,0.0,-0.006927061778618793,54.79960163370007,99.193548,64.41,95.89,1.1484823625922886,0.2755127153404429,60950.0,147.7301587301587,0.1334134615384615,-99.0,0.0036921634615384,14.0,0.2989690721649485,7.93,0.0,54.972730429480144,1,0,0,0,0,0,0,0,1,0,0,0,0,1,0,0,0,0,0,0,0
6901028062329,202606,南京(十二钗烤烟),一类烟,0.0,-0.38017951208190226,54.965803367701525,98.136646,71.3,84.85,1.1484823625922886,0.2755127153404429,60950.0,210.4715447154472,0.053012048192771,-98.193548,0.0036129397590361,14.0,-0.0238095238095238,7.71,4.69,54.79960163370007,1,0,0,0,0,0,0,0,1,0,0,0,0,0,1,0,0,0,0,0,0
6901028062350,202602,南京(十二钗薄荷),一类烟,0.0,0.7904195060728156,56.6337532356678,97.560976,113.51,100.0,1.165995336018656,0.2755010518419465,47170.0,325.2564102564103,0.8414201183431953,-94.121951,0.0008708307692307,27.0,,3.2,14.81,56.10547327170541,1,0,0,0,0,0,0,0,1,0,1,0,0,0,0,0,0,0,0,0,0
6901028062350,202603,南京(十二钗薄荷),一类烟,0.0,0.08171320275432947,56.89589277777822,99.21875,0.0,,1.165995336018656,0.2754928980284079,47170.0,132.925,1.0,-96.560976,0.0008963420427553,14.0,0.0256410256410257,4.75,0.0,56.6337532356678,1,0,0,0,0,0,0,0,1,0,0,1,0,0,0,0,0,0,0,0,0
6901028062350,202604,南京(十二钗薄荷),一类烟,0.0,-0.28460401042376304,56.715466438422126,100.0,98.09,99.69,1.165995336018656,0.2755187719406602,47170.0,40.732283464566926,0.3861740166865315,-98.21875,0.0028560619785458,29.0,2.175,7.75,0.0,56.89589277777822,1,0,0,0,0,0,0,0,1,0,0,0,1,0,0,0,0,0,0,0,0
6901028062350,202605,南京(十二钗薄荷),一类烟,1.0,0.11613914764107847,56.61128876735446,96.25,96.02,99.35,1.165995336018656,0.2755188419805761,47170.0,106.12587412587412,0.7680288461538461,-99.0,0.0032429375,22.0,0.1259842519685039,8.77,0.0,56.715466438422126,1,0,0,0,0,0,0,0,1,0,0,0,0,1,0,0,0,0,0,0,0
6901028062350,202606,南京(十二钗薄荷),一类烟,0.0,0.16481879450205383,56.831605586063205,98.461538,90.28,99.44,1.165995336018656,0.2755176771500706,47170.0,143.75324675324677,0.9795180722891568,-95.25,0.0017504048192771,,-0.4615384615384614,3.98,24.24,56.61128876735446,1,0,0,0,0,0,0,0,1,0,0,0,0,0,1,0,0,0,0,0,0
6901028063371,202505,白沙(硬新精品二代),三类烟,0.0,0.0469555409380078,36.20621495726046,98.795181,,,1.134020618556701,0.2421935613739952,24250.0,319.884239888424,,-98.721836,0.0082404028436018,360.0,inf,42.65,0.0,43.18430186347634,0,1,0,0,0,0,0,1,0,0,0,0,0,1,0,0,0,0,0,0,0
6901028063371,202506,白沙(硬新精品二代),三类烟,0.0,7.243319040392109,43.23125740441435,98.657718,,,1.134020618556701,0.2421938647221523,24250.0,2848.756097560976,,-97.795181,0.0009469047619047,6.0,-0.8856345885634589,2.62,0.0,36.20621495726046,0,1,0,0,0,0,0,1,0,0,0,0,0,0,1,0,0,0,0,0,0
6901028063371,202507,白沙(硬新精品二代),三类烟,0.0,0.3646645874085266,43.449533997652566,99.65035,,,1.134020618556701,0.2421935268952942,24250.0,302.8639455782313,,-97.657718,0.0068062052505966,294.0,6.170731707317072,35.08,0.0,43.23125740441435,0,1,0,0,0,0,0,1,0,0,0,0,0,0,0,1,0,0,0,0,0
6901028063371,202508,白沙(硬新精品二代),三类烟,0.0,-0.15171590370970733,43.59592199182288,98.992248,,,1.134020618556701,0.2421669982516428,24250.0,220.8842105263158,,-98.65035,0.0098380782918149,78.0,0.4540816326530612,50.77,0.0,43.449533997652566,0,1,0,0,0,0,0,1,0,0,0,0,0,0,0,0,1,0,0,0,0
6901028063371,202509,白沙(硬新精品二代),三类烟,0.0,-0.11263808918058515,43.29781809394286,98.916968,,,1.134020618556701,0.2421659979494466,24250.0,167.72513703993738,,-97.992248,0.0147112826603325,66.0,0.4935672514619882,62.47,21.67,43.59592199182288,0,1,0,0,0,0,0,1,0,0,0,0,0,0,0,0,0,1,0,0,0
6901028063371,202510,白沙(硬新精品二代),三类烟,0.0,0.5970564915834728,43.48328390264229,99.705449,,,1.134020618556701,0.2421650738706198,24250.0,275.6569343065694,,-97.916968,0.0094248226950354,11.0,-0.3563038371182458,48.7,0.0,43.29781809394286,0,1,0,0,0,0,0,1,0,0,0,0,0,0,0,0,0,0,1,0,0
6901028063371,202602,白沙(硬新精品二代),三类烟,1.0,-0.27420623023775903,,0.0,100.0,100.0,1.134020618556701,0.2421649484536082,24250.0,218.99207397622192,0.0331360946745562,-97.825065,0.0086898224852071,12.0,,89.59,0.0,43.454141773542275,0,1,0,0,0,0,0,1,0,0,1,0,0,0,0,0,0,0,0,0,0
6901028065504,202602,兰州(硬珍品),二类烟,0.0,0.851329855731521,37.28465428994422,100.0,37.24,100.0,1.1612903225806452,0.2421306451612903,38750.0,1596.0,0.9857988165680474,-96.560976,0.0007337278106508,1.0,,4.73,0.0,42.176179525672545,0,0,1,0,0,0,0,0,1,0,1,0,0,0,0,0,0,0,0,0,0
6901028065504,202603,兰州(硬珍品),二类烟,0.0,6.113458302319103,43.027509381404066,100.0,22.17,100.0,1.1612903225806452,0.2421290322580645,38750.0,3368.5,1.0,-99.0,0.0002577197149643,,-0.65,1.66,0.0,37.28465428994422,0,0,1,0,0,0,0,0,1,0,0,1,0,0,0,0,0,0,0,0,0
6901028065504,202604,兰州(硬珍品),二类烟,0.0,1.271359915748974,43.398112592263324,100.0,50.55,95.56,1.1612903225806452,0.2421290322580645,38750.0,1287.3055555555557,0.1048867699642431,-99.0,0.0006650774731823,1.0,1.5714285714285712,2.03,5.88,43.027509381404066,0,0,1,0,0,0,0,0,1,0,0,0,1,0,0,0,0,0,0,0,0
6901028065504,202605,兰州(硬珍品),二类烟,0.0,-21.88709422954013,44.29886929715304,100.0,36.21,90.91,1.1612903225806452,0.2421290322580645,38750.0,1153.0,0.2427884615384615,-99.0,0.0007451923076923,2.0,0.1111111111111111,2.4,0.0,43.398112592263324,0,0,1,0,0,0,0,0,1,0,0,0,0,1,0,0,0,0,0,0,0
6901028065504,202606,兰州(硬珍品),二类烟,0.0,-22.77337132853262,21.511018362723195,100.0,16.37,87.63,1.1612903225806452,0.2420332068311195,38750.0,816.1764705882352,1.0,-99.0,0.0012698795180722,7.0,0.7000000000000002,3.01,40.0,44.29886929715304,0,0,1,0,0,0,0,0,1,0,0,0,0,0,1,0,0,0,0,0,0
6901028071475,202502,中南海(5mg),二类烟,1.0,-0.41947322933820885,,0.0,,,1.1353711790393013,0.2420872208221919,28625.0,59.76211453744494,,-98.126638,0.0030795616113744,26.0,,26.42,0.0,43.99566293753768,0,0,1,0,0,0,0,0,1,0,1,0,0,0,0,0,0,0,0,0,0
6901028071475,202504,中南海(5mg),二类烟,0.0,-2.545084181620915,33.15299683393303,100.0,66.92,97.73,1.1353711790393013,0.2421131946228273,28625.0,214.59477124183005,0.0769230769230769,-97.709677,0.0020731952662721,1.0,inf,9.11,0.0,43.57618970819947,0,0,1,0,0,0,0,0,1,0,0,0,1,0,0,0,0,0,0,0,0
6901028071475,202505,中南海(5mg),二类烟,1.0,5.713912750612863,41.03110552657856,91.891892,,,1.1353711790393013,0.2421288209606987,28625.0,3993.625,,-99.0,0.0001085308056872,,-0.9477124183006536,0.47,0.0,33.15299683393303,0,0,1,0,0,0,0,0,1,0,0,0,0,1,0,0,0,0,0,0,0
6901028071475,202506,中南海(5mg),二类烟,0.0,1.0873468762906384,38.866909584545894,100.0,,,1.1353711790393013,0.2421268944258926,28625.0,1138.4117647058824,,-90.891892,0.0004634523809523,14.0,3.25,2.02,0.0,41.03110552657856,0,0,1,0,0,0,0,0,1,0,0,0,0,0,1,0,0,0,0,0,0
6901028071475,202507,中南海(5mg),二类烟,0.0,-12.359760144914212,42.118452402869195,100.0,75.0,100.0,1.1353711790393013,0.2421206331877729,28625.0,1922.03125,0.0047732696897374,-99.0,0.0004372315035799,3.0,-0.0588235294117647,1.91,0.0,38.866909584545894,0,0,1,0,0,0,0,0,1,0,0,0,0,0,0,1,0,0,0,0,0
6901028071475,202508,中南海(5mg),二类烟,0.0,-0.8491653293188222,26.507149439631682,10.714286,,,1.1353711790393013,0.2420960698689956,28625.0,741.0175438596491,,-99.0,0.0007741992882562,29.0,0.78125,3.44,0.0,42.118452402869195,0,0,1,0,0,0,0,0,1,0,0,0,0,0,0,0,1,0,0,0,0
6901028071475,202509,中南海(5mg),二类烟,0.0,16.032348078030743,41.26928707355037,53.191489,75.0,100.0,1.1353711790393013,0.2421251819505094,28625.0,6401.666666666666,0.004750593824228,-9.714286,8.159144893111639e-05,,-0.8947368421052632,0.36,0.0,26.507149439631682,0,0,1,0,0,0,0,0,1,0,0,0,0,0,0,0,0,1,0,0,0
6901028071475,202510,中南海(5mg),二类烟,0.0,2.6777509501602736,42.539497517662426,100.0,39.47,100.0,1.1353711790393013,0.2421344978165938,28625.0,1052.9199999999998,0.0342789598108747,-52.191489,0.0003383569739952,,3.166666666666667,1.54,0.0,41.26928707355037,0,0,1,0,0,0,0,0,1,0,0,0,0,0,0,0,0,0,1,0,0
6901028071475,202601,中南海(5mg),二类烟,1.0,-9.224162713533353,,0.0,16.58,86.62,1.1353711790393013,0.2421318951577765,28625.0,82.22838137472284,0.6277974087161367,-98.120879,0.0060823910482921,175.0,9.488372093023257,21.79,28.11,43.94703802371065,0,0,1,0,0,0,0,0,1,1,0,0,0,0,0,0,0,0,0,0,0
6901028071475,202603,中南海(5mg),二类烟,0.0,6.761010593257531,19.122079451548462,100.0,19.12,100.0,1.1353711790393013,0.2421834061135371,28625.0,3430.625,0.4596199524940617,-93.117647,0.0002175771971496,7.0,inf,1.9,0.0,34.722875310177294,0,0,1,0,0,0,0,0,1,0,0,1,0,0,0,0,0,0,0,0,0
6901028071475,202605,中南海(5mg),二类烟,0.0,1.4037521078345492,43.3955859552579,98.717949,19.15,80.0,1.1353711790393013,0.242144590004852,28625.0,976.2444444444444,0.0564903846153846,-89.0,0.0006192908653846,7.0,21.5,3.0,0.0,41.483885903434825,0,0,1,0,0,0,0,0,1,0,0,0,0,1,0,0,0,0,0,0,0
6901028071475,202606,中南海(5mg),二类烟,1.0,-15.163538051331432,42.887638011269374,96.551724,8.57,86.67,1.1353711790393013,0.2421442749390347,28625.0,283.4155844155844,0.1963855421686747,-97.717949,0.0021244578313253,43.0,2.4222222222222225,9.52,7.59,43.3955859552579,0,0,1,0,0,0,0,0,1,0,0,0,0,0,1,0,0,0,0,0,0
6901028071536,202509,中南海(5mg细支),二类烟,0.0,4.319686665445516,44.389551505704276,57.692308,,,1.1484823625922886,0.2421110199617173,30475.0,1746.4999999999998,,-9.714286,8.68646080760095e-05,,,0.36,0.0,40.56578281217493,0,0,1,0,0,0,0,0,1,0,0,0,0,0,0,0,0,1,0,0,0
6901028071536,202510,中南海(5mg细支),二类烟,0.0,0.9458550115154836,44.88546947762045,100.0,,,1.1484823625922886,0.2421192234071643,30475.0,361.6666666666667,,-56.692308,0.000432269503546,9.0,4.0,1.77,0.0,44.389551505704276,0,0,1,0,0,0,0,0,1,0,0,0,0,0,0,0,0,0,1,0,0
6901028071536,202603,中南海(5mg细支),二类烟,0.0,-0.3967752733442751,37.287563833129,100.0,100.0,100.0,1.1484823625922886,0.2421657095980312,30475.0,85.10810810810811,0.002375296912114,-96.368421,0.0010713301662707,39.0,,8.79,0.0,45.16659891013093,0,0,1,0,0,0,0,0,1,0,0,1,0,0,0,0,0,0,0,0,0
6901028071536,202604,中南海(5mg细支),二类烟,0.0,7.440721812330956,44.769823636786654,100.0,,,1.1484823625922886,0.2421246923707957,30475.0,2936.0,,-99.0,2.905840286054827e-05,,-0.972972972972973,0.12,0.0,37.287563833129,0,0,1,0,0,0,0,0,1,0,0,0,1,0,0,0,0,0,0,0,0
6901028071536,202605,中南海(5mg细支),二类烟,0.0,0.0689594957371753,44.728285645459955,100.0,,,1.1484823625922886,0.2421292498404885,30475.0,224.94444444444449,,-99.0,0.0002637259615384,1.0,8.0,1.2,0.0,44.769823636786654,0,0,1,0,0,0,0,0,1,0,0,0,0,1,0,0,0,0,0,0,0
6901028071536,202606,中南海(5mg细支),二类烟,1.0,-1.5941898164327313,44.83878313252383,91.891892,,,1.1484823625922886,0.2421274268526114,30475.0,239.8,,-99.0,0.0004406024096385,4.0,0.6666666666666667,1.81,6.67,44.728285645459955,0,0,1,0,0,0,0,0,1,0,0,0,0,0,1,0,0,0,0,0,0
6901028075015,202502,中华(硬),一类烟,1.0,-0.9216785470894422,67.52165013468701,90.425532,151.13,100.0,1.1792452830188678,0.3089095131292871,95400.0,56.724969097651424,0.3815165876777251,-96.002398,0.0731550710900473,146.0,,69.31,77.44,68.07405389939645,1,0,0,0,0,0,0,0,1,0,1,0,0,0,0,0,0,0,0,0,0
6901028075015,202504,中华(硬),一类烟,1.0,-0.872314884878449,,0.0,97.65,100.0,1.1792452830188678,0.3089096366755029,95400.0,390.75206611570246,0.1005917159763313,-91.366412,0.0054643313609467,,-0.2882352941176471,7.22,0.0,67.152375352307,1,0,0,0,0,0,0,0,1,0,0,0,1,0,0,0,0,0,0,0,0
6901028075015,202506,中华(硬),一类烟,0.0,-22.519088882611577,65.49275345609935,95.454545,,,1.1792452830188678,0.3089098532494759,95400.0,706.9,,-90.954023,0.0036342857142857,,inf,4.76,0.0,66.28006046742856,1,0,0,0,0,0,0,0,1,0,0,0,0,0,1,0,0,0,0,0,0
6901028075015,202507,中华(硬),一类烟,1.0,0.7312082343100315,43.76097158481698,80.0,100.0,100.0,1.1792452830188678,0.308886767495258,95400.0,989.7142857142856,0.0047732696897374,-94.454545,0.005737661097852,,0.575,4.77,47.5,65.49275345609935,1,0,0,0,0,0,0,0,1,0,0,0,0,0,0,1,0,0,0,0,0
6901028075015,202508,中华(硬),一类烟,0.0,20.436671745758694,66.22396169040938,67.045455,100.0,100.0,1.1792452830188678,0.3086412473794549,95400.0,8838.625,0.0047449584816132,-79.0,0.0003621352313167,,-0.9365079365079364,0.47,0.0,43.76097158481698,1,0,0,0,0,0,0,0,1,0,0,0,0,0,0,0,1,0,0,0,0
6901028075015,202509,中华(硬),一类烟,0.0,-23.04846594926255,64.19764333057567,97.297297,,,1.1792452830188678,0.3088974167643818,95400.0,725.8813559322034,,-66.045455,0.0053478384798099,,13.749999999999998,5.34,31.11,66.22396169040938,1,0,0,0,0,0,0,0,1,0,0,0,0,0,0,0,0,1,0,0,0
6901028075015,202510,中华(硬),一类烟,1.0,2.8863263541716577,43.17549574114683,80.0,,,1.1792452830188678,0.3089040298159795,95400.0,1460.9305555555557,,-96.297297,0.003247659574468,12.0,-0.3898305084745762,4.26,0.0,64.19764333057567,1,0,0,0,0,0,0,0,1,0,0,0,0,0,0,0,0,0,1,0,0
6901028075015,202511,中华(硬),一类烟,0.0,19.83398643448286,67.08396968474733,98.930481,100.0,100.0,1.1792452830188678,0.3089065775681341,95400.0,11601.125,0.0047225501770956,-79.0,0.0003604250295159,,-0.8888888888888888,0.47,0.0,43.17549574114683,1,0,0,0,0,0,0,0,1,0,0,0,0,0,0,0,0,0,0,1,0
6901028075015,202512,中华(硬),一类烟,0.0,0.9627338647654824,63.00948217562969,98.717949,100.0,100.0,1.1792452830188678,0.3089095227302775,95400.0,415.5297297297297,0.0424028268551236,-97.930481,0.0249455830388692,209.0,68.375,32.98,0.0,67.08396968474733,1,0,0,0,0,0,0,0,1,0,0,0,0,0,0,0,0,0,0,0,1
6901028075015,202601,中华(硬),一类烟,0.0,4.86626744440516,68.04670354951281,99.22305,60.95,100.0,1.1792452830188678,0.3089096830842113,95400.0,1892.12987012987,0.0625,-97.717949,0.00693,6.0,-0.7225225225225225,9.08,0.0,63.00948217562969,1,0,0,0,0,0,0,0,1,1,0,0,0,0,0,0,0,0,0,0,0
6901028075015,202602,中华(硬),一类烟,0.0,-0.9612189042929344,67.87574962003485,97.788462,92.53,100.0,1.1792452830188678,0.3089094428541626,95400.0,66.62903752039152,0.6260355029585799,-98.22305,0.138414674556213,418.0,18.9025974025974,82.84,82.14,68.04670354951281,1,0,0,0,0,0,0,0,1,0,1,0,0,0,0,0,0,0,0,0,0
6901028075015,202603,中华(硬),一类烟,0.0,-0.3753146477512104,67.08548464521988,98.961938,54.53,99.01,1.1792452830188678,0.3089095955754273,95400.0,128.59882005899706,0.5344418052256532,-96.788462,0.0460911163895486,5.0,-0.668189233278956,58.31,30.14,67.87574962003485,1,0,0,0,0,0,0,0,1,0,0,1,0,0,0,0,0,0,0,0,0
6901028075015,202604,中华(硬),一类烟,0.0,0.6506482323937632,67.50043497228364,99.66443,94.78,98.15,1.1792452830188678,0.308909120229875,95400.0,414.9370629370629,0.0655542312276519,-97.961938,0.0130080572109654,,-0.7187807276302851,12.16,8.82,67.08548464521988,1,0,0,0,0,0,0,0,1,0,0,0,1,0,0,0,0,0,0,0,0
6901028075015,202605,中华(硬),一类烟,0.0,0.015730455169574498,67.73613287761364,99.550562,63.14,96.0,1.1792452830188678,0.3089098532494759,95400.0,264.63973063973066,0.4651442307692308,-98.66443,0.0272440384615384,2.0,1.076923076923077,36.42,0.0,67.50043497228364,1,0,0,0,0,0,0,0,1,0,0,0,0,1,0,0,0,0,0,0,0
6901028075015,202606,中华(硬),一类烟,0.0,-1.580096981337448,67.51616542745322,99.175824,43.96,93.77,1.1792452830188678,0.3089098532494759,95400.0,179.2234762979684,0.7108433734939759,-98.550562,0.0407346506024096,26.0,0.4915824915824915,43.25,26.18,67.73613287761364,1,0,0,0,0,0,0,0,1,0,0,0,0,0,1,0,0,0,0,0,0
6901028075022,202502,中华(软),一类烟,1.0,-0.06881279391882344,69.83262420804952,93.75,100.0,100.0,1.2006861063464838,0.30889923187782,145750.0,70.79275905118601,0.0047393364928909,-95.158463,0.0553297393364928,244.0,,57.7,32.65,70.0229635730226,1,0,0,0,0,0,0,0,1,0,1,0,0,0,0,0,0,0,0,0,0
6901028075022,202511,中华(软),一类烟,0.0,11.86656325784378,64.90984630656882,93.506494,,,1.2006861063464838,0.3088529159519726,145750.0,6831.125,,-79.0,0.0005506493506493,,inf,0.47,0.0,51.354619771821774,1,0,0,0,0,0,0,0,1,0,0,0,0,0,0,0,0,0,0,1,0
6901028075022,202512,中华(软),一类烟,0.0,4.9583191850177,63.22118302966555,96.969697,100.0,100.0,1.2006861063464838,0.3088800743281875,145750.0,1921.6944444444448,0.0047114252061248,-92.506494,0.0049441696113074,32.0,8.0,4.24,0.0,64.90984630656882,1,0,0,0,0,0,0,0,1,0,0,0,0,0,0,0,0,0,0,0,1
6901028075022,202601,中华(软),一类烟,0.0,6.690963844528142,69.86816549158652,97.131931,0.0,,1.2006861063464838,0.3088813250428817,145750.0,2533.796875,0.0047169811320754,-95.969697,0.0043999999999999,32.0,-0.111111111111111,3.77,0.0,63.22118302966555,1,0,0,0,0,0,0,0,1,1,0,0,0,0,0,0,0,0,0,0,0
6901028075022,202602,中华(软),一类烟,1.0,-1.2686458316335774,69.9121468741937,92.758621,,,1.2006861063464838,0.3088811942032117,145750.0,124.93503937007874,,-96.131931,0.0700979881656804,403.0,14.875,55.5,12.37,69.86816549158652,1,0,0,0,0,0,0,0,1,0,1,0,0,0,0,0,0,0,0,0,0
6901028075022,202603,中华(软),一类烟,0.0,-0.05127040289211493,68.59951965995295,96.946565,,,1.2006861063464838,0.3088811025312393,145750.0,108.98636926889714,,-91.758621,0.0558766033254156,17.0,-0.2057086614173228,48.1,0.0,69.9121468741937,1,0,0,0,0,0,0,0,1,0,0,1,0,0,0,0,0,0,0,0,0
6901028075022,202604,中华(软),一类烟,0.0,1.3236380010840918,69.86087647130158,98.989899,,,1.2006861063464838,0.3088811604381356,145750.0,584.6850393700787,,-95.946565,0.0088249106078665,7.0,-0.8426270136307311,6.44,7.41,68.59951965995295,1,0,0,0,0,0,0,0,1,0,0,0,1,0,0,0,0,0,0,0,0
6901028075022,202605,中华(软),一类烟,0.0,0.04452359767840619,69.92315766103704,99.548872,,,1.2006861063464838,0.3088717751251443,145750.0,126.55510204081634,,-97.989899,0.0343353365384615,12.0,2.858267716535433,30.05,0.0,69.86087647130158,1,0,0,0,0,0,0,0,1,0,0,0,0,1,0,0,0,0,0,0,0
6901028075053,202502,牡丹(软),二类烟,0.0,0.28501595718383044,44.97392884149672,96.109637,100.0,100.0,1.1484823625922886,0.2422488273406162,30475.0,249.81632653061223,0.0047393364928909,-94.747126,0.012031125592417,28.0,,98.7,0.0,44.73697507158329,0,0,1,0,0,0,0,0,1,0,1,0,0,0,0,0,0,0,0,0,0
6901028075053,202503,牡丹(软),二类烟,0.0,-0.2846308636852015,45.02199102876712,98.058252,94.12,100.0,1.1484823625922886,0.2422044250305459,30475.0,159.12971481140755,0.1004728132387706,-95.109637,0.0156625650118203,,0.3049219687875151,,,44.97392884149672,0,0,1,0,0,0,0,0,1,0,0,1,0,0,0,0,0,0,0,0,0
6901028075053,202504,牡丹(软),二类烟,0.0,-0.5152670695479316,44.68929797781152,99.371069,100.0,100.0,1.1484823625922886,0.2421271290377602,30475.0,133.32970297029703,0.0236686390532544,-97.058252,0.0145702958579881,1.0,-0.0708371665133393,59.88,0.79,45.02199102876712,0,0,1,0,0,0,0,0,1,0,0,0,1,0,0,0,0,0,0,0,0
6901028075053,202505,牡丹(软),二类烟,0.0,0.17519215161029678,44.50672395921919,98.662207,100.0,100.0,1.1484823625922886,0.2421256009802598,30475.0,253.73101265822783,0.0236966824644549,-98.371069,0.0091280568720379,3.0,-0.3742574257425742,37.44,0.0,44.68929797781152,0,0,1,0,0,0,0,0,1,0,0,0,0,1,0,0,0,0,0,0,0
6901028075053,202506,牡丹(软),二类烟,0.0,0.54067379862407,44.86449012942182,99.45593,,,1.1484823625922886,0.242124831412244,30475.0,319.81186440677965,,-97.662207,0.0085620238095238,,-0.0664556962025316,35.12,0.0,44.50672395921919,0,0,1,0,0,0,0,0,1,0,0,0,0,0,1,0,0,0,0,0,0
6901028075053,202507,牡丹(软),二类烟,0.0,-9.055855474415672,45.04739775784326,98.113208,,,1.1484823625922886,0.2421056646855136,30475.0,188.0798687089716,,-98.45593,0.0265910739856801,3.0,2.098305084745763,91.89,18.96,44.86449012942182,0,0,1,0,0,0,0,0,1,0,0,0,0,0,0,1,0,0,0,0,0
6901028075053,202508,牡丹(软),二类烟,0.0,-0.03208499874192228,35.808634655006145,50.0,,,1.1484823625922886,0.2420707915273132,30475.0,118.0128205128205,,-97.113208,0.0135348042704626,6.0,-0.4879649890590809,55.63,0.0,45.04739775784326,0,0,1,0,0,0,0,0,1,0,0,0,0,0,0,0,1,0,0,0,0
6901028075053,202509,牡丹(软),二类烟,0.0,8.549933373155135,45.015312759101334,99.240122,,,1.1484823625922886,0.2421192234071643,30475.0,3471.366666666667,,-49.0,0.00086864608076,,-0.935897435897436,1.78,0.0,35.808634655006145,0,0,1,0,0,0,0,0,1,0,0,0,0,0,0,0,0,1,0,0,0
6901028075053,202510,牡丹(软),二类烟,0.0,-12.965030995901543,44.35856802816128,97.818182,,,1.1484823625922886,0.2421187879001064,30475.0,134.84532924961715,,-98.240122,0.0188181323877068,,20.76666666666667,54.73,41.25,45.015312759101334,0,0,1,0,0,0,0,0,1,0,0,0,0,0,0,0,0,0,1,0,0
6901028075053,202511,牡丹(软),二类烟,1.0,-2.2037903478781473,32.05028176319979,84.375,83.72,94.59,1.1484823625922886,0.2421240824492011,30475.0,373.42193308550185,0.050767414403778,-96.818182,0.007742880755608,,-0.5880551301684533,31.76,0.0,44.35856802816128,0,0,1,0,0,0,0,0,1,0,0,0,0,0,0,0,0,0,0,1,0
6901028075053,202512,牡丹(软),二类烟,0.0,12.403326133076668,42.15477768028313,95.505618,54.2,91.89,1.1484823625922886,0.2418861847902045,30475.0,4808.11111111111,0.1542991755005889,-83.375,0.0007753356890459,,-0.8996282527881041,2.47,28.57,32.05028176319979,0,0,1,0,0,0,0,0,1,0,0,0,0,0,0,0,0,0,0,0,1
6901028075053,202601,牡丹(软),二类烟,0.0,2.8000628664630867,44.45360789627646,98.034935,,,1.1484823625922886,0.2421155238141195,30475.0,1171.141176470588,,-94.505618,0.0012218749999999,,0.5740740740740742,5.07,0.0,42.15477768028313,0,0,1,0,0,0,0,0,1,1,0,0,0,0,0,0,0,0,0,0,0
6901028075053,202602,牡丹(软),二类烟,0.0,0.226722365334318,44.95484054674622,98.762887,,,1.1484823625922886,0.2421618727972652,30475.0,343.0779510022272,,-97.034935,0.0064772899408284,,4.282352941176471,50.65,0.0,44.45360789627646,0,0,1,0,0,0,0,0,1,0,1,0,0,0,0,0,0,0,0,0,0
6901028075053,202603,牡丹(软),二类烟,0.0,-2.4220783036885436,44.68033026161078,99.733333,50.0,100.0,1.1484823625922886,0.2421517517524375,30475.0,160.33507306889354,0.002375296912114,-97.762887,0.0138693824228028,,1.1336302895322938,50.83,59.11,44.95484054674622,0,0,1,0,0,0,0,0,1,0,0,1,0,0,0,0,0,0,0,0,0
6901028075053,202604,牡丹(软),二类烟,0.0,0.4995608617973204,42.532762243057675,98.611111,100.0,100.0,1.1484823625922886,0.2421246923707957,30475.0,256.88235294117646,0.0047675804529201,-98.733333,0.010867842669845,,-0.2192066805845511,30.04,34.52,44.68033026161078,0,0,1,0,0,0,0,0,1,0,0,0,1,0,0,0,0,0,0,0,0
6901028075053,202605,牡丹(软),二类烟,0.0,2.1332419599514623,45.1798911234081,99.244468,100.0,100.0,1.1484823625922886,0.2421246923707957,30475.0,1035.1549295774648,0.0024038461538461,-97.611111,0.0020805048076923,2.0,-0.8101604278074866,8.29,0.0,42.532762243057675,0,0,1,0,0,0,0,0,1,0,0,0,0,1,0,0,0,0,0,0,0
6901028075053,202606,牡丹(软),二类烟,0.0,0.042525456109643756,44.66600420300914,98.960653,100.0,100.0,1.1484823625922886,0.2421146332248016,30475.0,74.75203915171288,0.0120481927710843,-98.244468,0.0270089277108433,195.0,11.950704225352114,71.2,43.32,45.1798911234081,0,0,1,0,0,0,0,0,1,0,0,0,0,0,1,0,0,0,0,0,0
6901028077910,202502,钻石(软荷花),一类烟,1.0,-0.46766579471865555,67.08411269876166,92.424242,109.85,100.0,1.179245283018868,0.3089009760831959,84800.0,61.31556503198295,0.9644549763033176,-97.322851,0.0188489099526066,60.0,,40.88,35.94,68.05883192325585,1,0,0,0,0,0,0,0,1,0,1,0,0,0,0,0,0,0,0,0,0
6901028077910,202503,钻石(软荷花),一类烟,0.0,-0.21135725359560809,67.5911661285372,93.023256,98.45,100.0,1.179245283018868,0.3089033018867925,84800.0,414.8032786885246,0.6040189125295509,-91.424242,0.002445768321513,,-0.8699360341151385,,,67.08411269876166,1,0,0,0,0,0,0,0,1,0,0,1,0,0,0,0,0,0,0,0,0
6901028077910,202504,钻石(软荷花),一类烟,0.0,-1.2265613952759793,66.87275544516605,97.560976,97.92,99.45,1.179245283018868,0.3088885613207547,84800.0,229.45,0.4378698224852071,-92.023256,0.0048170414201183,,0.9672131147540984,7.1,0.0,67.5911661285372,1,0,0,0,0,0,0,0,1,0,0,0,1,0,0,0,0,0,0,0,0
6901028077910,202506,钻石(软荷花),一类烟,0.0,1.019813093176566,43.17010446580298,100.0,100.0,100.0,1.179245283018868,0.3088885613207547,84800.0,673.952380952381,0.0226190476190476,-88.361702,0.0016959999999999,,-0.475,2.5,0.0,66.36460473326122,1,0,0,0,0,0,0,0,1,0,0,0,0,0,1,0,0,0,0,0,0
6901028077910,202508,钻石(软荷花),一类烟,1.0,-10.903667684127583,,0.0,100.0,100.0,1.179245283018868,0.3088885613207547,84800.0,304.375,0.0474495848161328,-97.630137,0.0028970818505338,,17.0,4.27,0.0,67.38441782643778,1,0,0,0,0,0,0,0,1,0,0,0,0,0,0,0,1,0,0,0,0
6901028077910,202602,钻石(软荷花),一类烟,0.0,-7.519118542368865,66.02697749619556,100.0,97.59,100.0,1.179245283018868,0.3088961857514639,84800.0,293.5862068965517,0.7017751479289941,-96.478992,0.004656473372781,11.0,,5.56,95.74,67.41647003335345,1,0,0,0,0,0,0,0,1,0,1,0,0,0,0,0,0,0,0,0,0
6901028077910,202603,钻石(软荷花),一类烟,0.0,1.5328958740004026,59.89735149098458,100.0,98.44,99.76,1.179245283018868,0.3088974056603773,84800.0,797.2666666666667,0.5118764845605701,-99.0,0.0006042755344418,,-0.8706896551724138,1.78,0.0,66.02697749619556,1,0,0,0,0,0,0,0,1,0,0,1,0,0,0,0,0,0,0,0,0
6901028077910,202604,钻石(软荷花),一类烟,0.0,4.286273330144731,67.55987337019596,100.0,92.54,98.9,1.179245283018868,0.3088885613207547,84800.0,3017.666666666667,0.5852205005959475,-99.0,0.0002425744934445,2.0,-0.6,0.36,0.0,59.89735149098458,1,0,0,0,0,0,0,0,1,0,0,0,1,0,0,0,0,0,0,0,0
6901028077910,202605,钻石(软荷花),一类烟,0.0,-11.585661719807888,64.18362482112931,100.0,88.53,98.85,1.179245283018868,0.3088878593890387,84800.0,240.7142857142857,0.5913461538461539,-99.0,0.0017123076923076,2.0,6.0,2.52,0.0,67.55987337019596,1,0,0,0,0,0,0,0,1,0,0,0,0,1,0,0,0,0,0,0,0
6901028077910,202606,钻石(软荷花),一类烟,0.0,3.7933579402517807,55.97421165038807,100.0,88.39,98.39,1.179245283018868,0.3088885613207547,84800.0,1464.3333333333333,0.5891566265060241,-99.0,0.0004904096385542,,-0.7142857142857143,0.72,0.0,64.18362482112931,1,0,0,0,0,0,0,0,1,0,0,0,0,0,1,0,0,0,0,0,0
6901028079990,202502,钻石(荷花),一类烟,0.0,-0.4495838334026985,65.65233527866708,96.954315,97.99,100.0,1.161103047895501,0.3088917256944116,68900.0,19.64430816404753,1.0,-96.935435,0.0851943601895734,31.0,,93.36,61.17,66.48652408463825,1,0,0,0,0,0,0,0,1,0,1,0,0,0,0,0,0,0,0,0,0
6901028079990,202503,钻石(荷花),一类烟,0.0,0.2544309140350691,66.03694025123555,98.305085,96.09,100.0,1.161103047895501,0.308875447381819,68900.0,320.1867364746946,0.6560283687943262,-95.954315,0.018666524822695,,-0.7803756228440015,,,65.65233527866708,1,0,0,0,0,0,0,0,1,0,0,1,0,0,0,0,0,0,0,0,0
6901028079990,202504,钻石(荷花),一类烟,0.0,-6.985056351698134,65.90676619270215,97.463284,95.91,99.76,1.161103047895501,0.3089077893229337,68900.0,184.31432360742707,1.0,-97.305085,0.024592,,0.3158813263525306,42.96,4.13,66.03694025123555,1,0,0,0,0,0,0,0,1,0,0,0,1,0,0,0,0,0,0,0,0
6901028079990,202506,钻石(荷花),一类烟,1.0,5.873774690412333,41.488630960367345,80.0,94.63,99.62,1.161103047895501,0.3089078374455733,68900.0,2715.684210526316,1.0,-83.444444,0.0012467619047619,,-0.947945205479452,2.26,0.0,59.051883899537415,1,0,0,0,0,0,0,0,1,0,0,0,0,0,1,0,0,0,0,0,0
6901028079990,202508,钻石(荷花),一类烟,0.0,1.1310596966578288,66.00153497023858,83.58209,94.32,99.77,1.161103047895501,0.3088799984985736,68900.0,584.0258620689655,0.561091340450771,-94.867769,0.0037923606168446,,13.5,4.74,0.0,64.92565858994975,1,0,0,0,0,0,0,0,1,0,0,0,0,0,0,0,1,0,0,0,0
6901028079990,202509,钻石(荷花),一类烟,0.0,0.2710602365817323,66.05671828660758,98.8,98.49,100.0,1.161103047895501,0.3089060232220609,68900.0,196.9535714285714,0.7589073634204275,-82.58209,0.0091648456057007,1.0,1.4137931034482758,16.63,0.0,66.00153497023858,1,0,0,0,0,0,0,0,1,0,0,0,0,0,0,0,0,1,0,0,0
6901028079990,202511,钻石(荷花),一类烟,1.0,-1.9201080444200187,,0.0,96.51,98.89,1.161103047895501,0.3087865709265908,68900.0,85.76803118908383,0.4391971664698937,-98.034749,0.0166921841794569,16.0,0.0384615384615385,30.34,0.0,66.27259520682031,1,0,0,0,0,0,0,0,1,0,0,0,0,0,0,0,0,0,0,1,0
6901028079990,202601,钻石(荷花),一类烟,0.0,2.0856901104213534,66.21360454840949,98.396018,45.57,100.0,1.161103047895501,0.3087551924328112,68900.0,778.2068965517242,0.6391509433962265,-98.145299,0.00754,5.0,inf,17.57,0.0,64.3524871624003,1,0,0,0,0,0,0,0,1,1,0,0,0,0,0,0,0,0,0,0,0
6901028079990,202602,钻石(荷花),一类烟,0.0,0.1461273302403896,66.43817727282165,99.344692,,,1.161103047895501,0.3088831480969315,68900.0,117.619449128724,,-97.396018,0.0580227692307692,194.0,6.668103448275861,68.52,68.05,66.21360454840949,1,0,0,0,0,0,0,0,1,0,1,0,0,0,0,0,0,0,0,0,0
6901028079990,202603,钻石(荷花),一类烟,0.0,-0.15894203532650408,66.35973187864988,99.622285,,,1.161103047895501,0.3088898866852269,68900.0,36.96569920844327,,-98.344692,0.0248105463182897,9.0,-0.5739179314221472,50.24,0.0,66.43817727282165,1,0,0,0,0,0,0,0,1,0,0,1,0,0,0,0,0,0,0,0,0
6901028079990,202604,钻石(荷花),一类烟,0.0,0.06977824909699848,66.27923523749514,99.784483,,,1.161103047895501,0.3089075794991023,68900.0,67.31279620853081,,-98.622285,0.0346553039332538,29.0,0.3918205804749339,54.35,14.91,66.35973187864988,1,0,0,0,0,0,0,0,1,0,0,0,1,0,0,0,0,0,0,0,0
6901028079990,202605,钻石(荷花),一类烟,0.0,0.07177815328452652,66.42951012774688,99.56427,,,1.161103047895501,0.3088961605858178,68900.0,95.2462203023758,,-98.784483,0.03067375,46.0,-0.1222748815165876,52.4,0.0,66.27923523749514,1,0,0,0,0,0,0,0,1,0,0,0,0,1,0,0,0,0,0,0,0
6901028079990,202606,钻石(荷花),一类烟,0.0,-0.17586247654645604,66.35101339077967,98.816156,89.29,100.0,1.161103047895501,0.3088906082769878,68900.0,40.18490153172866,0.0337349397590361,-98.56427,0.0303492048192771,,-0.0129589632829373,52.29,6.22,66.42951012774688,1,0,0,0,0,0,0,0,1,0,0,0,0,0,1,0,0,0,0,0,0
6901028080224,202502,钻石(硬特醇),四类烟,0.0,0.22195482554030832,36.8366660401807,97.926635,95.83,100.0,1.1235955056179776,0.2170786516853932,11125.0,158.22611850060463,0.0805687203791469,-95.61215,0.0043603672985781,8.0,,97.99,0.0,37.62793244898166,0,0,0,0,1,0,1,0,0,0,1,0,0,0,0,0,0,0,0,0,0
6901028080224,202503,钻石(硬特醇),四类烟,0.0,0.7854551786633621,37.84988727452197,99.489633,100.0,100.0,1.1235955056179776,0.2170786516853932,11125.0,444.9788273615635,0.0472813238770685,-96.926635,0.0032296690307328,,-0.2575574365175332,,,36.8366660401807,0,0,0,0,1,0,1,0,0,0,0,1,0,0,0,0,0,0,0,0,0
6901028080224,202504,钻石(硬特醇),四类烟,0.0,0.058538338185542216,37.622121218844065,99.383097,48.78,100.0,1.1235955056179776,0.2170786516853932,11125.0,77.7903174094261,0.0568047337278106,-98.489633,0.0164255029585798,3.0,4.079804560260587,97.87,48.61,37.84988727452197,0,0,0,0,1,0,1,0,0,0,0,0,1,0,0,0,0,0,0,0,0
6901028080224,202506,钻石(硬特醇),四类烟,1.0,-0.2589270006112727,,0.0,100.0,100.0,1.1235955056179776,0.2170786516853932,11125.0,56.57618919645257,0.0047619047619047,-98.120938,0.0197124404761904,1.0,1.309745499689634,95.0,34.34,37.90842561270751,0,0,0,0,1,0,1,0,0,0,0,0,0,0,1,0,0,0,0,0,0
6901028080224,202508,钻石(硬特醇),四类烟,0.0,0.1898334598919007,37.751293539490746,96.373694,,,1.1235955056179776,0.2169536731376884,11125.0,150.41060197663973,,-98.731183,0.0058752669039145,7.0,inf,52.67,0.0,37.64949861209624,0,0,0,0,1,0,1,0,0,0,0,0,0,0,0,0,1,0,0,0,0
6901028080224,202509,钻石(硬特醇),四类烟,0.0,-0.06968779953250248,37.83933207198814,99.300699,,,1.1235955056179776,0.2169923756019261,11125.0,113.5204081632653,,-95.373694,0.0082869358669833,1.0,0.408805031446541,74.58,0.0,37.751293539490746,0,0,0,0,1,0,1,0,0,0,0,0,0,0,0,0,0,1,0,0,0
6901028080224,202511,钻石(硬特醇),四类烟,1.0,-2.7170243325365107,,0.0,,,1.1235955056179776,0.2170777127476448,11125.0,138.775069637883,,-98.5149,0.0075445100354191,7.0,-0.3258215962441314,42.62,0.0,37.68160573995824,0,0,0,0,1,0,1,0,0,0,0,0,0,0,0,0,0,0,0,1,0
6901028080521,202502,钻石(细支荷花),一类烟,0.0,-1.7229841232457233,65.51317595745371,89.795918,78.52,100.0,1.165371809100999,0.3089067702552719,90100.0,187.69565217391303,0.159952606635071,-89.789474,0.0029463981042654,20.0,,7.7,0.0,66.42366421631682,1,0,0,0,0,0,0,0,1,0,1,0,0,0,0,0,0,0,0,0,0
6901028080521,202504,钻石(细支荷花),一类烟,1.0,-6.357388942398387,,0.0,,,1.165371809100999,0.308906076581576,90100.0,812.025,,-89.909091,0.0017060355029585,,-0.0909090909090908,2.37,0.0,64.7006800930711,1,0,0,0,0,0,0,0,1,0,0,0,1,0,0,0,0,0,0,0,0
6901028084321,202502,娇子(软阳光),三类烟,0.0,-0.5249937679475849,43.36291079873755,99.032882,96.3,100.0,1.1363636363636365,0.2421272941232407,22000.0,71.11924686192468,0.159952606635071,-98.24734,0.0398710900473933,4.0,,99.17,95.7,44.06846656912429,0,1,0,0,0,0,0,1,0,0,1,0,0,0,0,0,0,0,0,0,0
6901028084321,202503,娇子(软阳光),三类烟,0.0,0.4861978267660447,43.543472801176705,99.178886,71.28,100.0,1.1363636363636365,0.2421589429450757,22000.0,330.24283854166663,0.541371158392435,-98.032882,0.015977304964539,,-0.5983263598326359,,,43.36291079873755,0,1,0,0,0,0,0,1,0,0,0,1,0,0,0,0,0,0,0,0,0
6901028084321,202504,娇子(软阳光),三类烟,0.0,0.06561055056840104,43.8491086255036,99.692623,,,1.1363636363636365,0.2421023735283049,22000.0,258.6729745712596,,-98.178886,0.0176104142011834,1.0,0.1009114583333332,97.99,2.42,43.543472801176705,0,1,0,0,0,0,0,1,0,0,0,0,1,0,0,0,0,0,0,0,0
6901028084321,202505,娇子(软阳光),三类烟,0.0,0.22655296573803696,43.609083351745106,99.328449,98.18,100.0,1.1363636363636365,0.2421023311221153,22000.0,147.9068174032203,0.1303317535545023,-98.692623,0.0304350710900473,3.0,0.7261975162625665,99.29,74.46,43.8491086255036,0,1,0,0,0,0,0,1,0,0,0,0,0,1,0,0,0,0,0,0,0
6901028084321,202511,娇子(软阳光),三类烟,0.0,3.575582770095778,42.19876369010624,98.013245,68.66,97.33,1.1363636363636365,0.2421022727272727,22000.0,1348.1031746031745,0.4403778040141676,-93.029851,0.0013090909090909,,inf,6.14,21.15,40.53726520468819,0,1,0,0,0,0,0,1,0,0,0,0,0,0,0,0,0,0,0,1,0
6901028084321,202512,娇子(软阳光),三类烟,0.0,1.9824191445617458,44.11284797478397,99.537839,44.61,95.78,1.1363636363636365,0.2421018888206388,22000.0,745.9391891891893,0.9564193168433452,-97.013245,0.0030680800942285,,1.3492063492063489,17.43,0.0,42.19876369010624,0,1,0,0,0,0,0,1,0,0,0,0,0,0,0,0,0,0,0,0,1
6901028084321,202601,娇子(软阳光),三类烟,0.0,-1.8464859277764702,44.181182834667986,99.308886,17.97,75.7,1.1363636363636365,0.2420810689600591,22000.0,50.02263493905977,0.6804245283018868,-98.537839,0.0178801886792452,16.0,4.8209459459459465,63.92,42.99,44.11284797478397,0,1,0,0,0,0,0,1,0,1,0,0,0,0,0,0,0,0,0,0,0
6901028084321,202602,娇子(软阳光),三类烟,0.0,-0.2255001788650972,42.2663620470075,98.986486,79.32,98.19,1.1363636363636365,0.242121938386851,22000.0,29.69038488851016,0.4875739644970414,-98.308886,0.0733263905325443,265.0,3.086477074869414,98.58,92.2,44.181182834667986,0,1,0,0,0,0,0,1,0,0,1,0,0,0,0,0,0,0,0,0,0
6901028084321,202606,娇子(软阳光),三类烟,0.0,-0.10515167942351411,44.17115084970554,99.563319,21.12,89.66,1.1363636363636365,0.2421023574041457,22000.0,36.21410829607551,1.0,-98.826432,0.0426853012048192,2.0,,89.64,41.26,44.15732173505,0,1,0,0,0,0,0,1,0,0,0,0,0,0,1,0,0,0,0,0,0
6901028084772,202505,娇子(格调细支),二类烟,0.0,0.4480649056026067,44.86343138147594,99.390244,,,1.160092807424594,0.2421113689095128,32325.0,318.1435185185185,,-97.630137,0.0033090995260663,,,12.8,0.0,45.58534210650203,0,0,1,0,0,0,0,0,1,0,0,0,0,1,0,0,0,0,0,0,0
6901028084772,202506,娇子(格调细支),二类烟,0.0,-9.528517075033626,46.03340701210464,99.596449,54.31,96.33,1.160092807424594,0.2421111316717198,32325.0,579.7361963190184,0.2345238095238095,-98.390244,0.0025090357142857,,-0.2453703703703703,9.76,0.0,44.86343138147594,0,0,1,0,0,0,0,0,1,0,0,0,0,0,1,0,0,0,0,0,0
6901028084772,202507,娇子(格调细支),二类烟,0.0,-3.645888821012015,35.334914306442315,97.87234,64.25,96.95,1.160092807424594,0.2421109928664633,32325.0,155.72528363047002,0.2422434367541766,-98.596449,0.0190401193317422,18.0,6.570552147239264,74.34,0.0,46.03340701210464,0,0,1,0,0,0,0,0,1,0,0,0,0,0,0,1,0,0,0,0,0
6901028084772,202508,娇子(格调细支),二类烟,0.0,10.796533217068465,42.387518191092624,95.081967,65.69,99.19,1.160092807424594,0.2421113689095127,32325.0,4032.869565217392,0.2230130486358244,-96.87234,0.0007055516014234,,-0.9627228525121556,2.25,21.05,35.334914306442315,0,0,1,0,0,0,0,0,1,0,0,0,0,0,0,0,1,0,0,0,0
6901028084772,202509,娇子(格调细支),二类烟,0.0,3.2509164350693567,46.13144752351078,99.413735,,,1.160092807424594,0.2421113689095127,32325.0,1477.0258620689656,,-94.081967,0.0017813301662707,,1.5217391304347827,6.89,0.0,42.387518191092624,0,0,1,0,0,0,0,0,1,0,0,0,0,0,0,0,0,1,0,0,0
6901028084772,202510,娇子(格调细支),二类烟,0.0,-0.23974696679928797,45.63843462616198,99.646018,65.7,98.28,1.160092807424594,0.242110749932727,32325.0,120.1693344566133,0.1016548463356974,-98.413735,0.0181417375886524,35.0,9.232758620689657,57.57,23.82,46.13144752351078,0,0,1,0,0,0,0,0,1,0,0,0,0,0,0,0,0,0,1,0,0
6901028084772,202511,娇子(格调细支),二类烟,0.0,-0.13709145589039196,45.89170055671149,99.272349,56.13,95.08,1.160092807424594,0.2421108881132041,32325.0,298.8507992895204,0.1251475796930342,-98.646018,0.0085945572609208,3.0,-0.5256950294860995,30.93,8.78,45.63843462616198,0,0,1,0,0,0,0,0,1,0,0,0,0,0,0,0,0,0,0,1,0
6901028084772,202512,娇子(格调细支),二类烟,0.0,-0.6280275810523364,45.50134317027159,98.927614,45.0,95.97,1.160092807424594,0.2421080890659734,32325.0,206.7643979057592,0.3180212014134275,-98.272349,0.0145443462897526,21.0,0.6962699822380107,44.64,28.76,45.89170055671149,0,0,1,0,0,0,0,0,1,0,0,0,0,0,0,0,0,0,0,0,1
6901028084772,202601,娇子(格调细支),二类烟,0.0,-1.055944685298023,45.263672975659155,97.798165,15.91,100.0,1.160092807424594,0.242102880425556,32325.0,347.66395663956644,0.0660377358490566,-97.927614,0.0056263797169811,3.0,-0.6136125654450262,12.62,0.0,45.50134317027159,0,0,1,0,0,0,0,0,1,1,0,0,0,0,0,0,0,0,0,0,0
6901028084772,202602,娇子(格调细支),二类烟,0.0,-6.279078530294939,44.445398484973566,99.638989,30.49,95.89,1.160092807424594,0.2420793738545988,32325.0,431.24577861163226,0.9881656804733728,-96.798165,0.0081558461538461,25.0,0.4444444444444446,39.29,15.66,45.263672975659155,0,0,1,0,0,0,0,0,1,0,1,0,0,0,0,0,0,0,0,0,0
6901028084772,202603,娇子(格调细支),二类烟,0.0,-0.14204221593450228,38.984594445364216,100.0,25.17,100.0,1.160092807424594,0.2420682156988017,32325.0,726.5760869565216,0.9655581947743468,-98.638989,0.0042383372921615,7.0,-0.4821763602251406,32.78,0.0,44.445398484973566,0,0,1,0,0,0,0,0,1,0,0,1,0,0,0,0,0,0,0,0,0
6901028084772,202604,娇子(格调细支),二类烟,0.0,6.743967797052875,44.303356269039064,98.850575,43.96,85.71,1.160092807424594,0.2421064671089179,32325.0,2709.704225352113,0.1048867699642431,-99.0,0.0010941954707985,,-0.7427536231884058,2.86,45.83,38.984594445364216,0,0,1,0,0,0,0,0,1,0,0,0,1,0,0,0,0,0,0,0,0
6901028084772,202605,娇子(格调细支),二类烟,1.0,0.9543820936857585,45.72856224241709,91.015625,20.92,96.08,1.160092807424594,0.2421053735978464,32325.0,782.0813953488372,0.2860576923076923,-97.850575,0.0040095432692307,5.0,2.633802816901409,16.11,0.0,44.303356269039064,0,0,1,0,0,0,0,0,1,0,0,0,0,1,0,0,0,0,0,0,0
6901028084772,202606,娇子(格调细支),二类烟,0.0,-2.520916955445884,45.25773836272482,96.065129,8.25,82.67,1.160092807424594,0.2421046750025171,32325.0,265.51502145922746,1.0,-90.015625,0.0108892409638554,29.0,1.7093023255813953,31.45,41.76,45.72856224241709,0,0,1,0,0,0,0,0,1,0,0,0,0,0,1,0,0,0,0,0,0
6901028084925,202506,长城(醇雅薄荷),一类烟,0.0,1.2481353455513897,56.12462386564461,98.611111,,,1.1363636363636362,0.2826444128787879,44000.0,578.3000000000001,,-97.765432,0.0015085714285714,16.0,,4.05,17.65,54.79350309976885,1,0,0,0,0,0,0,0,1,0,0,0,0,0,1,0,0,0,0,0,0
6901028084925,202507,长城(醇雅薄荷),一类烟,0.0,-0.7256864428162118,56.04163844532024,99.442897,,,1.1363636363636362,0.2826635634514155,44000.0,97.98239436619718,,-97.611111,0.0053682100238663,78.0,2.5500000000000003,13.48,26.55,56.12462386564461,1,0,0,0,0,0,0,0,1,0,0,0,0,0,0,1,0,0,0,0,0
6901028084925,202508,长城(醇雅薄荷),一类烟,0.0,0.121135881886417,55.398937422828396,88.741722,,,1.1363636363636362,0.2826696587725999,44000.0,128.7170868347339,,-98.442897,0.0067080427046263,181.0,0.2570422535211267,21.47,0.0,56.04163844532024,1,0,0,0,0,0,0,0,1,0,0,0,0,0,0,0,1,0,0,0,0
6901028084925,202509,长城(醇雅薄荷),一类烟,0.0,0.4674131379921036,56.162774327206655,97.472194,,,1.1363636363636362,0.2826704545454545,44000.0,361.7164179104477,,-87.741722,0.0025208551068883,49.0,-0.6246498599439776,7.84,3.03,55.398937422828396,1,0,0,0,0,0,0,0,1,0,0,0,0,0,0,0,0,1,0,0,0
6901028084925,202510,长城(醇雅薄荷),一类烟,0.0,-0.7130140374279179,55.8663505608205,99.079755,,,1.1363636363636362,0.2826711094345949,44000.0,84.97510373443983,,-96.472194,0.0180493617021276,129.0,6.194029850746269,42.79,36.19,56.162774327206655,1,0,0,0,0,0,0,0,1,0,0,0,0,0,0,0,0,0,1,0,0
6901028084925,202511,长城(醇雅薄荷),一类烟,0.0,-2.513058546584645,55.44976028977874,98.095238,,,1.1363636363636362,0.2826713340838728,44000.0,192.42260061919504,,-98.079755,0.0120810389610389,23.0,-0.3298755186721992,29.75,31.75,55.8663505608205,1,0,0,0,0,0,0,0,1,0,0,0,0,0,0,0,0,0,0,1,0
6901028084925,202512,长城(醇雅薄荷),一类烟,0.0,-0.25786347850119284,53.353292014235855,98.795181,,,1.1363636363636362,0.2826713739335098,44000.0,343.3980582524272,,-97.095238,0.0057650883392226,7.0,-0.521671826625387,17.2,8.9,55.44976028977874,1,0,0,0,0,0,0,0,1,0,0,0,0,0,0,0,0,0,0,0,1
6901028084925,202601,长城(醇雅薄荷),一类烟,0.0,2.1213761161554956,55.191896811277545,99.086758,0.0,,1.1363636363636362,0.2826719943335797,44000.0,1103.2195121951218,0.0047169811320754,-97.795181,0.0015316981132075,2.0,-0.7346278317152104,5.07,0.0,53.353292014235855,1,0,0,0,0,0,0,0,1,1,0,0,0,0,0,0,0,0,0,0,0
6901028084925,202602,长城(醇雅薄荷),一类烟,0.0,0.27664869098104816,55.47466813039135,98.322148,,,1.1363636363636362,0.2827020202020202,44000.0,440.1705069124424,,-98.086758,0.0040677869822485,29.0,1.6463414634146338,19.05,34.78,55.191896811277545,1,0,0,0,0,0,0,0,1,0,1,0,0,0,0,0,0,0,0,0,0
6901028084925,202603,长城(醇雅薄荷),一类烟,0.0,-4.74361444863834,55.46854550225859,100.0,,,1.1363636363636362,0.2826832747267901,44000.0,335.66211604095565,,-97.322148,0.0055120190023752,18.0,0.3502304147465438,17.1,43.06,55.47466813039135,1,0,0,0,0,0,0,0,1,0,0,1,0,0,0,0,0,0,0,0,0
6901028084925,202604,长城(醇雅薄荷),一类烟,1.0,-3.069346688851752,50.73105368175301,97.727273,,,1.1363636363636362,0.2826754148629148,44000.0,337.02857142857147,,-99.0,0.0052862932061978,6.0,-0.0443686006825938,9.65,38.27,55.46854550225859,1,0,0,0,0,0,0,0,1,0,0,0,1,0,0,0,0,0,0,0,0
6901028084925,202605,长城(醇雅薄荷),一类烟,0.0,1.6029755311570923,52.39919881340684,96.491228,,,1.1363636363636362,0.2827020202020202,44000.0,2056.767441860465,,-96.727273,0.0008186538461538,2.0,-0.8464285714285714,5.17,0.0,50.73105368175301,1,0,0,0,0,0,0,0,1,0,0,0,0,1,0,0,0,0,0,0,0
6901028084925,202606,长城(醇雅薄荷),一类烟,0.0,-5.984717180435553,52.3340292129101,94.545455,,,1.1363636363636362,0.2827020202020202,44000.0,1452.2363636363636,,-95.491228,0.0010496385542168,8.0,0.2790697674418605,5.3,25.0,52.39919881340684,1,0,0,0,0,0,0,0,1,0,0,0,0,0,1,0,0,0,0,0,0
6901028092432,202508,人民大会堂(红细支),一类烟,1.0,3.7734528356146413,,0.0,,,1.1555555555555554,0.2754888888888889,56250.0,1585.1249999999998,,-99.0,0.0002135231316725,4.0,,0.47,0.0,51.65600228689714,1,0,0,0,0,0,0,0,1,0,0,0,0,0,0,0,1,0,0,0,0
6901028092432,202605,人民大会堂(红细支),一类烟,0.0,0.25629161756400975,54.82989604771995,97.5,58.08,98.08,1.1555555555555554,0.2754894586894587,56250.0,624.9230769230769,0.0829326923076923,-96.5,0.0010546874999999,2.0,18.5,1.8,33.33,54.305757278374124,1,0,0,0,0,0,0,0,1,0,0,0,0,1,0,0,0,0,0,0,0
6901028092432,202606,人民大会堂(红细支),一类烟,1.0,-1.499771780886995,54.56204889593813,94.047619,60.61,93.55,1.1555555555555554,0.2754900284900285,56250.0,435.0384615384616,0.1192771084337349,-96.5,0.0021144578313253,19.0,1.0,4.94,0.0,54.82989604771995,1,0,0,0,0,0,0,0,1,0,0,0,0,0,1,0,0,0,0,0,0
6901028098335,202508,长白山(蓝尚),一类烟,0.0,0.848790069077701,43.65323401822052,54.385965,,,1.139240506329114,0.2421141674780915,39500.0,575.4038461538462,,-99.0,0.0009746144721233,13.0,,3.08,0.0,42.940134500441964,1,0,0,0,0,0,0,0,1,0,0,0,0,0,0,0,1,0,0,0,0
6901028098335,202509,长白山(蓝尚),一类烟,0.0,-2.2271895158740165,43.788924569519665,88.80597,,,1.139240506329114,0.2421171906900776,39500.0,317.3064516129032,,-53.385965,0.0011634204275534,17.0,0.1923076923076923,3.68,0.0,43.65323401822052,1,0,0,0,0,0,0,0,1,0,0,0,0,0,0,0,0,1,0,0,0
6901028098335,202510,长白山(蓝尚),一类烟,0.0,-1.220358451551533,41.42604450234651,92.857143,75.0,100.0,1.139240506329114,0.2419673438995851,39500.0,251.8823529411765,0.0200945626477541,-87.80597,0.0022224586288416,9.0,0.9193548387096772,7.09,0.0,43.788924569519665,1,0,0,0,0,0,0,0,1,0,0,0,0,0,0,0,0,0,1,0,0
6901028098335,202603,长白山(蓝尚),一类烟,0.0,-0.45000617057537795,43.077109787225744,94.366197,,,1.139240506329114,0.242081047219942,39500.0,135.3754266211604,,-93.822006,0.0054785798816568,185.0,,29.59,17.2,44.14443935332986,1,0,0,0,0,0,0,0,1,0,0,1,0,0,0,0,0,0,0,0,0
6901028098335,202604,长白山(蓝尚),一类烟,0.0,0.9157815064765558,43.69443318275448,96.638655,2.21,83.33,1.139240506329114,0.2421197808426223,39500.0,526.3731343283582,1.0,-93.366197,0.0012617401668653,,-0.7713310580204777,3.93,3.03,43.077109787225744,1,0,0,0,0,0,0,0,1,0,0,0,1,0,0,0,0,0,0,0,0
6901028098335,202605,长白山(蓝尚),一类烟,0.0,0.4235969100015069,43.9928912937023,99.173554,3.0,100.0,1.139240506329114,0.2421199779856907,39500.0,302.6782608695652,0.9987980769230768,-95.638655,0.0021838942307692,2.0,0.7164179104477613,6.25,11.54,43.69443318275448,1,0,0,0,0,0,0,0,1,0,0,0,0,1,0,0,0,0,0,0,0
6901028102094,202502,贵烟(红中支),一类烟,1.0,-0.1944313450690629,64.28494140937036,87.878788,,,1.1406844106463878,0.3088712656165128,65750.0,192.5142857142857,,-91.105263,0.0010906398104265,18.0,,3.67,12.9,64.107489855547,1,0,0,0,0,0,0,0,1,0,1,0,0,0,0,0,0,0,0,0,0
6901028102094,202503,贵烟(红中支),一类烟,0.0,-0.45310436248917085,63.91305851047794,86.363636,89.41,100.0,1.1406844106463878,0.3088816048249639,65750.0,129.32758620689654,0.2009456264775413,-86.878788,0.001803073286052,,0.657142857142857,,,64.28494140937036,1,0,0,0,0,0,0,0,1,0,0,1,0,0,0,0,0,0,0,0,0
6901028102094,202504,贵烟(红中支),一类烟,0.0,0.30267313334938706,63.83183704688119,100.0,100.0,100.0,1.1406844106463878,0.3089093456073644,65750.0,267.10526315789474,0.0047337278106508,-85.363636,0.0011827218934911,,-0.3448275862068966,2.25,0.0,63.91305851047794,1,0,0,0,0,0,0,0,1,0,0,0,1,0,0,0,0,0,0,0,0
6901028102094,202505,贵烟(红中支),一类烟,0.0,0.44612751513508897,64.21573164382733,96.0,100.0,100.0,1.1406844106463878,0.3089091385866002,65750.0,296.51724137931035,0.0248815165876777,-99.0,0.0009036729857819,8.0,-0.2368421052631578,1.78,0.0,63.83183704688119,1,0,0,0,0,0,0,0,1,0,0,0,0,1,0,0,0,0,0,0,0
6901028104241,202502,哈尔滨(老巴夺),三类烟,0.0,-0.046752881951803715,43.80253579204773,98.591549,,,1.134020618556701,0.2421330743562926,24250.0,102.79951690821257,,-96.183099,0.0047580568720379,5.0,,49.05,0.0,43.7652257439608,0,1,0,0,0,0,0,1,0,0,1,0,0,0,0,0,0,0,0,0,0
6901028104241,202503,哈尔滨(老巴夺),三类烟,0.0,-2.2854094595430468,43.718472862008994,98.142415,82.16,100.0,1.134020618556701,0.2421330387825233,24250.0,89.27460317460317,0.1312056737588652,-97.591549,0.0072234042553191,,0.5217391304347827,,,43.80253579204773,0,1,0,0,0,0,0,1,0,0,0,1,0,0,0,0,0,0,0,0,0
6901028104241,202504,哈尔滨(老巴夺),三类烟,1.0,-0.4787376370280896,41.51712633250468,88.888889,,,1.134020618556701,0.2421447851962665,24250.0,121.01261829652996,,-97.142415,0.0036389349112426,,-0.4968253968253968,13.61,0.0,43.718472862008994,0,1,0,0,0,0,0,1,0,0,0,0,1,0,0,0,0,0,0,0,0
6901028104241,202505,哈尔滨(老巴夺),三类烟,0.0,2.0829280558301946,43.239735224980905,98.561151,82.5,94.12,1.134020618556701,0.2421443298969072,24250.0,918.725,0.0236966824644549,-87.888889,0.0004597156398104,,-0.8738170347003155,2.37,0.0,41.51712633250468,0,1,0,0,0,0,0,1,0,0,0,0,0,1,0,0,0,0,0,0,0
6901028104241,202506,哈尔滨(老巴夺),三类烟,0.0,0.7635590181982295,43.600054388334875,98.198198,66.67,86.67,1.134020618556701,0.242144630897735,24250.0,294.4890510948905,0.025,-97.561151,0.0015820238095238,5.0,2.4250000000000003,8.21,0.0,43.239735224980905,0,1,0,0,0,0,0,1,0,0,0,0,0,0,1,0,0,0,0,0,0
6901028104241,202507,哈尔滨(老巴夺),三类烟,0.0,-2.531783677784489,44.003294243179134,98.432056,45.42,95.08,1.134020618556701,0.2421483968599262,24250.0,164.3188073394495,0.3126491646778043,-97.198198,0.0050467780429594,,2.182481751824817,26.01,0.0,43.600054388334875,0,1,0,0,0,0,0,1,0,0,0,0,0,0,0,1,0,0,0,0,0
6901028104241,202508,哈尔滨(老巴夺),三类烟,0.0,-0.00021436263915575182,41.06827071055039,12.698413,33.98,94.44,1.134020618556701,0.2421618465468479,24250.0,9.539233038348083,0.1221826809015421,-97.432056,0.0195035587188612,35.0,2.887614678899083,88.14,14.4,44.003294243179134,0,1,0,0,0,0,0,1,0,0,0,0,0,0,0,0,1,0,0,0,0
6901028104302,202505,龙烟(老巴夺传琦),一类烟,0.0,0.5526840556065906,54.66910525057796,90.322581,,,1.1555555555555554,0.2754895622895623,56250.0,232.03030303030303,,-90.666667,0.0008797393364928,,,2.01,0.0,55.38993794866794,1,0,0,0,0,0,0,0,1,0,0,0,0,1,0,0,0,0,0,0,0
6901028104302,202506,龙烟(老巴夺传琦),一类烟,0.0,0.512293901993786,55.94262200427453,99.58159,,,1.1555555555555554,0.2754904761904762,56250.0,493.3571428571428,,-89.322581,0.00075,,-0.1515151515151515,1.79,0.0,54.66910525057796,1,0,0,0,0,0,0,0,1,0,0,0,0,0,1,0,0,0,0,0,0
6901028104302,202507,龙烟(老巴夺传琦),一类烟,0.0,-0.9484752660491722,55.18139915257174,100.0,,,1.1555555555555554,0.2754894491129785,56250.0,31.726890756302524,,-98.58159,0.006390214797136,,7.5,14.56,0.0,55.94262200427453,1,0,0,0,0,0,0,0,1,0,0,0,0,0,0,1,0,0,0,0,0
6901028104302,202508,龙烟(老巴夺传琦),一类烟,0.0,-10.916114031313924,54.99414673822536,47.368421,,,1.1555555555555554,0.2754895238095238,56250.0,307.6,,-99.0,0.0018683274021352,7.0,-0.7058823529411764,4.27,0.0,55.18139915257174,1,0,0,0,0,0,0,0,1,0,0,0,0,0,0,0,1,0,0,0,0
6901028104302,202602,龙烟(老巴夺传琦),一类烟,1.0,-0.2658058894651134,54.223895952480405,95.522388,,,1.1555555555555554,0.2755011189175123,56250.0,91.07962529274003,,-97.842593,0.0113698224852071,1.0,,21.66,53.01,55.78233599778828,1,0,0,0,0,0,0,0,1,0,1,0,0,0,0,0,0,0,0,0,0
6901028104302,202603,龙烟(老巴夺传琦),一类烟,0.0,-2.067848641948842,55.51653010832317,95.27897,,,1.1555555555555554,0.2755111111111111,56250.0,656.9374999999999,,-94.522388,0.001710213776722,,-0.8501170960187354,7.6,0.0,54.223895952480405,1,0,0,0,0,0,0,0,1,0,0,1,0,0,0,0,0,0,0,0,0
6901028104302,202604,龙烟(老巴夺传琦),一类烟,0.0,-1.0370277568724333,52.15604731053156,96.153846,,,1.1555555555555554,0.2754898898898898,56250.0,186.1891891891892,,-94.27897,0.005953516090584,9.0,2.46875,6.44,35.19,55.51653010832317,1,0,0,0,0,0,0,0,1,0,0,0,1,0,0,0,0,0,0,0,0
6901028104302,202605,龙烟(老巴夺传琦),一类烟,0.0,0.7419651484685232,54.47950235145073,96.491228,100.0,100.0,1.1555555555555554,0.2755111111111111,56250.0,1406.32,0.0096153846153846,-95.153846,0.0006760817307692,7.0,-0.8873873873873874,3.0,0.0,52.15604731053156,1,0,0,0,0,0,0,0,1,0,0,0,0,1,0,0,0,0,0,0,0
6901028104302,202606,龙烟(老巴夺传琦),一类烟,1.0,-8.512667985981643,52.898012459000086,83.333333,100.0,100.0,1.1555555555555554,0.2754925252525252,56250.0,562.290909090909,0.0072289156626506,-95.491228,0.0014909638554216,2.0,1.1999999999999995,2.53,28.57,54.47950235145073,1,0,0,0,0,0,0,0,1,0,0,0,0,0,1,0,0,0,0,0,0
6901028107150,202505,钻石(双中支荷花),一类烟,1.0,-1.697538002823194,67.43680986745932,88.888889,100.0,100.0,1.1792452830188678,0.3088948787061994,95400.0,224.0285714285714,0.0473933649289099,-93.594595,0.0015824644549763,,,2.13,0.0,67.60801648433889,1,0,0,0,0,0,0,0,1,0,0,0,0,1,0,0,0,0,0,0,0
6901028107150,202506,钻石(双中支荷花),一类烟,0.0,-0.13531619961840136,65.9104784815157,100.0,,,1.1792452830188678,0.3089011180992313,95400.0,286.75,,-87.888889,0.0010902857142857,,-0.3142857142857144,1.43,0.0,67.43680986745932,1,0,0,0,0,0,0,0,1,0,0,0,0,0,1,0,0,0,0,0,0
6901028111270,202502,南京(炫赫门),二类烟,0.0,-3.8409430198631824,45.64580571874928,97.478992,100.0,100.0,1.1612903225806452,0.2421290322580645,38750.0,102.047193877551,0.0047393364928909,-96.938788,0.0287962085308056,432.0,,92.54,88.22,46.29811537174193,0,0,1,0,0,0,0,0,1,0,1,0,0,0,0,0,0,0,0,0,0
6901028111270,202503,南京(炫赫门),二类烟,1.0,0.513000113290154,42.45717235187875,88.157895,,,1.1612903225806452,0.2421260659992584,38750.0,338.12068965517244,,-96.478992,0.0127517730496453,,-0.556122448979592,,,45.64580571874928,0,0,1,0,0,0,0,0,1,0,0,1,0,0,0,0,0,0,0,0,0
6901028111270,202505,南京(炫赫门),二类烟,1.0,0.1197791521447229,,0.0,100.0,100.0,1.1612903225806452,0.2420862988888345,38750.0,147.89833080424887,0.0047393364928909,-98.546828,0.0242049763033175,12.0,5.557213930348259,78.2,0.0,46.158805832039434,0,0,1,0,0,0,0,0,1,0,0,0,0,1,0,0,0,0,0,0,0
6901028111270,202507,南京(炫赫门),二类烟,0.0,-0.013527425906076473,46.375291893037186,97.111913,,,1.1612903225806452,0.242117774131234,38750.0,107.90405666452028,,-97.728544,0.0287249403341288,15.0,inf,92.72,0.0,46.27858498418416,0,0,1,0,0,0,0,0,1,0,0,0,0,0,0,1,0,0,0,0,0
6901028111270,202508,南京(炫赫门),二类烟,0.0,-0.009064018626283143,46.26505755827808,98.85,,,1.1612903225806452,0.2421224967022424,38750.0,73.36988847583642,,-96.111913,0.0197841043890865,2.0,-0.3071474565357371,63.82,0.0,46.375291893037186,0,0,1,0,0,0,0,0,1,0,0,0,0,0,0,0,1,0,0,0,0
6901028111270,202509,南京(炫赫门),二类烟,0.0,0.02950234578693056,46.3662278744109,97.953795,,,1.1612903225806452,0.2421278900908839,38750.0,113.90338897319172,,-97.85,0.0363937054631829,11.0,0.8373605947955389,78.15,45.44,46.26505755827808,0,0,1,0,0,0,0,0,1,0,0,0,0,0,0,0,0,1,0,0,0
6901028111270,202510,南京(炫赫门),二类烟,0.0,-0.4344761573862499,46.29455990406501,96.782842,,,1.1612903225806452,0.2421080775584732,38750.0,75.09097035040432,,-96.953795,0.0271891252955082,15.0,-0.2493677288821447,76.83,7.23,46.3662278744109,0,0,1,0,0,0,0,0,1,0,0,0,0,0,0,0,0,0,1,0,0
6901028111270,202511,南京(炫赫门),二类烟,0.0,0.22740999328159717,45.93175171702465,98.588235,,,1.1612903225806452,0.2420873916540076,38750.0,98.81994459833795,,-95.782842,0.0066062573789846,1.0,-0.7567385444743935,19.72,0.0,46.29455990406501,0,0,1,0,0,0,0,0,1,0,0,0,0,0,0,0,0,0,0,1,0
6901028111270,202512,南京(炫赫门),二类烟,0.0,0.561551197344599,46.52196989734661,99.668874,,,1.1612903225806452,0.2421092462853183,38750.0,232.67064439140813,,-97.588235,0.0152991755005889,2.0,1.3213296398891967,48.17,0.0,45.93175171702465,0,0,1,0,0,0,0,0,1,0,0,0,0,0,0,0,0,0,0,0,1
6901028111270,202602,南京(炫赫门),二类烟,1.0,-0.6334190783294318,,0.0,100.0,100.0,1.1612903225806452,0.2421181204850641,38750.0,30.128446536650973,0.0177514792899408,-97.640133,0.0545526627218934,7.0,3.940199335548173,90.77,82.01,46.49330291436925,0,0,1,0,0,0,0,0,1,0,1,0,0,0,0,0,0,0,0,0,0
6901028111270,202604,南京(炫赫门),二类烟,0.0,0.5783919909063115,46.27339843667745,99.503722,,,1.1612903225806452,0.2421287359727417,38750.0,260.82893226176805,,-98.656751,0.0160911799761621,,inf,38.02,33.86,45.85988383603982,0,0,1,0,0,0,0,0,1,0,0,0,1,0,0,0,0,0,0,0,0
6901028111270,202605,南京(炫赫门),二类烟,0.0,0.1979324415550039,46.43827582694613,99.674721,66.0,94.12,1.1612903225806452,0.2421208269648459,38750.0,110.1147132169576,0.0300480769230769,-98.503722,0.0373527644230769,2.0,1.3019517795637197,73.68,60.03,46.27339843667745,0,0,1,0,0,0,0,0,1,0,0,0,0,1,0,0,0,0,0,0,0
6901028111270,202606,南京(炫赫门),二类烟,0.0,0.0006511998766214333,46.47133087823245,99.368687,60.0,100.0,1.1612903225806452,0.242125874125874,38750.0,50.9109557109557,0.0120481927710843,-98.674721,0.0400572289156626,13.0,0.0698254364089776,85.66,46.13,46.43827582694613,0,0,1,0,0,0,0,0,1,0,0,0,0,0,1,0,0,0,0,0,0
6901028111546,202602,南京(雨花石),一类烟,0.0,0.294582650189227,63.476322610615995,100.0,96.67,100.0,1.162790697674419,0.3088854760860026,113950.0,500.63265306122446,0.0177514792899408,-95.078431,0.0026431005917159,15.0,,1.78,100.0,65.31411345312203,1,0,0,0,0,0,0,0,1,0,1,0,0,0,0,0,0,0,0,0,0
6901028111546,202604,南京(雨花石),一类烟,0.0,1.564579378528066,65.60869610331126,100.0,100.0,100.0,1.162790697674419,0.3088854760860026,113950.0,1166.642857142857,0.004750593824228,-99.0,0.000757862232779,,-0.7142857142857143,1.66,0.0,63.476322610615995,1,0,0,0,0,0,0,0,1,0,0,0,1,0,0,0,0,0,0,0,0
6901028111546,202605,南京(雨花石),一类烟,0.0,-1.2309778828634848,65.04090198914406,100.0,73.53,92.31,1.162790697674419,0.3088961133937,113950.0,395.030303030303,0.0408653846153846,-99.0,0.001807860576923,6.0,1.3571428571428572,2.04,0.0,65.60869610331126,1,0,0,0,0,0,0,0,1,0,0,0,0,1,0,0,0,0,0,0,0
6901028112505,202512,南京(大观园爆冰),一类烟,1.0,-1.884771745403448,,0.0,,,1.1406844106463878,0.3056317636735888,65750.0,255.34615384615387,,-88.655172,0.000805418138987,13.0,,1.53,0.0,62.96470601332681,1,0,0,0,0,0,0,0,1,0,0,0,0,0,0,0,0,0,0,0,1
6901028112505,202602,南京(大观园爆冰),一类烟,0.0,0.28935444975392244,40.69238478090406,100.0,100.0,100.0,1.1406844106463878,0.3082273502032253,65750.0,1219.8620689655172,0.0023668639053254,-86.878788,0.0009026035502958,6.0,inf,1.78,93.33,61.07993426792336,1,0,0,0,0,0,0,0,1,0,1,0,0,0,0,0,0,0,0,0,0
6901028112505,202604,南京(大观园爆冰),一类烟,0.0,2.247450344311318,63.34753276825082,100.0,,,1.1406844106463878,0.3058086185044359,65750.0,852.7,,-99.0,0.0009404052443384,2.0,6.5,1.79,0.0,61.369288717677286,1,0,0,0,0,0,0,0,1,0,0,0,1,0,0,0,0,0,0,0,0
6901028112505,202605,南京(大观园爆冰),一类烟,1.0,0.564501076135592,63.6167390619886,94.594595,,,1.1406844106463878,0.3080752851711026,65750.0,381.6,,-99.0,0.0015805288461538,14.0,0.6666666666666667,3.13,0.0,63.34753276825082,1,0,0,0,0,0,0,0,1,0,0,0,0,1,0,0,0,0,0,0,0
6901028112505,202606,南京(大观园爆冰),一类烟,0.0,0.1018454161234672,63.912033844386414,100.0,,,1.1406844106463878,0.3087072243346008,65750.0,352.57142857142856,,-93.594595,0.0011090361445783,,-0.2999999999999999,1.69,28.57,63.6167390619886,1,0,0,0,0,0,0,0,1,0,0,0,0,0,1,0,0,0,0,0,0
6901028118187,202502,利群(新版),二类烟,0.0,-1.8500834988543033,41.6837190604011,97.767145,94.38,99.7,1.1180992313067786,0.2467004865313872,35775.0,119.13415094339622,0.957345971563981,-97.623,0.0898613744075829,4.0,,99.05,95.81,43.60860897948954,0,0,1,0,0,0,0,0,1,0,1,0,0,0,0,0,0,0,0,0,0
6901028118187,202503,利群(新版),二类烟,0.0,0.4191519766674787,41.758525480635235,98.909436,,,1.1180992313067786,0.2427507087869056,35775.0,388.3727569331158,,-96.767145,0.020737659574468,,-0.7686792452830189,,,41.6837190604011,0,0,1,0,0,0,0,0,1,0,0,1,0,0,0,0,0,0,0,0,0
6901028118187,202504,利群(新版),二类烟,0.0,0.19027558726421034,42.10287103706858,99.617125,100.0,100.0,1.1180992313067786,0.2422472735946206,35775.0,306.6677852348993,0.072189349112426,-97.909436,0.035326224852071,2.0,0.7014681892332788,97.75,26.51,41.758525480635235,0,0,1,0,0,0,0,0,1,0,0,0,1,0,0,0,0,0,0,0,0
6901028118187,202505,利群(新版),二类烟,0.0,-0.5104149348031157,41.948801067899446,99.420024,75.8,97.76,1.1180992313067786,0.2421499139792192,35775.0,171.31970649895177,0.4822274881516588,-98.617125,0.0485251421800947,2.0,0.3720038350910835,97.16,17.93,42.10287103706858,0,0,1,0,0,0,0,0,1,0,0,0,0,1,0,0,0,0,0,0,0
6901028118187,202506,利群(新版),二类烟,0.0,0.04682852180916086,41.592456102265466,98.642534,96.29,99.41,1.1180992313067786,0.2421208140205249,35775.0,223.99846484494927,0.2083333333333333,-98.420024,0.0554853214285714,1.0,0.1380153738644305,97.98,98.06,41.948801067899446,0,0,1,0,0,0,0,0,1,0,0,0,0,0,1,0,0,0,0,0,0
6901028118187,202507,利群(新版),二类烟,0.0,0.6531545052156389,41.99562958970861,98.766816,,,1.1180992313067786,0.2420697658018066,35775.0,347.6009174311926,,-97.642534,0.0223358949880668,,-0.5984034387473135,78.04,0.0,41.592456102265466,0,0,1,0,0,0,0,0,1,0,0,0,0,0,0,1,0,0,0,0,0
6901028118187,202508,利群(新版),二类烟,0.0,0.19996206792275473,42.245610607481105,98.763688,100.0,100.0,1.1180992313067786,0.2420964043305721,35775.0,204.38081725312148,0.0047449584816132,-97.766816,0.0299101067615658,6.0,0.3470948012232415,83.27,25.78,41.99562958970861,0,0,1,0,0,0,0,0,1,0,0,0,0,0,0,0,1,0,0,0,0
6901028118187,202509,利群(新版),二类烟,0.0,-0.3149658911530935,42.19559165763136,99.425445,,,1.1180992313067786,0.2421032992125118,35775.0,114.53612303290416,,-97.763688,0.0475187173396674,5.0,0.5868331441543699,94.89,69.09,42.245610607481105,0,0,1,0,0,0,0,0,1,0,0,0,0,0,0,0,0,1,0,0,0
6901028118187,202510,利群(新版),二类烟,0.0,-0.2811008398500974,41.93064471632801,99.626726,85.71,94.59,1.1180992313067786,0.2420681759006387,35775.0,128.85388002201432,0.0330969267139479,-98.425445,0.0614687234042553,7.0,0.2997138769670959,97.04,43.85,42.19559165763136,0,0,1,0,0,0,0,0,1,0,0,0,0,0,0,0,0,0,1,0,0
6901028118187,202511,利群(新版),二类烟,0.0,-0.3701391097650557,41.914490817781264,99.371596,60.34,94.44,1.1180992313067786,0.242100138269999,35775.0,228.33608092918692,0.0342384887839433,-98.626726,0.0450925501770956,4.0,-0.2655476059438635,97.76,55.43,41.93064471632801,0,0,1,0,0,0,0,0,1,0,0,0,0,0,0,0,0,0,0,1,0
6901028118187,202512,利群(新版),二类烟,0.0,0.36875329139004975,41.560505606562955,99.724518,100.0,100.0,1.1180992313067786,0.2420716653527115,35775.0,231.1024451939292,0.0082449941107184,-98.371596,0.0399803533568904,3.0,-0.111277632071937,97.06,43.45,41.914490817781264,0,0,1,0,0,0,0,0,1,0,0,0,0,0,0,0,0,0,0,0,1
6901028118187,202601,利群(新版),二类烟,0.0,0.782784166410778,42.283244109171314,99.130113,12.39,100.0,1.1180992313067786,0.2420205126423202,35775.0,353.83839779005524,0.1226415094339622,-98.724518,0.0122175,,-0.6947723440134908,42.69,0.0,41.560505606562955,0,0,1,0,0,0,0,0,1,1,0,0,0,0,0,0,0,0,0,0,0
6901028118187,202602,利群(新版),二类烟,0.0,-0.2013145684384341,42.34328977297373,97.803109,85.27,100.0,1.1180992313067786,0.2421150101586078,35775.0,102.16784914115011,0.4579881656804733,-98.130113,0.0907033846153846,7.0,6.397790055248619,98.22,96.51,42.283244109171314,0,0,1,0,0,0,0,0,1,0,1,0,0,0,0,0,0,0,0,0,0
6901028118187,202603,利群(新版),二类烟,0.0,-0.4654800013628204,42.08192954073288,99.775785,43.92,100.0,1.1180992313067786,0.2421153524069476,35775.0,80.44458571731299,0.3574821852731591,-96.803109,0.0802005819477434,1.0,-0.1189320388349514,98.81,93.51,42.34328977297373,0,0,1,0,0,0,0,0,1,0,0,1,0,0,0,0,0,0,0,0,0
6901028118187,202604,利群(新版),二类烟,0.0,-0.13119613865139712,41.87780977161091,99.6004,73.68,92.86,1.1180992313067786,0.2421047589883714,35775.0,174.0119850187266,0.0441001191895113,-98.775785,0.0455395709177592,,-0.4342021614748887,83.31,71.53,42.08192954073288,0,0,1,0,0,0,0,0,1,0,0,0,1,0,0,0,0,0,0,0,0
6901028118187,202605,利群(新版),二类烟,0.0,0.32819581277884424,41.95073340208148,99.739696,53.06,90.24,1.1180992313067786,0.2421100127776761,35775.0,248.5541624874624,0.1766826923076923,-98.6004,0.0342958413461538,,-0.2531835205992508,75.36,25.2,41.87780977161091,0,0,1,0,0,0,0,0,1,0,0,0,0,1,0,0,0,0,0,0,0
6901028118187,202606,利群(新版),二类烟,0.0,0.3685992624783978,42.20600558438976,99.49594,55.36,100.0,1.1180992313067786,0.2421095490428342,35775.0,222.07655502392345,0.0542168674698795,-98.739696,0.0396369759036144,1.0,0.1529588766298897,94.58,16.05,41.95073340208148,0,0,1,0,0,0,0,0,1,0,0,0,0,0,1,0,0,0,0,0,0
6901028118828,202502,利群(长嘴),一类烟,1.0,-1.379743515174468,,0.0,91.67,100.0,1.1530398322851152,0.2755196847177979,47700.0,146.1525974025974,0.0853080568720379,-97.929336,0.0208885308056872,172.0,,78.32,34.95,55.40233538971702,1,0,0,0,0,0,0,0,1,0,1,0,0,0,0,0,0,0,0,0,0
6901028118828,202504,利群(长嘴),一类烟,0.0,0.781019429052094,55.337238973021826,99.838188,,,1.1530398322851152,0.275524109014675,47700.0,646.6475409836066,,-94.3125,0.0027547455621301,,inf,7.22,0.0,54.02259187454255,1,0,0,0,0,0,0,0,1,0,0,0,1,0,0,0,0,0,0,0,0
6901028118828,202508,利群(长嘴),一类烟,1.0,20.957086484592924,,0.0,,,1.1530398322851152,0.2751965408805031,47700.0,16181.125000000002,,-99.0,0.0001810676156583,,inf,0.47,0.0,30.654723349909187,1,0,0,0,0,0,0,0,1,0,0,0,0,0,0,0,1,0,0,0,0
6901028118828,202510,利群(长嘴),一类烟,0.0,-5.892694615261512,50.946337843240876,100.0,,,1.1530398322851152,0.2752460400652224,47700.0,1490.1527777777778,,-93.736842,0.001623829787234,,inf,4.37,0.0,51.61180983450211,1,0,0,0,0,0,0,0,1,0,0,0,0,0,0,0,0,0,1,0,0
6901028118828,202511,利群(长嘴),一类烟,0.0,-11.92389744576952,45.7191152192406,100.0,,,1.1530398322851152,0.2751527403414196,47700.0,1721.1999999999998,,-99.0,0.0007884297520661,1.0,-0.5138888888888888,2.13,0.0,50.946337843240876,1,0,0,0,0,0,0,0,1,0,0,0,0,0,0,0,0,0,0,1,0
6901028118828,202512,利群(长嘴),一类烟,0.0,9.545526518931297,39.02244039747136,100.0,,,1.1530398322851152,0.2754679544773884,47700.0,3649.714285714285,,-99.0,0.000314628975265,,-0.6000000000000001,0.82,0.0,45.7191152192406,1,0,0,0,0,0,0,0,1,0,0,0,0,0,0,0,0,0,0,0,1
6901028118828,202601,利群(长嘴),一类烟,0.0,15.813243765046849,55.264641738171896,97.813121,33.33,100.0,1.1530398322851152,0.2745208146151542,47700.0,5973.857142857143,0.0070754716981132,-99.0,0.000315,,0.0,0.83,0.0,39.02244039747136,1,0,0,0,0,0,0,0,1,1,0,0,0,0,0,0,0,0,0,0,0
6901028118828,202602,利群(长嘴),一类烟,0.0,-3.4044730030950348,54.835684162518206,97.391304,66.67,100.0,1.1530398322851152,0.2755105801844182,47700.0,195.0650406504065,0.0177514792899408,-96.813121,0.0111093017751479,243.0,34.14285714285714,35.03,58.11,55.264641738171896,1,0,0,0,0,0,0,0,1,0,1,0,0,0,0,0,0,0,0,0,0
6901028118828,202603,利群(长嘴),一类烟,0.0,-0.4166788550983611,51.86016873507686,100.0,73.33,100.0,1.1530398322851152,0.2755238750374363,47700.0,351.9598214285714,0.0178147268408551,-96.391304,0.0050759144893111,17.0,-0.5447154471544715,23.4,11.68,54.835684162518206,1,0,0,0,0,0,0,0,1,0,0,1,0,0,0,0,0,0,0,0,0
6901028118828,202604,利群(长嘴),一类烟,0.0,-0.43813683782849466,54.419005307419845,98.734177,100.0,100.0,1.1530398322851152,0.275524109014675,47700.0,1430.303571428571,0.0035756853396901,-99.0,0.001273516090584,,-0.75,3.34,3.57,51.86016873507686,1,0,0,0,0,0,0,0,1,0,0,0,1,0,0,0,0,0,0,0,0
6901028118828,202605,利群(长嘴),一类烟,0.0,-2.0307204700840913,51.42203189724837,100.0,47.73,90.91,1.1530398322851152,0.275513694027845,47700.0,501.8589743589744,0.0264423076923076,-97.734177,0.0035775,5.0,1.7857142857142856,9.86,0.0,54.419005307419845,1,0,0,0,0,0,0,0,1,0,0,0,0,1,0,0,0,0,0,0,0
6901028118828,202606,利群(长嘴),一类烟,1.0,3.171975973261972,52.38828483733575,96.938776,83.33,100.0,1.1530398322851152,0.275516500980591,47700.0,1588.258064516129,0.0072289156626506,-99.0,0.0014252530120481,,-0.6025641025641026,3.01,24.0,51.42203189724837,1,0,0,0,0,0,0,0,1,0,0,0,0,0,1,0,0,0,0,0,0
6901028119009,202601,利群(西子阳光),一类烟,1.0,2.9227370601708955,59.66055559718686,83.333333,0.0,,1.1248185776487662,0.3089078374455732,68900.0,2771.25,0.0011792452830188,-99.0,0.00013,2.0,,0.24,0.0,55.52950085988129,1,0,0,0,0,0,0,0,1,1,0,0,0,0,0,0,0,0,0,0,0
6901028119009,202602,利群(西子阳光),一类烟,0.0,-3.2395374786697744,58.452237920052184,91.666667,84.1,99.35,1.1248185776487662,0.3088896952104499,68900.0,1272.1999999999998,0.2343195266272189,-82.333333,0.0006523076923076,9.0,4.0,1.18,100.0,59.66055559718686,1,0,0,0,0,0,0,0,1,0,1,0,0,0,0,0,0,0,0,0,0
6901028119009,202603,利群(西子阳光),一类烟,0.0,3.069541719084512,56.42101811851708,100.0,38.19,100.0,1.1248185776487662,0.3088896952104499,68900.0,1710.0909090909092,0.5118764845605701,-90.666667,0.0003600475059382,,-0.45,1.31,0.0,58.452237920052184,1,0,0,0,0,0,0,0,1,0,0,1,0,0,0,0,0,0,0,0,0
6901028119009,202604,利群(西子阳光),一类烟,0.0,0.8213824214204379,61.521779639136696,100.0,88.89,93.75,1.1248185776487662,0.3089078374455732,68900.0,2448.1666666666665,0.0417163289630512,-99.0,0.0001970917759237,3.0,-0.4545454545454545,0.36,0.0,56.42101811851708,1,0,0,0,0,0,0,0,1,0,0,0,1,0,0,0,0,0,0,0,0
6901028119009,202605,利群(西子阳光),一类烟,0.0,0.7463663056995316,57.24240053993752,100.0,79.79,97.37,1.1248185776487662,0.308906973529615,68900.0,599.5714285714286,0.0564903846153846,-99.0,0.000695625,5.0,2.5,1.32,0.0,61.521779639136696,1,0,0,0,0,0,0,0,1,0,0,0,0,1,0,0,0,0,0,0,0
6901028119009,202606,利群(西子阳光),一类烟,0.0,-19.12553867736787,62.26814594483623,98.333333,75.56,100.0,1.1248185776487662,0.3089078374455732,68900.0,2150.5,0.0542168674698795,-99.0,0.000332048192771,,-0.5238095238095238,0.6,0.0,57.24240053993752,1,0,0,0,0,0,0,0,1,0,0,0,0,0,1,0,0,0,0,0,0
6901028120708,202502,利群(软长嘴),一类烟,0.0,-6.588916525207281,61.18486749800287,96.590909,84.93,100.0,1.1320754716981132,0.3088991190936945,79500.0,135.18910256410257,0.518957345971564,-96.652582,0.0235109004739336,319.0,,52.25,26.98,63.47465834275843,1,0,0,0,0,0,0,0,1,0,1,0,0,0,0,0,0,0,0,0,0
6901028120708,202503,利群(软长嘴),一类烟,1.0,1.8543235479633964,56.88574181755115,93.023256,98.2,100.0,1.1320754716981132,0.3088790233074362,79500.0,962.8235294117646,0.1312056737588652,-95.590909,0.0031950354609929,,-0.8637820512820513,,,61.18486749800287,1,0,0,0,0,0,0,0,1,0,0,1,0,0,0,0,0,0,0,0,0
6901028120708,202504,利群(软长嘴),一类烟,0.0,2.452717428210704,63.03919104596627,99.435028,97.14,100.0,1.1320754716981132,0.3088805031446541,79500.0,2520.975,0.0828402366863905,-92.023256,0.0015053254437869,,-0.5294117647058824,2.37,0.0,56.88574181755115,1,0,0,0,0,0,0,0,1,0,0,0,1,0,0,0,0,0,0,0,0
6901028120708,202509,利群(软长嘴),一类烟,0.0,14.250461692053364,61.4267201944557,96.0,,,1.1320754716981132,0.3087657232704402,79500.0,6652.999999999999,,-27.571429,0.0003021377672209,,,0.48,0.0,45.44947052872281,1,0,0,0,0,0,0,0,1,0,0,0,0,0,0,0,0,1,0,0,0
6901028120708,202602,利群(软长嘴),一类烟,0.0,-1.1151912822821899,63.441767034623965,99.227799,,,1.1320754716981132,0.3087876783248964,79500.0,252.765243902439,,-97.203593,0.0123436686390532,136.0,,18.22,40.91,63.11687022102554,1,0,0,0,0,0,0,0,1,0,1,0,0,0,0,0,0,0,0,0,0
6901028120708,202603,利群(软长嘴),一类烟,0.0,-1.2638876164008082,62.00167893874335,98.461538,39.03,100.0,1.1320754716981132,0.3088230183784842,79500.0,138.85603112840465,0.3574821852731591,-98.227799,0.0097061757719714,100.0,-0.2164634146341463,29.22,4.47,63.441767034623965,1,0,0,0,0,0,0,0,1,0,0,1,0,0,0,0,0,0,0,0,0
6901028120708,202604,利群(软长嘴),一类烟,0.0,-0.11763874651050799,62.17787941822316,100.0,90.0,100.0,1.1320754716981132,0.3088379520440251,79500.0,662.359375,0.0226460071513706,-97.461538,0.0024257449344457,1.0,-0.7509727626459144,3.81,3.13,62.00167893874335,1,0,0,0,0,0,0,0,1,0,0,0,1,0,0,0,0,0,0,0,0
6901028120708,202605,利群(软长嘴),一类烟,0.0,1.3647381908312184,61.884040192232845,100.0,73.75,94.74,1.1320754716981132,0.3088498951781971,79500.0,599.8000000000001,0.0276442307692307,-99.0,0.0028665865384615,,0.171875,4.57,0.0,62.17787941822316,1,0,0,0,0,0,0,0,1,0,0,0,0,1,0,0,0,0,0,0,0
6901028120708,202606,利群(软长嘴),一类烟,1.0,1.193629978141864,63.542617609054375,96.396396,50.0,100.0,1.1320754716981132,0.3088753237143914,79500.0,709.0441176470588,0.0216867469879518,-99.0,0.0026053012048192,3.0,-0.0933333333333332,4.1,0.0,61.884040192232845,1,0,0,0,0,0,0,0,1,0,0,0,0,0,1,0,0,0,0,0,0
6901028121736,202502,利群(楼外楼),一类烟,0.0,-0.5284139051037045,53.82497875827356,98.198198,,,1.1428571428571428,0.2755428571428571,43750.0,114.89784946236558,,-98.465241,0.00771327014218,13.0,,44.08,0.0,54.550039712182105,1,0,0,0,0,0,0,0,1,0,1,0,0,0,0,0,0,0,0,0,0
6901028121736,202503,利群(楼外楼),一类烟,0.0,0.8615942909701744,54.0216258070784,96.453901,,,1.1428571428571428,0.2755276539973788,43750.0,376.0091743119266,,-97.198198,0.0022547281323877,,-0.706989247311828,,,53.82497875827356,1,0,0,0,0,0,0,0,1,0,0,1,0,0,0,0,0,0,0,0,0
6901028121828,202602,利群(江南韵),一类烟,0.0,-2.607515160913934,55.84632382608818,98.979592,98.72,100.0,1.1555555555555554,0.2755084010840108,56250.0,91.54878048780488,0.3088757396449704,-98.393939,0.0087337278106508,182.0,,21.66,34.43,55.783220562619995,1,0,0,0,0,0,0,0,1,0,1,0,0,0,0,0,0,0,0,0,0
6901028121828,202603,利群(江南韵),一类烟,0.0,-1.517779221548473,53.17570540170606,100.0,60.6,100.0,1.1555555555555554,0.2755111111111111,56250.0,68.97422680412372,0.2351543942992874,-97.979592,0.0051840855106888,27.0,-0.4085365853658537,21.02,9.6,55.84632382608818,1,0,0,0,0,0,0,0,1,0,0,1,0,0,0,0,0,0,0,0,0
6901028121828,202604,利群(江南韵),一类烟,0.0,-4.498900694554997,54.32854460453971,100.0,80.9,97.18,1.1555555555555554,0.2754888888888889,56250.0,1034.388888888889,0.102502979737783,-99.0,0.0009654350417163,,-0.8144329896907216,2.03,5.88,53.17570540170606,1,0,0,0,0,0,0,0,1,0,0,0,1,0,0,0,0,0,0,0,0
6901028121828,202605,利群(江南韵),一类烟,0.0,-3.5054520106766915,48.676804707151064,100.0,66.67,97.26,1.1555555555555554,0.2754892655367231,56250.0,616.6440677966102,0.1298076923076923,-99.0,0.0015955528846153,,0.6388888888888888,2.28,57.89,54.32854460453971,1,0,0,0,0,0,0,0,1,0,0,0,0,1,0,0,0,0,0,0,0
6901028121828,202606,利群(江南韵),一类烟,0.0,6.468955787756705,50.82309259386302,100.0,67.78,96.77,1.1555555555555554,0.2754888888888889,56250.0,2664.777777777778,0.0542168674698795,-99.0,0.0004879518072289,3.0,-0.6949152542372881,1.08,0.0,48.676804707151064,1,0,0,0,0,0,0,0,1,0,0,0,0,0,1,0,0,0,0,0,0
6901028123266,202502,黄山(硬记忆),三类烟,0.0,-9.759227904826304,41.91533611611089,94.067797,87.5,100.0,1.1363636363636365,0.2421550671550671,22000.0,56.158730158730165,0.0710900473933649,-97.555957,0.0085393364928909,317.0,,93.6,0.0,44.11805961639625,0,1,0,0,0,0,0,1,0,0,1,0,0,0,0,0,0,0,0,0,0
6901028123266,202503,黄山(硬记忆),三类烟,1.0,1.9734545241465185,34.35883171156995,85.106383,90.12,100.0,1.1363636363636365,0.2421590909090909,22000.0,854.8558558558558,0.0721040189125295,-93.067797,0.001154609929078,,-0.8644688644688645,,,41.91533611611089,0,1,0,0,0,0,0,1,0,0,0,1,0,0,0,0,0,0,0,0,0
6901028123266,202505,黄山(硬记忆),三类烟,1.0,0.01613975475117968,,0.0,37.69,98.04,1.1363636363636365,0.2421024978984027,22000.0,133.5442536327609,0.1587677725118483,-98.474376,0.0078928909952606,1.0,17.925,45.02,0.0,43.88879064025741,0,1,0,0,0,0,0,1,0,0,0,0,0,1,0,0,0,0,0,0,0
6901028124058,202502,黄山(黑马细支),一类烟,0.0,-0.11993218831536012,55.42115337881578,96.052632,,,1.1555555555555554,0.2755111111111111,56250.0,61.43809523809524,,-98.056604,0.0027991706161137,55.0,,6.52,90.91,55.86711905339114,1,0,0,0,0,0,0,0,1,0,1,0,0,0,0,0,0,0,0,0,0
6901028124058,202503,黄山(黑马细支),一类烟,0.0,0.25117521649514885,55.74718686507578,97.916667,,,1.1555555555555554,0.2755111111111111,56250.0,223.054794520548,,-95.052632,0.0019414893617021,,-0.3047619047619048,,,55.42115337881578,1,0,0,0,0,0,0,0,1,0,0,1,0,0,0,0,0,0,0,0,0
6901028124058,202504,黄山(黑马细支),一类烟,0.0,0.05520369019996707,55.67232859531093,100.0,,,1.1555555555555554,0.2754893617021276,56250.0,102.54255319148936,,-96.916667,0.0025029585798816,,0.2876712328767123,5.68,0.0,55.74718686507578,1,0,0,0,0,0,0,0,1,0,0,0,1,0,0,0,0,0,0,0,0
6901028124058,202505,黄山(黑马细支),一类烟,0.0,-0.5182650709409202,55.80239055527575,98.275862,,,1.1555555555555554,0.275489108910891,56250.0,129.64356435643563,,-99.0,0.0026925355450236,51.0,0.074468085106383,6.04,0.0,55.67232859531093,1,0,0,0,0,0,0,0,1,0,0,0,0,1,0,0,0,0,0,0,0
6901028124058,202509,黄山(黑马细支),一类烟,0.0,2.0226688753598907,53.80019141673983,98.113208,,,1.1555555555555554,0.2754888888888889,56250.0,1087.625,,-60.538462,0.000855106888361,,,1.43,33.33,53.02880549403041,1,0,0,0,0,0,0,0,1,0,0,0,0,0,0,0,0,1,0,0,0
6901028124058,202510,黄山(黑马细支),一类烟,0.0,-6.058782580759313,55.0514743693903,100.0,,,1.1555555555555554,0.2754888888888889,56250.0,808.0769230769232,,-97.113208,0.0013829787234042,,0.625,3.07,0.0,53.80019141673983,1,0,0,0,0,0,0,0,1,0,0,0,0,0,0,0,0,0,1,0,0
6901028124058,202511,黄山(黑马细支),一类烟,0.0,-1.6479191886258704,47.741408835980515,96.428571,41.67,66.67,1.1555555555555554,0.2754894362342638,56250.0,354.6748768472906,0.0070838252656434,-99.0,0.005392561983471,33.0,2.903846153846154,9.8,25.3,55.0514743693903,1,0,0,0,0,0,0,0,1,0,0,0,0,0,0,0,0,0,0,1,0
6901028124058,202512,黄山(黑马细支),一类烟,0.0,7.884656916523312,53.40355518076443,100.0,100.0,100.0,1.1555555555555554,0.2754897119341564,56250.0,3003.851851851852,0.0047114252061248,-95.428571,0.0007155477031802,,-0.8669950738916257,1.18,40.0,47.741408835980515,1,0,0,0,0,0,0,0,1,0,0,0,0,0,0,0,0,0,0,0,1
6901028124058,202601,黄山(黑马细支),一类烟,0.0,1.9779422899117236,55.62606575250383,98.002497,,,1.1555555555555554,0.2754908496732026,56250.0,952.029411764706,,-99.0,0.0018042452830188,20.0,1.5185185185185186,4.36,0.0,53.40355518076443,1,0,0,0,0,0,0,0,1,1,0,0,0,0,0,0,0,0,0,0,0
6901028124058,202602,黄山(黑马细支),一类烟,0.0,-0.06216173059322472,55.38149747067615,98.153034,68.33,100.0,1.1555555555555554,0.2754985987261146,56250.0,147.43821656050957,0.0177514792899408,-97.002497,0.0209023668639053,140.0,10.544117647058822,27.1,63.76,55.62606575250383,1,0,0,0,0,0,0,0,1,0,1,0,0,0,0,0,0,0,0,0,0
6901028124058,202603,黄山(黑马细支),一类烟,0.0,-0.7599994373164805,55.5639040219106,96.962025,17.57,100.0,1.1555555555555554,0.2754902031063321,56250.0,235.15860215053763,0.1223277909738717,-97.153034,0.0099406175771971,18.0,-0.5261146496815288,15.44,51.54,55.38149747067615,1,0,0,0,0,0,0,0,1,0,0,1,0,0,0,0,0,0,0,0,0
6901028124058,202604,黄山(黑马细支),一类烟,0.0,-0.6357203648409069,54.62149803335967,97.435897,35.0,92.11,1.1555555555555554,0.275490803597331,56250.0,169.12010443864227,0.1275327771156138,-95.962025,0.0102711561382598,9.0,0.0295698924731182,10.37,40.23,55.5639040219106,1,0,0,0,0,0,0,0,1,0,0,0,1,0,0,0,0,0,0,0,0
6901028124058,202605,黄山(黑马细支),一类烟,1.0,-0.10884523621088249,54.928183657069695,93.333333,23.8,80.0,1.1555555555555554,0.2754908382066277,56250.0,510.64912280701753,0.3100961538461538,-96.435897,0.0030829326923076,8.0,-0.7023498694516972,5.53,34.78,54.62149803335967,1,0,0,0,0,0,0,0,1,0,0,0,0,1,0,0,0,0,0,0,0
6901028124058,202606,黄山(黑马细支),一类烟,0.0,-1.3844559353394814,54.51265279714879,100.0,25.33,86.05,1.1555555555555554,0.2754913580246914,56250.0,399.5634920634921,0.1554216867469879,-92.333333,0.0034156626506024,3.0,0.1052631578947367,3.86,40.63,54.928183657069695,1,0,0,0,0,0,0,0,1,0,0,0,0,0,1,0,0,0,0,0,0
6901028125970,202502,黄山(徽商新概念细支),一类烟,0.0,-1.5988604854680943,64.49593929748218,100.0,97.45,100.0,1.179245283018868,0.3089033018867924,84800.0,179.9391891891892,0.9585308056872038,-91.5,0.0059480568720379,100.0,,17.54,0.0,67.73219747324428,1,0,0,0,0,0,0,0,1,0,1,0,0,0,0,0,0,0,0,0,0
6901028125970,202503,黄山(徽商新概念细支),一类烟,0.0,2.408479328897954,66.13333698777619,95.0,89.0,100.0,1.179245283018868,0.3089033018867924,84800.0,1352.75,0.1182033096926714,-99.0,0.000801891252955,,-0.8648648648648649,,,64.49593929748218,1,0,0,0,0,0,0,0,1,0,0,1,0,0,0,0,0,0,0,0,0
6901028125970,202504,黄山(徽商新概念细支),一类烟,0.0,0.9468949353947949,66.90441862638014,97.402597,94.29,99.75,1.179245283018868,0.3088885613207547,84800.0,757.7631578947369,0.9940828402366864,-94.0,0.0015253964497041,,0.8999999999999999,2.25,0.0,66.13333698777619,1,0,0,0,0,0,0,0,1,0,0,0,1,0,0,0,0,0,0,0,0
6901028125970,202511,黄山(徽商新概念细支),一类烟,0.0,17.389000975173225,54.50794115581616,100.0,,,1.179245283018868,0.308873820754717,84800.0,8617.0,,-99.0,0.0002002361275088,,,0.35,0.0,44.442120833836555,1,0,0,0,0,0,0,0,1,0,0,0,0,0,0,0,0,0,0,1,0
6901028125970,202601,黄山(徽商新概念细支),一类烟,1.0,5.010577773911585,61.83112180900978,91.111111,,,1.179245283018868,0.3088756633254717,84800.0,4969.375,,-99.0,0.000639246171967,,2.2,0.47,100.0,54.50794115581616,1,0,0,0,0,0,0,0,1,1,0,0,0,0,0,0,0,0,0,0,0
6901028125970,202602,黄山(徽商新概念细支),一类烟,0.0,4.513485326638751,59.51851892972775,100.0,,,1.179245283018868,0.3088946732627703,84800.0,2317.5365853658536,,-90.111111,0.0016458224852071,2.0,1.5625,1.54,92.31,61.83112180900978,1,0,0,0,0,0,0,0,1,0,1,0,0,0,0,0,0,0,0,0,0
6901028125970,202603,黄山(徽商新概念细支),一类烟,0.0,8.125567205389572,66.34460713564853,100.0,16.85,100.0,1.179245283018868,0.308895364658926,84800.0,3155.692307692308,1.0,-99.0,0.0010474109263657,19.0,-0.3658536585365854,2.97,0.0,59.51851892972775,1,0,0,0,0,0,0,0,1,0,0,1,0,0,0,0,0,0,0,0,0
6901028125970,202604,黄山(徽商新概念细支),一类烟,0.0,0.4637133013763872,67.64408613511732,98.429319,61.81,97.12,1.179245283018868,0.3088830096790003,84800.0,680.5974025974026,0.8092967818831943,-99.0,0.0031130393325387,18.0,1.9615384615384617,4.53,5.26,66.34460713564853,1,0,0,0,0,0,0,0,1,0,0,0,1,0,0,0,0,0,0,0,0
6901028125970,202605,黄山(徽商新概念细支),一类烟,0.0,-4.649095554818572,66.80832043702492,99.137931,47.31,92.39,1.179245283018868,0.3088844841429145,84800.0,209.82978723404256,0.8545673076923077,-97.429319,0.0076646153846153,52.0,1.4415584415584417,9.62,30.0,67.64408613511732,1,0,0,0,0,0,0,0,1,0,0,0,0,1,0,0,0,0,0,0,0
6901028125970,202606,黄山(徽商新概念细支),一类烟,1.0,-3.5518867366818583,62.99499058029875,60.714286,,100.0,1.179245283018868,0.3088861259228876,84800.0,512.8869565217391,,-98.137931,0.0046997590361445,6.0,-0.3882978723404254,5.18,46.51,66.80832043702492,1,0,0,0,0,0,0,0,1,0,0,0,0,0,1,0,0,0,0,0,0
6901028126007,202502,黄山(新一品),三类烟,1.0,-0.060690390621473966,38.40544752761508,84.761905,,,1.1267605633802815,0.2421160513350769,15375.0,80.82418952618453,,-96.56691,0.0058439573459715,12.0,,93.48,0.0,43.14666604438134,0,1,0,0,0,0,0,1,0,0,1,0,0,0,0,0,0,0,0,0,0
6901028126007,202503,黄山(新一品),三类烟,0.0,4.602584537773652,43.08597565375987,99.622642,94.15,100.0,1.1267605633802815,0.2421138211382114,15375.0,1798.7865168539329,0.5047281323877069,-83.761905,0.0006469858156028,,-0.8890274314214464,,,38.40544752761508,0,1,0,0,0,0,0,1,0,0,0,1,0,0,0,0,0,0,0,0,0
6901028126007,202504,黄山(新一品),三类烟,0.0,-0.06277848662214325,43.00803206538873,99.491741,77.41,98.13,1.1267605633802815,0.2421950192986778,15375.0,111.38194444444444,0.9692307692307692,-98.622642,0.0115285207100591,7.0,16.797752808988765,93.85,0.0,43.08597565375987,0,1,0,0,0,0,0,1,0,0,0,0,1,0,0,0,0,0,0,0,0
6901028126007,202505,黄山(新一品),三类烟,0.0,0.3249703237037309,43.023197167137724,99.628253,68.67,99.55,1.1267605633802815,0.2421950181187635,15375.0,139.62835249042143,1.0,-98.491741,0.0057055094786729,1.0,-0.5056818181818181,46.45,0.0,43.00803206538873,0,1,0,0,0,0,0,1,0,0,0,0,0,1,0,0,0,0,0,0,0
6901028133333,202505,金圣(青瓷细支),一类烟,0.0,-0.4140281165252233,55.50646358992552,93.939394,94.0,100.0,1.1555555555555554,0.2755111111111111,56250.0,4.4562211981566815,0.995260663507109,-94.594714,0.005784952606635,213.0,,25.71,0.0,55.98244476413689,1,0,0,0,0,0,0,0,1,0,0,0,0,1,0,0,0,0,0,0,0
6901028133333,202506,金圣(青瓷细支),一类烟,0.0,-1.7704459914498258,55.56841664761167,100.0,85.49,98.84,1.1555555555555554,0.275489605734767,56250.0,189.80645161290323,0.5964285714285714,-92.939394,0.0008303571428571,,-0.8571428571428572,1.9,0.0,55.50646358992552,1,0,0,0,0,0,0,0,1,0,0,0,0,0,1,0,0,0,0,0,0
6901028133333,202602,金圣(青瓷细支),一类烟,0.0,3.7453971396767756,55.90055138157709,98.373984,90.99,100.0,1.1555555555555554,0.2755111111111111,56250.0,1379.1666666666667,0.9846153846153848,-84.714286,0.0001597633136094,4.0,,0.71,0.0,52.230974311706156,1,0,0,0,0,0,0,0,1,0,1,0,0,0,0,0,0,0,0,0,0
6901028133333,202603,金圣(青瓷细支),一类烟,1.0,-2.5893626065829523,55.97637145138293,95.054945,69.47,99.75,1.1555555555555554,0.2755111111111111,56250.0,49.32231404958678,1.0,-97.373984,0.0032333729216152,116.0,19.166666666666664,14.37,0.0,55.90055138157709,1,0,0,0,0,0,0,0,1,0,0,1,0,0,0,0,0,0,0,0,0
6901028136686,202502,金圣(硬滕王阁),三类烟,0.0,-18.97422401402114,49.92228803010808,99.326448,98.94,100.0,1.134020618556701,0.3017370295343406,24250.0,72.36170212765957,0.4490521327014218,-98.008674,0.0183656398104265,14.0,,97.63,52.31,61.68541275964975,0,1,0,0,0,0,0,1,0,0,1,0,0,0,0,0,0,0,0,0,0
6901028136686,202503,金圣(硬滕王阁),三类烟,0.0,-7.503071955711334,42.71118874562861,99.6633,94.46,100.0,1.134020618556701,0.2636682295259224,24250.0,206.8905967450271,0.9810874704491724,-98.326448,0.0253621749408983,,0.3842302878598247,,,49.92228803010808,0,1,0,0,0,0,0,1,0,0,0,1,0,0,0,0,0,0,0,0,0
6901028136686,202504,金圣(硬滕王阁),三类烟,0.0,0.01564058191497253,42.41921607439674,99.466667,96.27,99.52,1.134020618556701,0.2421690117953004,24250.0,488.6768018018018,0.5076923076923077,-98.6633,0.0101936094674556,1.0,-0.5985533453887885,50.89,0.0,42.71118874562861,0,1,0,0,0,0,0,1,0,0,0,0,1,0,0,0,0,0,0,0,0
6901028136686,202505,金圣(硬滕王阁),三类烟,0.0,1.366371897199656,42.726829327543584,99.511719,87.68,99.25,1.134020618556701,0.2421668831707249,24250.0,594.2560321715818,0.8992890995260664,-98.466667,0.0085736966824644,4.0,-0.1599099099099099,44.55,0.0,42.41921607439674,0,1,0,0,0,0,0,1,0,0,0,0,0,1,0,0,0,0,0,0,0
6901028136686,202601,金圣(硬滕王阁),三类烟,0.0,0.4009538597027813,43.45729872545292,98.696219,87.6,98.47,1.134020618556701,0.241903580442315,24250.0,212.76763485477176,0.4410377358490566,-96.177419,0.0027567216981132,,inf,28.42,0.0,43.393104392394264,0,1,0,0,0,0,0,1,0,1,0,0,0,0,0,0,0,0,0,0,0
6901028136686,202602,金圣(硬滕王阁),三类烟,0.0,0.08313881662468248,43.794058252097045,99.384852,,,1.134020618556701,0.2421604543164144,24250.0,217.36063408190225,,-97.696219,0.0086898224852071,46.0,2.141078838174274,89.59,0.0,43.45729872545292,0,1,0,0,0,0,0,1,0,0,1,0,0,0,0,0,0,0,0,0,0
6901028136686,202604,金圣(硬滕王阁),三类烟,1.0,-0.7216854973922082,,0.0,61.79,95.16,1.134020618556701,0.2421648992915751,24250.0,187.71340009537437,0.1203814064362336,-98.857143,0.0242442193087008,1.0,-0.1887814313346227,87.37,43.52,43.540437542077605,0,1,0,0,0,0,0,1,0,0,0,0,1,0,0,0,0,0,0,0,0
6901028136686,202606,金圣(硬滕王阁),三类烟,0.0,0.6743939888683599,43.64933831303038,99.067909,27.12,93.36,1.134020618556701,0.2421539631570052,24250.0,448.06420765027326,0.9963855421686748,-98.052774,0.0085546987951807,2.0,inf,44.22,0.0,42.8187520446854,0,1,0,0,0,0,0,1,0,0,0,0,0,0,1,0,0,0,0,0,0
6901028136891,202502,金圣(硬红·十二生肖),三类烟,0.0,-0.3797605714571404,43.670848598826225,98.616352,93.87,100.0,1.1382113821138211,0.2421138211382113,15375.0,84.072,0.3862559241706161,-95.153846,0.0027325236966824,1.0,,44.43,0.0,44.20025828036741,0,1,0,0,0,0,1,0,0,0,1,0,0,0,0,0,0,0,0,0,0
6901028136891,202503,金圣(硬红·十二生肖),三类烟,0.0,0.4792569494235366,43.82049770891027,99.638118,88.03,100.0,1.1382113821138211,0.2421138211382113,15375.0,275.92857142857144,0.8699763593380615,-97.616352,0.0056992907801418,,1.090666666666667,,,43.670848598826225,0,1,0,0,0,0,1,0,0,0,0,1,0,0,0,0,0,0,0,0,0
6901028136891,202504,金圣(硬红·十二生肖),三类烟,0.0,0.24384981154506846,44.15010554824976,99.402539,,,1.1382113821138211,0.2421949250969507,15375.0,230.49152542372883,,-98.638118,0.0060117159763313,,0.0535714285714283,48.99,0.0,43.82049770891027,0,1,0,0,0,0,1,0,0,0,0,0,1,0,0,0,0,0,0,0,0
6901028136891,202509,金圣(硬红·十二生肖),三类烟,0.0,-0.1020391840174355,43.962824430487636,96.957123,92.86,98.91,1.1382113821138211,0.2421924867507978,15375.0,132.47058823529412,0.3491686460807601,-94.857307,0.0060842636579572,12.0,inf,49.52,0.0,44.090247355985134,0,1,0,0,0,0,1,0,0,0,0,0,0,0,0,0,0,1,0,0,0
6901028136891,202510,金圣(硬红·十二生肖),三类烟,0.0,0.227126416855306,43.9882081719677,99.641148,64.82,90.86,1.1382113821138211,0.2421924544495088,15375.0,178.6447931526391,0.6773049645390071,-95.957123,0.0050959219858156,20.0,-0.1584633853541416,41.49,0.0,43.962824430487636,0,1,0,0,0,0,1,0,0,0,0,0,0,0,0,0,0,0,1,0,0
6901028136891,202511,金圣(硬红·十二生肖),三类烟,0.0,0.01896435555907061,44.18995084734294,99.810845,67.92,99.21,1.1382113821138211,0.2421920963507353,15375.0,169.40696278511408,0.4380165289256198,-98.641148,0.006048347107438,6.0,0.18830242510699,35.66,38.08,43.9882081719677,0,1,0,0,0,0,1,0,0,0,0,0,0,0,0,0,0,0,0,1,0
6901028138536,202504,七匹狼(软灰),一类烟,0.0,-3.372740941296044,51.39426276354339,95.652174,96.45,100.0,1.1320754716981132,0.2754858845226273,46375.0,3715.5263157894738,1.0,-89.47619,0.0004166075650118,,inf,,,43.596313871894075,1,0,0,0,0,0,0,0,1,0,0,0,1,0,0,0,0,0,0,0,0
6901028138536,202506,七匹狼(软灰),一类烟,1.0,0.444396707086689,,0.0,91.21,100.0,1.1320754716981132,0.2755188679245283,46375.0,4941.375,0.7714285714285715,-99.0,0.0001766666666666,,-0.8181818181818181,0.48,0.0,40.22357293059803,1,0,0,0,0,0,0,0,1,0,0,0,0,0,1,0,0,0,0,0,0
6901028138536,202602,七匹狼(软灰),一类烟,0.0,-0.9112567841743058,46.094340497536315,100.0,94.38,100.0,1.1320754716981132,0.2754948016942626,46375.0,1111.873015873016,0.9976331360946744,-99.0,0.0013830177514792,43.0,,5.56,25.53,50.783512142628354,1,0,0,0,0,0,0,0,1,0,1,0,0,0,0,0,0,0,0,0,0
6901028138536,202603,七匹狼(软灰),一类烟,0.0,4.593751001816045,49.87225535845405,100.0,95.69,100.0,1.1320754716981132,0.2755048724860045,46375.0,2812.307692307693,0.9655581947743468,-99.0,0.0002864014251781,,-0.7936507936507937,1.54,0.0,46.094340497536315,1,0,0,0,0,0,0,0,1,0,0,1,0,0,0,0,0,0,0,0,0
6901028138536,202604,七匹狼(软灰),一类烟,0.0,3.452689813082273,50.68809149935236,100.0,93.14,100.0,1.1320754716981132,0.2755082787832114,46375.0,1443.571428571429,0.4123957091775924,-99.0,0.0006190703218116,2.0,1.1538461538461542,1.67,0.0,49.87225535845405,1,0,0,0,0,0,0,0,1,0,0,0,1,0,0,0,0,0,0,0,0
6901028138536,202605,七匹狼(软灰),一类烟,0.0,2.1916926832703325,53.32494517153632,99.489796,,,1.1320754716981132,0.2754954177897574,46375.0,1146.52,,-99.0,0.000557391826923,4.0,-0.1071428571428571,1.68,0.0,50.68809149935236,1,0,0,0,0,0,0,0,1,0,0,0,0,1,0,0,0,0,0,0,0
6901028138536,202606,七匹狼(软灰),一类烟,0.0,-3.5806201362489247,52.87978418262269,98.93617,88.0,99.45,1.1320754716981132,0.2755131660792038,46375.0,192.85641025641024,0.993975903614458,-98.489796,0.0043581325301204,78.0,6.8,11.93,11.11,53.32494517153632,1,0,0,0,0,0,0,0,1,0,0,0,0,0,1,0,0,0,0,0,0
6901028141147,202502,七匹狼(蓝),三类烟,0.0,0.9903610071523161,42.85986832304303,99.508197,114.88,100.0,1.1267605633802815,0.2420972752118499,16695.0,471.136231884058,0.0853080568720379,-98.328215,0.0081892535545023,9.0,,86.85,0.0,42.06401899083789,0,1,0,0,0,0,0,1,0,0,1,0,0,0,0,0,0,0,0,0,0
6901028141147,202503,七匹狼(蓝),三类烟,0.0,0.35618141752680543,43.0543799979902,99.623116,81.38,100.0,1.1267605633802815,0.242133430828218,16695.0,186.6436024162548,0.5118203309692672,-98.508197,0.0143742765957446,,0.7594202898550726,,,42.85986832304303,0,1,0,0,0,0,0,1,0,0,0,1,0,0,0,0,0,0,0,0,0
6901028141147,202504,七匹狼(蓝),三类烟,0.0,-0.24557887926937383,43.21604974056984,99.45764,100.0,100.0,1.1267605633802815,0.2420624062674789,16695.0,108.45081967213112,0.0047337278106508,-98.623116,0.0250681846153846,2.0,0.741900054914882,96.33,95.09,43.0543799979902,0,1,0,0,0,0,0,1,0,0,0,0,1,0,0,0,0,0,0,0,0
6901028141147,202505,七匹狼(蓝),三类烟,0.0,-1.1408383549658438,42.80880111872083,99.385749,84.38,98.53,1.1267605633802815,0.2420933679386637,16695.0,53.2198194810079,0.0947867298578199,-98.45764,0.0420777298578199,1.0,0.676544766708701,96.21,94.09,43.21604974056984,0,1,0,0,0,0,0,1,0,0,0,0,0,1,0,0,0,0,0,0,0
6901028141147,202506,七匹狼(蓝),三类烟,0.0,-0.04538122464602168,42.07521138560399,98.648649,100.0,100.0,1.1267605633802815,0.2420633995137808,16695.0,197.55562422744129,0.025,-98.385749,0.0128631,2.0,-0.6957502820609252,72.26,33.44,42.80880111872083,0,1,0,0,0,0,0,1,0,0,0,0,0,0,1,0,0,0,0,0,0
6901028141147,202507,七匹狼(蓝),三类烟,0.0,1.1115912582408143,42.76341989407481,99.676375,,,1.1267605633802815,0.2420632356500797,16695.0,463.388698630137,,-97.648649,0.0046538806682577,,-0.6390605686032138,34.84,0.0,42.07521138560399,0,1,0,0,0,0,0,1,0,0,0,0,0,0,0,1,0,0,0,0,0
6901028141147,202508,七匹狼(蓝),三类烟,0.0,0.5074588060523411,43.18680264384481,99.405941,,,1.1267605633802815,0.242063492063492,16695.0,214.0116883116883,,-98.676375,0.0121994306049822,8.0,1.6369863013698631,75.56,20.88,42.76341989407481,0,1,0,0,0,0,0,1,0,0,0,0,0,0,0,0,1,0,0,0,0
6901028141147,202509,七匹狼(蓝),三类烟,0.0,-0.043794723756690246,43.27087870012715,99.501151,83.83,97.06,1.1267605633802815,0.2420796747123515,16695.0,62.33391434262949,0.1852731591448931,-98.405941,0.0318513634204275,2.0,1.6077922077922078,96.67,93.86,43.18680264384481,0,1,0,0,0,0,0,1,0,0,0,0,0,0,0,0,0,1,0,0,0
6901028141147,202510,七匹狼(蓝),三类烟,0.0,-0.08001045606233959,43.14300792008812,99.734455,50.75,95.38,1.1267605633802815,0.2420920493779934,16695.0,33.206967476539404,0.4444444444444444,-98.501151,0.0614044468085106,9.0,0.9370019920318724,96.22,90.42,43.27087870012715,0,1,0,0,0,0,0,1,0,0,0,0,0,0,0,0,0,0,1,0,0
6901028141147,202602,七匹狼(蓝),三类烟,0.0,-2.2597896050464783,42.373816360494374,98.60583,30.15,93.28,1.1267605633802815,0.2482804153131369,17750.0,101.57712269047126,0.9964497041420118,-98.483684,0.0404742011834319,3.0,,96.69,91.92,44.93405659025535,0,1,0,0,0,0,0,1,0,0,1,0,0,0,0,0,0,0,0,0,0
6901028143448,202606,万宝路(软红2.0),二类烟,1.0,-5.697938135603891,,0.0,100.0,100.0,1.1180992313067786,0.2278476589797344,35775.0,456.0833333333333,0.0024096385542168,-99.0,0.000206891566265,1.0,-0.25,0.72,0.0,37.03721231413227,0,0,1,0,0,0,0,0,1,0,0,0,0,0,1,0,0,0,0,0,0
6901028143554,202503,七匹狼(锋芒),一类烟,0.0,-0.010520234636238968,19.475520180292627,100.0,,,1.139240506329114,0.2420886075949367,39500.0,166.1144278606965,,-98.014778,0.0075078014184397,,1.892086330935252,,,44.061880453671684,1,0,0,0,0,0,0,0,1,0,0,1,0,0,0,0,0,0,0,0,0
6901028143554,202504,七匹狼(锋芒),一类烟,0.0,22.525607735664828,44.051360219035445,98.540146,,,1.139240506329114,0.2421202531645569,39500.0,9181.5,,-99.0,0.0001495857988165,,-0.9800995024875622,0.47,0.0,19.475520180292627,1,0,0,0,0,0,0,0,1,0,0,0,1,0,0,0,0,0,0,0,0
6901028143554,202509,七匹狼(锋芒),一类烟,0.0,-1.0172332584626247,44.30292644400119,99.030695,,,1.139240506329114,0.2421198010849909,39500.0,185.07857142857145,,-97.939929,0.0052541567695961,3.0,,16.15,4.41,44.018885232649055,1,0,0,0,0,0,0,0,1,0,0,0,0,0,0,0,0,1,0,0,0
6901028143554,202510,七匹狼(锋芒),一类烟,0.0,-1.870830816549585,43.00165197418643,98.550725,,,1.139240506329114,0.242119582051335,39500.0,82.11908646003262,,-98.030695,0.0114484633569739,142.0,1.189285714285714,30.73,20.38,44.30292644400119,1,0,0,0,0,0,0,0,1,0,0,0,0,0,0,0,0,0,1,0,0
6901028143554,202511,七匹狼(锋芒),一类烟,0.0,-5.769924329114389,42.4320956274516,97.959184,,,1.139240506329114,0.2421193224125093,39500.0,553.6691176470588,,-97.550725,0.0025369539551357,44.0,-0.7781402936378466,8.26,0.0,43.00165197418643,1,0,0,0,0,0,0,0,1,0,0,0,0,0,0,0,0,0,0,1,0
6901028143554,202512,七匹狼(锋芒),一类烟,0.0,1.7733103820631229,37.23172764507204,100.0,,,1.139240506329114,0.2421195938818565,39500.0,760.1041666666666,,-96.959184,0.0017865724381625,1.0,-0.2941176470588236,5.77,0.0,42.4320956274516,1,0,0,0,0,0,0,0,1,0,0,0,0,0,0,0,0,0,0,0,1
6901028143554,202601,七匹狼(锋芒),一类烟,0.0,5.517341077325227,44.205406009514725,98.468977,,,1.139240506329114,0.2421180453341183,39500.0,2644.5348837209303,,-99.0,0.000801179245283,,-0.5520833333333334,2.59,0.0,37.23172764507204,1,0,0,0,0,0,0,0,1,1,0,0,0,0,0,0,0,0,0,0,0
6901028143554,202602,七匹狼(锋芒),一类烟,0.0,-1.6287845746593703,42.74906872239727,98.029557,,,1.139240506329114,0.2421085997223891,39500.0,116.26923076923076,,-97.468977,0.0228492307692307,115.0,27.41860465116279,42.25,57.7,44.205406009514725,1,0,0,0,0,0,0,0,1,0,1,0,0,0,0,0,0,0,0,0,0
6901028143554,202603,七匹狼(锋芒),一类烟,0.0,-0.16812119530396075,42.576621434855355,100.0,61.28,100.0,1.139240506329114,0.2420882895490108,39500.0,641.8391959798995,0.6009501187648456,-97.029557,0.0037342042755344,13.0,-0.837152209492635,23.63,0.0,42.74906872239727,1,0,0,0,0,0,0,0,1,0,0,1,0,0,0,0,0,0,0,0,0
6901028143554,202604,七匹狼(锋芒),一类烟,0.0,1.3929225950836894,42.58094752709331,98.540146,97.29,99.82,1.139240506329114,0.2421185578661844,39500.0,707.6160714285714,0.6734207389749702,-99.0,0.0021091775923718,4.0,-0.4371859296482412,5.96,14.0,42.576621434855355,1,0,0,0,0,0,0,0,1,0,0,0,1,0,0,0,0,0,0,0,0
6901028143554,202605,七匹狼(锋芒),一类烟,1.0,0.32574982555932763,43.969544029939044,92.222222,96.84,99.46,1.139240506329114,0.242116268166901,39500.0,705.8,0.4579326923076923,-97.540146,0.0025637019230769,6.0,0.205357142857143,9.13,0.0,42.58094752709331,1,0,0,0,0,0,0,0,1,0,0,0,0,1,0,0,0,0,0,0,0
6901028143554,202606,七匹狼(锋芒),一类烟,0.0,-3.3947822132370646,42.906697352652635,97.594502,97.76,100.0,1.139240506329114,0.2421058410858624,39500.0,201.44578313253007,0.516867469879518,-91.222222,0.0079,11.0,2.074074074074073,12.41,41.75,43.969544029939044,1,0,0,0,0,0,0,0,1,0,0,0,0,0,1,0,0,0,0,0,0
6901028145077,202502,娇子(宽窄好运细支),一类烟,0.0,-0.5110372059525332,54.940607317518996,96.176471,24.18,100.0,1.1555555555555554,0.2754399709038007,56250.0,181.68903436988543,0.816350710900474,-97.389694,0.0162885071090047,91.0,,39.45,82.88,55.5140098345694,1,0,0,0,0,0,0,0,1,0,1,0,0,0,0,0,0,0,0,0,0
6901028145077,202504,娇子(宽窄好运细支),一类烟,1.0,-0.6877290009781234,,0.0,73.53,92.31,1.1555555555555554,0.2754648006785411,56250.0,369.5801526717557,0.0201183431952662,-97.867925,0.0069763313609467,,-0.1987767584097859,15.74,0.0,55.00297262861687,1,0,0,0,0,0,0,0,1,0,0,0,1,0,0,0,0,0,0,0,0
6901028145077,202506,娇子(宽窄好运细支),一类烟,0.0,1.1653340279881874,54.93875865402488,99.253731,75.0,100.0,1.1555555555555554,0.2754677050882658,56250.0,619.126168224299,0.0047619047619047,-98.534884,0.0057321428571428,10.0,inf,12.98,0.0,54.31524362763874,1,0,0,0,0,0,0,0,1,0,0,0,0,0,1,0,0,0,0,0,0
6901028145077,202508,娇子(宽窄好运细支),一类烟,1.0,-1.7099302167006414,,0.0,50.0,81.82,1.1555555555555554,0.2754026090868196,56250.0,189.75303643724695,0.0474495848161328,-98.196787,0.0065925266903914,,-0.0714285714285715,14.71,0.0,55.48057765562693,1,0,0,0,0,0,0,0,1,0,0,0,0,0,0,0,1,0,0,0,0
6901028145077,202510,娇子(宽窄好运细支),一类烟,0.0,1.4223395501308573,53.78592051838742,99.166667,12.19,91.89,1.1555555555555554,0.2754886850152905,56250.0,818.7614678899083,0.5011820330969267,-97.198198,0.0028989361702127,3.0,inf,6.86,0.0,53.77064743892629,1,0,0,0,0,0,0,0,1,0,0,0,0,0,0,0,0,0,1,0,0
6901028145077,202511,娇子(宽窄好运细支),一类烟,0.0,-10.613291641963897,55.19298698905715,99.183673,30.85,81.25,1.1555555555555554,0.2754890756302521,56250.0,813.2689075630252,0.0554899645808736,-98.166667,0.0031611570247933,,0.0917431192660549,7.2,0.0,53.78592051838742,1,0,0,0,0,0,0,0,1,0,0,0,0,0,0,0,0,0,0,1,0
6901028145077,202512,娇子(宽窄好运细支),一类烟,0.0,0.3234460891100355,43.17262887642352,100.0,2.29,90.0,1.1555555555555554,0.2754555098308184,56250.0,299.7119341563786,1.0,-98.183673,0.0064399293286219,4.0,1.042016806722689,14.61,0.0,55.19298698905715,1,0,0,0,0,0,0,0,1,0,0,0,0,0,0,0,0,0,0,0,1
6901028145077,202601,娇子(宽窄好运细支),一类烟,0.0,10.951219851897797,55.51643307816718,99.107143,0.0,,1.1555555555555554,0.275447619047619,56250.0,4655.0,0.0047169811320754,-99.0,0.0003714622641509,,-0.9423868312757202,0.83,0.0,43.17262887642352,1,0,0,0,0,0,0,0,1,1,0,0,0,0,0,0,0,0,0,0,0
6901028145077,202602,娇子(宽窄好运细支),一类烟,0.0,-3.7073025469885366,54.12384872832132,97.835498,,,1.1555555555555554,0.2754963407852296,56250.0,186.92392392392392,,-98.107143,0.0266005917159763,149.0,70.35714285714286,34.56,69.52,55.51643307816718,1,0,0,0,0,0,0,0,1,0,1,0,0,0,0,0,0,0,0,0,0
6901028145077,202603,娇子(宽窄好运细支),一类烟,0.0,-0.6897884216448844,51.809130531178646,100.0,,,1.1555555555555554,0.2755099311701081,56250.0,693.066371681416,,-96.835498,0.0060391923990498,12.0,-0.7737737737737738,23.52,14.14,54.12384872832132,1,0,0,0,0,0,0,0,1,0,0,1,0,0,0,0,0,0,0,0,0
6901028145077,202604,娇子(宽窄好运细支),一类烟,0.0,2.782990483229419,53.434060306676436,98.039216,,,1.1555555555555554,0.2754905555555555,56250.0,1529.8125,,-99.0,0.002145411203814,,-0.6460176991150443,5.01,2.38,51.809130531178646,1,0,0,0,0,0,0,0,1,0,0,0,1,0,0,0,0,0,0,0,0
6901028145077,202605,娇子(宽窄好运细支),一类烟,0.0,-0.25678721553499173,54.592121014408065,96.478873,,,1.1555555555555554,0.2754893333333333,56250.0,940.81,,-97.039216,0.0027043269230769,1.0,0.25,6.13,0.0,53.434060306676436,1,0,0,0,0,0,0,0,1,0,0,0,0,1,0,0,0,0,0,0,0
6901028145077,202606,娇子(宽窄好运细支),一类烟,0.0,-2.683178262310264,53.177273091141444,97.093023,,,1.1555555555555554,0.2754906731549067,56250.0,521.2773722627737,,-95.478873,0.0037138554216867,9.0,0.3700000000000001,9.04,0.0,54.592121014408065,1,0,0,0,0,0,0,0,1,0,0,0,0,0,1,0,0,0,0,0,0
6901028145473,202502,娇子(五粮浓香中支),一类烟,0.0,-2.45264070785079,66.08398001007102,97.058824,,,1.179245283018868,0.3088915094339622,106000.0,152.12994350282486,,-96.252747,0.008891943127962,137.0,,19.79,5.99,67.805405566446,1,0,0,0,0,0,0,0,1,0,1,0,0,0,0,0,0,0,0,0,0
6901028145473,202506,娇子(五粮浓香中支),一类烟,1.0,13.021963656518771,56.18481252189601,83.333333,0.0,,1.179245283018868,0.3088915094339622,106000.0,5486.833333333333,0.0059523809523809,-84.714286,0.0003028571428571,,,0.36,0.0,53.0848067269203,1,0,0,0,0,0,0,0,1,0,0,0,0,0,1,0,0,0,0,0,0
6901028145473,202510,娇子(五粮浓香中支),一类烟,0.0,-0.6899463543393978,66.51379799952655,93.548387,0.0,,1.179245283018868,0.3088077680917124,106000.0,103.79746835443036,0.0200945626477541,-94.180723,0.0079186761229314,62.0,,8.75,10.81,67.91371517046932,1,0,0,0,0,0,0,0,1,0,0,0,0,0,0,0,0,0,1,0,0
6901028149921,202604,哈德门(纯香),三类烟,0.0,0.003131609884697184,45.764503210855004,99.885013,75.16,96.61,1.1530398322851152,0.242167910511726,11925.0,14.26214526214526,0.1799761620977354,-98.903892,0.011819821215733,748.0,inf,89.15,0.0,45.7710646279013,0,1,0,0,0,0,1,0,0,0,0,0,1,0,0,0,0,0,0,0,0
6901028149921,202605,哈德门(纯香),三类烟,0.0,0.006429183498752877,45.774196237786,99.797109,45.9,95.24,1.1530398322851152,0.2421611311422921,11925.0,21.287029930928625,0.8040865384615384,-98.885013,0.0149406490384615,43.0,0.2534872534872532,87.86,0.0,45.764503210855004,0,1,0,0,0,0,1,0,0,0,0,0,0,1,0,0,0,0,0,0,0
6901028151634,202502,泰山(白将军),二类烟,0.0,-0.10673040512018872,43.769397334769835,98.765432,,,1.1353711790393013,0.2421819258382058,28625.0,142.24717514124293,,-97.607242,0.0096049763033175,27.0,,83.89,0.0,43.79639339863938,0,0,1,0,0,0,0,0,1,0,1,0,0,0,0,0,0,0,0,0,0
6901028151634,202503,泰山(白将军),二类烟,0.0,0.022572639944179684,43.68966299351919,99.8,,,1.1353711790393013,0.2421821779475982,28625.0,152.05781249999998,,-97.765432,0.0086619385342789,,-0.0960451977401128,,,43.769397334769835,0,0,1,0,0,0,0,0,1,0,0,1,0,0,0,0,0,0,0,0,0
6901028151634,202504,泰山(白将军),二类烟,0.0,0.3928420545060618,43.791969974714014,99.860724,100.0,100.0,1.1353711790393013,0.2421387753673285,28625.0,176.24649298597194,0.0047337278106508,-98.8,0.006761597633136,,-0.2203125,29.59,0.0,43.68966299351919,0,0,1,0,0,0,0,0,1,0,0,0,1,0,0,0,0,0,0,0,0
6901028151634,202505,泰山(白将军),二类烟,0.0,-1.168878793825705,44.082505048025254,99.68652,,,1.1353711790393013,0.2421397988952026,28625.0,139.28172942817295,,-98.860724,0.0097270734597156,4.0,0.43687374749499,43.36,0.0,43.791969974714014,0,0,1,0,0,0,0,0,1,0,0,0,0,1,0,0,0,0,0,0,0
6901028151634,202506,泰山(白将军),二类烟,0.0,-22.002141793527315,42.62309118088831,98.809524,,,1.1353711790393013,0.242139509122701,28625.0,33.96121593291405,,-98.68652,0.0260078571428571,6.0,1.661087866108787,66.79,71.48,44.082505048025254,0,0,1,0,0,0,0,0,1,0,0,0,0,0,1,0,0,0,0,0,0
6901028151634,202507,泰山(白将军),二类烟,1.0,1.082985343357116,22.08036325449794,88.888889,,,1.1353711790393013,0.2421397379912663,28625.0,562.8734939759036,,-97.809524,0.002268138424821,,-0.9129979035639412,9.9,0.0,42.62309118088831,0,0,1,0,0,0,0,0,1,0,0,0,0,0,0,1,0,0,0,0,0
6901028151634,202508,泰山(白将军),二类烟,0.0,21.98098026692262,43.706076524245425,99.203187,,,1.1353711790393013,0.2421397379912663,28625.0,8007.5,,-87.888889,0.0001086595492289,,-0.9518072289156626,0.47,0.0,22.08036325449794,0,0,1,0,0,0,0,0,1,0,0,0,0,0,0,0,1,0,0,0,0
6901028151634,202509,泰山(白将军),二类烟,0.0,-1.6291358001139713,44.06134352142056,97.791411,,,1.1353711790393013,0.2421399133652514,28625.0,170.42168674698797,,-98.203187,0.0033860451306413,2.0,30.125,14.85,0.0,43.706076524245425,0,0,1,0,0,0,0,0,1,0,0,0,0,0,0,0,0,1,0,0,0
6901028151634,202510,泰山(白将军),二类烟,0.0,-0.952688694586314,42.076940724131454,96.969697,,,1.1353711790393013,0.2421405598505312,28625.0,41.74404015056462,,-96.791411,0.0107868203309692,59.0,2.200803212851406,47.99,0.0,44.06134352142056,0,0,1,0,0,0,0,0,1,0,0,0,0,0,0,0,0,0,1,0,0
6901028151634,202511,泰山(白将军),二类烟,0.0,1.7763907972924713,43.10865482683425,99.310345,,,1.1353711790393013,0.2421397379912663,28625.0,760.796875,,-95.969697,0.0008651711924439,,-0.9196988707653702,3.78,0.0,42.076940724131454,0,0,1,0,0,0,0,0,1,0,0,0,0,0,0,0,0,0,0,1,0
6901028151634,202512,泰山(白将军),二类烟,0.0,0.671048636747237,43.853331521423925,97.706422,0.42,100.0,1.1353711790393013,0.2421197234352256,28625.0,384.7361111111112,0.558303886925795,-98.310345,0.0019420494699646,1.0,1.25,8.48,0.0,43.10865482683425,0,0,1,0,0,0,0,0,1,0,0,0,0,0,0,0,0,0,0,0,1
6901028151634,202601,泰山(白将军),二类烟,0.0,0.20656317145581937,43.779703463581484,98.948752,,,1.1353711790393013,0.2421157512762162,28625.0,114.43661971830986,,-96.706422,0.0028760023584905,28.0,0.4791666666666667,25.12,0.0,43.853331521423925,0,0,1,0,0,0,0,0,1,1,0,0,0,0,0,0,0,0,0,0,0
6901028151634,202602,泰山(白将军),二类烟,0.0,-0.22895134105484516,44.059894692879745,99.584372,,,1.1353711790393013,0.2421791146911625,28625.0,147.99070385126163,,-97.948752,0.010203372781065,59.0,2.535211267605634,59.76,49.11,43.779703463581484,0,0,1,0,0,0,0,0,1,0,1,0,0,0,0,0,0,0,0,0,0
6901028151634,202603,泰山(白将军),二类烟,0.0,-0.09064055398280146,43.55075212252664,98.77551,,,1.1353711790393013,0.2421653264902931,28625.0,44.95492487479133,,-98.584372,0.0162910926365795,49.0,0.5909694555112881,71.73,64.57,44.059894692879745,0,0,1,0,0,0,0,0,1,0,0,1,0,0,0,0,0,0,0,0,0
6901028151634,202604,泰山(白将军),二类烟,0.0,0.3637012575543537,43.96925413889694,99.033816,61.13,97.06,1.1353711790393013,0.2421386553105489,28625.0,226.57438016528928,0.1740166865315852,-97.77551,0.0033026221692491,,-0.7979966611018364,14.06,4.24,43.55075212252664,0,0,1,0,0,0,0,0,1,0,0,0,1,0,0,0,0,0,0,0,0
6901028151634,202605,泰山(白将军),二类烟,0.0,0.011457388105817756,43.91445338008099,98.511905,40.19,93.98,1.1353711790393013,0.2421317144175808,28625.0,74.15772357723577,0.3846153846153846,-98.033816,0.008463641826923,9.0,1.5413223140495869,37.86,0.0,43.96925413889694,0,0,1,0,0,0,0,0,1,0,0,0,0,1,0,0,0,0,0,0,0
6901028151634,202606,泰山(白将军),二类烟,0.0,0.1274695098883072,43.98071152700276,98.406374,31.13,89.44,1.1353711790393013,0.242130634968799,28625.0,93.90030211480362,0.4602409638554217,-97.511905,0.0045662048192771,,-0.4617886178861788,13.86,48.7,43.91445338008099,0,0,1,0,0,0,0,0,1,0,0,0,0,0,1,0,0,0,0,0,0
6901028155557,202502,泰山(颜悦),一类烟,0.0,-0.4619504735535145,42.8011421310704,97.02381,,,1.1344638165751135,0.2421184619058992,41870.0,252.764367816092,,-98.145299,0.0069055734597156,124.0,,41.23,0.0,43.38819095778786,1,0,0,0,0,0,0,0,1,0,1,0,0,0,0,0,0,0,0,0,0
6901028155557,202503,泰山(颜悦),一类烟,0.0,0.973261519381019,42.92624048423435,97.457627,,,1.1344638165751135,0.2421184619058992,41870.0,465.5092024539877,,-96.02381,0.0032268605200945,,-0.5316091954022988,,,42.8011421310704,1,0,0,0,0,0,0,0,1,0,0,1,0,0,0,0,0,0,0,0,0
6901028155557,202504,泰山(颜悦),一类烟,0.0,0.2169850889596816,43.77440365045142,99.019608,,,1.1344638165751135,0.2421184619058992,41870.0,420.1739130434783,,-96.457627,0.0022793136094674,,-0.2944785276073619,6.86,0.0,42.92624048423435,1,0,0,0,0,0,0,0,1,0,0,0,1,0,0,0,0,0,0,0,0
6901028155557,202505,泰山(颜悦),一类烟,0.0,-0.626511749021887,43.14322557319403,97.457627,,,1.1344638165751135,0.2421184619058992,41870.0,112.8019801980198,,-98.019608,0.0080168151658767,1.0,2.5130434782608697,24.17,0.0,43.77440365045142,1,0,0,0,0,0,0,0,1,0,0,0,0,1,0,0,0,0,0,0,0
6901028155557,202506,泰山(颜悦),一类烟,0.0,-0.23664883776013568,43.14789190142953,99.354839,,,1.1344638165751135,0.2421184619058992,41870.0,341.5391304347826,,-96.457627,0.0022928809523809,,-0.7153465346534653,6.9,0.0,43.14322557319403,1,0,0,0,0,0,0,0,1,0,0,0,0,0,1,0,0,0,0,0,0
6901028155557,202507,泰山(颜悦),一类烟,0.0,0.4275515872924558,42.906576735433894,98.901099,,,1.1344638165751135,0.2421122584127122,41870.0,339.17532467532465,,-98.354839,0.0030777947494033,,0.3391304347826085,9.19,0.0,43.14789190142953,1,0,0,0,0,0,0,0,1,0,0,0,0,0,0,1,0,0,0,0,0
6901028155557,202508,泰山(颜悦),一类烟,0.0,0.5971057381335712,43.57544348872199,93.238434,,,1.1344638165751135,0.2421184619058992,41870.0,427.3,,-97.901099,0.0017880427046263,,-0.4155844155844156,5.34,0.0,42.906576735433894,1,0,0,0,0,0,0,0,1,0,0,0,0,0,0,0,1,0,0,0,0
6901028155557,202509,泰山(颜悦),一类烟,0.0,0.1596303580795322,43.503682473567466,92.481203,,,1.1344638165751135,0.2421184619058992,41870.0,184.9045801526717,,-92.238434,0.0052113729216152,1.0,1.9111111111111116,14.61,6.5,43.57544348872199,1,0,0,0,0,0,0,0,1,0,0,0,0,0,0,0,0,1,0,0,0
6901028155557,202510,泰山(颜悦),一类烟,0.0,-1.3401096045872833,43.73507384680152,99.392713,,,1.1344638165751135,0.2421184619058992,41870.0,210.91056910569105,,-91.481203,0.0073049787234042,52.0,0.4083969465648853,21.99,0.0,43.503682473567466,1,0,0,0,0,0,0,0,1,0,0,0,0,0,0,0,0,0,1,0,0
6901028155557,202511,泰山(颜悦),一类烟,0.0,-1.6467646386443064,42.16357286898018,99.435028,,,1.1344638165751135,0.2421184619058992,41870.0,127.0549898167006,,-98.392713,0.0097086989374262,41.0,0.3306233062330623,27.74,5.53,43.73507384680152,1,0,0,0,0,0,0,0,1,0,0,0,0,0,0,0,0,0,0,1,0
6901028155557,202512,泰山(颜悦),一类烟,0.0,1.7088803161278463,42.08830920815721,100.0,,,1.1344638165751135,0.2421184619058992,41870.0,696.5625,,-98.435028,0.0034719057714958,2.0,-0.6415478615071284,10.6,0.0,42.16357286898018,1,0,0,0,0,0,0,0,1,0,0,0,0,0,0,0,0,0,0,0,1
6901028155557,202604,泰山(颜悦),一类烟,0.0,0.2905115033567043,43.54008870369535,98.473282,,,1.1344638165751135,0.2421184619058992,41870.0,207.37345679012344,,-98.386503,0.006467642431466,1.0,,12.16,58.82,43.51344279342837,1,0,0,0,0,0,0,0,1,0,0,0,1,0,0,0,0,0,0,0,0
6901028155557,202605,泰山(颜悦),一类烟,0.0,-2.5821176662138683,43.80395429678507,99.756098,,,1.1344638165751135,0.2421184619058992,41870.0,197.7170542635659,,-97.473282,0.0051934903846153,13.0,-0.2037037037037037,15.99,0.0,43.54008870369535,1,0,0,0,0,0,0,0,1,0,0,0,0,1,0,0,0,0,0,0,0
6901028155557,202606,泰山(颜悦),一类烟,0.0,-5.262702270426971,40.957971037481485,99.528302,,,1.1344638165751135,0.2421184619058992,41870.0,102.09290953545234,,-98.756098,0.0082529301204819,15.0,0.5852713178294573,17.11,51.41,43.80395429678507,1,0,0,0,0,0,0,0,1,0,0,0,0,0,1,0,0,0,0,0,0
6901028159548,202502,泰山(硬红八喜),三类烟,0.0,0.11439096953991879,43.79858955484378,99.138426,93.51,100.0,1.1355695317959469,0.2419649024031644,14310.0,95.0058102001291,0.3092417061611374,-98.358563,0.0105053033175355,21.0,,96.33,89.18,43.88022544500193,0,1,0,0,0,0,1,0,0,0,1,0,0,0,0,0,0,0,0,0,0
6901028159548,202503,泰山(硬红八喜),三类烟,0.0,0.22789717946533017,43.99461641454185,99.79661,78.49,100.0,1.1355695317959469,0.241991395623963,14310.0,127.46349942062574,0.4066193853427896,-98.138426,0.0116780425531914,,0.1142672692059394,,,43.79858955484378,0,1,0,0,0,0,1,0,0,0,0,1,0,0,0,0,0,0,0,0,0
6901028159548,202504,泰山(硬红八喜),三类烟,0.0,-0.5691466842530701,44.02648673430911,99.520384,,,1.1355695317959469,0.2420507759092152,14310.0,62.86345108695652,,-98.79661,0.0099712757396449,3.0,-0.1471610660486674,87.34,0.0,43.99461641454185,0,1,0,0,0,0,1,0,0,0,0,0,1,0,0,0,0,0,0,0,0
6901028159548,202505,泰山(硬红八喜),三类烟,0.0,-0.12678391463755645,43.42546973028878,98.456261,96.72,100.0,1.1355695317959469,0.2420508869860995,14310.0,51.32578313253012,0.0722748815165876,-98.520384,0.0140726303317535,2.0,0.409646739130435,90.76,35.64,44.02648673430911,0,1,0,0,0,0,1,0,0,0,0,0,0,1,0,0,0,0,0,0,0
6901028159548,202506,泰山(硬红八喜),三类烟,0.0,0.2465913891506588,43.89970281967155,99.528937,100.0,100.0,1.1355695317959469,0.2420510132774284,14310.0,269.1463414634147,0.025,-97.456261,0.0039114,,-0.7233734939759037,34.17,0.0,43.42546973028878,0,1,0,0,0,0,1,0,0,0,0,0,0,0,1,0,0,0,0,0,0
6901028159548,202507,泰山(硬红八喜),三类烟,0.0,0.16467777329945932,43.67206111943944,99.810247,92.0,100.0,1.1355695317959469,0.2420508360938534,14310.0,97.26639621365788,0.0894988066825775,-98.528937,0.0101023818615751,2.0,1.5766550522648086,88.42,0.0,43.89970281967155,0,1,0,0,0,0,1,0,0,0,0,0,0,0,0,1,0,0,0,0,0
6901028159548,202508,泰山(硬红八喜),三类烟,0.0,0.4418411293432669,44.06438059297101,99.297095,100.0,100.0,1.1355695317959469,0.2420510132774283,14310.0,179.782319391635,0.0249110320284697,-98.810247,0.0071431174377224,8.0,-0.2887085868830291,47.57,0.0,43.67206111943944,0,1,0,0,0,0,1,0,0,0,0,0,0,0,0,0,1,0,0,0,0
6901028159548,202509,泰山(硬红八喜),三类烟,0.0,-0.20936874053449372,44.11390224878271,99.664173,100.0,100.0,1.1355695317959469,0.2420508896084773,14310.0,37.59344030202926,0.004750593824228,-98.297095,0.0288103467933491,8.0,3.02851711026616,91.69,89.9,44.06438059297101,0,1,0,0,0,0,1,0,0,0,0,0,0,0,0,0,0,1,0,0,0
6901028159548,202510,泰山(硬红八喜),三类烟,0.0,-0.05325778504780487,43.85501185243652,99.612403,90.98,98.21,1.1355695317959469,0.242050866108409,14310.0,18.76336345535304,0.0390070921985815,-98.664173,0.0441749361702127,12.0,0.540585181689476,89.13,85.28,44.11390224878271,0,1,0,0,0,0,1,0,0,0,0,0,0,0,0,0,0,0,1,0,0
6901028159548,202512,泰山(硬红八喜),三类烟,1.0,-0.1914596336180452,,0.0,78.69,95.92,1.1355695317959469,0.2420471162027817,14310.0,38.53819368879217,0.071849234393404,-98.858742,0.0619594346289752,5.0,3.469844357976653,79.86,43.51,44.0606444637349,0,1,0,0,0,0,1,0,0,0,0,0,0,0,0,0,0,0,0,0,1
6901028159548,202602,泰山(硬红八喜),三类烟,0.0,-0.002145157745772508,43.98064556447518,99.669043,87.85,99.57,1.1355695317959469,0.2420234107249365,14310.0,105.35186846038864,0.3183431952662722,-97.818316,0.0226589112426035,21.0,inf,93.96,92.7,43.86918483011686,0,1,0,0,0,0,1,0,0,0,1,0,0,0,0,0,0,0,0,0,0
6901028159753,202505,泰山(心悦),二类烟,1.0,0.06365200148236738,42.84954215464302,91.304348,0.04,0.0,1.1435105774728418,0.2421026300743281,34980.0,241.36440677966104,1.0,-97.333333,0.0019562274881516,,,6.99,0.0,44.25491255820702,0,0,1,0,0,0,0,0,1,0,0,0,0,1,0,0,0,0,0,0,0
6901028159753,202506,泰山(心悦),二类烟,0.0,1.1962197835450326,44.318564559689385,99.280576,0.0,,1.1435105774728418,0.2421026300743282,34980.0,750.6666666666666,1.0,-90.304348,0.0006996,,-0.6440677966101694,2.5,0.0,42.84954215464302,0,0,1,0,0,0,0,0,1,0,0,0,0,0,1,0,0,0,0,0,0
6901028159753,202507,泰山(心悦),二类烟,0.0,-4.882289474574449,44.04576193818805,98.039216,0.0,,1.1435105774728418,0.2421026300743281,34980.0,218.29710144927532,0.048926014319809,-98.280576,0.0023041718377088,,2.2857142857142856,8.23,0.0,44.318564559689385,0,0,1,0,0,0,0,0,1,0,0,0,0,0,0,1,0,0,0,0,0
6901028159753,202508,泰山(心悦),二类烟,0.0,0.572536057183072,39.436275085114936,38.095238,0.56,100.0,1.1435105774728418,0.2421026300743282,34980.0,317.16,0.1269276393831554,-97.039216,0.0008298932384341,,-0.6376811594202898,2.49,19.05,44.04576193818805,0,0,1,0,0,0,0,0,1,0,0,0,0,0,0,0,1,0,0,0,0
6901028159753,202509,泰山(心悦),二类烟,0.0,3.166598045138663,44.61829799537112,90.983607,0.0,,1.1435105774728418,0.2421026300743282,34980.0,1987.625,1.0,-37.095238,0.0001329406175771,,-0.84,0.48,0.0,39.436275085114936,0,0,1,0,0,0,0,0,1,0,0,0,0,0,0,0,0,1,0,0,0
6901028159753,202510,泰山(心悦),二类烟,1.0,-0.5391973836502899,42.6028731302536,85.0,0.06,100.0,1.1435105774728418,0.242102308140044,34980.0,109.63963963963964,0.6784869976359338,-89.983607,0.001835829787234,,12.875,6.62,0.0,44.61829799537112,0,0,1,0,0,0,0,0,1,0,0,0,0,0,0,0,0,0,1,0,0
6901028159753,202511,泰山(心悦),二类烟,0.0,0.3896807124286994,44.07910061172083,98.969072,,,1.1435105774728418,0.2421026300743282,34980.0,840.0588235294117,,-84.0,0.0005616623376623,,-0.6936936936936937,1.53,30.77,42.6028731302536,0,0,1,0,0,0,0,0,1,0,0,0,0,0,0,0,0,0,0,1,0
6901028159753,202512,泰山(心悦),二类烟,1.0,0.48969240600006003,42.9925538426823,87.5,0.0,,1.1435105774728418,0.2420981632361349,34980.0,304.59375,0.0200235571260306,-97.969072,0.0015821342756183,,1.8235294117647056,5.77,0.0,44.07910061172083,0,0,1,0,0,0,0,0,1,0,0,0,0,0,0,0,0,0,0,0,1
6901028159753,202604,泰山(心悦),二类烟,0.0,0.8229558965454231,44.669493974984306,99.404762,0.0,,1.1435105774728418,0.2421016642714756,34980.0,370.7117117117117,0.5601907032181168,-99.0,0.0018511466030989,4.0,,6.56,3.64,43.89770214927542,0,0,1,0,0,0,0,0,1,0,0,0,1,0,0,0,0,0,0,0,0
6901028159753,202605,泰山(心悦),二类烟,0.0,-0.2056080362261099,44.72065804582084,100.0,0.0,,1.1435105774728418,0.2421004902716009,34980.0,90.88922155688624,0.1033653846153846,-98.404762,0.0056169807692307,50.0,2.0090090090090094,21.15,0.0,44.669493974984306,0,0,1,0,0,0,0,0,1,0,0,0,0,1,0,0,0,0,0,0,0
6901028159753,202606,泰山(心悦),二类烟,0.0,-11.643122151686356,44.463885938758196,97.546012,,,1.1435105774728418,0.2421008252912198,34980.0,72.3838383838384,,-99.0,0.0050067759036144,25.0,-0.1107784431137725,18.8,0.0,44.72065804582084,0,0,1,0,0,0,0,0,1,0,0,0,0,0,1,0,0,0,0,0,0
6901028160285,202503,黄金叶(乐途),二类烟,1.0,-0.5184441635663077,20.334965527714466,92.682927,,,1.1484823625922886,0.2421391038290135,30475.0,179.8942942942943,,-97.989298,0.0239909574468085,,inf,,,44.89708393435119,0,0,1,0,0,0,0,0,1,0,0,1,0,0,0,0,0,0,0,0,0
6901028160285,202505,黄金叶(乐途),二类烟,0.0,-2.2569624762509974,44.49339864991078,99.476987,,,1.1484823625922886,0.2421250111575359,30475.0,366.2487046632125,,-98.870634,0.0111500947867298,13.0,19.31578947368421,46.09,0.0,44.37863977078488,0,0,1,0,0,0,0,0,1,0,0,0,0,1,0,0,0,0,0,0,0
6901028160285,202506,黄金叶(乐途),二类烟,0.0,-0.7936356916555383,42.12167729453388,98.823529,,,1.1484823625922886,0.2421252530689598,30475.0,324.68664563617244,,-98.476987,0.0138008214285714,40.0,0.2318652849740932,57.38,0.0,44.49339864991078,0,0,1,0,0,0,0,0,1,0,0,0,0,0,1,0,0,0,0,0,0
6901028160285,202507,黄金叶(乐途),二类烟,0.0,2.5478859166478074,43.69976295825524,100.0,,,1.1484823625922886,0.2421246923707957,30475.0,1184.1309523809523,,-97.823529,0.0024438186157517,1.0,-0.8233438485804416,10.02,0.0,42.12167729453388,0,0,1,0,0,0,0,0,1,0,0,0,0,0,0,1,0,0,0,0,0
6901028160285,202508,黄金叶(乐途),二类烟,0.0,0.8466494773124751,44.66956321118169,98.570407,,,1.1484823625922886,0.2421217170278874,30475.0,611.9145077720208,,-99.0,0.0055816607354685,5.0,1.2976190476190474,22.89,0.0,43.69976295825524,0,0,1,0,0,0,0,0,1,0,0,0,0,0,0,0,1,0,0,0,0
6901028160285,202509,黄金叶(乐途),二类烟,0.0,-0.884344545907652,44.54641243556772,99.896907,,,1.1484823625922886,0.2421247221149779,30475.0,260.78752719361853,,-97.570407,0.0199643824228028,6.0,2.5725388601036268,55.7,47.97,44.66956321118169,0,0,1,0,0,0,0,0,1,0,0,0,0,0,0,0,0,1,0,0,0
6901028160285,202602,黄金叶(乐途),二类烟,0.0,-0.19690004040994324,44.54817412592694,99.134199,,,1.1484823625922886,0.2421308407436667,30475.0,215.66735112936345,,-97.883249,0.0140509585798816,139.0,,63.2,64.42,44.795898950035436,0,0,1,0,0,0,0,0,1,0,1,0,0,0,0,0,0,0,0,0,0
6901028160285,202603,黄金叶(乐途),二类烟,0.0,0.25722614727531834,44.59899890962549,98.975672,71.87,99.76,1.1484823625922886,0.2421479175547762,30475.0,307.2940320232896,1.0,-98.134199,0.009945997624703,25.0,-0.2946611909650923,54.39,50.0,44.54817412592694,0,0,1,0,0,0,0,0,1,0,0,1,0,0,0,0,0,0,0,0,0
6901028160285,202604,黄金叶(乐途),二类烟,0.0,0.24606650446402512,44.80540027320226,99.6614,97.11,99.87,1.1484823625922886,0.2421248515579648,30475.0,286.3738680465718,0.9404052443384984,-97.975672,0.0112310727056019,10.0,0.1251819505094613,42.43,11.8,44.59899890962549,0,0,1,0,0,0,0,0,1,0,0,0,1,0,0,0,0,0,0,0,0
6901028160285,202605,黄金叶(乐途),二类烟,0.0,-0.24105046896835347,44.84506541408952,97.894737,94.69,100.0,1.1484823625922886,0.2421091309085943,30475.0,209.86976217440545,0.5432692307692307,-98.6614,0.0129372235576923,15.0,0.1423027166882275,37.26,46.13,44.80540027320226,0,0,1,0,0,0,0,0,1,0,0,0,0,1,0,0,0,0,0,0,0
6901028160285,202606,黄金叶(乐途),二类烟,0.0,-1.021031242467899,44.564349804233906,97.802198,94.37,100.0,1.1484823625922886,0.242095703655946,30475.0,194.039100684262,0.9963855421686748,-96.894737,0.0150245421686747,11.0,0.1585503963759909,32.53,47.41,44.84506541408952,0,0,1,0,0,0,0,0,1,0,0,0,0,0,1,0,0,0,0,0,0
6901028162876,202503,黄金叶(喜满堂),三类烟,1.0,-0.17488155959830465,,0.0,87.07,100.0,1.1363636363636365,0.2421306732689519,22000.0,165.06680710201627,0.4846335697399527,-98.520815,0.0345654846335697,,-0.1776787923781243,,,43.810238542119365,0,1,0,0,0,0,0,1,0,0,0,1,0,0,0,0,0,0,0,0,0
6901028162876,202505,黄金叶(喜满堂),三类烟,0.0,-0.05331367368226836,43.537692719656086,99.740125,,,1.1363636363636365,0.2421019298589341,22000.0,225.32629310344828,,-98.570815,0.0241895734597156,3.0,inf,95.38,44.35,43.63535698252106,0,1,0,0,0,0,0,1,0,0,0,0,0,1,0,0,0,0,0,0,0
6901028162876,202506,黄金叶(喜满堂),三类烟,0.0,-0.9724411674117732,43.58204330883879,99.210111,,,1.1363636363636365,0.2421022431190487,22000.0,260.75351745700885,,-98.740125,0.0201038095238095,1.0,-0.1728448275862067,89.17,28.57,43.537692719656086,0,1,0,0,0,0,0,1,0,0,0,0,0,0,1,0,0,0,0,0,0
6901028162876,202507,黄金叶(喜满堂),三类烟,0.0,-1.6076400055037467,42.56525155224431,98.727466,100.0,100.0,1.1363636363636365,0.2419905363346844,22000.0,232.5668789808917,0.0250596658711217,-98.210111,0.0131894988066825,,-0.3454924439812402,40.21,86.65,43.58204330883879,0,1,0,0,0,0,0,1,0,0,0,0,0,0,0,1,0,0,0,0,0
6901028162876,202508,黄金叶(喜满堂),三类烟,0.0,0.04408572887921025,41.974403303335045,96.25,92.31,100.0,1.1363636363636365,0.2420776779611365,22000.0,610.499462943072,0.0154211150652431,-97.727466,0.0097186239620403,7.0,-0.2587579617834394,55.28,0.0,42.56525155224431,0,1,0,0,0,0,0,1,0,0,0,0,0,0,0,0,1,0,0,0,0
6901028162876,202509,黄金叶(喜满堂),三类烟,0.0,0.08128253354522741,42.60933728112352,96.316964,83.74,99.03,1.1363636363636365,0.2420785123966942,22000.0,824.7116883116884,0.2921615201900237,-95.25,0.0080475059382422,2.0,-0.1729323308270677,45.84,0.0,41.974403303335045,0,1,0,0,0,0,0,1,0,0,0,0,0,0,0,0,0,1,0,0,0
6901028162876,202510,黄金叶(喜满堂),三类烟,0.0,0.3786868510566066,42.05568583688027,98.288509,58.86,97.64,1.1363636363636365,0.2420745549352154,22000.0,594.1842410196987,0.58274231678487,-95.316964,0.0089768321513002,,0.1207792207792206,51.06,0.69,42.60933728112352,0,1,0,0,0,0,0,1,0,0,0,0,0,0,0,0,0,0,1,0,0
6901028162876,202511,黄金叶(喜满堂),三类烟,0.0,1.8606140271094134,42.98802413218013,96.376812,49.67,98.67,1.1363636363636365,0.2420757010402532,22000.0,794.9502487562188,0.1770956316410862,-97.288509,0.0041766233766233,,-0.5341830822711471,23.73,0.0,42.05568583688027,0,1,0,0,0,0,0,1,0,0,0,0,0,0,0,0,0,0,0,1,0
6901028162876,202512,黄金叶(喜满堂),三类烟,0.0,0.9708462830541293,43.916299863989686,99.861304,56.9,95.28,1.1363636363636365,0.2420757860560492,22000.0,457.0827067669173,0.2049469964664311,-95.376812,0.0027571260306242,,-0.3383084577114428,15.67,0.0,42.98802413218013,0,1,0,0,0,0,0,1,0,0,0,0,0,0,0,0,0,0,0,0,1
6901028162876,202601,黄金叶(喜满堂),三类烟,0.0,0.044193829402821905,43.95887041523426,99.407533,19.37,90.14,1.1363636363636365,0.241565183080808,22000.0,65.30555555555556,0.4292452830188679,-98.861304,0.0074716981132075,8.0,1.706766917293233,42.57,0.0,43.916299863989686,0,1,0,0,0,0,0,1,0,1,0,0,0,0,0,0,0,0,0,0,0
6901028162876,202602,黄金叶(喜满堂),三类烟,0.0,-0.08077439360572924,43.96049369339251,97.745964,95.59,100.0,1.1363636363636365,0.2421178741437362,22000.0,109.81502767134948,0.080473372781065,-98.407533,0.0489259171597633,11.0,5.525,98.82,94.61,43.95887041523426,0,1,0,0,0,0,0,1,0,0,1,0,0,0,0,0,0,0,0,0,0
6901028162876,202603,黄金叶(喜满堂),三类烟,0.0,-0.7389553901772032,43.87809602162853,99.862873,25.66,100.0,1.1363636363636365,0.2421147199637383,22000.0,108.88469928326582,1.0,-96.745964,0.06707648456057,2.0,0.3661132396764579,98.93,89.92,43.96049369339251,0,1,0,0,0,0,0,1,0,0,0,1,0,0,0,0,0,0,0,0,0
6901028162876,202604,黄金叶(喜满堂),三类烟,0.0,0.20022068267424942,43.221538303215304,99.7669,23.49,87.43,1.1363636363636365,0.2421023702524732,22000.0,137.40611053896328,0.8283671036948749,-98.862873,0.030553516090584,,-0.5461202866936741,91.54,77.99,43.87809602162853,0,1,0,0,0,0,0,1,0,0,0,0,1,0,0,0,0,0,0,0,0
6901028162876,202606,黄金叶(喜满堂),三类烟,1.0,0.10709626740926836,,0.0,8.3,82.35,1.1363636363636365,0.2420958706786171,22000.0,64.14185110663983,0.9963855421686748,-98.699097,0.0210775903614457,1.0,1.3224299065420562,93.49,28.22,44.07831670430278,0,1,0,0,0,0,0,1,0,0,0,0,0,0,1,0,0,0,0,0,0
6901028165242,202507,黄金叶(爱尚),二类烟,0.0,0.9489653585921403,37.47111994136939,100.0,,,1.1435105774728418,0.2421026300743282,34980.0,544.8095238095239,,-96.674419,0.0007012696897374,1.0,,2.51,0.0,43.41758506102609,0,0,1,0,0,0,0,0,1,0,0,0,0,0,0,1,0,0,0,0,0
6901028165242,202508,黄金叶(爱尚),二类烟,0.0,7.182692040657237,44.36655041961823,94.930876,,,1.1435105774728418,0.2421026300743282,34980.0,2699.7916666666665,,-99.0,0.0003983487544483,,-0.4285714285714286,1.42,0.0,37.47111994136939,0,0,1,0,0,0,0,0,1,0,0,0,0,0,0,0,1,0,0,0,0
6901028165242,202509,黄金叶(爱尚),二类烟,0.0,-0.9651746540873205,44.653811982026625,99.803536,,,1.1435105774728418,0.2421024566048837,34980.0,200.88834951456312,,-93.930876,0.0068464418052256,9.0,16.166666666666664,24.58,0.0,44.36655041961823,0,0,1,0,0,0,0,0,1,0,0,0,0,0,0,0,0,1,0,0,0
6901028165242,202510,黄金叶(爱尚),二类烟,0.0,-0.4546632448841521,43.40137576553091,100.0,,,1.1435105774728418,0.2421021376669683,34980.0,96.7509842519685,,-98.803536,0.0168036312056737,192.0,1.4660194174757284,45.15,34.82,44.653811982026625,0,0,1,0,0,0,0,0,1,0,0,0,0,0,0,0,0,0,1,0,0
6901028165242,202511,黄金叶(爱尚),二类烟,0.0,0.8032352802823866,44.19914873714247,99.141631,26.32,100.0,1.1435105774728418,0.2421023902440895,34980.0,550.6577181208054,0.0672963400236127,-99.0,0.0024614025974025,4.0,-0.8533464566929134,8.85,0.0,43.40137576553091,0,0,1,0,0,0,0,0,1,0,0,0,0,0,0,0,0,0,0,1,0
6901028165242,202512,黄金叶(爱尚),二类烟,0.0,-3.5223845898329174,44.204611045813294,98.540146,,,1.1435105774728418,0.2421018565958531,34980.0,261.4891774891775,,-98.141631,0.0038070106007067,1.0,0.5503355704697988,12.49,11.32,44.19914873714247,0,0,1,0,0,0,0,0,1,0,0,0,0,0,0,0,0,0,0,0,1
6901028165242,202601,黄金叶(爱尚),二类烟,0.0,-0.04004405685576273,40.676764147309555,100.0,0.0,,1.1435105774728418,0.2421007771636702,34980.0,259.39259259259256,0.9846698113207548,-97.540146,0.0022275,31.0,-0.4155844155844156,8.37,0.0,44.204611045813294,0,0,1,0,0,0,0,0,1,1,0,0,0,0,0,0,0,0,0,0,0
6901028165242,202602,黄金叶(爱尚),二类烟,1.0,3.699760811429954,44.16456698895753,97.777778,,,1.1435105774728418,0.2420668953687821,34980.0,1534.2,,-99.0,0.0010763076923076,3.0,-0.5185185185185186,7.69,0.0,40.676764147309555,0,0,1,0,0,0,0,0,1,0,1,0,0,0,0,0,0,0,0,0,0
6901028165242,202603,黄金叶(爱尚),二类烟,0.0,-0.09034321644131182,44.37652495873951,98.275862,0.0,,1.1435105774728418,0.2420668953687821,34980.0,270.2301136363636,0.002375296912114,-96.777778,0.0058493871733966,66.0,4.415384615384615,33.02,26.62,44.16456698895753,0,0,1,0,0,0,0,0,1,0,0,1,0,0,0,0,0,0,0,0,0
6901028165242,202604,黄金叶(爱尚),二类烟,0.0,-0.2792590098291541,44.07422377251622,97.26776,29.41,100.0,1.1435105774728418,0.2421001223756933,34980.0,197.0204678362573,0.0202622169249106,-97.275862,0.0057035327771156,14.0,-0.0284090909090908,20.86,4.57,44.37652495873951,0,0,1,0,0,0,0,0,1,0,0,0,1,0,0,0,0,0,0,0,0
6901028165242,202605,黄金叶(爱尚),二类烟,0.0,-2.8503728978034815,44.097265948910355,97.416021,100.0,100.0,1.1435105774728418,0.2421018270472372,34980.0,306.7584269662922,0.0036057692307692,-96.26776,0.0029934807692307,12.0,-0.4795321637426901,10.94,0.0,44.07422377251622,0,0,1,0,0,0,0,0,1,0,0,0,0,1,0,0,0,0,0,0,0
6901028165242,202606,黄金叶(爱尚),二类烟,1.0,-11.034616872904529,41.22385087471274,94.693878,3.17,85.71,1.1435105774728418,0.2420940044557481,34980.0,297.55968169761275,0.9963855421686748,-96.416021,0.0063554024096385,19.0,1.1179775280898876,14.34,34.45,44.097265948910355,0,0,1,0,0,0,0,0,1,0,0,0,0,0,1,0,0,0,0,0,0
6901028165860,202601,黄金叶(天叶细支),一类烟,0.0,-1.3564908946953693,43.16922225711035,100.0,,,1.179245283018868,0.3088785377358491,212000.0,1051.4,,-99.0,0.001,5.0,-0.2857142857142857,0.59,0.0,65.32007496852358,1,0,0,0,0,0,0,0,1,1,0,0,0,0,0,0,0,0,0,0,0
6901028165860,202603,黄金叶(天叶细支),一类烟,0.0,19.0643334930409,63.963584073828216,100.0,,,1.179245283018868,0.3088856132075472,212000.0,9167.999999999998,,-99.0,0.0002007100591715,,-0.8,0.24,0.0,43.16922225711035,1,0,0,0,0,0,0,0,1,0,0,1,0,0,0,0,0,0,0,0,0
6901028165860,202604,黄金叶(天叶细支),一类烟,0.0,4.141473633686644,62.23355575015125,100.0,,,1.179245283018868,0.3088832547169812,212000.0,1543.5,,-99.0,0.001010727056019,1.0,4.0,0.6,0.0,63.963584073828216,1,0,0,0,0,0,0,0,1,0,0,0,1,0,0,0,0,0,0,0,0
6901028165860,202605,黄金叶(天叶细支),一类烟,1.0,5.536174989602124,68.10505770751486,94.285714,75.0,100.0,1.179245283018868,0.3088836477987421,212000.0,2170.5,0.0096153846153846,-99.0,0.0006115384615384,,-0.4,0.36,0.0,62.23355575015125,1,0,0,0,0,0,0,0,1,0,0,0,0,1,0,0,0,0,0,0,0
6901028165860,202606,黄金叶(天叶细支),一类烟,1.0,-1.5645331014832067,67.76973073975337,84.375,,,1.179245283018868,0.3088841838193253,212000.0,42.74242424242424,,-93.285714,0.0134862650602409,35.0,21.0,5.06,30.95,68.10505770751486,1,0,0,0,0,0,0,0,1,0,0,0,0,0,1,0,0,0,0,0,0
6901028169967,202606,黄金叶(天叶),一类烟,0.0,-22.97656300336653,84.18322486815964,100.0,31.36,95.45,1.474056603773585,0.3084745970911949,169600.0,571.6666666666666,0.4026442307692308,-99.0,0.0009784615384615,4.0,,0.72,0.0,85.8454945642918,1,0,0,0,0,0,0,0,1,0,0,0,0,0,1,0,0,0,0,0,0
6901028172509,202502,黄金叶(商鼎),一类烟,0.0,-12.364778376060599,53.94380391463414,99.319728,80.11,100.0,1.1428571428571428,0.2754713728766361,43750.0,85.78557504873295,0.995260663507109,-95.428571,0.0425473933649289,114.0,,81.99,87.28,54.608980899372504,1,0,0,0,0,0,0,0,1,0,1,0,0,0,0,0,0,0,0,0,0
6901028172509,202503,黄金叶(商鼎),一类烟,0.0,-0.3951010133299562,42.244202523311905,95.238095,78.26,100.0,1.1428571428571428,0.2755383561643835,43750.0,334.1078767123288,0.4349881796690307,-98.319728,0.012080378250591,,-0.7153996101364523,,,53.94380391463414,1,0,0,0,0,0,0,0,1,0,0,1,0,0,0,0,0,0,0,0,0
6901028172509,202504,黄金叶(商鼎),一类烟,0.0,10.532037243643387,53.54870290130418,99.410029,,,1.1428571428571428,0.2755142857142857,43750.0,4571.4,,-94.238095,0.0008284023668639,,-0.9315068493150684,2.37,0.0,42.244202523311905,1,0,0,0,0,0,0,0,1,0,0,0,1,0,0,0,0,0,0,0,0
6901028172509,202505,黄金叶(商鼎),一类烟,0.0,-0.28139862344964683,52.77623976695529,98.058252,95.0,100.0,1.1428571428571428,0.2755147096227215,43750.0,474.7270029673591,0.0236966824644549,-98.410029,0.0069875592417061,,7.425000000000001,20.38,0.0,53.54870290130418,1,0,0,0,0,0,0,0,1,0,0,0,0,1,0,0,0,0,0,0,0
6901028172509,202506,黄金叶(商鼎),一类烟,0.0,1.6476961888605004,53.267304277854535,99.371069,81.97,96.08,1.1428571428571428,0.2755145685997171,43750.0,754.6501650165017,0.0726190476190476,-97.058252,0.0063125,,-0.1008902077151335,18.21,0.0,52.77623976695529,1,0,0,0,0,0,0,0,1,0,0,0,0,0,1,0,0,0,0,0,0
6901028172509,202507,黄金叶(商鼎),一类烟,0.0,0.13607721017116603,54.42393595581579,99.464525,75.0,100.0,1.1428571428571428,0.2754837251356238,43750.0,573.3449367088607,0.0047732696897374,-98.371069,0.006599045346062,2.0,0.0429042904290428,19.21,0.0,53.267304277854535,1,0,0,0,0,0,0,0,1,0,0,0,0,0,0,1,0,0,0,0,0
6901028172509,202508,黄金叶(商鼎),一类烟,0.0,-2.2486221127758412,53.4033814880257,99.438202,59.39,95.21,1.1428571428571428,0.2755116323783887,43750.0,157.21130551816958,0.3665480427046263,-98.464525,0.0154240806642941,9.0,1.3512658227848102,41.87,0.0,54.42393595581579,1,0,0,0,0,0,0,0,1,0,0,0,0,0,0,0,1,0,0,0,0
6901028172509,202509,黄金叶(商鼎),一类烟,1.0,0.06326146401105603,52.17531384303995,85.051546,,,1.1428571428571428,0.2755125100887813,43750.0,527.1525423728814,,-98.438202,0.0036787410926365,1.0,-0.7617765814266487,9.74,0.0,53.4033814880257,1,0,0,0,0,0,0,0,1,0,0,0,0,0,0,0,0,1,0,0,0
6901028172509,202510,黄金叶(商鼎),一类烟,0.0,1.605915107258646,53.46664295203676,98.958333,,,1.1428571428571428,0.2755144588744588,43750.0,972.4121212121212,,-84.051546,0.0034131205673758,,-0.0677966101694914,7.45,31.75,52.17531384303995,1,0,0,0,0,0,0,0,1,0,0,0,0,0,0,0,0,0,1,0,0
6901028172509,202511,黄金叶(商鼎),一类烟,0.0,-0.5983409975319063,53.7812289502986,99.763033,,,1.1428571428571428,0.2755147869674185,43750.0,504.4736842105264,,-97.958333,0.0058884297520661,3.0,0.7272727272727271,17.12,0.0,53.46664295203676,1,0,0,0,0,0,0,0,1,0,0,0,0,0,0,0,0,0,0,1,0
6901028172509,202512,黄金叶(商鼎),一类烟,0.0,0.7558965324229163,52.86830195450485,100.0,,,1.1428571428571428,0.2755098744485917,43750.0,389.935866983373,,-98.763033,0.0086778563015312,7.0,0.4771929824561405,25.44,0.0,53.7812289502986,1,0,0,0,0,0,0,0,1,0,0,0,0,0,0,0,0,0,0,0,1
6901028172509,202601,黄金叶(商鼎),一类烟,0.0,1.0706015547676202,54.537125482721514,99.662874,0.0,,1.1428571428571428,0.2755075060532687,43750.0,720.521186440678,0.9846698113207548,-99.0,0.0048702830188679,10.0,-0.4394299287410926,14.5,0.0,52.86830195450485,1,0,0,0,0,0,0,0,1,1,0,0,0,0,0,0,0,0,0,0,0
6901028172509,202602,黄金叶(商鼎),一类烟,0.0,-2.7046473823514745,53.93890350927247,99.295775,,,1.1428571428571428,0.2755242283298097,43750.0,117.55771670190272,,-98.662874,0.0489792899408284,168.0,9.021186440677967,57.4,80.82,54.537125482721514,1,0,0,0,0,0,0,0,1,0,1,0,0,0,0,0,0,0,0,0,0
6901028172509,202603,黄金叶(商鼎),一类烟,0.0,-0.6307337254462198,51.83247810037004,97.959184,43.55,100.0,1.1428571428571428,0.2755409321175279,43750.0,336.1631205673759,0.0558194774346793,-98.295775,0.0117220902612826,17.0,-0.7615221987315011,41.09,63.01,53.93890350927247,1,0,0,0,0,0,0,0,1,0,0,1,0,0,0,0,0,0,0,0,0
6901028172509,202604,黄金叶(商鼎),一类烟,0.0,2.2353113070651105,53.30816978382625,98.571429,57.58,90.0,1.1428571428571428,0.2755130952380952,43750.0,1096.5069444444446,0.0393325387365911,-96.959184,0.0030035756853396,1.0,-0.7446808510638299,8.46,2.82,51.83247810037004,1,0,0,0,0,0,0,0,1,0,0,0,1,0,0,0,0,0,0,0,0
6901028172509,202605,黄金叶(商鼎),一类烟,0.0,0.5830347487492915,54.06778940743515,99.365751,41.89,87.88,1.1428571428571428,0.2754927536231884,43750.0,559.5144927536231,0.0889423076923077,-97.571429,0.0058052884615384,,0.916666666666667,13.22,29.09,53.30816978382625,1,0,0,0,0,0,0,0,1,0,0,0,0,1,0,0,0,0,0,0,0
6901028172509,202606,黄金叶(商鼎),一类烟,0.0,-0.5338996074410218,53.89120453257554,97.782705,9.98,68.09,1.1428571428571428,0.2754755015197568,43750.0,282.3595744680852,0.4578313253012048,-98.365751,0.0099096385542168,10.0,0.7028985507246375,20.84,43.93,54.06778940743515,1,0,0,0,0,0,0,0,1,0,0,0,0,0,1,0,0,0,0,0,0
6901028172936,202505,黄金叶(乐途硬),一类烟,0.0,-21.15914479357676,53.33367087252766,96.153846,,,1.1428571428571428,0.2755142857142857,43750.0,1414.657894736842,,-94.0,0.0007879146919431,,,2.25,0.0,50.95492752069458,1,0,0,0,0,0,0,0,1,0,0,0,0,1,0,0,0,0,0,0,0
6901028172936,202506,黄金叶(乐途硬),一类烟,0.0,1.150502639020857,29.79578272711782,100.0,,,1.1428571428571428,0.2755148571428571,43750.0,552.67,,-95.153846,0.0020833333333333,,1.6315789473684212,6.07,0.0,53.33367087252766,1,0,0,0,0,0,0,0,1,0,0,0,0,0,1,0,0,0,0,0,0
6901028177153,202502,云烟(硬苁蓉),二类烟,1.0,-22.06078358883594,,0.0,,,1.1353711790393013,0.2420946835793997,28625.0,435.3412698412699,,-92.333333,0.0017093601895734,1.0,,14.93,0.0,42.96152172180881,0,0,1,0,0,0,0,0,1,0,1,0,0,0,0,0,0,0,0,0,0
6901028177153,202504,云烟(硬苁蓉),二类烟,0.0,6.500282248157557,43.481600786890226,97.979798,,,1.1353711790393013,0.242117903930131,28625.0,8432.625,,-79.0,0.0001084023668639,,inf,0.47,0.0,20.90073813297287,0,0,1,0,0,0,0,0,1,0,0,0,1,0,0,0,0,0,0,0,0
6901028177153,202505,云烟(硬苁蓉),二类烟,1.0,0.2716442027530519,27.401020381130426,80.0,100.0,100.0,1.1353711790393013,0.2421302840678882,28625.0,250.72680412371133,0.0047393364928909,-96.979798,0.0026318720379146,1.0,23.25,11.49,0.0,43.481600786890226,0,0,1,0,0,0,0,0,1,0,0,0,0,1,0,0,0,0,0,0,0
6901028177153,202506,云烟(硬苁蓉),二类烟,0.0,16.236877877855523,43.75324498964328,98.214286,,,1.1353711790393013,0.2421288209606987,28625.0,6078.125,,-79.0,0.0001090476190476,,-0.9587628865979382,0.48,0.0,27.401020381130426,0,0,1,0,0,0,0,0,1,0,0,0,0,0,1,0,0,0,0,0,0
6901028177214,202508,冬虫夏草(和润),一类烟,0.0,-4.576700541302081,67.56165409140525,58.196721,82.66,98.61,1.179245283018868,0.3088915094339622,106000.0,3940.1666666666665,0.2052194543297746,-84.714286,0.0003017793594306,3.0,,0.36,0.0,57.35268403418888,1,0,0,0,0,0,0,0,1,0,0,0,0,0,0,0,1,0,0,0,0
6901028177214,202509,冬虫夏草(和润),一类烟,0.0,-16.655166423307968,52.7759834928868,100.0,,,1.179245283018868,0.3088915094339622,106000.0,240.4647887323944,,-57.196721,0.003575296912114,60.0,10.833333333333332,7.48,0.0,67.56165409140525,1,0,0,0,0,0,0,0,1,0,0,0,0,0,0,0,0,1,0,0,0
6901028177214,202510,冬虫夏草(和润),一类烟,0.0,14.76146496434071,50.90648766809728,100.0,,,1.179245283018868,0.3088915094339622,106000.0,5598.75,,-99.0,0.0002004728132387,,-0.943661971830986,0.24,0.0,52.7759834928868,1,0,0,0,0,0,0,0,1,0,0,0,0,0,0,0,0,0,1,0,0
6901028177214,202605,冬虫夏草(和润),一类烟,1.0,5.392389862504125,66.98333356608369,93.478261,100.0,100.0,1.179245283018868,0.3088915094339622,106000.0,2793.222222222222,0.00119189511323,-99.0,0.0004548271752085,,,0.6,0.0,60.51756646984118,1,0,0,0,0,0,0,0,1,0,0,0,0,1,0,0,0,0,0,0,0
6901028177214,202606,冬虫夏草(和润),一类烟,1.0,-7.79656605114188,65.9099563323453,60.97561,65.0,90.24,1.179245283018868,0.3088915094339622,106000.0,450.046511627907,0.072289156626506,-92.478261,0.002196626506024,7.0,3.7777777777777777,2.65,18.18,66.98333356608369,1,0,0,0,0,0,0,0,1,0,0,0,0,0,1,0,0,0,0,0,0
6901028178105,202511,黄鹤楼(硬天下胜景),一类烟,0.0,-1.3869731944230494,59.77067138897615,97.777778,,,1.2264150943396226,0.2754042786354106,53000.0,251.25757575757572,,-98.497487,0.0049558441558441,58.0,,9.56,0.0,61.89075073613828,1,0,0,0,0,0,0,0,1,0,0,0,0,0,0,0,0,0,0,1,0
6901028178105,202512,黄鹤楼(硬天下胜景),一类烟,0.0,2.542104502573764,60.50377754171523,100.0,,,1.2264150943396226,0.2755085048599199,53000.0,1030.871212121212,,-96.777778,0.0032961130742049,20.0,-0.3333333333333333,7.77,0.0,59.77067138897615,1,0,0,0,0,0,0,0,1,0,0,0,0,0,0,0,0,0,0,0,1
6901028178105,202601,黄鹤楼(硬天下胜景),一类烟,0.0,0.22850410201073146,62.31277589154991,98.787879,,,1.2264150943396226,0.2755188679245283,53000.0,766.3194444444445,,-99.0,0.0036,71.0,0.0909090909090908,12.5,0.0,60.50377754171523,1,0,0,0,0,0,0,0,1,1,0,0,0,0,0,0,0,0,0,0,0
6901028178105,202602,黄鹤楼(硬天下胜景),一类烟,0.0,-0.9509725838468412,60.73228164372596,100.0,,,1.2264150943396226,0.2755188679245283,53000.0,110.7435582822086,,-97.787879,0.0204473372781065,189.0,4.659722222222222,42.25,19.05,62.31277589154991,1,0,0,0,0,0,0,0,1,0,1,0,0,0,0,0,0,0,0,0,0
6901028178105,202603,黄鹤楼(硬天下胜景),一类烟,0.0,1.5519306778754327,61.36180330770307,98.039216,,,1.2264150943396226,0.2755188679245283,53000.0,683.5102040816325,,-99.0,0.002467458432304,,-0.8797546012269939,8.31,40.0,60.73228164372596,1,0,0,0,0,0,0,0,1,0,0,1,0,0,0,0,0,0,0,0,0
6901028178105,202604,黄鹤楼(硬天下胜景),一类烟,0.0,1.015303454847725,62.284212321601395,100.0,,,1.2264150943396226,0.2755188679245283,53000.0,455.3733333333333,,-97.039216,0.0037902264600715,,0.5306122448979591,6.91,0.0,61.36180330770307,1,0,0,0,0,0,0,0,1,0,0,0,1,0,0,0,0,0,0,0,0
6901028178105,202605,黄鹤楼(硬天下胜景),一类烟,0.0,-0.7654895760963356,62.377106762550795,99.040307,,,1.2264150943396226,0.2755188679245283,53000.0,121.09491525423728,,-99.0,0.0150336538461538,33.0,2.933333333333333,33.29,0.0,62.284212321601395,1,0,0,0,0,0,0,0,1,0,0,0,0,1,0,0,0,0,0,0,0
6901028178105,202606,黄鹤楼(硬天下胜景),一类烟,0.0,-0.6529928443590265,61.51872274550506,100.0,,,1.2264150943396226,0.2755188679245283,53000.0,87.43023255813952,,-98.040307,0.0131797590361445,2.0,-0.1254237288135592,22.65,21.28,62.377106762550795,1,0,0,0,0,0,0,0,1,0,0,0,0,0,1,0,0,0,0,0,0
6901028178648,202606,黄鹤楼(珍品细支),一类烟,0.0,-6.121962944658215,67.31508070147231,99.280576,88.13,98.45,1.1792452830188678,0.3089098532494759,95400.0,648.375,0.3542168674698795,-95.0,0.0011034216867469,1.0,,1.45,0.0,66.44155455325263,1,0,0,0,0,0,0,0,1,0,0,0,0,0,1,0,0,0,0,0,0
6901028179270,202502,红金龙(软精品),三类烟,0.0,-0.06190782391733762,51.871531511100684,99.452675,,,1.2208657047724751,0.2421135174688599,22525.0,60.16869334512492,,-98.183159,0.1931385308056872,3.0,,99.88,99.76,51.94067477639113,0,1,0,0,0,0,0,1,0,0,1,0,0,0,0,0,0,0,0,0,0
6901028179270,202503,红金龙(软精品),三类烟,0.0,0.06973706325468498,51.87876695247379,99.362881,99.01,100.0,1.2208657047724751,0.2421158702431716,22525.0,85.4811651959389,0.9550827423167848,-98.452675,0.1122415957446808,,-0.4174773380499668,,,51.871531511100684,0,1,0,0,0,0,0,1,0,0,0,1,0,0,0,0,0,0,0,0,0
6901028179270,202504,红金龙(软精品),三类烟,0.0,-0.18259092323434345,51.94126857435537,99.483871,98.82,100.0,1.2208657047724751,0.2421192118825111,22525.0,83.2214478208345,0.9988165680473372,-98.362881,0.1147415502958579,2.0,0.0210646171363506,100.0,99.29,51.87876695247379,0,1,0,0,0,0,0,1,0,0,0,0,1,0,0,0,0,0,0,0,0
6901028179270,202505,红金龙(软精品),三类烟,0.0,0.02669440291580827,51.696176029239446,99.31185,98.93,100.0,1.2208657047724751,0.2421147185994672,22525.0,60.08375998361664,1.0,-98.483871,0.1563832819905213,1.0,0.361304711458043,100.0,99.29,51.94126857435537,0,1,0,0,0,0,0,1,0,0,0,0,0,1,0,0,0,0,0,0,0
6901028179270,202509,红金龙(软精品),三类烟,0.0,0.9390497946584304,51.86091943510341,99.259914,99.22,99.88,1.2208657047724751,0.2421197647412678,22525.0,447.7381974248927,1.0,-96.02558,0.017452862232779,1.0,-0.5090307043949428,91.92,5.56,50.87308362312783,0,1,0,0,0,0,0,1,0,0,0,0,0,0,0,0,0,1,0,0,0
6901028179270,202510,红金龙(软精品),三类烟,0.0,-0.08400684068744368,51.812133417786264,99.584609,99.12,99.76,1.2208657047724751,0.2421196568444241,22525.0,89.7375918094814,0.6784869976359338,-98.259914,0.0957019621749409,7.0,4.509503372164317,99.65,61.09,51.86091943510341,0,1,0,0,0,0,0,1,0,0,0,0,0,0,0,0,0,0,1,0,0
6901028179270,202511,红金龙(软精品),三类烟,0.0,-0.24869165467996623,51.77691259441597,99.093293,,,1.2208657047724751,0.2419324546089172,22525.0,87.11624588364435,,-98.584609,0.096908028335301,2.0,0.0137992432673046,99.76,99.41,51.812133417786264,0,1,0,0,0,0,0,1,0,0,0,0,0,0,0,0,0,0,0,1,0
6901028179270,202512,红金龙(软精品),三类烟,0.0,0.20863728885326793,51.5634417631063,99.373695,,,1.2208657047724751,0.241892574927771,22525.0,95.55539631793629,,-98.093293,0.0962658539458186,3.0,-0.0042810098792535,99.88,43.75,51.77691259441597,0,1,0,0,0,0,0,1,0,0,0,0,0,0,0,0,0,0,0,0,1
6901028179270,202601,红金龙(软精品),三类烟,0.0,0.4385878053546435,51.985549883269236,99.356356,,,1.2208657047724751,0.2421092576875367,22525.0,196.41491596638656,,-98.373695,0.0101149999999999,,-0.8950501598500716,48.7,0.0,51.5634417631063,0,1,0,0,0,0,0,1,0,1,0,0,0,0,0,0,0,0,0,0,0
6901028179270,202602,红金龙(软精品),三类烟,0.0,-0.044089156890528614,52.00202956846094,99.836172,,,1.2208657047724751,0.2421154629761624,22525.0,44.11706324488186,,-98.356356,0.2567690059171597,1.0,24.295168067226893,100.0,99.76,51.985549883269236,0,1,0,0,0,0,0,1,0,0,1,0,0,0,0,0,0,0,0,0,0
6901028179270,202603,红金龙(软精品),三类烟,0.0,-0.05813940856369726,51.94146072637871,99.653658,,,1.2208657047724751,0.2421154837626495,22525.0,38.14712613896446,,-98.836172,0.2477964014251781,,-0.0383704995639715,99.88,95.6,52.00202956846094,0,1,0,0,0,0,0,1,0,0,0,1,0,0,0,0,0,0,0,0,0
6901028179270,202604,红金龙(软精品),三类烟,0.0,-0.10855765028389897,51.943890159897244,99.704475,,100.0,1.2208657047724751,0.2421191094596276,22525.0,60.49029414257862,,-98.653658,0.1266876877234803,,-0.4905644081703156,99.76,99.4,51.94146072637871,0,1,0,0,0,0,0,1,0,0,0,0,1,0,0,0,0,0,0,0,0
6901028179270,202605,红金龙(软精品),三类烟,0.0,0.10923498622921102,51.83290307609481,99.544534,95.32,98.3,1.2208657047724751,0.2421090891716801,22525.0,58.523218066337336,1.0,-98.704475,0.1534515625,,0.2011528354666441,99.52,75.72,51.943890159897244,0,1,0,0,0,0,0,1,0,0,0,0,0,1,0,0,0,0,0,0,0
6901028179270,202606,红金龙(软精品),三类烟,0.0,0.1430413793445311,52.053125146126455,99.659735,93.15,98.29,1.2208657047724751,0.2421156819674086,22525.0,99.45958312150482,1.0,-98.544534,0.0640578433734939,1.0,-0.5835568101623148,99.52,98.43,51.83290307609481,0,1,0,0,0,0,0,1,0,0,0,0,0,0,1,0,0,0,0,0,0
6901028179324,202502,黄鹤楼(硬珍品),一类烟,1.0,-9.89057081056432,60.22462897475482,91.724138,108.95,98.81,1.179245283018868,0.3088929837946206,84800.0,18.715604372937293,1.0,-98.627527,1.5587124170616116,122.0,,99.88,98.58,68.17142786982879,1,0,0,0,0,0,0,0,1,0,1,0,0,0,0,0,0,0,0,0,0
6901028179324,202503,黄鹤楼(硬珍品),一类烟,0.0,7.301860587472049,58.28085705926447,92.631579,94.08,99.88,1.179245283018868,0.3088944353809051,84800.0,2899.6992481203006,0.9988179669030732,-90.724138,0.0053325768321513,,-0.9965707508250824,,,60.22462897475482,1,0,0,0,0,0,0,0,1,0,0,1,0,0,0,0,0,0,0,0,0
6901028179324,202505,黄鹤楼(硬珍品),一类烟,1.0,-4.196983721408984,,0.0,93.24,99.52,1.179245283018868,0.3088886926983487,84800.0,252.90285204991085,0.5308056872037915,-98.64476,0.0450927014218009,,11.750000000000002,48.93,35.11,67.52648956222687,1,0,0,0,0,0,0,0,1,0,0,0,0,1,0,0,0,0,0,0,0
6901028179324,202508,黄鹤楼(硬珍品),一类烟,1.0,15.427024724770853,,0.0,88.92,96.99,1.179245283018868,0.3077830188679245,84800.0,33072.625,0.9988137603795968,-79.0,0.0003218979833926,,-0.9090909090909092,0.47,0.0,42.839276206063964,1,0,0,0,0,0,0,0,1,0,0,0,0,0,0,0,1,0,0,0,0
6901028179324,202602,黄鹤楼(硬珍品),一类烟,0.0,0.03982991789320067,67.85281909677875,98.5388,76.71,92.66,1.179245283018868,0.3088897443936264,84800.0,137.1245696862398,0.9988165680473372,-98.427901,0.8162476686390533,805.0,inf,99.41,98.57,67.84628326661719,1,0,0,0,0,0,0,0,1,0,1,0,0,0,0,0,0,0,0,0,0
6901028179324,202603,黄鹤楼(硬珍品),一类烟,0.0,-0.007319110392757011,67.88611318451039,99.369483,66.16,97.96,1.179245283018868,0.3088924151744726,84800.0,135.04563777713793,0.9026128266033254,-97.5388,0.2798198574821852,1.0,-0.6584046424707386,93.94,81.67,67.85281909677875,1,0,0,0,0,0,0,0,1,0,0,1,0,0,0,0,0,0,0,0,0
6901028179324,202604,黄鹤楼(硬珍品),一类烟,0.0,-1.3162083924627694,67.84549998638599,99.091696,69.44,98.13,1.179245283018868,0.3088903571257542,84800.0,122.75676818950932,0.8760429082240763,-98.369483,0.0955743504171632,,-0.659660236107112,89.27,3.34,67.88611318451039,1,0,0,0,0,0,0,0,1,0,0,0,1,0,0,0,0,0,0,0,0
6901028179324,202605,黄鹤楼(硬珍品),一类烟,0.0,-0.5321672165190705,66.56990479204762,98.774081,66.97,96.3,1.179245283018868,0.3088920035742816,84800.0,137.65342645133128,0.7920673076923077,-98.091696,0.0934023076923076,,-0.0308798646362098,74.04,25.49,67.84549998638599,1,0,0,0,0,0,0,0,1,0,0,0,0,1,0,0,0,0,0,0,0
6901028179324,202606,黄鹤楼(硬珍品),一类烟,0.0,-0.9944818236071313,67.31333276986692,98.720843,68.69,96.97,1.179245283018868,0.3088895022079486,84800.0,599.654255319149,0.6759036144578313,-97.774081,0.0230492530120481,,-0.753819292885203,31.08,3.88,66.56990479204762,1,0,0,0,0,0,0,0,1,0,0,0,0,0,1,0,0,0,0,0,0
6901028179348,202502,黄鹤楼(软红),一类烟,0.0,-1.8221495556107072,53.89166456803092,99.36969,106.75,99.64,1.1408512505484862,0.2755213361363744,56975.0,39.0945144226554,1.0,-98.329424,0.9239400829383886,7.0,,99.17,97.85,54.56652223967949,1,0,0,0,0,0,0,0,1,0,1,0,0,0,0,0,0,0,0,0,0
6901028179348,202503,黄鹤楼(软红),一类烟,0.0,-0.34317228082987583,52.744372684068786,98.42615,100.0,100.0,1.1408512505484862,0.2755166419116773,56975.0,283.15195808052954,0.0047281323877068,-98.36969,0.0976791252955082,,-0.8940292836893942,,,53.89166456803092,1,0,0,0,0,0,0,0,1,0,0,1,0,0,0,0,0,0,0,0,0
6901028179348,202504,黄鹤楼(软红),一类烟,0.0,-12.584620319905902,53.54849228720104,99.014085,,100.0,1.1408512505484862,0.2755155770074594,56975.0,698.8118081180812,,-97.42615,0.0219269467455621,,-0.7757859900717043,48.4,0.0,52.744372684068786,1,0,0,0,0,0,0,0,1,0,0,0,1,0,0,0,0,0,0,0,0
6901028179348,202506,黄鹤楼(软红),一类烟,1.0,14.015578575678333,,0.0,,,1.1408512505484862,0.2755155770074594,56975.0,5259.44262295082,,-93.573643,0.0033099761904761,,-0.9132290184921764,7.26,0.0,40.159752364162884,1,0,0,0,0,0,0,0,1,0,0,0,0,0,1,0,0,0,0,0,0
6901028179348,202508,黄鹤楼(软红),一类烟,0.0,0.1972628593812047,54.326516296859936,98.797327,,,1.1408512505484862,0.2754953029944506,56975.0,178.03795524352785,,-97.914931,0.1232227995255041,13.0,inf,90.51,54.13,54.17533093984122,1,0,0,0,0,0,0,0,1,0,0,0,0,0,0,0,1,0,0,0,0
6901028179348,202509,黄鹤楼(软红),一类烟,0.0,-0.17305894961064894,54.37259379922242,99.420981,,,1.1408512505484862,0.2755204436476695,56975.0,125.97520288548242,,-97.797327,0.1200670308788598,3.0,-0.0267661254936375,84.09,89.97,54.326516296859936,1,0,0,0,0,0,0,0,1,0,0,0,0,0,0,0,0,1,0,0,0
6901028179348,202510,黄鹤楼(软红),一类烟,0.0,-0.44878125203290153,54.15345734724929,99.327423,,,1.1408512505484862,0.2755223339663378,56975.0,109.481843096951,,-98.420981,0.1572671631205673,15.0,0.3160504959422903,84.04,79.04,54.37259379922242,1,0,0,0,0,0,0,0,1,0,0,0,0,0,0,0,0,0,1,0,0
6901028179348,202511,黄鹤楼(软红),一类烟,0.0,-1.535021637948283,53.92381254718952,99.020347,,,1.1408512505484862,0.2751776865626187,56975.0,151.5207756232687,,-98.327423,0.0874199645808736,5.0,-0.4434737923946557,76.03,84.47,54.15345734724929,1,0,0,0,0,0,0,0,1,0,0,0,0,0,0,0,0,0,0,1,0
6901028179348,202512,黄鹤楼(软红),一类烟,0.0,0.4297453368728412,52.618435709301004,99.717514,,,1.1408512505484862,0.2753485433476056,56975.0,253.27207001522072,,-98.020347,0.0705443109540636,4.0,-0.1911357340720221,67.96,24.61,53.92381254718952,1,0,0,0,0,0,0,0,1,0,0,0,0,0,0,0,0,0,0,0,1
6901028179348,202601,黄鹤楼(软红),一类烟,0.0,1.390546604416329,54.35355788406236,99.330531,0.0,,1.1408512505484862,0.2754575275921177,56975.0,738.1558073654392,0.5400943396226415,-98.717514,0.0189737499999999,5.0,-0.7313546423135464,41.63,27.48,52.618435709301004,1,0,0,0,0,0,0,0,1,1,0,0,0,0,0,0,0,0,0,0,0
6901028179348,202602,黄鹤楼(软红),一类烟,0.0,-1.4316650577110224,54.00898231371733,98.054275,100.63,99.37,1.1408512505484862,0.2755206159734764,56975.0,116.1940961337513,0.6461538461538462,-98.330531,0.5162137278106509,18.0,26.11048158640227,87.1,88.72,54.35355788406236,1,0,0,0,0,0,0,0,1,0,1,0,0,0,0,0,0,0,0,0,0
6901028179348,202603,黄鹤楼(软红),一类烟,0.0,-0.7857559832790315,52.92189282635134,99.373532,53.19,99.71,1.1408512505484862,0.2755191285628688,56975.0,240.9060052219321,0.8883610451306413,-97.054275,0.1036647268408551,3.0,-0.7998955067920586,75.77,71.63,54.00898231371733,1,0,0,0,0,0,0,0,1,0,0,1,0,0,0,0,0,0,0,0,0
6901028179348,202604,黄鹤楼(软红),一类烟,0.0,0.9310494132474858,53.2232263304383,99.527984,95.83,98.33,1.1408512505484862,0.2755161302480489,56975.0,634.5390070921986,0.0750893921334922,-98.373532,0.0344702145411203,1.0,-0.668668407310705,63.77,16.82,52.92189282635134,1,0,0,0,0,0,0,0,1,0,0,0,1,0,0,0,0,0,0,0,0
6901028179348,202605,黄鹤楼(软红),一类烟,0.0,0.3325699046266877,53.852942239598825,98.867314,70.59,93.42,1.1408512505484862,0.2755199173316876,56975.0,525.7472899728998,0.4002403846153846,-98.527984,0.0404303365384615,3.0,0.1631205673758866,51.92,38.66,53.2232263304383,1,0,0,0,0,0,0,0,1,0,0,0,0,1,0,0,0,0,0,0,0
6901028179348,202606,黄鹤楼(软红),一类烟,0.0,0.13383561580024406,53.55579623506499,99.677271,72.04,97.94,1.1408512505484862,0.2755167260456068,56975.0,297.1939443535188,0.1614457831325301,-97.867314,0.033553469879518,3.0,-0.1720867208672086,47.71,49.49,53.852942239598825,1,0,0,0,0,0,0,0,1,0,0,0,0,0,1,0,0,0,0,0,0
6901028179492,202503,红金龙(软蓝九州腾龙),四类烟,0.0,0.0691436604953779,43.15790298470794,99.115044,98.27,100.0,1.179245283018868,0.2169811320754717,9540.0,67.07874999999999,1.0,-96.323601,0.0036085106382978,,inf,,,43.0465903631793,0,0,0,0,1,0,1,0,0,0,0,1,0,0,0,0,0,0,0,0,0
6901028179492,202504,红金龙(软蓝九州腾龙),四类烟,0.0,0.01957793132259411,43.115734023674676,99.344848,98.3,99.88,1.179245283018868,0.2169811320754717,9540.0,26.73937074829932,1.0,-98.115044,0.0106215763313609,2.0,1.9399999999999995,98.93,40.67,43.15790298470794,0,0,0,0,1,0,1,0,0,0,0,0,1,0,0,0,0,0,0,0,0
6901028179492,202505,红金龙(软蓝九州腾龙),四类烟,0.0,0.05308912939089794,43.17748091603053,99.481214,97.92,100.0,1.179245283018868,0.2169811320754717,9540.0,42.02128297362111,1.0,-98.344848,0.0150831469194312,1.0,0.4183673469387754,99.29,99.16,43.115734023674676,0,0,0,0,1,0,1,0,0,0,0,0,0,1,0,0,0,0,0,0,0
6901028179492,202506,红金龙(软蓝九州腾龙),四类烟,0.0,0.0,43.168823153065574,99.521002,97.37,99.4,1.179245283018868,0.2169811320754716,9540.0,11.997629582806574,1.0,-98.481214,0.0287472,1.0,0.8968824940047964,99.17,99.04,43.17748091603053,0,0,0,0,1,0,1,0,0,0,0,0,0,0,1,0,0,0,0,0,0
6901028179492,202507,红金龙(软蓝九州腾龙),四类烟,0.0,0.008657762964958238,43.17748091603053,98.845969,97.75,99.88,1.179245283018868,0.2169629405833851,9540.0,22.781932617549057,1.0,-98.521002,0.0245990835322195,2.0,-0.1463337547408344,99.52,99.28,43.168823153065574,0,0,0,0,1,0,1,0,0,0,0,0,0,0,0,1,0,0,0,0,0
6901028179492,202508,红金龙(软蓝九州腾龙),四类烟,0.0,0.0,43.17748091603053,99.081791,97.66,98.92,1.179245283018868,0.2169663020084925,9540.0,9.19750283768445,0.9988137603795968,-97.845969,0.0279160996441281,6.0,0.1416142169566827,99.41,75.66,43.17748091603053,0,0,0,0,1,0,1,0,0,0,0,0,0,0,0,0,1,0,0,0,0
6901028180009,202503,黄鹤楼(软珍品),一类烟,1.0,18.952475942338836,,0.0,99.67,100.0,1.2264150943396226,0.3088962264150943,132500.0,16696.125,1.0,-65.666667,0.0005011820330969,,-0.9995336092811752,,,47.55216920077022,1,0,0,0,0,0,0,0,1,0,0,1,0,0,0,0,0,0,0,0,0
6901028180009,202602,黄鹤楼(软珍品),一类烟,0.0,-1.4915623534720766,72.13380099184299,98.863636,103.0,98.7,1.2264150943396226,0.30889390312588,132500.0,396.55161691542287,1.0,-98.228633,0.2017136094674556,635.0,inf,75.15,52.44,71.5114348552726,1,0,0,0,0,0,0,0,1,0,1,0,0,0,0,0,0,0,0,0,0
6901028180009,202603,黄鹤楼(软珍品),一类烟,0.0,0.016111948118876285,70.01987250180052,98.104265,69.02,97.96,1.2264150943396226,0.3088956043328882,132500.0,171.19237749546278,1.0,-97.863636,0.1040486935866983,114.0,-0.4860074626865671,81.83,44.56,72.13380099184299,1,0,0,0,0,0,0,0,1,0,0,1,0,0,0,0,0,0,0,0,0
6901028180009,202604,黄鹤楼(软珍品),一类烟,0.0,1.3704401565274367,72.14991293996187,99.088542,91.75,99.13,1.2264150943396226,0.3088968188861544,132500.0,937.4057971014494,1.0,-97.104265,0.0130762812872467,,-0.8747731397459165,7.15,46.67,70.01987250180052,1,0,0,0,0,0,0,0,1,0,0,0,1,0,0,0,0,0,0,0,0
6901028180009,202605,黄鹤楼(软珍品),一类烟,0.0,-2.5158996855634257,71.39031265832796,98.879552,84.25,93.71,1.2264150943396226,0.3088987429648179,132500.0,165.69382391590014,1.0,-98.088542,0.0484771634615384,,2.6763285024154597,29.21,0.0,72.14991293996187,1,0,0,0,0,0,0,0,1,0,0,0,0,1,0,0,0,0,0,0,0
6901028180009,202606,黄鹤楼(软珍品),一类烟,0.0,-3.9524525890527684,69.63401325439844,98.377282,88.0,96.67,1.2264150943396226,0.3088981238975894,132500.0,440.9036827195468,1.0,-97.879552,0.0225409638554216,,-0.5361366622864652,11.69,46.39,71.39031265832796,1,0,0,0,0,0,0,0,1,0,0,0,0,0,1,0,0,0,0,0,0
6901028180580,202502,黄鹤楼(软蓝),一类烟,0.0,-0.3226483452392017,45.614811346011656,99.442442,100.0,100.0,1.1564211807668898,0.2421066935649746,41075.0,64.57763006292653,0.0225118483412322,-98.650257,1.0982209123222748,3.0,,100.0,99.88,45.94271887552006,1,0,0,0,0,0,0,0,1,0,1,0,0,0,0,0,0,0,0,0,0
6901028180580,202503,黄鹤楼(软蓝),一类烟,0.0,-0.16242805701099172,45.620070530280856,99.574579,,,1.1564211807668898,0.2421036690232064,41075.0,183.08239316239317,,-98.442442,0.2840292553191489,,-0.7407604360542409,,,45.614811346011656,1,0,0,0,0,0,0,0,1,0,0,1,0,0,0,0,0,0,0,0,0
6901028180580,202504,黄鹤楼(软蓝),一类烟,0.0,-0.9027038506621281,45.452383289000664,99.260574,,,1.1564211807668898,0.2421070490528677,41075.0,181.54302903478947,,-98.574579,0.2230007928994082,2.0,-0.2157948717948719,99.64,98.22,45.620070530280856,1,0,0,0,0,0,0,0,1,0,0,0,1,0,0,0,0,0,0,0,0
6901028180580,202505,黄鹤楼(软蓝),一类烟,0.0,-0.6742551052975614,44.71736667961873,99.292722,100.0,100.0,1.1564211807668898,0.2421068142595052,41075.0,242.28694874851013,0.0047393364928909,-98.260574,0.195991990521327,1.0,-0.1221553753596651,99.76,98.81,45.452383289000664,1,0,0,0,0,0,0,0,1,0,0,0,0,1,0,0,0,0,0,0,0
6901028180580,202506,黄鹤楼(软蓝),一类烟,0.0,0.9539394560093797,44.7781281837031,99.331951,,,1.1564211807668898,0.2421107763327485,41075.0,509.0845588235294,,-98.292722,0.0851230476190476,1.0,-0.5677393722685736,99.76,98.93,44.71736667961873,1,0,0,0,0,0,0,0,1,0,0,0,0,0,1,0,0,0,0,0,0
6901028180580,202507,黄鹤楼(软蓝),一类烟,0.0,0.8659051838374907,45.67130613562811,99.210146,,,1.1564211807668898,0.2421111885245438,41075.0,487.1094619666048,,-98.331951,0.0845419570405728,2.0,-0.0091911764705882,99.88,99.4,44.7781281837031,1,0,0,0,0,0,0,0,1,0,0,0,0,0,0,1,0,0,0,0,0
6901028180580,202508,黄鹤楼(软蓝),一类烟,0.0,0.1212264977461075,45.644033367540594,99.677515,,,1.1564211807668898,0.2420995437295262,41075.0,162.16147118187936,,-98.210146,0.3476221589561091,6.0,3.136363636363636,100.0,99.05,45.67130613562811,1,0,0,0,0,0,0,0,1,0,0,0,0,0,0,0,1,0,0,0,0
6901028180580,202509,黄鹤楼(软蓝),一类烟,0.0,0.13298507995975228,45.792532633374215,99.769004,,,1.1564211807668898,0.2421072283011264,41075.0,172.8784032651436,,-98.677515,0.392036971496437,1.0,0.1264296927562236,99.88,98.93,45.644033367540594,1,0,0,0,0,0,0,0,1,0,0,0,0,0,0,0,0,1,0,0,0
6901028180580,202510,黄鹤楼(软蓝),一类烟,0.0,-0.16276594121646326,45.777018447500346,99.663501,,,1.1564211807668898,0.2421074868326828,41075.0,119.09072589289542,,-98.769004,0.4529514066193853,7.0,0.1608680503708128,99.88,96.09,45.792532633374215,1,0,0,0,0,0,0,0,1,0,0,0,0,0,0,0,0,0,1,0,0
6901028180580,202511,黄鹤楼(软蓝),一类烟,0.0,-0.41598540583861876,45.62976669215775,99.644595,,,1.1564211807668898,0.2421075455736759,41075.0,124.719393182554,,-98.663501,0.4194014521841794,2.0,-0.0729751747202333,98.23,95.91,45.777018447500346,1,0,0,0,0,0,0,0,1,0,0,0,0,0,0,0,0,0,0,1,0
6901028180580,202512,黄鹤楼(软蓝),一类烟,0.0,0.22785681931688373,45.36103304166173,99.653031,,,1.1564211807668898,0.2421065043280963,41075.0,177.970094381036,,-98.644595,0.3526741107184923,3.0,-0.1571157670783034,98.12,93.16,45.62976669215775,1,0,0,0,0,0,0,0,1,0,0,0,0,0,0,0,0,0,0,0,1
6901028180580,202601,黄鹤楼(软蓝),一类烟,0.0,0.28609943876407584,45.857623511474635,99.738036,0.0,,1.1564211807668898,0.2421079493736846,41075.0,275.51511819681144,0.0106132075471698,-98.653031,0.105729375,,-0.7005597014925373,62.62,39.74,45.36103304166173,1,0,0,0,0,0,0,0,1,1,0,0,0,0,0,0,0,0,0,0,0
6901028180580,202602,黄鹤楼(软蓝),一类烟,0.0,-0.6895088924009372,45.6471324804258,99.69336,110.87,100.0,1.1564211807668898,0.2421070915813203,41075.0,95.45911247010858,0.0449704142011834,-98.738036,0.991983124260355,1.0,8.349092908191315,99.88,99.41,45.857623511474635,1,0,0,0,0,0,0,0,1,0,1,0,0,0,0,0,0,0,0,0,0
6901028180580,202603,黄鹤楼(软蓝),一类烟,0.0,-0.1952040209118877,45.1681146190737,99.890909,50.91,100.0,1.1564211807668898,0.2421069954023821,41075.0,171.73003667337042,0.0439429928741092,-98.69336,0.3298878622327791,,-0.6686267591830335,99.17,92.81,45.6471324804258,1,0,0,0,0,0,0,0,1,0,0,1,0,0,0,0,0,0,0,0,0
6901028180580,202604,黄鹤楼(软蓝),一类烟,0.0,0.23053281613598386,45.451928459513915,99.747169,100.0,100.0,1.1564211807668898,0.2420725595778954,41075.0,341.59034097803664,0.0250297973778307,-98.890909,0.1613821573301549,,-0.5125399266532592,96.42,95.67,45.1681146190737,1,0,0,0,0,0,0,0,1,0,0,0,1,0,0,0,0,0,0,0,0
6901028180580,202605,黄鹤楼(软蓝),一类烟,0.0,-0.07192265086929694,45.39864743520968,99.763251,92.0,100.0,1.1564211807668898,0.2420911324765829,41075.0,240.75115715230328,0.0300480769230769,-98.747169,0.1791896875,,0.1010799660235408,91.71,69.72,45.451928459513915,1,0,0,0,0,0,0,0,1,0,0,0,0,1,0,0,0,0,0,0,0
6901028180580,202606,黄鹤楼(软蓝),一类烟,0.0,0.35662115826472274,45.38000580864462,99.677989,87.5,100.0,1.1564211807668898,0.2421023651206392,41075.0,261.27818061964405,0.0192771084337349,-98.763251,0.1501464457831325,1.0,-0.164095217103813,94.1,90.52,45.39864743520968,1,0,0,0,0,0,0,0,1,0,0,0,0,0,1,0,0,0,0,0,0
6901028180603,202503,红金龙(硬神州腾龙),三类烟,0.0,-0.17075135729692903,43.44745068373557,99.4999,,,1.1355695317959469,0.2420286705498747,14310.0,169.551692250786,,-98.631472,0.0365835319148936,,inf,,,43.69360559335818,0,1,0,0,0,0,1,0,0,0,0,1,0,0,0,0,0,0,0,0,0
6901028180603,202504,红金龙(硬神州腾龙),三类烟,0.0,0.21708312072090763,43.52285423606125,99.612841,,,1.1355695317959469,0.2420509079077028,14310.0,261.1690792119019,,-98.4999,0.033693699408284,3.0,-0.0800813759940817,99.41,98.33,43.44745068373557,0,1,0,0,0,0,1,0,0,0,0,0,1,0,0,0,0,0,0,0,0
6901028180603,202505,红金龙(硬神州腾龙),三类烟,0.0,0.06404925768161007,43.664533804456475,99.359421,,,1.1355695317959469,0.2420509425474668,14310.0,233.8468016194332,,-98.612841,0.0418787914691943,1.0,0.2414555689585846,99.05,98.56,43.52285423606125,0,1,0,0,0,0,1,0,0,0,0,0,0,1,0,0,0,0,0,0,0
6901028180603,202506,红金龙(硬神州腾龙),三类烟,0.0,0.03349568154860094,43.58690349374286,99.586848,,,1.1355695317959469,0.2420509030933328,14310.0,182.4982480728802,,-98.359421,0.0486199285714285,1.0,0.1554655870445345,98.69,97.23,43.664533804456475,0,1,0,0,0,0,1,0,0,0,0,0,0,0,1,0,0,0,0,0,0
6901028180603,202507,红金龙(硬神州腾龙),三类烟,0.0,0.02385252822254813,43.698029486005076,98.632266,,,1.1355695317959469,0.2420495788102317,14310.0,210.4876404494382,,-98.586848,0.0395147255369928,4.0,-0.189208128941836,99.4,98.44,43.58690349374286,0,1,0,0,0,0,1,0,0,0,0,0,0,0,0,1,0,0,0,0,0
6901028180603,202508,红金龙(硬神州腾龙),三类烟,0.0,0.16993158408852338,43.61075602196541,99.55684,,,1.1355695317959469,0.2420501323294049,14310.0,170.27592184052946,,-97.632266,0.0430895658362989,6.0,0.0969749351771822,98.7,31.49,43.698029486005076,0,1,0,0,0,0,1,0,0,0,0,0,0,0,0,0,1,0,0,0,0
6901028180603,202509,红金龙(硬神州腾龙),三类烟,0.0,0.10845847198732628,43.8679610700936,99.477163,,,1.1355695317959469,0.2420509625604732,14310.0,201.99361331527,,-98.55684,0.035125781472684,2.0,-0.1857863220926568,99.52,97.37,43.61075602196541,0,1,0,0,0,0,1,0,0,0,0,0,0,0,0,0,0,1,0,0,0
6901028180603,202510,红金龙(硬神州腾龙),三类烟,0.0,-0.31096477184534166,43.719214493952734,99.680662,,,1.1355695317959469,0.2420508746792491,14310.0,108.77370091233638,,-98.477163,0.068227914893617,7.0,0.9516160247725952,98.46,86.91,43.8679610700936,0,1,0,0,0,0,1,0,0,0,0,0,0,0,0,0,0,0,1,0,0
6901028180603,202511,红金龙(硬神州腾龙),三类烟,0.0,-2.0411115786748724,43.55699629824826,99.580401,,,1.1355695317959469,0.2420508681752648,14310.0,162.6783341243474,,-98.680662,0.0569561652892562,3.0,-0.1642205474018245,98.58,95.45,43.719214493952734,0,1,0,0,0,0,1,0,0,0,0,0,0,0,0,0,0,0,0,1,0
6901028180603,202512,红金龙(硬神州腾龙),三类烟,0.0,0.44043926604865646,41.67810291527786,99.862448,,,1.1355695317959469,0.2420364685458127,14310.0,219.9041728965611,,-98.580401,0.04960125795053,3.0,-0.1270764119601329,98.23,43.41,43.55699629824826,0,1,0,0,0,0,1,0,0,0,0,0,0,0,0,0,0,0,0,0,1
6901028180603,202602,红金龙(硬神州腾龙),三类烟,1.0,-0.24008129825503488,,0.0,,,1.1355695317959469,0.2420258521258189,14310.0,59.13892429263319,,-98.190898,0.0531485254437869,1.0,9.807162534435262,99.76,99.64,43.997435564296914,0,1,0,0,0,0,1,0,0,0,1,0,0,0,0,0,0,0,0,0,0
6901028180603,202604,红金龙(硬神州腾龙),三类烟,0.0,0.18595716946419572,43.89592893275257,99.810964,,,1.1355695317959469,0.2420508948461835,14310.0,148.8594809219446,,-98.556498,0.0704481811680572,,inf,99.4,98.44,43.75735426604188,0,1,0,0,0,0,1,0,0,0,0,0,1,0,0,0,0,0,0,0,0
6901028180603,202605,红金龙(硬神州腾龙),三类烟,0.0,0.18654327566805762,43.943311435506075,99.859269,,,1.1355695317959469,0.2420505230894236,14310.0,98.60009820426488,,-98.810964,0.0980785384615384,,0.3805926786751887,99.04,74.27,43.89592893275257,0,1,0,0,0,0,1,0,0,0,0,0,0,1,0,0,0,0,0,0,0
6901028180603,202606,红金龙(硬神州腾龙),三类烟,0.0,0.06309165440437425,44.082472208420626,99.747148,,,1.1355695317959469,0.2420507339268595,14310.0,81.45167759770176,,-98.859269,0.1272314168674699,1.0,0.29412177328844,98.67,96.34,43.943311435506075,0,1,0,0,0,0,1,0,0,0,0,0,0,0,1,0,0,0,0,0,0
6901028180788,202602,黄鹤楼(硬15),一类烟,0.0,1.660250343920353,67.43837928119177,100.0,120.96,100.0,1.179245283018868,0.3088198298187199,212000.0,824.8039215686275,0.4473372781065088,-97.076923,0.0102362130177514,47.0,,5.56,31.91,65.92777690316399,1,0,0,0,0,0,0,0,1,0,1,0,0,0,0,0,0,0,0,0,0
6901028180788,202603,黄鹤楼(硬15),一类烟,0.0,0.3836344171929227,67.58802724708434,100.0,58.53,100.0,1.179245283018868,0.3088546580188679,212000.0,281.1428571428571,0.5510688836104513,-99.0,0.0056399049881235,,-0.4509803921568627,4.39,0.0,67.43837928119177,1,0,0,0,0,0,0,0,1,0,0,1,0,0,0,0,0,0,0,0,0
6901028180788,202604,黄鹤楼(硬15),一类烟,0.0,0.22631074657115846,67.8220136983847,100.0,70.29,97.71,1.179245283018868,0.3088549036949685,212000.0,226.9375,0.3659117997616209,-99.0,0.0048514898688915,,-0.1428571428571429,2.5,0.0,67.58802724708434,1,0,0,0,0,0,0,0,1,0,0,0,1,0,0,0,0,0,0,0,0
6901028180788,202605,黄鹤楼(硬15),一类烟,0.0,-0.4739794065956602,67.8143379936555,100.0,56.99,94.69,1.179245283018868,0.3088904840032814,212000.0,146.0,0.2307692307692307,-99.0,0.0046884615384615,3.0,-0.0416666666666667,2.76,0.0,67.8220136983847,1,0,0,0,0,0,0,0,1,0,0,0,0,1,0,0,0,0,0,0,0
6901028180788,202606,黄鹤楼(硬15),一类烟,0.0,-3.5988893869594705,67.34803429178903,100.0,54.35,95.48,1.179245283018868,0.3088915094339622,212000.0,148.89285714285714,0.3771084337349397,-99.0,0.0028607228915662,1.0,-0.3913043478260869,1.69,0.0,67.8143379936555,1,0,0,0,0,0,0,0,1,0,0,0,0,0,1,0,0,0,0,0,0
6901028180818,202502,黄鹤楼(天下名楼),二类烟,0.0,-1.2164400213228035,43.456514024796874,97.89916,114.92,99.76,1.1435105774728418,0.2420927514459682,34980.0,147.5074092999489,1.0,-97.738648,0.0324435355450236,32.0,,88.51,0.0,44.51094574710955,0,0,1,0,0,0,0,0,1,0,1,0,0,0,0,0,0,0,0,0,0
6901028180818,202508,黄鹤楼(天下名楼),二类烟,0.0,2.111105186722668,44.28488316444505,97.994531,98.39,100.0,1.1435105774728418,0.2420984802375551,34980.0,884.9129032258064,0.4116251482799525,-97.412698,0.0051453380782918,,37.75,13.17,39.64,42.47786081013843,0,0,1,0,0,0,0,0,1,0,0,0,0,0,0,0,1,0,0,0,0
6901028180818,202509,黄鹤楼(天下名楼),二类烟,0.0,-0.3308260923562756,44.5889659968611,99.49131,97.56,99.61,1.1435105774728418,0.2421020649673567,34980.0,230.4418604651163,0.3111638954869358,-96.994531,0.0178638954869358,279.0,2.467741935483871,59.38,8.0,44.28488316444505,0,0,1,0,0,0,0,0,1,0,0,0,0,0,0,0,0,1,0,0,0
6901028180818,202510,黄鹤楼(天下名楼),二类烟,0.0,-1.0670277157757226,43.95405707208877,99.453054,93.2,99.36,1.1435105774728418,0.2420876632164024,34980.0,118.68129527055817,0.6513002364066194,-98.49131,0.03881704964539,234.0,1.1832558139534886,80.85,22.22,44.5889659968611,0,0,1,0,0,0,0,0,1,0,0,0,0,0,0,0,0,0,1,0,0
6901028180818,202511,黄鹤楼(天下名楼),二类烟,0.0,0.03241285738955213,43.521938281085376,99.021207,94.26,99.31,1.1435105774728418,0.2420995839445245,34980.0,350.06324472960586,0.179456906729634,-98.453054,0.0180227532467532,3.0,-0.5351512569237324,49.94,28.61,43.95405707208877,0,0,1,0,0,0,0,0,1,0,0,0,0,0,0,0,0,0,0,1,0
6901028180818,202512,黄鹤楼(天下名楼),二类烟,0.0,-0.6157115987631272,43.986469929478325,98.11617,,,1.1435105774728418,0.2420706631136832,34980.0,503.5255354200988,,-98.021207,0.010003703180212,5.0,-0.4436296975252062,32.74,0.0,43.521938281085376,0,0,1,0,0,0,0,0,1,0,0,0,0,0,0,0,0,0,0,0,1
6901028180818,202601,黄鹤楼(天下名楼),二类烟,0.0,-2.0399045949507695,42.90622668232225,98.35729,0.0,,1.1435105774728418,0.2420689536878216,34980.0,334.9952,0.0035377358490566,-97.11617,0.0103124999999999,5.0,0.029654036243822,17.92,0.0,43.986469929478325,0,0,1,0,0,0,0,0,1,1,0,0,0,0,0,0,0,0,0,0,0
6901028180818,202602,黄鹤楼(天下名楼),二类烟,0.0,1.0317573063521337,41.946565334527556,99.088146,96.93,100.0,1.1435105774728418,0.2420503335637065,34980.0,724.4530271398747,1.0,-97.35729,0.0079315597633136,12.0,-0.2336,54.67,3.68,42.90622668232225,0,0,1,0,0,0,0,0,1,0,1,0,0,0,0,0,0,0,0,0,0
6901028180818,202603,黄鹤楼(天下名楼),二类烟,0.0,0.27637472448984113,43.93798398867438,98.245614,67.4,100.0,1.1435105774728418,0.2420625107423348,34980.0,1073.5521472392638,0.3931116389548693,-98.088146,0.0054173301662707,2.0,-0.3194154488517745,38.72,0.0,41.946565334527556,0,0,1,0,0,0,0,0,1,0,0,1,0,0,0,0,0,0,0,0,0
6901028180818,202604,黄鹤楼(天下名楼),二类烟,0.0,0.042026184989921944,42.2229400590174,99.099099,90.46,98.51,1.1435105774728418,0.2420965679367802,34980.0,355.5610119047619,0.1740166865315852,-97.245614,0.0112069415971394,1.0,1.0613496932515338,25.98,49.08,43.93798398867438,0,0,1,0,0,0,0,0,1,0,0,0,1,0,0,0,0,0,0,0,0
6901028180818,202605,黄鹤楼(天下名楼),二类烟,0.0,1.350681577616733,43.980010173664304,97.809077,91.46,99.04,1.1435105774728418,0.242097432298976,34980.0,977.181818181818,0.5288461538461539,-98.099099,0.0036998076923076,1.0,-0.6726190476190477,13.58,0.0,42.2229400590174,0,0,1,0,0,0,0,0,1,0,0,0,0,1,0,0,0,0,0,0,0
6901028180818,202606,黄鹤楼(天下名楼),二类烟,0.0,-2.4703094216352284,43.57362163663413,98.441558,87.99,98.9,1.1435105774728418,0.2420955974842767,34980.0,340.2256,0.744578313253012,-96.809077,0.0105361445783132,5.0,1.8409090909090908,23.98,49.75,43.980010173664304,0,0,1,0,0,0,0,0,1,0,0,0,0,0,1,0,0,0,0,0,0
6901028181457,202502,黄鹤楼(硬峡谷柔情),一类烟,0.0,-3.3672406633680225,64.0690238003357,98.711944,,,1.1406844106463878,0.3089067785260844,65750.0,27.745188816267248,,-97.533095,0.3432710900473933,97.0,,99.29,98.09,64.5727813342404,1,0,0,0,0,0,0,0,1,0,1,0,0,0,0,0,0,0,0,0,0
6901028181457,202503,黄鹤楼(硬峡谷柔情),一类烟,0.0,-0.20009407546620395,61.20554067087238,94.573643,,,1.1406844106463878,0.3088978796530587,65750.0,209.3404507710557,,-97.711944,0.0262067375886524,,-0.9234749455337692,,,64.0690238003357,1,0,0,0,0,0,0,0,1,0,0,1,0,0,0,0,0,0,0,0,0
6901028181457,202504,黄鹤楼(硬峡谷柔情),一类烟,0.0,1.2181861018347888,63.868929724869496,99.5338,,,1.1406844106463878,0.3089163498098859,65750.0,1248.7213114754095,,-93.573643,0.0037971597633136,,-0.8552787663107948,7.46,3.17,61.20554067087238,1,0,0,0,0,0,0,0,1,0,0,0,1,0,0,0,0,0,0,0,0
6901028181457,202505,黄鹤楼(硬峡谷柔情),一类烟,0.0,-4.001373384195993,62.42372677270717,95.541401,,,1.1406844106463878,0.3080635078939635,65750.0,191.37002341920376,,-98.5338,0.0266116113744075,,6.0,35.78,41.39,63.868929724869496,1,0,0,0,0,0,0,0,1,0,0,0,0,1,0,0,0,0,0,0,0
6901028181457,202506,黄鹤楼(硬峡谷柔情),一类烟,0.0,1.7509418084366644,59.8675563406735,94.252874,,,1.1406844106463878,0.3084456273764258,65750.0,756.5466666666667,,-94.541401,0.0046964285714285,,-0.8243559718969555,8.93,0.0,62.42372677270717,1,0,0,0,0,0,0,0,1,0,0,0,0,0,1,0,0,0,0,0,0
6901028181457,202507,黄鹤楼(硬峡谷柔情),一类烟,0.0,4.112350571789058,64.17466858114383,98.630137,,,1.1406844106463878,0.3089112491885374,65750.0,1733.3902439024391,,-93.252874,0.0025735083532219,,-0.4533333333333332,4.42,0.0,59.8675563406735,1,0,0,0,0,0,0,0,1,0,0,0,0,0,0,1,0,0,0,0,0
6901028181457,202508,黄鹤楼(硬峡谷柔情),一类烟,0.0,0.26605545579626266,63.97990691246256,96.768982,,,1.1406844106463878,0.3088476043142225,65750.0,165.6029411764706,,-97.630137,0.0381864768683274,5.0,13.926829268292682,40.21,50.44,64.17466858114383,1,0,0,0,0,0,0,0,1,0,0,0,0,0,0,0,1,0,0,0,0
6901028181457,202509,黄鹤楼(硬峡谷柔情),一类烟,0.0,0.025778726955188347,64.4407240369401,98.566118,,,1.1406844106463878,0.308915492868342,65750.0,243.29883138564276,,-95.768982,0.0187098574821852,66.0,-0.5106209150326797,30.29,17.65,63.97990691246256,1,0,0,0,0,0,0,0,1,0,0,0,0,0,0,0,0,1,0,0,0
6901028181457,202602,黄鹤楼(硬峡谷柔情),一类烟,1.0,-1.8269805974459317,63.63767153904121,94.318182,,,1.1406844106463878,0.3089063005280814,65750.0,50.78852152214597,,-98.441687,0.2993531360946745,186.0,inf,97.87,94.07,64.50905244429784,1,0,0,0,0,0,0,0,1,0,1,0,0,0,0,0,0,0,0,0,0
6901028181457,202603,黄鹤楼(硬峡谷柔情),一类烟,0.0,0.7550340181108055,62.682071846851905,99.270073,,,1.1406844106463878,0.3089072757834497,65750.0,366.6802594995367,,-93.318182,0.0337027315914489,,-0.887814514452069,38.6,76.0,63.63767153904121,1,0,0,0,0,0,0,0,1,0,0,1,0,0,0,0,0,0,0,0,0
6901028181457,202604,黄鹤楼(硬峡谷柔情),一类烟,0.0,1.712946502045007,64.39270555715201,99.354318,,,1.1406844106463878,0.3088256262581078,65750.0,704.1323529411765,,-98.270073,0.0085263408820023,,-0.747914735866543,15.97,2.24,62.682071846851905,1,0,0,0,0,0,0,0,1,0,0,0,1,0,0,0,0,0,0,0,0
6901028181457,202605,黄鹤楼(硬峡谷柔情),一类烟,0.0,-0.12837025817729852,64.39501834889691,99.317988,,,1.1406844106463878,0.3088803501434736,65750.0,90.13809910641751,,-98.354318,0.0389126201923076,,3.5257352941176467,49.88,44.1,64.39270555715201,1,0,0,0,0,0,0,0,1,0,0,0,0,1,0,0,0,0,0,0,0
6901028181457,202606,黄鹤楼(硬峡谷柔情),一类烟,0.0,-0.3142822661116753,64.26433529897471,99.469965,,,1.1406844106463878,0.3088942378302518,65750.0,90.80600858369098,,-98.317988,0.0369150602409638,2.0,-0.0536149471974005,65.54,0.0,64.39501834889691,1,0,0,0,0,0,0,0,1,0,0,0,0,0,1,0,0,0,0,0,0
6901028181815,202503,红金龙(硬蓝爱你),三类烟,1.0,-7.522469960289975,,0.0,98.86,100.0,1.134020618556701,0.2421635020623544,24250.0,107.40880503144652,0.9881796690307328,-98.041687,0.0236996453900709,,4.425196850393701,,,43.76161220313451,0,1,0,0,0,0,0,1,0,0,0,1,0,0,0,0,0,0,0,0,0
6901028181815,202505,红金龙(硬蓝爱你),三类烟,0.0,6.871102847979053,42.60279663979204,98.870057,97.6,100.0,1.134020618556701,0.2421649484536082,24250.0,2833.6875,1.0,-93.117647,0.0009194312796208,,inf,4.74,0.0,36.23914224284454,0,1,0,0,0,0,0,1,0,0,0,0,0,1,0,0,0,0,0,0,0
6901028181815,202506,红金龙(硬蓝爱你),三类烟,0.0,-0.2962653204172483,43.11024509082359,97.96807,97.85,99.76,1.134020618556701,0.2421649484536082,24250.0,527.5171428571429,1.0,-97.870057,0.0040416666666666,,3.375,20.83,0.0,42.60279663979204,0,1,0,0,0,0,0,1,0,0,0,0,0,0,1,0,0,0,0,0,0
6901028181815,202507,红金龙(硬蓝爱你),三类烟,0.0,-3.135162638694595,42.30653131937479,98.591549,97.6,99.76,1.134020618556701,0.2421649484536082,24250.0,343.61925925925925,1.0,-96.96807,0.007813245823389,,0.9285714285714288,40.33,0.0,43.11024509082359,0,1,0,0,0,0,0,1,0,0,0,0,0,0,0,1,0,0,0,0,0
6901028181815,202508,红金龙(硬蓝爱你),三类烟,0.0,1.3213124103917764,39.975082452128994,93.167702,98.56,99.05,1.134020618556701,0.2421649484536082,24250.0,634.8828571428572,0.7591933570581257,-97.591549,0.0040272835112692,,-0.4814814814814815,20.76,0.0,42.30653131937479,0,1,0,0,0,0,0,1,0,0,0,0,0,0,0,0,1,0,0,0,0
6901028181815,202509,红金龙(硬蓝爱你),三类烟,0.0,3.345303076136851,43.62784372976657,99.362651,98.29,99.04,1.134020618556701,0.2421649484536082,24250.0,1479.7933333333333,1.0,-92.167702,0.0017280285035629,,-0.5714285714285714,8.91,0.0,39.975082452128994,0,1,0,0,0,0,0,1,0,0,0,0,0,0,0,0,0,1,0,0,0
6901028181815,202510,红金龙(硬蓝爱你),三类烟,0.0,-0.13195166072301134,43.320385528265845,99.367489,92.28,98.8,1.134020618556701,0.2421649484536082,24250.0,156.0429762668377,0.9988179669030732,-98.362651,0.0178750591016548,452.0,9.393333333333333,92.32,0.0,43.62784372976657,0,1,0,0,0,0,0,1,0,0,0,0,0,0,0,0,0,0,1,0,0
6901028181815,202511,红金龙(硬蓝爱你),三类烟,0.0,-0.46811247515195475,43.495892069043556,98.120482,97.2,99.4,1.134020618556701,0.2413333814564234,24250.0,177.28516868236792,1.0,-98.367489,0.0179913813459268,19.0,0.0076972418216805,92.92,0.0,43.320385528265845,0,1,0,0,0,0,0,1,0,0,0,0,0,0,0,0,0,0,0,1,0
6901028181815,202512,红金龙(硬蓝爱你),三类烟,0.0,-15.101098490129399,42.85227305311389,99.421965,98.42,98.92,1.134020618556701,0.2415575314443117,24250.0,137.99017681728878,1.0,-97.120482,0.0232617196702002,1.0,0.2959898154042011,57.24,0.21,43.495892069043556,0,1,0,0,0,0,0,1,0,0,0,0,0,0,0,0,0,0,0,0,1
6901028181815,202601,红金龙(硬蓝爱你),三类烟,1.0,0.2449311127670981,28.394793578914157,78.571429,47.79,99.51,1.134020618556701,0.2418152121793334,24250.0,399.1802325581396,0.9799528301886792,-98.421965,0.0039349056603773,,-0.8310412573673871,20.28,0.0,42.85227305311389,0,1,0,0,0,0,0,1,0,1,0,0,0,0,0,0,0,0,0,0,0
6901028181815,202602,红金龙(硬蓝爱你),三类烟,0.0,15.080355321204035,43.09720416588099,99.506782,99.31,99.88,1.134020618556701,0.2421633864417369,24250.0,5676.287878787878,1.0,-77.571429,0.0007576331360946,,-0.8081395348837209,7.34,0.0,28.394793578914157,0,1,0,0,0,0,0,1,0,0,1,0,0,0,0,0,0,0,0,0,0
6901028181815,202603,红金龙(硬蓝爱你),三类烟,0.0,-0.2222837702249052,43.47514890011819,99.371634,,,1.134020618556701,0.2421637987199632,24250.0,348.2205700123916,,-98.506782,0.0092967933491686,1.0,11.227272727272728,57.6,42.47,43.09720416588099,0,1,0,0,0,0,0,1,0,0,0,1,0,0,0,0,0,0,0,0,0
6901028181815,202604,红金龙(硬蓝爱你),三类烟,0.0,-1.333812687566521,42.87492039565608,99.6139,98.15,100.0,1.134020618556701,0.242164575941292,24250.0,211.33875338753387,1.0,-98.371634,0.0127984505363528,1.0,0.3717472118959106,56.5,14.35,43.47514890011819,0,1,0,0,0,0,0,1,0,0,0,0,1,0,0,0,0,0,0,0,0
6901028181815,202605,红金龙(硬蓝爱你),三类烟,0.0,0.23284744751552466,42.14133621255167,97.794118,98.41,99.76,1.134020618556701,0.2421443698553504,24250.0,426.6686046511628,1.0,-98.6139,0.0060158653846153,,-0.5338753387533874,31.01,0.0,42.87492039565608,0,1,0,0,0,0,0,1,0,0,0,0,0,1,0,0,0,0,0,0,0
6901028181815,202606,红金龙(硬蓝爱你),三类烟,0.0,1.3093549274942262,43.10776784317161,98.0,87.05,98.73,1.134020618556701,0.2421622354856212,24250.0,694.4548872180451,1.0,-96.794118,0.0031086746987951,,-0.4844961240310077,16.02,0.0,42.14133621255167,0,1,0,0,0,0,0,1,0,0,0,0,0,0,1,0,0,0,0,0,0
6901028182560,202502,红金龙(硬红龙),三类烟,0.0,0.11566209387147097,45.61306693281294,98.430689,116.39,100.0,1.1530398322851152,0.2421424186617557,11925.0,74.6864640883978,0.9976303317535544,-97.570456,0.0081836018957345,2.0,,96.56,0.0,45.61155300923859,0,1,0,0,0,0,1,0,0,0,1,0,0,0,0,0,0,0,0,0,0
6901028182560,202503,红金龙(硬红龙),三类烟,0.0,0.14915044318362192,45.72721510311006,99.399038,99.36,100.0,1.1530398322851152,0.2421231382292264,11925.0,72.04694419840567,1.0,-97.430689,0.0063656382978723,,-0.2203038674033148,,,45.61306693281294,0,1,0,0,0,0,1,0,0,0,0,1,0,0,0,0,0,0,0,0,0
6901028182560,202504,红金龙(硬红龙),三类烟,0.0,0.04790360165660701,45.76221737599656,99.463875,99.29,100.0,1.1530398322851152,0.2421720801360782,11925.0,35.98750503829101,1.0,-98.399038,0.0280103431952662,3.0,3.395039858281665,99.29,97.97,45.72721510311006,0,1,0,0,0,0,1,0,0,0,0,0,1,0,0,0,0,0,0,0,0
6901028182560,202505,红金龙(硬红龙),三类烟,0.0,0.01378131974356478,45.77511870476667,99.665475,99.39,100.0,1.1530398322851152,0.2421825696623747,11925.0,24.44032340862423,1.0,-98.463875,0.0440377251184834,1.0,0.5703345425231763,99.05,97.85,45.76221737599656,0,1,0,0,0,0,1,0,0,0,0,0,0,1,0,0,0,0,0,0,0
6901028182560,202506,红金龙(硬红龙),三类烟,0.0,-0.0003445487780311396,45.77599869574013,99.54955,98.77,100.0,1.1530398322851152,0.2421814581877475,11925.0,17.950810185185183,1.0,-98.665475,0.0490628571428571,1.0,0.108829568788501,99.29,97.48,45.77511870476667,0,1,0,0,0,0,1,0,0,0,0,0,0,0,1,0,0,0,0,0,0
6901028182560,202507,红金龙(硬红龙),三类烟,0.0,-0.0008016141128308618,45.77477415598864,99.291673,99.16,99.88,1.1530398322851152,0.2421843988899113,11925.0,18.810331825037707,1.0,-98.54955,0.0452865393794749,2.0,-0.0791666666666667,99.4,98.68,45.77599869574013,0,1,0,0,0,0,1,0,0,0,0,0,0,0,0,1,0,0,0,0,0
6901028182560,202508,红金龙(硬红龙),三类烟,0.0,0.0017421380089004401,45.7751970816273,99.331104,99.42,99.88,1.1530398322851152,0.2421803067948723,11925.0,17.150602409638555,1.0,-98.291673,0.0356929537366548,6.0,-0.2071392659627954,75.21,0.0,45.77477415598864,0,1,0,0,0,0,1,0,0,0,0,0,0,0,0,0,1,0,0,0,0
6901028182560,202509,红金龙(硬红龙),三类烟,0.0,1.553054957526001e-06,45.77651629399754,99.431429,99.1,100.0,1.1530398322851152,0.2421817201029382,11925.0,16.892078681552366,0.8634204275534442,-98.331104,0.0319680641330166,2.0,-0.1054216867469879,98.81,0.0,45.7751970816273,0,1,0,0,0,0,1,0,0,0,0,0,0,0,0,0,0,1,0,0,0
6901028182560,202510,红金龙(硬红龙),三类烟,0.0,-0.00777986081067894,45.775198634682255,99.793468,96.43,100.0,1.1530398322851152,0.2421861285693756,11925.0,7.481501894591801,1.0,-98.431429,0.0818398936170212,8.0,1.5722133616870462,98.58,47.0,45.77651629399754,0,1,0,0,0,0,1,0,0,0,0,0,0,0,0,0,0,0,1,0,0
6901028182560,202511,红金龙(硬红龙),三类烟,0.0,-0.21484760870474418,45.76873643318686,99.691086,99.18,100.0,1.1530398322851152,0.2421817252928461,11925.0,12.221187427240976,1.0,-98.793468,0.0435382172373081,2.0,-0.4673785738890803,97.76,43.84,45.775198634682255,0,1,0,0,0,0,1,0,0,0,0,0,0,0,0,0,0,0,0,1,0
6901028182560,202512,红金龙(硬红龙),三类烟,0.0,0.002691686728333309,45.56035102597751,99.575071,99.13,98.94,1.1530398322851152,0.2421757956140342,11925.0,21.343219713737643,1.0,-98.691086,0.0380757243816254,3.0,-0.1233993015133876,98.35,0.0,45.76873643318686,0,1,0,0,0,0,1,0,0,0,0,0,0,0,0,0,0,0,0,0,1
6901028182560,202602,红金龙(硬红龙),三类烟,1.0,0.004240581935654575,,0.0,116.14,100.0,1.1530398322851152,0.2421691252079945,11925.0,4.310954063604241,0.9857988165680474,-98.41452,0.0335480591715976,2.0,7.453769559032716,99.76,96.09,45.77142811991519,0,1,0,0,0,0,1,0,0,0,1,0,0,0,0,0,0,0,0,0,0
6901028182560,202604,红金龙(硬红龙),三类烟,0.0,-0.2754631359025552,45.775741984662844,99.840177,,,1.1530398322851152,0.2421832961357087,11925.0,11.389949437622535,,-97.978654,0.0550966269368295,,inf,99.64,98.44,45.77566870185085,0,1,0,0,0,0,1,0,0,0,0,0,1,0,0,0,0,0,0,0,0
6901028182560,202605,红金龙(硬红龙),三类烟,0.0,-0.0019527050389243072,45.50020556594829,99.460189,,,1.1530398322851152,0.2421835410279068,11925.0,10.764068464474818,,-98.840177,0.0465590985576923,,-0.1620059849344752,99.16,75.03,45.775741984662844,0,1,0,0,0,0,1,0,0,0,0,0,0,1,0,0,0,0,0,0,0
6901028184304,202502,黄鹤楼(硬平安),一类烟,1.0,-5.758592705161931,,0.0,117.1,99.88,1.3873473917869037,0.3088913566868882,180200.0,24.47497725204732,1.0,-95.742958,0.0938577251184834,208.0,,29.74,63.35,87.48013049349917,1,0,0,0,0,0,0,0,1,0,1,0,0,0,0,0,0,0,0,0,0
6901028184304,202602,黄鹤楼(硬平安),一类烟,0.0,1.1368156123955089,86.23030305713921,97.487437,104.85,98.57,1.3873473917869037,0.3081540139417471,180200.0,464.2271293375394,1.0,-95.646341,0.0270406627218934,153.0,inf,18.11,30.72,86.04603062726827,1,0,0,0,0,0,0,0,1,0,1,0,0,0,0,0,0,0,0,0,0
6901028184304,202603,黄鹤楼(硬平安),一类烟,0.0,0.6674142716916691,87.18284623966377,98.677249,79.94,98.68,1.3873473917869037,0.3085964049109237,180200.0,445.4226804123712,1.0,-96.487437,0.0166075059382422,17.0,-0.38801261829653,19.24,0.0,86.23030305713921,1,0,0,0,0,0,0,0,1,0,0,1,0,0,0,0,0,0,0,0,0
6901028184304,202604,黄鹤楼(硬平安),一类烟,0.0,-0.8873811205857294,86.89771732883088,96.907216,94.98,99.4,1.3873473917869037,0.3085914741737658,180200.0,99.68900804289544,1.0,-97.677249,0.0320451013110846,13.0,0.922680412371134,15.85,38.35,87.18284623966377,1,0,0,0,0,0,0,0,1,0,0,0,1,0,0,0,0,0,0,0,0
6901028184304,202605,黄鹤楼(硬平安),一类烟,0.0,-0.747472962442032,86.29546511907805,98.550725,88.99,95.79,1.3873473917869037,0.3087312855692257,180200.0,218.18085106382975,1.0,-95.907216,0.0081436538461538,,-0.7479892761394102,3.73,51.61,86.89771732883088,1,0,0,0,0,0,0,0,1,0,0,0,0,1,0,0,0,0,0,0,0
6901028184304,202606,黄鹤楼(硬平安),一类烟,1.0,-4.71968713536198,86.15024436638885,95.901639,91.44,97.13,1.3873473917869037,0.3088986093882614,180200.0,454.5808823529412,1.0,-97.550725,0.0118106987951807,10.0,0.4468085106382979,8.43,0.0,86.29546511907805,1,0,0,0,0,0,0,0,1,0,0,0,0,0,1,0,0,0,0,0,0
6901028185912,202502,黄鹤楼(硬红),一类烟,0.0,-0.16380294525031758,55.491825768843164,99.122147,84.27,99.71,1.1530398322851152,0.2755219470290522,47700.0,31.61892484914976,0.981042654028436,-98.577583,1.2363568720379148,3.0,,100.0,100.0,55.71905698453238,1,0,0,0,0,0,0,0,1,0,1,0,0,0,0,0,0,0,0,0,0
6901028185912,202503,黄鹤楼(硬红),一类烟,0.0,0.09991572507773583,55.55525403928206,99.643478,88.31,100.0,1.1530398322851152,0.275524109014675,47700.0,114.2013326585695,0.74822695035461,-98.122147,0.2673906382978723,,-0.7832144816236972,,,55.491825768843164,1,0,0,0,0,0,0,0,1,0,0,1,0,0,0,0,0,0,0,0,0
6901028185912,202504,黄鹤楼(硬红),一类烟,0.0,-0.09405359283307035,55.5917414939209,99.613402,97.97,98.55,1.1530398322851152,0.2755232399971972,47700.0,91.12086569508683,0.0828402366863905,-98.643478,0.2587428639053254,2.0,-0.0334851551956815,99.53,98.81,55.55525403928206,1,0,0,0,0,0,0,0,1,0,0,0,1,0,0,0,0,0,0,0,0
6901028185912,202505,黄鹤楼(硬红),一类烟,0.0,-0.08408597263516526,55.46120044644899,99.122402,,,1.1530398322851152,0.2755164134942138,47700.0,77.15761103924106,,-98.613402,0.2096991469194312,1.0,-0.1905052796928178,99.76,98.46,55.5917414939209,1,0,0,0,0,0,0,0,1,0,0,0,0,1,0,0,0,0,0,0,0
6901028185912,202506,黄鹤楼(硬红),一类烟,0.0,0.16192595100333307,55.507655521285734,99.425144,89.1,99.39,1.1530398322851152,0.2755217155997897,47700.0,125.04030754892824,0.65,-98.122402,0.0974897142857142,1.0,-0.5373005605864597,99.64,98.45,55.46120044644899,1,0,0,0,0,0,0,0,1,0,0,0,0,0,1,0,0,0,0,0,0
6901028185912,202507,黄鹤楼(硬红),一类烟,0.0,0.14063487965243837,55.623126397452324,99.511685,93.44,100.0,1.1530398322851152,0.2755039246252713,47700.0,106.27576671694318,0.0727923627684964,-98.425144,0.0905730787589498,2.0,-0.0731593662628145,100.0,99.28,55.507655521285734,1,0,0,0,0,0,0,0,1,0,0,0,0,0,0,1,0,0,0,0,0
6901028185912,202508,黄鹤楼(硬红),一类烟,0.0,-0.001250639030764944,55.64829040093817,99.629593,100.0,100.0,1.1530398322851152,0.2755171680453079,47700.0,65.86563850917165,0.0047449584816132,-98.511685,0.3874394306049822,6.0,3.3031674208144794,99.88,99.29,55.623126397452324,1,0,0,0,0,0,0,0,1,0,0,0,0,0,0,0,1,0,0,0,0
6901028185912,202509,黄鹤楼(硬红),一类烟,0.0,0.013486256558614684,55.62187575842156,99.613716,96.59,98.83,1.1530398322851152,0.2755214942626072,47700.0,57.21543408360129,0.2090261282660332,-98.629593,0.4510312589073634,1.0,0.1627526580207969,99.76,99.05,55.64829040093817,1,0,0,0,0,0,0,0,1,0,0,0,0,0,0,0,0,1,0,0,0
6901028185912,202510,黄鹤楼(硬红),一类烟,0.0,0.03163241328932287,55.66177665749679,99.673736,90.8,100.0,1.1530398322851152,0.2755216228029879,47700.0,66.80196547144755,0.1182033096926714,-98.613716,0.424563829787234,7.0,-0.0542102090032154,99.65,96.68,55.62187575842156,1,0,0,0,0,0,0,0,1,0,0,0,0,0,0,0,0,0,1,0,0
6901028185912,202511,黄鹤楼(硬红),一类烟,0.0,-0.17662611818863638,55.65350817171088,99.681601,81.33,100.0,1.1530398322851152,0.2755220145801237,47700.0,52.38447899618113,0.0885478158205431,-98.673736,0.4954943093270366,2.0,0.1684462151394421,98.82,95.7,55.66177665749679,1,0,0,0,0,0,0,0,1,0,0,0,0,0,0,0,0,0,0,1,0
6901028185912,202512,黄鹤楼(硬红),一类烟,0.0,0.023500555782767663,55.48515053930815,99.54955,,,1.1530398322851152,0.2755088718275441,47700.0,53.9556810403833,,-98.681601,0.394005371024735,3.0,-0.2029459901800326,98.59,94.27,55.65350817171088,1,0,0,0,0,0,0,0,1,0,0,0,0,0,0,0,0,0,0,0,1
6901028185912,202601,黄鹤楼(硬红),一类烟,0.0,0.022644178595186304,55.67700872749365,99.692841,0.0,,1.1530398322851152,0.2755090398923639,47700.0,114.98623680241326,0.0412735849056603,-98.54955,0.11934,,-0.6974674880219027,62.74,39.47,55.48515053930815,1,0,0,0,0,0,0,0,1,1,0,0,0,0,0,0,0,0,0,0,0
6901028185912,202602,黄鹤楼(硬红),一类烟,0.0,-0.34494892786736386,55.50779471790334,99.637574,81.13,99.35,1.1530398322851152,0.2755192051517863,47700.0,46.55974973536973,0.4579881656804733,-98.692841,1.1945660591715976,1.0,8.974358974358974,99.64,99.88,55.67700872749365,1,0,0,0,0,0,0,0,1,0,1,0,0,0,0,0,0,0,0,0,0
6901028185912,202603,黄鹤楼(硬红),一类烟,0.0,0.017609364079383738,55.332059799626286,99.727838,51.16,99.62,1.1530398322851152,0.2755227939760962,47700.0,108.2716205181501,0.9121140142517816,-98.637574,0.3052573396674584,,-0.745368970210192,98.93,93.28,55.50779471790334,1,0,0,0,0,0,0,0,1,0,0,1,0,0,0,0,0,0,0,0,0
6901028185912,202604,黄鹤楼(硬红),一类烟,0.0,0.2655350699534722,55.52540408198272,99.708015,75.77,94.23,1.1530398322851152,0.2755237003526752,47700.0,172.05575048732945,0.0810488676996424,-98.727838,0.1749947556615018,,-0.4287729196050776,98.57,85.13,55.332059799626286,1,0,0,0,0,0,0,0,1,0,0,0,1,0,0,0,0,0,0,0,0
6901028185912,202605,黄鹤楼(硬红),一类烟,0.0,-0.009488558206058428,55.59759486957976,99.58858,66.0,100.0,1.1530398322851152,0.2755152283226966,47700.0,101.06957487630012,0.0600961538461538,-98.708015,0.2271024519230769,,0.2869395711500975,94.11,72.8,55.52540408198272,1,0,0,0,0,0,0,0,1,0,0,0,0,1,0,0,0,0,0,0,0
6901028185912,202606,黄鹤楼(硬红),一类烟,0.0,0.08007502866222183,55.51591552377666,99.495892,50.11,95.12,1.1530398322851152,0.2755195620999633,47700.0,75.37781672508764,0.4602409638554217,-98.58858,0.1836277590361446,1.0,-0.193375744723821,96.63,92.39,55.59759486957976,1,0,0,0,0,0,0,0,1,0,0,0,0,0,1,0,0,0,0,0,0
6901028187343,202502,黄鹤楼(硬8度),一类烟,0.0,-0.8863600050122571,44.22988212492559,98.938053,110.82,100.0,1.139240506329114,0.2421054332323052,39500.0,84.46390845070422,0.3329383886255924,-98.1274,0.0212663507109004,129.0,,82.23,18.44,44.29222216813583,1,0,0,0,0,0,0,0,1,0,1,0,0,0,0,0,0,0,0,0,0
6901028187343,202507,黄鹤楼(硬8度),一类烟,0.0,0.6183523434458493,19.475520180292627,100.0,,,1.139240506329114,0.242120253164557,39500.0,548.9824561403509,,-94.798319,0.0021494033412887,1.0,-0.882836587872559,6.8,0.0,43.014862887101955,1,0,0,0,0,0,0,0,1,0,0,0,0,0,0,1,0,0,0,0,0
6901028187343,202509,黄鹤楼(硬8度),一类烟,0.0,-0.4443619828692249,43.633511420927704,99.059561,,,1.139240506329114,0.2421198808637379,39500.0,324.8529411764705,,-96.421203,0.0063800475059382,2.0,41.5,20.31,0.0,43.633215230547805,1,0,0,0,0,0,0,0,1,0,0,0,0,0,0,0,0,1,0,0,0
6901028187343,202602,黄鹤楼(硬8度),一类烟,0.0,-0.6318962430468815,44.29342044061217,99.901478,,,1.139240506329114,0.2420954317981106,39500.0,443.9260042283298,,-97.74739,0.0088442603550295,163.0,,36.45,24.03,43.29732834651905,1,0,0,0,0,0,0,0,1,0,1,0,0,0,0,0,0,0,0,0,0
6901028187343,202603,黄鹤楼(硬8度),一类烟,0.0,-2.739206495185691,42.66543210347217,100.0,59.13,100.0,1.139240506329114,0.2421036501635333,39500.0,83.83629191321499,0.0902612826603325,-98.901478,0.0190275534441805,226.0,1.1437632135306557,62.11,47.23,44.29342044061217,1,0,0,0,0,0,0,0,1,0,0,1,0,0,0,0,0,0,0,0,0
6901028187343,202604,黄鹤楼(硬8度),一类烟,0.0,1.2373384016077154,41.554213945426476,100.0,,,1.139240506329114,0.2421105657452854,39500.0,674.5646258503402,,-99.0,0.002768295589988,,-0.8550295857988166,6.2,0.0,42.66543210347217,1,0,0,0,0,0,0,0,1,0,0,0,1,0,0,0,0,0,0,0,0
6901028187343,202605,黄鹤楼(硬8度),一类烟,0.0,2.4030042183177542,43.902770505079886,98.951782,84.24,98.39,1.139240506329114,0.2420636747219025,39500.0,1072.181818181818,0.0889423076923077,-99.0,0.0012533653846153,1.0,-0.5510204081632653,3.97,0.0,41.554213945426476,1,0,0,0,0,0,0,0,1,0,0,0,0,1,0,0,0,0,0,0,0
6901028187343,202606,黄鹤楼(硬8度),一类烟,0.0,-0.3471339823621804,43.95721816374423,99.56044,100.0,100.0,1.139240506329114,0.242091557605664,39500.0,224.09533898305085,0.0072289156626506,-97.951782,0.0089850602409638,1.0,6.151515151515151,24.7,19.02,43.902770505079886,1,0,0,0,0,0,0,0,1,0,0,0,0,0,1,0,0,0,0,0,0
6901028187855,202502,黄鹤楼(软1916),一类烟,1.0,-0.7243859569127267,66.30633297573365,86.206897,108.94,99.87,1.179245283018868,0.3088821756997169,212000.0,20.692563081009297,0.7890995260663507,-95.848875,0.1513137440758293,300.0,,35.55,72.33,68.16530124993524,1,0,0,0,0,0,0,0,1,0,1,0,0,0,0,0,0,0,0,0,0
6901028187855,202503,黄鹤楼(软1916),一类烟,0.0,1.3184063341104064,67.44091529302251,97.560976,97.42,100.0,1.179245283018868,0.3088834905660377,212000.0,694.52,0.2245862884160756,-85.206897,0.0025059101654846,,-0.9833997343957503,,,66.30633297573365,1,0,0,0,0,0,0,0,1,0,0,1,0,0,0,0,0,0,0,0,0
6901028187855,202605,黄鹤楼(软1916),一类烟,0.0,-2.260478236569085,65.13098240680026,100.0,62.34,95.1,1.179245283018868,0.3088924223980523,212000.0,159.93548387096774,0.3677884615384615,-98.358974,0.0157980769230769,16.0,,7.45,0.0,67.7841401316813,1,0,0,0,0,0,0,0,1,0,0,0,0,1,0,0,0,0,0,0,0
6901028187855,202606,黄鹤楼(软1916),一类烟,0.0,-5.071279387703747,65.52366189511221,100.0,59.43,97.67,1.179245283018868,0.3088915094339622,212000.0,1121.3333333333333,0.1542168674698795,-99.0,0.0012260240963855,,-0.9225806451612903,0.72,0.0,65.13098240680026,1,0,0,0,0,0,0,0,1,0,0,0,0,0,1,0,0,0,0,0,0
6901028188029,202509,黄鹤楼(硬峡谷情细支),一类烟,0.0,1.1645693987307695,64.25424102208311,98.987854,77.46,100.0,1.1406844106463878,0.3089161287470156,65750.0,1260.5232558139537,0.8467933491686461,-90.97861,0.0053724465558194,,inf,6.18,65.38,61.172974345167134,1,0,0,0,0,0,0,0,1,0,0,0,0,0,0,0,0,1,0,0,0
6901028188029,202602,黄鹤楼(硬峡谷情细支),一类烟,0.0,-0.28841641547951724,63.99310385944763,99.401993,95.13,99.88,1.1406844106463878,0.3088832063881566,65750.0,192.83351082712105,0.9846153846153848,-97.911517,0.0876770414201183,360.0,inf,71.36,74.3,64.11018220313713,1,0,0,0,0,0,0,0,1,0,1,0,0,0,0,0,0,0,0,0,0
6901028188029,202603,黄鹤楼(硬峡谷情细支),一类烟,0.0,0.03665757821120508,63.82176578765761,99.514563,62.63,98.07,1.1406844106463878,0.3088847319086639,65750.0,235.427807486631,1.0,-98.401993,0.0467277909738717,14.0,-0.4689385871494498,56.89,74.95,63.99310385944763,1,0,0,0,0,0,0,0,1,0,0,1,0,0,0,0,0,0,0,0,0
6901028188029,202604,黄鹤楼(硬峡谷情细支),一类烟,0.0,-1.332800232581043,64.02976143765883,99.365482,93.45,99.06,1.1406844106463878,0.308890336641009,65750.0,298.1280487804878,0.5411203814064363,-98.514563,0.0257044100119189,2.0,-0.4518716577540107,26.46,59.91,63.82176578765761,1,0,0,0,0,0,0,0,1,0,0,0,1,0,0,0,0,0,0,0,0
6901028188029,202605,黄鹤楼(硬峡谷情细支),一类烟,0.0,-0.5832105927879709,62.48896555507657,98.235294,87.43,98.89,1.1406844106463878,0.3088884518450534,65750.0,222.5466155810983,0.4663461538461538,-98.365482,0.0247510817307692,,-0.0451219512195121,24.52,44.61,64.02976143765883,1,0,0,0,0,0,0,0,1,0,0,0,0,1,0,0,0,0,0,0,0
6901028188029,202606,黄鹤楼(硬峡谷情细支),一类烟,0.0,1.0932453572832443,63.44655084487086,98.478783,83.37,99.25,1.1406844106463878,0.3088895972313927,65750.0,781.0508982035927,0.5759036144578313,-97.235294,0.0105833734939759,1.0,-0.5734355044699873,10.36,68.6,62.48896555507657,1,0,0,0,0,0,0,0,1,0,0,0,0,0,1,0,0,0,0,0,0
6901028188081,202502,黄鹤楼(硬银紫),二类烟,0.0,-0.22109521988218006,43.92220658756584,98.964625,,,1.1353711790393013,0.242164587457808,28625.0,74.33261026753435,,-98.389148,0.0375245260663507,28.0,,98.46,95.67,43.97860865508438,0,0,1,0,0,0,0,0,1,0,1,0,0,0,0,0,0,0,0,0,0
6901028188081,202503,黄鹤楼(硬银紫),二类烟,0.0,-5.225077758009249,43.7575134352022,99.295775,,,1.1353711790393013,0.2421818832496392,28625.0,96.6482127288579,,-97.964625,0.0310476359338061,,-0.1706435285610991,,,43.92220658756584,0,0,1,0,0,0,0,0,1,0,0,1,0,0,0,0,0,0,0,0,0
6901028188081,202504,黄鹤楼(硬银紫),二类烟,0.0,0.3148285754312852,38.69712882955659,98.387097,,,1.1353711790393013,0.2421397999318653,28625.0,151.76879432624114,,-98.295775,0.0191059171597633,2.0,-0.3853530950305144,83.55,0.0,43.7575134352022,0,0,1,0,0,0,0,0,1,0,0,0,1,0,0,0,0,0,0,0,0
6901028188081,202505,黄鹤楼(硬银紫),二类烟,0.0,5.335459630524873,44.072342010633484,99.359431,100.0,100.0,1.1353711790393013,0.2421397379912664,28625.0,1985.631147540984,0.0047393364928909,-97.387097,0.0016550947867298,,-0.9134751773049644,7.23,0.0,38.69712882955659,0,0,1,0,0,0,0,0,1,0,0,0,0,1,0,0,0,0,0,0,0
6901028188081,202506,黄鹤楼(硬银紫),二类烟,0.0,-0.3094003955032463,44.03258846008146,99.363057,,,1.1353711790393013,0.2421403948899538,28625.0,37.74032951289399,,-98.359431,0.038057619047619,2.0,21.885245901639344,93.33,75.89,44.072342010633484,0,0,1,0,0,0,0,0,1,0,0,0,0,0,1,0,0,0,0,0,0
6901028188081,202507,黄鹤楼(硬银紫),二类烟,0.0,-0.11948153689483121,43.76294161513024,99.510604,,,1.1353711790393013,0.2420829445501934,28625.0,45.91666666666667,,-98.363057,0.0191835322195704,2.0,-0.497134670487106,57.76,45.25,44.03258846008146,0,0,1,0,0,0,0,0,1,0,0,0,0,0,0,1,0,0,0,0,0
6901028188081,202508,黄鹤楼(硬银紫),二类烟,0.0,0.2512241269512856,43.91310692318663,99.517491,,,1.1353711790393013,0.2421093850669339,28625.0,146.5032786885246,,-98.510604,0.0165705812574139,6.0,-0.131054131054131,66.07,9.52,43.76294161513024,0,0,1,0,0,0,0,0,1,0,0,0,0,0,0,0,1,0,0,0,0
6901028188081,202509,黄鹤楼(硬银紫),二类烟,0.0,-0.15843343024657486,44.01416574208152,99.2569,,,1.1353711790393013,0.2421396850602091,28625.0,95.369696969697,,-98.517491,0.022437648456057,2.0,0.3524590163934427,74.47,31.58,43.91310692318663,0,0,1,0,0,0,0,0,1,0,0,0,0,0,0,0,0,1,0,0,0
6901028188081,202602,黄鹤楼(硬银紫),二类烟,0.0,-0.5928464804254716,43.83945046340262,99.360837,111.39,100.0,1.1353711790393013,0.2421486575611513,28625.0,92.72355289421158,0.0449704142011834,-98.536424,0.0407321893491124,17.0,,94.67,96.25,43.923093679964715,0,0,1,0,0,0,0,0,1,0,1,0,0,0,0,0,0,0,0,0,0
6901028188081,202603,黄鹤楼(硬银紫),二类烟,0.0,0.015760288056405614,43.330247199539244,99.777283,62.71,100.0,1.1353711790393013,0.2421567711126433,28625.0,123.9154970760234,0.0213776722090261,-98.360837,0.0465071258907363,6.0,0.1377245508982036,92.52,0.0,43.83945046340262,0,0,1,0,0,0,0,0,1,0,0,1,0,0,0,0,0,0,0,0,0
6901028188081,202604,黄鹤楼(硬银紫),二类烟,0.0,0.2754092617605153,43.855210751459026,99.661934,,,1.1353711790393013,0.2421398354647535,28625.0,306.6127232142857,,-98.777283,0.0122278903456495,,-0.7380116959064327,50.77,6.34,43.330247199539244,0,0,1,0,0,0,0,0,1,0,0,0,1,0,0,0,0,0,0,0,0
6901028188081,202605,黄鹤楼(硬银紫),二类烟,0.0,-0.4182181008683017,43.60565646129976,100.0,,,1.1353711790393013,0.2420593933863828,28625.0,107.6438263229308,,-98.661934,0.0202852163461538,,0.6450892857142856,43.27,48.61,43.855210751459026,0,0,1,0,0,0,0,0,1,0,0,0,0,1,0,0,0,0,0,0,0
6901028188081,202606,黄鹤楼(硬银紫),二类烟,0.0,0.19777490424801414,43.436992650590724,99.193548,,,1.1353711790393013,0.242132341257883,28625.0,205.99247176913423,,-99.0,0.0109947590361445,5.0,-0.4592944369063771,48.19,0.0,43.60565646129976,0,0,1,0,0,0,0,0,1,0,0,0,0,0,1,0,0,0,0,0,0
6901028190602,202502,黄鹤楼(软雪之景),二类烟,0.0,-0.29953175885767536,45.21548538388815,98.892405,98.6,100.0,1.1484823625922886,0.2421466900349286,30475.0,72.34689582602596,0.0805687203791469,-98.337979,0.0411773578199052,9.0,,98.82,89.57,45.1961207303446,0,0,1,0,0,0,0,0,1,0,1,0,0,0,0,0,0,0,0,0,0
6901028190602,202503,黄鹤楼(软雪之景),二类烟,0.0,-2.015393089710237,44.89658897148693,99.107867,,,1.1484823625922886,0.2421478260869565,30475.0,65.4524,,-97.892405,0.0360224586288416,,-0.123114696597685,,,45.21548538388815,0,0,1,0,0,0,0,0,1,0,0,1,0,0,0,0,0,0,0,0,0
6901028190602,202504,黄鹤楼(软雪之景),二类烟,0.0,0.394533510305223,43.200092294177914,100.0,,,1.1484823625922886,0.2421248266334053,30475.0,178.5253682487725,,-98.107867,0.0176286153846153,3.0,-0.5112,72.54,0.0,44.89658897148693,0,0,1,0,0,0,0,0,1,0,0,0,1,0,0,0,0,0,0,0,0
6901028190602,202505,黄鹤楼(软雪之景),二类烟,0.0,2.0155917762762883,45.29112248179215,99.68163,,,1.1484823625922886,0.2421246923707957,30475.0,793.31640625,,-99.0,0.0036974407582938,,-0.79050736497545,15.17,0.0,43.200092294177914,0,0,1,0,0,0,0,0,1,0,0,0,0,1,0,0,0,0,0,0,0
6901028190602,202506,黄鹤楼(软雪之景),二类烟,0.0,-0.2327465719922941,45.2156840704542,99.45122,,,1.1484823625922886,0.2421247578725958,30475.0,35.54008304056212,,-98.68163,0.0454367738095238,2.0,11.230468749999998,96.19,88.86,45.29112248179215,0,0,1,0,0,0,0,0,1,0,0,0,0,0,1,0,0,0,0,0,0
6901028190602,202507,黄鹤楼(软雪之景),二类烟,0.0,-0.20417503691946592,45.05837590979986,98.854626,,,1.1484823625922886,0.2421247678163394,30475.0,62.87982832618026,,-98.45122,0.0237254057279236,,-0.4790801660811242,90.21,8.07,45.2156840704542,0,0,1,0,0,0,0,0,1,0,0,0,0,0,0,1,0,0,0,0,0
6901028190602,202508,黄鹤楼(软雪之景),二类烟,0.0,0.21537286827720692,45.011509033534736,97.378277,,,1.1484823625922886,0.2421246923707957,30475.0,119.879679144385,,-97.854626,0.0162244128113879,5.0,-0.3120784794604536,57.77,15.2,45.05837590979986,0,0,1,0,0,0,0,0,1,0,0,0,0,0,0,0,1,0,0,0,0
6901028190602,202509,黄鹤楼(软雪之景),二类烟,0.0,0.29131343018002553,45.27374877807706,99.389587,,,1.1484823625922886,0.2421246923707957,30475.0,136.86410256410255,,-96.378277,0.0112923990498812,,-0.3048128342245989,39.9,16.07,45.011509033534736,0,0,1,0,0,0,0,0,1,0,0,0,0,0,0,0,0,1,0,0,0
6901028190602,202510,黄鹤楼(软雪之景),二类烟,0.0,-1.027670291769084,45.30282246371476,99.768626,,,1.1484823625922886,0.2421112965711494,30475.0,40.3764450867052,,-98.389587,0.0398840661938534,17.0,2.5487179487179485,96.1,70.6,45.27374877807706,0,0,1,0,0,0,0,0,1,0,0,0,0,0,0,0,0,0,1,0,0
6901028190602,202511,黄鹤楼(软雪之景),二类烟,0.0,-0.010965729295087101,44.24607848630798,98.95288,,,1.1484823625922886,0.2421234367413905,30475.0,31.156771799628945,,-98.768626,0.0310290909090909,1.0,-0.2210982658959536,70.13,81.48,45.30282246371476,0,0,1,0,0,0,0,0,1,0,0,0,0,0,0,0,0,0,0,1,0
6901028190602,202512,黄鹤楼(软雪之景),二类烟,0.0,0.990561848009925,45.291856734419675,99.927641,,,1.1484823625922886,0.2421246923707957,30475.0,414.25396825396825,,-97.95288,0.0054273498233215,,-0.8246753246753247,22.26,0.0,44.24607848630798,0,0,1,0,0,0,0,0,1,0,0,0,0,0,0,0,0,0,0,0,1
6901028190602,202601,黄鹤楼(软雪之景),二类烟,0.0,-0.0919562003618708,45.236640334317904,99.197924,,,1.1484823625922886,0.2421218707657361,30475.0,34.96089790007241,,-98.927641,0.0198518749999999,7.0,2.653439153439153,61.08,41.12,45.291856734419675,0,0,1,0,0,0,0,0,1,1,0,0,0,0,0,0,0,0,0,0,0
6901028190602,202602,黄鹤楼(软雪之景),二类烟,0.0,-0.5524938309942158,45.199900534057804,98.461886,,,1.1484823625922886,0.2421387874702857,30475.0,56.805707491082046,,-98.197924,0.0606614792899408,12.0,2.0448950036205646,97.4,95.38,45.236640334317904,0,0,1,0,0,0,0,0,1,0,1,0,0,0,0,0,0,0,0,0,0
6901028190602,202603,黄鹤楼(软雪之景),二类烟,0.0,-0.2636276762649459,44.68414650332369,99.516129,100.0,100.0,1.1484823625922886,0.242132239992899,30475.0,69.41006202618884,0.002375296912114,-97.461886,0.0630202731591449,2.0,0.0351961950059451,93.82,0.0,45.199900534057804,0,0,1,0,0,0,0,0,1,0,0,1,0,0,0,0,0,0,0,0,0
6901028190602,202604,黄鹤楼(软雪之景),二类烟,0.0,0.6307548459812864,44.93627285779286,99.617225,93.94,100.0,1.1484823625922886,0.2421248253277722,30475.0,255.51377633711505,0.0393325387365911,-98.516129,0.0179290345649582,1.0,-0.7165173443602113,69.13,6.72,44.68414650332369,0,0,1,0,0,0,0,0,1,0,0,0,1,0,0,0,0,0,0,0,0
6901028190602,202605,黄鹤楼(软雪之景),二类烟,0.0,0.399282505999075,45.314901349304975,99.603371,,,1.1484823625922886,0.2421233921128718,30475.0,163.98847262247838,,-98.617225,0.0152521514423076,1.0,-0.1564019448946516,55.29,13.48,44.93627285779286,0,0,1,0,0,0,0,0,1,0,0,0,0,1,0,0,0,0,0,0,0
6901028190602,202606,黄鹤楼(软雪之景),二类烟,0.0,-0.07804749815867495,45.33555536379193,99.620061,73.86,96.97,1.1484823625922886,0.2421242636192915,30475.0,26.869089099054257,0.053012048192771,-98.603371,0.0295056746987951,2.0,0.9298751200768492,86.99,39.75,45.314901349304975,0,0,1,0,0,0,0,0,1,0,0,0,0,0,1,0,0,0,0,0,0
6901028193504,202502,芙蓉王(硬),一类烟,0.0,0.0407727239456932,47.48632721322236,94.890511,109.52,100.0,1.1448983330280271,0.2754878665809846,54590.0,1929.3440514469453,0.0853080568720379,-95.884735,0.0080462037914691,104.0,,19.55,80.61,49.71632181984392,1,0,0,0,0,0,0,0,1,0,1,0,0,0,0,0,0,0,0,0,0
6901028193504,202503,芙蓉王(硬),一类烟,0.0,6.195048183031432,49.75709454378961,96.045198,95.95,100.0,1.1448983330280271,0.2754766299829498,54590.0,2736.2692307692305,0.1312056737588652,-93.890511,0.0033554137115839,,-0.5819935691318328,,,47.48632721322236,1,0,0,0,0,0,0,0,1,0,0,1,0,0,0,0,0,0,0,0,0
6901028193504,202508,芙蓉王(硬),一类烟,0.0,15.466930528643438,52.383607252243515,95.783133,100.0,100.0,1.1448983330280271,0.2752747755999267,54590.0,6087.52,0.0249110320284697,-88.285714,0.0012951364175563,,inf,2.97,0.0,38.17847038813992,1,0,0,0,0,0,0,0,1,0,0,0,0,0,0,0,1,0,0,0,0
6901028193504,202509,芙蓉王(硬),一类烟,0.0,-0.009387927433799348,53.64540091678336,100.0,100.0,100.0,1.1448983330280271,0.2754576425059996,54590.0,959.4496855345913,0.0178147268408551,-94.783133,0.0082468503562945,2.0,5.359999999999999,18.88,0.0,52.383607252243515,1,0,0,0,0,0,0,0,1,0,0,0,0,0,0,0,0,1,0,0,0
6901028193504,202510,芙蓉王(硬),一类烟,0.0,-7.637195779921008,52.374219324809715,98.820059,89.34,100.0,1.1448983330280271,0.2754464445090822,54590.0,500.9648562300319,0.1063829787234042,-99.0,0.0161576075650118,24.0,0.9685534591194968,37.23,0.63,53.64540091678336,1,0,0,0,0,0,0,0,1,0,0,0,0,0,0,0,0,0,1,0,0
6901028193504,202602,芙蓉王(硬),一类烟,0.0,1.4638465859938137,53.720386927646736,99.71831,,,1.1448983330280271,0.2754730616167239,54590.0,1874.0970873786407,,-97.722045,0.007984998816568,1.0,,17.87,65.56,49.864340167748175,1,0,0,0,0,0,0,0,1,0,1,0,0,0,0,0,0,0,0,0,0
6901028193504,202603,芙蓉王(硬),一类烟,0.0,-5.353817229138151,51.32818675374199,100.0,,,1.1448983330280271,0.2755070411894316,54590.0,480.361581920904,,-98.71831,0.0183609121140142,26.0,1.29126213592233,42.87,91.41,53.720386927646736,1,0,0,0,0,0,0,0,1,0,0,1,0,0,0,0,0,0,0,0,0
6901028193504,202604,芙蓉王(硬),一类烟,0.0,-9.242578435005434,48.366569698508584,99.24812,,,1.1448983330280271,0.2754639100622715,54590.0,1342.6107784431138,,-99.0,0.004346379022646,,-0.7641242937853108,10.25,1.16,51.32818675374199,1,0,0,0,0,0,0,0,1,0,0,0,1,0,0,0,0,0,0,0,0
6901028193504,202605,芙蓉王(硬),一类烟,0.0,4.503407966722861,42.085608318736554,100.0,,,1.1448983330280271,0.2722561297162872,54590.0,2068.022727272727,,-98.24812,0.0034643653846153,2.0,-0.2095808383233532,7.93,0.0,48.366569698508584,1,0,0,0,0,0,0,0,1,0,0,0,0,1,0,0,0,0,0,0,0
6901028193504,202606,芙蓉王(硬),一类烟,0.0,10.104244107213091,52.869977665231445,99.797776,,,1.1448983330280271,0.2752628473568291,54590.0,4670.290697674419,,-99.0,0.0022625253012048,2.0,-0.3484848484848486,5.18,0.0,42.085608318736554,1,0,0,0,0,0,0,0,1,0,0,0,0,0,1,0,0,0,0,0,0
6901028196024,202604,白沙(软和天下),一类烟,0.0,1.1096820730506067,82.5955306062428,100.0,100.0,100.0,1.3873473917869037,0.3079512347391787,180200.0,1149.125,0.0035756853396901,-99.0,0.0006872943980929,4.0,inf,0.48,0.0,84.09544039208244,1,0,0,0,0,0,0,0,1,0,0,0,1,0,0,0,0,0,0,0,0
6901028196024,202605,白沙(软和天下),一类烟,0.0,3.515138162497607,85.20512246513304,100.0,,,1.3873473917869037,0.3079495005549389,180200.0,1692.4999999999998,,-99.0,0.0003465384615384,,-0.5,0.24,0.0,82.5955306062428,1,0,0,0,0,0,0,0,1,0,0,0,0,1,0,0,0,0,0,0,0
6901028204026,202605,万宝路(硬冰爵2.0),一类烟,0.0,0.03419689234124945,35.88638364956781,100.0,90.0,100.0,1.1555555555555554,0.2664222222222222,56250.0,1172.8125,0.0096153846153846,-99.0,0.0004326923076923,8.0,,0.96,0.0,50.08058243809661,1,0,0,0,0,0,0,0,1,0,0,0,0,1,0,0,0,0,0,0,0
6901028204026,202606,万宝路(硬冰爵2.0),一类烟,0.0,6.29516805437202,50.11477933043786,100.0,,,1.1555555555555554,0.2664222222222222,56250.0,6316.75,,-99.0,0.0001084337349397,,-0.75,0.24,0.0,35.88638364956781,1,0,0,0,0,0,0,0,1,0,0,0,0,0,1,0,0,0,0,0,0
6901028204835,202503,芙蓉王(硬中支),一类烟,1.0,-6.6447829600915895,,0.0,100.0,100.0,1.1406844106463878,0.3088973384030418,65750.0,935.9577464788732,0.0721040189125295,-96.706422,0.0066216312056737,,-0.0739130434782608,,,62.063831574764414,1,0,0,0,0,0,0,0,1,0,0,1,0,0,0,0,0,0,0,0,0
6901028204835,202508,芙蓉王(硬中支),一类烟,0.0,4.685579591971035,61.73239008521517,96.774194,94.74,100.0,1.1406844106463878,0.3089127285895346,65750.0,2175.809523809524,0.0450771055753262,-92.333333,0.0013103202846975,,,2.49,0.0,58.64718576520025,1,0,0,0,0,0,0,0,1,0,0,0,0,0,0,0,1,0,0,0,0
6901028204835,202509,芙蓉王(硬中支),一类烟,0.0,2.082391287163091,63.33276535717128,98.642534,,,1.1406844106463878,0.3089062103929024,65750.0,1057.0333333333333,,-95.774194,0.0018741092636579,10.0,0.4285714285714284,1.78,0.0,61.73239008521517,1,0,0,0,0,0,0,0,1,0,0,0,0,0,0,0,0,1,0,0,0
6901028204835,202510,芙蓉王(硬中支),一类烟,0.0,-0.8355183074635448,63.81478137237826,99.305556,75.0,100.0,1.1406844106463878,0.3089161753933094,65750.0,477.8211009174312,,-97.642534,0.0067770685579196,84.0,2.6333333333333333,12.88,0.0,63.33276535717128,1,0,0,0,0,0,0,0,1,0,0,0,0,0,0,0,0,0,1,0,0
6901028207508,202502,利群(软红长嘴),一类烟,1.0,-0.31661068497482603,,0.0,103.07,100.0,1.1530398322851152,0.2755239739350321,47700.0,15.23024054982818,0.9644549763033176,-97.310811,0.0263141232227488,358.0,,51.07,92.58,55.75270611604679,1,0,0,0,0,0,0,0,1,0,1,0,0,0,0,0,0,0,0,0,0
6901028207508,202504,利群(软红长嘴),一类烟,0.0,0.22766722243286353,55.72323991645356,99.585062,92.58,98.64,1.1530398322851152,0.275524109014675,47700.0,134.3978494623656,0.2792899408284023,-96.894737,0.0020999289940828,,inf,5.56,0.0,55.43609543107196,1,0,0,0,0,0,0,0,1,0,0,0,1,0,0,0,0,0,0,0,0
6901028207508,202505,利群(软红长嘴),一类烟,0.0,0.02950662152642991,55.663762653504826,96.732026,67.78,96.27,1.1530398322851152,0.275524109014675,47700.0,30.3375,0.2298578199052132,-98.585062,0.0108511848341232,1.0,4.161290322580645,28.67,0.0,55.72323991645356,1,0,0,0,0,0,0,0,1,0,0,0,0,1,0,0,0,0,0,0,0
6901028207508,202506,利群(软红长嘴),一类烟,0.0,-0.6891666685371618,55.75274653797999,98.941799,84.41,99.1,1.1530398322851152,0.275524109014675,47700.0,51.891891891891895,0.3130952380952381,-95.732026,0.0033617142857142,,-0.6916666666666667,8.81,0.0,55.663762653504826,1,0,0,0,0,0,0,0,1,0,0,0,0,0,1,0,0,0,0,0,0
6901028207508,202507,利群(软红长嘴),一类烟,1.0,-3.0454198720768346,54.974595984967664,90.47619,,,1.1530398322851152,0.275524109014675,47700.0,19.074866310160427,,-97.941799,0.0042577088305489,,0.2635135135135136,11.22,0.0,55.75274653797999,1,0,0,0,0,0,0,0,1,0,0,0,0,0,0,1,0,0,0,0,0
6901028207508,202509,利群(软红长嘴),一类烟,1.0,2.9827400384819,,0.0,85.23,98.68,1.1530398322851152,0.2755110062893082,47700.0,1121.875,0.2090261282660332,-25.666667,0.0001812826603325,,-0.7894736842105263,0.48,0.0,52.70732666590315,1,0,0,0,0,0,0,0,1,0,0,0,0,0,0,0,0,1,0,0,0
6901028207508,202511,利群(软红长嘴),一类烟,1.0,-0.3253388158175312,54.93123103305291,90.322581,75.0,100.0,1.1530398322851152,0.2754204966940816,47700.0,31.123076923076923,0.0850059031877213,-97.484848,0.005856906729634,4.0,inf,15.35,0.0,55.69006670438505,1,0,0,0,0,0,0,0,1,0,0,0,0,0,0,0,0,0,0,1,0
6901028207508,202512,利群(软红长嘴),一类烟,0.0,0.7441980418263796,55.36472788856752,96.428571,70.52,98.01,1.1530398322851152,0.275243336328242,47700.0,286.9107142857143,0.2497055359246172,-89.322581,0.00125851590106,,-0.7846153846153846,2.36,40.0,54.93123103305291,1,0,0,0,0,0,0,0,1,0,0,0,0,0,0,0,0,0,0,0,1
6901028207508,202601,利群(软红长嘴),一类烟,0.0,0.3148466314824887,55.67542907487929,96.465696,44.16,97.18,1.1530398322851152,0.2751009395139375,47700.0,114.37037037037038,0.1674528301886792,-95.428571,0.001215,21.0,-0.0357142857142857,3.18,0.0,55.36472788856752,1,0,0,0,0,0,0,0,1,1,0,0,0,0,0,0,0,0,0,0,0
6901028207508,202602,利群(软红长嘴),一类烟,0.0,-2.066599606043283,55.67957452005001,98.697068,78.26,100.0,1.1530398322851152,0.2755234312875009,47700.0,47.59051724137931,0.3088757396449704,-95.465696,0.0104770650887573,83.0,7.5925925925925934,27.46,81.03,55.67542907487929,1,0,0,0,0,0,0,0,1,0,1,0,0,0,0,0,0,0,0,0,0
6901028207508,202603,利群(软红长嘴),一类烟,1.0,-1.5283977581319235,53.60882946883601,96.644295,38.98,100.0,1.1530398322851152,0.275524109014675,47700.0,46.161716171617165,0.4596199524940617,-97.697068,0.006866080760095,4.0,-0.3469827586206897,19.95,69.64,55.67957452005001,1,0,0,0,0,0,0,0,1,0,0,1,0,0,0,0,0,0,0,0,0
6901028207508,202604,利群(软红长嘴),一类烟,0.0,0.2901411088937138,54.15117676191809,97.959184,61.49,97.75,1.1530398322851152,0.2753566853016538,47700.0,778.4375,0.168057210965435,-95.644295,0.0032747556615017,1.0,-0.5247524752475248,8.46,2.82,53.60882946883601,1,0,0,0,0,0,0,0,1,0,0,0,1,0,0,0,0,0,0,0,0
6901028207508,202605,利群(软红长嘴),一类烟,0.0,0.0968662299318126,53.89897057772972,100.0,45.25,93.23,1.1530398322851152,0.2752180147915211,47700.0,566.8541666666666,0.3401442307692308,-96.959184,0.0033023076923076,8.0,0.0,8.77,0.0,54.15117676191809,1,0,0,0,0,0,0,0,1,0,0,0,0,1,0,0,0,0,0,0,0
6901028207508,202606,利群(软红长嘴),一类烟,1.0,1.277995214489529,54.2480429918499,95.402299,41.47,94.3,1.1530398322851152,0.2753075918479568,47700.0,667.9672131147541,0.4602409638554217,-99.0,0.0014022650602409,,-0.5763888888888888,3.73,0.0,53.89897057772972,1,0,0,0,0,0,0,0,1,0,0,0,0,0,1,0,0,0,0,0,0
6901028211352,202502,七匹狼(纯境),二类烟,1.0,-0.6734469325465682,36.86229212131054,88.0,100.0,100.0,1.1180992313067786,0.2424563144340015,35775.0,173.35323033707866,0.0248815165876777,-96.467488,0.0241438862559241,30.0,,85.78,93.92,42.18894858627264,0,0,1,0,0,0,0,0,1,0,1,0,0,0,0,0,0,0,0,0,0
6901028211352,202503,七匹狼(纯境),二类烟,0.0,5.14340843205764,41.51550165372607,98.696219,,,1.1180992313067786,0.2421326472269868,35775.0,2068.6181818181817,,-87.0,0.0018606382978723,,-0.922752808988764,,,36.86229212131054,0,0,1,0,0,0,0,0,1,0,0,1,0,0,0,0,0,0,0,0,0
6901028211352,202504,七匹狼(纯境),二类烟,0.0,0.7952594457740929,42.00570055336818,98.913043,,,1.1180992313067786,0.2421004239951923,35775.0,378.8137384412153,,-97.696219,0.0128197278106508,1.0,5.881818181818182,44.85,0.0,41.51550165372607,0,0,1,0,0,0,0,0,1,0,0,0,1,0,0,0,0,0,0,0,0
6901028211352,202505,七匹狼(纯境),二类烟,0.0,-0.9062618048109314,42.31076109950016,99.652605,100.0,100.0,1.1180992313067786,0.2421008900254183,35775.0,201.2175824175824,0.0236966824644549,-97.913043,0.0231435426540284,4.0,0.8031704095112284,81.28,0.0,42.00570055336818,0,0,1,0,0,0,0,0,1,0,0,0,0,1,0,0,0,0,0,0,0
6901028211352,202506,七匹狼(纯境),二类烟,1.0,-0.06376811037736019,41.09943874855725,95.475113,,,1.1180992313067786,0.242103354576105,35775.0,90.93177290836654,,-98.652605,0.0342077142857142,47.0,0.4710622710622711,89.52,33.78,42.31076109950016,0,0,1,0,0,0,0,0,1,0,0,0,0,0,1,0,0,0,0,0,0
6901028211352,202507,七匹狼(纯境),二类烟,0.0,1.1570823922112368,42.2469929891228,99.233716,,,1.1180992313067786,0.2420688147684481,35775.0,526.1658767772512,,-94.475113,0.0072062291169451,,-0.7898406374501992,25.18,0.0,41.09943874855725,0,0,1,0,0,0,0,0,1,0,0,0,0,0,0,1,0,0,0,0,0
6901028211352,202508,七匹狼(纯境),二类烟,0.0,-0.03103362988741054,42.256521140768484,98.095238,,,1.1180992313067786,0.2420924068722811,35775.0,112.85392535392536,,-98.233716,0.0263792882562277,26.0,2.682464454976304,91.81,0.52,42.2469929891228,0,0,1,0,0,0,0,0,1,0,0,0,0,0,0,0,1,0,0,0,0
6901028211352,202509,七匹狼(纯境),二类烟,0.0,-0.12362511752787242,42.21595935923539,98.926895,,,1.1180992313067786,0.2421031371388579,35775.0,110.5646004480956,,-97.095238,0.0227566389548693,3.0,-0.1383526383526384,78.15,1.98,42.256521140768484,0,0,1,0,0,0,0,0,1,0,0,0,0,0,0,0,0,1,0,0,0
6901028211352,202510,七匹狼(纯境),二类烟,0.0,-0.10770513309100949,42.13289602324061,98.226467,,,1.1180992313067786,0.2420724632531476,35775.0,121.93762711864406,,-97.926895,0.0249494680851063,14.0,0.1015683345780433,79.43,2.08,42.21595935923539,0,0,1,0,0,0,0,0,1,0,0,0,0,0,0,0,0,0,1,0,0
6901028211352,202512,七匹狼(纯境),二类烟,1.0,0.25079248546252586,,0.0,,,1.1180992313067786,0.2420926446317855,35775.0,163.15824468085106,,-98.077734,0.0126750530035335,4.0,0.0444444444444445,44.41,0.27,42.10825422614438,0,0,1,0,0,0,0,0,1,0,0,0,0,0,0,0,0,0,0,0,1
6901028211352,202602,七匹狼(纯境),二类烟,0.0,0.024812335113878703,41.755728999947486,97.557471,,,1.1180992313067786,0.2421162092929899,35775.0,74.82724124663332,,-97.596358,0.0440138343195266,15.0,inf,91.95,94.08,42.35904671160691,0,0,1,0,0,0,0,0,1,0,1,0,0,0,0,0,0,0,0,0,0
6901028211352,202603,七匹狼(纯境),二类烟,0.0,0.4417310789270914,42.38385904672079,99.709784,,,1.1180992313067786,0.2421283817510232,35775.0,294.7879234167894,,-96.557471,0.0115397743467933,,-0.7387456714120816,58.08,0.0,41.755728999947486,0,0,1,0,0,0,0,0,1,0,0,1,0,0,0,0,0,0,0,0,0
6901028211352,202604,七匹狼(纯境),二类烟,0.0,-0.0021728006126835453,42.19746007887458,99.75,80.0,100.0,1.1180992313067786,0.2421066930500892,35775.0,64.80332640332641,0.0059594755661501,-98.709784,0.0410197258641239,,2.541973490427098,66.27,81.47,42.38385904672079,0,0,1,0,0,0,0,0,1,0,0,0,1,0,0,0,0,0,0,0,0
6901028211352,202605,七匹狼(纯境),二类烟,0.0,0.2630032131219622,42.3816862461081,99.593165,80.43,94.74,1.1180992313067786,0.2421051755874662,35775.0,132.18922305764409,0.0829326923076923,-98.75,0.0137252163461538,1.0,-0.6681912681912682,44.35,0.0,42.19746007887458,0,0,1,0,0,0,0,0,1,0,0,0,0,1,0,0,0,0,0,0,0
6901028211352,202606,七匹狼(纯境),二类烟,0.0,-0.2318979961147889,42.46046329199654,98.996236,65.38,97.17,1.1180992313067786,0.2420949173985923,35775.0,64.31372549019608,0.1963855421686747,-98.593165,0.0211029397590361,1.0,0.5338345864661653,50.36,38.28,42.3816862461081,0,0,1,0,0,0,0,0,1,0,0,0,0,0,1,0,0,0,0,0,0
6901028212229,202601,中华(细支),一类烟,1.0,1.7809535478455132,67.05740195391321,92.727273,98.9,100.0,1.179245283018868,0.3088915094339622,106000.0,917.3333333333331,0.3211334120425029,-95.0,0.0012014167650531,12.0,inf,1.42,0.0,65.69390070681068,1,0,0,0,0,0,0,0,1,1,0,0,0,0,0,0,0,0,0,0,0
6901028212229,202602,中华(细支),一类烟,0.0,0.07972904412400794,67.4748542546562,100.0,100.0,100.0,1.179245283018868,0.3088239918608953,106000.0,415.8823529411765,0.0023668639053254,-91.727273,0.0025590532544378,7.0,1.125,2.25,78.95,67.05740195391321,1,0,0,0,0,0,0,0,1,0,1,0,0,0,0,0,0,0,0,0,0
6901028212229,202603,中华(细支),一类烟,0.0,-0.5116918193385516,67.13713099803722,100.0,,,1.179245283018868,0.30882404563405,106000.0,264.6046511627908,,-99.0,0.0021653206650831,16.0,-0.1568627450980392,4.16,2.86,67.4748542546562,1,0,0,0,0,0,0,0,1,0,0,1,0,0,0,0,0,0,0,0,0
6901028212229,202604,中华(细支),一类烟,0.0,0.729925693550868,66.96316243531764,100.0,,,1.179245283018868,0.3088237979306147,106000.0,386.9677419354839,,-99.0,0.0015666269368295,,-0.2790697674418604,1.79,6.67,67.13713099803722,1,0,0,0,0,0,0,0,1,0,0,0,1,0,0,0,0,0,0,0,0
6901028212229,202605,中华(细支),一类烟,0.0,0.1343929998675435,67.86705669158809,100.0,,,1.179245283018868,0.3088243831640058,106000.0,450.0769230769231,,-99.0,0.001325,2.0,-0.1612903225806452,1.68,0.0,66.96316243531764,1,0,0,0,0,0,0,0,1,0,0,0,0,1,0,0,0,0,0,0,0
6901028216166,202502,利群(软蓝),一类烟,0.0,-0.4522703522989815,42.548842268867396,98.418972,,,1.1320754716981132,0.2421383647798742,39750.0,92.13282828282829,,-97.703888,0.0373009478672985,323.0,,89.22,88.31,43.61563346187048,1,0,0,0,0,0,0,0,1,0,1,0,0,0,0,0,0,0,0,0,0
6901028216166,202503,利群(软蓝),一类烟,0.0,-0.32009825623389787,43.1633631095715,99.092971,,,1.1320754716981132,0.2421383647798742,39750.0,478.73493975903614,,-97.418972,0.0046797872340425,,-0.8742424242424243,,,42.548842268867396,1,0,0,0,0,0,0,0,1,0,0,1,0,0,0,0,0,0,0,0,0
6901028216166,202504,利群(软蓝),一类烟,0.0,-0.49674705823356646,42.2287440126335,100.0,,,1.1320754716981132,0.2421383647798742,39750.0,256.0343249427918,,-98.092971,0.0082228402366863,,0.7550200803212852,26.04,0.0,43.1633631095715,1,0,0,0,0,0,0,0,1,0,0,0,1,0,0,0,0,0,0,0,0
6901028216166,202508,利群(软蓝),一类烟,0.0,0.23643173467772272,42.53205349342454,92.592593,,,1.1320754716981132,0.242134990687505,39750.0,376.9527896995708,,-98.785867,0.0087893238434163,2.0,,27.88,0.0,42.82869060209198,1,0,0,0,0,0,0,0,1,0,0,0,0,0,0,0,1,0,0,0,0
6901028216166,202509,利群(软蓝),一类烟,0.0,-0.5681545737605944,43.065122336769704,92.25,,,1.1320754716981132,0.2421368972746331,39750.0,484.66,,-91.592593,0.0056650831353919,22.0,-0.3562231759656653,17.93,0.0,42.53205349342454,1,0,0,0,0,0,0,0,1,0,0,0,0,0,0,0,0,1,0,0,0
6901028216166,202510,利群(软蓝),一类烟,0.0,0.32080813242716033,41.96389891966395,100.0,,,1.1320754716981132,0.2421277973786027,39750.0,290.49051490514904,,-91.25,0.0069351063829787,,0.2299999999999999,21.99,0.0,43.065122336769704,1,0,0,0,0,0,0,0,1,0,0,0,0,0,0,0,0,0,1,0,0
6901028216166,202511,利群(软蓝),一类烟,0.0,0.17599269630975556,43.385930469196865,99.006623,,,1.1320754716981132,0.2421267179128814,39750.0,689.4537037037037,,-99.0,0.0020273907910271,1.0,-0.7073170731707317,6.38,0.0,41.96389891966395,1,0,0,0,0,0,0,0,1,0,0,0,0,0,0,0,0,0,0,1,0
6901028216166,202512,利群(软蓝),一类烟,0.0,-0.16881087946971718,42.1398916159737,100.0,,,1.1320754716981132,0.242117961338634,39750.0,173.16387959866222,,-98.006623,0.0055996466431095,1.0,1.7685185185185186,17.79,0.0,43.385930469196865,1,0,0,0,0,0,0,0,1,0,0,0,0,0,0,0,0,0,0,0,1
6901028216166,202601,利群(软蓝),一类烟,0.0,0.28491688568635,43.21711958972715,97.78672,,,1.1320754716981132,0.2420539083557951,39750.0,617.7785714285714,,-99.0,0.002625,2.0,-0.531772575250836,8.37,0.0,42.1398916159737,1,0,0,0,0,0,0,0,1,1,0,0,0,0,0,0,0,0,0,0,0
6901028216166,202602,利群(软蓝),一类烟,0.0,-1.1068138580409936,42.42480850166005,98.785425,,,1.1320754716981132,0.2421382353702409,39750.0,236.53909465020573,,-96.78672,0.0091448520710059,8.0,2.471428571428571,23.91,81.68,43.21711958972715,1,0,0,0,0,0,0,0,1,0,1,0,0,0,0,0,0,0,0,0,0
6901028216166,202603,利群(软蓝),一类烟,0.0,0.07050785144675586,42.110305731686154,100.0,,,1.1320754716981132,0.2421383647798742,39750.0,523.6844262295082,,-97.785425,0.0046076009501187,42.0,-0.4979423868312757,27.55,0.0,42.42480850166005,1,0,0,0,0,0,0,0,1,0,0,1,0,0,0,0,0,0,0,0,0
6901028216166,202604,利群(软蓝),一类烟,1.0,1.063476611136501,42.49531635310681,97.718631,,,1.1320754716981132,0.2421383647798742,39750.0,637.6593406593407,,-99.0,0.003449106078665,,-0.2540983606557376,10.61,3.37,42.110305731686154,1,0,0,0,0,0,0,0,1,0,0,0,1,0,0,0,0,0,0,0,0
6901028216166,202605,利群(软蓝),一类烟,0.0,1.0180482110184599,43.173782342822655,98.697917,,,1.1320754716981132,0.2421112008418373,39750.0,495.1867704280156,,-96.718631,0.0049114182692307,22.0,0.4120879120879122,15.99,0.0,42.49531635310681,1,0,0,0,0,0,0,0,1,0,0,0,0,1,0,0,0,0,0,0,0
6901028216166,202606,利群(软蓝),一类烟,0.0,-0.31227007412501706,43.51336456412527,97.043478,,,1.1320754716981132,0.2421096563283052,39750.0,249.14511873350924,,-97.697917,0.0072603614457831,31.0,0.4747081712062255,19.04,23.42,43.173782342822655,1,0,0,0,0,0,0,0,1,0,0,0,0,0,1,0,0,0,0,0,0
6901028218153,202605,黄鹤楼(金典中支),一类烟,0.0,0.3854730021681547,68.10782562186286,98.484848,,100.0,1.1792452830188678,0.3089098532494758,95400.0,159.33870967741936,,-97.412698,0.0028199284862932,29.0,30.0,3.69,0.0,67.79100297085941,1,0,0,0,0,0,0,0,1,0,0,0,0,1,0,0,0,0,0,0,0
6901028218153,202606,黄鹤楼(金典中支),一类烟,0.0,0.06865035116470608,68.17647597302756,100.0,,,1.1792452830188678,0.3089098532494759,95400.0,44.52307692307692,,-97.484848,0.0029884337349397,21.0,0.0483870967741935,3.98,0.0,68.10782562186286,1,0,0,0,0,0,0,0,1,0,0,0,0,0,1,0,0,0,0,0,0
6901028218184,202502,黄鹤楼(感恩中支),一类烟,0.0,-0.6402843359738455,54.75989680267179,97.196262,120.26,99.38,1.1555555555555554,0.2755060640301318,56250.0,133.8050847457627,0.8874407582938388,-95.563011,0.0157286729857819,461.0,,57.58,6.79,55.66591901952263,1,0,0,0,0,0,0,0,1,0,1,0,0,0,0,0,0,0,0,0,0
6901028218603,202502,黄鹤楼(硬1916如意),一类烟,0.0,-0.6203168853743364,67.40047334624185,96.103896,115.64,100.0,1.1792452830188678,0.308932062063627,190800.0,19.71504401864319,0.3364928909952606,-98.292968,0.6984545971563981,730.0,,95.02,88.15,68.17728593598918,1,0,0,0,0,0,0,0,1,0,1,0,0,0,0,0,0,0,0,0,0
6901028218603,202503,黄鹤楼(硬1916如意),一类烟,1.0,0.5891067010210094,67.55696905061484,93.0,,,1.1792452830188678,0.3089344651255029,190800.0,301.22972972972974,,-95.103896,0.0133514893617021,,-0.9808389435525634,,,67.40047334624185,1,0,0,0,0,0,0,0,1,0,0,1,0,0,0,0,0,0,0,0,0
6901028218603,202508,黄鹤楼(硬1916如意),一类烟,0.0,5.210452199784356,66.05113529225642,77.55102,,,1.1792452830188678,0.307555359014675,190800.0,3929.0,,-79.0,0.0007242704626334,,inf,0.47,0.0,56.983660788365576,1,0,0,0,0,0,0,0,1,0,0,0,0,0,0,0,1,0,0,0,0
6901028218603,202602,黄鹤楼(硬1916如意),一类烟,0.0,-0.14405830138852593,67.42986335618878,99.300699,99.88,100.0,1.1792452830188678,0.3088956573100215,190800.0,129.67261185006046,0.2177514792899408,-97.746269,0.2987769940828402,773.0,inf,93.61,89.13,67.86861563642263,1,0,0,0,0,0,0,0,1,0,1,0,0,0,0,0,0,0,0,0,0
6901028218603,202603,黄鹤楼(硬1916如意),一类烟,0.0,0.3246125823702073,67.7245573350341,99.280576,98.86,100.0,1.1792452830188678,0.3089200032479995,190800.0,290.57887323943663,0.3135391923990498,-98.300699,0.0643553444180522,,-0.7853688029020556,55.34,39.48,67.42986335618878,1,0,0,0,0,0,0,0,1,0,0,1,0,0,0,0,0,0,0,0,0
6901028218603,202604,黄鹤楼(硬1916如意),一类烟,0.0,0.14689438538995603,67.75447593855898,99.052133,94.74,100.0,1.1792452830188678,0.3089246887627989,190800.0,183.78260869565216,0.0190703218116805,-98.280576,0.0502129201430274,,-0.2225352112676055,23.36,40.82,67.7245573350341,1,0,0,0,0,0,0,0,1,0,0,0,1,0,0,0,0,0,0,0,0
6901028218603,202605,黄鹤楼(硬1916如意),一类烟,0.0,-0.36137329869951884,67.87145172042406,99.54023,89.63,98.48,1.1792452830188678,0.3089347108121934,190800.0,172.94019138755982,0.0889423076923077,-98.052133,0.0383434615384615,,-0.2427536231884058,18.27,27.63,67.75447593855898,1,0,0,0,0,0,0,0,1,0,0,0,0,1,0,0,0,0,0,0,0
6901028218603,202606,黄鹤楼(硬1916如意),一类烟,0.0,-1.511362541927852,67.39310263985946,99.04963,,,1.1792452830188678,0.308935695576181,190800.0,130.54849884526558,,-98.54023,0.0796302650602409,,1.07177033492823,29.76,72.47,67.87145172042406,1,0,0,0,0,0,0,0,1,0,0,0,0,0,1,0,0,0,0,0,0
6901028218634,202602,黄鹤楼(硬1916红爆),一类烟,0.0,-2.9836424810161333,86.45849176909017,98.863636,,,1.3873473917869037,0.3088934889418261,180200.0,178.31463414634146,,-97.086124,0.0699474556213017,183.0,inf,21.66,67.21,87.05626288340693,1,0,0,0,0,0,0,0,1,0,1,0,0,0,0,0,0,0,0,0,0
6901028218634,202603,黄鹤楼(硬1916红爆),一类烟,1.0,0.7567678750721853,84.0726204023908,90.0,76.2,100.0,1.3873473917869037,0.3088995411654143,180200.0,395.6015325670498,0.6888361045130641,-97.863636,0.0223430878859857,231.0,-0.6817073170731707,31.0,0.0,86.45849176909017,1,0,0,0,0,0,0,0,1,0,0,1,0,0,0,0,0,0,0,0,0
6901028218634,202605,黄鹤楼(硬1916红爆),一类烟,1.0,-7.081636503655261,,0.0,,,1.3873473917869037,0.3088996919522526,180200.0,121.36734693877553,,-97.657718,0.0127352884615384,2.0,3.083333333333333,7.93,0.0,87.21525964416236,1,0,0,0,0,0,0,0,1,0,0,0,0,1,0,0,0,0,0,0,0
6901028218757,202502,黄鹤楼(硬蓝),一类烟,0.0,-0.07979333050711546,53.91577235652558,98.214286,,,1.1428571428571428,0.2755426845058265,43750.0,207.1087613293051,,-96.928994,0.0068631516587677,298.0,,39.22,0.0,54.295540944761,1,0,0,0,0,0,0,0,1,0,1,0,0,0,0,0,0,0,0,0,0
6901028218757,202506,黄鹤楼(硬蓝),一类烟,0.0,2.749991968683233,52.93308381745312,99.065421,95.21,99.28,1.1428571428571428,0.2755142857142857,43750.0,1308.9523809523807,0.3476190476190476,-88.361702,0.000875,,,2.5,0.0,51.24661167815183,1,0,0,0,0,0,0,0,1,0,0,0,0,0,1,0,0,0,0,0,0
6901028218757,202603,黄鹤楼(硬蓝),一类烟,0.0,-1.6832928104330662,53.685198622562794,100.0,,,1.1428571428571428,0.275530822758903,43750.0,124.3166189111748,,-98.430199,0.0145071258907363,448.0,,53.21,16.29,54.52044829594994,1,0,0,0,0,0,0,0,1,0,0,1,0,0,0,0,0,0,0,0,0
6901028218757,202606,黄鹤楼(硬蓝),一类烟,0.0,1.3534922421960829,29.81288245217738,100.0,,100.0,1.1428571428571428,0.2755165845648604,43750.0,732.7931034482759,,-99.0,0.0018343373493975,1.0,-0.5396825396825398,5.18,0.0,52.837155485516874,1,0,0,0,0,0,0,0,1,0,0,0,0,0,1,0,0,0,0,0,0
6901028218900,202603,黄鹤楼(3mg),一类烟,0.0,0.3696626691014302,58.25684855855203,100.0,83.33,98.74,1.179245283018868,0.3088915094339622,106000.0,200.2,0.9822485207100592,-95.774194,0.0030106508875739,28.0,,3.31,53.57,67.67276088759895,1,0,0,0,0,0,0,0,1,0,0,1,0,0,0,0,0,0,0,0,0
6901028218900,202604,黄鹤楼(3mg),一类烟,0.0,8.945296073817623,68.04242355670038,100.0,68.76,98.7,1.179245283018868,0.3088915094339622,106000.0,3612.5,0.6305125148986889,-99.0,0.0001010727056019,,-0.9666666666666668,0.12,0.0,58.25684855855203,1,0,0,0,0,0,0,0,1,0,0,0,1,0,0,0,0,0,0,0,0
6901028218900,202605,黄鹤楼(3mg),一类烟,0.0,-1.071206498997995,67.20214463236965,100.0,69.65,96.3,1.179245283018868,0.3088915094339622,106000.0,66.23529411764704,0.171875,-99.0,0.0017326923076923,,16.0,0.96,75.0,68.04242355670038,1,0,0,0,0,0,0,0,1,0,0,0,0,1,0,0,0,0,0,0,0
6901028218900,202606,黄鹤楼(3mg),一类烟,0.0,-0.4327664381616074,66.97121705770239,100.0,54.05,95.28,1.179245283018868,0.3088915094339622,106000.0,370.75,0.5036144578313253,-99.0,0.0004086746987951,,-0.7647058823529411,0.24,100.0,67.20214463236965,1,0,0,0,0,0,0,0,1,0,0,0,0,0,1,0,0,0,0,0,0
6901028219174,202502,黄鹤楼(硬奇景),一类烟,0.0,-0.8587596031438949,64.86888145808743,98.779134,,,1.2578616352201255,0.2755228089600526,59625.0,50.34771926076274,,-98.110641,0.2645258886255924,136.0,,94.43,96.61,65.40045904115217,1,0,0,0,0,0,0,0,1,0,1,0,0,0,0,0,0,0,0,0,0
6901028219174,202504,黄鹤楼(硬奇景),一类烟,1.0,-0.8383292634965045,,0.0,,,1.2578616352201255,0.2755136268343816,59625.0,360.5640096618358,,-97.220641,0.0233701775147929,,-0.0696629213483146,49.23,0.0,64.54169943800828,1,0,0,0,0,0,0,0,1,0,0,0,1,0,0,0,0,0,0,0,0
6901028219174,202506,黄鹤楼(硬奇景),一类烟,0.0,-4.003561682382454,64.1994298679438,99.097065,,,1.2578616352201255,0.2748637316561845,59625.0,593.8938848920862,,-97.756661,0.0157864285714285,,inf,33.21,0.0,63.703370174511775,1,0,0,0,0,0,0,0,1,0,0,0,0,0,1,0,0,0,0,0,0
6901028219174,202508,黄鹤楼(硬奇景),一类烟,1.0,5.171488205424822,,0.0,,,1.2578616352201255,0.2754616352201258,59625.0,2109.6133333333337,,-94.541401,0.0042437722419928,,-0.6583143507972665,8.9,0.0,59.69980849212932,1,0,0,0,0,0,0,0,1,0,0,0,0,0,0,0,1,0,0,0,0
6901028219174,202602,黄鹤楼(硬奇景),一类烟,1.0,-0.9044719987481216,64.45978041986751,96.421471,92.51,99.58,1.2578616352201255,0.2755166514361483,59625.0,104.81230769230768,0.6863905325443787,-97.873239,0.2476730769230769,252.0,,84.5,89.78,65.24832665954139,1,0,0,0,0,0,0,0,1,0,1,0,0,0,0,0,0,0,0,0,0
6901028219174,202603,黄鹤楼(硬奇景),一类烟,0.0,-1.904175146461867,64.34385466079327,99.804114,100.0,100.0,1.2578616352201255,0.2755154423047829,59625.0,390.4481099656357,0.004750593824228,-95.421471,0.0412134798099762,6.0,-0.8341880341880342,49.88,80.24,64.45978041986751,1,0,0,0,0,0,0,0,1,0,0,1,0,0,0,0,0,0,0,0,0
6901028219174,202604,黄鹤楼(硬奇景),一类烟,0.0,-0.14932305623197806,62.55560527340565,99.376947,100.0,100.0,1.2578616352201255,0.2755106642554566,59625.0,431.9411187438666,0.0226460071513706,-98.804114,0.0289668057210965,3.0,-0.2996563573883162,46.01,32.64,64.34385466079327,1,0,0,0,0,0,0,0,1,0,0,0,1,0,0,0,0,0,0,0,0
6901028219174,202605,黄鹤楼(硬奇景),一类烟,0.0,1.0794105940860916,64.19453160456129,99.491525,98.39,100.0,1.2578616352201255,0.2755129696443945,59625.0,1080.2476489028213,0.0576923076923076,-98.376947,0.0091444110576923,,-0.6869479882237488,12.98,37.96,62.55560527340565,1,0,0,0,0,0,0,0,1,0,0,0,0,1,0,0,0,0,0,0,0
6901028219174,202606,黄鹤楼(硬奇景),一类烟,0.0,0.34645228107508785,63.63501586749174,99.41691,93.33,100.0,1.2578616352201255,0.2755134839767285,59625.0,486.3611584327088,0.0903614457831325,-98.491525,0.0168674096385542,1.0,0.8401253918495297,28.07,28.76,64.19453160456129,1,0,0,0,0,0,0,0,1,0,0,0,0,0,1,0,0,0,0,0,0
6901028221351,202503,贵烟(新贵),三类烟,1.0,-4.31599915921521,23.206122755371556,80.0,69.69,100.0,1.179245283018868,0.2421740994854202,23320.0,735.5131578947369,0.9739952718676124,-97.701299,0.0016759527186761,,-0.5594202898550724,,,46.23075200369395,0,1,0,0,0,0,0,1,0,0,0,1,0,0,0,0,0,0,0,0,0
6901028221351,202505,贵烟(新贵),三类烟,0.0,-4.645403116736354,46.79099737918432,98.214286,79.56,98.51,1.179245283018868,0.2421740994854202,23320.0,2299.619047619048,0.2985781990521327,-94.454545,0.0004641895734597,,4.25,2.49,0.0,41.91475284447874,0,1,0,0,0,0,0,1,0,0,0,0,0,1,0,0,0,0,0,0,0
6901028221351,202506,贵烟(新贵),三类烟,0.0,-0.5566536823600003,37.26934972774239,100.0,87.5,100.0,1.179245283018868,0.2421740994854202,23320.0,532.4818181818182,0.1333333333333333,-97.214286,0.0012215238095238,,1.619047619047619,6.55,0.0,46.79099737918432,0,1,0,0,0,0,0,1,0,0,0,0,0,0,1,0,0,0,0,0,0
6901028221450,202502,贵烟(跨越),一类烟,0.0,-17.079814414791535,54.023603041741154,98.927614,100.0,100.0,1.1420059582919562,0.2755212184918337,50350.0,189.5784574468085,0.0047393364928909,-98.077734,0.017944644549763,39.0,,47.51,86.28,54.25845706252734,1,0,0,0,0,0,0,0,1,0,1,0,0,0,0,0,0,0,0,0,0
6901028221450,202503,贵烟(跨越),一类烟,1.0,-0.38787436744129167,37.178642647735806,86.956522,,,1.1420059582919562,0.2754461318198087,50350.0,266.54607046070464,,-97.927614,0.0175689361702127,,-0.0186170212765958,,,54.023603041741154,1,0,0,0,0,0,0,0,1,0,0,1,0,0,0,0,0,0,0,0,0
6901028221450,202504,贵烟(跨越),一类烟,0.0,15.479620776416489,53.63572867429986,99.503722,,,1.1420059582919562,0.2755027308838133,50350.0,6377.25,,-85.956522,0.000953372781065,,-0.94579945799458,2.37,0.0,37.178642647735806,1,0,0,0,0,0,0,0,1,0,0,0,1,0,0,0,0,0,0,0,0
6901028221450,202506,贵烟(跨越),一类烟,1.0,-3.3055518026821744,,0.0,100.0,100.0,1.1420059582919562,0.275516283971384,50350.0,768.9489795918367,0.0047619047619047,-98.492386,0.0046993333333333,,-0.5112219451371571,11.67,0.0,52.658263424152295,1,0,0,0,0,0,0,0,1,0,0,0,0,0,1,0,0,0,0,0,0
6901028221450,202508,贵烟(跨越),一类烟,0.0,3.4411640259682414,53.44656831152073,98.723404,,,1.1420059582919562,0.2755213505461767,50350.0,1967.421052631579,,-95.202532,0.0018157058125741,,inf,4.51,0.0,49.35271162147012,1,0,0,0,0,0,0,0,1,0,0,0,0,0,0,0,1,0,0,0,0
6901028221450,202509,贵烟(跨越),一类烟,0.0,0.6452771797048911,52.79387564743836,98.550725,,,1.1420059582919562,0.2755213505461767,50350.0,483.8189655172413,,-97.723404,0.0055492636579572,,2.0526315789473686,8.55,61.11,53.44656831152073,1,0,0,0,0,0,0,0,1,0,0,0,0,0,0,0,0,1,0,0,0
6901028221450,202510,贵烟(跨越),一类烟,0.0,-3.2969513681122464,54.09184549122562,100.0,94.0,100.0,1.1420059582919562,0.2755213505461767,50350.0,720.3529411764706,0.0425531914893617,-97.550725,0.0032376359338061,,-0.4137931034482758,7.21,11.48,52.79387564743836,1,0,0,0,0,0,0,0,1,0,0,0,0,0,0,0,0,0,1,0,0
6901028221450,202511,贵烟(跨越),一类烟,0.0,-1.3737556659115029,49.496924279326116,98.93617,79.63,100.0,1.1420059582919562,0.2755213505461767,50350.0,249.9723404255319,0.0590318772136954,-99.0,0.0111756788665879,50.0,2.455882352941176,27.04,3.93,54.09184549122562,1,0,0,0,0,0,0,0,1,0,0,0,0,0,0,0,0,0,0,1,0
6901028221450,202512,贵烟(跨越),一类烟,0.0,4.677573692688405,52.71808982531412,100.0,,,1.1420059582919562,0.2754925201012269,50350.0,1912.032258064516,,-97.93617,0.0022061484098939,2.0,-0.8021276595744681,5.54,0.0,49.496924279326116,1,0,0,0,0,0,0,0,1,0,0,0,0,0,0,0,0,0,0,0,1
6901028221450,202601,贵烟(跨越),一类烟,0.0,0.12626129307480483,54.17449797201452,98.686371,,,1.1420059582919562,0.2754598905224404,50350.0,741.1524390243902,,-99.0,0.003895,20.0,0.7634408602150538,9.67,0.0,52.71808982531412,1,0,0,0,0,0,0,0,1,1,0,0,0,0,0,0,0,0,0,0,0
6901028221450,202602,贵烟(跨越),一类烟,0.0,-1.4917670925236735,52.84435111838892,99.619772,85.11,100.0,1.1420059582919562,0.2754999529086742,50350.0,217.69883527454243,0.0556213017751479,-97.686371,0.0143244260355029,28.0,2.664634146341464,29.59,46.8,54.17449797201452,1,0,0,0,0,0,0,0,1,0,1,0,0,0,0,0,0,0,0,0,0
6901028221450,202603,贵烟(跨越),一类烟,0.0,0.8813782966064636,52.68273087949085,98.576512,46.67,100.0,1.1420059582919562,0.2755179393103239,50350.0,701.6908396946565,0.0178147268408551,-98.619772,0.0062668408551068,35.0,-0.5640599001663893,31.12,0.0,52.84435111838892,1,0,0,0,0,0,0,0,1,0,0,1,0,0,0,0,0,0,0,0,0
6901028221450,202604,贵烟(跨越),一类烟,0.0,1.556122371993517,53.725729414995385,99.193548,90.0,100.0,1.1420059582919562,0.2755204542928741,50350.0,760.5342960288808,0.0226460071513706,-97.576512,0.0066493206197854,4.0,0.0572519083969467,15.38,9.3,52.68273087949085,1,0,0,0,0,0,0,0,1,0,0,0,1,0,0,0,0,0,0,0,0
6901028221450,202605,贵烟(跨越),一类烟,0.0,0.2612358765974747,54.238853251484365,98.960302,90.91,100.0,1.1420059582919562,0.275500601480692,50350.0,380.4016260162602,0.0264423076923076,-98.193548,0.0148871394230769,20.0,1.2202166064981943,24.4,55.67,53.725729414995385,1,0,0,0,0,0,0,0,1,0,0,0,0,1,0,0,0,0,0,0,0
6901028221450,202606,贵烟(跨越),一类烟,0.0,-2.9440368680747966,53.98696529159286,97.945205,75.56,92.0,1.1420059582919562,0.2754976862061083,50350.0,194.1308500477555,0.0409638554216867,-97.960302,0.0254055180722891,62.0,0.7024390243902439,30.48,54.55,54.238853251484365,1,0,0,0,0,0,0,0,1,0,0,0,0,0,1,0,0,0,0,0,0
6901028224079,202502,金圣(滕王阁·紫光),二类烟,0.0,-0.596263677142943,46.268017978539554,99.115044,,,1.160092807424594,0.2420719409186721,32325.0,314.8333333333333,,-97.709677,0.0046878909952606,234.0,,36.26,0.0,45.5826776063077,0,0,1,0,0,0,0,0,1,0,1,0,0,0,0,0,0,0,0,0,0
6901028224079,202504,金圣(滕王阁·紫光),二类烟,0.0,-0.2082087607470271,44.986413929164755,99.065421,95.5,100.0,1.160092807424594,0.2420723922464061,32325.0,66.51686507936509,0.1312056737588652,-98.115044,0.0154059574468085,,2.294117647058824,,,46.268017978539554,0,0,1,0,0,0,0,0,1,0,0,0,1,0,0,0,0,0,0,0,0
6901028224079,202505,金圣(滕王阁·紫光),二类烟,0.0,0.961249027066664,46.05980921779253,99.832776,67.62,97.84,1.160092807424594,0.2421113689095127,32325.0,535.1933962264151,0.7227488151658767,-98.065421,0.0032478199052132,,-0.7896825396825397,12.56,0.0,44.986413929164755,0,0,1,0,0,0,0,0,1,0,0,0,0,1,0,0,0,0,0,0,0
6901028224079,202506,金圣(滕王阁·紫光),二类烟,0.0,-7.585495233125833,45.94766295623142,100.0,89.43,96.84,1.160092807424594,0.242111304136045,32325.0,146.19095477386935,0.2083333333333333,-98.832776,0.0091895357142857,,1.8160377358490565,35.6,0.0,46.05980921779253,0,0,1,0,0,0,0,0,1,0,0,0,0,0,1,0,0,0,0,0,0
6901028224079,202507,金圣(滕王阁·紫光),二类烟,0.0,-0.12370577625989654,38.47431398466669,96.153846,90.3,98.25,1.160092807424594,0.2421111552644285,32325.0,186.81629834254144,0.0751789976133651,-99.0,0.0111710262529832,8.0,0.2127303182579565,43.44,0.0,45.94766295623142,0,0,1,0,0,0,0,0,1,0,0,0,0,0,0,1,0,0,0,0,0
6901028224079,202508,金圣(滕王阁·紫光),二类烟,0.0,7.841645680570444,45.82395717997152,94.906621,84.57,98.55,1.160092807424594,0.2421113689095127,32325.0,2895.16,0.096085409252669,-95.153846,0.0007669039145907,,-0.930939226519337,2.97,0.0,38.47431398466669,0,0,1,0,0,0,0,0,1,0,0,0,0,0,0,0,1,0,0,0,0
6901028224079,202509,金圣(滕王阁·紫光),二类烟,0.0,-0.24249714784187404,46.31595966523714,99.101955,76.32,100.0,1.160092807424594,0.2421111613794935,32325.0,231.6475849731664,0.0890736342042755,-93.906621,0.0085841686460807,2.0,10.18,32.54,2.55,45.82395717997152,0,0,1,0,0,0,0,0,1,0,0,0,0,0,0,0,0,1,0,0,0
6901028224079,202510,金圣(滕王阁·紫光),二类烟,0.0,-2.2303561565077175,45.58146003212965,100.0,70.23,100.0,1.160092807424594,0.2421110803292123,32325.0,53.33848614072495,0.0981087470449172,-98.101955,0.0286721985815602,101.0,2.3559928443649367,63.36,0.0,46.31595966523714,0,0,1,0,0,0,0,0,1,0,0,0,0,0,0,0,0,0,1,0,0
6901028224079,202511,金圣(滕王阁·紫光),二类烟,0.0,-0.3126483569602385,44.08560350872942,98.120301,52.4,97.08,1.160092807424594,0.2421112154580832,32325.0,319.5337301587301,0.8370720188902007,-99.0,0.0076938842975206,,-0.7313432835820896,29.87,0.0,45.58146003212965,0,0,1,0,0,0,0,0,1,0,0,0,0,0,0,0,0,0,0,1,0
6901028224079,202512,金圣(滕王阁·紫光),二类烟,0.0,1.6664635696476893,45.26881167516941,99.24812,38.05,94.78,1.160092807424594,0.2421073685894871,32325.0,861.2107279693487,0.8080094228504122,-97.120301,0.0039749469964664,1.0,-0.4821428571428571,13.43,14.91,44.08560350872942,0,0,1,0,0,0,0,0,1,0,0,0,0,0,0,0,0,0,0,0,1
6901028224079,202601,金圣(滕王阁·紫光),二类烟,0.0,0.1826088429113355,45.75206707837711,98.878505,32.0,97.81,1.160092807424594,0.2421081464294921,32325.0,432.5037878787879,0.4775943396226415,-98.24812,0.0040253773584905,6.0,0.0114942528735633,15.92,0.0,45.26881167516941,0,0,1,0,0,0,0,0,1,1,0,0,0,0,0,0,0,0,0,0,0
6901028224079,202602,金圣(滕王阁·紫光),二类烟,0.0,-2.4613698395343135,45.451420518080745,98.947368,44.23,98.21,1.160092807424594,0.2420862957001273,32325.0,255.0037807183365,0.9964497041420118,-97.878505,0.0080946390532544,37.0,1.003787878787879,43.79,3.78,45.75206707837711,0,0,1,0,0,0,0,0,1,0,1,0,0,0,0,0,0,0,0,0,0
6901028224079,202603,金圣(滕王阁·紫光),二类烟,0.0,-0.25794353401695247,43.290697238842796,100.0,31.27,100.0,1.160092807424594,0.2420681739645554,32325.0,361.9920212765958,1.0,-97.947368,0.0057739667458432,7.0,-0.2892249527410208,31.59,35.71,45.451420518080745,0,0,1,0,0,0,0,0,1,0,0,1,0,0,0,0,0,0,0,0,0
6901028224079,202604,金圣(滕王阁·紫光),二类烟,0.0,2.6353982170960677,45.19347698406379,99.39577,51.52,100.0,1.160092807424594,0.2421039891842746,32325.0,1148.9160305343512,0.0393325387365911,-99.0,0.0020188676996424,,-0.6515957446808511,7.39,8.06,43.290697238842796,0,0,1,0,0,0,0,0,1,0,0,0,1,0,0,0,0,0,0,0,0
6901028224079,202605,金圣(滕王阁·紫光),二类烟,0.0,0.35218028450602645,45.926095455938864,99.57204,30.28,88.0,1.160092807424594,0.2421072551052311,32325.0,459.70820668693005,0.4651442307692308,-98.39577,0.0051129447115384,3.0,1.5114503816793894,20.43,0.0,45.19347698406379,0,0,1,0,0,0,0,0,1,0,0,0,0,1,0,0,0,0,0,0,0
6901028224079,202606,金圣(滕王阁·紫光),二类烟,0.0,-1.5025407496386336,45.54565726856982,98.9449,21.66,92.44,1.160092807424594,0.2421089312741963,32325.0,194.39111747851004,0.9963855421686748,-98.57204,0.0108736626506024,32.0,1.1215805471124618,30.84,41.8,45.926095455938864,0,0,1,0,0,0,0,0,1,0,0,0,0,0,1,0,0,0,0,0,0
6901028224642,202502,金圣(青瓷),一类烟,0.0,-2.60209085084211,42.01599798304776,98.148148,,,1.139240506329114,0.2420886658204557,39500.0,155.30634774609018,,-97.908098,0.0203490521327014,38.0,,74.41,59.39,44.09172173073345,1,0,0,0,0,0,0,0,1,0,1,0,0,0,0,0,0,0,0,0,0
6901028224642,202503,金圣(青瓷),一类烟,0.0,2.0969825102862885,41.48963087989134,97.674419,,,1.139240506329114,0.2420880105087174,39500.0,907.4716981132076,,-97.148148,0.0019796690307328,,-0.9024839006439742,,,42.01599798304776,1,0,0,0,0,0,0,0,1,0,0,1,0,0,0,0,0,0,0,0,0
6901028224642,202504,金圣(青瓷),一类烟,0.0,1.792908081528502,44.11298049333405,99.878935,18.32,95.92,1.139240506329114,0.242120253164557,39500.0,1101.7222222222222,0.3100591715976331,-96.674419,0.0023559763313609,,0.1886792452830188,7.46,0.0,41.48963087989134,1,0,0,0,0,0,0,0,1,0,0,0,1,0,0,0,0,0,0,0,0
6901028224642,202505,金圣(青瓷),一类烟,0.0,-3.3920839005723025,43.28253896141984,99.142857,,,1.139240506329114,0.242119907940161,39500.0,150.99030303030304,,-98.878935,0.0154443127962085,21.0,5.547619047619048,49.41,0.0,44.11298049333405,1,0,0,0,0,0,0,0,1,0,0,0,0,1,0,0,0,0,0,0,0
6901028224642,202506,金圣(青瓷),一类烟,0.0,0.5122483452348163,40.72089659276175,99.180328,,,1.139240506329114,0.242119797176522,39500.0,451.9279538904899,,-98.142857,0.0065269047619047,,-0.5793939393939394,18.81,11.39,43.28253896141984,1,0,0,0,0,0,0,0,1,0,0,0,0,0,1,0,0,0,0,0,0
6901028224642,202507,金圣(青瓷),一类烟,0.0,2.7163780070642574,43.794787306654655,97.546012,,,1.139240506329114,0.2421199916309237,39500.0,1380.280991735537,,-98.180328,0.00228138424821,,-0.6512968299711815,6.8,7.02,40.72089659276175,1,0,0,0,0,0,0,0,1,0,0,0,0,0,0,1,0,0,0,0,0
6901028224642,202508,金圣(青瓷),一类烟,0.0,-0.9267120152817796,43.437274599826004,96.666667,2.04,87.5,1.139240506329114,0.2421160735610222,39500.0,265.8867924528302,0.4199288256227758,-96.546012,0.0029800711743772,,0.3140495867768595,8.19,15.94,43.794787306654655,1,0,0,0,0,0,0,0,1,0,0,0,0,0,0,0,1,0,0,0,0
6901028224642,202509,金圣(青瓷),一类烟,0.0,0.7233006149715351,42.868075291372875,97.354497,0.0,,1.139240506329114,0.242118616324749,39500.0,395.7241379310345,0.3076009501187648,-95.666667,0.0021767220902612,,-0.270440251572327,6.89,0.0,43.437274599826004,1,0,0,0,0,0,0,0,1,0,0,0,0,0,0,0,0,1,0,0,0
6901028224642,202510,金圣(青瓷),一类烟,0.0,0.5804576218773931,44.16057521479754,99.198932,,,1.139240506329114,0.2421195652173913,39500.0,602.1032608695652,,-96.354497,0.0034364066193853,2.0,0.586206896551724,7.57,43.75,42.868075291372875,1,0,0,0,0,0,0,0,1,0,0,0,0,0,0,0,0,0,1,0,0
6901028224642,202511,金圣(青瓷),一类烟,0.0,-1.2893545482782685,43.44853291325027,99.428571,,,1.139240506329114,0.2421194439238802,39500.0,133.69179004037684,,-98.198932,0.0138599763872491,81.0,3.038043478260869,44.51,0.0,44.16057521479754,1,0,0,0,0,0,0,0,1,0,0,0,0,0,0,0,0,0,0,1,0
6901028224642,202512,金圣(青瓷),一类烟,0.0,0.7984347609075826,42.87122066651927,98.905109,,,1.139240506329114,0.2421192831854115,39500.0,391.7164750957854,,-98.428571,0.0097144876325088,65.0,-0.297442799461642,31.57,0.0,43.44853291325027,1,0,0,0,0,0,0,0,1,0,0,0,0,0,0,0,0,0,0,0,1
6901028224642,202601,金圣(青瓷),一类烟,0.0,0.763798753541181,44.24696767415785,99.652778,0.0,,1.139240506329114,0.2421199028445981,39500.0,601.0,0.1415094339622641,-97.905109,0.0050492924528301,11.0,-0.4808429118773946,16.16,0.0,42.87122066651927,1,0,0,0,0,0,0,0,1,1,0,0,0,0,0,0,0,0,0,0,0
6901028224642,202602,金圣(青瓷),一类烟,0.0,-11.895299645907969,43.63501942006045,99.842767,,,1.139240506329114,0.2421084864943198,39500.0,101.1951219512195,,-98.652778,0.0375647337278106,114.0,6.413284132841327,59.41,76.89,44.24696767415785,1,0,0,0,0,0,0,0,1,0,1,0,0,0,0,0,0,0,0,0,0
6901028224642,202603,金圣(青瓷),一类烟,0.0,-0.46995809623954443,32.35166802824988,100.0,29.73,100.0,1.139240506329114,0.2420885079238513,39500.0,320.7968503937008,0.0225653206650831,-98.842767,0.0119156769596199,18.0,-0.6839223494275759,45.25,66.67,43.63501942006045,1,0,0,0,0,0,0,0,1,0,0,1,0,0,0,0,0,0,0,0,0
6901028224642,202604,金圣(青瓷),一类烟,0.0,11.392233947306913,43.16506132382091,98.32636,34.72,91.67,1.139240506329114,0.2421202531645569,39500.0,4413.294117647059,0.0417163289630512,-99.0,0.0006402860548271,,-0.946456692913386,2.03,0.0,32.35166802824988,1,0,0,0,0,0,0,0,1,0,0,0,1,0,0,0,0,0,0,0,0
6901028224642,202605,金圣(青瓷),一类烟,0.0,-0.46906378583386044,43.743901975556795,99.264706,52.27,91.67,1.139240506329114,0.2421182332345812,39500.0,494.33191489361707,0.0264423076923076,-97.32636,0.0044627403846153,6.0,5.911764705882352,15.02,0.0,43.16506132382091,1,0,0,0,0,0,0,0,1,0,0,0,0,1,0,0,0,0,0,0,0
6901028224642,202606,金圣(青瓷),一类烟,0.0,-0.8881676095219717,42.69599753798705,98.233996,23.31,85.37,1.139240506329114,0.2421187685575871,39500.0,284.61975308641973,0.1963855421686747,-98.264706,0.0077096385542168,7.0,0.7234042553191491,20.72,23.26,43.743901975556795,1,0,0,0,0,0,0,0,1,0,0,0,0,0,1,0,0,0,0,0,0
6901028225175,202502,黄山(新制皖烟),二类烟,0.0,-0.19846680440350184,43.36859746540948,99.014778,,,1.1484823625922886,0.2421382764894097,30475.0,119.34547970479704,,-97.769932,0.0313127014218009,27.0,,90.28,85.17,45.06391496370235,0,0,1,0,0,0,0,0,1,0,1,0,0,0,0,0,0,0,0,0,0
6901028225175,202503,黄山(新制皖烟),二类烟,0.0,1.6579887313795254,44.86544815929885,99.373041,,,1.1484823625922886,0.242165505532224,30475.0,736.6766169154229,,-98.014778,0.0057924113475177,,-0.8145756457564576,,,43.36859746540948,0,0,1,0,0,0,0,0,1,0,0,1,0,0,0,0,0,0,0,0,0
6901028225175,202504,黄山(新制皖烟),二类烟,0.0,-0.08646899598853253,45.026586196789005,99.659864,,,1.1484823625922886,0.2421250158505057,30475.0,189.83123028391165,,-98.373041,0.0182922130177514,6.0,2.1542288557213927,75.74,0.0,44.86544815929885,0,0,1,0,0,0,0,0,1,0,0,0,1,0,0,0,0,0,0,0,0
6901028225175,202505,黄山(新制皖烟),二类烟,0.0,-0.8369759032629531,44.77897916331032,99.344262,,,1.1484823625922886,0.2421249256883568,30475.0,131.42548350398178,,-98.659864,0.0253910189573459,8.0,0.3864353312302839,78.55,33.48,45.026586196789005,0,0,1,0,0,0,0,0,1,0,0,0,0,1,0,0,0,0,0,0,0
6901028225175,202506,黄山(新制皖烟),二类烟,0.0,-7.5240549472925835,44.18961029352605,98.257081,,,1.1484823625922886,0.2421248954263761,30475.0,221.1542904290429,,-98.344262,0.0175884285714285,5.0,-0.310580204778157,72.5,0.0,44.77897916331032,0,0,1,0,0,0,0,0,1,0,0,0,0,0,1,0,0,0,0,0,0
6901028225175,202507,黄山(新制皖烟),二类烟,0.0,0.7666985634919001,37.254924216017734,96.551724,,,1.1484823625922886,0.2421058662820202,30475.0,432.6762749445677,,-97.257081,0.0065604892601431,,-0.6278877887788779,26.97,0.0,44.18961029352605,0,0,1,0,0,0,0,0,1,0,0,0,0,0,0,1,0,0,0,0,0
6901028225175,202508,黄山(新制皖烟),二类烟,0.0,7.879056844770027,44.95630885701795,99.517141,,,1.1484823625922886,0.242123227469823,30475.0,2947.6696428571427,,-95.551724,0.0016195492289442,,-0.7516629711751663,6.64,0.0,37.254924216017734,0,0,1,0,0,0,0,0,1,0,0,0,0,0,0,0,1,0,0,0,0
6901028225175,202509,黄山(新制皖烟),二类烟,0.0,-0.8527930803160686,45.13398106078776,99.289268,,,1.1484823625922886,0.2421237171916911,30475.0,156.76273653566233,,-98.517141,0.0298379928741092,32.0,17.40178571428571,79.33,55.09,44.95630885701795,0,0,1,0,0,0,0,0,1,0,0,0,0,0,0,0,0,1,0,0,0
6901028225175,202510,黄山(新制皖烟),二类烟,0.0,-0.2574108796477006,44.10351577670188,98.498498,,,1.1484823625922886,0.2421172640540523,30475.0,91.67501789549031,,-98.289268,0.0402586997635933,27.0,0.3556525958272682,77.42,41.68,45.13398106078776,0,0,1,0,0,0,0,0,1,0,0,0,0,0,0,0,0,0,1,0,0
6901028225175,202511,黄山(新制皖烟),二类烟,0.0,0.8990067419080887,44.87657018114006,99.293564,,,1.1484823625922886,0.2421179395346045,30475.0,465.185975609756,,-97.498498,0.0094411334120425,1.0,-0.7652111667859699,35.18,10.74,44.10351577670188,0,0,1,0,0,0,0,0,1,0,0,0,0,0,0,0,0,0,0,1,0
6901028225175,202512,黄山(新制皖烟),二类烟,0.0,0.2776845705871409,45.00252251860997,99.425287,,,1.1484823625922886,0.242080886620602,30475.0,181.01501976284587,,-98.293564,0.0181629564193168,9.0,0.9283536585365852,69.02,8.53,44.87657018114006,0,0,1,0,0,0,0,0,1,0,0,0,0,0,0,0,0,0,0,0,1
6901028225175,202601,黄山(新制皖烟),二类烟,0.0,-0.4303614460387095,45.1542547517272,99.29605,,,1.1484823625922886,0.2420457401357125,30475.0,131.55876685934487,,-98.425287,0.0074606249999999,4.0,-0.5897233201581027,30.9,0.0,45.00252251860997,0,0,1,0,0,0,0,0,1,1,0,0,0,0,0,0,0,0,0,0,0
6901028225175,202602,黄山(新制皖烟),二类烟,0.0,-0.35210708448986594,44.57216107257126,99.224806,,,1.1484823625922886,0.2421394417715306,30475.0,86.73296573454115,,-98.29605,0.0366277041420118,27.0,3.8921001926782273,80.12,86.26,45.1542547517272,0,0,1,0,0,0,0,0,1,0,1,0,0,0,0,0,0,0,0,0,0
6901028225175,202603,黄山(新制皖烟),二类烟,0.0,0.18184720617265526,44.802147667237335,100.0,,,1.1484823625922886,0.2421621846800656,30475.0,300.14843749999994,,-98.224806,0.0037062232779097,,-0.8991729027176054,30.4,0.0,44.57216107257126,0,0,1,0,0,0,0,0,1,0,0,1,0,0,0,0,0,0,0,0,0
6901028225175,202604,黄山(新制皖烟),二类烟,0.0,0.14438301077292692,44.75400827874392,99.114485,,,1.1484823625922886,0.2421154134936513,30475.0,211.7298161470824,,-99.0,0.0181760309892729,,3.886718749999999,53.75,18.18,44.802147667237335,0,0,1,0,0,0,0,0,1,0,0,0,1,0,0,0,0,0,0,0,0
6901028225175,202605,黄山(新制皖烟),二类烟,0.0,0.07521906161400693,44.94653067801026,98.108284,,,1.1484823625922886,0.2421091178652405,30475.0,228.49266113592853,,-98.114485,0.0229588100961538,6.0,0.2525979216626699,45.79,37.27,44.75400827874392,0,0,1,0,0,0,0,0,1,0,0,0,0,1,0,0,0,0,0,0,0
6901028225175,202606,黄山(新制皖烟),二类烟,0.0,-0.13741955269576067,44.829227340357924,98.850575,,,1.1484823625922886,0.2420977475433298,30475.0,157.4900265957447,,-97.108284,0.0220888674698795,10.0,-0.0402042118698149,46.63,50.39,44.94653067801026,0,0,1,0,0,0,0,0,1,0,0,0,0,0,1,0,0,0,0,0,0
6901028227285,202502,天子(金),一类烟,0.0,-0.8020946704080103,49.166847218999116,98.890943,100.0,100.0,1.1941724385001196,0.2421110653768474,41870.0,78.84680851063828,0.0047393364928909,-97.924228,0.0419692180094786,25.0,,85.07,88.72,49.40990020637736,1,0,0,0,0,0,0,0,1,0,1,0,0,0,0,0,0,0,0,0,0
6901028227285,202503,天子(金),一类烟,0.0,-0.18347120732729394,48.60780553596935,98.494983,,,1.1941724385001196,0.2421123794388059,41870.0,167.07102803738317,,-97.890943,0.0211824586288416,,-0.4940898345153665,,,49.166847218999116,1,0,0,0,0,0,0,0,1,0,0,1,0,0,0,0,0,0,0,0,0
6901028227285,202504,天子(金),一类烟,0.0,0.1609365458068055,48.98337601167182,98.467433,100.0,100.0,1.1941724385001196,0.2421159275840857,41870.0,370.0509337860781,0.0047337278106508,-97.494983,0.011674049704142,,-0.4495327102803739,32.31,8.06,48.60780553596935,1,0,0,0,0,0,0,0,1,0,0,0,1,0,0,0,0,0,0,0,0
6901028227285,202505,天子(金),一类烟,0.0,-0.21885677627662403,48.76874208177615,99.1274,95.9,98.31,1.1941724385001196,0.2421167194363878,41870.0,234.0311284046693,0.0722748815165876,-97.467433,0.0101996113744075,2.0,-0.1273344651952461,30.81,0.0,48.98337601167182,1,0,0,0,0,0,0,0,1,0,0,0,0,1,0,0,0,0,0,0,0
6901028227285,202506,天子(金),一类烟,0.0,-1.3508485676633981,48.7645192353952,99.70297,100.0,100.0,1.1941724385001196,0.2421167799728872,41870.0,311.8204225352113,0.0047619047619047,-98.1274,0.011324838095238,,0.1050583657587547,34.29,0.0,48.76874208177615,1,0,0,0,0,0,0,0,1,0,0,0,0,0,1,0,0,0,0,0,0
6901028227285,202507,天子(金),一类烟,0.0,-0.583609975173907,47.417893514112755,98.04878,,,1.1941724385001196,0.2421182247316314,41870.0,313.5074478649454,,-98.70297,0.0201255799522673,8.0,0.772887323943662,61.1,0.39,48.7645192353952,1,0,0,0,0,0,0,0,1,0,0,0,0,0,0,1,0,0,0,0,0
6901028227285,202508,天子(金),一类烟,0.0,1.3640145523034448,48.18090926022129,96.853147,91.07,100.0,1.1941724385001196,0.2421166795589761,41870.0,801.3532338308457,0.066429418742586,-97.04878,0.0039932953736654,,-0.8003972194637536,6.05,64.71,47.417893514112755,1,0,0,0,0,0,0,0,1,0,0,0,0,0,0,0,1,0,0,0,0
6901028227285,202509,天子(金),一类烟,0.0,-0.15203038519330647,48.7819080664162,99.033816,94.74,100.0,1.1941724385001196,0.2421167374691649,41870.0,524.8447653429603,0.0451306413301662,-95.853147,0.0055097339667458,1.0,0.3781094527363184,16.63,0.0,48.18090926022129,1,0,0,0,0,0,0,0,1,0,0,0,0,0,0,0,0,1,0,0,0
6901028227285,202510,天子(金),一类烟,0.0,-0.2652615057240766,48.028878875027985,98.888889,61.98,96.08,1.1941724385001196,0.2421179764699486,41870.0,307.1788617886179,0.2387706855791962,-98.033816,0.012174964539007,24.0,1.2202166064981943,37.0,0.0,48.7819080664162,1,0,0,0,0,0,0,0,1,0,0,0,0,0,0,0,0,0,1,0,0
6901028227285,202511,天子(金),一类烟,0.0,-4.686192341832722,48.516646560692124,99.544765,59.07,99.17,1.1941724385001196,0.2421180146503043,41870.0,580.0786516853932,0.2408500590318772,-97.888889,0.0052794757969303,16.0,-0.5658536585365853,16.41,0.0,48.028878875027985,1,0,0,0,0,0,0,0,1,0,0,0,0,0,0,0,0,0,0,1,0
6901028227285,202512,天子(金),一类烟,0.0,0.23222058979550297,43.34268653319526,95.804196,29.71,92.03,1.1941724385001196,0.2421117264820845,41870.0,402.6310975609756,1.0,-98.544765,0.0129407396937573,18.0,1.4569288389513106,35.1,13.42,48.516646560692124,1,0,0,0,0,0,0,0,1,0,0,0,0,0,0,0,0,0,0,0,1
6901028227285,202601,天子(金),一类烟,0.0,3.091598317453858,48.74886715048763,99.338374,15.58,75.51,1.1941724385001196,0.2420997212435431,41870.0,2276.3576642335765,0.3384433962264151,-94.804196,0.00270575,1.0,-0.7911585365853658,8.61,0.0,43.34268653319526,1,0,0,0,0,0,0,0,1,1,0,0,0,0,0,0,0,0,0,0,0
6901028227285,202602,天子(金),一类烟,0.0,-8.311086173161868,46.43428485064912,99.264706,26.6,98.22,1.1941724385001196,0.2421114173111145,41870.0,318.44148430066605,0.9976331360946744,-98.338374,0.0208309443786982,69.0,6.671532846715327,47.57,72.64,48.74886715048763,1,0,0,0,0,0,0,0,1,0,1,0,0,0,0,0,0,0,0,0,0
6901028227285,202603,天子(金),一类烟,0.0,-2.285873574475275,40.43778097732576,100.0,16.15,100.0,1.1941724385001196,0.2421180196198109,41870.0,1157.9555555555555,1.0,-98.264706,0.0053704988123515,18.0,-0.7431018078020932,32.07,0.0,46.43428485064912,1,0,0,0,0,0,0,0,1,0,0,1,0,0,0,0,0,0,0,0,0
6901028227285,202604,天子(金),一类烟,0.0,7.6795427179278875,44.148411276173846,100.0,47.06,87.5,1.1941724385001196,0.2421184619058992,41870.0,3331.1195652173915,0.0393325387365911,-99.0,0.0018364910607866,,-0.6592592592592592,5.36,4.44,40.43778097732576,1,0,0,0,0,0,0,0,1,0,0,0,1,0,0,0,0,0,0,0,0
6901028227285,202605,天子(金),一类烟,1.0,2.636701702050651,48.117323695253646,92.746114,55.88,90.0,1.1941724385001196,0.2417419320247803,41870.0,1945.56462585034,0.0204326923076923,-99.0,0.0029590817307692,2.0,0.5978260869565217,9.25,0.0,44.148411276173846,1,0,0,0,0,0,0,0,1,0,0,0,0,1,0,0,0,0,0,0,0
6901028227285,202606,天子(金),一类烟,0.0,-8.436749708450023,46.7851129782245,97.811448,35.53,92.86,1.1941724385001196,0.2419765844355522,41870.0,532.6890130353817,0.0915662650602409,-91.746114,0.0108357542168674,22.0,2.653061224489796,23.37,47.94,48.117323695253646,1,0,0,0,0,0,0,0,1,0,0,0,0,0,1,0,0,0,0,0,0
6901028229074,202504,天子(中支),一类烟,1.0,0.9367378481664801,54.05254429320304,97.5,,,1.1420059582919562,0.2755027308838133,50350.0,7562.0,,-99.0,0.000190674556213,,,0.47,0.0,33.90943943235663,1,0,0,0,0,0,0,0,1,0,0,0,1,0,0,0,0,0,0,0,0
6901028229074,202508,天子(中支),一类烟,0.0,0.6452866533231685,53.13167365903564,91.139241,,,1.1420059582919562,0.2755174562377086,50350.0,421.7156862745098,,-98.029126,0.0024368683274021,12.0,,6.05,0.0,53.616770960294005,1,0,0,0,0,0,0,0,1,0,0,0,0,0,0,0,1,0,0,0,0
6901028229074,202509,天子(中支),一类烟,0.0,0.9374363406686612,54.26205761361717,100.0,,,1.1420059582919562,0.2755206609290522,50350.0,597.8611111111112,,-90.139241,0.0017221852731591,,-0.2941176470588235,4.28,0.0,53.13167365903564,1,0,0,0,0,0,0,0,1,0,0,0,0,0,0,0,0,1,0,0,0
6901028229074,202510,天子(中支),一类烟,0.0,-0.0011422223915431573,54.0691099997043,99.176955,,,1.1420059582919562,0.2755211850380669,50350.0,188.27,,-99.0,0.0071418439716312,119.0,3.166666666666667,18.09,0.0,54.26205761361717,1,0,0,0,0,0,0,0,1,0,0,0,0,0,0,0,0,0,1,0,0
6901028229074,202511,天子(中支),一类烟,0.0,-3.6026514778250487,54.26091539122563,98.696462,,,1.1420059582919562,0.2755213505461767,50350.0,258.2116182572614,,-98.176955,0.005730507674144,26.0,-0.1966666666666666,14.29,0.0,54.0691099997043,1,0,0,0,0,0,0,0,1,0,0,0,0,0,0,0,0,0,0,1,0
6901028229074,202512,天子(中支),一类烟,0.0,0.23282506794085123,50.466458521879254,97.727273,,,1.1420059582919562,0.2755213505461767,50350.0,188.70188679245285,,-97.696462,0.0125726737338044,100.0,1.199170124481328,29.56,9.56,54.26091539122563,1,0,0,0,0,0,0,0,1,0,0,0,0,0,0,0,0,0,0,0,1
6901028229074,202601,天子(中支),一类烟,0.0,3.4342387834262595,54.49374045916648,99.15334,,,1.1420059582919562,0.2755213505461767,50350.0,1563.8023255813955,,-96.727273,0.0020425,12.0,-0.8377358490566038,5.78,0.0,50.466458521879254,1,0,0,0,0,0,0,0,1,1,0,0,0,0,0,0,0,0,0,0,0
6901028229074,202602,天子(中支),一类烟,0.0,-5.675449943387854,53.90069730530551,99.696049,100.0,100.0,1.1420059582919562,0.2755213034376066,50350.0,104.32163187855788,0.0177514792899408,-98.15334,0.025121372781065,103.0,11.255813953488374,40.0,68.34,54.49374045916648,1,0,0,0,0,0,0,0,1,0,1,0,0,0,0,0,0,0,0,0,0
6901028229074,202603,天子(中支),一类烟,0.0,-8.517460135818084,48.81829051577863,100.0,,,1.1420059582919562,0.2755213505461767,50350.0,319.2439024390244,,-98.696049,0.0078455106888361,17.0,-0.6888045540796963,25.06,55.45,53.90069730530551,1,0,0,0,0,0,0,0,1,0,0,1,0,0,0,0,0,0,0,0,0
6901028229074,202604,天子(中支),一类烟,0.0,2.6704414145459907,45.38323716948743,100.0,86.11,87.5,1.1420059582919562,0.2755213505461767,50350.0,2161.09375,0.0417163289630512,-99.0,0.0007681525625744,,-0.902439024390244,1.91,6.25,48.81829051577863,1,0,0,0,0,0,0,0,1,0,0,0,1,0,0,0,0,0,0,0,0
6901028229074,202605,天子(中支),一类烟,0.0,3.572954825086285,51.48873193032462,100.0,73.4,91.67,1.1420059582919562,0.2755213505461767,50350.0,3405.9473684210525,0.0564903846153846,-99.0,0.0004599278846153,,-0.40625,1.2,0.0,45.38323716948743,1,0,0,0,0,0,0,0,1,0,0,0,0,1,0,0,0,0,0,0,0
6901028229074,202606,天子(中支),一类烟,1.0,-1.0787629414829638,48.956191994573715,89.393939,67.16,92.68,1.1420059582919562,0.2755213505461767,50350.0,1193.3333333333333,0.0734939759036144,-99.0,0.001310313253012,1.0,1.8421052631578947,3.37,0.0,51.48873193032462,1,0,0,0,0,0,0,0,1,0,0,0,0,0,1,0,0,0,0,0,0
6901028230186,202603,天子(C位),一类烟,0.0,2.138009352517905,54.13752185645421,98.412698,,,1.1420059582919562,0.2755213505461767,50350.0,967.3157894736844,,-99.0,0.0004528520710059,15.0,,1.78,26.67,52.11240551641288,1,0,0,0,0,0,0,0,1,0,0,1,0,0,0,0,0,0,0,0,0
6901028230186,202604,天子(C位),一类烟,0.0,0.2686660018383833,54.25041486893078,100.0,,,1.1420059582919562,0.2755213505461767,50350.0,233.4193548387097,,-97.412698,0.001488295589988,18.0,2.263157894736842,3.81,3.13,54.13752185645421,1,0,0,0,0,0,0,0,1,0,0,0,1,0,0,0,0,0,0,0,0
6901028230186,202605,天子(C位),一类烟,0.0,-0.18627258598494478,54.40618785829259,100.0,,,1.1420059582919562,0.2755213505461768,50350.0,192.5072463768116,,-99.0,0.0016702644230769,14.0,0.1129032258064517,4.33,0.0,54.25041486893078,1,0,0,0,0,0,0,0,1,0,0,0,0,1,0,0,0,0,0,0,0
6901028230186,202606,天子(C位),一类烟,0.0,-0.0838497777217384,54.06414228294584,97.674419,,,1.1420059582919562,0.2755213505461767,50350.0,136.05555555555554,,-99.0,0.0021838554216867,12.0,0.3043478260869563,4.94,14.63,54.40618785829259,1,0,0,0,0,0,0,0,1,0,0,0,0,0,1,0,0,0,0,0,0
6901028241410,202602,黄鹤楼(视窗),一类烟,0.0,-0.886356228917478,56.16893416668876,100.0,98.0,100.0,1.1666666666666667,0.3089234033786567,75000.0,63.40605686032138,0.0745562130177514,-97.83934,0.0574437869822485,467.0,,55.74,25.48,66.88878587393378,1,0,0,0,0,0,0,0,1,0,1,0,0,0,0,0,0,0,0,0,0
6901028241410,202603,黄鹤楼(视窗),一类烟,0.0,10.580831410078915,66.0024296450163,100.0,73.98,99.26,1.1666666666666667,0.3089333333333333,75000.0,3948.25,0.3717339667458432,-99.0,0.0001425178147268,,-0.9975278121137208,0.48,0.0,56.16893416668876,1,0,0,0,0,0,0,0,1,0,0,1,0,0,0,0,0,0,0,0,0
6901028241410,202604,黄鹤楼(视窗),一类烟,0.0,0.7113479245883383,66.74976557676767,100.0,84.34,100.0,1.1666666666666667,0.3089174603174603,75000.0,384.6190476190476,0.0750893921334922,-99.0,0.0015017878426698,,9.5,2.26,5.26,66.0024296450163,1,0,0,0,0,0,0,0,1,0,0,0,1,0,0,0,0,0,0,0,0
6901028241410,202605,黄鹤楼(视窗),一类烟,0.0,-0.9508017360799812,66.71377756960464,99.29078,76.0,100.0,1.1666666666666667,0.3088710382513661,75000.0,109.21311475409836,0.0300480769230769,-99.0,0.0043990384615384,,1.9047619047619049,5.65,14.89,66.74976557676767,1,0,0,0,0,0,0,0,1,0,0,0,0,1,0,0,0,0,0,0,0
6901028241410,202606,黄鹤楼(视窗),一类烟,0.0,-0.19151047816389166,65.79896384068769,99.047619,80.0,100.0,1.1666666666666667,0.3089154761904761,75000.0,126.82857142857142,0.0120481927710843,-98.29078,0.0050602409638554,1.0,0.1475409836065575,8.43,0.0,66.71377756960464,1,0,0,0,0,0,0,0,1,0,0,0,0,0,1,0,0,0,0,0,0
6901028242066,202503,黄鹤楼(硬峡谷情),一类烟,1.0,8.461241583899493,,0.0,,,1.179245283018868,0.3089033018867924,84800.0,3636.0,,-27.571429,0.000320756501182,,-0.9799498746867168,,,58.19553141268412,1,0,0,0,0,0,0,0,1,0,0,1,0,0,0,0,0,0,0,0,0
6901028242066,202602,黄鹤楼(硬峡谷情),一类烟,0.0,4.598441170960285,67.85533034769644,96.455696,100.0,100.0,1.179245283018868,0.3088780323450134,84800.0,1822.9081632653065,0.0023668639053254,-70.014493,0.0039339171597633,62.0,,7.34,24.19,63.191021459662,1,0,0,0,0,0,0,0,1,0,1,0,0,0,0,0,0,0,0,0,0
6901028242066,202603,黄鹤楼(硬峡谷情),一类烟,0.0,-2.0046970272576203,67.78946263062228,99.29078,47.46,100.0,1.179245283018868,0.3088783860743822,84800.0,132.61417322834646,0.0332541567695962,-95.455696,0.0153485985748218,213.0,2.887755102040816,32.3,0.0,67.85533034769644,1,0,0,0,0,0,0,0,1,0,0,1,0,0,0,0,0,0,0,0,0
6901028242066,202604,黄鹤楼(硬峡谷情),一类烟,1.0,-7.513736431784139,65.85063332043882,77.55102,100.0,100.0,1.179245283018868,0.3088818227762803,84800.0,156.85714285714286,0.0047675804529201,-98.29078,0.0056600715137067,,-0.6325459317585301,6.56,23.64,67.78946263062228,1,0,0,0,0,0,0,0,1,0,0,0,1,0,0,0,0,0,0,0,0
6901028242066,202606,黄鹤楼(硬峡谷情),一类烟,1.0,-11.473211826909008,,0.0,84.29,100.0,1.179245283018868,0.3088351267688679,84800.0,2874.75,0.072289156626506,-71.727273,0.0006538795180722,,-0.5789473684210527,0.96,0.0,60.27572619883814,1,0,0,0,0,0,0,0,1,0,0,0,0,0,1,0,0,0,0,0,0
6901028247375,202508,双喜(春天·咖路里),一类烟,0.0,3.781932239522469,55.45710080341434,40.47619,90.38,99.77,1.1555555555555554,0.2754888888888889,56250.0,1624.3749999999998,0.561091340450771,-99.0,0.0002135231316725,4.0,,0.47,0.0,51.54769570221376,1,0,0,0,0,0,0,0,1,0,0,0,0,0,0,0,1,0,0,0,0
6901028247375,202509,双喜(春天·咖路里),一类烟,0.0,-0.5375890272568142,55.32962794173623,100.0,96.3,99.62,1.1555555555555554,0.2754888888888889,56250.0,207.6176470588235,0.649643705463183,-39.47619,0.0009085510688836,13.0,3.25,2.02,0.0,55.45710080341434,1,0,0,0,0,0,0,0,1,0,0,0,0,0,0,0,0,1,0,0,0
6901028247375,202510,双喜(春天·咖路里),一类烟,0.0,0.6182235566872691,54.91951177615753,100.0,86.71,99.51,1.1555555555555554,0.2754896551724138,56250.0,253.89655172413796,0.5602836879432624,-99.0,0.0015425531914893,14.0,0.7058823529411764,3.55,0.0,55.32962794173623,1,0,0,0,0,0,0,0,1,0,0,0,0,0,0,0,0,0,1,0,0
6901028247375,202511,双喜(春天·咖路里),一类烟,0.0,0.5886436150128063,55.947851498423496,99.69697,90.99,99.12,1.1555555555555554,0.275489605734767,56250.0,402.5161290322581,0.4391971664698937,-99.0,0.000823494687131,16.0,-0.4655172413793104,1.89,0.0,54.91951177615753,1,0,0,0,0,0,0,0,1,0,0,0,0,0,0,0,0,0,0,1,0
6901028247375,202601,双喜(春天·咖路里),一类烟,1.0,-0.3523647790279938,55.508155391170334,95.111111,89.23,99.47,1.1555555555555554,0.2754912529550827,56250.0,30.027355623100306,1.0,-98.69697,0.0087190812720848,118.0,9.612903225806452,17.2,24.66,55.947851498423496,1,0,0,0,0,0,0,0,1,1,0,0,0,0,0,0,0,0,0,0,0
6901028247375,202602,双喜(春天·咖路里),一类烟,0.0,-0.12732300619398984,55.5954867193955,97.975708,,,1.1555555555555554,0.2755104880581516,56250.0,191.45794392523365,,-94.111111,0.005698224852071,31.0,-0.3495440729483283,14.08,42.02,55.508155391170334,1,0,0,0,0,0,0,0,1,0,1,0,0,0,0,0,0,0,0,0,0
6901028247375,202603,双喜(春天·咖路里),一类烟,0.0,-0.9328979625194407,55.380832384976344,96.875,,,1.1555555555555554,0.2754980716253443,56250.0,158.46280991735537,,-96.975708,0.0064667458432304,25.0,0.1308411214953271,13.18,54.05,55.5954867193955,1,0,0,0,0,0,0,0,1,0,0,1,0,0,0,0,0,0,0,0,0
6901028247375,202604,双喜(春天·咖路里),一类烟,1.0,-1.0354216463946244,54.66258875687606,94.202899,100.0,100.0,1.1555555555555554,0.2754910394265233,56250.0,235.49032258064517,0.00119189511323,-95.875,0.0041567342073897,6.0,-0.359504132231405,7.39,33.87,55.380832384976344,1,0,0,0,0,0,0,0,1,0,0,0,1,0,0,0,0,0,0,0,0
6901028247375,202605,双喜(春天·咖路里),一类烟,0.0,-1.6699892337547837,54.34541073858172,98.214286,75.0,100.0,1.1555555555555554,0.2754776068376068,56250.0,494.3230769230769,0.0204326923076923,-93.202899,0.0017578124999999,5.0,-0.5806451612903225,3.0,40.0,54.66258875687606,1,0,0,0,0,0,0,0,1,0,0,0,0,1,0,0,0,0,0,0,0
6901028247375,202606,双喜(春天·咖路里),一类烟,1.0,-4.186843668380199,52.99259952312128,71.428571,45.0,80.0,1.1555555555555554,0.2754642424242424,56250.0,607.8181818181818,0.0120481927710843,-97.214286,0.0014909638554216,3.0,-0.1538461538461538,2.29,36.84,54.34541073858172,1,0,0,0,0,0,0,0,1,0,0,0,0,0,1,0,0,0,0,0,0
6901028252959,202509,黄金叶(大成),一类烟,0.0,-4.0360414289718065,63.69806511980707,100.0,,,1.1406844106463878,0.3089163498098859,65750.0,408.75,,-79.0,0.0007496437054631,12.0,,1.43,0.0,63.52336039005505,1,0,0,0,0,0,0,0,1,0,0,0,0,0,0,0,0,1,0,0,0
6901028252959,202512,黄金叶(大成),一类烟,0.0,-1.000908725615723,59.48731896108325,100.0,,,1.1406844106463878,0.3089163498098859,65750.0,345.4375,,-99.0,0.0004973995271867,4.0,-0.3333333333333333,0.95,0.0,63.69806511980707,1,0,0,0,0,0,0,0,1,0,0,0,0,0,0,0,0,0,0,0,1
6901028252959,202601,黄金叶(大成),一类烟,1.0,2.2356607954527092,62.697156394191346,96.825397,,,1.1406844106463878,0.3089140684410646,65750.0,1871.4,,-99.0,0.0007753537735849,11.0,0.5625,1.65,0.0,59.48731896108325,1,0,0,0,0,0,0,0,1,1,0,0,0,0,0,0,0,0,0,0,0
6901028252959,202602,黄金叶(大成),一类烟,0.0,0.18177437080662173,61.722979756535956,100.0,,,1.1406844106463878,0.3088973384030418,65750.0,706.4426229508198,,-95.825397,0.0018985798816568,22.0,1.44,4.85,29.27,62.697156394191346,1,0,0,0,0,0,0,0,1,0,1,0,0,0,0,0,0,0,0,0,0
6901028252959,202603,黄金叶(大成),一类烟,0.0,1.6822826173048568,62.87893076499797,100.0,,,1.1406844106463878,0.3088973384030418,65750.0,1059.4814814814815,,-99.0,0.000843349168646,,-0.5573770491803278,3.21,0.0,61.722979756535956,1,0,0,0,0,0,0,0,1,0,0,1,0,0,0,0,0,0,0,0,0
6901028252959,202604,黄金叶(大成),一类烟,0.0,0.8964519994020534,63.40526237384081,100.0,,,1.1406844106463878,0.3089153492095257,65750.0,642.2894736842105,,-99.0,0.001191179976162,1.0,0.4074074074074074,2.38,0.0,62.87893076499797,1,0,0,0,0,0,0,0,1,0,0,0,1,0,0,0,0,0,0,0,0
6901028252959,202605,黄金叶(大成),一类烟,0.0,-0.3761601194587172,63.77538276440002,100.0,,,1.1406844106463878,0.3089151232675088,65750.0,451.54838709677415,,-99.0,0.0019598557692307,15.0,0.631578947368421,3.97,0.0,63.40526237384081,1,0,0,0,0,0,0,0,1,0,0,0,0,1,0,0,0,0,0,0,0
6901028252959,202606,黄金叶(大成),一类烟,1.0,-2.967560984570504,63.029102254382096,96.774194,,100.0,1.1406844106463878,0.3089129140134683,65750.0,317.3855421686747,,-99.0,0.00263,29.0,0.338709677419355,5.66,4.26,63.77538276440002,1,0,0,0,0,0,0,0,1,0,0,0,0,0,1,0,0,0,0,0,0
6901028268950,202602,娇子(格调中支),一类烟,0.0,-22.97850706634984,53.079981309914736,100.0,95.0,100.0,1.1428571428571428,0.2755398496240601,43750.0,755.0,0.0213017751479289,-99.0,0.0007869822485207,15.0,,1.78,100.0,52.78283965599745,1,0,0,0,0,0,0,0,1,0,1,0,0,0,0,0,0,0,0,0,0
6901028268950,202603,娇子(格调中支),一类烟,0.0,-5.8341905875599736,29.804332589647608,100.0,,,1.1428571428571428,0.2755428571428571,43750.0,647.6428571428571,,-99.0,0.0011638954869358,56.0,0.4736842105263159,6.65,0.0,53.079981309914736,1,0,0,0,0,0,0,0,1,0,0,1,0,0,0,0,0,0,0,0,0
6901028268950,202605,娇子(格调中支),一类烟,0.0,6.033345046026405,54.21384255015692,100.0,87.5,100.0,1.1428571428571428,0.2755164835164835,43750.0,2759.076923076924,0.0096153846153846,-99.0,0.0002734375,,5.5,0.84,0.0,47.24579072235476,1,0,0,0,0,0,0,0,1,0,0,0,0,1,0,0,0,0,0,0,0
6901028268950,202606,娇子(格调中支),一类烟,0.0,-2.5003720357834,53.27913576838117,99.009901,50.0,90.48,1.1428571428571428,0.2755174069627851,43750.0,233.9747899159664,0.0915662650602409,-99.0,0.0025090361445783,28.0,8.153846153846153,7.95,0.0,54.21384255015692,1,0,0,0,0,0,0,0,1,0,0,0,0,0,1,0,0,0,0,0,0
6901028268981,202603,娇子(宽窄锦上细支),一类烟,0.0,-5.369675487449747,63.67861314101252,100.0,41.25,100.0,1.1406844106463878,0.308900006670669,65750.0,518.6842105263158,0.0497041420118343,-89.47619,0.0017740828402366,18.0,,2.13,83.33,63.21605606796338,1,0,0,0,0,0,0,0,1,0,0,1,0,0,0,0,0,0,0,0,0
6901028268981,202604,娇子(宽窄锦上细支),一类烟,1.0,0.3187347754206584,57.84638058051363,87.5,100.0,100.0,1.1406844106463878,0.3089158495097058,65750.0,352.4868421052632,0.00119189511323,-99.0,0.0023823599523241,11.0,0.3333333333333332,3.1,50.0,63.67861314101252,1,0,0,0,0,0,0,0,1,0,0,0,1,0,0,0,0,0,0,0,0
6901028268981,202605,娇子(宽窄锦上细支),一类烟,0.0,4.609846036185061,63.99734791643318,97.87234,80.0,100.0,1.1406844106463878,0.3089163498098859,65750.0,2466.0714285714284,0.0036057692307692,-86.5,0.000442548076923,,-0.8157894736842105,0.84,0.0,57.84638058051363,1,0,0,0,0,0,0,0,1,0,0,0,0,1,0,0,0,0,0,0,0
6901028268981,202606,娇子(宽窄锦上细支),一类烟,0.0,-0.6445026603203345,62.45622661669869,100.0,56.25,80.0,1.1406844106463878,0.3089151099355265,65750.0,236.9782608695652,0.0192771084337349,-96.87234,0.0029151807228915,20.0,5.571428571428571,5.06,16.67,63.99734791643318,1,0,0,0,0,0,0,0,1,0,0,0,0,0,1,0,0,0,0,0,0
6901028271547,202602,黄鹤楼(1916小蜜蜂),一类烟,0.0,0.8096024030735549,67.8930476775838,99.103139,,,1.179245283018868,0.3088945050973828,169600.0,369.6612903225807,,-96.637795,0.0199104378698224,71.0,,8.4,66.2,67.20604525945446,1,0,0,0,0,0,0,0,1,0,1,0,0,0,0,0,0,0,0,0,0
6901028271547,202604,黄鹤楼(1916小蜜蜂),一类烟,0.0,-0.14321785275328125,68.01564766252801,100.0,,,1.179245283018868,0.3088896952104499,169600.0,120.17194570135746,,-98.103139,0.0178059857482185,48.0,-0.1088709677419355,14.13,71.43,67.8930476775838,1,0,0,0,0,0,0,0,1,0,0,0,1,0,0,0,0,0,0,0,0
6901028271547,202605,黄鹤楼(1916小蜜蜂),一类烟,0.0,-1.5605522666722749,67.74982982483051,100.0,,,1.179245283018868,0.3088959316037736,169600.0,76.41836734693877,,-99.0,0.0079907692307692,1.0,-0.5565610859728507,5.89,0.0,68.01564766252801,1,0,0,0,0,0,0,0,1,0,0,0,0,1,0,0,0,0,0,0,0
6901028271547,202606,黄鹤楼(1916小蜜蜂),一类烟,0.0,-0.9812104880689105,66.45509539585574,100.0,,,1.179245283018868,0.3088959316037736,169600.0,172.75,,-99.0,0.0009808192771084,,-0.8775510204081632,0.72,0.0,67.74982982483051,1,0,0,0,0,0,0,0,1,0,0,0,0,0,1,0,0,0,0,0,0
6901028275668,202602,芙蓉王(硬中支),一类烟,0.0,-3.1470091518757783,39.59230981199139,100.0,97.48,100.0,1.1406844106463878,0.3088973384030418,65750.0,892.5806451612904,0.0556213017751479,-99.0,0.0019297041420118,47.0,,5.56,31.91,62.183526496985365,1,0,0,0,0,0,0,0,1,0,1,0,0,0,0,0,0,0,0,0,0
6901028275668,202604,芙蓉王(硬中支),一类烟,0.0,2.2290673180842617,64.32709721172763,99.514563,,,1.1406844106463878,0.3089163498098859,65750.0,2034.769230769231,,-99.0,0.0008150178784266,12.0,1.8888888888888888,1.55,0.0,59.03651734510959,1,0,0,0,0,0,0,0,1,0,0,0,1,0,0,0,0,0,0,0,0
6901028275668,202605,芙蓉王(硬中支),一类烟,0.0,-0.34102435791953667,61.26558466319385,100.0,,,1.1406844106463878,0.308916164332746,65750.0,117.4780487804878,,-98.514563,0.0129603365384615,98.0,14.769230769230768,17.79,39.86,64.32709721172763,1,0,0,0,0,0,0,0,1,0,0,0,0,1,0,0,0,0,0,0,0
6901028275668,202606,芙蓉王(硬中支),一类烟,0.0,2.720811977674714,63.986072853808096,99.687011,,,1.1406844106463878,0.3089163498098859,65750.0,1226.9615384615386,,-99.0,0.0024715662650602,,-0.8097560975609757,4.7,0.0,61.26558466319385,1,0,0,0,0,0,0,0,1,0,0,0,0,0,1,0,0,0,0,0,0
6901028312356,202602,云烟(细支大重九),一类烟,0.0,-13.077026228033048,43.13216949201958,100.0,63.22,94.55,1.179245283018868,0.3086724861942015,212000.0,130.48780487804876,1.0,-95.470588,0.0081903415783274,42.0,inf,4.95,0.0,67.79958330735315,1,0,0,0,0,0,0,0,1,0,1,0,0,0,0,0,0,0,0,0,0
6901028312356,202603,云烟(细支大重九),一类烟,0.0,12.390614582413384,54.7225570793201,100.0,48.1,100.0,1.179245283018868,0.3087617924528302,212000.0,11238.5,1.0,-99.0,0.0002014251781472,,-0.975609756097561,0.24,0.0,43.13216949201958,1,0,0,0,0,0,0,0,1,0,0,1,0,0,0,0,0,0,0,0,0
6901028312356,202604,云烟(细支大重九),一类烟,0.0,12.295218629064806,55.52278407443296,100.0,,,1.179245283018868,0.3087617924528302,212000.0,4879.25,,-99.0,0.0004042908224076,,1.0,0.24,0.0,54.7225570793201,1,0,0,0,0,0,0,0,1,0,0,0,1,0,0,0,0,0,0,0,0
6901028312356,202606,云烟(细支大重九),一类烟,0.0,-12.364148321634275,67.0177757083849,97.727273,,,1.179245283018868,0.3087617924528302,212000.0,4589.25,,-99.0,0.0004076923076923,,0.0,0.24,0.0,55.52278407443296,1,0,0,0,0,0,0,0,1,0,0,0,0,0,1,0,0,0,0,0,0
6901028314459,202502,玉溪(硬和谐),一类烟,0.0,-2.3494761398659563,65.95681346413504,95.744681,107.48,100.0,1.179245283018868,0.3089029814397047,84800.0,442.9891304347826,1.0,-97.924731,0.0036974407582938,53.0,,10.9,0.0,67.00624067048622,1,0,0,0,0,0,0,0,1,0,1,0,0,0,0,0,0,0,0,0,0
6901028314459,202503,玉溪(硬和谐),一类烟,0.0,0.9305286204796346,64.65676453062026,100.0,85.82,100.0,1.179245283018868,0.3089033018867924,84800.0,823.3333333333333,0.9822695035460992,-94.744681,0.0018042553191489,,-0.5108695652173914,,,65.95681346413504,1,0,0,0,0,0,0,0,1,0,0,1,0,0,0,0,0,0,0,0,0
6901028314459,202504,玉溪(硬和谐),一类烟,1.0,2.165038116253271,66.88734208461467,92.063492,64.71,97.01,1.179245283018868,0.3088894826061321,84800.0,1292.96875,0.1207100591715976,-99.0,0.0012845443786982,,-0.2888888888888888,2.01,0.0,64.65676453062026,1,0,0,0,0,0,0,0,1,0,0,0,1,0,0,0,0,0,0,0,0
6901028314459,202505,玉溪(硬和谐),一类烟,0.0,-4.3922422132306735,66.82180264687354,95.555556,73.24,97.85,1.179245283018868,0.3088890696161353,84800.0,484.5689655172413,1.0,-91.063492,0.0023309952606635,1.0,0.8125,3.55,0.0,66.88734208461467,1,0,0,0,0,0,0,0,1,0,0,0,0,1,0,0,0,0,0,0,0
6901028314459,202506,玉溪(硬和谐),一类烟,0.0,1.3439154145845436,62.495099871384,100.0,89.43,98.25,1.179245283018868,0.308888904124616,84800.0,508.3023255813954,0.3773809523809524,-94.555556,0.0017363809523809,,-0.2586206896551725,2.62,0.0,66.82180264687354,1,0,0,0,0,0,0,0,1,0,0,0,0,0,1,0,0,0,0,0,0
6901028314985,202502,红塔山(硬经典),三类烟,0.0,-0.3070274496376655,43.85567694144889,99.487617,97.46,100.0,1.1333333333333333,0.2421351552795031,18750.0,29.84844720496894,0.9561611374407584,-98.01599,0.0071534360189573,5.0,,86.02,0.0,43.90333466232692,0,1,0,0,0,0,0,1,0,0,1,0,0,0,0,0,0,0,0,0,0
6901028314985,202503,红塔山(硬经典),三类烟,0.0,-0.032504680044162626,43.596307212689254,99.44186,92.53,100.0,1.1333333333333333,0.2421333333333333,18750.0,46.92188841201717,0.450354609929078,-98.487617,0.0206560283687943,,1.894409937888199,,,43.85567694144889,0,1,0,0,0,0,0,1,0,0,0,1,0,0,0,0,0,0,0,0,0
6901028314985,202504,红塔山(硬经典),三类烟,0.0,0.08438506167453141,43.82317226140473,98.403576,92.5,98.83,1.1333333333333333,0.2421333333333333,18750.0,140.91674462114125,0.8674556213017751,-98.44186,0.0094881656804733,2.0,-0.5412017167381975,63.31,0.0,43.596307212689254,0,1,0,0,0,0,0,1,0,0,0,0,1,0,0,0,0,0,0,0,0
6901028314985,202505,红塔山(硬经典),三类烟,0.0,-0.08110322957843152,43.680692274363786,99.360341,78.79,97.16,1.1333333333333333,0.2421333333333333,18750.0,58.70149253731344,0.3127962085308057,-97.403576,0.0136937203791469,2.0,0.441534144059869,91.35,0.0,43.82317226140473,0,1,0,0,0,0,0,1,0,0,0,0,0,1,0,0,0,0,0,0,0
6901028314985,202506,红塔山(硬经典),三类烟,0.0,0.23619845343655044,43.7420690318263,99.378882,91.72,99.61,1.1333333333333333,0.2421333333333333,18750.0,110.33583690987123,0.9988095238095238,-98.360341,0.0083214285714285,,-0.3951979234263465,55.48,0.0,43.680692274363786,0,1,0,0,0,0,0,1,0,0,0,0,0,0,1,0,0,0,0,0,0
6901028314985,202507,红塔山(硬经典),三类烟,0.0,0.14868295221480565,43.916890727800336,99.712289,93.95,99.62,1.1333333333333333,0.2421311111111111,18750.0,87.85208333333333,0.9964200477326968,-98.378882,0.0042959427207637,,-0.4849785407725322,28.64,0.0,43.7420690318263,0,1,0,0,0,0,0,1,0,0,0,0,0,0,0,1,0,0,0,0,0
6901028314985,202508,红塔山(硬经典),三类烟,0.0,0.01618237754113494,43.8907519840411,99.571184,,,1.1333333333333333,0.2421331134927177,18750.0,24.71434460016488,,-98.712289,0.0215836298932384,10.0,4.054166666666667,94.31,52.83,43.916890727800336,0,1,0,0,0,0,0,1,0,0,0,0,0,0,0,0,1,0,0,0,0
6901028314985,202509,红塔山(硬经典),三类烟,0.0,-0.007233153124815317,43.93307310534147,99.282511,,,1.1333333333333333,0.2421332759115705,18750.0,34.204565030146426,,-98.571184,0.0206828978622327,4.0,-0.0428689200329761,96.56,43.05,43.8907519840411,0,1,0,0,0,0,0,1,0,0,0,0,0,0,0,0,0,1,0,0,0
6901028314985,202602,红塔山(硬经典),三类烟,1.0,-0.17131207987198138,43.90629095454831,96.864112,,,1.1333333333333333,0.24217674675504,18750.0,20.265120132560067,,-98.341564,0.0214260355029585,8.0,inf,95.74,0.0,43.94222497687378,0,1,0,0,0,0,0,1,0,0,1,0,0,0,0,0,0,0,0,0,0
6901028314985,202604,红塔山(硬经典),三类烟,1.0,0.05643366810130601,,0.0,,,1.1333333333333333,0.2421333333333333,18750.0,77.6401384083045,,-98.723948,0.0129171632896305,2.0,-0.4224620303756994,86.29,0.0,43.7709128970018,0,1,0,0,0,0,0,1,0,0,0,0,1,0,0,0,0,0,0,0,0
6901028314985,202606,红塔山(硬经典),三类烟,0.0,0.045278060560342226,43.43568573827118,99.672935,,,1.1333333333333333,0.2421333333333333,18750.0,57.18873668188736,,-98.620925,0.0118734939759036,1.0,inf,79.52,0.0,43.827346565103106,0,1,0,0,0,0,0,1,0,0,0,0,0,0,1,0,0,0,0,0,0
6901028315432,202502,红塔山(硬经典100),三类烟,0.0,-0.18254723462935374,42.93379935266534,98.145025,,,1.134020618556701,0.2420344945522059,24250.0,166.51500789889414,,-97.674981,0.01455,2.0,,92.77,60.54,43.559909467425854,0,1,0,0,0,0,0,1,0,0,1,0,0,0,0,0,0,0,0,0,0
6901028315432,202503,红塔山(硬经典100),三类烟,0.0,-0.0741296291046254,43.3773622327965,99.852725,89.18,100.0,1.134020618556701,0.2421162362277252,24250.0,402.2800687285224,0.2245862884160756,-97.145025,0.00667304964539,,-0.5402843601895735,,,42.93379935266534,0,1,0,0,0,0,0,1,0,0,0,1,0,0,0,0,0,0,0,0,0
6901028315432,202504,红塔山(硬经典100),三类烟,0.0,0.18866459041204564,42.859669723560714,98.812352,100.0,100.0,1.134020618556701,0.2421457135906091,24250.0,244.73082595870207,0.0248520710059171,-98.852725,0.0155659171597633,2.0,1.329896907216495,80.71,0.0,43.3773622327965,0,1,0,0,0,0,0,1,0,0,0,0,1,0,0,0,0,0,0,0,0
6901028315432,202505,红塔山(硬经典100),三类烟,0.0,0.8599401420788411,43.566026823208546,99.740765,84.0,100.0,1.134020618556701,0.2421557791435369,24250.0,433.4326923076923,0.0592417061611374,-97.812352,0.0047810426540284,2.0,-0.6932153392330385,25.0,0.0,42.859669723560714,0,1,0,0,0,0,0,1,0,0,0,0,0,1,0,0,0,0,0,0,0
6901028317177,202502,玉溪(软),一类烟,0.0,-10.046188582267739,53.978786678689595,98.671498,,,1.1420059582919562,0.2755017216158327,50350.0,248.31950405340964,,-97.358349,0.0500397867298578,12.0,,90.28,88.45,54.09053247062076,1,0,0,0,0,0,0,0,1,0,1,0,0,0,0,0,0,0,0,0,0
6901028317177,202503,玉溪(软),一类烟,0.0,0.3295648873714825,44.04434388835302,95.652174,98.63,100.0,1.1420059582919562,0.275503938768887,50350.0,289.0563035495716,0.9609929078014184,-97.671498,0.0388992434988179,,-0.2207916070577015,,,53.978786678689595,1,0,0,0,0,0,0,0,1,0,0,1,0,0,0,0,0,0,0,0,0
6901028317177,202504,玉溪(软),一类烟,0.0,8.360879475022621,54.30835156606108,99.286988,97.93,99.52,1.1420059582919562,0.2755194697722006,50350.0,3890.954545454545,0.9988165680473372,-94.652174,0.0031461301775147,1.0,-0.91921664626683,7.93,0.0,44.04434388835302,1,0,0,0,0,0,0,0,1,0,0,0,1,0,0,0,0,0,0,0,0
6901028317177,202505,玉溪(软),一类烟,0.0,-0.39843886928399286,52.40522336337564,99.648506,98.22,99.63,1.1420059582919562,0.2755202585492218,50350.0,171.3927289048474,0.9976303317535544,-98.286988,0.0531657819905213,6.0,15.87878787878788,77.01,73.23,54.30835156606108,1,0,0,0,0,0,0,0,1,0,0,0,0,1,0,0,0,0,0,0,0
6901028317177,202506,玉溪(软),一类烟,0.0,1.230689349037327,53.909912696777084,99.16986,97.17,100.0,1.1420059582919562,0.2755206499827486,50350.0,861.1234567901236,1.0,-98.648506,0.0135945,,-0.7455116696588869,34.05,0.0,52.40522336337564,1,0,0,0,0,0,0,0,1,0,0,0,0,0,1,0,0,0,0,0,0
6901028317177,202507,玉溪(软),一类烟,0.0,-1.072058073872725,53.63591271241297,99.516129,100.0,100.0,1.1420059582919562,0.2754593889137915,50350.0,309.184803605924,0.7804295942720764,-98.16986,0.0373238902147971,2.0,1.738977072310406,65.51,28.96,53.909912696777084,1,0,0,0,0,0,0,0,1,0,0,0,0,0,0,1,0,0,0,0,0
6901028317177,202508,玉溪(软),一类烟,0.0,0.23941085527687989,52.83785462290436,97.985348,99.32,99.57,1.1420059582919562,0.2753937993204778,50350.0,401.36871961102105,0.8374851720047449,-98.516129,0.0294813285883748,9.0,-0.2054088860270444,60.14,23.08,53.63591271241297,1,0,0,0,0,0,0,0,1,0,0,0,0,0,0,0,1,0,0,0,0
6901028317177,202509,玉溪(软),一类烟,0.0,0.5182753277679097,53.87532356768985,98.565401,98.62,100.0,1.1420059582919562,0.2754988909409832,50350.0,701.9794392523364,0.9631828978622328,-96.985348,0.0127967933491686,,-0.56645056726094,23.87,34.33,52.83785462290436,1,0,0,0,0,0,0,0,1,0,0,0,0,0,0,0,0,1,0,0,0
6901028317177,202510,玉溪(软),一类烟,0.0,-2.68956808466654,53.35612995067227,98.905609,97.48,99.63,1.1420059582919562,0.275512168246929,50350.0,327.44349315068496,0.6784869976359338,-97.565401,0.0278055791962174,6.0,1.1831775700934577,45.98,48.59,53.87532356768985,1,0,0,0,0,0,0,0,1,0,0,0,0,0,0,0,0,0,1,0,0
6901028317177,202511,玉溪(软),一类烟,0.0,-6.637635323205494,51.18575548302331,98.125,97.34,99.76,1.1420059582919562,0.2755175733901417,50350.0,516.1839557399724,0.998819362455726,-97.905609,0.0171915230224321,11.0,-0.3809931506849314,32.47,33.09,53.35612995067227,1,0,0,0,0,0,0,0,1,0,0,0,0,0,0,0,0,0,0,1,0
6901028317177,202512,玉溪(软),一类烟,0.0,2.678957200996159,46.718494627466775,99.099099,97.06,100.0,1.1420059582919562,0.2755142874612321,50350.0,1302.3651804670912,1.0,-97.125,0.0111730742049469,7.0,-0.3485477178423236,28.86,0.0,51.18575548302331,1,0,0,0,0,0,0,0,1,0,0,0,0,0,0,0,0,0,0,0,1
6901028317177,202601,玉溪(软),一类烟,0.0,5.723854459385208,53.864712684019466,99.610895,,,1.1420059582919562,0.2755132256026,50350.0,2921.172727272727,,-98.099099,0.005225,8.0,-0.5329087048832272,13.33,0.0,46.718494627466775,1,0,0,0,0,0,0,0,1,1,0,0,0,0,0,0,0,0,0,0,0
6901028317177,202602,玉溪(软),一类烟,0.0,-0.7514548483607797,52.44234908685198,99.249061,100.0,100.0,1.1420059582919562,0.2755158713226167,50350.0,331.6904296875,0.0224852071005917,-98.610895,0.0488126863905325,49.0,8.309090909090909,52.43,73.59,53.864712684019466,1,0,0,0,0,0,0,0,1,0,1,0,0,0,0,0,0,0,0,0,0
6901028317177,202603,玉溪(软),一类烟,0.0,0.3243629249114335,53.113257835658686,98.830409,,,1.1420059582919562,0.2755185955562012,50350.0,847.4464060529633,,-98.249061,0.0189679572446555,11.0,-0.61279296875,39.67,61.68,52.44234908685198,1,0,0,0,0,0,0,0,1,0,0,1,0,0,0,0,0,0,0,0,0
6901028317177,202604,玉溪(软),一类烟,0.0,-0.013964709145042775,52.76671201176342,99.775281,89.19,100.0,1.1420059582919562,0.2755191764159758,50350.0,604.3739644970415,0.0226460071513706,-97.830409,0.0202840286054827,16.0,0.0655737704918031,33.02,52.71,53.113257835658686,1,0,0,0,0,0,0,0,1,0,0,0,1,0,0,0,0,0,0,0,0
6901028317177,202605,玉溪(软),一类烟,0.0,-1.4895823266746788,53.09929312651364,98.971193,81.82,100.0,1.1420059582919562,0.2754854531790977,50350.0,726.3040540540541,0.0264423076923076,-98.775281,0.0107477884615384,7.0,-0.4745562130177514,19.95,42.17,52.76671201176342,1,0,0,0,0,0,0,0,1,0,0,0,0,1,0,0,0,0,0,0,0
6901028317177,202606,玉溪(软),一类烟,1.0,-11.218082228891518,51.27712968508874,96.034483,93.75,100.0,1.1420059582919562,0.2754337103890231,50350.0,600.1663201663202,0.0192771084337349,-97.971193,0.0116714939759036,12.0,0.0833333333333332,18.67,43.87,53.09929312651364,1,0,0,0,0,0,0,0,1,0,0,0,0,0,1,0,0,0,0,0,0
6901028324830,202507,红塔山(细支传奇),二类烟,1.0,1.1241516915619698,45.30192060678016,95.625,100.0,100.0,1.1612903225806452,0.2421290322580645,38750.0,691.8666666666667,0.0047732696897374,-99.0,0.0016646778042959,,-0.1588785046728972,5.37,0.0,44.67056549460715,0,0,1,0,0,0,0,0,1,0,0,0,0,0,0,1,0,0,0,0,0
6901028324830,202508,红塔山(细支传奇),二类烟,0.0,0.6599734236433648,45.79471718616912,72.131148,19.4,91.72,1.1612903225806452,0.2421290322580644,38750.0,463.0653594771242,0.9905100830367736,-94.625,0.0028131672597864,1.0,0.7,9.13,0.0,45.30192060678016,0,0,1,0,0,0,0,0,1,0,0,0,0,0,0,0,1,0,0,0,0
6901028324830,202602,红塔山(细支传奇),二类烟,0.0,-0.5176774289562971,39.989015648932366,98.701299,,,1.1612903225806452,0.2421227748408674,38750.0,660.6822742474917,,-95.451613,0.0054846153846153,63.0,298.0,19.29,50.31,44.754743312066545,0,0,1,0,0,0,0,0,1,0,1,0,0,0,0,0,0,0,0,0,0
6901028324830,202603,红塔山(细支传奇),二类烟,0.0,5.340209030634362,44.23706588311025,98.0,27.88,97.9,1.1612903225806452,0.2421239388794566,38750.0,2387.894736842105,1.0,-97.701299,0.0013990498812351,6.0,-0.745819397993311,9.03,0.0,39.989015648932366,0,0,1,0,0,0,0,0,1,0,0,1,0,0,0,0,0,0,0,0,0
6901028324830,202604,红塔山(细支传奇),二类烟,0.0,1.375821697957896,45.32922467956673,97.156398,22.51,92.78,1.1612903225806452,0.2421237656352863,38750.0,848.3945578231293,1.0,-97.0,0.0027157330154946,5.0,0.9342105263157894,8.58,6.94,44.23706588311025,0,0,1,0,0,0,0,0,1,0,0,0,1,0,0,0,0,0,0,0,0
6901028324830,202605,红塔山(细支传奇),二类烟,0.0,-3.0108969591333974,45.612887581068144,95.910781,15.14,87.35,1.1612903225806452,0.2421236821400472,38750.0,452.5902439024391,1.0,-96.156398,0.003819110576923,66.0,0.3945578231292517,13.94,0.0,45.32922467956673,0,0,1,0,0,0,0,0,1,0,0,0,0,1,0,0,0,0,0,0,0
6901028324830,202606,红塔山(细支传奇),二类烟,1.0,-9.28881442617272,42.31832772043333,87.898089,11.89,87.74,1.1612903225806452,0.2421237809452363,38750.0,349.80232558139534,1.0,-94.910781,0.0048180722891566,36.0,0.2585365853658536,13.73,28.95,45.612887581068144,0,0,1,0,0,0,0,0,1,0,0,0,0,0,1,0,0,0,0,0,0
6901028325257,202603,玉溪(细支缤果爆),一类烟,0.0,2.374414484141994,54.825020343601295,100.0,112.33,99.88,1.1555555555555554,0.2755111111111111,56250.0,1356.4347826086955,0.98698224852071,-81.142857,0.0006124260355029,19.0,,2.25,21.05,52.293700750578445,1,0,0,0,0,0,0,0,1,0,0,1,0,0,0,0,0,0,0,0,0
6901028325257,202604,玉溪(细支缤果爆),一类烟,0.0,-0.1727407448741758,54.66811523472044,100.0,98.75,99.86,1.1555555555555554,0.2754888888888888,56250.0,436.6818181818182,0.8438617401668653,-99.0,0.0017699642431466,3.0,1.8695652173913049,2.03,88.24,54.825020343601295,1,0,0,0,0,0,0,0,1,0,0,0,1,0,0,0,0,0,0,0,0
6901028325257,202605,玉溪(细支缤果爆),一类烟,0.0,0.506117798194218,54.65227959872712,100.0,96.05,99.2,1.1555555555555554,0.2754654320987654,56250.0,491.0,0.7860576923076923,-99.0,0.0009735576923076,5.0,-0.4545454545454546,2.16,0.0,54.66811523472044,1,0,0,0,0,0,0,0,1,0,0,0,0,1,0,0,0,0,0,0,0
6901028325257,202606,玉溪(细支缤果爆),一类烟,0.0,0.07962862496661671,55.17423303291466,100.0,95.87,99.62,1.1555555555555554,0.2754681481481481,56250.0,497.03333333333336,1.0,-99.0,0.0008132530120481,1.0,-0.1666666666666666,1.81,0.0,54.65227959872712,1,0,0,0,0,0,0,0,1,0,0,0,0,0,1,0,0,0,0,0,0
6901028339957,202502,云烟(细支云龙),二类烟,0.0,-2.4741854973619866,45.1654807799221,99.132697,,,1.160092807424594,0.2420764098838345,32325.0,380.12373737373736,,-97.589212,0.0182000473933649,360.0,,85.9,56.0,45.40385235768218,0,0,1,0,0,0,0,0,1,0,1,0,0,0,0,0,0,0,0,0,0
6901028339957,202503,云烟(细支云龙),二类烟,0.0,0.607958740005671,42.9296668603202,98.297872,95.96,99.88,1.160092807424594,0.2420113959072981,32325.0,459.4584426946631,0.958628841607565,-98.132697,0.0174692553191489,,-0.0378787878787878,,,45.1654807799221,0,0,1,0,0,0,0,0,1,0,0,1,0,0,0,0,0,0,0,0,0
6901028339957,202504,云烟(细支云龙),二类烟,0.0,2.6807814160224837,45.77343951992777,99.72885,94.27,99.81,1.160092807424594,0.242108188279882,32325.0,1280.2077922077922,0.6710059171597633,-97.297872,0.0070694201183431,,-0.5958005249343832,27.34,0.0,42.9296668603202,0,0,1,0,0,0,0,0,1,0,0,0,1,0,0,0,0,0,0,0,0
6901028339957,202506,云烟(细支云龙),二类烟,1.0,0.1364851317669178,,0.0,98.94,100.0,1.160092807424594,0.2421108226452415,32325.0,308.985873605948,0.5607142857142857,-98.188791,0.0207033928571428,3.0,-0.2686242523110386,77.86,2.91,45.61044827634268,0,0,1,0,0,0,0,0,1,0,0,0,0,0,1,0,0,0,0,0,0
6901028339957,202508,云烟(细支云龙),二类烟,0.0,0.12547982000994296,45.16696135600993,99.096658,96.65,100.0,1.160092807424594,0.2421111691395336,32325.0,259.5616236162362,0.9691577698695136,-98.559148,0.0207830960854092,14.0,inf,80.31,0.59,45.7469334081096,0,0,1,0,0,0,0,0,1,0,0,0,0,0,0,0,1,0,0,0,0
6901028339957,202509,云烟(细支云龙),二类烟,0.0,-1.7644096503752849,45.87241322811954,99.611231,96.15,99.75,1.160092807424594,0.2421112631581173,32325.0,469.7520510483136,1.0,-98.096658,0.0168458551068883,,-0.1904059040590405,58.19,0.0,45.16696135600993,0,0,1,0,0,0,0,0,1,0,0,0,0,0,0,0,0,1,0,0,0
6901028339957,202510,云烟(细支云龙),二类烟,0.0,-0.2182625963754603,43.40255170563464,99.101796,93.89,99.49,1.160092807424594,0.2421111006024165,32325.0,214.08065915004337,0.6773049645390071,-98.611231,0.0352441843971631,20.0,1.1020966271649957,80.14,69.62,45.87241322811954,0,0,1,0,0,0,0,0,1,0,0,0,0,0,0,0,0,0,1,0,0
6901028339957,202511,云烟(细支云龙),二类烟,0.0,0.3343942013274699,45.65415063174408,99.073756,94.39,99.63,1.160092807424594,0.2421109016012318,32325.0,1109.129909365559,0.998819362455726,-98.101796,0.0101058559622195,2.0,-0.7129228100607112,39.55,0.0,43.40255170563464,0,0,1,0,0,0,0,0,1,0,0,0,0,0,0,0,0,0,0,1,0
6901028339957,202512,云烟(细支云龙),二类烟,0.0,-0.5347421960298249,43.73694590696211,98.742138,,,1.160092807424594,0.2421019424859621,32325.0,292.18524930747924,,-98.073756,0.0439833215547703,14.0,3.362537764350453,69.14,56.56,45.65415063174408,0,0,1,0,0,0,0,0,1,0,0,0,0,0,0,0,0,0,0,0,1
6901028339957,202601,云烟(细支云龙),二类烟,0.0,-0.1739159525041032,45.119408435714256,98.989899,,,1.160092807424594,0.242107181738021,32325.0,987.5429936305732,,-97.742138,0.0095755188679245,1.0,-0.7825484764542936,20.28,0.0,43.73694590696211,0,0,1,0,0,0,0,0,1,1,0,0,0,0,0,0,0,0,0,0,0
6901028339957,202602,云烟(细支云龙),二类烟,0.0,-1.6669384918499972,43.56302995445801,99.24812,96.83,98.52,1.160092807424594,0.2420874858674694,32325.0,484.406552094522,0.983431952662722,-97.989899,0.0284919053254437,9.0,1.9649681528662424,63.91,54.26,45.119408435714256,0,0,1,0,0,0,0,0,1,0,1,0,0,0,0,0,0,0,0,0,0
6901028339957,202603,云烟(细支云龙),二类烟,0.0,1.2635015689327105,43.45246994386426,99.646018,65.19,99.38,1.160092807424594,0.2420700039841571,32325.0,1046.5378787878788,1.0,-98.24812,0.0101351543942992,12.0,-0.6455424274973147,64.37,21.77,43.56302995445801,0,0,1,0,0,0,0,0,1,0,0,1,0,0,0,0,0,0,0,0,0
6901028339957,202604,云烟(细支云龙),二类烟,0.0,2.1682770324119147,44.82653152339072,99.813084,95.95,99.59,1.160092807424594,0.2421078659649788,32325.0,1090.7104795737123,0.8974970202622169,-98.646018,0.0086765077473182,,-0.146969696969697,32.9,3.99,43.45246994386426,0,0,1,0,0,0,0,0,1,0,0,0,1,0,0,0,0,0,0,0,0
6901028339957,202605,云烟(细支云龙),二类烟,0.0,0.6570330856465745,45.62074697627617,99.56044,,,1.160092807424594,0.2420892098334159,32325.0,590.7312734082396,,-98.813084,0.0165976442307692,14.0,0.8969804618117232,53.85,20.76,44.82653152339072,0,0,1,0,0,0,0,0,1,0,0,0,0,1,0,0,0,0,0,0,0
6901028339957,202606,云烟(细支云龙),二类烟,0.0,-0.41046391521580716,45.483564609037295,97.852234,94.4,99.09,1.160092807424594,0.2420767539254502,32325.0,301.5590507726269,0.8385542168674699,-98.56044,0.0282279036144578,12.0,0.696629213483146,56.02,50.11,45.62074697627617,0,0,1,0,0,0,0,0,1,0,0,0,0,0,1,0,0,0,0,0,0
6901028936477,202504,好猫(猴王磨砂),三类烟,0.0,-0.024633588632809733,43.3867141842289,97.6,95.0,100.0,1.1320754716981132,0.2421649484536082,24250.0,152.45000000000002,0.0236686390532544,-95.774194,0.0013775147928994,3.0,,7.1,0.0,43.45714908771903,0,1,0,0,0,0,0,0,1,0,0,0,1,0,0,0,0,0,0,0,0
6901028936477,202505,好猫(猴王磨砂),三类烟,0.0,0.3015489717367643,43.43251549908622,100.0,90.56,98.78,1.1320754716981132,0.2421649484536082,24250.0,177.97540983606558,0.1066350710900474,-96.6,0.0014021327014218,,0.0166666666666666,7.23,0.0,43.3867141842289,0,1,0,0,0,0,0,0,1,0,0,0,0,1,0,0,0,0,0,0,0
6901028936477,202506,好猫(猴王磨砂),三类烟,0.0,-0.2626137385702165,43.688263155965664,98.333333,95.24,100.0,1.1320754716981132,0.2421649484536082,24250.0,161.37714285714287,0.025,-99.0,0.0020208333333333,48.0,0.4344262295081966,10.48,0.0,43.43251549908622,0,1,0,0,0,0,0,0,1,0,0,0,0,0,1,0,0,0,0,0,0
6901028936750,202502,好猫(长乐),二类烟,0.0,-1.8441458256458745,44.994368809469734,98.130841,86.54,100.0,1.1484823625922886,0.2421657095980312,30475.0,46.97701149425287,0.4490521327014218,-96.752809,0.0050262085308056,223.0,,28.91,29.1,45.271817988971144,0,0,1,0,0,0,0,0,1,0,1,0,0,0,0,0,0,0,0,0,0
6901028936750,202503,好猫(长乐),二类烟,0.0,0.10585245183568759,43.42767216332527,100.0,95.08,100.0,1.1484823625922886,0.2421657095980312,30475.0,147.52380952380952,0.0721040189125295,-97.130841,0.0015129432624113,,-0.6982758620689655,,,44.994368809469734,0,0,1,0,0,0,0,0,1,0,0,1,0,0,0,0,0,0,0,0,0
6901028936750,202504,好猫(长乐),二类烟,0.0,0.6284323467428052,45.10022126130542,99.390244,100.0,100.0,1.1484823625922886,0.2421246923707957,30475.0,710.8421052631579,0.0047337278106508,-99.0,0.0005481893491124,,-0.638095238095238,2.25,0.0,43.42767216332527,0,0,1,0,0,0,0,0,1,0,0,0,1,0,0,0,0,0,0,0,0
6901028936750,202505,好猫(长乐),二类烟,0.0,-20.684239659480976,44.056104510068074,95.238095,85.71,96.72,1.1484823625922886,0.2421249440102266,30475.0,104.74233128834356,0.0829383886255924,-98.390244,0.0023542298578199,1.0,3.2894736842105265,9.72,0.0,45.10022126130542,0,0,1,0,0,0,0,0,1,0,0,0,0,1,0,0,0,0,0,0,0
6901028936750,202507,好猫(长乐),二类烟,0.0,-0.7454341923813175,24.415981601824445,100.0,94.74,100.0,1.1484823625922886,0.2421246923707957,30475.0,483.1,0.0226190476190476,-94.238095,0.0005804761904761,,-0.754601226993865,2.38,0.0,44.056104510068074,0,0,1,0,0,0,0,0,1,0,0,0,0,0,0,1,0,0,0,0,0
6901028936750,202508,好猫(长乐),二类烟,0.0,19.70118382040162,43.31067031768676,97.368421,,,1.1484823625922886,0.2421246923707957,30475.0,7600.625,,-99.0,0.0001156820877817,,-0.8,0.47,0.0,24.415981601824445,0,0,1,0,0,0,0,0,1,0,0,0,0,0,0,0,1,0,0,0,0
6901028936750,202509,好猫(长乐),二类烟,0.0,0.14969995076020837,44.117165422226066,100.0,,,1.1484823625922886,0.2421246923707957,30475.0,753.2432432432433,,-96.368421,0.0010713301662707,,8.25,4.39,0.0,43.31067031768676,0,0,1,0,0,0,0,0,1,0,0,0,0,0,0,0,0,1,0,0,0
6901028936750,202510,好猫(长乐),二类烟,0.0,-2.953214643661717,43.460370268446965,100.0,,,1.1484823625922886,0.2421246923707957,30475.0,460.97169811320754,,-99.0,0.0015273522458628,2.0,0.4324324324324324,6.26,0.0,44.117165422226066,0,0,1,0,0,0,0,0,1,0,0,0,0,0,0,0,0,0,1,0,0
6901028936750,202511,好猫(长乐),二类烟,1.0,-5.274620618389569,41.16395077856435,96.0,,,1.1484823625922886,0.242125387578037,30475.0,699.0677966101695,,-99.0,0.0008491263282172,1.0,-0.4433962264150943,3.54,0.0,43.460370268446965,0,0,1,0,0,0,0,0,1,0,0,0,0,0,0,0,0,0,0,1,0
6901028936750,202512,好猫(长乐),二类烟,0.0,4.042525070577682,38.185749650057396,100.0,,,1.1484823625922886,0.2421246923707957,30475.0,1531.2083333333337,,-95.0,0.0003445936395759,,-0.5932203389830508,1.41,0.0,41.16395077856435,0,0,1,0,0,0,0,0,1,0,0,0,0,0,0,0,0,0,0,0,1
6901028936750,202601,好猫(长乐),二类烟,0.0,5.803844891332446,45.20647584914203,98.876404,0.0,,1.1484823625922886,0.2421246923707957,30475.0,2610.4999999999995,0.0047169811320754,-99.0,0.00020125,,-0.4166666666666666,0.83,0.0,38.185749650057396,0,0,1,0,0,0,0,0,1,1,0,0,0,0,0,0,0,0,0,0,0
6901028936750,202602,好猫(长乐),二类烟,0.0,-0.04537451286847016,43.98959454138984,100.0,,,1.1484823625922886,0.2421657095980312,30475.0,70.65681818181818,,-97.876404,0.0063474556213017,255.0,30.428571428571427,37.63,20.75,45.20647584914203,0,0,1,0,0,0,0,0,1,0,1,0,0,0,0,0,0,0,0,0,0
6901028936750,202603,好猫(长乐),二类烟,0.0,0.7862802182376925,45.16110133627356,99.191375,17.92,100.0,1.1484823625922886,0.2421657095980311,30475.0,511.65116279069775,1.0,-99.0,0.0006225296912114,,-0.9022727272727272,5.11,0.0,43.98959454138984,0,0,1,0,0,0,0,0,1,0,0,1,0,0,0,0,0,0,0,0,0
6901028936750,202604,好猫(长乐),二类烟,0.0,-0.05549129221923721,44.775874759627534,100.0,19.72,88.89,1.1484823625922886,0.2421269215679281,30475.0,82.89402173913044,0.3718712753277711,-98.191375,0.0053467461263408,33.0,7.558139534883722,22.77,1.57,45.16110133627356,0,0,1,0,0,0,0,0,1,0,0,0,1,0,0,0,0,0,0,0,0
6901028936750,202605,好猫(长乐),二类烟,1.0,-0.21034333736400157,45.10561004405432,80.481283,11.93,88.89,1.1484823625922886,0.2421188327669049,30475.0,221.62184873949585,0.3413461538461538,-99.0,0.0017435216346153,5.0,-0.6766304347826086,7.33,0.0,44.775874759627534,0,0,1,0,0,0,0,0,1,0,0,0,0,1,0,0,0,0,0,0,0
6901028936750,202606,好猫(长乐),二类烟,0.0,-2.205805624260506,44.56553142226353,90.252708,5.53,70.73,1.1484823625922886,0.2421218307037793,30475.0,102.45182724252491,1.0,-79.481283,0.0044207108433734,23.0,1.5294117647058822,15.66,25.38,45.10561004405432,0,0,1,0,0,0,0,0,1,0,0,0,0,0,1,0,0,0,0,0,0
6901028936996,202502,好猫(招财猫1600),一类烟,0.0,-17.22943203571271,43.298959489947734,96.666667,,,1.139240506329114,0.2420886075949367,39500.0,195.92073170731703,,-98.093656,0.0061402843601895,4.0,,38.86,0.0,43.97963283655926,1,0,0,0,0,0,0,0,1,0,1,0,0,0,0,0,0,0,0,0,0
6901028936996,202503,好猫(招财猫1600),一类烟,0.0,0.25824186150197903,26.750200800846553,100.0,92.35,100.0,1.139240506329114,0.2420886075949367,39500.0,442.59482758620686,0.9574468085106383,-95.666667,0.0021664302600472,,-0.6463414634146342,,,43.298959489947734,1,0,0,0,0,0,0,0,1,0,0,1,0,0,0,0,0,0,0,0,0
6901028936996,202504,好猫(招财猫1600),一类烟,0.0,11.872333263700288,43.55720135144971,97.560976,,,1.139240506329114,0.2421202531645569,39500.0,6443.25,,-99.0,0.0001495857988165,,-0.9310344827586208,0.47,0.0,26.750200800846553,1,0,0,0,0,0,0,0,1,0,0,0,1,0,0,0,0,0,0,0,0
6901028936996,202505,好猫(招财猫1600),一类烟,0.0,-3.3499265662171993,38.62253406454684,94.736842,87.94,98.63,1.139240506329114,0.2421197257383966,39500.0,352.3833333333334,0.9976303317535544,-96.560976,0.0022464454976303,,14.0,7.23,0.0,43.55720135144971,1,0,0,0,0,0,0,0,1,0,0,0,0,1,0,0,0,0,0,0,0
6901028937535,202503,好猫(金猴王),三类烟,1.0,10.39590724055494,,0.0,95.0,100.0,1.1267605633802815,0.2422155688622754,16700.0,366.18582887700535,0.0236406619385342,-97.811096,0.0059061938534278,,inf,,,42.38901829874982,0,1,0,0,0,0,0,1,0,0,0,1,0,0,0,0,0,0,0,0,0
6901028937535,202505,好猫(金猴王),三类烟,0.0,-9.790661738177285,46.66418150432104,99.793388,95.24,100.0,1.1267605633802815,0.2745964332850885,17750.0,110.30104119511093,0.0248815165876777,-98.549347,0.0185828199052132,8.0,inf,86.26,0.0,52.78492553930476,0,1,0,0,0,0,0,1,0,0,0,0,0,1,0,0,0,0,0,0,0
6901028937832,202502,好猫(长乐九美),一类烟,1.0,-13.373931788538293,46.24221072793826,82.608696,,,1.1428571428571428,0.2755428571428571,43750.0,2504.5483870967746,,-87.571429,0.0006427725118483,27.0,,3.67,0.0,47.95602981873035,1,0,0,0,0,0,0,0,1,0,1,0,0,0,0,0,0,0,0,0,0
6901028937832,202503,好猫(长乐九美),一类烟,0.0,7.253666242260941,34.58209803019206,100.0,,,1.1428571428571428,0.2755428571428571,43750.0,3125.6315789473683,,-81.608696,0.0003930260047281,,-0.3870967741935484,,,46.24221072793826,1,0,0,0,0,0,0,0,1,0,0,1,0,0,0,0,0,0,0,0,0
6901028937832,202508,好猫(长乐九美),一类烟,0.0,0.09554209333466446,53.82639350527732,93.069307,,,1.1428571428571428,0.275509294755877,43750.0,149.61012658227847,,-98.496222,0.0081998813760379,152.0,,20.17,0.0,54.4442111527651,1,0,0,0,0,0,0,0,1,0,0,0,0,0,0,0,1,0,0,0,0
6901028937832,202509,好猫(长乐九美),一类烟,0.0,0.11414385538568439,54.539753246099764,99.240987,,,1.1428571428571428,0.2755130699088146,43750.0,373.9148936170213,,-92.069307,0.0019536817102137,16.0,-0.7620253164556963,4.87,0.0,53.82639350527732,1,0,0,0,0,0,0,0,1,0,0,0,0,0,0,0,0,1,0,0,0
6901028937832,202510,好猫(长乐九美),一类烟,0.0,-3.737965103861626,53.94053736066301,98.843931,,,1.1428571428571428,0.2755149959027588,43750.0,115.604206500956,,-98.240987,0.0108185579196217,84.0,4.5638297872340425,23.88,32.67,54.539753246099764,1,0,0,0,0,0,0,0,1,0,0,0,0,0,0,0,0,0,1,0,0
6901028937832,202511,好猫(长乐九美),一类烟,1.0,-6.1593081503639695,50.80178814223814,95.081967,,,1.1428571428571428,0.2755151211361737,43750.0,332.7719298245614,,-97.843931,0.0035330578512396,9.0,-0.6730401529636711,9.56,8.64,53.94053736066301,1,0,0,0,0,0,0,0,1,0,0,0,0,0,0,0,0,0,0,1,0
6901028937832,202512,好猫(长乐九美),一类烟,0.0,3.6416505129407284,47.78122921029904,100.0,,,1.1428571428571428,0.2755142857142857,43750.0,1470.155172413793,,-94.081967,0.0011955241460541,2.0,-0.6608187134502924,3.42,0.0,50.80178814223814,1,0,0,0,0,0,0,0,1,0,0,0,0,0,0,0,0,0,0,0,1
6901028937832,202601,好猫(长乐九美),一类烟,0.0,6.5381715062657335,54.443438655178866,99.354005,,,1.1428571428571428,0.2755151020408163,43750.0,2564.885714285714,,-99.0,0.000722287735849,,-0.396551724137931,2.12,0.0,47.78122921029904,1,0,0,0,0,0,0,0,1,1,0,0,0,0,0,0,0,0,0,0,0
6901028937832,202602,好猫(长乐九美),一类烟,0.0,-0.8635033221436075,54.31940071656477,98.913043,,,1.1428571428571428,0.275528367081553,43750.0,151.95838751625487,,-98.354005,0.0159260355029585,123.0,20.97142857142857,33.02,62.01,54.443438655178866,1,0,0,0,0,0,0,0,1,0,1,0,0,0,0,0,0,0,0,0,0
6901028937832,202603,好猫(长乐九美),一类烟,0.0,-2.408009970446656,53.57993533303526,100.0,,,1.1428571428571428,0.2755428571428571,43750.0,198.48076923076923,,-97.913043,0.0075653206650831,44.0,-0.5266579973992198,27.55,56.9,54.31940071656477,1,0,0,0,0,0,0,0,1,0,0,1,0,0,0,0,0,0,0,0,0
6901028937832,202604,好猫(长乐九美),一类烟,0.0,0.29616078657242895,51.911390746118116,100.0,,,1.1428571428571428,0.2755158857142857,43750.0,463.536,,-99.0,0.0026072705601907,1.0,-0.6565934065934066,7.51,4.76,53.57993533303526,1,0,0,0,0,0,0,0,1,0,0,0,1,0,0,0,0,0,0,0,0
6901028937832,202605,好猫(长乐九美),一类烟,1.0,0.7711865031915579,53.87609611960769,82.06278,,,1.1428571428571428,0.2755159663865546,43750.0,1068.220588235294,,-99.0,0.0014302884615384,2.0,-0.4559999999999999,4.33,0.0,51.911390746118116,1,0,0,0,0,0,0,0,1,0,0,0,0,1,0,0,0,0,0,0,0
6901028937832,202606,好猫(长乐九美),一类烟,0.0,-3.673586878611694,52.682577249309674,90.066225,,,1.1428571428571428,0.2755185011709601,43750.0,356.4918032786885,,-81.06278,0.0038584337349397,15.0,1.691176470588235,9.88,28.05,53.87609611960769,1,0,0,0,0,0,0,0,1,0,0,0,0,0,1,0,0,0,0,0,0
6901028940504,202502,红金龙(硬新版),四类烟,0.0,-0.1213436502087859,37.84806985688756,99.188034,,,1.1235955056179776,0.2170786174398734,11125.0,47.65711673270344,,-98.049057,0.0345982227488151,3.0,,99.64,98.1,37.9330369318691,0,0,0,0,1,0,1,0,0,0,1,0,0,0,0,0,0,0,0,0,0
6901028940504,202503,红金龙(硬新版),四类烟,0.0,0.016109601788357963,37.81169328166031,99.318519,,,1.1235955056179776,0.2170674205713345,11125.0,78.4489444205084,,-98.188034,0.0244171394799054,,-0.2925937214263944,,,37.84806985688756,0,0,0,0,1,0,1,0,0,0,0,1,0,0,0,0,0,0,0,0,0
6901028940504,202504,红金龙(硬新版),四类烟,0.0,-0.014088700520012765,37.86417945867592,99.700798,,,1.1235955056179776,0.2170776460808238,11125.0,91.6317124105012,,-98.318519,0.0353050887573964,2.0,0.4442050840155103,99.76,99.05,37.81169328166031,0,0,0,0,1,0,1,0,0,0,0,0,1,0,0,0,0,0,0,0,0
6901028940504,202505,红金龙(硬新版),四类烟,0.0,0.07971896088326247,37.7976045811403,99.567281,,,1.1235955056179776,0.2170784268913607,11125.0,72.6108702900967,,-98.700798,0.047436789099526,1.0,0.3420346062052506,99.88,99.17,37.86417945867592,0,0,0,0,1,0,1,0,0,0,0,0,0,1,0,0,0,0,0,0,0
6901028940504,202506,红金龙(硬新版),四类烟,0.0,0.17864886121655843,37.94389841955918,99.593067,,,1.1235955056179776,0.2170785886770934,11125.0,96.73741763633817,,-98.567281,0.0377879166666666,1.0,-0.2071801711681671,99.64,98.33,37.7976045811403,0,0,0,0,1,0,1,0,0,0,0,0,0,0,1,0,0,0,0,0,0
6901028940504,202507,红金龙(硬新版),四类烟,0.0,-0.5056886061202235,37.97625344235686,99.508365,100.0,100.0,1.1235955056179776,0.2170820353946187,11125.0,43.72094430992737,0.0477326968973747,-98.593067,0.070180429594272,2.0,0.8527968596663396,99.88,99.4,37.94389841955918,0,0,0,0,1,0,1,0,0,0,0,0,0,0,0,1,0,0,0,0,0
6901028940504,202508,红金龙(硬新版),四类烟,0.0,-0.21490034319747764,37.43820981343896,98.984772,,,1.1235955056179776,0.2170892074015953,11125.0,31.995575547525995,,-98.508365,0.071585349940688,6.0,0.0261047215496368,100.0,92.88,37.97625344235686,0,0,0,0,1,0,1,0,0,0,0,0,0,0,0,0,1,0,0,0,0
6901028940504,202509,红金龙(硬新版),四类烟,0.0,0.33293568961378384,37.76135309915938,99.295499,,,1.1235955056179776,0.2170786516853932,11125.0,226.9810650887574,,-97.984772,0.013397565320665,,-0.813066882973232,85.99,75.14,37.43820981343896,0,0,0,0,1,0,1,0,0,0,0,0,0,0,0,0,0,1,0,0,0
6901028940504,202510,红金龙(硬新版),四类烟,0.0,0.10705217899725028,37.77114550305274,99.645868,,,1.1235955056179776,0.2170375078058221,11125.0,109.87485218762318,,-98.295499,0.0266894799054373,8.0,1.0015779092702166,99.76,89.81,37.76135309915938,0,0,0,0,1,0,1,0,0,0,0,0,0,0,0,0,0,0,1,0,0
6901028940504,202511,红金龙(硬新版),四类烟,0.0,-2.092604161815764,37.86840527815663,99.643086,86.09,100.0,1.1235955056179776,0.2170754571677939,11125.0,106.3261127094263,0.114521841794569,-98.645868,0.0310449232585596,2.0,0.1645644461962947,99.65,99.17,37.77114550305274,0,0,0,0,1,0,1,0,0,0,0,0,0,0,0,0,0,0,0,1,0
6901028940504,202512,红金龙(硬新版),四类烟,0.0,-0.00015295959141070625,35.67854134123698,99.434229,86.84,100.0,1.1235955056179776,0.2170647202569161,11125.0,71.07944526083762,0.0895170789163722,-98.643086,0.0570690223792697,3.0,0.8426129632763582,99.88,43.51,37.86840527815663,0,0,0,0,1,0,1,0,0,0,0,0,0,0,0,0,0,0,0,0,1
6901028940504,202602,红金龙(硬新版),四类烟,1.0,-0.6855899693523568,,0.0,83.93,98.6,1.1235955056179776,0.2170736766371735,11125.0,71.13487738419619,0.5337278106508876,-97.821945,0.0154617751479289,1.0,3.1763869132290186,98.58,86.43,37.86825231856522,0,0,0,0,1,0,1,0,0,0,1,0,0,0,0,0,0,0,0,0,0
6901028940504,202604,红金龙(硬新版),四类烟,0.0,0.1454377770552071,37.726045264424094,99.727372,93.75,100.0,1.1235955056179776,0.2170786516853932,11125.0,319.5907434402332,0.0750893921334922,-98.673084,0.0145539928486293,,inf,99.17,46.75,37.18266234921286,0,0,0,0,1,0,1,0,0,0,0,0,1,0,0,0,0,0,0,0,0
6901028940504,202605,红金龙(硬新版),四类烟,0.0,-0.6872157754652264,37.32810012626807,99.712092,71.43,96.75,1.1235955056179776,0.2170773820859519,11125.0,122.67031164570804,0.4651442307692308,-98.727372,0.0293475360576923,,0.9996355685131196,99.4,55.62,37.726045264424094,0,0,0,0,1,0,1,0,0,0,0,0,0,1,0,0,0,0,0,0,0
6901028940504,202606,红金龙(硬新版),四类烟,0.0,0.5984712714352511,37.03882948895887,99.58194,82.43,96.81,1.1235955056179776,0.2170775702652723,11125.0,266.8845043310876,0.2831325301204819,-98.712092,0.0111410843373493,,-0.6212866776016038,41.08,96.19,37.32810012626807,0,0,0,0,1,0,1,0,0,0,0,0,0,0,1,0,0,0,0,0,0
6901028942911,202502,双喜(软珍品好日子),二类烟,1.0,17.341167629767003,42.34894250545228,86.956522,,,1.161103047895501,0.2421625544267053,34450.0,6977.25,,-99.0,6.530805687203791e-05,,,0.47,0.0,27.319299835517075,0,0,1,0,0,0,0,0,1,0,1,0,0,0,0,0,0,0,0,0,0
6901028942911,202504,双喜(软珍品好日子),二类烟,0.0,-6.4315068424624755,44.66046746528408,97.560976,,,1.161103047895501,0.2421625544267053,34450.0,1530.55,,-85.956522,0.000325768321513,,4.0,,,42.34894250545228,0,0,1,0,0,0,0,0,1,0,0,0,1,0,0,0,0,0,0,0,0
6901028942911,202508,双喜(软珍品好日子),二类烟,0.0,1.5106021971128172,44.11451183136737,81.818182,75.0,100.0,1.161103047895501,0.2421262699564586,34450.0,639.0625,0.0047449584816132,-95.0,0.0007846263345195,,,2.37,20.0,44.79805821888343,0,0,1,0,0,0,0,0,1,0,0,0,0,0,0,0,1,0,0,0,0
6901028942911,202509,双喜(软珍品好日子),二类烟,0.0,2.062101235254829,46.30866041599625,100.0,5.87,98.41,1.161103047895501,0.2421262699564586,34450.0,886.7777777777778,1.0,-80.818182,0.0005891686460807,,-0.2500000000000001,2.14,0.0,44.11451183136737,0,0,1,0,0,0,0,0,1,0,0,0,0,0,0,0,0,1,0,0,0
6901028942911,202510,双喜(软珍品好日子),二类烟,0.0,0.16171617512281955,46.1766130666222,98.125,50.0,100.0,1.161103047895501,0.2421265512314218,34450.0,91.65503875968992,0.0047281323877068,-99.0,0.0042024113475177,129.0,6.166666666666667,15.37,0.0,46.30866041599625,0,0,1,0,0,0,0,0,1,0,0,0,0,0,0,0,0,0,1,0,0
6901028942911,202511,双喜(软珍品好日子),二类烟,0.0,0.33458977170175075,46.47037659111907,99.65812,50.0,100.0,1.161103047895501,0.2421265010677341,34450.0,139.50318471337582,0.0047225501770956,-97.125,0.0025542621015348,38.0,-0.3914728682170543,8.26,12.86,46.1766130666222,0,0,1,0,0,0,0,0,1,0,0,0,0,0,0,0,0,0,0,1,0
8888075018616,202508,555·双冰,一类烟,1.0,19.10252799117587,,0.0,88.61,100.0,1.180506880141661,0.22549987088206,67767.5,7145.625,0.0889679715302491,-99.0,0.0002572431791221,4.0,,0.47,0.0,23.670125445992873,1,0,0,0,0,0,0,0,1,0,0,0,0,0,0,0,1,0,0,0,0
8888075024037,202508,555(冰炫),一类烟,1.0,0.6234000662744421,,0.0,100.0,100.0,1.11085396898866,0.225367474460277,54012.5,397.55,0.0047449584816132,-98.29078,0.0035880189798339,66.0,,7.83,6.06,36.4572059459119,1,0,0,0,0,0,0,0,1,0,0,0,0,0,0,0,1,0,0,0,0
