code,ym,T,Y,tau_oof,dr_oof
6901028000833,202502,0.0,-3.287683527059535,0.3724696964395311,2.626301787764811
6901028000833,202503,0.0,0.4938195458035892,-0.25788011521913723,-2.7392561113833267
6901028000833,202504,0.0,2.9108477855190387,-0.5345313622222806,-2.4996207367448067
6901028000833,202505,0.0,-0.07289642958398446,0.030349197618268015,-2.466462618510178
6901028000833,202506,0.0,0.39096942011437363,-0.0487820418984017,-3.1778719944845912
6901028000833,202507,0.0,0.10186112143733084,-0.006240337916651184,-2.8177655066471052
6901028000833,202508,0.0,-0.4155324897131436,0.16519926380557007,-1.0923258031254872
6901028000833,202509,0.0,-2.0070341951488473,0.02168212109175971,1.2552133972398973
6901028000833,202510,1.0,0.0596811624446687,-0.0958713530358007,4.467568546550061
6901028000833,202511,0.0,1.5057069422596356,-0.665432816034661,-3.817467971628518
6901028000833,202512,0.0,0.30216329753881865,-0.24710621735342042,-3.47233272482571
6901028000833,202601,0.0,0.5855433175157643,-0.07774388040627817,-2.4618332408355834
6901028000833,202602,0.0,-0.09280712089163501,0.031495331919418626,-3.430495856264904
6901028000833,202603,0.0,0.011195351732297354,0.0200824052509557,-1.8814786969138875
6901028000833,202605,1.0,0.1774766210994585,-0.18447891737786404,2.9208525670003613
6901028001625,202502,0.0,-0.28415334458821917,0.40154508057397487,-2.2747066589033134
6901028001625,202503,0.0,0.19862002946745605,-0.09747289965551151,-0.23596319162931334
6901028001625,202504,0.0,-0.16879815133750498,-0.023584388567011727,-0.3884857562710288
6901028001625,202505,0.0,0.2921039224683426,0.002421761351667606,-1.1986337628055916
6901028001625,202506,0.0,0.4158450768485409,-0.39723609503292573,-1.977272267325422
6901028001625,202507,0.0,-1.0107370345842739,-0.00964504840790904,0.25377480240581396
6901028001625,202508,0.0,-0.3026102624305054,0.2170277183149818,-1.128683099553155
6901028001625,202509,0.0,0.8103105975026068,-0.653558953370251,-1.3071624499879764
6901028001625,202510,0.0,-0.6219173878039967,-0.10506772055728483,-0.7912423286626837
6901028001625,202511,0.0,-4.521832363129782,-0.022372080098574804,7.462183015245689
6901028001625,202512,0.0,0.03778932712683769,-0.6596648857013159,-0.3677597185311846
6901028001625,202604,0.0,-0.7097190439714893,-0.3081296384282072,-0.135949360086144
6901028001625,202605,1.0,-0.1683273744542504,-0.6151831046860574,-1.301315787463324
6901028001625,202606,0.0,-2.955031714710856,-0.6208561699122946,3.3390994736201947
6901028005036,202502,0.0,-1.4114837549819867,-0.1860351704320936,1.1395635025375774
6901028005036,202503,0.0,0.05649897521390557,-1.0974781636909035,-1.0645880625381132
6901028005036,202504,0.0,-4.051077729793953,-1.094749177432725,5.767198822709249
6901028005036,202505,1.0,0.6951817744554702,-0.8003017137342401,4.275451823014148
6901028005036,202506,0.0,-3.7275574414330492,-1.2969361164441406,15.299422102926066
6901028005036,202507,0.0,-2.7956739509943134,-0.161033236754693,2.121007622241816
6901028005036,202508,0.0,6.978965841084829,-0.7634458911170432,1.0967988299973395
6901028005036,202509,0.0,2.6523659797247703,-1.072699458029802,-6.307456316006059
6901028005036,202510,0.0,1.3597324478196455,-0.6274811667677676,-1.7635649316642825
6901028005036,202511,0.0,-0.24202097856903038,-0.6001433471658899,-2.0999162734939194
6901028005036,202512,0.0,0.48818568217812697,-1.0978467251690458,-4.017437604890008
6901028005036,202601,0.0,-1.86809942773381,-0.8749014913660348,1.387968052257027
6901028005036,202602,0.0,-0.8194947603535851,-0.5723404081625284,-1.7128878636433507
6901028005036,202603,0.0,1.5017983119301945,-0.4465583316286455,-1.6914739900509934
6901028005036,202604,0.0,1.2935817979489954,-1.0290102642048795,-6.094952829495799
6901028005036,202605,0.0,0.41368414396011843,-0.8613514905345098,-4.838152329279878
6901028005036,202606,0.0,-1.7721983326467026,-0.8417043538232885,-2.2073423617469685
6901028009744,202502,0.0,-0.8940513510185539,-0.6100794065370461,-3.0636459707186696
6901028009744,202503,1.0,0.025991686965440408,-0.6828364698584832,3.422530172895396
6901028009744,202504,0.0,0.7271695308256056,-0.6567264592882313,-5.185188697804814
6901028009744,202505,1.0,0.0007529368795218261,-0.5245807139038836,2.6527727305834916
6901028009744,202506,0.0,0.11470331129550715,-0.8369604764058071,-4.99025220813132
6901028009744,202507,0.0,-0.26762791955249554,-0.5747388848952483,-3.0775117048039116
6901028009744,202508,0.0,-1.1185531756573681,-0.796454325140922,-2.29989032495219
6901028009744,202509,1.0,0.2298228556628672,-0.7427332097829189,4.6312563215421125
6901028009744,202510,0.0,1.162611393724255,-0.6439117734281976,-6.33655836200468
6901028009744,202511,0.0,-1.2324013962050628,-0.6636343844130312,-2.062802360077485
6901028009744,202512,1.0,-0.12342262880230237,-0.8442735352140631,4.7549377106382025
6901028009744,202601,0.0,1.2228707786663193,-0.614535166400123,-4.279186456318849
6901028009744,202602,0.0,-0.025112739665814843,-0.7171942212297538,-4.727703644387977
6901028009744,202603,0.0,-0.18048251995577402,-0.7871383821043254,-3.3588909320370957
6901028009744,202604,1.0,-0.3938324849422088,-0.6534806697058289,3.5892431575856465
6901028009744,202605,0.0,-0.6272709122241764,-0.6329865356208189,-1.7444902285977169
6901028009744,202606,1.0,-1.9111799850856315,-1.0560353896514245,1.7455995745372326
6901028009805,202502,0.0,-0.44480734170435454,0.09336783481733249,-2.8236051280304006
6901028009805,202503,0.0,-1.2111641506168098,-0.22038110928742707,1.487570119912091
6901028009805,202504,0.0,-1.772790777110572,-0.46286805472613446,0.16792267545345885
6901028009805,202505,0.0,0.5101613960712612,-0.21725478678183702,-1.6880887448753183
6901028009805,202506,0.0,1.9185120324758387,-0.022554421364143373,-18.73328112875738
6901028009805,202507,0.0,-1.9785585762203013,-0.40356597864278493,2.1498728257735786
6901028009805,202508,0.0,-0.8203398886553828,-0.22588339401881327,-0.7608015122816547
6901028009805,202509,0.0,2.2762792376459657,-0.5785514323973433,-3.0258506181818907
6901028009805,202510,0.0,0.5262170394348189,-0.4571392220190901,-4.562771181079084
6901028009805,202511,0.0,-3.405306270222461,-0.425933515160996,4.541143536035115
6901028009805,202512,0.0,-0.8851093967323536,-0.4579976701356101,-3.90262802694503
6901028009805,202601,0.0,3.472334352444477,-0.28143632378346617,-3.288266574547538
6901028009805,202602,0.0,0.698436096425155,-0.7353141446506215,-6.914792492611495
6901028009805,202603,0.0,-8.314395856137722,-0.3962613400314182,7.588419532842643
6901028009805,202604,0.0,-5.2176709585519205,-0.3460104252732142,10.482508003158149
6901028009805,202605,1.0,3.150923645298654,-0.418437338390629,-4.94145496675974
6901028009805,202606,0.0,-0.67396012319346,-0.6697216921762664,13.87585303656124
6901028010115,202505,1.0,2.795677627477829,-0.7692146855532629,2.817825004546805
6901028010115,202506,0.0,21.959292696134103,-1.2082128639580763,-32.04879967195894
6901028010115,202602,0.0,-0.6004278513537855,-0.784588946100886,8.276003009503267
6901028010115,202603,1.0,12.452195396275794,-0.8216837628544108,3.1357420590383
6901028010115,202604,0.0,4.894163871150809,-0.4677253169738864,-11.73001321068697
6901028010115,202605,0.0,3.8624739232021597,-0.1271536612142677,-13.449253232720826
6901028010115,202606,1.0,0.15372754371309583,-0.47987053445725825,2.0166469328156547
6901028010771,202603,0.0,5.619682768290346,-0.23058356203956004,-2.256971126638368
6901028010771,202604,0.0,1.554187992692185,-0.1826343701551948,-3.6405230124601395
6901028010771,202605,0.0,0.16012185002674073,-0.1747059066289118,-2.4735023003816874
6901028010771,202606,0.0,-2.5587882319509845,-0.48773187433013143,1.5940893151180207
6901028011785,202506,0.0,-1.0470306102039615,-0.06783088283980104,-0.8453038525803052
6901028011785,202507,0.0,12.927991256931442,-0.6798574199408749,-0.19384632032922866
6901028011785,202604,0.0,2.081427185237942,0.23235943774192713,-3.247300525350552
6901028011785,202605,0.0,0.018386511078091416,0.03546381507938689,-3.3196986707309533
6901028011785,202606,0.0,-1.3962328206725587,0.0705390853829963,-1.3532778868952726
6901028012003,202502,0.0,-1.6156478654139477,-0.5076459857191827,-3.178471877285291
6901028012003,202503,0.0,0.1438655067002088,-0.2951986297955804,-2.0326830996588323
6901028012003,202504,0.0,3.2672229723249444,-0.05213898277203689,-4.76649254327236
6901028012003,202505,0.0,0.11268237709310824,-0.05696702616756222,-2.445614362364678
6901028012003,202506,0.0,-2.1266181365479255,0.005454304132463249,1.6732377519463857
6901028012003,202507,1.0,-0.23808964859644277,0.009564538660782718,1.4063287901877293
6901028012003,202508,0.0,1.2993815253673233,-0.4326581244542571,-1.9612979271925377
6901028012003,202509,0.0,-2.144767857843277,-0.32267993309770665,0.5035826161618813
6901028012003,202603,0.0,-0.195824816552701,-0.12236858292497371,-1.627999963117801
6901028012003,202604,0.0,0.1824781304614902,-0.11747239601240561,-3.1903752785226445
6901028012003,202605,0.0,0.7228518065618701,-0.06012393329047644,-5.972809129946754
6901028013611,202506,1.0,4.975396433851387,-1.1313155845924263,5.257535276217133
6901028013611,202507,0.0,1.355845346426257,-0.9950637838095341,-11.567836889251698
6901028018722,202502,1.0,-8.722359271587202,-0.2548921979146713,-6.870052934525825
6901028024976,202503,1.0,1.7206546479115374,-0.49721238816550956,0.18107202536065972
6901028024976,202505,0.0,0.6587760774060598,-0.49663354041875896,-2.8497417095758406
6901028024976,202506,0.0,-0.00479080281853328,-0.4515814427089751,-2.05837106965475
6901028024976,202507,0.0,-0.18685827257144183,-0.09723867403971044,-3.905130388647075
6901028024976,202508,0.0,0.8736522194254874,-0.40763774873264674,-1.9371058125985585
6901028024976,202509,0.0,-1.309643170797635,-0.12872102822637121,-0.4925525974270861
6901028024976,202510,0.0,-0.44744573007373845,-0.001003928700107376,-2.4494889034699394
6901028024976,202512,1.0,0.45765181906692476,-0.43330389218715526,3.0258930379636784
6901028024976,202602,0.0,-3.9974630919387124,0.24076684908909574,4.7321318622666695
6901028024976,202606,0.0,-5.604690096748662,-0.3265725578125469,10.376534176002076
6901028025645,202502,0.0,0.016750811030497914,0.13572137131973053,-2.263513605413371
6901028025645,202504,1.0,0.5569977380852791,0.1519685624929411,2.7454081726323922
6901028025645,202507,1.0,-0.48317247941896824,0.2068738762514814,0.22802441103905252
6901028025645,202509,0.0,0.34201044859511853,-0.11151365987364967,-2.875278303755973
6901028039758,202503,0.0,0.832759926211871,-0.4996249224723691,-3.3346486959367745
6901028039758,202504,0.0,-2.2425597579164247,0.13121269501521135,0.7169363958814461
6901028039758,202505,0.0,-0.1004590119551807,0.036783505620310436,-3.298217036074324
6901028039758,202506,0.0,0.5838861352952804,-0.6323715304633711,2.178489046676379
6901028039758,202507,0.0,-1.165896965495314,-0.38412915740863934,-2.054427310367937
6901028039758,202508,0.0,1.1656668863643915,-0.30045307890842654,1.7048324235202992
6901028039758,202606,0.0,0.17876946871240307,-0.5264418386601444,-7.121990694982178
6901028042635,202502,0.0,-3.299124034260892,-0.19339139950010745,0.841623879506715
6901028042635,202506,0.0,1.1914330355665754,-0.8733549119449912,-8.66761067774595
6901028042635,202507,0.0,0.8361130243595056,-0.7468875540553414,-4.679570704759594
6901028042635,202508,0.0,-1.3690140110795497,-0.6700937661681751,0.04532581332759966
6901028042635,202509,0.0,-7.418164102798194,-0.5116876993335551,10.091703242584272
6901028042635,202510,0.0,-6.395897217204116,-0.6584934484933799,11.145746614983052
6901028042635,202511,0.0,-13.586462462670674,-0.3109297885002226,47.20778165577879
6901028042635,202512,0.0,5.0817961169762995,-0.29216605452849914,0.9368196518860377
6901028042635,202601,0.0,17.570155564060848,-0.2792328279675122,-16.60487664232933
6901028042635,202602,0.0,1.3659710078212584,-0.7566166734143369,-11.51279190271272
6901028042635,202603,0.0,-12.086213295014012,-0.3512454176358782,31.468677680520678
6901028042635,202604,0.0,-8.624933043391025,-0.7793323938198858,11.315560541888672
6901028042635,202605,0.0,8.059105254276062,-0.12692662656885,12.759786358071505
6901028042635,202606,1.0,-2.1046554200404373,-0.3712231914853541,-11.452870128193673
6901028042963,202502,0.0,-2.6438552395501347,-0.01352797292745185,0.2767314337618625
6901028045919,202502,1.0,-4.78193505929476,-0.27129971740820413,-8.79361984855508
6901028045919,202503,0.0,12.912552186607329,-1.2043747893905854,-4.521965103081925
6901028045919,202504,0.0,4.9211334620043985,-1.2317971545242974,-6.296608305761264
6901028045919,202506,1.0,-1.3767961956022177,-0.7876322221827652,-1.0811791597435478
6901028045919,202508,0.0,-15.352853133041485,-0.6646864108141682,33.07779539116893
6901028045919,202510,1.0,9.59181200543113,-1.5358032280131173,-3.754479190049728
6901028045919,202512,0.0,8.233777527221186,-1.1177743437859227,-8.687809040592084
6901028045919,202601,0.0,1.949145306401114,-0.40915745115277163,-3.6459326418886047
6901028045919,202602,0.0,-0.6524951865075153,-0.39233312032887396,-3.2097267023565768
6901028045919,202603,0.0,0.2710212298864221,-0.2598721510233937,-1.3801686479153226
6901028045919,202604,0.0,-1.509478250045909,-0.4473533634707311,0.9212224528341532
6901028045919,202605,1.0,-4.922117054026636,-0.34983593922968914,-8.757108391199955
6901028045919,202606,0.0,-7.947102080318729,-0.5687450178218343,18.357806083672607
6901028046893,202502,0.0,-18.756367875404045,0.22308728629619845,25.19236703467341
6901028046893,202503,1.0,-0.23184679722080404,-0.04122800260994752,1.1471028439077515
6901028046893,202504,0.0,18.73401185199659,-1.4775412201432467,-15.712996457749194
6901028046893,202505,0.0,0.24657323567652156,0.10756930065995889,-1.593851243948864
6901028046893,202507,1.0,-1.5642749961580478,0.1494637327802572,-6.19800735546346
6901028046893,202509,0.0,0.7292165281620484,-0.2859412743005594,-0.8378904205573869
6901028046893,202511,1.0,-0.11273285448343273,-0.2091197999212377,-0.7292883919239218
6901028046893,202602,1.0,-0.41288235875714463,-0.06198261533271299,4.97598714910774
6901028046893,202604,0.0,0.14061171776081238,0.22117466556996904,-1.0839409354891631
6901028046893,202605,0.0,0.13078043491444902,0.2282897063567062,-1.1021817587335043
6901028046893,202606,0.0,-0.955169526609005,-0.15961980954114885,-0.139529178196812
6901028051989,202605,0.0,15.192286764631163,-0.07786804215101018,-11.226216273931719
6901028057080,202505,0.0,-1.1502847436885943,-0.9025335783170041,0.4464548935940402
6901028057080,202509,1.0,7.45886508377211,-1.0632867248606925,9.303125510745087
6901028057080,202510,0.0,4.391380775942686,-0.7267719800640293,-4.601472817072365
6901028057080,202603,0.0,-0.061173797225961835,0.12558429186998843,-2.20123107815791
6901028057080,202604,0.0,-0.17127698121641544,-0.5233461028204907,-0.8104232489597387
6901028057080,202605,0.0,-0.43389039422432774,-0.06089880863235567,-2.4008403172350974
6901028057080,202606,0.0,-1.7296069294682752,-0.7069235561512405,1.388040981695983
6901028058148,202508,0.0,16.46851289978605,-1.1800471369400827,-14.328032540397134
6901028058148,202509,1.0,-2.1788108989896955,-0.41234904516656523,-6.7758651836688495
6901028058148,202510,0.0,7.565672543986921,-1.4644626425542118,-2.094753025352431
6901028058148,202602,0.0,0.20138371312098258,0.07008892628336771,-5.1436577690952365
6901028058148,202603,0.0,4.547940410268438,-0.7281976822588464,-4.055829654851639
6901028058148,202604,1.0,-0.20059043652963027,0.20382025334599552,3.5501048465148655
6901028058148,202605,0.0,-1.5507964965471999,-0.01806677186567436,3.795606058573788
6901028058148,202606,0.0,-3.2856864662984435,-0.5338551614859628,2.8621374440144316
6901028059114,202604,0.0,-2.270320824399242,-0.07854151413855326,1.3606426010529942
6901028059114,202605,1.0,1.9034083650265146,0.0783833786482514,1.7910160735796015
6901028059114,202606,0.0,-0.3163465826785128,-0.23302328160730446,-1.0318439854375034
6901028062015,202502,0.0,-0.6972141796146616,0.11409142561467563,-2.0497921912662567
6901028062015,202503,0.0,-0.31547667292483084,-0.1253797394956339,-1.2139731015075115
6901028062015,202504,0.0,-0.31297566885916694,-0.41924715688756276,-1.1123964874872474
6901028062015,202505,1.0,-2.6617262421530796,-0.21322625582994395,-2.6279109225088932
6901028062015,202506,0.0,0.5268599578350859,-0.4319318933236392,-6.589096490551516
6901028062015,202511,0.0,-0.974949829423366,0.0003909688655175658,-1.0093091410343842
6901028062015,202512,0.0,1.7571051889735756,-0.21578737083226238,-5.79228494162111
6901028062015,202601,0.0,0.7411695086888272,-0.1130365147227789,-3.3819889861084453
6901028062015,202602,0.0,-0.6928024490319942,0.013065529362713851,-1.9121120995893912
6901028062015,202603,0.0,0.06459675797000841,-0.1478209477884157,-1.3060582005124852
6901028062015,202604,0.0,0.7068800390631083,-0.3215588776882644,-3.0875407264020303
6901028062015,202605,0.0,-0.09895523811505313,-0.12469540813188379,-1.7278397618894035
6901028062015,202606,0.0,-0.20192613335472487,-0.10922001441049506,-2.7770319837413497
6901028062329,202502,0.0,21.61495532823372,-0.7784354761913485,-221.1312214028854
6901028062329,202503,1.0,-1.3203745419362107,-0.33749465681385515,1.9144694738346015
6901028062329,202602,0.0,1.1185275786933175,-0.6293953359857105,-12.846475259867997
6901028062329,202603,0.0,2.144543145574886,-0.1234292759320024,-4.101121345354109
6901028062329,202604,0.0,0.25023124202451896,0.04181752063773826,-3.208327972826896
6901028062329,202605,0.0,-0.006927061778618793,0.19943668936935097,-3.425952462521007
6901028062329,202606,0.0,-0.38017951208190226,-0.010761407950996671,-6.429538557791368
6901028062350,202602,0.0,0.7904195060728156,-0.8034778505780157,-8.557404253503934
6901028062350,202603,0.0,0.08171320275432947,-0.5392451060636105,-2.195093427287574
6901028062350,202604,0.0,-0.28460401042376304,-0.6539683431697392,-3.0048902860980657
6901028062350,202605,1.0,0.11613914764107847,-0.4994767492447872,3.937044826295783
6901028062350,202606,0.0,0.16481879450205383,-1.1323732214047895,-4.042353123396631
6901028063371,202505,0.0,0.0469555409380078,0.008092773722504942,-2.3104038053985843
6901028063371,202506,0.0,7.243319040392109,-1.725680693545548,-11.873633772212365
6901028063371,202507,0.0,0.3646645874085266,-0.25192184079643687,-3.6975030284018895
6901028063371,202508,0.0,-0.15171590370970733,-0.040406280399521016,-2.054692657457373
6901028063371,202509,0.0,-0.11263808918058515,-0.152697823917363,-1.709892983299049
6901028063371,202510,0.0,0.5970564915834728,-0.017610782346904157,-1.1092702794466331
6901028063371,202602,1.0,-0.27420623023775903,0.20869033155701716,0.8556090479135179
6901028065504,202602,0.0,0.851329855731521,-0.23911677216895302,1.6434160062199552
6901028065504,202603,0.0,6.113458302319103,-0.5867967046063242,0.5499658021849192
6901028065504,202604,0.0,1.271359915748974,-0.14801973540054017,0.04545945131139262
6901028065504,202605,0.0,-21.88709422954013,-0.0642004622502879,64.43357255004135
6901028065504,202606,0.0,-22.77337132853262,-0.12033583910275522,54.39391271003204
6901028071475,202502,1.0,-0.41947322933820885,0.07059254309060416,2.108253337609879
6901028071475,202504,0.0,-2.545084181620915,-0.20419580501352397,3.829319560287401
6901028071475,202505,1.0,5.713912750612863,-0.7511282010506353,-5.325300443544036
6901028071475,202506,0.0,1.0873468762906384,-0.5861583871015267,-0.12726174012011082
6901028071475,202507,0.0,-12.359760144914212,-0.3683022681872405,35.06847995979768
6901028071475,202508,0.0,-0.8491653293188222,-0.21252509242562756,1.848996101077008
6901028071475,202509,0.0,16.032348078030743,-0.920801310563893,-9.213857068426181
6901028071475,202510,0.0,2.6777509501602736,-0.5099253376140395,-3.157966139057006
6901028071475,202601,1.0,-9.224162713533353,-0.24095154782314143,-19.700228921797546
6901028071475,202603,0.0,6.761010593257531,-0.9848881268832839,-0.6869967007194848
6901028071475,202605,0.0,1.4037521078345492,-0.6086622309245587,-2.0238244592937615
6901028071475,202606,1.0,-15.163538051331432,-0.3206526628740993,-19.610715999236504
6901028071536,202509,0.0,4.319686665445516,-0.5127230472247308,-5.858687028377859
6901028071536,202510,0.0,0.9458550115154836,-0.40957982006573157,-3.1662714263142124
6901028071536,202603,0.0,-0.3967752733442751,-0.17830530874495326,-2.1958338077149295
6901028071536,202604,0.0,7.440721812330956,-0.6876365135748539,-2.0530550986701344
6901028071536,202605,0.0,0.0689594957371753,-0.005894749418625646,1.285599847415146
6901028071536,202606,1.0,-1.5941898164327313,-0.06363299748014362,-2.6028386651623574
6901028075015,202502,1.0,-0.9216785470894422,-0.6645633051738747,3.460551168922409
6901028075015,202504,1.0,-0.872314884878449,-1.1236175306947105,2.0435633838040146
6901028075015,202506,0.0,-22.519088882611577,-1.3530966062298146,72.25342706399526
6901028075015,202507,1.0,0.7312082343100315,-1.0436453031506097,3.415757254201149
6901028075015,202508,0.0,20.436671745758694,-1.56550039780715,-35.113290667596644
6901028075015,202509,0.0,-23.04846594926255,-1.1069834868105535,30.957919752643647
6901028075015,202510,1.0,2.8863263541716577,-1.1236518517918574,7.344766616719255
6901028075015,202511,0.0,19.83398643448286,-1.5816185240876663,-52.8786581671951
6901028075015,202512,0.0,0.9627338647654824,-0.8657332705200438,-9.00113617947893
6901028075015,202601,0.0,4.86626744440516,-0.9927774307037255,-9.268154036722855
6901028075015,202602,0.0,-0.9612189042929344,-0.7728240637955951,-3.739884245116116
6901028075015,202603,0.0,-0.3753146477512104,-0.8173917282982086,-2.646917759705277
6901028075015,202604,0.0,0.6506482323937632,-0.9953775262180801,-5.245132667502126
6901028075015,202605,0.0,0.015730455169574498,-0.7222030483699665,-4.9182121404262045
6901028075015,202606,0.0,-1.580096981337448,-1.051388755402412,-2.4114827840135886
6901028075022,202502,1.0,-0.06881279391882344,-0.5419961587292262,5.197025748761838
6901028075022,202511,0.0,11.86656325784378,-0.3810284802801323,0.7292642434112366
6901028075022,202512,0.0,4.9583191850177,-0.5200884522174929,-13.535198802194294
6901028075022,202601,0.0,6.690963844528142,-0.2855993165264159,-8.043580406409921
6901028075022,202602,1.0,-1.2686458316335774,-0.6387155474216901,2.653799142929011
6901028075022,202603,0.0,-0.05127040289211493,-0.5189254920967369,-4.574202951810828
6901028075022,202604,0.0,1.3236380010840918,-0.647864757063631,-6.023994145023611
6901028075022,202605,0.0,0.04452359767840619,-0.5455437970068313,-5.200770073466513
6901028075053,202502,0.0,0.28501595718383044,-0.11540754829104086,-4.871342980495414
6901028075053,202503,0.0,-0.2846308636852015,-0.012967383179255554,-1.4828633241885305
6901028075053,202504,0.0,-0.5152670695479316,0.19198328073654053,-0.4827064647109046
6901028075053,202505,0.0,0.17519215161029678,0.1640820944355594,-1.4478503732342567
6901028075053,202506,0.0,0.54067379862407,-0.1883534586634601,-3.6730817097953596
6901028075053,202507,0.0,-9.055855474415672,0.2576612536297534,11.002650098211182
6901028075053,202508,0.0,-0.03208499874192228,0.2999847590296669,-0.4803206814587875
6901028075053,202509,0.0,8.549933373155135,-0.6354566474793311,-1.0728445398738555
6901028075053,202510,0.0,-12.965030995901543,0.10299470099584461,15.053601947692627
6901028075053,202511,1.0,-2.2037903478781473,0.007412485512266365,-4.2073449459308225
6901028075053,202512,0.0,12.403326133076668,-0.4192350028811549,-4.194620316652544
6901028075053,202601,0.0,2.8000628664630867,-0.4482530437409389,-6.850649388165186
6901028075053,202602,0.0,0.226722365334318,-0.2060935947799586,-3.1708297015567473
6901028075053,202603,0.0,-2.4220783036885436,0.032840992880145504,2.092187099584337
6901028075053,202604,0.0,0.4995608617973204,-0.03053465717141627,-1.7940681714812219
6901028075053,202605,0.0,2.1332419599514623,-0.35844039783198767,-2.7723409129682497
6901028075053,202606,0.0,0.042525456109643756,-0.03663569801693169,-3.1586684450278484
6901028077910,202502,1.0,-0.46766579471865555,-0.29212127871654686,2.9307902553463223
6901028077910,202503,0.0,-0.21135725359560809,-0.3992227176009888,-3.7843266537862252
6901028077910,202504,0.0,-1.2265613952759793,-0.22676225772942596,-3.7928961870368836
6901028077910,202506,0.0,1.019813093176566,-0.341440201115638,-15.581437991107478
6901028077910,202508,1.0,-10.903667684127583,-0.1623314924062182,-16.756124685718124
6901028077910,202602,0.0,-7.519118542368865,-0.295080904631292,14.438931974568177
6901028077910,202603,0.0,1.5328958740004026,0.1788249923316521,-2.6729729722093962
6901028077910,202604,0.0,4.286273330144731,-0.13545563473066166,1.6706488228217005
6901028077910,202605,0.0,-11.585661719807888,0.06896891999250408,24.79554660370383
6901028077910,202606,0.0,3.7933579402517807,0.21856489248074784,-11.59906820507324
6901028079990,202502,0.0,-0.4495838334026985,-0.7602753671186794,-3.80610109093193
6901028079990,202503,0.0,0.2544309140350691,-0.746124186759977,-2.972790710928408
6901028079990,202504,0.0,-6.985056351698134,-0.8660886362216578,7.436577316411782
6901028079990,202506,1.0,5.873774690412333,-1.6459300267962587,4.303397073554085
6901028079990,202508,0.0,1.1310596966578288,-1.0420581928774135,-7.15608657361144
6901028079990,202509,0.0,0.2710602365817323,-0.9715226177217237,-3.64850490738334
6901028079990,202511,1.0,-1.9201080444200187,-0.6484883624971765,-0.4454231352211607
6901028079990,202601,0.0,2.0856901104213534,-0.7603623876777363,-5.51107804025742
6901028079990,202602,0.0,0.1461273302403896,-0.631249434248325,-5.425422117117556
6901028079990,202603,0.0,-0.15894203532650408,-0.7398184041063603,-2.8525940817117483
6901028079990,202604,0.0,0.06977824909699848,-0.8707038650117022,-3.534639097974712
6901028079990,202605,0.0,0.07177815328452652,-0.7089696601864196,-4.286236643441526
6901028079990,202606,0.0,-0.17586247654645604,-0.9504850894918063,-3.6403631059830137
6901028080224,202502,0.0,0.22195482554030832,-0.5197680689969923,-0.9868957788046735
6901028080224,202503,0.0,0.7854551786633621,-1.0266328637935094,-1.9904192301898607
6901028080224,202504,0.0,0.058538338185542216,-0.03982472252830932,-0.4573069726513705
6901028080224,202506,1.0,-0.2589270006112727,-0.33560100286524697,5.138052124709792
6901028080224,202508,0.0,0.1898334598919007,-0.01924449546200857,-0.29777133615235435
6901028080224,202509,0.0,-0.06968779953250248,-0.5372962072812776,-0.3467682632953154
6901028080224,202511,1.0,-2.7170243325365107,-0.23666208817019155,-7.579366344392815
6901028080521,202502,0.0,-1.7229841232457233,-0.6185090926919835,-2.306000130032941
6901028080521,202504,1.0,-6.357388942398387,-0.33254560535139055,-7.058885367480429
6901028084321,202502,0.0,-0.5249937679475849,0.43405295725524506,-3.5093864847091236
6901028084321,202503,0.0,0.4861978267660447,-0.12788436626095803,-1.1225265382640919
6901028084321,202504,0.0,0.06561055056840104,0.28149139328644185,-0.4756334472146552
6901028084321,202505,0.0,0.22655296573803696,0.44154596047078587,-1.1428488833214079
6901028084321,202511,0.0,3.575582770095778,-0.6046310928981277,-7.37503832385714
6901028084321,202512,0.0,1.9824191445617458,-0.7889335831768514,-6.271788560740479
6901028084321,202601,0.0,-1.8464859277764702,0.03024338943762004,0.1299393936380534
6901028084321,202602,0.0,-0.2255001788650972,-0.1084631094094054,-3.0555785896248686
6901028084321,202606,0.0,-0.10515167942351411,0.027099224784072423,-2.6302195046074455
6901028084772,202505,0.0,0.4480649056026067,-1.0420340085234276,-3.2772946777799414
6901028084772,202506,0.0,-9.528517075033626,-0.8774232191133304,20.002855297677137
6901028084772,202507,0.0,-3.645888821012015,-0.09620413759618007,4.199881322076
6901028084772,202508,0.0,10.796533217068465,-0.7057524771484752,-4.859119135280693
6901028084772,202509,0.0,3.2509164350693567,-0.7683063159004992,-4.616248494045541
6901028084772,202510,0.0,-0.23974696679928797,-0.34189472424416223,-1.374089332634458
6901028084772,202511,0.0,-0.13709145589039196,-0.4474125644449587,-0.8939191463149962
6901028084772,202512,0.0,-0.6280275810523364,-0.32173070614743493,-0.5230189120858656
6901028084772,202601,0.0,-1.055944685298023,-0.9764736182510936,0.13389791971952558
6901028084772,202602,0.0,-6.279078530294939,-0.8155155864611183,12.050545319851187
6901028084772,202603,0.0,-0.14204221593450228,-0.5470877289712752,-0.6242663960289092
6901028084772,202604,0.0,6.743967797052875,-0.2473787589356013,-4.316883240127188
6901028084772,202605,1.0,0.9543820936857585,-0.5087626562089271,5.4174817673282565
6901028084772,202606,0.0,-2.520916955445884,-1.3413148588537696,-2.697740894111161
6901028084925,202506,0.0,1.2481353455513897,-0.2783909237386048,-7.335523259888691
6901028084925,202507,0.0,-0.7256864428162118,-0.2390618741397713,-1.940254366808141
6901028084925,202508,0.0,0.121135881886417,-0.06386193096684391,-2.1127654399336366
6901028084925,202509,0.0,0.4674131379921036,-0.5947867356231633,-5.251540166204649
6901028084925,202510,0.0,-0.7130140374279179,-0.09759054860584955,-1.0528302838128412
6901028084925,202511,0.0,-2.513058546584645,-0.05148937614888436,1.5505083165474052
6901028084925,202512,0.0,-0.25786347850119284,-0.41438229595185877,-1.4029990715960332
6901028084925,202601,0.0,2.1213761161554956,-0.2780907950711094,-2.7223346703935962
6901028084925,202602,0.0,0.27664869098104816,-0.4180526081048427,-6.5984731688950955
6901028084925,202603,0.0,-4.74361444863834,-0.39757241844581576,5.0161288050562085
6901028084925,202604,1.0,-3.069346688851752,-0.13779988421003128,-5.409793172295526
6901028084925,202605,0.0,1.6029755311570923,-0.4728175044142814,1.5086295777615186
6901028084925,202606,0.0,-5.984717180435553,-0.35592388460155644,14.98635512026571
6901028092432,202508,1.0,3.7734528356146413,-0.14656182507915272,1.8198268370813644
6901028092432,202605,0.0,0.25629161756400975,0.015565570645286839,-4.863636070048219
6901028092432,202606,1.0,-1.499771780886995,-0.45067580201086865,1.2398222255813054
6901028098335,202508,0.0,0.848790069077701,-0.1273912653642772,-1.7201486110830917
6901028098335,202509,0.0,-2.2271895158740165,-0.5617302697456963,1.1914834247997053
6901028098335,202510,0.0,-1.220358451551533,-0.13195957847673,0.5021115730849083
6901028098335,202603,0.0,-0.45000617057537795,-0.3371553738038463,-2.656768215477384
6901028098335,202604,0.0,0.9157815064765558,-0.7358467548115017,-2.6884551907370993
6901028098335,202605,0.0,0.4235969100015069,-0.3884681241899397,-2.4654938337576624
6901028102094,202502,1.0,-0.1944313450690629,-1.312579082254242,2.765934589829385
6901028102094,202503,0.0,-0.45310436248917085,-1.4335356128963066,-5.165374039438698
6901028102094,202504,0.0,0.30267313334938706,-1.4237483355475862,-5.494307283961906
6901028102094,202505,0.0,0.44612751513508897,-0.44363749319099965,-3.9709734685895053
6901028104241,202502,0.0,-0.046752881951803715,-0.12143597690835767,-6.251773976449721
6901028104241,202503,0.0,-2.2854094595430468,-0.16559984584843096,4.2040530208768985
6901028104241,202504,1.0,-0.4787376370280896,-0.22276032690342068,0.38733715410314234
6901028104241,202505,0.0,2.0829280558301946,-0.4220422061411248,-5.58782737728343
6901028104241,202506,0.0,0.7635590181982295,-0.6219289248353539,-22.20845881831128
6901028104241,202507,0.0,-2.531783677784489,-0.319863819155684,4.1672373675726115
6901028104241,202508,0.0,-0.00021436263915575182,-0.016322639660696928,-1.8632248219815757
6901028104302,202505,0.0,0.5526840556065906,-0.49565564662760137,-4.512973537863157
6901028104302,202506,0.0,0.512293901993786,-0.6115622297854051,-6.241171300882339
6901028104302,202507,0.0,-0.9484752660491722,-0.3236431715488341,-0.9850558955189079
6901028104302,202508,0.0,-10.916114031313924,0.011101984866460931,14.461755072744682
6901028104302,202602,1.0,-0.2658058894651134,-0.15402269070698543,1.8908438440775053
6901028104302,202603,0.0,-2.067848641948842,-0.4010825638958078,3.5362232768238573
6901028104302,202604,0.0,-1.0370277568724333,-0.4630916487084029,-1.7342471996804276
6901028104302,202605,0.0,0.7419651484685232,-0.31837093906179187,1.2990537511285845
6901028104302,202606,1.0,-8.512667985981643,-0.3789656057200992,-9.68940791217849
6901028107150,202505,1.0,-1.697538002823194,-0.6484112551731676,2.2372961209638786
6901028107150,202506,0.0,-0.13531619961840136,-0.659622070960909,-7.991813474185264
6901028111270,202502,0.0,-3.8409430198631824,0.007929937838336176,2.318139151033307
6901028111270,202503,1.0,0.513000113290154,-0.6116720022799556,3.3333136561633485
6901028111270,202505,1.0,0.1197791521447229,0.11025749876155014,5.0591189736623985
6901028111270,202507,0.0,-0.013527425906076473,0.30250642937056466,-1.7075540515808618
6901028111270,202508,0.0,-0.009064018626283143,0.017066758578088814,-1.2591255250783053
6901028111270,202509,0.0,0.02950234578693056,0.13913074744250414,-1.6163406994641467
6901028111270,202510,0.0,-0.4344761573862499,0.02082443925559546,-0.7256936309774837
6901028111270,202511,0.0,0.22740999328159717,-0.14827605561790275,-1.1899104700154428
6901028111270,202512,0.0,0.561551197344599,-0.08526254530444027,-2.556396280473373
6901028111270,202602,1.0,-0.6334190783294318,0.0736480442425588,3.153608855097306
6901028111270,202604,0.0,0.5783919909063115,-0.07664183299636679,-2.016070154183107
6901028111270,202605,0.0,0.1979324415550039,0.4181677112068696,-2.236527969897807
6901028111270,202606,0.0,0.0006511998766214333,0.1433678444487037,-2.152699169163257
6901028111546,202602,0.0,0.294582650189227,-0.9804395481118447,-7.448228433401116
6901028111546,202604,0.0,1.564579378528066,-0.8932620065687437,-5.073130796197999
6901028111546,202605,0.0,-1.2309778828634848,-0.6684197225739638,-6.364293849226563
6901028112505,202512,1.0,-1.884771745403448,-0.15131897380717396,1.1258463627802973
6901028112505,202602,0.0,0.28935444975392244,-0.3495921276452744,-11.224018750274976
6901028112505,202604,0.0,2.247450344311318,0.15823643523980901,-4.495591979744552
6901028112505,202605,1.0,0.564501076135592,0.07622310213210676,2.3737861884549134
6901028112505,202606,0.0,0.1018454161234672,-0.19361100632224099,-5.019656435548097
6901028118187,202502,0.0,-1.8500834988543033,-0.025271839023632947,0.9174448416437186
6901028118187,202503,0.0,0.4191519766674787,-0.28831885649596894,-0.29813636167352686
6901028118187,202504,0.0,0.19027558726421034,-0.0596599694994476,-0.669971767554792
6901028118187,202505,0.0,-0.5104149348031157,0.020880241687168746,0.3642683437975447
6901028118187,202506,0.0,0.04682852180916086,-0.10901380259440266,-0.7896841797918008
6901028118187,202507,0.0,0.6531545052156389,-0.05425920626294645,-0.7802439976224285
6901028118187,202508,0.0,0.19996206792275473,0.04347884987574063,-0.6105040282858661
6901028118187,202509,0.0,-0.3149658911530935,0.18010868900815147,0.05996812876514197
6901028118187,202510,0.0,-0.2811008398500974,0.10136358720850776,-0.13755109342801936
6901028118187,202511,0.0,-0.3701391097650557,0.1205772255192568,0.20356026753328285
6901028118187,202512,0.0,0.36875329139004975,-0.004907451515053479,-0.9505670370455576
6901028118187,202601,0.0,0.782784166410778,-0.08889033448280198,-0.693553395559545
6901028118187,202602,0.0,-0.2013145684384341,-0.03446028223135575,-0.5336686868796423
6901028118187,202603,0.0,-0.4654800013628204,-0.053154778719342294,0.08059584659086821
6901028118187,202604,0.0,-0.13119613865139712,0.026490177534932574,-0.14418569260114017
6901028118187,202605,0.0,0.32819581277884424,0.14708759480741285,-0.8308505334329204
6901028118187,202606,0.0,0.3685992624783978,0.0822156778277343,-1.1936347227036928
6901028118828,202502,1.0,-1.379743515174468,0.0663969210316806,1.7767309994303195
6901028118828,202504,0.0,0.781019429052094,-0.7942720402384709,-4.451620807074201
6901028118828,202508,1.0,20.957086484592924,-0.660305130033635,25.140727293404602
6901028118828,202510,0.0,-5.892694615261512,-0.4299453843204017,9.328516737020752
6901028118828,202511,0.0,-11.92389744576952,0.3550547875219111,30.41174712292753
6901028118828,202512,0.0,9.545526518931297,-0.5883619693531579,-5.724662906116471
6901028118828,202601,0.0,15.813243765046849,-0.5106835526505344,-10.879220481951098
6901028118828,202602,0.0,-3.4044730030950348,-0.10255758594981468,2.3035944226195526
6901028118828,202603,0.0,-0.4166788550983611,-0.39416416971166235,-1.7262767734412932
6901028118828,202604,0.0,-0.43813683782849466,0.019748171410362364,3.4065417385751777
6901028118828,202605,0.0,-2.0307204700840913,-0.4478430768489434,1.1791731435913078
6901028118828,202606,1.0,3.171975973261972,-0.02437046845751556,4.28371510903981
6901028119009,202601,1.0,2.9227370601708955,-0.4331882958635359,-2.1800492946821133
6901028119009,202602,0.0,-3.2395374786697744,-1.29239587148039,8.37829673155182
6901028119009,202603,0.0,3.069541719084512,-1.3282987786772869,-3.055341940816945
6901028119009,202604,0.0,0.8213824214204379,-0.632733355600947,10.312135156304784
6901028119009,202605,0.0,0.7463663056995316,-0.30083920761562677,-4.988004879367024
6901028119009,202606,0.0,-19.12553867736787,-0.6276454760475882,70.48122897375194
6901028120708,202502,0.0,-6.588916525207281,-0.43864428854332965,12.24902771911431
6901028120708,202503,1.0,1.8543235479633964,-1.0503908475813286,3.2082534624335377
6901028120708,202504,0.0,2.452717428210704,-1.5927132633759382,-1.2079769816541126
6901028120708,202509,0.0,14.250461692053364,-1.3374324208897206,-5.352602284973599
6901028120708,202602,0.0,-1.1151912822821899,-0.6572915185334665,-5.448788070410643
6901028120708,202603,0.0,-1.2638876164008082,-0.5649063626455874,-0.45421416540508186
6901028120708,202604,0.0,-0.11763874651050799,-1.1337453545805425,-2.555504780328845
6901028120708,202605,0.0,1.3647381908312184,-0.457572571156926,-9.098790240918943
6901028120708,202606,1.0,1.193629978141864,-0.7648998669730572,5.141098118359379
6901028121736,202502,0.0,-0.5284139051037045,-0.40489400734582937,-2.54063508770584
6901028121736,202503,0.0,0.8615942909701744,-1.1443820359083066,-2.972053807756285
6901028121828,202602,0.0,-2.607515160913934,-0.3891066108826589,2.926536610768353
6901028121828,202603,0.0,-1.517779221548473,-0.3593430921888682,1.146276975433305
6901028121828,202604,0.0,-4.498900694554997,0.07910102520623383,10.504783477869784
6901028121828,202605,0.0,-3.5054520106766915,-0.17916768387756193,4.125979517509316
6901028121828,202606,0.0,6.468955787756705,-0.087309593187473,-1.8465516247088094
6901028123266,202502,0.0,-9.759227904826304,-0.14590551110219113,23.431743568585283
6901028123266,202503,1.0,1.9734545241465185,-1.2697563741822022,2.7856707948430794
6901028123266,202505,1.0,0.01613975475117968,-0.1909546912801731,1.7886597534949096
6901028124058,202502,0.0,-0.11993218831536012,-0.013568541810711127,-5.555307756407069
6901028124058,202503,0.0,0.25117521649514885,-0.18368478963977897,-2.680548564167
6901028124058,202504,0.0,0.05520369019996707,-0.03135181367843033,-2.2987056376972395
6901028124058,202505,0.0,-0.5182650709409202,0.21795104472968818,-1.7503754390131256
6901028124058,202509,0.0,2.0226688753598907,-0.26218107770520893,-6.980333688289529
6901028124058,202510,0.0,-6.058782580759313,-0.17760972495998772,8.95545815126343
6901028124058,202511,0.0,-1.6479191886258704,-0.09930446118120076,-5.335435380639834
6901028124058,202512,0.0,7.884656916523312,-0.6881902701155846,-6.3795964877907885
6901028124058,202601,0.0,1.9779422899117236,-0.20817851675068982,-3.321348716715562
6901028124058,202602,0.0,-0.06216173059322472,-0.16660046379033544,-6.09705897276603
6901028124058,202603,0.0,-0.7599994373164805,-0.1601947495853001,-1.6139050843717437
6901028124058,202604,0.0,-0.6357203648409069,-0.08286114234726848,-2.442315727057017
6901028124058,202605,1.0,-0.10884523621088249,-0.15603959425200742,1.9910608539476748
6901028124058,202606,0.0,-1.3844559353394814,-0.22037167541470812,-3.389256116814241
6901028125970,202502,0.0,-1.5988604854680943,-1.0017362471685551,-3.7863430452949505
6901028125970,202503,0.0,2.408479328897954,-0.7805260702832112,-5.826829562246222
6901028125970,202504,0.0,0.9468949353947949,-1.1957180594807144,-6.190649128988838
6901028125970,202511,0.0,17.389000975173225,-1.4492950030151661,-16.60160850312839
6901028125970,202601,1.0,5.010577773911585,-1.41699312249695,-12.869402424180466
6901028125970,202602,0.0,4.513485326638751,-1.2898882021130942,-11.000021051662443
6901028125970,202603,0.0,8.125567205389572,-1.2771795398062675,-9.95034896223581
6901028125970,202604,0.0,0.4637133013763872,-0.7606773747369245,-5.209899228147783
6901028125970,202605,0.0,-4.649095554818572,-0.9579257710743879,4.2497249295916975
6901028125970,202606,1.0,-3.5518867366818583,-1.1175478276101625,-2.6720765027101625
6901028126007,202502,1.0,-0.060690390621473966,-0.0743320792231634,1.1901823649491687
6901028126007,202503,0.0,4.602584537773652,-0.7292335731131033,-6.056738752428263
6901028126007,202504,0.0,-0.06277848662214325,-0.06339290099421441,-1.4402727966889386
6901028126007,202505,0.0,0.3249703237037309,-0.09264155504067118,-1.9422307115929587
6901028133333,202505,0.0,-0.4140281165252233,-0.18658129075936114,-2.8178942774368174
6901028133333,202506,0.0,-1.7704459914498258,-0.32240252803983144,3.1886184646926017
6901028133333,202602,0.0,3.7453971396767756,-0.7207076936969179,-9.082636167832039
6901028133333,202603,1.0,-2.5893626065829523,-0.27130102694942154,-0.6172415527122702
6901028136686,202502,0.0,-18.97422401402114,-0.02743920175564335,63.58196686063776
6901028136686,202503,0.0,-7.503071955711334,-0.03714459851364842,14.462646958249255
6901028136686,202504,0.0,0.01564058191497253,-0.0805853463065585,0.08384242836458633
6901028136686,202505,0.0,1.366371897199656,-0.10461295536614845,-2.6142659816076774
6901028136686,202601,0.0,0.4009538597027813,-0.20653295639946254,-1.611846567059537
6901028136686,202602,0.0,0.08313881662468248,0.040797861256784584,-2.5883506182875715
6901028136686,202604,1.0,-0.7216854973922082,0.1296025051030627,-0.33141362882805525
6901028136686,202606,0.0,0.6743939888683599,-0.22764672002551603,-3.5928699715347565
6901028136891,202502,0.0,-0.3797605714571404,-0.838006973085103,-4.0646127545392305
6901028136891,202503,0.0,0.4792569494235366,-1.050882371123955,-3.5749144128768267
6901028136891,202504,0.0,0.24384981154506846,-0.3498869265270001,-0.9915573778229896
6901028136891,202509,0.0,-0.1020391840174355,-0.6740077364959004,-1.6955728756180646
6901028136891,202510,0.0,0.227126416855306,-0.7785393225609071,-2.2635933503447956
6901028136891,202511,0.0,0.01896435555907061,-0.4812311327210494,-1.9149660368538557
6901028138536,202504,0.0,-3.372740941296044,-0.5524608779389614,15.843809033571354
6901028138536,202506,1.0,0.444396707086689,-0.2809008562560041,-19.310901896044392
6901028138536,202602,0.0,-0.9112567841743058,-0.22373317366812084,-3.2925471259986554
6901028138536,202603,0.0,4.593751001816045,-0.14858909774051987,4.374425874682493
6901028138536,202604,0.0,3.452689813082273,-0.11674032393895559,-4.737137115988384
6901028138536,202605,0.0,2.1916926832703325,-0.14584397932960305,-4.437263404707174
6901028138536,202606,0.0,-3.5806201362489247,-0.6108008891039144,2.2810794028103416
6901028141147,202502,0.0,0.9903610071523161,-0.5251704464471708,-4.671330286751574
6901028141147,202503,0.0,0.35618141752680543,-0.5554369845916084,-2.022867392716428
6901028141147,202504,0.0,-0.24557887926937383,0.019572444309247927,-0.6594401018044662
6901028141147,202505,0.0,-1.1408383549658438,0.02889086633960275,0.7952423798133667
6901028141147,202506,0.0,-0.04538122464602168,-0.5790525218407567,-1.9180936114730098
6901028141147,202507,0.0,1.1115912582408143,-1.0338104588813037,-3.1594772789154826
6901028141147,202508,0.0,0.5074588060523411,-0.15351534822117235,-1.5056538713355787
6901028141147,202509,0.0,-0.043794723756690246,0.09236924472276561,-0.8225137593347274
6901028141147,202510,0.0,-0.08001045606233959,-0.005694836095870792,-0.7723340324368931
6901028141147,202602,0.0,-2.2597896050464783,0.07351524138581482,0.8891020994833944
6901028143448,202606,1.0,-5.697938135603891,-0.2625363930952195,-10.998810001118596
6901028143554,202503,0.0,-0.010520234636238968,-0.07667868256713056,-1.218910440372838
6901028143554,202504,0.0,22.525607735664828,-0.19108674208370713,-17.351510216061328
6901028143554,202509,0.0,-1.0172332584626247,-0.08695755869330737,0.36012038749597064
6901028143554,202510,0.0,-1.870830816549585,-0.1805260866110182,0.7103902556095049
6901028143554,202511,0.0,-5.769924329114389,-0.5041628554962948,7.065986535106556
6901028143554,202512,0.0,1.7733103820631229,-0.42057986474954767,-4.310784758657688
6901028143554,202601,0.0,5.517341077325227,-0.2018406993782264,1.19246592368627
6901028143554,202602,0.0,-1.6287845746593703,-0.15586763960020958,-1.117406692919433
6901028143554,202603,0.0,-0.16812119530396075,-0.7071046295719052,-0.02966973504641257
6901028143554,202604,0.0,1.3929225950836894,-0.10234497923461523,-2.8847691190532903
6901028143554,202605,1.0,0.32574982555932763,-0.4187985256758174,2.6762491072352503
6901028143554,202606,0.0,-3.3947822132370646,-0.6897033500558318,1.3544032179388243
6901028145077,202502,0.0,-0.5110372059525332,-0.2508014948224061,-2.5590418917805016
6901028145077,202504,1.0,-0.6877290009781234,-0.9381418923567605,0.9593509346444469
6901028145077,202506,0.0,1.1653340279881874,-0.8112980823717315,-7.265276564425372
6901028145077,202508,1.0,-1.7099302167006414,-0.6866178358192018,-0.6959942278186952
6901028145077,202510,0.0,1.4223395501308573,-0.6839478613000685,-5.703473838866919
6901028145077,202511,0.0,-10.613291641963897,-0.7417708499752853,43.49436643336745
6901028145077,202512,0.0,0.3234460891100355,-0.747696374229046,-4.647207325351133
6901028145077,202601,0.0,10.951219851897797,-0.26235925712279173,-3.3211776645520485
6901028145077,202602,0.0,-3.7073025469885366,-0.5347890539718442,3.781626561947562
6901028145077,202603,0.0,-0.6897884216448844,-1.147581238113723,-1.4884848780385158
6901028145077,202604,0.0,2.782990483229419,-0.29102634713578573,-2.567969992422362
6901028145077,202605,0.0,-0.25678721553499173,-0.6124425186764051,-0.8303982771882068
6901028145077,202606,0.0,-2.683178262310264,-1.1242762480498403,0.992831626764052
6901028145473,202502,0.0,-2.45264070785079,-0.09282299061170342,0.5137485642259991
6901028145473,202506,1.0,13.021963656518771,-0.4086927667676219,0.8581997399480041
6901028145473,202510,0.0,-0.6899463543393978,0.0636866945738246,-4.0889656916494275
6901028149921,202604,0.0,0.003131609884697184,0.3003060335475084,-0.9328631818211907
6901028149921,202605,0.0,0.006429183498752877,0.22084915164090013,-1.2038337842465259
6901028151634,202502,0.0,-0.10673040512018872,0.09227876895725669,-2.5354195094221046
6901028151634,202503,0.0,0.022572639944179684,-0.1425157684279655,-1.7947936727322866
6901028151634,202504,0.0,0.3928420545060618,-0.06119386123477018,-2.132925826322499
6901028151634,202505,0.0,-1.168878793825705,0.16816595604541276,0.8566200700906623
6901028151634,202506,0.0,-22.002141793527315,0.004525515763079552,30.02715628389448
6901028151634,202507,1.0,1.082985343357116,-0.7132933829297976,2.2899050880111704
6901028151634,202508,0.0,21.98098026692262,-0.6646429345473173,-17.90065729200751
6901028151634,202509,0.0,-1.6291358001139713,-0.5807537280009746,0.8992944659911338
6901028151634,202510,0.0,-0.952688694586314,-0.15461077380342028,-0.41425875760626935
6901028151634,202511,0.0,1.7763907972924713,-0.48640155697226484,-3.262051064147392
6901028151634,202512,0.0,0.671048636747237,-0.4653991926354515,-2.53948648024979
6901028151634,202601,0.0,0.20656317145581937,-0.6641166183951516,-2.309258334435989
6901028151634,202602,0.0,-0.22895134105484516,-0.34196747253130444,-2.90329837432414
6901028151634,202603,0.0,-0.09064055398280146,0.17045454998577397,-1.7722131901239848
6901028151634,202604,0.0,0.3637012575543537,-0.5316538504098872,-1.3004752742970382
6901028151634,202605,0.0,0.011457388105817756,-0.054114019737768235,-1.8734907353084749
6901028151634,202606,0.0,0.1274695098883072,-0.5393334178724287,-3.9986013907897124
6901028155557,202502,0.0,-0.4619504735535145,-0.4147233264210488,-0.7227082362957936
6901028155557,202503,0.0,0.973261519381019,-1.1131914375996288,-2.458836935711094
6901028155557,202504,0.0,0.2169850889596816,-1.1487043314821503,-1.3303159286812651
6901028155557,202505,0.0,-0.626511749021887,-0.5912192535725108,-0.9527966013573562
6901028155557,202506,0.0,-0.23664883776013568,-1.241196797409772,-1.7103496359184223
6901028155557,202507,0.0,0.4275515872924558,-0.8602542170661622,-2.1403520476038667
6901028155557,202508,0.0,0.5971057381335712,-1.052948877432883,-2.0403472707404213
6901028155557,202509,0.0,0.1596303580795322,-1.2847761153655188,-4.2465221827328214
6901028155557,202510,0.0,-1.3401096045872833,-1.286724922706957,-2.0173298010510994
6901028155557,202511,0.0,-1.6467646386443064,-0.544128876987856,1.0470841568719436
6901028155557,202512,0.0,1.7088803161278463,-0.8573085571214727,-2.920411325037364
6901028155557,202604,0.0,0.2905115033567043,-0.541161576834272,-1.9340230755572891
6901028155557,202605,0.0,-2.5821176662138683,-0.8034550293072688,2.450950088067762
6901028155557,202606,0.0,-5.262702270426971,-0.4951005102560086,4.448545560936899
6901028159548,202502,0.0,0.11439096953991879,0.28480956607702607,-2.923940253576422
6901028159548,202503,0.0,0.22789717946533017,-0.03215071745824083,-2.567858409053162
6901028159548,202504,0.0,-0.5691466842530701,0.4546663110657817,-0.18609883563538998
6901028159548,202505,0.0,-0.12678391463755645,0.6526891959104739,-1.7484030934546195
6901028159548,202506,0.0,0.2465913891506588,-0.2611342120427419,-2.184685401131506
6901028159548,202507,0.0,0.16467777329945932,0.5497021432947158,-2.032391313802344
6901028159548,202508,0.0,0.4418411293432669,0.14925158964257268,-1.4730295256186576
6901028159548,202509,0.0,-0.20936874053449372,0.3242291114748012,-1.2633139444022987
6901028159548,202510,0.0,-0.05325778504780487,0.4291119832859963,-1.4086830046335295
6901028159548,202512,1.0,-0.1914596336180452,0.4339286382621519,3.7260856693668902
6901028159548,202602,0.0,-0.002145157745772508,0.35522161715889844,-2.9844375856045766
6901028159753,202505,1.0,0.06365200148236738,-0.1113437041276248,2.9066130316673844
6901028159753,202506,0.0,1.1962197835450326,-0.4604303298476773,-4.333547581868098
6901028159753,202507,0.0,-4.882289474574449,-0.23521158228564806,5.9337730527159245
6901028159753,202508,0.0,0.572536057183072,-0.07911415962984189,-2.1857049490182074
6901028159753,202509,0.0,3.166598045138663,-0.4536938919683011,2.1520348040565773
6901028159753,202510,1.0,-0.5391973836502899,-0.6256748135814123,13.385627461514968
6901028159753,202511,0.0,0.3896807124286994,-0.43710585770372445,-0.9754083232244657
6901028159753,202512,1.0,0.48969240600006003,-0.17080379185372982,4.162134648210434
6901028159753,202604,0.0,0.8229558965454231,-0.07456157057073187,-2.5072843859397236
6901028159753,202605,0.0,-0.2056080362261099,-0.2835337933504616,-1.2817253126458814
6901028159753,202606,0.0,-11.643122151686356,-0.18232126855664915,22.785597459849363
6901028160285,202503,1.0,-0.5184441635663077,-0.5084124926110003,1.4746740862726486
6901028160285,202505,0.0,-2.2569624762509974,-0.19277815625984396,1.4709661981194748
6901028160285,202506,0.0,-0.7936356916555383,-0.5916397742958847,-2.102171058334563
6901028160285,202507,0.0,2.5478859166478074,-0.8839815313939281,-2.1419024745835955
6901028160285,202508,0.0,0.8466494773124751,-0.4305182024250905,-2.932385199531236
6901028160285,202509,0.0,-0.884344545907652,-0.4626377490630193,-0.6283926907964323
6901028160285,202602,0.0,-0.19690004040994324,-0.28460287686056407,-2.243387037941967
6901028160285,202603,0.0,0.25722614727531834,-0.616082438685915,-2.2136536588120963
6901028160285,202604,0.0,0.24606650446402512,-0.8007623319884563,-2.130423702444123
6901028160285,202605,0.0,-0.24105046896835347,0.06874541584948014,-1.1931865160376596
6901028160285,202606,0.0,-1.021031242467899,-0.8293706105296592,-2.3630573844750424
6901028162876,202503,1.0,-0.17488155959830465,0.018570469985480287,1.2410985149520344
6901028162876,202505,0.0,-0.05331367368226836,0.4193192732870139,-1.2772199806266777
6901028162876,202506,0.0,-0.9724411674117732,0.05326523907746275,-0.9473310625807392
6901028162876,202507,0.0,-1.6076400055037467,0.07778308718560434,1.4550710562858853
6901028162876,202508,0.0,0.04408572887921025,-0.025402356888319683,0.04906347243531972
6901028162876,202509,0.0,0.08128253354522741,-0.37578167198484175,0.10074083873067341
6901028162876,202510,0.0,0.3786868510566066,-0.4608662775692257,-0.9698896462432145
6901028162876,202511,0.0,1.8606140271094134,-0.2441218626377096,-3.083626310198622
6901028162876,202512,0.0,0.9708462830541293,-0.5378511583277749,-3.581514314407282
6901028162876,202601,0.0,0.044193829402821905,-0.006715864405416716,-4.255774628075567
6901028162876,202602,0.0,-0.08077439360572924,0.4041448410695491,-3.2475775543266305
6901028162876,202603,0.0,-0.7389553901772032,0.059709806554986644,-1.3246759064857054
6901028162876,202604,0.0,0.20022068267424942,0.08598756118241369,-2.073145756201112
6901028162876,202606,1.0,0.10709626740926836,0.08128501395757101,4.575934787112663
6901028165242,202507,0.0,0.9489653585921403,-0.22883748335095766,-4.5087695974225195
6901028165242,202508,0.0,7.182692040657237,-0.11440558080485906,-1.7654549109596451
6901028165242,202509,0.0,-0.9651746540873205,-0.4783347596023033,-0.4782087253788309
6901028165242,202510,0.0,-0.4546632448841521,0.06759986813645583,-0.9362687384228406
6901028165242,202511,0.0,0.8032352802823866,-0.2161410974456962,-2.2272153048304912
6901028165242,202512,0.0,-3.5223845898329174,-0.13552134871625665,5.59953595183847
6901028165242,202601,0.0,-0.04004405685576273,-0.2820345604927683,-1.9050188530602086
6901028165242,202602,1.0,3.699760811429954,-0.14972970886534612,3.041978716220715
6901028165242,202603,0.0,-0.09034321644131182,-0.3322374339600943,-1.9322754555451742
6901028165242,202604,0.0,-0.2792590098291541,-0.2442776376619386,-0.6422514741321514
6901028165242,202605,0.0,-2.8503728978034815,-0.28181594782889763,4.319791324185527
6901028165242,202606,1.0,-11.034616872904529,-0.7153872771077949,-14.410419569834188
6901028165860,202601,0.0,-1.3564908946953693,-0.3159148002316957,5.186527571708281
6901028165860,202603,0.0,19.0643334930409,-0.5879197153007111,-14.549487900465177
6901028165860,202604,0.0,4.141473633686644,-0.27669040082221963,-5.360778056143586
6901028165860,202605,1.0,5.536174989602124,-0.3413908049752882,4.680865129663731
6901028165860,202606,1.0,-1.5645331014832067,-1.043093987818486,4.631042868074259
6901028169967,202606,0.0,-22.97656300336653,-0.30311445424142963,79.33611522158738
6901028172509,202502,0.0,-12.364778376060599,0.1222939146541179,13.193237569758171
6901028172509,202503,0.0,-0.3951010133299562,-0.14144377607118733,-0.7502507798902867
6901028172509,202504,0.0,10.532037243643387,-0.9071804769880837,-7.060947991219784
6901028172509,202505,0.0,-0.28139862344964683,-0.3941381667987427,-2.837848265479547
6901028172509,202506,0.0,1.6476961888605004,-0.4764954713225939,-11.830372187098856
6901028172509,202507,0.0,0.13607721017116603,-0.19247001287593718,-3.6046637033913584
6901028172509,202508,0.0,-2.2486221127758412,-0.10141373346407989,1.4625992704246809
6901028172509,202509,1.0,0.06326146401105603,-0.45230519760473986,3.053338271013123
6901028172509,202510,0.0,1.605915107258646,-0.9071056091480475,-5.2807472152894
6901028172509,202511,0.0,-0.5983409975319063,-0.5918429181155753,-1.5463620986705118
6901028172509,202512,0.0,0.7558965324229163,-0.37189785204886544,-2.887273104077524
6901028172509,202601,0.0,1.0706015547676202,-0.22879141771051192,-3.8541026264878666
6901028172509,202602,0.0,-2.7046473823514745,-0.19440293624690916,0.6146271908674906
6901028172509,202603,0.0,-0.6307337254462198,-0.08639020117304157,-0.38825204488016096
6901028172509,202604,0.0,2.2353113070651105,-0.3377727750828606,-5.330473359039536
6901028172509,202605,0.0,0.5830347487492915,-0.576994865790471,-8.255282888685501
6901028172509,202606,0.0,-0.5338996074410218,-0.4357165292519023,-11.561791777549912
6901028172936,202505,0.0,-21.15914479357676,-0.7411884218372056,46.81056963287258
6901028172936,202506,0.0,1.150502639020857,-0.8902999803306024,-8.663116690962156
6901028177153,202502,1.0,-22.06078358883594,-0.22825083547921143,-31.693498736750488
6901028177153,202504,0.0,6.500282248157557,-1.485981749224294,14.354354188627
6901028177153,202505,1.0,0.2716442027530519,-0.1632460110776821,2.7930936863716362
6901028177153,202506,0.0,16.236877877855523,-1.7665807935527167,-10.553618061344054
6901028177214,202508,0.0,-4.576700541302081,-0.586917962839316,19.54865279277331
6901028177214,202509,0.0,-16.655166423307968,-0.5829042304056065,26.41236813009214
6901028177214,202510,0.0,14.76146496434071,-0.580164841333531,-8.456793997386761
6901028177214,202605,1.0,5.392389862504125,-0.47971120657007726,2.2036921230381994
6901028177214,202606,1.0,-7.79656605114188,-0.4066822715820432,-5.19588936002019
6901028178105,202511,0.0,-1.3869731944230494,-0.6749618286842297,0.42691677815693063
6901028178105,202512,0.0,2.542104502573764,-0.7623922202824384,-5.2091174161139255
6901028178105,202601,0.0,0.22850410201073146,-0.5387599043586401,-2.7894256460902316
6901028178105,202602,0.0,-0.9509725838468412,-0.6170554005353884,-1.7701890460205811
6901028178105,202603,0.0,1.5519306778754327,-0.7048773865204352,-4.901008467597555
6901028178105,202604,0.0,1.015303454847725,-0.845117538028421,-5.262351402965088
6901028178105,202605,0.0,-0.7654895760963356,-0.39245945928034454,-0.9722892761626705
6901028178105,202606,0.0,-0.6529928443590265,-0.8251326731342259,-2.535035239517427
6901028178648,202606,0.0,-6.121962944658215,-0.9077507408183413,12.610922614010224
6901028179270,202502,0.0,-0.06190782391733762,0.09589191462332572,-2.293558077596226
6901028179270,202503,0.0,0.06973706325468498,-0.046249533694669775,-2.199694758141425
6901028179270,202504,0.0,-0.18259092323434345,-0.2618678877182132,-1.8077303930842543
6901028179270,202505,0.0,0.02669440291580827,-0.16292402920127483,-2.287163434778879
6901028179270,202509,0.0,0.9390497946584304,-0.08399423852211055,-3.9633178426743862
6901028179270,202510,0.0,-0.08400684068744368,-0.019074268369398684,-1.053992829789121
6901028179270,202511,0.0,-0.24869165467996623,0.02193835394844995,-0.8812857787046964
6901028179270,202512,0.0,0.20863728885326793,0.15259365004759617,-1.5344746480614206
6901028179270,202601,0.0,0.4385878053546435,0.01941282801111391,-1.549663665052556
6901028179270,202602,0.0,-0.044089156890528614,0.012162804453850928,-3.041268864381876
6901028179270,202603,0.0,-0.05813940856369726,-0.03753647833613327,-0.897921664863766
6901028179270,202604,0.0,-0.10855765028389897,-0.051971536901297855,-0.7875339406309314
6901028179270,202605,0.0,0.10923498622921102,-0.15539000059126096,-2.4069705095783744
6901028179270,202606,0.0,0.1430413793445311,-0.264858561957225,-2.648830208933351
6901028179324,202502,1.0,-9.89057081056432,-0.14342908948147742,-61.7657941750152
6901028179324,202503,0.0,7.301860587472049,-1.1491040480112047,-8.080402159026324
6901028179324,202505,1.0,-4.196983721408984,-0.7644030790349947,-4.620027764035253
6901028179324,202508,1.0,15.427024724770853,-1.329890310216967,0.19958071211092587
6901028179324,202602,0.0,0.03982991789320067,-0.1894575742905803,-3.050652271376282
6901028179324,202603,0.0,-0.007319110392757011,-0.44424505359994393,-1.8042661899941477
6901028179324,202604,0.0,-1.3162083924627694,-0.48662611677665546,0.27611556781861246
6901028179324,202605,0.0,-0.5321672165190705,-0.4647015413395535,-1.9989773530117685
6901028179324,202606,0.0,-0.9944818236071313,-1.0825239675651974,-1.0179175317217928
6901028179348,202502,0.0,-1.8221495556107072,-0.30478979235369236,-1.720017373103056
6901028179348,202503,0.0,-0.34317228082987583,-0.31923944723659653,-0.5801171425999775
6901028179348,202504,0.0,-12.584620319905902,-0.6119904680561938,16.927005909393635
6901028179348,202506,1.0,14.015578575678333,-0.9118577766446014,3.7570854459675953
6901028179348,202508,0.0,0.1972628593812047,0.02506919043938205,-1.6799892519337147
6901028179348,202509,0.0,-0.17305894961064894,-0.036772621583364654,-1.1858024684043968
6901028179348,202510,0.0,-0.44878125203290153,-0.14555823079953994,-1.0022812339138756
6901028179348,202511,0.0,-1.535021637948283,-0.079644698174671,0.5927519665611105
6901028179348,202512,0.0,0.4297453368728412,-0.15005454766828785,-1.954898674709563
6901028179348,202601,0.0,1.390546604416329,-0.4885519908403663,-2.9868944938733617
6901028179348,202602,0.0,-1.4316650577110224,-0.29933568625635965,-2.8187276480513996
6901028179348,202603,0.0,-0.7857559832790315,-0.3176534228866602,-0.241806911769059
6901028179348,202604,0.0,0.9310494132474858,-0.48442337342302144,-2.6622710421883236
6901028179348,202605,0.0,0.3325699046266877,-0.4171211465610308,-3.1108397046418426
6901028179348,202606,0.0,0.13383561580024406,-0.4423790469667519,-2.935234376689282
6901028179492,202503,0.0,0.0691436604953779,-0.07821805682199964,-3.9791077277018614
6901028179492,202504,0.0,0.01957793132259411,0.24226483703286647,-2.6933721725915687
6901028179492,202505,0.0,0.05308912939089794,0.06407160040708693,-2.3963022418758126
6901028179492,202506,0.0,0.0,0.11453157503381647,-3.406571304296217
6901028179492,202507,0.0,0.008657762964958238,0.17080326712249344,-2.6281476904686523
6901028179492,202508,0.0,0.0,0.26261619889809,-2.2059928639945108
6901028180009,202503,1.0,18.952475942338836,-1.2865717733894357,7.248397228874791
6901028180009,202602,0.0,-1.4915623534720766,-0.4537814929617442,-1.6979007643725628
6901028180009,202603,0.0,0.016111948118876285,-0.3199865964656486,-2.4379804877637445
6901028180009,202604,0.0,1.3704401565274367,-0.7707834824200022,-3.8842842931702837
6901028180009,202605,0.0,-2.5158996855634257,-0.685283351120438,0.9423150736188961
6901028180009,202606,0.0,-3.9524525890527684,-0.8740022453135676,5.3909343335571
6901028180580,202502,0.0,-0.3226483452392017,0.39472294144110337,-0.5324950826449948
6901028180580,202503,0.0,-0.16242805701099172,-0.24560397206252305,-0.3577320334684273
6901028180580,202504,0.0,-0.9027038506621281,0.19028152604270707,0.24421426466062351
6901028180580,202505,0.0,-0.6742551052975614,-0.13177121398689656,-0.14255985901648804
6901028180580,202506,0.0,0.9539394560093797,-0.4958097195690822,-3.512165406341502
6901028180580,202507,0.0,0.8659051838374907,-0.10401890237142264,-2.341502224979362
6901028180580,202508,0.0,0.1212264977461075,0.1983162247253995,-1.25539853648733
6901028180580,202509,0.0,0.13298507995975228,0.40932504408638115,-0.8807314677516181
6901028180580,202510,0.0,-0.16276594121646326,0.5093399085488979,-0.6003213234603462
6901028180580,202511,0.0,-0.41598540583861876,0.3798880738265972,-0.30674374832932355
6901028180580,202512,0.0,0.22785681931688373,0.3601524898718391,-0.9949264128797963
6901028180580,202601,0.0,0.28609943876407584,-0.25095753792882725,-0.9732381219363542
6901028180580,202602,0.0,-0.6895088924009372,0.11341012464931657,-0.4342447486875525
6901028180580,202603,0.0,-0.1952040209118877,0.12939714222378448,-0.3750486187301496
6901028180580,202604,0.0,0.23053281613598386,-0.11816051353234,-1.2904388223005303
6901028180580,202605,0.0,-0.07192265086929694,0.21531165940260838,-0.8787419945147541
6901028180580,202606,0.0,0.35662115826472274,-0.19732762089878914,-2.8545105062351044
6901028180603,202503,0.0,-0.17075135729692903,0.2239690798915191,-0.48028317632195533
6901028180603,202504,0.0,0.21708312072090763,0.14667538364921057,-0.7545274795669246
6901028180603,202505,0.0,0.06404925768161007,0.16854168310208864,-0.43274578551506176
6901028180603,202506,0.0,0.03349568154860094,-0.11173232654050065,-1.3505031776850036
6901028180603,202507,0.0,0.02385252822254813,0.12286850738035773,-0.575009222441033
6901028180603,202508,0.0,0.16993158408852338,0.1590951948618243,-0.777387172329109
6901028180603,202509,0.0,0.10845847198732628,0.11397276852228774,-0.6549169804824002
6901028180603,202510,0.0,-0.31096477184534166,0.38629066094566883,-0.12093492010131146
6901028180603,202511,0.0,-2.0411115786748724,0.1095702840932258,1.813357823772082
6901028180603,202512,0.0,0.44043926604865646,0.2333675890341931,-1.1454748506666002
6901028180603,202602,1.0,-0.24008129825503488,0.10854845671370508,2.273942316980993
6901028180603,202604,0.0,0.18595716946419572,0.14450746752393873,-0.703766557333053
6901028180603,202605,0.0,0.18654327566805762,0.31950697304416925,-0.6837593134405832
6901028180603,202606,0.0,0.06309165440437425,-0.1420590752514132,-1.6250261071821188
6901028180788,202602,0.0,1.660250343920353,-0.5181262532316567,-21.514855420629424
6901028180788,202603,0.0,0.3836344171929227,-0.16707067261980107,-4.508419650825418
6901028180788,202604,0.0,0.22631074657115846,-0.11497348121211635,-6.195954248276488
6901028180788,202605,0.0,-0.4739794065956602,-0.047653324943490186,-10.925843599556167
6901028180788,202606,0.0,-3.5988893869594705,0.015366870050899428,6.823909367074312
6901028180818,202502,0.0,-1.2164400213228035,-0.049027690799067575,-1.2805172873664752
6901028180818,202508,0.0,2.111105186722668,-0.08472496794570464,-2.6547829684680093
6901028180818,202509,0.0,-0.3308260923562756,0.03448875431830915,-1.7459099319781448
6901028180818,202510,0.0,-1.0670277157757226,0.1730764214456925,-0.788065561616121
6901028180818,202511,0.0,0.03241285738955213,0.18215034359219295,-0.9411689488892407
6901028180818,202512,0.0,-0.6157115987631272,0.05913767438305807,1.0580872571826248
6901028180818,202601,0.0,-2.0399045949507695,0.12872067091856654,2.413945176884277
6901028180818,202602,0.0,1.0317573063521337,-0.0886909885018672,-2.209925307380373
6901028180818,202603,0.0,0.27637472448984113,0.05745174658491653,2.0136405807625906
6901028180818,202604,0.0,0.042026184989921944,0.06861225104996882,-0.8664715390418669
6901028180818,202605,0.0,1.350681577616733,0.00039323679668605907,0.45506681009662864
6901028180818,202606,0.0,-2.4703094216352284,-0.3608824210424948,0.9660212873485121
6901028181457,202502,0.0,-3.3672406633680225,0.029917668393054264,1.9492878620832228
6901028181457,202503,0.0,-0.20009407546620395,-0.2405392468813029,-1.4033980165053335
6901028181457,202504,0.0,1.2181861018347888,-0.23970027786169062,-2.699950693321693
6901028181457,202505,0.0,-4.001373384195993,-0.3764299299101175,4.610206408364404
6901028181457,202506,0.0,1.7509418084366644,-0.45552331694365916,-10.947947335610476
6901028181457,202507,0.0,4.112350571789058,-0.40344296139601155,-12.507965542853615
6901028181457,202508,0.0,0.26605545579626266,-0.3155986369244926,-3.2608261520379127
6901028181457,202509,0.0,0.025778726955188347,-0.2992772645000914,-2.881325965784963
6901028181457,202602,1.0,-1.8269805974459317,-0.1349524397103724,0.8053222790528716
6901028181457,202603,0.0,0.7550340181108055,-0.2809272176038587,-3.0909141593651372
6901028181457,202604,0.0,1.712946502045007,-0.3853873908584868,-6.153098057176843
6901028181457,202605,0.0,-0.12837025817729852,-0.3611683610220854,-3.172429088139498
6901028181457,202606,0.0,-0.3142822661116753,-0.20088362460549472,-2.7559567187728433
6901028181815,202503,1.0,-7.522469960289975,0.031154931809001987,-11.439454680227845
6901028181815,202505,0.0,6.871102847979053,-1.1982493966402838,-9.854416741452061
6901028181815,202506,0.0,-0.2962653204172483,-0.5957906366435577,0.2229426917799242
6901028181815,202507,0.0,-3.135162638694595,-0.10346436545517707,7.152643707465506
6901028181815,202508,0.0,1.3213124103917764,-0.20857252343872468,-1.63029659500432
6901028181815,202509,0.0,3.345303076136851,-0.8234993834575912,-2.2327801097394353
6901028181815,202510,0.0,-0.13195166072301134,-0.1921565238728576,-2.0612193083191555
6901028181815,202511,0.0,-0.46811247515195475,0.14330783371313605,-0.4441589863058326
6901028181815,202512,0.0,-15.101098490129399,0.09511301810110796,31.399116063216912
6901028181815,202601,1.0,0.2449311127670981,-0.16818495184615895,-0.7567462760743726
6901028181815,202602,0.0,15.080355321204035,-1.2954567980738285,-21.89260779771279
6901028181815,202603,0.0,-0.2222837702249052,-0.12873020069213195,-0.0978236796107172
6901028181815,202604,0.0,-1.333812687566521,-0.08948166893514176,1.2720665635781288
6901028181815,202605,0.0,0.23284744751552466,-0.31556280014094207,0.46775916521100136
6901028181815,202606,0.0,1.3093549274942262,-0.8122747807361851,-2.8925347600178624
6901028182560,202502,0.0,0.11566209387147097,-0.110417257747637,-3.2515854242929096
6901028182560,202503,0.0,0.14915044318362192,-0.21634509849728478,-2.760958699615879
6901028182560,202504,0.0,0.04790360165660701,-0.2728245842428213,-1.8699975991802404
6901028182560,202505,0.0,0.01378131974356478,-0.20902420414136935,-1.964665891264457
6901028182560,202506,0.0,-0.0003445487780311396,-0.2755349170365292,-2.150079420979285
6901028182560,202507,0.0,-0.0008016141128308618,-0.17845476044255984,-1.9043264494932473
6901028182560,202508,0.0,0.0017421380089004401,-0.05881957321078643,-1.8981363379985077
6901028182560,202509,0.0,1.553054957526001e-06,0.09285972770315892,-0.8670902467755
6901028182560,202510,0.0,-0.00777986081067894,-0.1570329193859666,-1.8553944774048172
6901028182560,202511,0.0,-0.21484760870474418,-0.1837577016236806,-1.6608060756825067
6901028182560,202512,0.0,0.002691686728333309,-0.08662937039344876,-1.8323631323957732
6901028182560,202602,1.0,0.004240581935654575,-0.22021345255840857,5.997396428657195
6901028182560,202604,0.0,-0.2754631359025552,-0.011771478658620493,-0.5591797996380657
6901028182560,202605,0.0,-0.0019527050389243072,0.01078518988625754,-0.8641897729565046
6901028184304,202502,1.0,-5.758592705161931,-0.8286036051220811,-5.137794147942731
6901028184304,202602,0.0,1.1368156123955089,-0.9062888080013549,-12.160662081296346
6901028184304,202603,0.0,0.6674142716916691,-0.8501911618629133,-5.11295414169463
6901028184304,202604,0.0,-0.8873811205857294,-0.9042729529912904,-2.0334687050008697
6901028184304,202605,0.0,-0.747472962442032,-0.811753395213298,-2.750395582660456
6901028184304,202606,1.0,-4.71968713536198,-1.2067816808935985,-3.4365178949493576
6901028185912,202502,0.0,-0.16380294525031758,-0.10371396161137361,-2.6883531979764927
6901028185912,202503,0.0,0.09991572507773583,-0.13707701819080653,-1.22393878829077
6901028185912,202504,0.0,-0.09405359283307035,-0.02177158420530312,-1.851068934502945
6901028185912,202505,0.0,-0.08408597263516526,-0.04667106779545155,-1.4992927881712466
6901028185912,202506,0.0,0.16192595100333307,-0.17676191714401418,-2.7106985334161973
6901028185912,202507,0.0,0.14063487965243837,0.09042896259682676,-2.120656996557824
6901028185912,202508,0.0,-0.001250639030764944,-0.1846752764702992,-1.889460821852874
6901028185912,202509,0.0,0.013486256558614684,-0.1155661125506337,-1.7659212184789825
6901028185912,202510,0.0,0.03163241328932287,-0.0255546068926622,-1.5981662569505921
6901028185912,202511,0.0,-0.17662611818863638,-0.05295618101288446,-1.594791340894524
6901028185912,202512,0.0,0.023500555782767663,-0.007753994526860153,-1.408928286665011
6901028185912,202601,0.0,0.022644178595186304,0.012041896915582218,-1.3576628660914802
6901028185912,202602,0.0,-0.34494892786736386,-0.0787176472435398,-2.740361102504009
6901028185912,202603,0.0,0.017609364079383738,-0.06291752843940268,-0.6728815010386273
6901028185912,202604,0.0,0.2655350699534722,-0.005495774261657982,-2.014682971618809
6901028185912,202605,0.0,-0.009488558206058428,0.10485714547064243,-1.6750667896370863
6901028185912,202606,0.0,0.08007502866222183,-0.0917668288746979,-2.4193408430727965
6901028187343,202502,0.0,-0.8863600050122571,0.33322810696064487,-2.5239983878465333
6901028187343,202507,0.0,0.6183523434458493,-0.7153704162314086,-2.587617450979439
6901028187343,202509,0.0,-0.4443619828692249,-0.527877947226186,-0.7633742842614477
6901028187343,202602,0.0,-0.6318962430468815,-0.41283554319839927,-1.2328120194240726
6901028187343,202603,0.0,-2.739206495185691,0.22535302207391023,1.6270392023547717
6901028187343,202604,0.0,1.2373384016077154,-0.204347005514051,-2.039398688735161
6901028187343,202605,0.0,2.4030042183177542,-0.11967480081872775,-2.8514286942535163
6901028187343,202606,0.0,-0.3471339823621804,-0.29458508135963285,-2.214700624925557
6901028187855,202502,1.0,-0.7243859569127267,-0.7225494940221939,3.7665744110263093
6901028187855,202503,0.0,1.3184063341104064,-0.7278702460171528,-6.1288192734530424
6901028187855,202605,0.0,-2.260478236569085,-0.501131228838224,-0.9228061131419327
6901028187855,202606,0.0,-5.071279387703747,-0.2226364692721264,24.028255024417174
6901028188029,202509,0.0,1.1645693987307695,-0.5098294177017679,-3.2932280349044625
6901028188029,202602,0.0,-0.28841641547951724,-0.3391292352541993,-3.989639825160043
6901028188029,202603,0.0,0.03665757821120508,-0.4257189511543367,-2.190400964790794
6901028188029,202604,0.0,-1.332800232581043,-0.4571634820510602,-0.3198555105364289
6901028188029,202605,0.0,-0.5832105927879709,-0.36189470601602003,-2.2562102582421195
6901028188029,202606,0.0,1.0932453572832443,-0.6640771858237177,-5.696992274998967
6901028188081,202502,0.0,-0.22109521988218006,0.4730562995237464,-2.5143702599243465
6901028188081,202503,0.0,-5.225077758009249,-0.44200443221640845,7.5063165733717305
6901028188081,202504,0.0,0.3148285754312852,-0.07639411676274771,-0.8921742405625093
6901028188081,202505,0.0,5.335459630524873,-0.780279579819686,-5.411337879593022
6901028188081,202506,0.0,-0.3094003955032463,-0.2774247671399207,-2.907210019925105
6901028188081,202507,0.0,-0.11948153689483121,0.053765487327093214,-1.1775287118333324
6901028188081,202508,0.0,0.2512241269512856,0.05646958262230897,-1.0101526442629138
6901028188081,202509,0.0,-0.15843343024657486,0.034877215231789355,-0.6307404991937345
6901028188081,202602,0.0,-0.5928464804254716,0.347855730517068,-1.1708325327215992
6901028188081,202603,0.0,0.015760288056405614,0.11675062447505846,-0.6819140598956042
6901028188081,202604,0.0,0.2754092617605153,-0.39317127464608126,-0.5183593536256015
6901028188081,202605,0.0,-0.4182181008683017,0.08914434115613908,-0.8077239014823061
6901028188081,202606,0.0,0.19777490424801414,-0.3700475335908602,-2.7784438480179827
6901028190602,202502,0.0,-0.29953175885767536,0.40904879249851034,-1.7882439261319931
6901028190602,202503,0.0,-2.015393089710237,-0.42086243530950085,1.8906841485948271
6901028190602,202504,0.0,0.394533510305223,-0.2174471809341947,-1.3446404849397653
6901028190602,202505,0.0,2.0155917762762883,-0.5576590262290219,-3.658182060827146
6901028190602,202506,0.0,-0.2327465719922941,-0.03909963609055542,-2.6948761336977944
6901028190602,202507,0.0,-0.20417503691946592,0.12961548883463792,-0.4373554459673832
6901028190602,202508,0.0,0.21537286827720692,-0.3017447151873832,-1.2976236575277702
6901028190602,202509,0.0,0.29131343018002553,-0.5216467573025784,-1.3174621802229178
6901028190602,202510,0.0,-1.027670291769084,0.19818290314830936,0.06554197445150084
6901028190602,202511,0.0,-0.010965729295087101,0.3282746200212615,-1.0515918797285453
6901028190602,202512,0.0,0.990561848009925,-1.141819507511533,-2.7475830198866005
6901028190602,202601,0.0,-0.0919562003618708,0.23719033512787116,-1.7610390151514057
6901028190602,202602,0.0,-0.5524938309942158,0.19500763585246134,-1.0814912222563478
6901028190602,202603,0.0,-0.2636276762649459,-0.12529534727494024,-0.6942324578277836
6901028190602,202604,0.0,0.6307548459812864,-0.36780709727663546,-1.4160853637188984
6901028190602,202605,0.0,0.399282505999075,0.0020779047871856415,-1.684400508535992
6901028190602,202606,0.0,-0.07804749815867495,-0.14998706670820186,-2.860205675395243
6901028193504,202502,0.0,0.0407727239456932,-0.6463087261637799,-0.769232414224428
6901028193504,202503,0.0,6.195048183031432,-0.9197544753802077,-6.432263332194095
6901028193504,202508,0.0,15.466930528643438,-1.2896291250945693,-12.36458382114267
6901028193504,202509,0.0,-0.009387927433799348,-0.29047865354261093,0.30933215758551724
6901028193504,202510,0.0,-7.637195779921008,0.1004786384497076,9.0491934598803
6901028193504,202602,0.0,1.4638465859938137,-0.33183931232263386,-1.2433664043290853
6901028193504,202603,0.0,-5.353817229138151,-0.35198786605118026,4.5321905166398
6901028193504,202604,0.0,-9.242578435005434,-0.23657789843736438,17.156015731092396
6901028193504,202605,0.0,4.503407966722861,-0.02448215852008438,-6.930244072241526
6901028193504,202606,0.0,10.104244107213091,-0.9740556863673298,0.7742891805377479
6901028196024,202604,0.0,1.1096820730506067,-0.9394138628366592,-2.870913043957166
6901028196024,202605,0.0,3.515138162497607,-0.9573925153225049,-5.791867818999703
6901028204026,202605,0.0,0.03419689234124945,-0.2658927038087003,2.124813030845055
6901028204026,202606,0.0,6.29516805437202,-1.5293903126257624,22.14441578953332
6901028204835,202503,1.0,-6.6447829600915895,-0.2683374846504977,-11.703215883110225
6901028204835,202508,0.0,4.685579591971035,-0.39772258201851096,-10.112247762296226
6901028204835,202509,0.0,2.082391287163091,-0.0022520461518998336,-3.86583363766773
6901028204835,202510,0.0,-0.8355183074635448,-0.25310708328168247,-2.049920550019788
6901028207508,202502,1.0,-0.31661068497482603,-0.09497707038704967,6.467515811032862
6901028207508,202504,0.0,0.22766722243286353,-0.3415532981429053,-2.9518357085695532
6901028207508,202505,0.0,0.02950662152642991,-0.24455775011404696,-2.8664351592019663
6901028207508,202506,0.0,-0.6891666685371618,-0.482111385128751,-0.9352477948008069
6901028207508,202507,1.0,-3.0454198720768346,-0.33214631004173656,-4.886488673641668
6901028207508,202509,1.0,2.9827400384819,-0.2869306833906116,8.753038873867844
6901028207508,202511,1.0,-0.3253388158175312,-0.12790762346173262,1.7273310524915286
6901028207508,202512,0.0,0.7441980418263796,-0.4456637666623492,-4.407348980979177
6901028207508,202601,0.0,0.3148466314824887,-0.34124980399682187,-4.3769199072364104
6901028207508,202602,0.0,-2.066599606043283,-0.4526223674127057,0.37463987298212087
6901028207508,202603,1.0,-1.5283977581319235,-0.1017625643833221,-1.3670459106055088
6901028207508,202604,0.0,0.2901411088937138,-0.34438087682519475,-1.5268883997095923
6901028207508,202605,0.0,0.0968662299318126,-0.4011574705532559,-3.4726798484870542
6901028207508,202606,1.0,1.277995214489529,-0.15969347461847788,4.085925605505402
6901028211352,202502,1.0,-0.6734469325465682,-0.11676047529649405,0.8882425930642543
6901028211352,202503,0.0,5.14340843205764,-1.2478700189823835,-5.588751262512479
6901028211352,202504,0.0,0.7952594457740929,-0.6959010931242091,-2.661025578979598
6901028211352,202505,0.0,-0.9062618048109314,-0.25369246880011975,0.29747258707541113
6901028211352,202506,1.0,-0.06376811037736019,-0.25755792626504304,7.181449519563532
6901028211352,202507,0.0,1.1570823922112368,-0.9982066020014725,-3.023486853718156
6901028211352,202508,0.0,-0.03103362988741054,-0.37055556183815425,-1.1035866300644115
6901028211352,202509,0.0,-0.12362511752787242,-0.3135807941588916,-0.21921217205190208
6901028211352,202510,0.0,-0.10770513309100949,-0.23817411784060077,-0.7026829066126888
6901028211352,202512,1.0,0.25079248546252586,-0.1887590840449341,2.2270219188999762
6901028211352,202602,0.0,0.024812335113878703,0.15023334671329613,-1.2489271386591683
6901028211352,202603,0.0,0.4417310789270914,-0.5988017133598948,-0.6064356190744931
6901028211352,202604,0.0,-0.0021728006126835453,0.1624249554786757,-0.9569275110176869
6901028211352,202605,0.0,0.2630032131219622,-0.17328221131367533,-0.6957426534363575
6901028211352,202606,0.0,-0.2318979961147889,-0.3378019407948157,-2.5271910518084795
6901028212229,202601,1.0,1.7809535478455132,-0.459554163003086,3.6025086543435294
6901028212229,202602,0.0,0.07972904412400794,-0.7322521068347573,-15.867778938392053
6901028212229,202603,0.0,-0.5116918193385516,-0.3526324574617776,-3.130103079257808
6901028212229,202604,0.0,0.729925693550868,-0.38233242458787475,-4.277341190686221
6901028212229,202605,0.0,0.1343929998675435,-0.42146972847456476,-4.59720768778625
6901028216166,202502,0.0,-0.4522703522989815,0.08726504033052655,-1.5688442435508037
6901028216166,202503,0.0,-0.32009825623389787,-0.36620852745101384,1.6070790879962482
6901028216166,202504,0.0,-0.49674705823356646,0.021660157501346006,0.628579985472656
6901028216166,202508,0.0,0.23643173467772272,0.22024291237236948,0.2251625486766433
6901028216166,202509,0.0,-0.5681545737605944,-0.34323054047527457,-0.36890557564508275
6901028216166,202510,0.0,0.32080813242716033,-0.14540181664265917,-0.8069131414665485
6901028216166,202511,0.0,0.17599269630975556,-0.2386273503177151,0.6578393550542267
6901028216166,202512,0.0,-0.16881087946971718,0.1357587013857217,-0.5320365101583078
6901028216166,202601,0.0,0.28491688568635,0.1952088816704321,0.33584513031518837
6901028216166,202602,0.0,-1.1068138580409936,-0.13390730047661237,1.0294868467085458
6901028216166,202603,0.0,0.07050785144675586,-0.3549596715482535,-1.2140803562628295
6901028216166,202604,1.0,1.063476611136501,-0.05789453838994409,2.002979226514847
6901028216166,202605,0.0,1.0180482110184599,-0.07765964458904054,-2.818360459150046
6901028216166,202606,0.0,-0.31227007412501706,-0.6147959683185147,-2.612811352653532
6901028218153,202605,0.0,0.3854730021681547,-0.7194735608389834,-10.352000650537482
6901028218153,202606,0.0,0.06865035116470608,-0.5636152664969196,-10.799060183274438
6901028218184,202502,0.0,-0.6402843359738455,-0.11042774069684741,-2.555302007127156
6901028218603,202502,0.0,-0.6203168853743364,-0.2961161485766646,-4.128353014551081
6901028218603,202503,1.0,0.5891067010210094,-0.20256628198939058,2.9348368145111
6901028218603,202508,0.0,5.210452199784356,-0.4521182279030672,-2.872598697110434
6901028218603,202602,0.0,-0.14405830138852593,-0.2340141768033191,-4.362860894571206
6901028218603,202603,0.0,0.3246125823702073,-0.31685301756275164,-3.389724874619306
6901028218603,202604,0.0,0.14689438538995603,-0.38484436187834603,-3.8717849528302737
6901028218603,202605,0.0,-0.36137329869951884,-0.2510936550604429,-3.7022806578907126
6901028218603,202606,0.0,-1.511362541927852,-0.33242375408628255,-1.9625522718686785
6901028218634,202602,0.0,-2.9836424810161333,-0.82222088550969,1.48249297398216
6901028218634,202603,1.0,0.7567678750721853,-0.8373498399970007,5.492474637868897
6901028218634,202605,1.0,-7.081636503655261,-0.6993622603876516,-8.153778213139306
6901028218757,202502,0.0,-0.07979333050711546,-0.2679113066705604,-4.343943775818408
6901028218757,202506,0.0,2.749991968683233,-0.4453791449953892,-11.655897893688394
6901028218757,202603,0.0,-1.6832928104330662,-0.1424526158391431,0.40741159143009453
6901028218757,202606,0.0,1.3534922421960829,-0.36873670723189456,-6.074251833107532
6901028218900,202603,0.0,0.3696626691014302,-0.7254031057949432,-7.625816070875023
6901028218900,202604,0.0,8.945296073817623,-0.5281651969849265,-4.21836731511188
6901028218900,202605,0.0,-1.071206498997995,-0.314828085362283,-3.8788430459902745
6901028218900,202606,0.0,-0.4327664381616074,-0.4658537932561249,0.24233343895891135
6901028219174,202502,0.0,-0.8587596031438949,-0.10882825775649979,-1.6573534103626948
6901028219174,202504,1.0,-0.8383292634965045,-0.4588147592009842,3.874614845385419
6901028219174,202506,0.0,-4.003561682382454,-0.5768941450958434,3.181352368479139
6901028219174,202508,1.0,5.171488205424822,-0.3955234808373262,22.830062479246685
6901028219174,202602,1.0,-0.9044719987481216,-0.16525700569453522,5.68006243502375
6901028219174,202603,0.0,-1.904175146461867,-0.44499499059422376,1.736404110927988
6901028219174,202604,0.0,-0.14932305623197806,-0.3462663248412568,-1.7029788006372615
6901028219174,202605,0.0,1.0794105940860916,-0.41300612893905125,-2.402666969337318
6901028219174,202606,0.0,0.34645228107508785,-0.5683702303927347,-4.473484743886705
6901028221351,202503,1.0,-4.31599915921521,-0.31084312588677165,-7.361700362190759
6901028221351,202505,0.0,-4.645403116736354,-0.42049344708542125,30.36483884668691
6901028221351,202506,0.0,-0.5566536823600003,-0.5981379662302461,-4.789254292268037
6901028221450,202502,0.0,-17.079814414791535,-0.3234693622780696,33.857649297712925
6901028221450,202503,1.0,-0.38787436744129167,-0.9606086630736476,2.0282381604499156
6901028221450,202504,0.0,15.479620776416489,-1.2122156559145527,-10.607782883110508
6901028221450,202506,1.0,-3.3055518026821744,-1.065157038825382,-4.138300076870195
6901028221450,202508,0.0,3.4411640259682414,-0.9376824944322905,-4.539820501921481
6901028221450,202509,0.0,0.6452771797048911,-1.0783883178304299,-4.967057228842628
6901028221450,202510,0.0,-3.2969513681122464,-1.2007678381119582,2.9752927146583943
6901028221450,202511,0.0,-1.3737556659115029,-0.536647173964729,-0.18437004507895544
6901028221450,202512,0.0,4.677573692688405,-0.6794124990073994,-5.792153563991138
6901028221450,202601,0.0,0.12626129307480483,-0.5144696266848525,-2.799119766074765
6901028221450,202602,0.0,-1.4917670925236735,-0.8871836095037862,-1.4388482873998327
6901028221450,202603,0.0,0.8813782966064636,-1.0652384854675954,-3.4122912875291274
6901028221450,202604,0.0,1.556122371993517,-1.34585206974111,-5.6912101503615204
6901028221450,202605,0.0,0.2612358765974747,-0.9270376228716364,-3.7732109381393664
6901028221450,202606,0.0,-2.9440368680747966,-1.0323723144864188,0.9837412134971983
6901028224079,202502,0.0,-0.596263677142943,0.09340620350410986,-2.4502134552881376
6901028224079,202504,0.0,-0.2082087607470271,0.06377927124163241,-1.3495081745889734
6901028224079,202505,0.0,0.961249027066664,-0.25799609904188214,-2.7281374360920245
6901028224079,202506,0.0,-7.585495233125833,0.05414084287054807,14.77371140121486
6901028224079,202507,0.0,-0.12370577625989654,0.40584189650577795,-0.9137142290199946
6901028224079,202508,0.0,7.841645680570444,-0.7545415735943436,-4.881396571839508
6901028224079,202509,0.0,-0.24249714784187404,-0.14358528728369943,-1.40096064366984
6901028224079,202510,0.0,-2.2303561565077175,0.27351492548144873,1.8887394881758186
6901028224079,202511,0.0,-0.3126483569602385,-0.01060397989969769,-0.22438385945063855
6901028224079,202512,0.0,1.6664635696476893,-0.27106791910153183,-2.5677390147820076
6901028224079,202601,0.0,0.1826088429113355,-0.045925186144362376,-1.0858535934104525
6901028224079,202602,0.0,-2.4613698395343135,-0.10239164575424914,1.0581032636736984
6901028224079,202603,0.0,-0.25794353401695247,-0.3682595458649287,-1.7674440411013537
6901028224079,202604,0.0,2.6353982170960677,-0.0017219205138815918,-2.0633697223946337
6901028224079,202605,0.0,0.35218028450602645,-0.11485491656344843,-2.751013002992405
6901028224079,202606,0.0,-1.5025407496386336,-0.3341860675167947,-1.2130755873535568
6901028224642,202502,0.0,-2.60209085084211,0.34727810939997006,1.9983474130996135
6901028224642,202503,0.0,2.0969825102862885,-0.39371181200091593,-0.7740011746916226
6901028224642,202504,0.0,1.792908081528502,-0.3438016830730958,-0.2660850846834087
6901028224642,202505,0.0,-3.3920839005723025,0.08670346349758168,3.6922165887168727
6901028224642,202506,0.0,0.5122483452348163,-0.31574316190089025,-2.213286378116289
6901028224642,202507,0.0,2.7163780070642574,-0.30518755353671106,-1.0885867689990931
6901028224642,202508,0.0,-0.9267120152817796,-0.29147692771130146,0.4186867615362899
6901028224642,202509,0.0,0.7233006149715351,-0.3648136643317029,-1.3190310790121071
6901028224642,202510,0.0,0.5804576218773931,-0.42479564474454923,-1.8860877968527578
6901028224642,202511,0.0,-1.2893545482782685,0.18881801017491126,0.7320484467602291
6901028224642,202512,0.0,0.7984347609075826,0.07603256108729392,-1.5456184563648876
6901028224642,202601,0.0,0.763798753541181,-0.24849681375367288,-1.3383642483196727
6901028224642,202602,0.0,-11.895299645907969,0.12005029824635952,16.457899070028105
6901028224642,202603,0.0,-0.46995809623954443,-0.10044066474855749,-0.23420052262888003
6901028224642,202604,0.0,11.392233947306913,-0.70851744749561,-6.005015650242527
6901028224642,202605,0.0,-0.46906378583386044,-0.2990149578426649,-0.03133810741304653
6901028224642,202606,0.0,-0.8881676095219717,-0.2703485717791598,0.07506378648803297
6901028225175,202502,0.0,-0.19846680440350184,-0.038399346442367296,-1.8253113422239309
6901028225175,202503,0.0,1.6579887313795254,-0.3682377937783383,-1.9889473012171928
6901028225175,202504,0.0,-0.08646899598853253,0.26698773196846687,-0.9164215297689959
6901028225175,202505,0.0,-0.8369759032629531,0.16584081774420228,0.2585000749605287
6901028225175,202506,0.0,-7.5240549472925835,-0.3656353762118273,12.235311210357917
6901028225175,202507,0.0,0.7666985634919001,-0.35164964091786377,-1.6705783850848657
6901028225175,202508,0.0,7.879056844770027,-1.2447296233268528,-5.800086462134711
6901028225175,202509,0.0,-0.8527930803160686,0.053166686114500455,-0.8624455850453014
6901028225175,202510,0.0,-0.2574108796477006,0.16666391945183176,-1.2258203552524365
6901028225175,202511,0.0,0.8990067419080887,-0.365968138336862,-1.912039374011753
6901028225175,202512,0.0,0.2776845705871409,0.3657670883750168,-1.6131431622530368
6901028225175,202601,0.0,-0.4303614460387095,-0.009156635964428839,-0.1436440137901098
6901028225175,202602,0.0,-0.35210708448986594,-0.020133742434976176,-1.763433614413084
6901028225175,202603,0.0,0.18184720617265526,-0.33088257688399225,-0.5002167695396839
6901028225175,202604,0.0,0.14438301077292692,0.06230246812895139,-1.5843524203343617
6901028225175,202605,0.0,0.07521906161400693,0.1750389142351486,-0.9930855609388746
6901028225175,202606,0.0,-0.13741955269576067,-0.34837090522763003,-2.0434484975857155
6901028227285,202502,0.0,-0.8020946704080103,0.22045837680676225,-1.3388399714399637
6901028227285,202503,0.0,-0.18347120732729394,0.06371933516152278,-0.2814857830544065
6901028227285,202504,0.0,0.1609365458068055,-0.11195750702461355,-0.8181872707150464
6901028227285,202505,0.0,-0.21885677627662403,0.13239924926854862,-0.6968521339558922
6901028227285,202506,0.0,-1.3508485676633981,-0.010717055914327506,-0.1936590600111729
6901028227285,202507,0.0,-0.583609975173907,0.14031220224959146,0.2097641485575362
6901028227285,202508,0.0,1.3640145523034448,-0.28984546801892463,-2.371904760418528
6901028227285,202509,0.0,-0.15203038519330647,-0.6376279965770025,-1.6597926926340578
6901028227285,202510,0.0,-0.2652615057240766,-0.2564182190545235,-0.6079386627203829
6901028227285,202511,0.0,-4.686192341832722,-0.4402384458089009,6.175076148258052
6901028227285,202512,0.0,0.23222058979550297,-0.5479296631660987,-2.032353758156687
6901028227285,202601,0.0,3.091598317453858,-0.4474460937853556,7.448531977777043
6901028227285,202602,0.0,-8.311086173161868,-0.4669648929236303,9.026146589879257
6901028227285,202603,0.0,-2.285873574475275,-0.2457226337329112,3.9010921984675986
6901028227285,202604,0.0,7.6795427179278875,-0.10958501927570533,-2.0491698106889005
6901028227285,202605,1.0,2.636701702050651,0.07165518428182358,1.7338169555656027
6901028227285,202606,0.0,-8.436749708450023,-0.7761244222724011,10.067966978460213
6901028229074,202504,1.0,0.9367378481664801,-0.058711319113377375,-23.09663518671681
6901028229074,202508,0.0,0.6452866533231685,-1.0723755911361306,-3.8484473495318303
6901028229074,202509,0.0,0.9374363406686612,-1.4680631828800244,-5.699227012744874
6901028229074,202510,0.0,-0.0011422223915431573,-0.5732889956320376,-2.6308280081159796
6901028229074,202511,0.0,-3.6026514778250487,-0.9525068243238033,3.4945368083477595
6901028229074,202512,0.0,0.23282506794085123,-0.9819335537510316,-3.1897893257670384
6901028229074,202601,0.0,3.4342387834262595,-1.012669533853741,-4.503692181384558
6901028229074,202602,0.0,-5.675449943387854,-0.5563079626232682,8.835576102244463
6901028229074,202603,0.0,-8.517460135818084,-0.5789653972177983,11.404625381126921
6901028229074,202604,0.0,2.6704414145459907,-0.47415557968476707,-0.6892208665253764
6901028229074,202605,0.0,3.572954825086285,-0.45614173418768655,6.984038104574193
6901028229074,202606,1.0,-1.0787629414829638,-0.679494045288199,0.8923274097940908
6901028230186,202603,0.0,2.138009352517905,-0.3908352632947759,-2.1122376214316905
6901028230186,202604,0.0,0.2686660018383833,-0.6952370457716218,-3.4361749453465196
6901028230186,202605,0.0,-0.18627258598494478,-0.33675985708029155,-1.7764080906694373
6901028230186,202606,0.0,-0.0838497777217384,-0.2968672895551249,-4.84305942507102
6901028241410,202602,0.0,-0.886356228917478,-0.28351056091833027,-2.9710051307136167
6901028241410,202603,0.0,10.580831410078915,-0.5398798904267151,-9.531748261793691
6901028241410,202604,0.0,0.7113479245883383,-0.12245965930449458,-5.356769854514227
6901028241410,202605,0.0,-0.9508017360799812,-0.3680306616846617,-2.755081557872958
6901028241410,202606,0.0,-0.19151047816389166,-0.5400836728056679,-6.674154502054576
6901028242066,202503,1.0,8.461241583899493,-0.5430488112217629,1.3785002444591994
6901028242066,202602,0.0,4.598441170960285,-0.5563942271128871,-21.522173006687282
6901028242066,202603,0.0,-2.0046970272576203,-0.6155013013816529,-1.333547354628203
6901028242066,202604,1.0,-7.513736431784139,-0.5332600847295791,-10.822406062166634
6901028242066,202606,1.0,-11.473211826909008,-0.42486331021314494,-25.476125506812846
6901028247375,202508,0.0,3.781932239522469,-0.06896145145650134,-1.2057431270915515
6901028247375,202509,0.0,-0.5375890272568142,-0.10281699314472101,-4.311150059971633
6901028247375,202510,0.0,0.6182235566872691,0.13250808548807227,-3.1145606245364927
6901028247375,202511,0.0,0.5886436150128063,0.2627318426466387,-3.5437096900951133
6901028247375,202601,1.0,-0.3523647790279938,-0.17449345228214688,7.790371973550583
6901028247375,202602,0.0,-0.12732300619398984,-0.36552687438399556,-6.105268669734043
6901028247375,202603,0.0,-0.9328979625194407,-0.1688470844756039,-1.9487946039819164
6901028247375,202604,1.0,-1.0354216463946244,-0.41021508120196404,2.223871575368561
6901028247375,202605,0.0,-1.6699892337547837,-0.3427878478737739,0.47606449748279434
6901028247375,202606,1.0,-4.186843668380199,-0.14705868287083174,-3.1451672090794105
6901028252959,202509,0.0,-4.0360414289718065,-1.105923945521079,2.9826353434599095
6901028252959,202512,0.0,-1.000908725615723,-0.8249481378490655,0.8350659154851094
6901028252959,202601,1.0,2.2356607954527092,-1.0785217605695765,4.486933972438121
6901028252959,202602,0.0,0.18177437080662173,-0.9985968089120725,-10.438694582860846
6901028252959,202603,0.0,1.6822826173048568,-0.6756765920440296,-4.6531278136170835
6901028252959,202604,0.0,0.8964519994020534,-0.8070537062252492,-5.201084489483108
6901028252959,202605,0.0,-0.3761601194587172,-0.7484537621440082,-3.5278979156712538
6901028252959,202606,1.0,-2.967560984570504,-1.0657352844019712,-0.27624952010355885
6901028268950,202602,0.0,-22.97850706634984,-0.3138830170647531,66.9974763892388
6901028268950,202603,0.0,-5.8341905875599736,-0.6259884595403573,9.081737586874372
6901028268950,202605,0.0,6.033345046026405,-0.24258739221008907,-4.2580177816380065
6901028268950,202606,0.0,-2.5003720357834,-0.6764234662061153,0.20169193632030424
6901028268981,202603,0.0,-5.369675487449747,-1.0836648397639406,3.2139147596131603
6901028268981,202604,1.0,0.3187347754206584,-0.9359218974577466,8.999166642017121
6901028268981,202605,0.0,4.609846036185061,-1.3477765874983805,-8.701939986636953
6901028268981,202606,0.0,-0.6445026603203345,-1.1096612082510016,-16.252888051556262
6901028271547,202602,0.0,0.8096024030735549,-0.08705243610042496,-12.548079021949345
6901028271547,202604,0.0,-0.14321785275328125,-0.24035916461565265,-3.989098652863302
6901028271547,202605,0.0,-1.5605522666722749,-0.003269172066107308,-0.18346985220325873
6901028271547,202606,0.0,-0.9812104880689105,0.27673121425347563,-4.089521197876223
6901028275668,202602,0.0,-3.1470091518757783,-0.11911353794788737,8.581646388280857
6901028275668,202604,0.0,2.2290673180842617,0.03308150229478646,-1.6810405558134884
6901028275668,202605,0.0,-0.34102435791953667,-0.38079310567281865,-3.415658455877285
6901028275668,202606,0.0,2.720811977674714,-0.035780310599233145,-9.743558511025071
6901028312356,202602,0.0,-13.077026228033048,-0.8584703068933734,63.56636620117972
6901028312356,202603,0.0,12.390614582413384,-1.4303984415615307,6.002157103244382
6901028312356,202604,0.0,12.295218629064806,-1.4282547935497893,-2.2026618082376874
6901028312356,202606,0.0,-12.364148321634275,-1.4561269859489157,118.61434329910983
6901028314459,202502,0.0,-2.3494761398659563,-0.9452622760984289,-0.02242298298797074
6901028314459,202503,0.0,0.9305286204796346,-0.9517844347379136,-4.082832922259038
6901028314459,202504,1.0,2.165038116253271,-0.6773624099002594,5.583811190156348
6901028314459,202505,0.0,-4.3922422132306735,-1.028319614162885,4.72506924310118
6901028314459,202506,0.0,1.3439154145845436,-1.3000670116972184,-11.082404901776483
6901028314985,202502,0.0,-0.3070274496376655,0.17815076429424728,-4.097796356817674
6901028314985,202503,0.0,-0.032504680044162626,0.17817094308758913,-2.589205027774294
6901028314985,202504,0.0,0.08438506167453141,0.24213939781807498,-0.8386124087650388
6901028314985,202505,0.0,-0.08110322957843152,0.21408550439065357,-1.1663056135891239
6901028314985,202506,0.0,0.23619845343655044,-0.06357908601976611,-2.7948084971355183
6901028314985,202507,0.0,0.14868295221480565,-0.12638294698747837,-1.8275408919067782
6901028314985,202508,0.0,0.01618237754113494,0.12495263677101942,-1.0968206147875406
6901028314985,202509,0.0,-0.007233153124815317,0.3735539757877067,-0.7490424117966135
6901028314985,202602,1.0,-0.17131207987198138,0.4094512199016759,2.333341091493593
6901028314985,202604,1.0,0.05643366810130601,0.32309464529855025,1.352975481848769
6901028314985,202606,0.0,0.045278060560342226,0.13447607359629812,-2.7358497255917147
6901028315432,202502,0.0,-0.18254723462935374,0.28192768807643165,-2.2930247610236187
6901028315432,202503,0.0,-0.0741296291046254,-0.46025390719798126,1.1860987571496002
6901028315432,202504,0.0,0.18866459041204564,0.31591889495074615,-1.3540773127074777
6901028315432,202505,0.0,0.8599401420788411,-0.3954431272754072,-1.7986063805094084
6901028317177,202502,0.0,-10.046188582267739,-0.19329969085250726,12.939891122046621
6901028317177,202503,0.0,0.3295648873714825,-0.40271560043524157,-2.3317114124615386
6901028317177,202504,0.0,8.360879475022621,-1.0829393113175463,-2.9890925082211544
6901028317177,202505,0.0,-0.39843886928399286,-0.4378829799058015,-1.6404680499794668
6901028317177,202506,0.0,1.230689349037327,-0.9920619697089894,-2.4289051839535496
6901028317177,202507,0.0,-1.072058073872725,-0.05934602314494947,-0.16931397715136587
6901028317177,202508,0.0,0.23941085527687989,-0.08795837530762196,-1.4664796595774887
6901028317177,202509,0.0,0.5182753277679097,-0.47199200805815494,-1.881241904961941
6901028317177,202510,0.0,-2.68956808466654,-0.39486720777420675,1.354111029645106
6901028317177,202511,0.0,-6.637635323205494,-0.5766996194526919,7.177241148641446
6901028317177,202512,0.0,2.678957200996159,-0.6699858252107228,-3.155042019597068
6901028317177,202601,0.0,5.723854459385208,-1.0835220123855498,-3.8393274998690465
6901028317177,202602,0.0,-0.7514548483607797,-0.48454648445565085,-4.005441322642569
6901028317177,202603,0.0,0.3243629249114335,-0.421179091716578,-0.8313767936414571
6901028317177,202604,0.0,-0.013964709145042775,-0.3348684461749387,-1.9972616207740024
6901028317177,202605,0.0,-1.4895823266746788,-0.12807390810139826,1.5044432845328324
6901028317177,202606,1.0,-11.218082228891518,-0.5545454244529848,-21.3939537961296
6901028324830,202507,1.0,1.1241516915619698,-0.12479029726951527,3.240095868601735
6901028324830,202508,0.0,0.6599734236433648,-0.326955209031892,-4.051369058032151
6901028324830,202602,0.0,-0.5176774289562971,-0.284589578627086,-2.869494664040239
6901028324830,202603,0.0,5.340209030634362,-0.42232912115518473,-3.6882302726099545
6901028324830,202604,0.0,1.375821697957896,-0.231198365524109,-2.802303997337692
6901028324830,202605,0.0,-3.0108969591333974,-0.20668420886044478,2.0650509122859555
6901028324830,202606,1.0,-9.28881442617272,-0.4232459496467889,-11.036817314028387
6901028325257,202603,0.0,2.374414484141994,-1.0471343518336749,-7.746047253313865
6901028325257,202604,0.0,-0.1727407448741758,-0.3799771508526988,-2.5378154470062046
6901028325257,202605,0.0,0.506117798194218,-0.41590560309096253,-3.6431572563824353
6901028325257,202606,0.0,0.07962862496661671,-0.5366161248424114,-4.065130579845315
6901028339957,202502,0.0,-2.4741854973619866,0.12364433892894253,1.8053523835375482
6901028339957,202503,0.0,0.607958740005671,-0.20276061129347922,-2.8301254702123284
6901028339957,202504,0.0,2.6807814160224837,-0.2619824660071147,-1.7377542691575425
6901028339957,202506,1.0,0.1364851317669178,-0.073573227958886,3.4921593044838315
6901028339957,202508,0.0,0.12547982000994296,0.3109328717057736,-1.1575001974848862
6901028339957,202509,0.0,-1.7644096503752849,-0.013000189535831513,0.9624342777241157
6901028339957,202510,0.0,-0.2182625963754603,0.021951004404714133,-0.9162505647264555
6901028339957,202511,0.0,0.3343942013274699,-0.14544137361715667,0.5601509307042162
6901028339957,202512,0.0,-0.5347421960298249,0.021357719347738446,-0.3646753742215741
6901028339957,202601,0.0,-0.1739159525041032,-0.38300649799921394,2.633103282025332
6901028339957,202602,0.0,-1.6669384918499972,-0.054779114060438935,0.5659126349245337
6901028339957,202603,0.0,1.2635015689327105,-0.18485999711799428,-0.7312158665821029
6901028339957,202604,0.0,2.1682770324119147,-0.22034562607452945,-2.2712767216457563
6901028339957,202605,0.0,0.6570330856465745,-0.031031791489999322,-2.400493175302036
6901028339957,202606,0.0,-0.41046391521580716,-0.20188770203346448,-1.7929128815852309
6901028936477,202504,0.0,-0.024633588632809733,-0.262497772195425,-1.0282787309764294
6901028936477,202505,0.0,0.3015489717367643,-0.24276766604177694,-1.4851736899419437
6901028936477,202506,0.0,-0.2626137385702165,-0.0699820991404672,-2.077655351057274
6901028936750,202502,0.0,-1.8441458256458745,-0.09689930086794726,1.1854955516065693
6901028936750,202503,0.0,0.10585245183568759,-0.2211728172278895,-1.206366359175931
6901028936750,202504,0.0,0.6284323467428052,-0.33656363195866185,1.1270734404994254
6901028936750,202505,0.0,-20.684239659480976,-0.005607302018271948,45.3278639256288
6901028936750,202507,0.0,-0.7454341923813175,-0.5506614476961242,2.4200490787551345
6901028936750,202508,0.0,19.70118382040162,-0.682250594638604,-13.698970644797503
6901028936750,202509,0.0,0.14969995076020837,-0.3990900606704481,-0.5147643669492286
6901028936750,202510,0.0,-2.953214643661717,-0.08308669530342062,4.02296416458874
6901028936750,202511,1.0,-5.274620618389569,0.05239517428688051,-10.554049348130114
6901028936750,202512,0.0,4.042525070577682,-0.35626117073310803,-2.424154923207251
6901028936750,202601,0.0,5.803844891332446,-0.521343669337281,-1.1790405147325376
6901028936750,202602,0.0,-0.04537451286847016,-0.14977759860524764,-3.5919027638545002
6901028936750,202603,0.0,0.7862802182376925,-0.238285801317065,-0.4346037456642291
6901028936750,202604,0.0,-0.05549129221923721,-0.219675456548753,-2.075483837823498
6901028936750,202605,1.0,-0.21034333736400157,-0.024754266450478457,0.6406427297598647
6901028936750,202606,0.0,-2.205805624260506,-0.6265260164347203,-5.957319766096608
6901028936996,202502,0.0,-17.22943203571271,0.13742267446741957,28.310007225522607
6901028936996,202503,0.0,0.25824186150197903,-0.6883359466865253,-1.7302187237342463
6901028936996,202504,0.0,11.872333263700288,-0.8264064346935456,-3.397985605361759
6901028936996,202505,0.0,-3.3499265662171993,-0.4487416816517413,1.983492616634353
6901028937535,202503,1.0,10.39590724055494,-1.013629782030972,18.827766825214166
6901028937535,202505,0.0,-9.790661738177285,-0.033720926376859,19.511973690797927
6901028937832,202502,1.0,-13.373931788538293,-0.3765928836413683,-22.30283514951258
6901028937832,202503,0.0,7.253666242260941,-0.5542939824258896,-1.7990824813656237
6901028937832,202508,0.0,0.09554209333466446,-0.22033063382098497,-1.842858217773206
6901028937832,202509,0.0,0.11414385538568439,-0.41520480796681264,-2.6665829272293777
6901028937832,202510,0.0,-3.737965103861626,-0.5267900750055786,2.959987393989172
6901028937832,202511,1.0,-6.1593081503639695,-0.35590093447884386,-13.465175053367076
6901028937832,202512,0.0,3.6416505129407284,-0.34766742414942825,-4.289854888992089
6901028937832,202601,0.0,6.5381715062657335,-0.0035539309036022315,-5.376105295958082
6901028937832,202602,0.0,-0.8635033221436075,-0.38754939639718006,-2.9548813248212453
6901028937832,202603,0.0,-2.408009970446656,-0.24098094627914396,1.9206597806170933
6901028937832,202604,0.0,0.29616078657242895,-0.3677370052304353,-1.8531596007106885
6901028937832,202605,1.0,0.7711865031915579,-0.1481227626571521,0.2608828098566571
6901028937832,202606,0.0,-3.673586878611694,-0.8993488616654114,2.125535310824713
6901028940504,202502,0.0,-0.1213436502087859,0.13683459074111926,-0.26131610372721437
6901028940504,202503,0.0,0.016109601788357963,0.023199318573136674,1.0064727925363588
6901028940504,202504,0.0,-0.014088700520012765,0.013202586546292694,-0.20807252941813864
6901028940504,202505,0.0,0.07971896088326247,0.11008066795462584,-0.37096098951716094
6901028940504,202506,0.0,0.17864886121655843,-0.024268465780574906,-0.9801763543457744
6901028940504,202507,0.0,-0.5056886061202235,0.08249925549425585,1.2081119491939034
6901028940504,202508,0.0,-0.21490034319747764,0.05922564849616857,0.22784996422024348
6901028940504,202509,0.0,0.33293568961378384,-0.050430991625858235,0.5986188896771654
6901028940504,202510,0.0,0.10705217899725028,0.17095989621866703,-0.4604508026003175
6901028940504,202511,0.0,-2.092604161815764,0.21229741929791984,4.825050779662024
6901028940504,202512,0.0,-0.00015295959141070625,0.5200598689266387,0.05114273016814813
6901028940504,202602,1.0,-0.6855899693523568,0.11926046161251658,-0.40360113598985997
6901028940504,202604,0.0,0.1454377770552071,0.23950533399324536,0.11330460973585721
6901028940504,202605,0.0,-0.6872157754652264,0.2535680975770158,1.3755989919967346
6901028940504,202606,0.0,0.5984712714352511,-0.10040078190292431,-2.814131690859514
6901028942911,202502,1.0,17.341167629767003,-1.2362303163308779,4.559335423292373
6901028942911,202504,0.0,-6.4315068424624755,-0.6207727611817064,14.100157634648312
6901028942911,202508,0.0,1.5106021971128172,-0.5116927765638046,-5.230651916893693
6901028942911,202509,0.0,2.062101235254829,-0.5206078177957383,-2.5052965034693697
6901028942911,202510,0.0,0.16171617512281955,-0.10444259627459682,-2.9004811409433415
6901028942911,202511,0.0,0.33458977170175075,-0.37535085265364526,-4.157711376629775
8888075018616,202508,1.0,19.10252799117587,-0.4019523528440808,115.29826028480487
8888075024037,202508,1.0,0.6234000662744421,-0.8189840295300957,10.772877827687033
