ym,code,name,cat,wholesale,retail,demand,vol,amt,unitval,inv,fill,cost,profit,put,need,vol_d,should_cust,put_cust,ord_cust,ord_success,ord_success_put,fill_d,full_cust,util,full_surf,soc_vol,soc_inv,sell_rate,salable_days,vol_p,req,fill_p,should_cust_p,act_cust,put_surf,purch_surf,rep_cust2,rep_cust3,rep_cust4,rep_cust5,rep_rate2,rep_rate3,rep_rate4,rep_rate5,new_cust,ym_dt,month,year,price_index,gross_margin,inventory_ratio,demand_gap,unit_growth,amt_per_cust,channel_coverage,price_band,price_band_cat
202501,6901028018630,中华(金中支),一类烟,678.4,800.0,0.032,0.032,0.54272,169600.0,54.304,100.0,0.31264,0.16764,678.4,0.272,0.24,844.0,60.0,60.0,7.11,100.0,88.24,60.0,100.0,100.0,,,0.0,,0.03,0.03,100.0,844.0,4.0,0.22,0.47,4.0,0.0,0.0,0.0,100.0,0.0,0.0,0.0,4.0,2025-01-01,1,2025,1.179245283018868,0.30888856132075476,1697.0,-99.0,,0.0006430331753554502,0.07109004739336493,5,高档
202501,6901028143448,万宝路(软红2.0),二类烟,143.1,160.0,,,,,59.004,,,,143.1,,,844.0,,,0.0,,,,,,,,,,,,,,,,,,,,,,,,,,2025-01-01,1,2025,1.1180992313067786,,,,,,,5,高档
202501,6901028159548,泰山(硬红八喜),三类烟,57.24,65.0,6.236,6.196,8.866476,14310.0,588.656,99.358563,5.70032,2.145376,57.24,0.992,0.98,844.0,261.0,245.0,29.03,93.87,98.79,245.0,93.51,100.0,,,0.0,,6.2,6.24,99.36,844.0,813.0,44.81,96.33,725.0,0.0,0.0,0.0,89.18,0.0,0.0,0.0,21.0,2025-01-01,1,2025,1.1355695317959469,0.24196490240316446,95.0058102001291,-98.358563,,0.010505303317535545,0.30924170616113744,3,中档
202501,6901028204026,万宝路(硬冰爵2.0),一类烟,225.0,260.0,,,,,58.688,,,,225.0,,,844.0,,,0.0,,,,,,,,,,,,,,,,,,,,,,,,,,2025-01-01,1,2025,1.1555555555555554,,,,,,,5,高档
202501,6901028133081,金圣(青瓷中支),一类烟,175.0,200.0,,,,,47.196,,,,175.0,0.908,0.868,844.0,261.0,217.0,25.71,83.14,95.59,217.0,83.14,100.0,,,0.0,,,,,,,,,,,,,,,,,,2025-01-01,1,2025,1.1428571428571428,,,,,,0.30924170616113744,5,高档
202501,6901028178105,黄鹤楼(硬天下胜景),一类烟,212.0,260.0,,,,,153.636,,,,212.0,,,844.0,,,0.0,,,,,,,,,,,,,,,,,,,,,,,,,,2025-01-01,1,2025,1.2264150943396226,,,,,,,5,高档
202501,6901028104692,龙烟(呈祥),二类烟,129.3,150.0,,,,,0.0,,,,129.3,2.18,2.16,844.0,429.0,309.0,36.61,72.03,99.08,309.0,64.98,100.0,,,0.0,,,,,,,,,,,,,,,,,,2025-01-01,1,2025,1.160092807424594,,,,,,0.5082938388625592,5,高档
202501,6901028218184,黄鹤楼(感恩中支),一类烟,225.0,260.0,2.444,2.36,13.275,56250.0,315.78,96.563011,8.09067,3.657343,225.0,31.116,30.896,844.0,749.0,802.0,95.02,107.08,99.29,797.0,120.26,99.38,,,0.0,,2.36,2.44,96.56,844.0,486.0,17.7,57.58,33.0,0.0,0.0,0.0,6.79,0.0,0.0,0.0,461.0,2025-01-01,1,2025,1.1555555555555554,0.27550606403013184,133.8050847457627,-95.563011,,0.01572867298578199,0.8874407582938388,5,高档
202501,6901028092838,人民大会堂(硬红细支),二类烟,139.92,160.0,0.136,0.124,0.433752,34980.0,217.996,91.176471,0.278845,0.104997,139.92,0.152,0.132,844.0,33.0,33.0,3.91,100.0,86.84,33.0,100.0,100.0,,,0.0,,0.12,0.14,91.18,844.0,31.0,0.9,3.67,0.0,0.0,0.0,0.0,0.0,0.0,0.0,0.0,30.0,2025-01-01,1,2025,1.1435105774728418,0.24206689536878212,1758.0322580645163,-90.176471,,0.0005139241706161138,0.03909952606635071,5,高档
202501,6901028331296,云烟(黑金刚印象),一类烟,466.4,600.0,0.096,0.096,1.3992,145750.0,30.6144,100.0,0.806016,0.432204,466.4,4.82,4.752,844.0,815.0,725.0,85.9,88.96,98.59,725.0,90.21,100.0,,,0.0,,0.1,0.1,100.0,844.0,30.0,0.9,3.55,0.0,0.0,0.0,0.0,0.0,0.0,0.0,0.0,21.0,2025-01-01,1,2025,1.2864493996569468,0.308893653516295,318.9,-99.0,,0.00165781990521327,0.9656398104265402,5,高档
202501,6901028133333,金圣(青瓷细支),一类烟,225.0,260.0,0.908,0.868,4.8825,56250.0,3.868,95.594714,2.975721,1.345183,225.0,6.456,6.392,844.0,840.0,824.0,97.63,98.1,99.01,824.0,94.0,100.0,,,0.0,,0.87,0.91,95.59,844.0,217.0,7.13,25.71,0.0,0.0,0.0,0.0,0.0,0.0,0.0,0.0,213.0,2025-01-01,1,2025,1.1555555555555554,0.2755111111111111,4.4562211981566815,-94.594714,,0.0057849526066350715,0.995260663507109,5,高档
202501,6901028080521,钻石(细支荷花),一类烟,360.4,420.0,0.304,0.276,2.48676,90100.0,51.804,90.789474,1.432509,0.768177,360.4,0.448,0.424,844.0,135.0,106.0,12.56,78.52,94.64,106.0,78.52,100.0,,,0.0,,0.28,0.3,90.79,844.0,65.0,1.86,7.7,0.0,0.0,0.0,0.0,0.0,0.0,0.0,0.0,20.0,2025-01-01,1,2025,1.165371809100999,0.3089067702552719,187.69565217391303,-89.789474,,0.0029463981042654025,0.15995260663507108,5,高档
202501,6901028084925,长城(醇雅薄荷),一类烟,158.4,180.0,0.0504,0.0468,0.20592,44000.0,70.0956,92.857143,0.124054,0.05818,158.4,,,844.0,,,0.0,,,,,,,,,,0.05,0.05,92.86,844.0,13.0,0.36,1.54,0.0,0.0,0.0,0.0,0.0,0.0,0.0,0.0,,2025-01-01,1,2025,1.1363636363636362,0.2825369075369076,1497.7692307692307,-91.857143,,0.00024398104265402842,,5,高档
202501,6901028219839,黄鹤楼(硬祝福),一类烟,167.48,200.0,,,,,0.012,,,,167.48,3.704,3.568,844.0,272.0,287.0,34.0,105.51,96.33,286.0,105.44,99.65,,,0.0,,,,,,,,,,,,,,,,,,2025-01-01,1,2025,1.1941724385001196,,,,,,0.3222748815165877,5,高档
202501,6901028942911,双喜(软珍品好日子),二类烟,137.8,160.0,0.016,0.016,0.05512,34450.0,111.636,100.0,0.035432,0.013348,137.8,0.004,0.0,844.0,,,0.0,,0.0,,,,,,,,0.02,0.02,100.0,844.0,4.0,0.11,0.47,0.0,0.0,0.0,0.0,0.0,0.0,0.0,0.0,,2025-01-01,1,2025,1.1611030478955007,0.24216255442670537,6977.25,-99.0,,6.530805687203791e-05,,5,高档
202501,6901028185912,黄鹤楼(硬红),一类烟,190.8,220.0,219.688,218.76,1043.4852,47700.0,6916.956,99.577583,635.935357,287.503074,190.8,4.584,4.544,844.0,828.0,694.0,82.23,83.82,99.13,692.0,84.27,99.71,,,0.0,,218.76,219.69,99.58,844.0,844.0,100.0,100.0,844.0,839.0,791.0,781.0,100.0,99.41,93.72,92.54,3.0,2025-01-01,1,2025,1.1530398322851152,0.27552194702905225,31.618924849149757,-98.577583,,1.2363568720379148,0.981042654028436,5,高档
202501,6901028009744,双喜(勿忘我),一类烟,175.0,200.0,1.688,1.64,7.175,43750.0,29.84,97.156398,4.37265,1.97702,175.0,4.764,4.72,844.0,842.0,546.0,64.69,64.85,99.08,545.0,63.65,99.82,,,0.0,,1.64,1.69,97.16,844.0,307.0,13.8,36.37,103.0,0.0,0.0,0.0,33.55,0.0,0.0,0.0,250.0,2025-01-01,1,2025,1.1428571428571428,0.27554285714285714,18.195121951219512,-96.156398,,0.008501184834123222,0.9976303317535545,5,高档
202501,6901028145077,娇子(宽窄好运细支),一类烟,225.0,260.0,2.484,2.444,13.7475,56250.0,444.048,98.389694,8.379619,3.786611,225.0,0.728,0.708,844.0,689.0,167.0,19.79,24.24,97.25,167.0,24.18,100.0,,,0.0,,2.44,2.48,98.39,844.0,333.0,21.26,39.45,276.0,0.0,0.0,0.0,82.88,0.0,0.0,0.0,91.0,2025-01-01,1,2025,1.1555555555555554,0.2754399709038007,181.68903436988543,-97.389694,,0.01628850710900474,0.816350710900474,5,高档
202501,6901028045919,云烟(软珍品),一类烟,206.7,230.0,0.716,0.66,3.41055,51675.0,536.068,92.178771,2.078948,0.939232,206.7,14.552,14.456,844.0,833.0,794.0,94.08,95.32,99.34,794.0,100.7,100.0,,,0.0,,0.66,0.72,92.18,844.0,69.0,4.73,8.18,64.0,32.0,0.0,0.0,92.75,46.38,0.0,0.0,2.0,2025-01-01,1,2025,1.1127237542331883,0.27539018633358253,812.2242424242423,-91.178771,,0.004040936018957346,0.9869668246445498,5,高档
202501,6901028165365,黄金叶(天香细支),一类烟,455.8,550.0,0.016,0.016,0.18232,113950.0,119.272,100.0,0.105028,0.056316,455.8,0.016,0.016,844.0,4.0,4.0,0.47,100.0,100.0,4.0,100.0,100.0,,,0.0,,0.02,0.02,100.0,844.0,4.0,0.11,0.47,0.0,0.0,0.0,0.0,0.0,0.0,0.0,0.0,1.0,2025-01-01,1,2025,1.2066695919262835,0.3088854760860026,7454.5,-99.0,,0.00021601895734597157,0.004739336492890996,5,高档
202501,6901028057080,双喜(硬晶彩好日子),一类烟,158.0,180.0,0.156,0.132,0.5214,39500.0,182.804,84.615385,0.335181,0.126225,158.0,0.02,0.0,844.0,,,0.0,,0.0,,,,,,,,0.13,0.16,84.62,844.0,33.0,0.9,3.91,0.0,0.0,0.0,0.0,0.0,0.0,0.0,0.0,8.0,2025-01-01,1,2025,1.139240506329114,0.24208860759493672,1384.8787878787878,-83.615385,,0.0006177725118483412,,5,高档
202501,6901028119009,利群(西子阳光),一类烟,275.6,310.0,0.276,0.264,1.81896,68900.0,120.276,95.652174,1.047816,0.561858,275.6,2.556,2.496,844.0,684.0,441.0,52.25,64.47,97.65,441.0,69.26,100.0,,,0.0,,0.26,0.28,95.65,844.0,66.0,1.97,7.82,0.0,0.0,0.0,0.0,0.0,0.0,0.0,0.0,62.0,2025-01-01,1,2025,1.1248185776487662,0.3088896952104499,455.59090909090907,-94.652174,,0.002155165876777251,0.8104265402843602,5,高档
202501,6901028012003,真龙(凌云),二类烟,121.9,150.0,0.284,0.268,0.81673,30475.0,180.296,94.366197,0.525012,0.197784,121.9,0.016,0.016,844.0,4.0,4.0,0.47,100.0,100.0,4.0,100.0,100.0,,,0.0,,0.27,0.28,94.37,844.0,67.0,1.86,7.94,0.0,0.0,0.0,0.0,0.0,0.0,0.0,0.0,,2025-01-01,1,2025,1.2305168170631664,0.24216570959803116,672.7462686567163,-93.366197,,0.0009676895734597156,0.004739336492890996,5,高档
202501,6901028141147,七匹狼(蓝),三类烟,71.0,80.0,4.168,4.14,6.91173,16695.0,1950.504,99.328215,4.443255,1.673311,71.0,0.58,0.556,844.0,72.0,71.0,8.41,98.61,95.86,71.0,114.88,100.0,,,0.0,,4.14,4.17,99.33,844.0,733.0,20.68,86.85,0.0,0.0,0.0,0.0,0.0,0.0,0.0,0.0,9.0,2025-01-01,1,2025,1.1267605633802817,0.24209727521184998,471.13623188405796,-98.328215,,0.00818925355450237,0.08530805687203792,4,中高档
202501,6901028301695,南京(软九五),一类烟,720.8,1000.0,,,,,22.96,,,,720.8,3.316,3.236,844.0,495.0,446.0,52.84,90.1,97.59,446.0,115.9,100.0,,,0.0,,,,,,,,,,,,,,,,,,2025-01-01,1,2025,1.3873473917869035,,,,,,0.5864928909952607,5,高档
202501,6901028104241,哈尔滨(老巴夺),三类烟,97.0,110.0,1.704,1.656,4.0158,24250.0,170.236,97.183099,2.581418,0.972358,97.0,,,844.0,,,0.0,,,,,,,,,,1.66,1.7,97.18,844.0,414.0,11.67,49.05,0.0,0.0,0.0,0.0,0.0,0.0,0.0,0.0,5.0,2025-01-01,1,2025,1.134020618556701,0.24213307435629267,102.79951690821255,-96.183099,,0.004758056872037914,,4,中高档
202501,6901028000833,双喜(软经典),三类烟,97.0,110.0,7.832,7.76,18.818,24250.0,525.308,99.080695,12.095904,4.557056,97.0,5.524,5.468,844.0,809.0,629.0,74.53,77.75,98.99,627.0,89.29,99.68,,,0.0,,7.76,7.83,99.08,844.0,825.0,38.63,97.75,770.0,0.0,0.0,0.0,93.33,0.0,0.0,0.0,3.0,2025-01-01,1,2025,1.134020618556701,0.24216473589116802,67.69432989690722,-98.080695,,0.02229620853080569,0.9585308056872038,4,中高档
202501,8888075034715,555(国际版),一类烟,254.92,300.0,0.004,0.0,0.0,,4.136,0.0,0.0,0.0,254.92,0.004,0.0,844.0,,,0.0,,0.0,,,,,,,,,,,,,,,,,,,,,,,,2025-01-01,1,2025,1.1768397928761964,,,1.0,,0.0,,5,高档
202501,6901028136891,金圣(硬红·十二生肖),三类烟,61.5,70.0,1.56,1.5,2.30625,15375.0,126.108,96.153846,1.482375,0.558375,61.5,1.24,1.224,844.0,326.0,306.0,36.26,93.87,98.71,306.0,93.87,100.0,,,0.0,,1.5,1.56,96.15,844.0,375.0,10.36,44.43,0.0,0.0,0.0,0.0,0.0,0.0,0.0,0.0,1.0,2025-01-01,1,2025,1.1382113821138211,0.24211382113821137,84.072,-95.153846,,0.0027325236966824645,0.3862559241706161,3,中档
202501,6901028181815,红金龙(硬蓝爱你),三类烟,97.0,110.0,1.572,1.524,3.6957,24250.0,1179.588,96.946565,2.375535,0.894969,97.0,5.876,5.792,844.0,372.0,815.0,96.56,219.09,98.57,812.0,235.45,99.63,,,0.0,,1.52,1.57,96.95,844.0,381.0,11.17,45.14,0.0,0.0,0.0,0.0,0.0,0.0,0.0,0.0,43.0,2025-01-01,1,2025,1.134020618556701,0.24216494845360825,774.007874015748,-95.946565,,0.004378791469194313,0.44075829383886256,4,中高档
202501,6901028071536,中南海(5mg细支),二类烟,121.9,140.0,,,,,119.64,,,,121.9,0.032,0.032,844.0,4.0,4.0,0.47,100.0,100.0,4.0,100.0,100.0,,,0.0,,,,,,,,,,,,,,,,,,2025-01-01,1,2025,1.1484823625922886,,,,,,0.004739336492890996,5,高档
202501,6901028180818,黄鹤楼(天下名楼),二类烟,139.92,160.0,7.928,7.828,27.382344,34980.0,1154.688,98.738648,17.603215,6.629067,139.92,44.72,44.064,844.0,844.0,838.0,99.29,99.29,98.53,836.0,114.92,99.76,,,0.0,,7.83,7.93,98.74,844.0,747.0,22.1,88.51,0.0,0.0,0.0,0.0,0.0,0.0,0.0,0.0,32.0,2025-01-01,1,2025,1.1435105774728418,0.24209275144596826,147.5074092999489,-97.738648,,0.032443535545023695,1.0,5,高档
202501,6901028920858,金圣(智圣出山双中支),一类烟,510.0,600.0,,,,,9.068,,,,510.0,1.904,1.884,844.0,462.0,467.0,55.33,101.08,98.95,467.0,101.73,100.0,,,0.0,,,,,,,,,,,,,,,,,,2025-01-01,1,2025,1.1764705882352942,,,,,,0.54739336492891,5,高档
202501,6901028160285,黄金叶(乐途),二类烟,121.9,140.0,0.012,0.0,0.0,,848.716,0.0,0.0,0.0,121.9,0.016,0.016,844.0,4.0,4.0,0.47,100.0,100.0,4.0,100.0,100.0,,,0.0,,,,,,,,,,,,,,,,,,2025-01-01,1,2025,1.1484823625922886,,,1.0,,0.0,0.004739336492890996,5,高档
202501,6901028150378,泰山(望岳),一类烟,167.48,190.0,0.1,0.084,0.351708,41870.0,204.532,84.0,0.226086,0.085155,167.48,2.872,2.832,844.0,844.0,708.0,83.89,83.89,98.61,708.0,83.89,100.0,,,0.0,,0.08,0.1,84.0,844.0,21.0,0.57,2.49,0.0,0.0,0.0,0.0,0.0,0.0,0.0,0.0,2.0,2025-01-01,1,2025,1.1344638165751135,0.2421184619058992,2434.904761904762,-83.0,,0.00041671563981042655,1.0,5,高档
202501,6901028075053,牡丹(软),二类烟,121.9,140.0,3.48,3.332,10.15427,30475.0,832.388,95.747126,6.526544,2.45986,121.9,0.024,0.016,844.0,4.0,4.0,0.47,100.0,66.67,4.0,100.0,100.0,,,0.0,,3.33,3.48,95.75,844.0,833.0,23.06,98.7,0.0,0.0,0.0,0.0,0.0,0.0,0.0,0.0,28.0,2025-01-01,1,2025,1.1484823625922886,0.24224882734061629,249.81632653061226,-94.747126,,0.012031125592417062,0.004739336492890996,5,高档
202501,6901028065504,兰州(硬珍品),二类烟,155.0,180.0,0.016,0.016,0.062,38750.0,106.62,100.0,0.039524,0.015344,155.0,8.552,8.46,844.0,820.0,718.0,85.07,87.56,98.92,718.0,90.58,100.0,,,0.0,,0.02,0.02,100.0,844.0,4.0,0.11,0.47,0.0,0.0,0.0,0.0,0.0,0.0,0.0,0.0,4.0,2025-01-01,1,2025,1.1612903225806452,0.24748387096774194,6663.75,-99.0,,7.345971563981042e-05,0.9715639810426541,5,高档
202501,6901028936477,好猫(猴王磨砂),三类烟,106.0,120.0,2.732,2.712,6.5766,24250.0,55.508,99.267936,4.227378,1.592574,106.0,1.424,1.392,844.0,260.0,244.0,28.91,93.85,97.75,244.0,95.34,100.0,,,0.0,,2.71,2.73,99.27,844.0,479.0,17.4,56.75,187.0,0.0,0.0,0.0,39.04,0.0,0.0,0.0,184.0,2025-01-01,1,2025,1.1320754716981132,0.24215764984946628,20.467551622418878,-98.267936,,0.00779218009478673,0.3080568720379147,5,高档
202501,6901028221450,贵烟(跨越),一类烟,201.4,230.0,3.036,3.008,15.14528,50350.0,570.252,99.077734,9.23005,4.172846,201.4,0.016,0.016,844.0,4.0,4.0,0.47,100.0,100.0,4.0,100.0,100.0,,,0.0,,3.01,3.04,99.08,844.0,401.0,25.79,47.51,346.0,0.0,0.0,0.0,86.28,0.0,0.0,0.0,39.0,2025-01-01,1,2025,1.1420059582919562,0.27552121849183375,189.5784574468085,-98.077734,,0.017944644549763033,0.004739336492890996,5,高档
202501,6901028120708,利群(软长嘴),一类烟,318.0,360.0,2.556,2.496,19.8432,79500.0,337.432,97.652582,11.431057,6.129547,318.0,1.496,1.488,844.0,438.0,372.0,44.08,84.93,99.47,372.0,84.93,100.0,,,0.0,,2.5,2.56,97.65,844.0,441.0,24.45,52.25,119.0,60.0,0.0,0.0,26.98,13.61,0.0,0.0,319.0,2025-01-01,1,2025,1.1320754716981132,0.30889911909369455,135.18910256410257,-96.652582,,0.023510900473933647,0.518957345971564,5,高档
202501,6901028126007,黄山(新一品),三类烟,71.0,80.0,3.288,3.208,4.9323,15375.0,259.284,97.56691,3.170308,1.194189,71.0,,,844.0,,,0.0,,,,,,,,,,3.21,3.29,97.57,844.0,789.0,22.1,93.48,0.0,0.0,0.0,0.0,0.0,0.0,0.0,0.0,12.0,2025-01-01,1,2025,1.1267605633802817,0.24211605133507694,80.82418952618453,-96.56691,,0.005843957345971563,,4,中高档
202501,6901028011785,真龙(起源),一类烟,212.0,250.0,0.24,0.228,1.2084,53000.0,119.492,95.0,0.73644,0.332937,212.0,0.284,0.268,844.0,68.0,67.0,7.94,98.53,94.37,67.0,98.53,100.0,,,0.0,,0.23,0.24,95.0,844.0,57.0,1.09,6.75,0.0,0.0,0.0,0.0,0.0,0.0,0.0,0.0,53.0,2025-01-01,1,2025,1.179245283018868,0.2755188679245283,524.0877192982456,-94.0,,0.0014317535545023696,0.08056872037914692,5,高档
202501,8888075005524,555金·锐,二类烟,137.8,160.0,,,,,2.52,,,,137.8,0.012,0.0,844.0,,,0.0,,0.0,,,,,,,,,,,,,,,,,,,,,,,,2025-01-01,1,2025,1.1611030478955007,,,,,,,5,高档
202501,6901028107150,钻石(双中支荷花),一类烟,381.6,450.0,0.448,0.424,4.04496,95400.0,21.384,94.642857,2.330277,1.249343,381.6,,,844.0,,,0.0,,,,,,,,,,0.42,0.45,94.64,844.0,106.0,3.69,12.56,0.0,0.0,0.0,0.0,0.0,0.0,0.0,0.0,89.0,2025-01-01,1,2025,1.1792452830188678,0.30886411732130853,50.43396226415094,-93.642857,,0.00479260663507109,,5,高档
202501,6901028169967,黄金叶(天叶),一类烟,678.4,1000.0,0.096,0.092,1.56032,169600.0,360.78,95.833333,0.899125,0.48168,678.4,8.512,8.208,844.0,816.0,692.0,81.99,84.8,96.43,690.0,93.49,99.71,,,0.0,,0.09,0.1,95.83,844.0,19.0,0.63,2.25,4.0,0.0,0.0,0.0,21.05,0.0,0.0,0.0,19.0,2025-01-01,1,2025,1.474056603773585,0.30870590648072194,3921.5217391304345,-94.833333,,0.0018487203791469192,0.966824644549763,5,高档
202501,6901028339957,云烟(细支云龙),二类烟,129.3,150.0,4.82,4.752,15.36084,32325.0,1806.348,98.589212,9.874656,3.718497,129.3,,,844.0,,,0.0,,,,,,,,,,4.75,4.82,98.59,844.0,725.0,34.23,85.9,406.0,0.0,0.0,0.0,56.0,0.0,0.0,0.0,360.0,2025-01-01,1,2025,1.160092807424594,0.2420764098838345,380.12373737373736,-97.589212,,0.018200047393364928,,5,高档
202501,6901028177771,大青山(昭君和亲),二类烟,129.3,150.0,0.012,0.0,0.0,,0.0,0.0,0.0,0.0,129.3,0.136,0.124,844.0,33.0,31.0,3.67,93.94,91.18,31.0,93.94,100.0,,,0.0,,,,,,,,,,,,,,,,,,2025-01-01,1,2025,1.160092807424594,,,1.0,,0.0,0.03909952606635071,5,高档
202501,6901028124058,黄山(黑马细支),一类烟,225.0,260.0,0.424,0.42,2.3625,56250.0,25.804,99.056604,1.439865,0.650895,225.0,,,844.0,,,0.0,,,,,,,,,,0.42,0.42,99.06,844.0,55.0,3.28,6.52,50.0,0.0,0.0,0.0,90.91,0.0,0.0,0.0,55.0,2025-01-01,1,2025,1.1555555555555554,0.27551111111111115,61.43809523809524,-98.056604,,0.002799170616113744,,5,高档
202501,6901028080446,钻石(硬蓝),三类烟,47.7,55.0,,,,,0.0,,,,,,,,,,,,,,,,,,,,,,,,,,,,,,,,,,,,2025-01-01,1,2025,1.1530398322851152,,,,,,,3,中档
202501,6901028204835,芙蓉王(硬中支),一类烟,263.0,300.0,0.968,0.92,6.049,65750.0,1271.644,95.041322,3.4845,1.868541,263.0,1.908,1.876,844.0,375.0,345.0,40.88,92.0,98.32,345.0,96.3,100.0,,,0.0,,0.92,0.97,95.04,844.0,72.0,4.95,8.53,70.0,59.0,0.0,0.0,97.22,81.94,0.0,0.0,,2025-01-01,1,2025,1.1406844106463878,0.30890081005124814,1382.2217391304348,-94.041322,,0.007167061611374408,0.4443127962085308,5,高档
202501,6901028224079,金圣(滕王阁·紫光),二类烟,129.3,150.0,1.24,1.224,3.95658,32325.0,385.356,98.709677,2.543475,0.957777,129.3,,,844.0,,,0.0,,,,,,,,,,1.22,1.24,98.71,844.0,306.0,8.91,36.26,0.0,0.0,0.0,0.0,0.0,0.0,0.0,0.0,234.0,2025-01-01,1,2025,1.160092807424594,0.24207194091867218,314.8333333333333,-97.709677,,0.004687890995260664,,5,高档
202501,6901028942881,双喜(硬精品好日子),三类烟,93.28,110.0,0.02,0.0,0.0,,75.044,0.0,0.0,0.0,93.28,0.016,0.016,844.0,4.0,4.0,0.47,100.0,100.0,4.0,100.0,100.0,,,0.0,,,,,,,,,,,,,,,,,,2025-01-01,1,2025,1.179245283018868,,,1.0,,0.0,0.004739336492890996,4,中高档
202501,6901028111270,南京(炫赫门),二类烟,155.0,180.0,6.404,6.272,24.304,38750.0,640.04,97.938788,15.623552,5.884704,155.0,0.016,0.016,844.0,4.0,4.0,0.47,100.0,100.0,4.0,100.0,100.0,,,0.0,,6.27,6.4,97.94,844.0,781.0,37.4,92.54,689.0,61.0,0.0,0.0,88.22,7.81,0.0,0.0,432.0,2025-01-01,1,2025,1.1612903225806452,0.24212903225806454,102.04719387755101,-96.938788,,0.028796208530805684,0.004739336492890996,5,高档
202501,6901028177214,冬虫夏草(和润),一类烟,424.0,500.0,0.004,0.0,0.0,,76.444,0.0,0.0,0.0,424.0,0.004,0.0,844.0,,,0.0,,0.0,,,,,,,,,,,,,,,,,,,,,,,,2025-01-01,1,2025,1.179245283018868,,,1.0,,0.0,,5,高档
202501,6901028051989,云烟(软大重九),一类烟,720.8,980.0,0.02,0.016,0.28832,180200.0,92.252,80.0,0.166098,0.089054,720.8,,,844.0,,,0.0,,,,,,,,,,0.02,0.02,80.0,844.0,4.0,0.11,0.47,0.0,0.0,0.0,0.0,0.0,0.0,0.0,0.0,4.0,2025-01-01,1,2025,1.3596004439511655,0.3088720865704772,5765.75,-79.0,,0.000341611374407583,,5,高档
202501,6901028207829,利群(休闲),一类烟,720.8,820.0,,,,,0.0,,,,,,,,,,,,,,,,,,,,,,,,,,,,,,,,,,,,2025-01-01,1,2025,1.1376248612652609,,,,,,,5,高档
202501,6901028187343,黄鹤楼(硬8度),一类烟,158.0,180.0,4.584,4.544,17.9488,39500.0,383.804,99.1274,11.538352,4.345502,158.0,6.22,6.024,844.0,281.0,300.0,35.55,106.76,96.85,300.0,110.82,100.0,,,0.0,,4.54,4.58,99.13,844.0,694.0,26.31,82.23,128.0,0.0,0.0,0.0,18.44,0.0,0.0,0.0,129.0,2025-01-01,1,2025,1.139240506329114,0.24210543323230524,84.46390845070422,-98.1274,,0.021266350710900474,0.33293838862559244,5,高档
202501,6901028121736,利群(楼外楼),一类烟,175.0,200.0,1.496,1.488,6.51,43750.0,170.968,99.465241,3.96738,1.793784,175.0,,,844.0,,,0.0,,,,,,,,,,1.49,1.5,99.47,844.0,372.0,11.97,44.08,0.0,0.0,0.0,0.0,0.0,0.0,0.0,0.0,13.0,2025-01-01,1,2025,1.1428571428571428,0.27554285714285714,114.89784946236558,-98.465241,,0.0077132701421800945,,5,高档
202501,6901028125970,黄山(徽商新概念细支),一类烟,339.2,400.0,0.64,0.592,5.02016,84800.0,106.524,92.5,2.89192,1.550744,339.2,3.288,3.208,844.0,809.0,789.0,93.48,97.53,97.57,789.0,97.45,100.0,,,0.0,,0.59,0.64,92.5,844.0,148.0,6.5,17.54,0.0,0.0,0.0,0.0,0.0,0.0,0.0,0.0,100.0,2025-01-01,1,2025,1.179245283018868,0.30890330188679244,179.9391891891892,-91.5,,0.005948056872037914,0.9585308056872038,5,高档
202501,6901028143554,七匹狼(锋芒),一类烟,158.0,180.0,0.58,0.556,2.1962,39500.0,334.364,95.862069,1.411823,0.531675,158.0,,,844.0,,,0.0,,,,,,,,,,0.56,0.58,95.86,844.0,71.0,3.31,8.41,68.0,0.0,0.0,0.0,95.77,0.0,0.0,0.0,,2025-01-01,1,2025,1.139240506329114,0.2420886075949367,601.3741007194244,-94.862069,,0.0026021327014218013,,5,高档
202501,6901028080224,钻石(硬特醇),四类烟,44.5,50.0,3.424,3.308,3.68015,11125.0,523.412,96.61215,2.457844,0.798882,44.5,0.304,0.276,844.0,68.0,65.0,7.7,95.59,90.79,65.0,95.83,100.0,,,0.0,,3.31,3.42,96.61,844.0,827.0,23.06,97.99,0.0,0.0,0.0,0.0,0.0,0.0,0.0,0.0,8.0,2025-01-01,1,2025,1.1235955056179776,0.21707865168539325,158.22611850060463,-95.61215,,0.004360367298578199,0.08056872037914692,3,中档
202501,6901028184304,黄鹤楼(硬平安),一类烟,720.8,1000.0,4.544,4.396,79.21592,180200.0,107.592,96.742958,45.633518,24.469113,720.8,219.688,218.76,844.0,844.0,844.0,100.0,100.0,99.58,843.0,117.1,99.88,,,0.0,,4.4,4.54,96.74,844.0,251.0,12.9,29.74,159.0,68.0,0.0,0.0,63.35,27.09,0.0,0.0,208.0,2025-01-01,1,2025,1.3873473917869035,0.3088913566868882,24.474977252047317,-95.742958,,0.0938577251184834,1.0,5,高档
202501,8888075024037,555(冰炫),一类烟,216.05,240.0,0.008,0.0,0.0,,3.676,0.0,0.0,0.0,216.05,0.004,0.0,844.0,,,0.0,,0.0,,,,,,,,,,,,,,,,,,,,,,,,2025-01-01,1,2025,1.11085396898866,,,1.0,,0.0,,5,高档
202501,6901028077910,钻石(软荷花),一类烟,339.2,400.0,1.908,1.876,15.90848,84800.0,115.028,98.322851,9.164297,4.914145,339.2,10.656,10.436,844.0,814.0,788.0,93.36,96.81,97.94,788.0,109.85,100.0,,,0.0,,1.88,1.91,98.32,844.0,345.0,13.31,40.88,124.0,0.0,0.0,0.0,35.94,0.0,0.0,0.0,60.0,2025-01-01,1,2025,1.179245283018868,0.3089009760831959,61.31556503198295,-97.322851,,0.018848909952606636,0.9644549763033176,5,高档
202501,6901028229074,天子(中支),一类烟,201.4,230.0,0.02,0.016,0.08056,50350.0,298.54,80.0,0.049098,0.022194,201.4,0.012,0.0,844.0,,,0.0,,0.0,,,,,,,,0.02,0.02,80.0,844.0,4.0,0.11,0.47,0.0,0.0,0.0,0.0,0.0,0.0,0.0,0.0,,2025-01-01,1,2025,1.1420059582919562,0.2754965243296921,18658.75,-79.0,,9.545023696682465e-05,,5,高档
202501,6901028182560,红金龙(硬红龙),三类烟,47.7,55.0,5.876,5.792,6.90696,11925.0,432.584,98.570456,4.439568,1.672468,47.7,26.5,26.248,844.0,842.0,841.0,99.64,99.88,99.05,841.0,116.39,100.0,,,0.0,,5.79,5.88,98.57,844.0,815.0,10.16,96.56,0.0,0.0,0.0,0.0,0.0,0.0,0.0,0.0,2.0,2025-01-01,1,2025,1.1530398322851152,0.2421424186617557,74.6864640883978,-97.570456,,0.008183601895734596,0.9976303317535545,3,中档
202501,6901028001625,双喜(硬经典1906),二类烟,150.52,170.0,5.524,5.468,20.576084,37630.0,783.096,98.986242,13.227114,4.981335,150.52,2.68,2.652,844.0,824.0,648.0,76.78,78.64,98.96,648.0,77.54,100.0,,,0.0,,5.47,5.52,98.99,844.0,629.0,41.42,74.53,399.0,330.0,0.0,0.0,63.43,52.46,0.0,0.0,37.0,2025-01-01,1,2025,1.1294180175391975,0.2420934420757613,143.21433796634966,-97.986242,,0.024379246445497632,0.976303317535545,5,高档
202501,6901028062329,南京(十二钗烤烟),一类烟,243.8,280.0,0.024,0.016,0.09752,60950.0,290.636,66.666667,0.059432,0.026868,243.8,6.404,6.272,844.0,810.0,781.0,92.54,96.42,97.94,781.0,111.44,100.0,,,0.0,,0.02,0.02,66.67,844.0,4.0,0.11,0.47,0.0,0.0,0.0,0.0,0.0,0.0,0.0,0.0,,2025-01-01,1,2025,1.1484823625922886,0.27551271534044297,18164.75,-65.666667,,0.00011554502369668245,0.9597156398104265,5,高档
202501,6901028123266,黄山(硬记忆),三类烟,88.0,100.0,3.324,3.276,7.2072,22000.0,183.976,98.555957,4.633083,1.74526,88.0,0.424,0.42,844.0,60.0,55.0,6.52,91.67,99.06,55.0,87.5,100.0,,,0.0,,3.28,3.32,98.56,844.0,790.0,22.62,93.6,0.0,0.0,0.0,0.0,0.0,0.0,0.0,0.0,317.0,2025-01-01,1,2025,1.1363636363636365,0.24215506715506716,56.158730158730165,-97.555957,,0.008539336492890995,0.07109004739336493,4,中高档
202501,6901028138536,七匹狼(软灰),一类烟,185.5,210.0,0.004,0.0,0.0,,320.336,0.0,0.0,0.0,185.5,4.168,4.14,844.0,757.0,733.0,86.85,96.83,99.33,732.0,95.92,99.86,,,0.0,,,,,,,,,,,,,,,,,,2025-01-01,1,2025,1.1320754716981132,,,1.0,,0.0,0.8969194312796208,5,高档
202501,6901028179270,红金龙(软精品),三类烟,90.1,110.0,72.964,72.368,163.00892,22525.0,4354.288,99.183159,104.788935,39.466663,90.1,0.152,0.0,844.0,,,0.0,,0.0,,,,,,,,72.37,72.96,99.18,844.0,843.0,99.95,99.88,841.0,840.0,793.0,787.0,99.76,99.64,94.07,93.36,3.0,2025-01-01,1,2025,1.2208657047724751,0.24211351746885998,60.168693345124915,-98.183159,,0.1931385308056872,,4,中高档
202501,6901028314459,玉溪(硬和谐),一类烟,339.2,400.0,0.372,0.368,3.12064,84800.0,163.02,98.924731,1.797681,0.963975,339.2,8.528,8.388,844.0,844.0,762.0,90.28,90.28,98.36,762.0,107.48,100.0,,,0.0,,0.37,0.37,98.92,844.0,92.0,4.54,10.9,0.0,0.0,0.0,0.0,0.0,0.0,0.0,0.0,53.0,2025-01-01,1,2025,1.179245283018868,0.3089029814397047,442.9891304347826,-97.924731,,0.0036974407582938385,1.0,5,高档
202501,6901028118828,利群(长嘴),一类烟,190.8,220.0,3.736,3.696,17.62992,47700.0,540.18,98.929336,10.74435,4.85739,190.8,0.276,0.264,844.0,72.0,66.0,7.82,91.67,95.65,66.0,91.67,100.0,,,0.0,,3.7,3.74,98.93,844.0,661.0,25.55,78.32,231.0,0.0,0.0,0.0,34.95,0.0,0.0,0.0,172.0,2025-01-01,1,2025,1.1530398322851152,0.2755196847177979,146.1525974025974,-97.929336,,0.020888530805687203,0.08530805687203792,5,高档
202501,6901028219174,黄鹤楼(硬奇景),一类烟,238.5,300.0,37.78,37.444,223.25985,59625.0,1885.22,99.110641,136.062151,61.513181,238.5,,,844.0,,,0.0,,,,,,,,,,37.44,37.78,99.11,844.0,797.0,76.94,94.43,770.0,721.0,665.0,0.0,96.61,90.46,83.44,0.0,136.0,2025-01-01,1,2025,1.2578616352201257,0.2755228089600526,50.34771926076274,-98.110641,,0.2645258886255924,,5,高档
202501,6901028937504,好猫(金丝猴),二类烟,129.3,150.0,,,,,0.036,,,,129.3,0.016,0.0,844.0,,,0.0,,0.0,,,,,,,,,,,,,,,,,,,,,,,,2025-01-01,1,2025,1.160092807424594,,,,,,,5,高档
202501,6901028107297,钻石(玫瑰二代),三类烟,97.0,110.0,,,,,121.932,,,,97.0,0.004,0.0,844.0,,,0.0,,0.0,,,,,,,,,,,,,,,,,,,,,,,,2025-01-01,1,2025,1.134020618556701,,,,,,,4,中高档
202501,6901028159753,泰山(心悦),二类烟,139.92,160.0,0.992,0.98,3.42804,34980.0,166.104,98.790323,2.203775,0.829815,139.92,0.0001,0.0001,844.0,815.0,1.0,0.12,0.12,100.0,,0.01,0.0,,,0.0,,0.98,0.99,98.79,844.0,245.0,7.13,29.03,0.0,0.0,0.0,0.0,0.0,0.0,0.0,0.0,90.0,2025-01-01,1,2025,1.1435105774728418,0.24206689536878215,169.49387755102043,-97.790323,,0.004061658767772512,0.9656398104265402,5,高档
202501,6901028179324,黄鹤楼(硬珍品),一类烟,339.2,400.0,155.716,155.136,1315.55328,84800.0,2903.464,99.627527,757.841318,406.365178,339.2,137.792,136.868,844.0,844.0,837.0,99.17,99.17,99.33,827.0,108.95,98.81,,,0.0,,155.14,155.72,99.63,844.0,843.0,96.78,99.88,831.0,808.0,747.0,718.0,98.58,95.85,88.61,85.17,122.0,2025-01-01,1,2025,1.179245283018868,0.3088929837946206,18.715604372937293,-98.627527,,1.5587124170616116,1.0,5,高档
202501,6901028075015,中华(硬),一类烟,381.6,450.0,6.672,6.472,61.74288,95400.0,367.124,97.002398,35.566897,19.072963,381.6,3.332,3.204,844.0,322.0,487.0,57.7,151.24,96.16,487.0,151.13,100.0,,,0.0,,6.47,6.67,97.0,844.0,585.0,32.1,69.31,453.0,329.0,50.0,0.0,77.44,56.24,8.55,0.0,146.0,2025-01-01,1,2025,1.1792452830188678,0.30890951312928716,56.724969097651424,-96.002398,,0.07315507109004739,0.3815165876777251,5,高档
202501,6901028224642,金圣(青瓷),一类烟,158.0,180.0,4.396,4.348,17.1746,39500.0,675.272,98.908098,11.040672,4.157776,158.0,,,844.0,,,0.0,,,,,,,,,,4.35,4.4,98.91,844.0,628.0,32.65,74.41,373.0,72.0,0.0,0.0,59.39,11.46,0.0,0.0,38.0,2025-01-01,1,2025,1.139240506329114,0.24208866582045577,155.30634774609018,-97.908098,,0.020349052132701422,,5,高档
202501,6901028191142,白沙(硬),三类烟,71.0,80.0,0.024,0.0,0.0,,162.308,0.0,0.0,0.0,71.0,,,844.0,,,0.0,,,,,,,,,,,,,,,,,,,,,,,,,,2025-01-01,1,2025,1.1267605633802817,,,1.0,,0.0,,4,中高档
202501,6901028164177,红旗渠(雪茄),四类烟,44.5,50.0,0.028,0.0,0.0,,0.0,0.0,0.0,0.0,44.5,5.136,5.072,844.0,813.0,759.0,89.93,93.36,98.75,759.0,94.21,100.0,,,0.0,,,,,,,,,,,,,,,,,,2025-01-01,1,2025,1.1235955056179776,,,1.0,,0.0,0.9632701421800948,3,中档
202501,6901028207089,利群(蓝天),二类烟,143.1,160.0,,,,,0.0,,,,143.1,4.736,4.656,844.0,435.0,431.0,51.07,99.08,98.31,431.0,114.79,100.0,,,0.0,,,,,,,,,,,,,,,,,,2025-01-01,1,2025,1.1180992313067786,,,,,,0.5154028436018957,5,高档
202501,6901028155557,泰山(颜悦),一类烟,167.48,190.0,1.404,1.392,5.828304,41870.0,351.848,99.145299,3.746568,1.41114,167.48,,,844.0,,,0.0,,,,,,,,,,1.39,1.4,99.15,844.0,348.0,8.33,41.23,0.0,0.0,0.0,0.0,0.0,0.0,0.0,0.0,124.0,2025-01-01,1,2025,1.1344638165751135,0.24211846190589922,252.76436781609198,-98.145299,,0.00690557345971564,,5,高档
202501,6901028937535,好猫(金猴王),三类烟,71.0,80.0,0.016,0.0,0.0,,796.124,0.0,0.0,0.0,71.0,0.14,0.124,844.0,33.0,31.0,3.67,93.94,88.57,31.0,93.94,100.0,,,0.0,,,,,,,,,,,,,,,,,,2025-01-01,1,2025,1.1267605633802817,,,1.0,,0.0,0.03909952606635071,4,中高档
202501,6901028053440,玉溪(高配版),一类烟,201.4,250.0,,,,,0.0,,,,201.4,,,844.0,,,0.0,,,,,,,,,,,,,,,,,,,,,,,,,,2025-01-01,1,2025,1.2413108242303872,,,,,,,5,高档
202501,6901028218603,黄鹤楼(硬1916如意),一类烟,763.2,900.0,31.116,30.896,589.49568,190800.0,609.116,99.292968,339.563484,182.114116,763.2,4.412,4.288,844.0,284.0,356.0,42.18,125.35,97.19,356.0,115.64,100.0,,,0.0,,30.9,31.12,99.29,844.0,802.0,49.4,95.02,707.0,534.0,156.0,0.0,88.15,66.58,19.45,0.0,730.0,2025-01-01,1,2025,1.1792452830188678,0.308932062063627,19.71504401864319,-98.292968,,0.6984545971563981,0.33649289099526064,5,高档
202501,6901028227438,龙凤呈祥(软魅力朝天门),三类烟,97.0,110.0,0.012,0.0,0.0,,531.184,0.0,0.0,0.0,97.0,0.24,0.228,844.0,40.0,57.0,6.75,142.5,95.0,57.0,142.5,100.0,,,0.0,,,,,,,,,,,,,,,,,,2025-01-01,1,2025,1.134020618556701,,,1.0,,0.0,0.04739336492890995,4,中高档
202501,8888075018616,555·双冰,一类烟,271.07,320.0,0.012,0.0,0.0,,3.22,0.0,0.0,0.0,271.07,0.008,0.0,844.0,,,0.0,,0.0,,,,,,,,,,,,,,,,,,,,,,,,2025-01-01,1,2025,1.180506880141661,,,1.0,,0.0,,5,高档
202501,6901028189057,黄鹤楼(硬雪之景),二类烟,121.9,140.0,,,,,642.012,,,,121.9,,,844.0,,,0.0,,,,,,,,,,,,,,,,,,,,,,,,,,2025-01-01,1,2025,1.1484823625922886,,,,,,,5,高档
202501,6901028177153,云烟(硬苁蓉),二类烟,114.5,130.0,0.54,0.504,1.4427,28625.0,219.412,93.333333,0.927488,0.34927,114.5,0.012,0.0,844.0,,,0.0,,0.0,,,,,,,,0.5,0.54,93.33,844.0,126.0,3.69,14.93,0.0,0.0,0.0,0.0,0.0,0.0,0.0,0.0,1.0,2025-01-01,1,2025,1.1353711790393013,0.24209468357939973,435.3412698412699,-92.333333,,0.0017093601895734598,,5,高档
202501,6901028322867,玉溪(鑫中支),一类烟,225.0,260.0,,,,,72.496,,,,225.0,21.496,21.2,844.0,844.0,836.0,99.05,99.05,98.62,836.0,98.68,100.0,,,0.0,,,,,,,,,,,,,,,,,,2025-01-01,1,2025,1.1555555555555554,,,,,,1.0,5,高档
202501,6901028225175,黄山(新制皖烟),二类烟,121.9,140.0,8.78,8.672,26.42792,30475.0,1034.964,98.769932,16.988455,6.399211,121.9,,,844.0,,,0.0,,,,,,,,,,8.67,8.78,98.77,844.0,762.0,44.73,90.28,649.0,0.0,0.0,0.0,85.17,0.0,0.0,0.0,27.0,2025-01-01,1,2025,1.1484823625922886,0.2421382764894097,119.34547970479703,-97.769932,,0.03131270142180095,,5,高档
202501,6901028181457,黄鹤楼(硬峡谷柔情),一类烟,263.0,300.0,44.72,44.064,289.7208,65750.0,1222.564,98.533095,166.893182,89.496719,263.0,0.012,0.0,844.0,,,0.0,,0.0,,,,,,,,44.06,44.72,98.53,844.0,838.0,95.87,99.29,822.0,799.0,755.0,645.0,98.09,95.35,90.1,76.97,97.0,2025-01-01,1,2025,1.1406844106463878,0.30890677852608445,27.745188816267248,-97.533095,,0.34327109004739337,,5,高档
202501,6901028075022,中华(软),一类烟,583.0,700.0,3.332,3.204,46.6983,145750.0,226.82,96.158463,26.900924,14.425069,583.0,0.032,0.032,844.0,4.0,4.0,0.47,100.0,100.0,4.0,100.0,100.0,,,0.0,,3.2,3.33,96.16,844.0,487.0,13.25,57.7,159.0,68.0,33.0,0.0,32.65,13.96,6.78,0.0,244.0,2025-01-01,1,2025,1.2006861063464838,0.30889923187782,70.79275905118601,-95.158463,,0.05532973933649289,0.004739336492890996,5,高档
202501,6901028071475,中南海(5mg),二类烟,114.5,130.0,0.916,0.908,2.59915,28625.0,54.264,99.126638,1.670966,0.629221,114.5,,,844.0,,,0.0,,,,,,,,,,0.91,0.92,99.13,844.0,223.0,4.1,26.42,0.0,0.0,0.0,0.0,0.0,0.0,0.0,0.0,26.0,2025-01-01,1,2025,1.1353711790393013,0.2420872208221919,59.76211453744494,-98.126638,,0.0030795616113744075,,5,高档
202501,6901028180788,黄鹤楼(硬15),一类烟,848.0,1000.0,0.22,0.208,4.4096,212000.0,51.632,94.545455,2.540141,1.362151,848.0,7.928,7.828,844.0,809.0,747.0,88.51,92.34,98.74,725.0,92.88,97.05,,,0.0,,0.21,0.22,94.55,844.0,19.0,0.74,2.25,4.0,4.0,0.0,0.0,21.05,21.05,0.0,0.0,19.0,2025-01-01,1,2025,1.179245283018868,0.30890579644412186,248.23076923076923,-93.545455,,0.005224644549763033,0.9585308056872038,5,高档
202501,6901028241410,黄鹤楼(视窗),一类烟,300.0,350.0,3.704,3.568,26.76,75000.0,100.064,96.328294,15.414707,8.266734,300.0,1.788,1.596,844.0,135.0,125.0,14.81,92.59,89.26,125.0,102.84,100.0,,,0.0,,3.57,3.7,96.33,844.0,287.0,11.2,34.0,71.0,65.0,21.0,0.0,24.74,22.65,7.32,0.0,264.0,2025-01-01,1,2025,1.1666666666666667,0.30892130044843047,28.04484304932735,-95.328294,,0.03170616113744076,0.15995260663507108,5,高档
202501,6901028095891,黄果树(长征),三类烟,61.5,70.0,0.016,0.0,0.0,,70.028,0.0,0.0,0.0,61.5,,,844.0,,,0.0,,,,,,,,,,,,,,,,,,,,,,,,,,2025-01-01,1,2025,1.1382113821138211,,,1.0,,0.0,,3,中档
202501,6901028242066,黄鹤楼(硬峡谷情),一类烟,339.2,400.0,1.788,1.596,13.53408,84800.0,232.076,89.261745,7.79646,4.180646,339.2,,,844.0,,,0.0,,,,,,,,,,1.6,1.79,89.26,844.0,125.0,7.7,14.81,68.0,68.0,33.0,0.0,54.4,54.4,26.4,0.0,100.0,2025-01-01,1,2025,1.179245283018868,0.3088976864330638,145.4110275689223,-88.261745,,0.01603563981042654,,5,高档
202501,6901028193504,芙蓉王(硬),一类烟,218.36,250.0,1.284,1.244,6.790996,54590.0,2400.104,96.884735,4.138927,1.870837,218.36,0.968,0.92,844.0,72.0,72.0,8.53,100.0,95.04,72.0,109.52,100.0,,,0.0,,1.24,1.28,96.88,844.0,165.0,6.17,19.55,133.0,0.0,0.0,0.0,80.61,0.0,0.0,0.0,104.0,2025-01-01,1,2025,1.1448983330280271,0.2754878665809846,1929.3440514469453,-95.884735,,0.008046203791469194,0.08530805687203792,5,高档
202501,6901028029919,娇子(宽窄逍遥细支),一类烟,763.2,900.0,,,,,21.024,,,,763.2,,,844.0,,,0.0,,,,,,,,,,,,,,,,,,,,,,,,,,2025-01-01,1,2025,1.1792452830188678,,,,,,,5,高档
202501,6901028154628,泰山(儒风细支),一类烟,263.0,300.0,0.004,0.0,0.0,,106.556,0.0,0.0,0.0,263.0,1.404,1.392,844.0,305.0,348.0,41.23,114.1,99.15,348.0,113.73,100.0,,,0.0,,,,,,,,,,,,,,,,,,2025-01-01,1,2025,1.1406844106463878,,,1.0,,0.0,0.3613744075829384,5,高档
202501,6901028009805,双喜(百年经典),一类烟,175.0,200.0,4.764,4.72,20.65,43750.0,200.496,99.076406,12.584726,5.689921,175.0,0.016,0.0,844.0,,,0.0,,0.0,,,,,,,,4.72,4.76,99.08,844.0,546.0,49.32,64.69,423.0,198.0,0.0,0.0,77.47,36.26,0.0,0.0,92.0,2025-01-01,1,2025,1.1428571428571428,0.2755409685230024,42.47796610169492,-98.076406,,0.024466824644549762,,5,高档
202501,6901028102094,贵烟(红中支),一类烟,263.0,300.0,0.152,0.14,0.9205,65750.0,26.952,92.105263,0.530274,0.284316,263.0,0.004,0.0,844.0,,,0.0,,0.0,,,,,,,,0.14,0.15,92.11,844.0,31.0,1.01,3.67,4.0,0.0,0.0,0.0,12.9,0.0,0.0,0.0,18.0,2025-01-01,1,2025,1.1406844106463878,0.3088712656165128,192.5142857142857,-91.105263,,0.0010906398104265403,,5,高档
202501,6901028218757,黄鹤楼(硬蓝),一类烟,175.0,200.0,1.352,1.324,5.7925,43750.0,274.212,97.928994,3.530116,1.596081,175.0,,,844.0,,,0.0,,,,,,,,,,1.32,1.35,97.93,844.0,331.0,9.62,39.22,0.0,0.0,0.0,0.0,0.0,0.0,0.0,0.0,298.0,2025-01-01,1,2025,1.1428571428571428,0.2755426845058265,207.1087613293051,-96.928994,,0.006863151658767773,,5,高档
202501,6901028112505,南京(大观园爆冰),一类烟,263.0,300.0,0.012,0.0,0.0,,23.396,0.0,0.0,0.0,263.0,,,844.0,,,0.0,,,,,,,,,,,,,,,,,,,,,,,,,,2025-01-01,1,2025,1.1406844106463878,,,1.0,,0.0,,5,高档
202501,6901028100274,长白山(777),二类烟,121.9,150.0,0.376,0.376,1.14586,30475.0,135.188,100.0,0.736832,0.277239,121.9,1.704,1.656,844.0,427.0,414.0,49.05,96.96,97.18,414.0,96.96,100.0,,,0.0,,0.38,0.38,100.0,844.0,93.0,0.63,11.02,0.0,0.0,0.0,0.0,0.0,0.0,0.0,0.0,28.0,2025-01-01,1,2025,1.2305168170631664,0.24194840556437958,359.54255319148933,-99.0,,0.001357654028436019,0.5059241706161137,5,高档
202501,6901028162876,黄金叶(喜满堂),三类烟,88.0,100.0,16.304,16.164,35.5608,22000.0,2718.536,99.141315,22.85995,8.610109,88.0,,,844.0,,,0.0,,,,,,,,,,16.16,16.3,99.14,844.0,841.0,60.6,99.64,832.0,514.0,0.0,0.0,98.93,61.12,0.0,0.0,8.0,2025-01-01,1,2025,1.1363636363636365,0.24212360239364691,168.18460777035386,-98.141315,,0.042133649289099524,,4,中高档
202501,6901028129725,都宝(天空蓝中支),一类烟,201.4,230.0,,,,,0.3,,,,201.4,,,844.0,,,0.0,,,,,,,,,,,,,,,,,,,,,,,,,,2025-01-01,1,2025,1.1420059582919562,,,,,,,5,高档
202501,6901028018722,中华(双中支),一类烟,424.0,500.0,0.272,0.24,2.544,106000.0,99.4,88.235294,1.4655,0.78582,424.0,6.672,6.472,844.0,581.0,585.0,69.31,100.69,97.0,585.0,118.36,100.0,,,0.0,,0.24,0.27,88.24,844.0,60.0,1.64,7.11,0.0,0.0,0.0,0.0,0.0,0.0,0.0,0.0,60.0,2025-01-01,1,2025,1.179245283018868,0.30889150943396226,414.1666666666667,-87.235294,,0.003014218009478673,0.6883886255924171,5,高档
202501,6901028063371,白沙(硬新精品二代),三类烟,97.0,110.0,0.016,0.0,0.0,,326.724,0.0,0.0,0.0,97.0,0.024,0.0,844.0,,,0.0,,0.0,,,,,,,,,,,,,,,,,,,,,,,,2025-01-01,1,2025,1.134020618556701,,,1.0,,0.0,,4,中高档
202501,6901028180580,黄鹤楼(软蓝),一类烟,164.3,190.0,226.452,225.66,926.89845,41075.0,14572.588,99.650257,595.855343,224.408319,164.3,0.22,0.208,844.0,19.0,19.0,2.25,100.0,94.55,19.0,100.0,100.0,,,0.0,,225.66,226.45,99.65,844.0,844.0,100.0,100.0,843.0,840.0,792.0,786.0,99.88,99.53,93.84,93.13,3.0,2025-01-01,1,2025,1.1564211807668898,0.24210669356497466,64.57763006292653,-98.650257,,1.0982209123222748,0.022511848341232227,5,高档
202501,6901028315432,红塔山(硬经典100),三类烟,97.0,110.0,5.132,5.064,12.2802,24250.0,843.232,98.674981,7.895112,2.972232,97.0,,,844.0,,,0.0,,,,,,,,,,5.06,5.13,98.67,844.0,783.0,35.14,92.77,474.0,0.0,0.0,0.0,60.54,0.0,0.0,0.0,2.0,2025-01-01,1,2025,1.134020618556701,0.24203449455220596,166.51500789889414,-97.674981,,0.01455,,4,中高档
202501,8888075074865,建牌(薄荷紫冰),一类烟,257.75,300.0,0.008,0.0,0.0,,0.704,0.0,0.0,0.0,257.75,,,844.0,,,0.0,,,,,,,,,,,,,,,,,,,,,,,,,,2025-01-01,1,2025,1.1639185257032008,,,1.0,,0.0,,5,高档
202501,6901028180634,红金龙(软虹之彩),五类烟,19.08,25.0,0.052,0.0,0.0,,0.0,0.0,0.0,0.0,19.08,1.572,1.524,844.0,409.0,381.0,45.14,93.15,96.95,381.0,93.15,100.0,,,0.0,,,,,,,,,,,,,,,,,,2025-01-01,1,2025,1.310272536687631,,,1.0,,0.0,0.48459715639810425,2,中低档
202501,6901028188081,黄鹤楼(硬银紫),二类烟,114.5,130.0,11.132,11.064,31.6707,28625.0,822.416,99.389148,20.35776,7.669522,114.5,,,844.0,,,0.0,,,,,,,,,,11.06,11.13,99.39,844.0,831.0,54.1,98.46,795.0,499.0,45.0,0.0,95.67,60.05,5.42,0.0,28.0,2025-01-01,1,2025,1.1353711790393013,0.242164587457808,74.33261026753435,-98.389148,,0.03752452606635071,,5,高档
202501,6901028084321,娇子(软阳光),三类烟,88.0,100.0,15.412,15.296,33.6512,22000.0,1087.84,99.24734,21.63242,8.147874,88.0,0.544,0.52,844.0,135.0,130.0,15.4,96.3,95.59,130.0,96.3,100.0,,,0.0,,15.3,15.41,99.25,844.0,837.0,54.32,99.17,801.0,776.0,0.0,0.0,95.7,92.71,0.0,0.0,4.0,2025-01-01,1,2025,1.1363636363636365,0.24212729412324074,71.11924686192468,-98.24734,,0.039871090047393365,0.15995260663507108,4,中高档
202501,6901028098335,长白山(蓝尚),一类烟,158.0,180.0,0.152,0.132,0.5214,39500.0,307.06,86.842105,0.335181,0.126225,158.0,0.376,0.376,844.0,23.0,93.0,11.02,404.35,100.0,93.0,391.67,100.0,,,0.0,,0.13,0.15,86.84,844.0,33.0,0.9,3.91,0.0,0.0,0.0,0.0,0.0,0.0,0.0,0.0,29.0,2025-01-01,1,2025,1.139240506329114,0.24208860759493672,2326.212121212121,-85.842105,,0.0006177725118483412,0.027251184834123223,5,高档
202501,6901028165921,黄金叶(小目标),二类烟,121.9,140.0,0.028,0.0,0.0,,0.068,0.0,0.0,0.0,121.9,0.096,0.092,844.0,19.0,19.0,2.25,100.0,95.83,19.0,100.0,100.0,,,0.0,,,,,,,,,,,,,,,,,,2025-01-01,1,2025,1.1484823625922886,,,1.0,,0.0,0.022511848341232227,5,高档
202501,6901028104302,龙烟(老巴夺传琦),一类烟,225.0,260.0,2.18,2.16,12.15,56250.0,49.448,99.082569,7.40502,3.34746,225.0,,,844.0,,,0.0,,,,,,,,,,2.16,2.18,99.08,844.0,309.0,22.7,36.61,231.0,0.0,0.0,0.0,74.76,0.0,0.0,0.0,301.0,2025-01-01,1,2025,1.1555555555555554,0.2755111111111111,22.892592592592592,-98.082569,,0.0143957345971564,,5,高档
202501,6901028111546,南京(雨花石),一类烟,455.8,530.0,0.016,0.016,0.18232,113950.0,61.428,100.0,0.105029,0.056315,455.8,0.012,0.0,844.0,,,0.0,,0.0,,,,,,,,0.02,0.02,100.0,844.0,4.0,0.11,0.47,0.0,0.0,0.0,0.0,0.0,0.0,0.0,0.0,4.0,2025-01-01,1,2025,1.1627906976744187,0.3088799912242211,3839.2499999999995,-99.0,,0.00021601895734597157,,5,高档
202501,6901028062015,苏烟(五星红杉树),一类烟,188.68,220.0,3.316,3.236,15.264212,47170.0,223.564,97.587455,9.302701,4.205175,188.68,0.02,0.0,844.0,,,0.0,,0.0,,,,,,,,3.24,3.32,97.59,844.0,446.0,19.04,52.84,328.0,32.0,0.0,0.0,73.54,7.17,0.0,0.0,238.0,2025-01-01,1,2025,1.165995336018656,0.2754924394393893,69.08652657601976,-96.587455,,0.018085559241706163,,5,高档
202501,6901028227285,天子(金),一类烟,167.48,200.0,8.552,8.46,35.42202,41870.0,667.044,98.924228,22.770352,8.576063,167.48,0.02,0.016,844.0,4.0,4.0,0.47,100.0,80.0,4.0,100.0,100.0,,,0.0,,8.46,8.55,98.92,844.0,718.0,62.73,85.07,637.0,409.0,326.0,0.0,88.72,56.96,45.4,0.0,25.0,2025-01-01,1,2025,1.1941724385001196,0.24211106537684748,78.84680851063828,-97.924228,,0.04196921800947868,0.004739336492890996,5,高档
202501,6901028211352,七匹狼(纯境),二类烟,143.1,160.0,5.844,5.696,20.37744,35775.0,987.42,97.467488,13.092877,4.940639,143.1,0.1,0.084,844.0,21.0,21.0,2.49,100.0,84.0,21.0,100.0,100.0,,,0.0,,5.7,5.84,97.47,844.0,724.0,40.14,85.78,680.0,0.0,0.0,0.0,93.92,0.0,0.0,0.0,30.0,2025-01-01,1,2025,1.1180992313067786,0.24245631443400154,173.35323033707866,-96.467488,,0.02414388625592417,0.024881516587677725,5,高档
202501,6901028225113,黄山(金皖烟),一类烟,248.04,280.0,,,,,120.864,,,,248.04,8.78,8.672,844.0,844.0,762.0,90.28,90.28,98.77,755.0,85.29,99.08,,,0.0,,,,,,,,,,,,,,,,,,2025-01-01,1,2025,1.128850185453959,,,,,,1.0,5,高档
202501,6901028042215,娇子(宽窄平安中支),一类烟,339.2,400.0,,,,,144.568,,,,339.2,7.02,6.9,844.0,844.0,459.0,54.38,54.38,98.29,458.0,41.26,99.78,,,0.0,,,,,,,,,,,,,,,,,,2025-01-01,1,2025,1.179245283018868,,,,,,1.0,5,高档
202501,6901028314985,红塔山(硬经典),三类烟,75.0,85.0,3.252,3.22,6.0375,18750.0,96.112,99.01599,3.880906,1.461891,75.0,5.132,5.064,844.0,807.0,783.0,92.77,97.03,98.67,783.0,97.46,100.0,,,0.0,,3.22,3.25,99.02,844.0,726.0,8.83,86.02,0.0,0.0,0.0,0.0,0.0,0.0,0.0,0.0,5.0,2025-01-01,1,2025,1.1333333333333333,0.24213515527950313,29.84844720496894,-98.01599,,0.007153436018957345,0.9561611374407583,4,中高档
202501,6901028114455,苏烟(软金砂),一类烟,381.6,450.0,0.02,0.0,0.0,,61.272,0.0,0.0,0.0,381.6,3.324,3.276,844.0,828.0,790.0,93.6,95.41,98.56,790.0,94.9,100.0,,,0.0,,,,,,,,,,,,,,,,,,2025-01-01,1,2025,1.1792452830188678,,,1.0,,0.0,0.981042654028436,5,高档
202501,6901028218634,黄鹤楼(硬1916红爆),一类烟,720.8,1000.0,4.412,4.288,77.26976,180200.0,205.512,97.189483,44.511585,23.86882,720.8,1.352,1.324,844.0,352.0,331.0,39.22,94.03,97.93,331.0,94.03,100.0,,,0.0,,4.29,4.41,97.19,844.0,356.0,13.22,42.18,163.0,66.0,19.0,0.0,45.79,18.54,5.34,0.0,356.0,2025-01-01,1,2025,1.3873473917869035,0.30890247361969286,47.92723880597015,-96.189483,,0.09155184834123223,0.41706161137440756,5,高档
202501,6901028207508,利群(软红长嘴),一类烟,190.8,220.0,4.736,4.656,22.20912,47700.0,70.912,98.310811,13.534995,6.119145,190.8,8.024,7.92,844.0,814.0,753.0,89.22,92.51,98.7,753.0,103.07,100.0,,,0.0,,4.66,4.74,98.31,844.0,431.0,27.68,51.07,399.0,328.0,0.0,0.0,92.58,76.1,0.0,0.0,358.0,2025-01-01,1,2025,1.1530398322851152,0.2755239739350321,15.230240549828181,-97.310811,,0.026314123222748814,0.9644549763033176,5,高档
202501,6901028190374,黄鹤楼(硬15细支),一类烟,848.0,1000.0,0.016,0.016,0.3392,212000.0,60.092,100.0,0.195395,0.104781,848.0,11.48,11.404,844.0,844.0,834.0,98.82,98.82,99.34,834.0,96.51,100.0,,,0.0,,0.02,0.02,100.0,844.0,4.0,0.11,0.47,0.0,0.0,0.0,0.0,0.0,0.0,0.0,0.0,4.0,2025-01-01,1,2025,1.179245283018868,0.30890625,3755.75,-99.0,,0.0004018957345971564,1.0,5,高档
202501,4891132530116,红双喜(南洋经典),三类烟,67.95,80.0,0.02,0.0,0.0,,9.78,0.0,0.0,0.0,67.95,,,844.0,,,0.0,,,,,,,,,,,,,,,,,,,,,,,,,,2025-01-01,1,2025,1.177336276674025,,,1.0,,0.0,,4,中高档
202501,6901028025645,娇子(时代阳光),三类烟,71.0,80.0,4.208,4.172,6.965154,16695.0,477.84,99.144487,4.477599,1.686257,71.0,,,844.0,,,0.0,,,,,,,,,,4.17,4.21,99.14,844.0,745.0,21.26,88.27,0.0,0.0,0.0,0.0,0.0,0.0,0.0,0.0,7.0,2025-01-01,1,2025,1.1267605633802817,0.24209902609475684,114.53499520613614,-98.144487,,0.008252552132701423,,4,中高档
202501,6901028936996,好猫(招财猫1600),一类烟,158.0,180.0,1.324,1.312,5.1824,39500.0,257.048,99.093656,3.331496,1.2546,158.0,,,844.0,,,0.0,,,,,,,,,,1.31,1.32,99.09,844.0,328.0,10.36,38.86,0.0,0.0,0.0,0.0,0.0,0.0,0.0,0.0,4.0,2025-01-01,1,2025,1.139240506329114,0.2420886075949367,195.92073170731706,-98.093656,,0.006140284360189574,,5,高档
202501,6901028058148,好猫(细支长乐),二类烟,139.92,160.0,0.292,0.28,0.97944,34980.0,609.448,95.890411,0.62965,0.23709,139.92,2.732,2.712,844.0,550.0,479.0,56.75,87.09,99.27,478.0,103.99,99.79,,,0.0,,0.28,0.29,95.89,844.0,70.0,1.97,8.29,0.0,0.0,0.0,0.0,0.0,0.0,0.0,0.0,50.0,2025-01-01,1,2025,1.1435105774728418,0.24206689536878218,2176.6,-94.890411,,0.0011604739336492891,0.6516587677725119,5,高档
202501,8888075034777,555(老版细支),一类烟,212.28,250.0,0.004,0.0,0.0,,3.64,0.0,0.0,0.0,212.28,0.016,0.0,844.0,,,0.0,,0.0,,,,,,,,,,,,,,,,,,,,,,,,2025-01-01,1,2025,1.1776898436027887,,,1.0,,0.0,,5,高档
202501,6901028013611,真龙(海韵),一类烟,445.2,500.0,0.016,0.016,0.17808,111300.0,60.984,100.0,0.102584,0.055008,445.2,0.156,0.132,844.0,33.0,33.0,3.91,100.0,84.62,33.0,100.0,100.0,,,0.0,,0.02,0.02,100.0,844.0,4.0,0.11,0.47,0.0,0.0,0.0,0.0,0.0,0.0,0.0,0.0,4.0,2025-01-01,1,2025,1.1230907457322552,0.30889487870619947,3811.5,-99.0,,0.0002109952606635071,0.03909952606635071,5,高档
202501,6901028188029,黄鹤楼(硬峡谷情细支),一类烟,263.0,300.0,21.8,21.448,141.0206,65750.0,1288.768,98.385321,81.234312,43.562595,263.0,11.132,11.064,844.0,839.0,831.0,98.46,99.05,99.39,830.0,106.1,99.88,,,0.0,,21.45,21.8,98.39,844.0,749.0,68.11,88.74,548.0,524.0,502.0,383.0,73.16,69.96,67.02,51.13,371.0,2025-01-01,1,2025,1.1406844106463878,0.30890944301754497,60.088026855650874,-97.385321,,0.16708601895734598,0.9940758293838863,5,高档
202501,6901028039758,贵烟(硬黄精品),二类烟,114.5,130.0,,,,,57.424,,,,114.5,0.152,0.14,844.0,33.0,31.0,3.67,93.94,92.11,31.0,94.59,100.0,,,0.0,,,,,,,,,,,,,,,,,,2025-01-01,1,2025,1.1353711790393013,,,,,,0.03909952606635071,5,高档
202501,6901028151634,泰山(白将军),二类烟,114.5,130.0,2.872,2.832,8.1066,28625.0,402.844,98.607242,5.210892,1.963272,114.5,0.004,0.0,844.0,,,0.0,,0.0,,,,,,,,2.83,2.87,98.61,844.0,708.0,23.06,83.89,0.0,0.0,0.0,0.0,0.0,0.0,0.0,0.0,27.0,2025-01-01,1,2025,1.1353711790393013,0.24218192583820589,142.24717514124293,-97.607242,,0.009604976303317535,,5,高档
202501,6901028245029,芙蓉王(荣耀细支),一类烟,305.28,400.0,,,,,0.0,,,,,,,,,,,,,,,,,,,,,,,,,,,,,,,,,,,,2025-01-01,1,2025,1.310272536687631,,,,,,,5,高档
202501,6901028212229,中华(细支),一类烟,424.0,500.0,0.08,0.068,0.7208,106000.0,32.6,85.0,0.415225,0.222649,424.0,3.48,3.332,844.0,844.0,833.0,98.7,98.7,95.75,833.0,98.7,100.0,,,0.0,,0.07,0.08,85.0,844.0,17.0,0.41,2.01,0.0,0.0,0.0,0.0,0.0,0.0,0.0,0.0,17.0,2025-01-01,1,2025,1.179245283018868,0.30889150943396226,479.4117647058823,-84.0,,0.0008540284360189573,1.0,5,高档
202501,6901028187855,黄鹤楼(软1916),一类烟,848.0,1000.0,6.22,6.024,127.7088,212000.0,124.652,96.848875,73.569513,39.446972,848.0,21.8,21.448,844.0,666.0,749.0,88.74,112.46,98.39,748.0,108.94,99.87,,,0.0,,6.02,6.22,96.85,844.0,300.0,16.37,35.55,217.0,141.0,49.0,0.0,72.33,47.0,16.33,0.0,300.0,2025-01-01,1,2025,1.179245283018868,0.3088821756997169,20.692563081009297,-95.848875,,0.15131374407582937,0.7890995260663507,5,高档
202501,6901028218153,黄鹤楼(金典中支),一类烟,381.6,450.0,0.612,0.564,5.38056,95400.0,132.848,92.156863,3.099499,1.662071,381.6,2.444,2.36,844.0,615.0,486.0,57.58,79.02,96.56,485.0,81.83,99.79,,,0.0,,0.56,0.61,92.16,844.0,66.0,3.11,7.82,33.0,13.0,0.0,0.0,50.0,19.7,0.0,0.0,48.0,2025-01-01,1,2025,1.1792452830188678,0.3089029766418365,235.54609929078018,-91.156863,,0.0063750710900473935,0.7286729857819905,5,高档
202501,6901028010771,中南海(冰耀中支),一类烟,201.4,230.0,0.016,0.016,0.08056,50350.0,106.7,100.0,0.049096,0.022196,201.4,0.916,0.908,844.0,150.0,223.0,26.42,148.67,99.13,223.0,150.33,100.0,,,0.0,,0.02,0.02,100.0,844.0,4.0,0.11,0.47,0.0,0.0,0.0,0.0,0.0,0.0,0.0,0.0,,2025-01-01,1,2025,1.1420059582919562,0.27552135054617677,6668.75,-99.0,,9.545023696682465e-05,0.17772511848341233,5,高档
202501,6901028300063,南京(红),二类烟,114.5,130.0,0.004,0.0,0.0,,169.984,0.0,0.0,0.0,114.5,,,844.0,,,0.0,,,,,,,,,,,,,,,,,,,,,,,,,,2025-01-01,1,2025,1.1353711790393013,,,1.0,,0.0,,5,高档
202501,6901028024976,娇子(X),三类烟,97.0,110.0,5.136,5.072,12.2996,24250.0,1288.644,98.753894,7.905932,2.97858,97.0,4.208,4.172,844.0,778.0,745.0,88.27,95.76,99.14,742.0,95.51,99.6,,,0.0,,5.07,5.14,98.75,844.0,759.0,36.39,89.93,501.0,0.0,0.0,0.0,66.01,0.0,0.0,0.0,32.0,2025-01-01,1,2025,1.134020618556701,0.24216885101954536,254.07018927444796,-97.753894,,0.014572985781990521,0.9218009478672986,4,中高档
202501,6901028172936,黄金叶(乐途硬),一类烟,175.0,200.0,7.736,7.668,33.5475,43750.0,260.132,99.120993,20.444805,9.24376,175.0,0.028,0.0,844.0,,,0.0,,0.0,,,,,,,,7.67,7.74,99.12,844.0,663.0,64.81,78.55,550.0,438.0,252.0,0.0,82.96,66.06,38.01,0.0,345.0,2025-01-01,1,2025,1.1428571428571428,0.27554243982412996,33.92436098069901,-98.120993,,0.03974822274881516,,5,高档
202501,6901028340618,云烟(小熊猫家园),一类烟,158.0,200.0,,,,,0.0672,,,,158.0,3.252,3.22,844.0,323.0,726.0,86.02,224.77,99.02,726.0,224.23,100.0,,,0.0,,,,,,,,,,,,,,,,,,2025-01-01,1,2025,1.2658227848101267,,,,,,0.38270142180094785,5,高档
202501,6901028212137,中华(金细支),一类烟,678.4,800.0,0.032,0.032,0.54272,169600.0,45.784,100.0,0.31264,0.16764,678.4,0.08,0.068,844.0,15.0,17.0,2.01,113.33,85.0,17.0,113.33,100.0,,,0.0,,0.03,0.03,100.0,844.0,4.0,0.22,0.47,4.0,0.0,0.0,0.0,100.0,0.0,0.0,0.0,4.0,2025-01-01,1,2025,1.179245283018868,0.30888856132075476,1430.75,-99.0,,0.0006430331753554502,0.017772511848341232,5,高档
202501,6901028165242,黄金叶(爱尚),二类烟,139.92,160.0,,,,,389.82,,,,139.92,0.016,0.016,844.0,4.0,4.0,0.47,100.0,100.0,4.0,100.0,100.0,,,0.0,,,,,,,,,,,,,,,,,,2025-01-01,1,2025,1.1435105774728418,,,,,,0.004739336492890996,5,高档
202501,8888075056014,555 (金天越),二类烟,119.09,140.0,0.016,0.0,0.0,,1.236,0.0,0.0,0.0,119.09,,,844.0,,,0.0,,,,,,,,,,,,,,,,,,,,,,,,,,2025-01-01,1,2025,1.175581492988496,,,1.0,,0.0,,5,高档
202501,6901028179348,黄鹤楼(软红),一类烟,227.9,260.0,137.792,136.868,779.80543,56975.0,5350.788,99.329424,475.239968,214.853034,227.9,69.168,68.612,844.0,844.0,833.0,98.7,98.7,99.2,830.0,106.75,99.64,,,0.0,,136.87,137.79,99.33,844.0,837.0,100.0,99.17,819.0,795.0,737.0,695.0,97.85,94.98,88.05,83.03,7.0,2025-01-01,1,2025,1.1408512505484862,0.2755213361363744,39.0945144226554,-98.329424,,0.9239400829383886,1.0,5,高档
202501,6901028180009,黄鹤楼(软珍品),一类烟,530.0,650.0,69.168,68.612,909.109,132500.0,1735.788,99.19616,523.698796,280.82238,530.0,226.452,225.66,844.0,844.0,844.0,100.0,100.0,99.65,843.0,117.74,99.88,,,0.0,,68.61,69.17,99.2,844.0,833.0,92.68,98.7,804.0,766.0,695.0,562.0,96.52,91.96,83.43,67.47,658.0,2025-01-01,1,2025,1.2264150943396226,0.30889847092042866,25.298606657727515,-98.19616,,1.07714336492891,1.0,5,高档
202501,6901028190602,黄鹤楼(软雪之景),二类烟,121.9,140.0,11.48,11.404,34.75369,30475.0,825.044,99.337979,22.340436,8.415491,121.9,0.612,0.564,844.0,68.0,66.0,7.82,97.06,92.16,66.0,98.6,100.0,,,0.0,,11.4,11.48,99.34,844.0,834.0,61.2,98.82,747.0,596.0,0.0,0.0,89.57,71.46,0.0,0.0,9.0,2025-01-01,1,2025,1.1484823625922886,0.24214669003492867,72.34689582602596,-98.337979,,0.04117735781990521,0.08056872037914692,5,高档
202501,6901028221351,贵烟(新贵),三类烟,93.28,110.0,1.42,1.38,3.21816,23320.0,406.96,97.183099,2.068698,0.779277,93.28,3.036,3.008,844.0,490.0,401.0,47.51,81.84,99.08,401.0,78.74,100.0,,,0.0,,1.38,1.42,97.18,844.0,337.0,5.49,39.93,0.0,0.0,0.0,0.0,0.0,0.0,0.0,0.0,315.0,2025-01-01,1,2025,1.179245283018868,0.24214986203296293,294.8985507246377,-96.183099,,0.0038129857819905215,0.580568720379147,4,中高档
202501,6901028079990,钻石(荷花),一类烟,275.6,320.0,10.656,10.436,71.90404,68900.0,205.008,97.935435,41.420611,22.210563,275.6,3.424,3.308,844.0,844.0,827.0,97.99,97.99,96.61,827.0,97.99,100.0,,,0.0,,10.44,10.66,97.94,844.0,788.0,54.86,93.36,482.0,438.0,368.0,164.0,61.17,55.58,46.7,20.81,31.0,2025-01-01,1,2025,1.1611030478955007,0.30889172569441165,19.64430816404753,-96.935435,,0.08519436018957345,1.0,5,高档
202501,6901028940504,红金龙(硬新版),四类烟,44.5,50.0,26.5,26.248,29.2009,11125.0,1250.904,99.049057,19.502265,6.338891,44.5,,,844.0,,,0.0,,,,,,,,,,26.25,26.5,99.05,844.0,841.0,54.81,99.64,825.0,783.0,0.0,0.0,98.1,93.1,0.0,0.0,3.0,2025-01-01,1,2025,1.1235955056179776,0.21707861743987344,47.65711673270344,-98.049057,,0.03459822274881517,,3,中档
202501,6901028010115,中南海(典8),三类烟,97.0,110.0,1.904,1.884,4.5687,24250.0,144.54,98.94958,2.936842,1.106222,97.0,0.016,0.016,844.0,4.0,4.0,0.47,100.0,100.0,4.0,100.0,100.0,,,0.0,,1.88,1.9,98.95,844.0,467.0,12.62,55.33,0.0,0.0,0.0,0.0,0.0,0.0,0.0,0.0,445.0,2025-01-01,1,2025,1.134020618556701,0.24213058419243988,76.71974522292993,-97.94958,,0.005413151658767772,0.004739336492890996,4,中高档
202501,6901028005036,双喜(硬金五叶神),二类烟,121.9,140.0,2.68,2.652,8.08197,30475.0,477.984,98.955224,5.195268,1.957161,121.9,1.688,1.64,844.0,375.0,307.0,36.37,81.87,97.16,307.0,81.19,100.0,,,0.0,,2.65,2.68,98.96,844.0,648.0,22.51,76.78,0.0,0.0,0.0,0.0,0.0,0.0,0.0,0.0,35.0,2025-01-01,1,2025,1.1484823625922886,0.24216385361489834,180.23529411764704,-97.955224,,0.00957579383886256,0.4443127962085308,5,高档
202501,6901028317177,玉溪(软),一类烟,201.4,230.0,8.528,8.388,42.23358,50350.0,2082.904,98.358349,25.739407,11.635424,201.4,,,844.0,,,0.0,,,,,,,,,,8.39,8.53,98.36,844.0,762.0,53.06,90.28,674.0,416.0,226.0,0.0,88.45,54.59,29.66,0.0,12.0,2025-01-01,1,2025,1.1420059582919562,0.2755017216158327,248.31950405340964,-97.358349,,0.05003978672985782,,5,高档
202501,6901028937832,好猫(长乐九美),一类烟,175.0,200.0,0.14,0.124,0.5425,43750.0,310.564,88.571429,0.330615,0.149482,175.0,0.016,0.0,844.0,,,0.0,,0.0,,,,,,,,0.12,0.14,88.57,844.0,31.0,0.9,3.67,0.0,0.0,0.0,0.0,0.0,0.0,0.0,0.0,27.0,2025-01-01,1,2025,1.1428571428571428,0.27554285714285714,2504.5483870967746,-87.571429,,0.0006427725118483412,,5,高档
202501,6901028042758,娇子(宽窄逍遥),一类烟,678.4,800.0,0.12,0.112,1.89952,169600.0,29.44,93.333333,1.09424,0.58674,678.4,6.036,5.924,844.0,844.0,450.0,53.32,53.32,98.14,448.0,45.18,99.56,,,0.0,,0.11,0.12,93.33,844.0,28.0,12.13,3.32,0.0,0.0,0.0,0.0,0.0,0.0,0.0,0.0,21.0,2025-01-01,1,2025,1.179245283018868,0.3088885613207547,262.8571428571429,-92.333333,,0.0022506161137440758,1.0,5,高档
202501,6901028042635,娇子(宽窄好运),一类烟,263.0,300.0,7.02,6.9,45.3675,65750.0,747.712,98.290598,26.174268,13.973575,263.0,0.12,0.112,844.0,444.0,28.0,3.32,6.31,93.33,28.0,6.22,100.0,,,0.0,,6.9,7.02,98.29,844.0,459.0,100.0,54.38,353.0,287.0,238.0,195.0,76.91,62.53,51.85,42.48,266.0,2025-01-01,1,2025,1.1406844106463878,0.308008486251171,108.36405797101449,-97.290598,,0.053752962085308054,0.5260663507109005,5,高档
202501,6901028042963,娇子(五粮醇香),一类烟,201.4,230.0,6.036,5.924,29.82734,50350.0,515.54,98.144467,18.18769,8.208173,201.4,15.412,15.296,844.0,817.0,837.0,99.17,102.45,99.25,836.0,116.44,99.88,,,0.0,,5.92,6.04,98.14,844.0,450.0,75.52,53.32,341.0,268.0,195.0,23.0,75.78,59.56,43.33,5.11,118.0,2025-01-01,1,2025,1.1420059582919562,0.2751895743971806,87.02565833896016,-97.144467,,0.035340450236966824,0.9680094786729858,5,高档
202501,6901028145473,娇子(五粮浓香中支),一类烟,424.0,500.0,0.728,0.708,7.5048,106000.0,107.708,97.252747,4.323225,2.318169,424.0,,,844.0,,,0.0,,,,,,,,,,0.71,0.73,97.25,844.0,167.0,19.18,19.79,10.0,0.0,0.0,0.0,5.99,0.0,0.0,0.0,137.0,2025-01-01,1,2025,1.179245283018868,0.30889150943396226,152.12994350282486,-96.252747,,0.008891943127962086,,5,高档
202501,6901028180603,红金龙(硬神州腾龙),三类烟,57.24,65.0,0.02,0.0,0.0,,2668.86,0.0,0.0,0.0,57.24,0.052,0.0,844.0,,,0.0,,0.0,,,,,,,,,,,,,,,,,,,,,,,,2025-01-01,1,2025,1.1355695317959469,,,1.0,,0.0,,3,中档
202501,6901028936750,好猫(长乐),二类烟,121.9,140.0,1.424,1.392,4.24212,30475.0,65.392,97.752809,2.726928,1.027296,121.9,1.324,1.312,844.0,379.0,328.0,38.86,86.54,99.09,328.0,86.54,100.0,,,0.0,,1.39,1.42,97.75,844.0,244.0,9.97,28.91,71.0,33.0,0.0,0.0,29.1,13.52,0.0,0.0,223.0,2025-01-01,1,2025,1.1484823625922886,0.2421657095980312,46.97701149425287,-96.752809,,0.0050262085308056875,0.4490521327014218,5,高档
202501,6901028178648,黄鹤楼(珍品细支),一类烟,381.6,450.0,0.328,0.284,2.70936,95400.0,214.236,86.585366,1.560912,0.836758,381.6,155.716,155.136,844.0,844.0,843.0,99.88,99.88,99.63,836.0,122.13,99.17,,,0.0,,0.28,0.33,86.59,844.0,71.0,1.97,8.41,0.0,0.0,0.0,0.0,0.0,0.0,0.0,0.0,62.0,2025-01-01,1,2025,1.1792452830188678,0.3088397259869489,754.3521126760563,-85.585366,,0.0032101421800947868,1.0,5,高档
202501,6901028216166,利群(软蓝),一类烟,159.0,180.0,8.024,7.92,31.482,39750.0,729.692,98.703888,20.23758,7.623,159.0,,,844.0,,,0.0,,,,,,,,,,7.92,8.02,98.7,844.0,753.0,51.83,89.22,665.0,536.0,0.0,0.0,88.31,71.18,0.0,0.0,323.0,2025-01-01,1,2025,1.1320754716981132,0.24213836477987422,92.13282828282829,-97.703888,,0.037300947867298574,,5,高档
202501,6901028165860,黄金叶(天叶细支),一类烟,848.0,1000.0,0.016,0.016,0.3392,212000.0,73.048,100.0,0.1954,0.104776,848.0,0.028,0.0,844.0,,,0.0,,0.0,,,,,,,,0.02,0.02,100.0,844.0,4.0,0.11,0.47,0.0,0.0,0.0,0.0,0.0,0.0,0.0,0.0,4.0,2025-01-01,1,2025,1.179245283018868,0.30889150943396226,4565.5,-99.0,,0.0004018957345971564,,5,高档
202501,6901028172509,黄金叶(商鼎),一类烟,175.0,200.0,8.512,8.208,35.91,43750.0,704.128,96.428571,21.887131,9.892177,175.0,7.736,7.668,844.0,840.0,663.0,78.55,78.93,99.12,663.0,80.11,100.0,,,0.0,,8.21,8.51,96.43,844.0,692.0,59.32,81.99,604.0,514.0,226.0,0.0,87.28,74.28,32.66,0.0,114.0,2025-01-01,1,2025,1.1428571428571428,0.2754713728766361,85.78557504873295,-95.428571,,0.04254739336492891,0.995260663507109,5,高档
202501,6901028136686,金圣(硬滕王阁),三类烟,97.0,110.0,6.456,6.392,15.5006,24250.0,462.536,99.008674,9.040127,4.677105,97.0,1.56,1.5,844.0,379.0,375.0,44.43,98.94,96.15,375.0,98.94,100.0,,,0.0,,6.39,6.46,99.01,844.0,824.0,45.25,97.63,431.0,310.0,0.0,0.0,52.31,37.62,0.0,0.0,14.0,2025-01-01,1,2025,1.134020618556701,0.3017370295343406,72.36170212765957,-98.008674,,0.01836563981042654,0.4490521327014218,4,中高档
202501,6901028118187,利群(新版),二类烟,143.1,160.0,21.496,21.2,75.843,35775.0,2525.644,98.623,48.407032,18.710505,143.1,3.736,3.696,844.0,808.0,661.0,78.32,81.81,98.93,659.0,94.38,99.7,,,0.0,,21.2,21.5,98.62,844.0,836.0,66.78,99.05,801.0,777.0,0.0,0.0,95.81,92.94,0.0,0.0,4.0,2025-01-01,1,2025,1.1180992313067786,0.2467004865313872,119.13415094339622,-97.623,,0.08986137440758295,0.957345971563981,5,高档
202501,6901028184250,黄鹤楼(硬1916),一类烟,848.0,1000.0,0.012,0.0,0.0,,1.012,0.0,0.0,0.0,848.0,4.544,4.396,844.0,262.0,251.0,29.74,95.8,96.74,251.0,103.19,100.0,,,0.0,,,,,,,,,,,,,,,,,,2025-01-01,1,2025,1.179245283018868,,,1.0,,0.0,0.3104265402843602,5,高档
202501,6901028179492,红金龙(软蓝九州腾龙),四类烟,38.16,45.0,0.152,0.0,0.0,,160.108,0.0,0.0,0.0,38.16,0.02,0.0,844.0,,,0.0,,0.0,,,,,,,,,,,,,,,,,,,,,,,,2025-01-01,1,2025,1.179245283018868,,,1.0,,0.0,,3,中档
202501,6901028143585,七匹狼(蓝钻),二类烟,114.5,130.0,,,,,10.724,,,,114.5,5.844,5.696,844.0,746.0,724.0,85.78,97.05,97.47,724.0,95.57,100.0,,,0.0,,,,,,,,,,,,,,,,,,2025-01-01,1,2025,1.1353711790393013,,,,,,0.8838862559241706,5,高档
202501,6901028046893,云烟(紫),二类烟,114.5,130.0,14.552,14.456,41.3803,28625.0,847.32,99.340297,26.599489,10.020415,114.5,0.02,0.016,844.0,4.0,4.0,0.47,100.0,80.0,4.0,100.0,100.0,,,0.0,,14.46,14.55,99.34,844.0,794.0,74.64,94.08,755.0,692.0,601.0,0.0,95.09,87.15,75.69,0.0,9.0,2025-01-01,1,2025,1.1353711790393013,0.24215423764448302,58.61372440509132,-98.340297,,0.04902879146919431,0.004739336492890996,5,高档
202501,6901028084772,娇子(格调细支),二类烟,129.3,150.0,0.544,0.52,1.6809,32325.0,,,,,129.3,2.484,2.444,844.0,473.0,333.0,39.45,70.4,98.39,333.0,77.83,100.0,,,0.0,,0.52,0.54,95.59,844.0,130.0,3.69,15.4,0.0,0.0,0.0,0.0,0.0,0.0,0.0,0.0,,2025-01-01,1,2025,1.160092807424594,,,,,0.0019915876777251186,0.5604265402843602,5,高档
202502,6901028314459,玉溪(硬和谐),一类烟,339.2,400.0,0.188,0.18,1.5264,84800.0,148.2,95.744681,0.8793,0.47151,339.2,6.624,6.536,846.0,831.0,700.0,82.74,84.24,98.67,700.0,85.82,100.0,,,0.0,,,,,,,,,,,,,,,,,,2025-02-01,2,2025,1.179245283018868,0.30890330188679244,823.3333333333333,-94.744681,-0.5108695652173914,0.001804255319148936,0.9822695035460993,5,高档
202502,6901028177153,云烟(硬苁蓉),二类烟,114.5,130.0,0.012,0.0,0.0,,204.884,0.0,0.0,0.0,114.5,0.028,0.016,846.0,4.0,4.0,0.47,100.0,57.14,4.0,100.0,100.0,,,0.0,,,,,,,,,,,,,,,,,,2025-02-01,2,2025,1.1353711790393013,,,1.0,-1.0,0.0,0.004728132387706856,5,高档
202502,6901028218757,黄鹤楼(硬蓝),一类烟,175.0,200.0,0.448,0.44,1.925,43750.0,151.692,98.214286,1.17315,0.53042,175.0,3.604,3.56,846.0,785.0,712.0,84.16,90.7,98.78,712.0,92.23,100.0,,,0.0,,,,,,,,,,,,,,,,,,2025-02-01,2,2025,1.1428571428571428,0.27554285714285714,344.75454545454545,-97.214286,-0.6676737160120846,0.0022754137115839246,0.9278959810874704,5,高档
202502,6901028129725,都宝(天空蓝中支),一类烟,201.4,230.0,,,,,0.3,,,,,,,,,,,,,,,,,,,,,,,,,,,,,,,,,,,,2025-02-01,2,2025,1.1420059582919562,,,,,,,5,高档
202502,6901028225113,黄山(金皖烟),一类烟,248.04,280.0,,,,,100.664,,,,,,,,,,,,,,,,,,,,,,,,,,,,,,,,,,,,2025-02-01,2,2025,1.128850185453959,,,,,,,5,高档
202502,6901028211352,七匹狼(纯境),二类烟,143.1,160.0,0.5,0.44,1.5741,35775.0,910.192,88.0,1.011899,0.381141,143.1,0.004,0.0,846.0,,,,,0.0,,,,,,,,,,,,,,,,,,,,,,,,2025-02-01,2,2025,1.1180992313067786,0.24213264722698685,2068.6181818181817,-87.0,-0.922752808988764,0.0018606382978723405,,5,高档
202502,6901028114455,苏烟(软金砂),一类烟,381.6,450.0,0.016,0.0,0.0,,61.232,0.0,0.0,0.0,381.6,0.472,0.444,846.0,111.0,111.0,13.12,100.0,94.07,111.0,100.0,100.0,,,0.0,,,,,,,,,,,,,,,,,,2025-02-01,2,2025,1.1792452830188678,,,1.0,,0.0,0.13120567375886524,5,高档
202502,6901028118828,利群(长嘴),一类烟,190.8,220.0,0.008,0.0,0.0,,477.56,0.0,0.0,0.0,190.8,0.156,0.152,846.0,40.0,38.0,4.49,95.0,97.44,38.0,95.0,100.0,,,0.0,,,,,,,,,,,,,,,,,,2025-02-01,2,2025,1.1530398322851152,,,1.0,-1.0,0.0,0.04728132387706856,5,高档
202502,6901028179270,红金龙(软精品),三类烟,90.1,110.0,42.388,42.156,94.95639,22525.0,3603.544,99.452675,61.041893,22.990449,90.1,3.288,3.2,846.0,808.0,800.0,94.56,99.01,97.32,800.0,99.01,100.0,,,0.0,,,,,,,,,,,,,,,,,,2025-02-01,2,2025,1.2208657047724751,0.24211587024317166,85.4811651959389,-98.452675,-0.4174773380499668,0.11224159574468084,0.9550827423167849,4,中高档
202502,6901028075015,中华(硬),一类烟,381.6,450.0,0.752,0.68,6.4872,95400.0,172.408,90.425532,3.737144,2.003756,381.6,0.832,0.78,846.0,85.0,84.0,9.93,98.82,93.75,84.0,98.48,100.0,,,0.0,,,,,,,,,,,,,,,,,,2025-02-01,2,2025,1.1792452830188678,0.3088784067085954,253.5411764705882,-89.425532,-0.8949320148331273,0.007668085106382979,0.10047281323877069,5,高档
202502,6901028164177,红旗渠(雪茄),四类烟,44.5,50.0,0.016,0.0,0.0,,0.0,0.0,0.0,0.0,44.5,0.96,0.928,846.0,236.0,232.0,27.42,98.31,96.67,232.0,98.31,100.0,,,0.0,,,,,,,,,,,,,,,,,,2025-02-01,2,2025,1.1235955056179776,,,1.0,,0.0,0.2789598108747045,3,中档
202502,6901028224642,金圣(青瓷),一类烟,158.0,180.0,0.432,0.424,1.6748,39500.0,384.768,98.148148,1.076643,0.405449,158.0,,,846.0,,,,,,,,,,,,,,,,,,,,,,,,,,,,,2025-02-01,2,2025,1.139240506329114,0.24208801050871745,907.4716981132075,-97.148148,-0.9024839006439742,0.0019796690307328606,,5,高档
202502,6901028191142,白沙(硬),三类烟,71.0,80.0,0.024,0.0,0.0,,361.8,0.0,0.0,0.0,71.0,,,846.0,,,,,,,,,,,,,,,,,,,,,,,,,,,,,2025-02-01,2,2025,1.1267605633802817,,,1.0,,0.0,,4,中高档
202502,6901028219839,黄鹤楼(硬祝福),一类烟,167.48,200.0,,,,,0.012,,,,,,,,,,,,,,,,,,,,,,,,,,,,,,,,,,,,2025-02-01,2,2025,1.1941724385001196,,,,,,,5,高档
202502,6901028024976,娇子(X),三类烟,97.0,110.0,0.96,0.928,2.2504,24250.0,952.648,96.666667,1.446518,0.54497,97.0,6.136,6.096,846.0,821.0,796.0,94.09,96.95,99.35,794.0,96.76,99.75,,,0.0,,,,,,,,,,,,,,,,,,2025-02-01,2,2025,1.134020618556701,0.24216583718450052,1026.5603448275863,-95.666667,-0.8170347003154574,0.002660047281323877,0.9704491725768322,4,中高档
202502,6901028187855,黄鹤楼(软1916),一类烟,848.0,1000.0,0.116,0.1,2.12,212000.0,69.452,86.206897,1.221267,0.654833,848.0,0.78,0.756,846.0,190.0,185.0,21.87,97.37,96.92,185.0,97.42,100.0,,,0.0,,,,,,,,,,,,,,,,,,2025-02-01,2,2025,1.179245283018868,0.3088834905660377,694.52,-85.206897,-0.9833997343957503,0.002505910165484634,0.22458628841607564,5,高档
202502,6901028180634,红金龙(软虹之彩),五类烟,19.08,25.0,0.028,0.0,0.0,,0.0,0.0,0.0,0.0,19.08,8.348,8.268,846.0,846.0,815.0,96.34,96.34,99.04,815.0,94.86,100.0,,,0.0,,,,,,,,,,,,,,,,,,2025-02-01,2,2025,1.310272536687631,,,1.0,,0.0,1.0,2,中低档
202502,6901028227438,龙凤呈祥(软魅力朝天门),三类烟,97.0,110.0,0.012,0.0,0.0,,462.896,0.0,0.0,0.0,97.0,0.316,0.3,846.0,85.0,75.0,8.87,88.24,94.94,75.0,88.24,100.0,,,0.0,,,,,,,,,,,,,,,,,,2025-02-01,2,2025,1.134020618556701,,,1.0,,0.0,0.10047281323877069,4,中高档
202502,6901028219174,黄鹤楼(硬奇景),一类烟,238.5,300.0,3.604,3.56,21.2265,59625.0,861.572,98.779134,12.93615,5.848194,238.5,0.412,0.384,846.0,40.0,40.0,4.73,100.0,93.2,40.0,100.0,100.0,,,0.0,,,,,,,,,,,,,,,,,,2025-02-01,2,2025,1.2578616352201257,0.2755138152780722,242.01460674157303,-97.779134,-0.9049246875333832,0.025090425531914897,0.04728132387706856,5,高档
202502,6901028159753,泰山(心悦),二类烟,139.92,160.0,1.096,1.08,3.77784,34980.0,138.484,98.540146,2.42865,0.91449,139.92,0.0002,0.0002,846.0,846.0,2.0,0.24,0.24,100.0,2.0,0.04,100.0,,,0.0,,,,,,,,,,,,,,,,,,2025-02-01,2,2025,1.1435105774728418,0.24206689536878218,128.22592592592594,-97.540146,0.10204081632653073,0.004465531914893617,1.0,5,高档
202502,6901028937504,好猫(金丝猴),二类烟,129.3,150.0,,,,,0.036,,,,,,,,,,,,,,,,,,,,,,,,,,,,,,,,,,,,2025-02-01,2,2025,1.160092807424594,,,,,,,5,高档
202502,6901028107297,钻石(玫瑰二代),三类烟,97.0,110.0,0.344,0.324,0.7857,24250.0,159.184,94.186047,0.505035,0.190269,97.0,0.084,0.076,846.0,20.0,19.0,2.25,95.0,90.48,19.0,95.0,100.0,,,0.0,,,,,,,,,,,,,,,,,,2025-02-01,2,2025,1.134020618556701,0.24216494845360825,491.3086419753086,-93.186047,,0.0009287234042553191,0.02364066193853428,4,中高档
202502,6901028162876,黄金叶(喜满堂),三类烟,88.0,100.0,13.356,13.292,29.2424,22000.0,2194.068,99.520815,18.798246,7.080482,88.0,1.432,1.428,846.0,410.0,357.0,42.2,87.07,99.72,357.0,87.07,100.0,,,0.0,,,,,,,,,,,,,,,,,,2025-02-01,2,2025,1.1363636363636365,0.24213067326895193,165.06680710201627,-98.520815,-0.17767879237812434,0.03456548463356974,0.4846335697399527,4,中高档
202502,6901028242066,黄鹤楼(硬峡谷情),一类烟,339.2,400.0,0.112,0.032,0.27136,84800.0,116.352,28.571429,0.15632,0.083824,339.2,,,846.0,,,,,,,,,,,,,,,,,,,,,,,,,,,,,2025-02-01,2,2025,1.179245283018868,0.30890330188679244,3636.0,-27.571429,-0.9799498746867168,0.0003207565011820331,,5,高档
202502,6901028058148,好猫(细支长乐),二类烟,139.92,160.0,2.572,2.552,8.926896,34980.0,470.588,99.222395,5.73881,2.160906,139.92,,,846.0,,,,,,,,,,,,,,,,,,,,,,,,,,,,,2025-02-01,2,2025,1.1435105774728418,0.2420668953687822,184.39968652037618,-98.222395,8.114285714285714,0.010551886524822694,,5,高档
202502,6901028936996,好猫(招财猫1600),一类烟,158.0,180.0,0.48,0.464,1.8328,39500.0,205.364,96.666667,1.178212,0.4437,158.0,3.028,2.992,846.0,810.0,748.0,88.42,92.35,98.81,748.0,92.35,100.0,,,0.0,,,,,,,,,,,,,,,,,,2025-02-01,2,2025,1.139240506329114,0.2420886075949367,442.59482758620686,-95.666667,-0.6463414634146342,0.0021664302600472815,0.9574468085106383,5,高档
202502,6901028025645,娇子(时代阳光),三类烟,71.0,80.0,6.136,6.096,10.177272,16695.0,476.868,99.34811,6.542532,2.464075,71.0,0.784,0.76,846.0,467.0,190.0,22.46,40.69,96.94,190.0,40.69,100.0,,,0.0,,,,,,,,,,,,,,,,,,2025-02-01,2,2025,1.1267605633802817,0.2421154706290644,78.2263779527559,-98.34811,0.4611697027804411,0.012029872340425532,0.5520094562647754,4,中高档
202502,4891132530116,红双喜(南洋经典),三类烟,67.95,80.0,0.016,0.0,0.0,,8.248,0.0,0.0,0.0,67.95,,,846.0,,,,,,,,,,,,,,,,,,,,,,,,,,,,,2025-02-01,2,2025,1.177336276674025,,,1.0,,0.0,,4,中高档
202502,6901028062015,苏烟(五星红杉树),一类烟,188.68,220.0,1.548,1.524,7.188708,47170.0,204.236,98.449612,4.381182,1.980375,188.68,0.016,0.0,846.0,,,,,0.0,,,,,,,,,,,,,,,,,,,,,,,,2025-02-01,2,2025,1.165995336018656,0.2754841342839353,134.01312335958005,-97.449612,-0.5290482076637825,0.008497290780141845,,5,高档
202502,6901028227285,天子(金),一类烟,167.48,200.0,4.328,4.28,17.92036,41870.0,715.064,98.890943,11.519729,4.338741,167.48,,,846.0,,,,,,,,,,,,,,,,,,,,,,,,,,,,,2025-02-01,2,2025,1.1941724385001196,0.24211237943880592,167.07102803738317,-97.890943,-0.4940898345153665,0.021182458628841605,,5,高档
202502,6901028314985,红塔山(硬经典),三类烟,75.0,85.0,9.368,9.32,17.475,18750.0,437.312,99.487617,11.23293,4.23128,75.0,2.372,2.328,846.0,381.0,364.0,43.03,95.54,98.15,364.0,92.53,100.0,,,0.0,,,,,,,,,,,,,,,,,,2025-02-01,2,2025,1.1333333333333333,0.2421333333333333,46.92188841201717,-98.487617,1.8944099378881987,0.02065602836879433,0.450354609929078,4,中高档
202502,6901028042215,娇子(宽窄平安中支),一类烟,339.2,400.0,,,,,123.932,,,,,,,,,,,,,,,,,,,,,,,,,,,,,,,,,,,,2025-02-01,2,2025,1.179245283018868,,,,,,,5,高档
202502,6901028185912,黄鹤楼(硬红),一类烟,190.8,220.0,47.844,47.424,226.21248,47700.0,5415.884,99.122147,137.861568,62.326992,190.8,2.26,2.236,846.0,633.0,559.0,66.08,88.31,98.94,559.0,88.31,100.0,,,0.0,,,,,,,,,,,,,,,,,,2025-02-01,2,2025,1.1530398322851152,0.27552410901467506,114.2013326585695,-98.122147,-0.7832144816236972,0.26739063829787235,0.74822695035461,5,高档
202502,6901028009744,双喜(勿忘我),一类烟,175.0,200.0,0.836,0.804,3.5175,43750.0,26.04,96.172249,2.143665,0.969222,175.0,1.176,1.168,846.0,466.0,289.0,34.16,62.02,99.32,289.0,60.46,100.0,,,0.0,,,,,,,,,,,,,,,,,,2025-02-01,2,2025,1.1428571428571428,0.27554285714285714,32.38805970149254,-95.172249,-0.5097560975609756,0.004157801418439716,0.5508274231678487,5,高档
202502,6901028187343,黄鹤楼(硬8度),一类烟,158.0,180.0,2.26,2.236,8.8322,39500.0,230.904,98.938053,5.677923,2.138015,158.0,0.116,0.1,846.0,21.0,21.0,2.48,100.0,86.21,21.0,100.0,100.0,,,0.0,,,,,,,,,,,,,,,,,,2025-02-01,2,2025,1.139240506329114,0.24207049206313264,103.26654740608228,-97.938053,-0.5079225352112675,0.010439952718676123,0.024822695035460994,5,高档
202502,6901028080224,钻石(硬特醇),四类烟,44.5,50.0,2.508,2.456,2.7323,11125.0,1092.868,97.926635,1.824808,0.593124,44.5,0.196,0.176,846.0,40.0,40.0,4.73,100.0,89.8,40.0,100.0,100.0,,,0.0,,,,,,,,,,,,,,,,,,2025-02-01,2,2025,1.1235955056179776,0.21707865168539325,444.9788273615635,-96.926635,-0.25755743651753327,0.0032296690307328604,0.04728132387706856,3,中档
202502,6901028184304,黄鹤楼(硬平安),一类烟,720.8,1000.0,0.016,0.0,0.0,,79.308,0.0,0.0,0.0,720.8,47.844,47.424,846.0,846.0,845.0,99.88,99.88,99.12,845.0,99.57,100.0,,,0.0,,,,,,,,,,,,,,,,,,2025-02-01,2,2025,1.3873473917869035,,,1.0,-1.0,0.0,1.0,5,高档
202502,6901028160285,黄金叶(乐途),二类烟,121.9,140.0,6.728,6.66,20.29635,30475.0,1198.096,98.989298,13.04694,4.91454,121.9,,,846.0,,,,,,,,,,,,,,,,,,,,,,,,,,,,,2025-02-01,2,2025,1.1484823625922886,0.24213910382901357,179.8942942942943,-97.989298,inf,0.02399095744680851,,5,高档
202502,6901028188081,黄鹤楼(硬银紫),二类烟,114.5,130.0,9.272,9.176,26.2663,28625.0,886.844,98.964625,16.88384,6.361222,114.5,,,846.0,,,,,,,,,,,,,,,,,,,,,,,,,,,,,2025-02-01,2,2025,1.1353711790393013,0.24218188324963924,96.6482127288579,-97.964625,-0.1706435285610991,0.031047635933806148,,5,高档
202502,6901028084321,娇子(软阳光),三类烟,88.0,100.0,6.204,6.144,13.5168,22000.0,2029.012,99.032882,8.689154,3.273214,88.0,1.676,1.668,846.0,458.0,327.0,38.65,71.4,99.52,327.0,71.28,100.0,,,0.0,,,,,,,,,,,,,,,,,,2025-02-01,2,2025,1.1363636363636365,0.24215894294507576,330.24283854166663,-98.032882,-0.5983263598326359,0.015977304964539005,0.541371158392435,4,中高档
202502,6901028165921,黄金叶(小目标),二类烟,121.9,140.0,,,,,0.068,,,,,,,,,,,,,,,,,,,,,,,,,,,,,,,,,,,,2025-02-01,2,2025,1.1484823625922886,,,,,,,5,高档
202502,6901028104302,龙烟(老巴夺传琦),一类烟,225.0,260.0,0.628,0.608,3.42,56250.0,36.748,96.815287,2.084376,0.942248,225.0,,,846.0,,,,,,,,,,,,,,,,,,,,,,,,,,,,,2025-02-01,2,2025,1.1555555555555554,0.2755111111111111,60.440789473684205,-95.815287,-0.7185185185185186,0.004042553191489362,,5,高档
202502,6901028098335,长白山(蓝尚),一类烟,158.0,180.0,,,,,318.916,,,,158.0,0.348,0.316,846.0,61.0,59.0,6.97,96.72,90.8,59.0,97.53,100.0,,,0.0,,,,,,,,,,,,,,,,,,2025-02-01,2,2025,1.139240506329114,,,,,,0.07210401891252956,5,高档
202502,6901028179324,黄鹤楼(硬珍品),一类烟,339.2,400.0,0.58,0.532,4.51136,84800.0,1542.64,91.724138,2.59882,1.393534,339.2,14.596,14.504,846.0,845.0,806.0,95.27,95.38,99.37,805.0,94.08,99.88,,,0.0,,,,,,,,,,,,,,,,,,2025-02-01,2,2025,1.179245283018868,0.3088944353809051,2899.6992481203006,-90.724138,-0.9965707508250825,0.0053325768321513,0.9988179669030733,5,高档
202502,6901028053440,玉溪(高配版),一类烟,201.4,250.0,,,,,0.0,,,,,,,,,,,,,,,,,,,,,,,,,,,,,,,,,,,,2025-02-01,2,2025,1.2413108242303872,,,,,,,5,高档
202502,6901028207089,利群(蓝天),二类烟,143.1,160.0,,,,,0.0,,,,,,,,,,,,,,,,,,,,,,,,,,,,,,,,,,,,2025-02-01,2,2025,1.1180992313067786,,,,,,,5,高档
202502,6901028937535,好猫(金猴王),三类烟,71.0,80.0,3.028,2.992,4.99664,16700.0,1095.628,98.811096,3.211912,1.210264,71.0,0.092,0.076,846.0,20.0,19.0,2.25,95.0,82.61,19.0,95.0,100.0,,,0.0,,,,,,,,,,,,,,,,,,2025-02-01,2,2025,1.1267605633802817,0.24221556886227544,366.18582887700535,-97.811096,inf,0.005906193853427897,0.02364066193853428,4,中高档
202502,6901028155557,泰山(颜悦),一类烟,167.48,190.0,0.672,0.652,2.729924,41870.0,303.512,97.02381,1.754858,0.660965,167.48,,,846.0,,,,,,,,,,,,,,,,,,,,,,,,,,,,,2025-02-01,2,2025,1.1344638165751135,0.24211846190589922,465.5092024539877,-96.02381,-0.5316091954022988,0.0032268605200945627,,5,高档
202502,6901028189057,黄鹤楼(硬雪之景),二类烟,121.9,140.0,,,,,497.148,,,,,,,,,,,,,,,,,,,,,,,,,,,,,,,,,,,,2025-02-01,2,2025,1.1484823625922886,,,,,,,5,高档
202502,8888075018616,555·双冰,一类烟,271.07,320.0,,,,,3.236,,,,271.07,,,846.0,,,,,,,,,,,,,,,,,,,,,,,,,,,,,2025-02-01,2,2025,1.180506880141661,,,,,,,5,高档
202502,6901028218603,黄鹤楼(硬1916如意),一类烟,763.2,900.0,0.616,0.592,11.29536,190800.0,178.328,96.103896,6.50639,3.489526,763.2,0.02,0.0,846.0,,,,,0.0,,,,,,,,,,,,,,,,,,,,,,,,2025-02-01,2,2025,1.1792452830188678,0.3089344651255029,301.22972972972974,-95.103896,-0.9808389435525634,0.013351489361702128,,5,高档
202502,6901028143554,七匹狼(锋芒),一类烟,158.0,180.0,1.624,1.608,6.3516,39500.0,267.112,99.014778,4.083114,1.53765,158.0,0.008,0.0,846.0,,,,,0.0,,,,,,,,,,,,,,,,,,,,,,,,2025-02-01,2,2025,1.139240506329114,0.2420886075949367,166.1144278606965,-98.014778,1.8920863309352516,0.007507801418439717,,5,高档
202502,6901028121736,利群(楼外楼),一类烟,175.0,200.0,0.444,0.436,1.9075,43750.0,163.94,98.198198,1.162514,0.525569,175.0,0.016,0.0,846.0,,,,,0.0,,,,,,,,,,,,,,,,,,,,,,,,2025-02-01,2,2025,1.1428571428571428,0.2755276539973788,376.0091743119266,-97.198198,-0.706989247311828,0.002254728132387707,,5,高档
202502,6901028065504,兰州(硬珍品),二类烟,155.0,180.0,,,,,240.508,,,,155.0,4.328,4.28,846.0,817.0,658.0,77.78,80.54,98.89,658.0,78.1,100.0,,,0.0,,,,,,,,,,,,,,,,,,2025-02-01,2,2025,1.1612903225806452,,,,,,0.9657210401891253,5,高档
202502,6901028075053,牡丹(软),二类烟,121.9,140.0,4.524,4.348,13.25053,30475.0,691.896,96.109637,8.517219,3.209337,121.9,0.336,0.32,846.0,85.0,80.0,9.46,94.12,95.24,80.0,94.12,100.0,,,0.0,,,,,,,,,,,,,,,,,,2025-02-01,2,2025,1.1484823625922886,0.24220442503054596,159.12971481140755,-95.109637,0.3049219687875151,0.01566256501182033,0.10047281323877069,5,高档
202502,6901028936477,好猫(猴王磨砂),三类烟,106.0,120.0,,,,,91.3,,,,106.0,0.428,0.42,846.0,111.0,105.0,12.41,94.59,98.13,105.0,94.59,100.0,,,0.0,,,,,,,,,,,,,,,,,,2025-02-01,2,2025,1.1320754716981132,,,,,,0.13120567375886524,5,高档
202502,6901028221450,贵烟(跨越),一类烟,201.4,230.0,2.984,2.952,14.86332,50350.0,786.844,98.927614,9.05933,4.094044,201.4,,,846.0,,,,,,,,,,,,,,,,,,,,,,,,,,,,,2025-02-01,2,2025,1.1420059582919562,0.27544613181980876,266.54607046070464,-97.927614,-0.018617021276595813,0.017568936170212764,,5,高档
202502,6901028180009,黄鹤楼(软珍品),一类烟,530.0,650.0,0.048,0.032,0.424,132500.0,534.276,66.666667,0.244248,0.130972,530.0,58.828,58.5,846.0,846.0,845.0,99.88,99.88,99.44,845.0,99.67,100.0,,,0.0,,,,,,,,,,,,,,,,,,2025-02-01,2,2025,1.2264150943396226,0.30889622641509434,16696.125,-65.666667,-0.9995336092811753,0.0005011820330969266,1.0,5,高档
202502,6901028190602,黄鹤楼(软雪之景),二类烟,121.9,140.0,10.112,10.0,30.475,30475.0,654.524,98.892405,19.59,7.379455,121.9,,,846.0,,,,,,,,,,,,,,,,,,,,,,,,,,,,,2025-02-01,2,2025,1.1484823625922886,0.2421478260869565,65.4524,-97.892405,-0.12311469659768504,0.03602245862884161,,5,高档
202502,6901028084772,娇子(格调细支),二类烟,129.3,150.0,1.676,1.668,5.39181,32325.0,365.46,99.522673,3.466104,1.30521,129.3,1.36,1.308,846.0,450.0,280.0,33.1,62.22,96.18,280.0,65.4,100.0,,,0.0,,,,,,,,,,,,,,,,,,2025-02-01,2,2025,1.160092807424594,0.24207269914926524,219.10071942446044,-98.522673,2.2076923076923074,0.0063732978723404264,0.5319148936170213,5,高档
202502,6901028046893,云烟(紫),二类烟,114.5,130.0,8.4,8.324,23.82745,28625.0,435.944,99.095238,15.316441,5.770332,114.5,,,846.0,,,,,,,,,,,,,,,,,,,,,,,,,,,,,2025-02-01,2,2025,1.1353711790393013,0.2421716129925779,52.37193656895724,-98.095238,-0.42418372993912556,0.02816483451536643,,5,高档
202502,6901028940504,红金龙(硬新版),四类烟,44.5,50.0,18.72,18.568,20.6569,11125.0,1456.64,99.188034,13.796256,4.48394,44.5,0.016,0.0,846.0,,,,,0.0,,,,,,,,,,,,,,,,,,,,,,,,2025-02-01,2,2025,1.1235955056179776,0.2170674205713345,78.4489444205084,-98.188034,-0.2925937214263944,0.02441713947990544,,3,中档
202502,6901028010115,中南海(典8),三类烟,97.0,110.0,0.008,0.0,0.0,,239.812,0.0,0.0,0.0,97.0,,,846.0,,,,,,,,,,,,,,,,,,,,,,,,,,,,,2025-02-01,2,2025,1.134020618556701,,,1.0,-1.0,0.0,,4,中高档
202502,6901028120708,利群(软长嘴),一类烟,318.0,360.0,0.352,0.34,2.703,79500.0,327.36,96.590909,1.557166,0.8349,318.0,0.444,0.436,846.0,111.0,109.0,12.88,98.2,98.2,109.0,98.2,100.0,,,0.0,,,,,,,,,,,,,,,,,,2025-02-01,2,2025,1.1320754716981132,0.3088790233074362,962.8235294117646,-95.590909,-0.8637820512820513,0.0031950354609929076,0.13120567375886524,5,高档
202502,6901028126007,黄山(新一品),三类烟,71.0,80.0,0.42,0.356,0.54735,15375.0,640.368,84.761905,0.351817,0.132521,71.0,1.624,1.608,846.0,427.0,402.0,47.52,94.15,99.01,402.0,94.15,100.0,,,0.0,,,,,,,,,,,,,,,,,,2025-02-01,2,2025,1.1267605633802817,0.2421138211382114,1798.7865168539329,-83.761905,-0.8890274314214464,0.0006469858156028369,0.5047281323877069,4,中高档
202502,6901028011785,真龙(起源),一类烟,212.0,250.0,0.316,0.3,1.59,53000.0,84.528,94.936709,0.969,0.438075,212.0,0.664,0.644,846.0,237.0,161.0,19.03,67.93,96.99,161.0,67.93,100.0,,,0.0,,,,,,,,,,,,,,,,,,2025-02-01,2,2025,1.179245283018868,0.2755188679245283,281.76000000000005,-93.936709,0.3157894736842104,0.0018794326241134752,0.2801418439716312,5,高档
202502,6901028077910,钻石(软荷花),一类烟,339.2,400.0,0.264,0.244,2.06912,84800.0,101.212,92.424242,1.19194,0.639158,339.2,2.364,2.292,846.0,511.0,502.0,59.34,98.24,96.95,502.0,98.45,100.0,,,0.0,,,,,,,,,,,,,,,,,,2025-02-01,2,2025,1.179245283018868,0.3089033018867925,414.8032786885246,-91.424242,-0.8699360341151385,0.002445768321513002,0.6040189125295509,5,高档
202502,6901028229074,天子(中支),一类烟,201.4,230.0,,,,,319.916,,,,201.4,0.012,0.0,846.0,,,,,0.0,,,,,,,,,,,,,,,,,,,,,,,,2025-02-01,2,2025,1.1420059582919562,,,,,,,5,高档
202502,6901028182560,红金龙(硬红龙),三类烟,47.7,55.0,4.588,4.516,5.38533,11925.0,325.364,98.430689,3.461596,1.303913,47.7,18.72,18.568,846.0,846.0,845.0,99.88,99.88,99.19,845.0,99.36,100.0,,,0.0,,,,,,,,,,,,,,,,,,2025-02-01,2,2025,1.1530398322851152,0.24212313822922646,72.04694419840567,-97.430689,-0.22030386740331487,0.00636563829787234,1.0,3,中档
202502,6901028001625,双喜(硬经典1906),二类烟,150.52,170.0,2.144,2.136,8.037768,37630.0,647.612,99.626866,5.166986,1.945894,150.52,0.9,0.88,846.0,235.0,220.0,26.0,93.62,97.78,220.0,93.62,100.0,,,0.0,,,,,,,,,,,,,,,,,,2025-02-01,2,2025,1.1294180175391975,0.24209382505192983,303.189138576779,-98.626866,-0.6093635698610095,0.00950090780141844,0.2777777777777778,5,高档
202502,8888075005524,555金·锐,二类烟,137.8,160.0,,,,,2.52,,,,137.8,,,846.0,,,,,,,,,,,,,,,,,,,,,,,,,,,,,2025-02-01,2,2025,1.1611030478955007,,,,,,,5,高档
202502,6901028123266,黄山(硬记忆),三类烟,88.0,100.0,0.472,0.444,0.9768,22000.0,379.556,94.067797,0.627927,0.236541,88.0,0.304,0.292,846.0,61.0,54.0,6.38,88.52,96.05,54.0,90.12,100.0,,,0.0,,,,,,,,,,,,,,,,,,2025-02-01,2,2025,1.1363636363636365,0.2421590909090909,854.8558558558558,-93.067797,-0.8644688644688645,0.0011546099290780142,0.07210401891252956,4,中高档
202502,6901028062329,南京(十二钗烤烟),一类烟,243.8,280.0,0.336,0.32,1.9504,60950.0,232.504,95.238095,1.18864,0.53736,243.8,2.856,2.784,846.0,750.0,696.0,82.27,92.8,97.48,696.0,92.8,100.0,,,0.0,,,,,,,,,,,,,,,,,,2025-02-01,2,2025,1.1484823625922886,0.27551271534044297,726.5749999999999,-94.238095,19.0,0.0023054373522458627,0.8865248226950354,5,高档
202502,6901028181457,黄鹤楼(硬峡谷柔情),一类烟,263.0,300.0,3.416,3.372,22.1709,65750.0,705.896,98.711944,12.771463,6.848544,263.0,0.012,0.0,846.0,,,,,0.0,,,,,,,,,,,,,,,,,,,,,,,,2025-02-01,2,2025,1.1406844106463878,0.30889787965305876,209.34045077105574,-97.711944,-0.9234749455337691,0.02620673758865248,,5,高档
202502,6901028225175,黄山(新制皖烟),二类烟,121.9,140.0,1.624,1.608,4.90038,30475.0,1184.576,99.014778,3.150073,1.186703,121.9,,,846.0,,,,,,,,,,,,,,,,,,,,,,,,,,,,,2025-02-01,2,2025,1.1484823625922886,0.24216550553222405,736.6766169154229,-98.014778,-0.8145756457564576,0.005792411347517731,,5,高档
202502,6901028221351,贵烟(新贵),三类烟,93.28,110.0,0.616,0.608,1.417856,23320.0,447.192,98.701299,0.911392,0.343368,93.28,2.984,2.952,846.0,824.0,529.0,62.53,64.2,98.93,529.0,69.69,100.0,,,0.0,,,,,,,,,,,,,,,,,,2025-02-01,2,2025,1.179245283018868,0.24217409948542024,735.5131578947369,-97.701299,-0.5594202898550724,0.001675952718676123,0.9739952718676123,4,中高档
202502,6901028079990,钻石(荷花),一类烟,275.6,320.0,2.364,2.292,15.79188,68900.0,733.868,96.954315,9.097173,4.877724,275.6,2.508,2.456,846.0,555.0,536.0,63.36,96.58,97.93,536.0,96.09,100.0,,,0.0,,,,,,,,,,,,,,,,,,2025-02-01,2,2025,1.1611030478955007,0.308875447381819,320.1867364746946,-95.954315,-0.7803756228440015,0.018666524822695037,0.6560283687943262,5,高档
202502,6901028005036,双喜(硬金五叶神),二类烟,121.9,140.0,0.9,0.88,2.6818,30475.0,361.028,97.777778,1.723938,0.649422,121.9,0.836,0.804,846.0,235.0,201.0,23.76,85.53,96.17,201.0,85.53,100.0,,,0.0,,,,,,,,,,,,,,,,,,2025-02-01,2,2025,1.1484823625922886,0.24215899768811994,410.25909090909096,-96.777778,-0.6681749622926094,0.0031699763593380616,0.2777777777777778,5,高档
202502,6901028937832,好猫(长乐九美),一类烟,175.0,200.0,0.092,0.076,0.3325,43750.0,237.548,82.608696,0.202635,0.091618,175.0,0.004,0.0,846.0,,,,,0.0,,,,,,,,,,,,,,,,,,,,,,,,2025-02-01,2,2025,1.1428571428571428,0.27554285714285714,3125.6315789473683,-81.608696,-0.3870967741935484,0.0003930260047281324,,5,高档
202502,6901028042758,娇子(宽窄逍遥),一类烟,678.4,800.0,,,,,29.808,,,,678.4,0.76,0.752,846.0,370.0,188.0,22.22,50.81,98.95,188.0,50.81,100.0,,,0.0,,,,,,,,,,,,,,,,,,2025-02-01,2,2025,1.179245283018868,,,,,,0.4373522458628842,5,高档
202502,6901028317177,玉溪(软),一类烟,201.4,230.0,6.624,6.536,32.90876,50350.0,1889.272,98.671498,20.056289,9.066493,201.4,5.016,4.904,846.0,813.0,798.0,94.33,98.15,97.77,798.0,98.63,100.0,,,0.0,,,,,,,,,,,,,,,,,,2025-02-01,2,2025,1.1420059582919562,0.27550393876888707,289.0563035495716,-97.671498,-0.2207916070577015,0.038899243498817966,0.9609929078014184,5,高档
202502,6901028218634,黄鹤楼(硬1916红爆),一类烟,720.8,1000.0,0.02,0.0,0.0,,70.128,0.0,0.0,0.0,720.8,0.448,0.44,846.0,111.0,110.0,13.0,99.1,98.21,110.0,99.1,100.0,,,0.0,,,,,,,,,,,,,,,,,,2025-02-01,2,2025,1.3873473917869035,,,1.0,-1.0,0.0,0.13120567375886524,5,高档
202502,6901028190374,黄鹤楼(硬15细支),一类烟,848.0,1000.0,,,,,13.204,,,,848.0,10.112,10.0,846.0,845.0,823.0,97.28,97.4,98.89,823.0,96.64,100.0,,,0.0,,,,,,,,,,,,,,,,,,2025-02-01,2,2025,1.179245283018868,,,,,,0.9988179669030733,5,高档
202502,6901028207508,利群(软红长嘴),一类烟,190.8,220.0,0.016,0.0,0.0,,66.048,0.0,0.0,0.0,190.8,1.012,0.996,846.0,236.0,230.0,27.19,97.46,98.42,230.0,97.27,100.0,,,0.0,,,,,,,,,,,,,,,,,,2025-02-01,2,2025,1.1530398322851152,,,1.0,-1.0,0.0,0.2789598108747045,5,高档
202502,6901028075022,中华(软),一类烟,583.0,700.0,0.832,0.78,11.3685,145750.0,109.104,93.75,6.548903,3.511732,583.0,,,846.0,,,,,,,,,,,,,,,,,,,,,,,,,,,,,2025-02-01,2,2025,1.2006861063464838,0.30890020671152746,139.87692307692308,-92.75,-0.7565543071161049,0.013437943262411347,,5,高档
202502,6901028071475,中南海(5mg),二类烟,114.5,130.0,0.008,0.0,0.0,,116.86,0.0,0.0,0.0,114.5,0.428,0.416,846.0,173.0,104.0,12.29,60.12,97.2,104.0,60.12,100.0,,,0.0,,,,,,,,,,,,,,,,,,2025-02-01,2,2025,1.1353711790393013,,,1.0,-1.0,0.0,0.2044917257683215,5,高档
202502,6901028095891,黄果树(长征),三类烟,61.5,70.0,0.004,0.0,0.0,,116.208,0.0,0.0,0.0,61.5,0.24,0.232,846.0,61.0,58.0,6.86,95.08,96.67,58.0,95.08,100.0,,,0.0,,,,,,,,,,,,,,,,,,2025-02-01,2,2025,1.1382113821138211,,,1.0,,0.0,0.07210401891252956,3,中档
202502,6901028180788,黄鹤楼(硬15),一类烟,848.0,1000.0,,,,,21.136,,,,848.0,1.904,1.864,846.0,236.0,232.0,27.42,98.31,97.9,230.0,97.9,99.14,,,0.0,,,,,,,,,,,,,,,,,,2025-02-01,2,2025,1.179245283018868,,,,,,0.2789598108747045,5,高档
202502,6901028241410,黄鹤楼(视窗),一类烟,300.0,350.0,0.412,0.384,2.88,75000.0,58.22,93.203884,1.658977,0.889715,300.0,0.112,0.032,846.0,4.0,4.0,0.47,100.0,28.57,4.0,100.0,100.0,,,0.0,,,,,,,,,,,,,,,,,,2025-02-01,2,2025,1.1666666666666667,0.30892881944444445,151.61458333333331,-92.203884,-0.8923766816143498,0.003404255319148936,0.004728132387706856,5,高档
202502,6901028181815,红金龙(硬蓝爱你),三类烟,97.0,110.0,8.348,8.268,20.0499,24250.0,888.056,99.041687,12.887774,4.855354,97.0,4.588,4.516,846.0,836.0,831.0,98.23,99.4,98.43,831.0,98.86,100.0,,,0.0,,,,,,,,,,,,,,,,,,2025-02-01,2,2025,1.134020618556701,0.24216350206235443,107.40880503144653,-98.041687,4.425196850393701,0.023699645390070922,0.9881796690307328,4,中高档
202502,6901028104241,哈尔滨(老巴夺),三类烟,97.0,110.0,2.556,2.52,6.111,24250.0,224.972,98.591549,3.928245,1.479675,97.0,0.628,0.608,846.0,111.0,94.0,11.11,84.68,96.82,94.0,82.16,100.0,,,0.0,,,,,,,,,,,,,,,,,,2025-02-01,2,2025,1.134020618556701,0.24213303878252335,89.27460317460317,-97.591549,0.5217391304347827,0.007223404255319149,0.13120567375886524,4,中高档
202502,6901028301695,南京(软九五),一类烟,720.8,1000.0,0.004,0.0,0.0,,22.952,0.0,0.0,0.0,720.8,1.548,1.524,846.0,433.0,381.0,45.04,87.99,98.45,381.0,87.99,100.0,,,0.0,,,,,,,,,,,,,,,,,,2025-02-01,2,2025,1.3873473917869035,,,1.0,,0.0,0.5118203309692672,5,高档
202502,6901028180818,黄鹤楼(天下名楼),二类烟,139.92,160.0,1.904,1.864,6.520272,34980.0,987.616,97.89916,4.191719,1.578523,139.92,3.416,3.372,846.0,451.0,448.0,52.96,99.33,98.71,448.0,99.41,100.0,,,0.0,,,,,,,,,,,,,,,,,,2025-02-01,2,2025,1.1435105774728418,0.24209465494691015,529.8369098712446,-96.89916,-0.7618804292284108,0.00770717730496454,0.533096926713948,5,高档
202502,6901028071536,中南海(5mg细支),二类烟,121.9,140.0,0.428,0.416,1.26776,30475.0,88.588,97.196262,0.815159,0.306793,121.9,,,846.0,,,,,,,,,,,,,,,,,,,,,,,,,,,,,2025-02-01,2,2025,1.1484823625922886,0.24199611913926924,212.95192307692307,-96.196262,,0.001498534278959811,,5,高档
202502,6901028000833,双喜(软经典),三类烟,97.0,110.0,4.472,4.412,10.6991,24250.0,1357.14,98.658318,6.877244,2.590908,97.0,2.144,2.136,846.0,736.0,534.0,63.12,72.55,99.63,534.0,72.55,100.0,,,0.0,,,,,,,,,,,,,,,,,,2025-02-01,2,2025,1.134020618556701,0.2421613032871924,307.60199456029017,-97.658318,-0.4314432989690722,0.012646690307328604,0.8699763593380615,4,中高档
202502,6901028136891,金圣(硬红·十二生肖),三类烟,61.5,70.0,3.18,3.136,4.8216,15375.0,865.312,98.616352,3.099152,1.167376,61.5,4.068,4.032,846.0,736.0,637.0,75.3,86.55,99.12,637.0,88.03,100.0,,,0.0,,,,,,,,,,,,,,,,,,2025-02-01,2,2025,1.1382113821138211,0.24211382113821137,275.92857142857144,-97.616352,1.090666666666667,0.0056992907801418444,0.8699763593380615,3,中档
202502,8888075034715,555(国际版),一类烟,254.92,300.0,0.008,0.0,0.0,,4.136,0.0,0.0,0.0,254.92,,,846.0,,,,,,,,,,,,,,,,,,,,,,,,,,,,,2025-02-01,2,2025,1.1768397928761964,,,1.0,,0.0,,5,高档
202502,6901028245029,芙蓉王(荣耀细支),一类烟,305.28,400.0,,,,,0.0,,,,,,,,,,,,,,,,,,,,,,,,,,,,,,,,,,,,2025-02-01,2,2025,1.310272536687631,,,,,,,5,高档
202502,6901028151634,泰山(白将军),二类烟,114.5,130.0,2.592,2.56,7.328,28625.0,389.268,98.765432,4.710409,1.774711,114.5,,,846.0,,,,,,,,,,,,,,,,,,,,,,,,,,,,,2025-02-01,2,2025,1.1353711790393013,0.24218217794759822,152.05781249999998,-97.765432,-0.09604519774011289,0.00866193853427896,,5,高档
202502,6901028145077,娇子(宽窄好运细支),一类烟,225.0,260.0,1.36,1.308,7.3575,56250.0,498.624,96.176471,4.485236,2.025988,225.0,0.136,0.132,846.0,40.0,25.0,2.96,62.5,97.06,25.0,68.75,100.0,,,0.0,,,,,,,,,,,,,,,,,,2025-02-01,2,2025,1.1555555555555554,0.2753636425416242,381.2110091743119,-95.176471,-0.4648117839607201,0.008696808510638298,0.04728132387706856,5,高档
202502,6901028104692,龙烟(呈祥),二类烟,129.3,150.0,,,,,0.0,,,,,,,,,,,,,,,,,,,,,,,,,,,,,,,,,,,,2025-02-01,2,2025,1.160092807424594,,,,,,,5,高档
202502,6901028009805,双喜(百年经典),一类烟,175.0,200.0,1.176,1.168,5.11,43750.0,208.26,99.319728,3.114181,1.408023,175.0,0.016,0.0,846.0,,,,,0.0,,,,,,,,,,,,,,,,,,,,,,,,2025-02-01,2,2025,1.1428571428571428,0.2755426614481409,178.30479452054794,-98.319728,-0.752542372881356,0.006040189125295509,,5,高档
202502,6901028165242,黄金叶(爱尚),二类烟,139.92,160.0,1.432,1.428,4.995144,34980.0,332.488,99.72067,3.211218,1.209156,139.92,0.296,0.292,846.0,61.0,39.0,4.61,63.93,98.65,39.0,66.97,100.0,,,0.0,,,,,,,,,,,,,,,,,,2025-02-01,2,2025,1.1435105774728418,0.24206629478549566,232.83473389355743,-98.72067,,0.005904425531914894,0.07210401891252956,5,高档
202502,6901028216166,利群(软蓝),一类烟,159.0,180.0,1.012,0.996,3.9591,39750.0,476.82,98.418972,2.545029,0.95865,159.0,,,846.0,,,,,,,,,,,,,,,,,,,,,,,,,,,,,2025-02-01,2,2025,1.1320754716981132,0.24213836477987422,478.73493975903614,-97.418972,-0.8742424242424243,0.004679787234042553,,5,高档
202502,6901028133081,金圣(青瓷中支),一类烟,175.0,200.0,0.008,0.0,0.0,,23.696,0.0,0.0,0.0,175.0,,,846.0,,,,,,,,,,,,,,,,,,,,,,,,,,,,,2025-02-01,2,2025,1.1428571428571428,,,1.0,,0.0,,5,高档
202502,6901028178105,黄鹤楼(硬天下胜景),一类烟,212.0,260.0,,,,,112.084,,,,,,,,,,,,,,,,,,,,,,,,,,,,,,,,,,,,2025-02-01,2,2025,1.2264150943396226,,,,,,,5,高档
202502,6901028331296,云烟(黑金刚印象),一类烟,466.4,600.0,0.064,0.0608,0.88616,145750.0,17.4144,95.0,0.510477,0.273729,466.4,4.612,4.572,846.0,830.0,700.0,82.74,84.34,99.13,700.0,85.94,100.0,,,0.0,,,,,,,,,,,,,,,,,,2025-02-01,2,2025,1.2864493996569468,0.3088934278234179,286.42105263157896,-94.0,-0.3666666666666667,0.0010474704491725767,0.9810874704491725,5,高档
202502,6901028092838,人民大会堂(硬红细支),二类烟,139.92,160.0,0.028,0.016,0.055968,34980.0,181.348,57.142857,0.03598,0.013548,139.92,,,846.0,,,,,,,,,,,,,,,,,,,,,,,,,,,,,2025-02-01,2,2025,1.1435105774728418,0.24206689536878215,11334.25,-56.142857,-0.8709677419354839,6.615602836879433e-05,,5,高档
202502,6901028218184,黄鹤楼(感恩中支),一类烟,225.0,260.0,0.428,0.416,2.34,56250.0,192.48,97.196262,1.426152,0.644696,225.0,0.616,0.592,846.0,85.0,84.0,9.93,98.82,96.1,84.0,98.67,100.0,,,0.0,,,,,,,,,,,,,,,,,,2025-02-01,2,2025,1.1555555555555554,0.27551111111111115,462.6923076923077,-96.196262,-0.823728813559322,0.0027659574468085106,0.10047281323877069,5,高档
202502,6901028143448,万宝路(软红2.0),二类烟,143.1,160.0,,,,,63.356,,,,143.1,,,846.0,,,,,,,,,,,,,,,,,,,,,,,,,,,,,2025-02-01,2,2025,1.1180992313067786,,,,,,,5,高档
202502,6901028018630,中华(金中支),一类烟,678.4,800.0,,,,,54.744,,,,678.4,0.028,0.016,846.0,4.0,4.0,0.47,100.0,57.14,4.0,100.0,100.0,,,0.0,,,,,,,,,,,,,,,,,,2025-02-01,2,2025,1.179245283018868,,,,,,0.004728132387706856,5,高档
202502,6901028080521,钻石(细支荷花),一类烟,360.4,420.0,0.196,0.176,1.58576,90100.0,90.072,89.795918,0.91357,0.489766,360.4,0.096,0.084,846.0,21.0,21.0,2.48,100.0,87.5,21.0,100.0,100.0,,,0.0,,,,,,,,,,,,,,,,,,2025-02-01,2,2025,1.165371809100999,0.30885253758450204,511.7727272727273,-88.795918,-0.3623188405797102,0.001874420803782506,0.024822695035460994,5,高档
202502,6901028084925,长城(醇雅薄荷),一类烟,158.4,180.0,,,,,70.6104,,,,158.4,0.008,0.0,846.0,,,,,0.0,,,,,,,,,,,,,,,,,,,,,,,,2025-02-01,2,2025,1.1363636363636362,,,,,,,5,高档
202502,6901028207829,利群(休闲),一类烟,720.8,820.0,,,,,0.0,,,,,,,,,,,,,,,,,,,,,,,,,,,,,,,,,,,,2025-02-01,2,2025,1.1376248612652609,,,,,,,5,高档
202502,6901028111270,南京(炫赫门),二类烟,155.0,180.0,2.856,2.784,10.788,38750.0,941.328,97.478992,6.934976,2.612056,155.0,,,846.0,,,,,,,,,,,,,,,,,,,,,,,,,,,,,2025-02-01,2,2025,1.1612903225806452,0.24212606599925843,338.12068965517244,-96.478992,-0.556122448979592,0.012751773049645391,,5,高档
202502,6901028204835,芙蓉王(硬中支),一类烟,263.0,300.0,0.872,0.852,5.6019,65750.0,797.436,97.706422,3.22695,1.730412,263.0,0.264,0.244,846.0,61.0,61.0,7.21,100.0,92.42,61.0,100.0,100.0,,,0.0,,,,,,,,,,,,,,,,,,2025-02-01,2,2025,1.1406844106463878,0.30889733840304184,935.9577464788733,-96.706422,-0.07391304347826089,0.006621631205673759,0.07210401891252956,5,高档
202502,6901028080446,钻石(硬蓝),三类烟,47.7,55.0,,,,,0.0,,,,,,,,,,,,,,,,,,,,,,,,,,,,,,,,,,,,2025-02-01,2,2025,1.1530398322851152,,,,,,,3,中档
202502,6901028177771,大青山(昭君和亲),二类烟,129.3,150.0,,,,,0.0,,,,,,,,,,,,,,,,,,,,,,,,,,,,,,,,,,,,2025-02-01,2,2025,1.160092807424594,,,,,,,5,高档
202502,6901028339957,云烟(细支云龙),二类烟,129.3,150.0,4.612,4.572,14.77899,32325.0,2100.644,99.132697,9.501522,3.576684,129.3,9.368,9.32,846.0,811.0,800.0,94.56,98.64,99.49,799.0,95.96,99.88,,,0.0,,,,,,,,,,,,,,,,,,2025-02-01,2,2025,1.160092807424594,0.24201139590729814,459.4584426946631,-98.132697,-0.037878787878787845,0.017469255319148936,0.958628841607565,5,高档
202502,6901028942881,双喜(硬精品好日子),三类烟,93.28,110.0,0.016,0.0,0.0,,59.808,0.0,0.0,0.0,93.28,0.092,0.08,846.0,20.0,20.0,2.36,100.0,86.96,20.0,100.0,100.0,,,0.0,,,,,,,,,,,,,,,,,,2025-02-01,2,2025,1.179245283018868,,,1.0,,0.0,0.02364066193853428,4,中高档
202502,6901028224079,金圣(滕王阁·紫光),二类烟,129.3,150.0,4.068,4.032,13.03344,32325.0,268.196,99.115044,8.3785,3.155036,129.3,0.432,0.424,846.0,111.0,106.0,12.53,95.5,98.15,106.0,95.5,100.0,,,0.0,,,,,,,,,,,,,,,,,,2025-02-01,2,2025,1.160092807424594,0.24207239224640614,66.51686507936509,-98.115044,2.294117647058824,0.015405957446808512,0.13120567375886524,5,高档
202502,6901028063371,白沙(硬新精品二代),三类烟,97.0,110.0,0.016,0.0,0.0,,221.056,0.0,0.0,0.0,97.0,0.024,0.0,846.0,,,,,0.0,,,,,,,,,,,,,,,,,,,,,,,,2025-02-01,2,2025,1.134020618556701,,,1.0,,0.0,,4,中高档
202502,6901028018722,中华(双中支),一类烟,424.0,500.0,0.028,0.016,0.1696,106000.0,143.752,57.142857,0.0977,0.052388,424.0,0.752,0.68,846.0,85.0,85.0,10.05,100.0,90.43,85.0,100.0,100.0,,,0.0,,,,,,,,,,,,,,,,,,2025-02-01,2,2025,1.179245283018868,0.30889150943396226,8984.5,-56.142857,-0.9333333333333333,0.0002004728132387707,0.10047281323877069,5,高档
202502,6901028042635,娇子(宽窄好运),一类烟,263.0,300.0,0.784,0.76,4.997,65750.0,666.452,96.938776,2.881683,1.540377,263.0,,,846.0,,,,,,,,,,,,,,,,,,,,,,,,,,,,,2025-02-01,2,2025,1.1406844106463878,0.30826035621372827,876.9105263157894,-95.938776,-0.8898550724637682,0.005906619385342789,,5,高档
202502,6901028118187,利群(新版),二类烟,143.1,160.0,5.016,4.904,17.54406,35775.0,1904.58,97.767145,11.267231,4.258833,143.1,0.008,0.0,846.0,,,,,0.0,,,,,,,,,,,,,,,,,,,,,,,,2025-02-01,2,2025,1.1180992313067786,0.24275070878690563,388.3727569331158,-96.767145,-0.7686792452830189,0.020737659574468086,,5,高档
202502,6901028184250,黄鹤楼(硬1916),一类烟,848.0,1000.0,0.012,0.0,0.0,,1.012,0.0,0.0,0.0,848.0,0.016,0.0,846.0,,,,,0.0,,,,,,,,,,,,,,,,,,,,,,,,2025-02-01,2,2025,1.179245283018868,,,1.0,,0.0,,5,高档
202502,6901028179492,红金龙(软蓝九州腾龙),四类烟,38.16,45.0,3.288,3.2,3.0528,9540.0,214.652,97.323601,2.0392,0.6624,38.16,21.708,21.628,846.0,846.0,841.0,99.41,99.41,99.63,841.0,98.27,100.0,,,0.0,,,,,,,,,,,,,,,,,,2025-02-01,2,2025,1.179245283018868,0.2169811320754717,67.07874999999999,-96.323601,inf,0.003608510638297872,1.0,3,中档
202502,6901028143585,七匹狼(蓝钻),二类烟,114.5,130.0,0.008,0.0,0.0,,0.0,0.0,0.0,0.0,114.5,0.5,0.44,846.0,111.0,110.0,13.0,99.1,88.0,110.0,99.1,100.0,,,0.0,,,,,,,,,,,,,,,,,,2025-02-01,2,2025,1.1353711790393013,,,1.0,,0.0,0.13120567375886524,5,高档
202502,6901028179348,黄鹤楼(软红),一类烟,227.9,260.0,14.596,14.504,82.63654,56975.0,4106.836,99.36969,50.361515,22.767742,227.9,0.048,0.032,846.0,4.0,4.0,0.47,100.0,66.67,4.0,100.0,100.0,,,0.0,,,,,,,,,,,,,,,,,,2025-02-01,2,2025,1.1408512505484862,0.2755166419116773,283.15195808052954,-98.36969,-0.8940292836893942,0.09767912529550828,0.004728132387706856,5,高档
202502,6901028340618,云烟(小熊猫家园),一类烟,158.0,200.0,,,,,0.0672,,,,,,,,,,,,,,,,,,,,,,,,,,,,,,,,,,,,2025-02-01,2,2025,1.2658227848101267,,,,,,,5,高档
202502,6901028180580,黄鹤楼(软蓝),一类烟,164.3,190.0,58.828,58.5,240.28875,41075.0,10710.32,99.442442,154.469447,58.174788,164.3,,,846.0,,,,,,,,,,,,,,,,,,,,,,,,,,,,,2025-02-01,2,2025,1.1564211807668898,0.24210366902320646,183.08239316239315,-98.442442,-0.7407604360542409,0.2840292553191489,,5,高档
202502,6901028315432,红塔山(硬经典100),三类烟,97.0,110.0,2.372,2.328,5.6454,24250.0,936.508,98.145025,3.629045,1.366843,97.0,0.724,0.692,846.0,190.0,169.0,19.98,88.95,95.58,169.0,89.18,100.0,,,0.0,,,,,,,,,,,,,,,,,,2025-02-01,2,2025,1.134020618556701,0.2421162362277252,402.2800687285224,-97.145025,-0.5402843601895735,0.006673049645390072,0.22458628841607564,4,中高档
202502,6901028112505,南京(大观园爆冰),一类烟,263.0,300.0,,,,,24.1,,,,,,,,,,,,,,,,,,,,,,,,,,,,,,,,,,,,2025-02-01,2,2025,1.1406844106463878,,,,,,,5,高档
202502,6901028193504,芙蓉王(硬),一类烟,218.36,250.0,0.548,0.52,2.83868,54590.0,1422.86,94.890511,1.73013,0.78199,218.36,0.872,0.852,846.0,111.0,110.0,13.0,99.1,97.71,110.0,95.95,100.0,,,0.0,,,,,,,,,,,,,,,,,,2025-02-01,2,2025,1.1448983330280271,0.2754766299829498,2736.2692307692305,-93.890511,-0.5819935691318328,0.0033554137115839244,0.13120567375886524,5,高档
202502,6901028029919,娇子(宽窄逍遥细支),一类烟,763.2,900.0,,,,,19.66,,,,,,,,,,,,,,,,,,,,,,,,,,,,,,,,,,,,2025-02-01,2,2025,1.1792452830188678,,,,,,,5,高档
202502,6901028178648,黄鹤楼(珍品细支),一类烟,381.6,450.0,0.272,0.252,2.40408,95400.0,116.696,92.647059,1.384892,0.742618,381.6,0.58,0.532,846.0,85.0,85.0,10.05,100.0,91.72,85.0,100.0,100.0,,,0.0,,,,,,,,,,,,,,,,,,2025-02-01,2,2025,1.1792452830188678,0.308899038301554,463.07936507936506,-91.647059,-0.11267605633802813,0.0028417021276595745,0.10047281323877069,5,高档
202502,6901028145473,娇子(五粮浓香中支),一类烟,424.0,500.0,0.136,0.132,1.3992,106000.0,102.428,97.058824,0.806025,0.432201,424.0,,,846.0,,,,,,,,,,,,,,,,,,,,,,,,,,,,,2025-02-01,2,2025,1.179245283018868,0.30889150943396226,775.9696969696969,-96.058824,-0.8135593220338982,0.0016539007092198582,,5,高档
202502,6901028042963,娇子(五粮醇香),一类烟,201.4,230.0,0.76,0.752,3.78632,50350.0,353.196,98.947368,2.307815,1.042909,201.4,6.204,6.144,846.0,838.0,832.0,98.35,99.28,99.03,832.0,98.59,100.0,,,0.0,,,,,,,,,,,,,,,,,,2025-02-01,2,2025,1.1420059582919562,0.27544132561431683,469.67553191489367,-97.947368,-0.8730587440918298,0.0044755555555555555,0.9905437352245863,5,高档
202502,6901028180603,红金龙(硬神州腾龙),三类烟,57.24,65.0,21.708,21.628,30.949668,14310.0,3667.064,99.631472,19.89776,7.490707,57.24,0.028,0.0,846.0,,,,,0.0,,,,,,,,,,,,,,,,,,,,,,,,2025-02-01,2,2025,1.1355695317959469,0.2420286705498747,169.551692250786,-98.631472,inf,0.036583531914893615,,3,中档
202502,6901028172509,黄金叶(商鼎),一类烟,175.0,200.0,2.352,2.336,10.22,43750.0,780.476,99.319728,6.228406,2.816002,175.0,1.168,1.152,846.0,368.0,288.0,34.04,78.26,98.63,288.0,78.26,100.0,,,0.0,,,,,,,,,,,,,,,,,,2025-02-01,2,2025,1.1428571428571428,0.27553835616438355,334.1078767123288,-98.319728,-0.7153996101364523,0.012080378250591018,0.43498817966903075,5,高档
202502,6901028136686,金圣(硬滕王阁),三类烟,97.0,110.0,8.908,8.848,21.4564,24250.0,1830.568,99.326448,13.330437,5.657371,97.0,3.18,3.136,846.0,830.0,784.0,92.67,94.46,98.62,784.0,94.46,100.0,,,0.0,,,,,,,,,,,,,,,,,,2025-02-01,2,2025,1.134020618556701,0.2636682295259224,206.8905967450271,-98.326448,0.3842302878598247,0.025362174940898343,0.9810874704491725,4,中高档
202502,6901028188029,黄鹤楼(硬峡谷情细支),一类烟,263.0,300.0,0.78,0.756,4.9707,65750.0,1041.916,96.923077,2.86335,1.53544,263.0,9.272,9.176,846.0,846.0,821.0,97.04,97.04,98.96,821.0,94.87,100.0,,,0.0,,,,,,,,,,,,,,,,,,2025-02-01,2,2025,1.1406844106463878,0.3088981431186754,1378.195767195767,-95.923077,-0.9647519582245431,0.005875531914893617,1.0,5,高档
202502,6901028039758,贵烟(硬黄精品),二类烟,114.5,130.0,0.24,0.232,0.6641,28625.0,90.18,96.666667,0.42688,0.160834,114.5,0.264,0.232,846.0,20.0,20.0,2.36,100.0,87.88,20.0,96.67,100.0,,,0.0,,,,,,,,,,,,,,,,,,2025-02-01,2,2025,1.1353711790393013,0.24218340611353711,388.7068965517241,-95.666667,,0.0007849881796690308,0.02364066193853428,5,高档
202502,6901028119009,利群(西子阳光),一类烟,275.6,310.0,0.156,0.152,1.04728,68900.0,148.092,97.435897,0.603288,0.323494,275.6,0.352,0.34,846.0,85.0,81.0,9.57,95.29,96.59,81.0,95.51,100.0,,,0.0,,,,,,,,,,,,,,,,,,2025-02-01,2,2025,1.1248185776487662,0.30888969521044995,974.2894736842106,-96.435897,-0.4242424242424243,0.001237919621749409,0.10047281323877069,5,高档
202502,6901028012003,真龙(凌云),二类烟,121.9,150.0,0.664,0.644,1.96259,30475.0,174.04,96.987952,1.261596,0.475272,121.9,,,846.0,,,,,,,,,,,,,,,,,,,,,,,,,,,,,2025-02-01,2,2025,1.2305168170631664,0.24216570959803116,270.2484472049689,-95.987952,1.4029850746268657,0.0023198463356973995,,5,高档
202502,6901028057080,双喜(硬晶彩好日子),一类烟,158.0,180.0,,,,,205.464,,,,158.0,0.016,0.0,846.0,,,,,0.0,,,,,,,,,,,,,,,,,,,,,,,,2025-02-01,2,2025,1.139240506329114,,,,,,,5,高档
202502,6901028045919,云烟(软珍品),一类烟,206.7,230.0,0.108,0.08,0.4134,51675.0,397.976,74.074074,0.251979,0.113861,206.7,8.4,8.324,846.0,844.0,770.0,91.02,91.23,99.1,770.0,88.55,100.0,,,0.0,,,,,,,,,,,,,,,,,,2025-02-01,2,2025,1.1127237542331883,0.27542573778422835,4974.7,-73.074074,-0.8787878787878788,0.0004886524822695035,0.9976359338061466,5,高档
202502,6901028150378,泰山(望岳),一类烟,167.48,190.0,0.004,0.0,0.0,,190.576,0.0,0.0,0.0,167.48,2.592,2.56,846.0,685.0,533.0,63.0,77.81,98.77,533.0,80.4,100.0,,,0.0,,,,,,,,,,,,,,,,,,2025-02-01,2,2025,1.1344638165751135,,,1.0,-1.0,0.0,0.8096926713947991,5,高档
202502,6901028138536,七匹狼(软灰),一类烟,185.5,210.0,0.084,0.076,0.35245,46375.0,282.38,90.47619,0.214809,0.097095,185.5,7.32,7.284,846.0,846.0,824.0,97.4,97.4,99.51,824.0,96.45,100.0,,,0.0,,,,,,,,,,,,,,,,,,2025-02-01,2,2025,1.1320754716981132,0.27548588452262734,3715.5263157894738,-89.47619,inf,0.0004166075650118203,1.0,5,高档
202502,6901028159548,泰山(硬红八喜),三类烟,57.24,65.0,6.964,6.904,9.879624,14310.0,880.008,99.138426,6.35168,2.390784,57.24,1.096,1.08,846.0,344.0,270.0,31.91,78.49,98.54,270.0,78.49,100.0,,,0.0,,,,,,,,,,,,,,,,,,2025-02-01,2,2025,1.1355695317959469,0.24199139562396302,127.46349942062574,-98.138426,0.11426726920593944,0.011678042553191489,0.4066193853427896,3,中档
202502,6901028125970,黄山(徽商新概念细支),一类烟,339.2,400.0,0.08,0.08,0.6784,84800.0,108.22,100.0,0.3908,0.20956,339.2,0.42,0.356,846.0,100.0,89.0,10.52,89.0,84.76,89.0,89.0,100.0,,,0.0,,,,,,,,,,,,,,,,,,2025-02-01,2,2025,1.179245283018868,0.30890330188679244,1352.75,-99.0,-0.8648648648648649,0.0008018912529550828,0.1182033096926714,5,高档
202502,6901028936750,好猫(长乐),二类烟,121.9,140.0,0.428,0.42,1.27995,30475.0,61.96,98.130841,0.82278,0.30996,121.9,0.48,0.464,846.0,61.0,59.0,6.97,96.72,96.67,59.0,95.08,100.0,,,0.0,,,,,,,,,,,,,,,,,,2025-02-01,2,2025,1.1484823625922886,0.2421657095980312,147.52380952380952,-97.130841,-0.6982758620689655,0.0015129432624113475,0.07210401891252956,5,高档
202502,6901028124058,黄山(黑马细支),一类烟,225.0,260.0,0.304,0.292,1.6425,56250.0,65.132,96.052632,1.001049,0.452527,225.0,,,846.0,,,,,,,,,,,,,,,,,,,,,,,,,,,,,2025-02-01,2,2025,1.1555555555555554,0.2755111111111111,223.05479452054797,-95.052632,-0.3047619047619048,0.0019414893617021277,,5,高档
202502,6901028177214,冬虫夏草(和润),一类烟,424.0,500.0,0.008,0.0,0.0,,60.584,0.0,0.0,0.0,424.0,0.012,0.0,846.0,,,,,0.0,,,,,,,,,,,,,,,,,,,,,,,,2025-02-01,2,2025,1.179245283018868,,,1.0,,0.0,,5,高档
202502,6901028100274,长白山(777),二类烟,121.9,150.0,0.348,0.316,0.96301,30475.0,129.292,90.804598,0.61906,0.233192,121.9,2.556,2.52,846.0,693.0,630.0,74.47,90.91,98.59,630.0,90.91,100.0,,,0.0,,,,,,,,,,,,,,,,,,2025-02-01,2,2025,1.2305168170631664,0.24214909502497378,409.1518987341772,-89.804598,-0.15957446808510634,0.0011383096926713947,0.8191489361702128,5,高档
202502,6901028141147,七匹狼(蓝),三类烟,71.0,80.0,7.32,7.284,12.160638,16695.0,1359.512,99.508197,7.817613,2.944497,71.0,1.624,1.608,846.0,433.0,346.0,40.9,79.91,99.01,346.0,81.38,100.0,,,0.0,,,,,,,,,,,,,,,,,,2025-02-01,2,2025,1.1267605633802817,0.24213343082821806,186.6436024162548,-98.508197,0.7594202898550726,0.014374276595744681,0.5118203309692672,4,中高档
202502,6901028942911,双喜(软珍品好日子),二类烟,137.8,160.0,0.092,0.08,0.2756,34450.0,122.444,86.956522,0.17716,0.06674,137.8,0.008,0.0,846.0,,,,,0.0,,,,,,,,,,,,,,,,,,,,,,,,2025-02-01,2,2025,1.1611030478955007,0.24216255442670534,1530.55,-85.956522,4.0,0.00032576832151300235,,5,高档
202502,6901028178259,黄鹤楼(1916中支),一类烟,1000.0,1200.0,0.016,0.0,0.0,,4.984,0.0,0.0,0.0,1000.0,0.272,0.252,846.0,61.0,59.0,6.97,96.72,92.65,59.0,96.92,100.0,,,0.0,,,,,,,,,,,,,,,,,,2025-02-01,2,2025,1.2,,,1.0,,0.0,0.07210401891252956,5,高档
202502,6901028172936,黄金叶(乐途硬),一类烟,175.0,200.0,1.168,1.152,5.04,43750.0,218.796,98.630137,3.07152,1.388736,175.0,0.016,0.0,846.0,,,,,0.0,,,,,,,,,,,,,,,,,,,,,,,,2025-02-01,2,2025,1.1428571428571428,0.27554285714285714,189.92708333333334,-97.630137,-0.8497652582159625,0.005957446808510639,,5,高档
202502,6901028165365,黄金叶(天香细支),一类烟,455.8,550.0,0.296,0.292,3.32734,113950.0,91.184,98.648649,1.916761,1.02777,455.8,,,846.0,,,,,,,,,,,,,,,,,,,,,,,,,,,,,2025-02-01,2,2025,1.2066695919262835,0.3088863777071174,312.2739726027397,-97.648649,17.25,0.003933026004728132,,5,高档
202502,8888075056014,555 (金天越),二类烟,119.09,140.0,0.028,0.0,0.0,,1.24,0.0,0.0,0.0,119.09,,,846.0,,,,,,,,,,,,,,,,,,,,,,,,,,,,,2025-02-01,2,2025,1.175581492988496,,,1.0,,0.0,,5,高档
202502,6901028212229,中华(细支),一类烟,424.0,500.0,0.004,0.0,0.0,,29.028,0.0,0.0,0.0,424.0,4.524,4.348,846.0,410.0,410.0,48.46,100.0,96.11,410.0,99.72,100.0,,,0.0,,,,,,,,,,,,,,,,,,2025-02-01,2,2025,1.179245283018868,,,1.0,-1.0,0.0,0.4846335697399527,5,高档
202502,6901028300063,南京(红),二类烟,114.5,130.0,0.016,0.016,0.0458,28625.0,89.0,100.0,0.02944,0.011092,114.5,0.004,0.0,846.0,,,,,0.0,,,,,,,,,,,,,,,,,,,,,,,,2025-02-01,2,2025,1.1353711790393013,0.24218340611353711,5562.5,-99.0,inf,5.41371158392435e-05,,5,高档
202502,6901028107150,钻石(双中支荷花),一类烟,381.6,450.0,0.096,0.084,0.80136,95400.0,20.224,87.5,0.461659,0.247511,381.6,0.344,0.324,846.0,61.0,61.0,7.21,100.0,94.19,61.0,100.0,100.0,,,0.0,,,,,,,,,,,,,,,,,,2025-02-01,2,2025,1.1792452830188678,0.30886368174104023,240.76190476190476,-86.5,-0.8018867924528301,0.0009472340425531915,0.07210401891252956,5,高档
202502,6901028102094,贵烟(红中支),一类烟,263.0,300.0,0.264,0.232,1.5254,65750.0,30.004,87.878788,0.878724,0.471168,263.0,0.616,0.608,846.0,170.0,152.0,17.97,89.41,98.7,152.0,89.41,100.0,,,0.0,,,,,,,,,,,,,,,,,,2025-02-01,2,2025,1.1406844106463878,0.3088816048249639,129.32758620689654,-86.878788,0.657142857142857,0.0018030732860520096,0.20094562647754138,5,高档
202502,6901028324830,红塔山(细支传奇),二类烟,155.0,180.0,,,,,,,,,155.0,0.188,0.18,846.0,61.0,45.0,5.32,73.77,95.74,45.0,73.77,100.0,,,0.0,,,,,,,,,,,,,,,,,,2025-02-01,2,2025,1.1612903225806452,,,,,,0.07210401891252956,5,高档
202503,6901028178648,黄鹤楼(珍品细支),一类烟,381.6,450.0,0.008,0.0,0.0,,89.496,0.0,0.0,0.0,381.6,0.38,0.352,845.0,40.0,40.0,4.73,100.0,92.63,40.0,100.0,100.0,,,0.0,,,,,,,,,,,,,,,,,,2025-03-01,3,2025,1.1792452830188678,,,1.0,-1.0,0.0,0.047337278106508875,5,高档
202503,6901028012003,真龙(凌云),二类烟,121.9,150.0,0.184,0.184,0.56074,30475.0,230.7,100.0,0.360456,0.135769,121.9,,,845.0,,,0.0,,,,,,,,,,0.18,0.18,100.0,845.0,23.0,5.57,2.72,0.0,0.0,0.0,0.0,0.0,0.0,0.0,0.0,8.0,2025-03-01,3,2025,1.2305168170631664,0.24212469237079573,1253.804347826087,-99.0,-0.7142857142857143,0.0006635976331360947,,5,高档
202503,6901028180580,黄鹤楼(软蓝),一类烟,164.3,190.0,46.072,45.876,188.43567,41075.0,8328.468,99.574579,121.135675,45.621604,164.3,,,845.0,,,0.0,,,,,,,,,,45.91,46.1,99.57,845.0,842.0,100.0,99.64,827.0,4.0,0.0,0.0,98.22,0.48,0.0,0.0,2.0,2025-03-01,3,2025,1.1564211807668898,0.24210704905286776,181.54302903478947,-98.574579,-0.2157948717948719,0.22300079289940827,,5,高档
202503,6901028315432,红塔山(硬经典100),三类烟,97.0,110.0,5.432,5.424,13.1532,24250.0,1327.42,99.852725,8.454913,3.184991,97.0,0.176,0.168,845.0,21.0,21.0,2.49,100.0,95.45,21.0,100.0,100.0,,,0.0,,5.42,5.43,99.85,845.0,682.0,43.42,80.71,0.0,0.0,0.0,0.0,0.0,0.0,0.0,0.0,2.0,2025-03-01,3,2025,1.134020618556701,0.24214571359060913,244.73082595870207,-98.852725,1.329896907216495,0.015565917159763314,0.02485207100591716,4,中高档
202503,6901028126007,黄山(新一品),三类烟,71.0,80.0,6.36,6.336,9.7416,15375.0,705.716,99.622642,6.261552,2.359367,71.0,5.104,5.072,845.0,819.0,640.0,75.74,78.14,99.37,628.0,77.41,98.13,,,0.0,,6.34,6.36,99.62,845.0,793.0,49.76,93.85,0.0,0.0,0.0,0.0,0.0,0.0,0.0,0.0,7.0,2025-03-01,3,2025,1.1267605633802817,0.24219501929867784,111.38194444444444,-98.622642,16.797752808988765,0.011528520710059172,0.9692307692307692,4,中高档
202503,6901028120708,利群(软长嘴),一类烟,318.0,360.0,0.172,0.16,1.272,79500.0,403.356,93.023256,0.732764,0.392896,318.0,0.564,0.544,845.0,70.0,68.0,8.05,97.14,96.45,68.0,97.14,100.0,,,0.0,,0.16,0.17,93.02,845.0,20.0,1.18,2.37,0.0,0.0,0.0,0.0,0.0,0.0,0.0,0.0,,2025-03-01,3,2025,1.1320754716981132,0.3088805031446541,2520.975,-92.023256,-0.5294117647058824,0.0015053254437869823,0.08284023668639054,5,高档
202503,6901028184250,黄鹤楼(硬1916),一类烟,848.0,1000.0,0.004,0.0,0.0,,1.012,0.0,0.0,0.0,848.0,0.04,0.032,845.0,4.0,4.0,0.47,100.0,80.0,4.0,100.0,100.0,,,0.0,,,,,,,,,,,,,,,,,,2025-03-01,3,2025,1.179245283018868,,,1.0,,0.0,0.004733727810650888,5,高档
202503,6901028118187,利群(新版),二类烟,143.1,160.0,8.436,8.344,29.85066,35775.0,2558.836,98.909436,19.184822,7.231241,143.1,0.512,0.488,845.0,61.0,61.0,7.22,100.0,95.31,61.0,100.0,100.0,,,0.0,,8.34,8.44,98.91,845.0,826.0,63.09,97.75,219.0,0.0,0.0,0.0,26.51,0.0,0.0,0.0,2.0,2025-03-01,3,2025,1.1180992313067786,0.24224727359462067,306.6677852348993,-97.909436,0.7014681892332788,0.03532622485207101,0.07218934911242604,5,高档
202503,6901028162876,黄金叶(喜满堂),三类烟,88.0,100.0,0.044,0.0,0.0,,2490.732,0.0,0.0,0.0,88.0,,,845.0,,,0.0,,,,,,,,,,,,,,,,,,,,,,,,,,2025-03-01,3,2025,1.1363636363636365,,,1.0,-1.0,0.0,,4,中高档
202503,6901028062015,苏烟(五星红杉树),一类烟,188.68,220.0,0.58,0.56,2.64152,47170.0,181.728,96.551724,1.609864,0.727786,188.68,0.008,0.0,845.0,,,0.0,,0.0,,,,,,,,0.56,0.58,96.55,845.0,70.0,4.15,8.28,0.0,0.0,0.0,0.0,0.0,0.0,0.0,0.0,,2025-03-01,3,2025,1.165995336018656,0.27551788364275115,324.5142857142857,-95.551724,-0.6325459317585301,0.003126059171597633,,5,高档
202503,6901028227285,天子(金),一类烟,167.48,200.0,2.392,2.356,9.864572,41870.0,871.84,98.494983,6.341199,2.38837,167.48,0.032,0.032,845.0,4.0,4.0,0.47,100.0,100.0,4.0,100.0,100.0,,,0.0,,2.36,2.39,98.49,845.0,273.0,19.55,32.31,22.0,0.0,0.0,0.0,8.06,0.0,0.0,0.0,,2025-03-01,3,2025,1.1941724385001196,0.24211592758408576,370.05093378607813,-97.494983,-0.4495327102803739,0.011674049704142013,0.004733727810650888,5,高档
202503,6901028180634,红金龙(软虹之彩),五类烟,19.08,25.0,0.008,0.0,0.0,,0.0,0.0,0.0,0.0,19.08,0.028,0.0,845.0,,,0.0,,0.0,,,,,,,,,,,,,,,,,,,,,,,,2025-03-01,3,2025,1.310272536687631,,,1.0,,0.0,,2,中低档
202503,6901028133081,金圣(青瓷中支),一类烟,175.0,200.0,0.004,0.0,0.0,,16.728,0.0,0.0,0.0,175.0,,,845.0,,,0.0,,,,,,,,,,,,,,,,,,,,,,,,,,2025-03-01,3,2025,1.1428571428571428,,,1.0,,0.0,,5,高档
202503,6901028193504,芙蓉王(硬),一类烟,218.36,250.0,0.708,0.68,3.71212,54590.0,1301.012,96.045198,2.262481,1.022599,218.36,0.008,0.0,845.0,,,0.0,,0.0,,,,,,,,0.68,0.71,96.05,845.0,85.0,5.04,10.06,0.0,0.0,0.0,0.0,0.0,0.0,0.0,0.0,,2025-03-01,3,2025,1.1448983330280271,0.27547573893085353,1913.2529411764704,-95.045198,0.3076923076923077,0.004393041420118343,,5,高档
202503,6901028188081,黄鹤楼(硬银紫),二类烟,114.5,130.0,5.68,5.64,16.1445,28625.0,855.976,99.295775,10.3776,3.909226,114.5,,,845.0,,,0.0,,,,,,,,,,5.64,5.68,99.3,845.0,706.0,43.01,83.55,0.0,0.0,0.0,0.0,0.0,0.0,0.0,0.0,2.0,2025-03-01,3,2025,1.1353711790393013,0.24213979993186532,151.76879432624114,-98.295775,-0.3853530950305144,0.019105917159763314,,5,高档
202503,6901028084321,娇子(软阳光),三类烟,88.0,100.0,6.82,6.764,14.8808,22000.0,1749.664,99.178886,9.565988,3.602677,88.0,,,845.0,,,0.0,,,,,,,,,,6.76,6.82,99.18,845.0,828.0,51.18,97.99,20.0,0.0,0.0,0.0,2.42,0.0,0.0,0.0,1.0,2025-03-01,3,2025,1.1363636363636365,0.2421023735283049,258.6729745712596,-98.178886,0.10091145833333326,0.017610414201183432,,4,中高档
202503,6901028005036,双喜(硬金五叶神),二类烟,121.9,140.0,0.46,0.448,1.36528,30475.0,307.896,97.391304,0.877635,0.330565,121.9,0.188,0.168,845.0,21.0,21.0,2.49,100.0,89.36,21.0,100.0,100.0,,,0.0,,0.45,0.46,97.39,845.0,56.0,3.61,6.63,0.0,0.0,0.0,0.0,0.0,0.0,0.0,0.0,,2025-03-01,3,2025,1.1484823625922886,0.2421224950193367,687.2678571428571,-96.391304,-0.49090909090909085,0.001615715976331361,0.02485207100591716,5,高档
202503,6901028104241,哈尔滨(老巴夺),三类烟,97.0,110.0,1.292,1.268,3.0749,24250.0,153.444,98.142415,1.976557,0.744571,97.0,,,845.0,,,0.0,,,,,,,,,,1.27,1.29,98.14,845.0,115.0,8.71,13.61,0.0,0.0,0.0,0.0,0.0,0.0,0.0,0.0,,2025-03-01,3,2025,1.134020618556701,0.24214478519626653,121.01261829652996,-97.142415,-0.49682539682539684,0.0036389349112426034,,4,中高档
202503,6901028151634,泰山(白将军),二类烟,114.5,130.0,2.0,1.996,5.71355,28625.0,351.788,99.8,3.672646,1.383472,114.5,0.032,0.032,845.0,4.0,4.0,0.47,100.0,100.0,4.0,100.0,100.0,,,0.0,,2.0,2.0,99.8,845.0,250.0,17.65,29.59,0.0,0.0,0.0,0.0,0.0,0.0,0.0,0.0,,2025-03-01,3,2025,1.1353711790393013,0.24213877536732856,176.24649298597194,-98.8,-0.22031250000000002,0.006761597633136094,0.004733727810650888,5,高档
202503,6901028039758,贵烟(硬黄精品),二类烟,114.5,130.0,2.128,2.128,6.0914,28625.0,96.708,100.0,3.91552,1.474971,114.5,0.176,0.152,845.0,20.0,19.0,2.25,95.0,86.36,19.0,95.0,100.0,,,0.0,,2.13,2.13,100.0,845.0,267.0,18.36,31.6,0.0,0.0,0.0,0.0,0.0,0.0,0.0,0.0,267.0,2025-03-01,3,2025,1.1353711790393013,0.24213990215713957,45.44548872180451,-99.0,8.172413793103448,0.007208757396449704,0.023668639053254437,5,高档
202503,6901028188029,黄鹤楼(硬峡谷情细支),一类烟,263.0,300.0,0.016,0.0,0.0,,357.524,0.0,0.0,0.0,263.0,5.68,5.64,845.0,726.0,706.0,83.55,97.25,99.3,704.0,97.11,99.72,,,0.0,,,,,,,,,,,,,,,,,,2025-03-01,3,2025,1.1406844106463878,,,1.0,-1.0,0.0,0.8591715976331361,5,高档
202503,6901028179492,红金龙(软蓝九州腾龙),四类烟,38.16,45.0,9.492,9.408,8.975232,9540.0,251.564,99.115044,5.995248,1.947456,38.16,20.012,19.912,845.0,845.0,840.0,99.41,99.41,99.5,839.0,98.3,99.88,,,0.0,,9.41,9.49,99.12,845.0,836.0,70.5,98.93,340.0,0.0,0.0,0.0,40.67,0.0,0.0,0.0,2.0,2025-03-01,3,2025,1.179245283018868,0.2169811320754717,26.739370748299322,-98.115044,1.9399999999999995,0.010621576331360946,1.0,3,中档
202503,6901028042635,娇子(宽窄好运),一类烟,263.0,300.0,0.492,0.48,3.156,65750.0,651.996,97.560976,1.819279,0.973657,263.0,0.016,0.016,845.0,4.0,2.0,0.24,50.0,100.0,2.0,50.0,100.0,,,0.0,,0.48,0.49,97.56,845.0,64.0,16.65,7.57,0.0,0.0,0.0,0.0,0.0,0.0,0.0,0.0,8.0,2025-03-01,3,2025,1.1406844106463878,0.30850982256020276,1358.325,-96.560976,-0.368421052631579,0.0037349112426035506,0.004733727810650888,5,高档
202503,6901028063371,白沙(硬新精品二代),三类烟,97.0,110.0,0.008,0.0,0.0,,744.632,0.0,0.0,0.0,97.0,0.04,0.0,845.0,,,0.0,,0.0,,,,,,,,,,,,,,,,,,,,,,,,2025-03-01,3,2025,1.134020618556701,,,1.0,,0.0,,4,中高档
202503,6901028221450,贵烟(跨越),一类烟,201.4,230.0,0.184,0.16,0.8056,50350.0,1020.36,86.956522,0.490975,0.221945,201.4,,,845.0,,,0.0,,,,,,,,,,0.16,0.18,86.96,845.0,20.0,1.18,2.37,0.0,0.0,0.0,0.0,0.0,0.0,0.0,0.0,,2025-03-01,3,2025,1.1420059582919562,0.27550273088381333,6377.25,-85.956522,-0.94579945799458,0.0009533727810650888,,5,高档
202503,6901028179270,红金龙(软精品),三类烟,90.1,110.0,43.32,43.044,96.95661,22525.0,3582.184,99.362881,62.327714,23.475058,90.1,9.492,9.408,845.0,844.0,836.0,98.93,99.05,99.12,836.0,98.82,100.0,,,0.0,,43.08,43.35,99.36,845.0,845.0,100.0,100.0,839.0,4.0,0.0,0.0,99.29,0.47,0.0,0.0,2.0,2025-03-01,3,2025,1.2208657047724751,0.24211921188251118,83.2214478208345,-98.362881,0.02106461713635066,0.11474155029585799,0.9988165680473373,4,中高档
202503,6901028227438,龙凤呈祥(软魅力朝天门),三类烟,97.0,110.0,0.004,0.0,0.0,,375.688,0.0,0.0,0.0,97.0,,,845.0,,,0.0,,,,,,,,,,,,,,,,,,,,,,,,,,2025-03-01,3,2025,1.134020618556701,,,1.0,,0.0,,4,中高档
202503,6901028045919,云烟(软珍品),一类烟,206.7,230.0,0.188,0.172,0.88881,51675.0,439.376,91.489362,0.54171,0.244846,206.7,0.156,0.128,845.0,16.0,16.0,1.89,100.0,82.05,16.0,100.0,100.0,,,0.0,,0.17,0.19,91.49,845.0,22.0,3.79,2.6,0.0,0.0,0.0,0.0,0.0,0.0,0.0,0.0,17.0,2025-03-01,3,2025,1.1127237542331883,0.275476198512618,2554.5116279069766,-90.489362,1.15,0.0010518461538461539,0.01893491124260355,5,高档
202503,6901028936996,好猫(招财猫1600),一类烟,158.0,180.0,0.032,0.032,0.1264,39500.0,206.184,100.0,0.081256,0.030604,158.0,0.008,0.0,845.0,,,0.0,,0.0,,,,,,,,0.03,0.03,100.0,845.0,4.0,0.24,0.47,0.0,0.0,0.0,0.0,0.0,0.0,0.0,0.0,,2025-03-01,3,2025,1.139240506329114,0.24212025316455693,6443.25,-99.0,-0.9310344827586207,0.00014958579881656805,,5,高档
202503,6901028025645,娇子(时代阳光),三类烟,71.0,80.0,6.208,6.16,10.28412,16695.0,644.404,99.226804,6.61122,2.48941,71.0,0.492,0.48,845.0,281.0,64.0,7.57,22.78,97.56,56.0,21.35,87.5,,,0.0,,6.16,6.21,99.23,845.0,770.0,48.82,91.12,0.0,0.0,0.0,0.0,0.0,0.0,0.0,0.0,4.0,2025-03-01,3,2025,1.1267605633802817,0.24206349206349206,104.61103896103896,-98.226804,0.01049868766404205,0.012170556213017752,0.33254437869822484,4,中高档
202503,4891132530116,红双喜(南洋经典),三类烟,67.95,80.0,0.008,0.0,0.0,,8.248,0.0,0.0,0.0,67.95,,,845.0,,,0.0,,,,,,,,,,,,,,,,,,,,,,,,,,2025-03-01,3,2025,1.177336276674025,,,1.0,,0.0,,4,中高档
202503,6901028177153,云烟(硬苁蓉),二类烟,114.5,130.0,0.04,0.032,0.0916,28625.0,269.844,80.0,0.058882,0.022178,114.5,,,845.0,,,0.0,,,,,,,,,,0.03,0.04,80.0,845.0,4.0,0.24,0.47,0.0,0.0,0.0,0.0,0.0,0.0,0.0,0.0,,2025-03-01,3,2025,1.1353711790393013,0.242117903930131,8432.625,-79.0,inf,0.00010840236686390533,,5,高档
202503,6901028187855,黄鹤楼(软1916),一类烟,848.0,1000.0,0.164,0.16,3.392,212000.0,45.332,97.560976,1.954028,1.047732,848.0,0.016,0.0,845.0,,,0.0,,0.0,,,,,,,,0.16,0.16,97.56,845.0,20.0,1.18,2.37,0.0,0.0,0.0,0.0,0.0,0.0,0.0,0.0,,2025-03-01,3,2025,1.179245283018868,0.3088832547169812,283.325,-96.560976,0.5999999999999999,0.004014201183431952,,5,高档
202503,6901028212229,中华(细支),一类烟,424.0,500.0,0.008,0.0,0.0,,42.052,0.0,0.0,0.0,424.0,4.136,4.056,845.0,510.0,506.0,59.88,99.22,98.07,504.0,99.41,99.6,,,0.0,,,,,,,,,,,,,,,,,,2025-03-01,3,2025,1.179245283018868,,,1.0,,0.0,0.6035502958579881,5,高档
202503,6901028010771,中南海(冰耀中支),一类烟,201.4,230.0,0.168,0.16,0.8056,50350.0,163.056,95.238095,0.49096,0.22196,201.4,0.62,0.612,845.0,105.0,77.0,9.11,73.33,98.71,76.0,72.86,98.7,,,0.0,,0.16,0.17,95.24,845.0,20.0,1.18,2.37,0.0,0.0,0.0,0.0,0.0,0.0,0.0,0.0,16.0,2025-03-01,3,2025,1.1420059582919562,0.27552135054617677,1019.1,-94.238095,9.0,0.0009533727810650888,0.1242603550295858,5,高档
202503,6901028024976,娇子(X),三类烟,97.0,110.0,0.016,0.0,0.0,,841.728,0.0,0.0,0.0,97.0,6.208,6.16,845.0,824.0,770.0,91.12,93.45,99.23,770.0,93.45,100.0,,,0.0,,,,,,,,,,,,,,,,,,2025-03-01,3,2025,1.134020618556701,,,1.0,-1.0,0.0,0.9751479289940829,4,中高档
202503,6901028165860,黄金叶(天叶细支),一类烟,848.0,1000.0,0.136,0.132,2.7984,212000.0,59.436,97.058824,1.612114,0.864338,848.0,0.064,0.064,845.0,4.0,4.0,0.47,100.0,100.0,4.0,100.0,100.0,,,0.0,,0.13,0.14,97.06,845.0,14.0,1.42,1.66,3.0,0.0,0.0,0.0,21.43,0.0,0.0,0.0,11.0,2025-03-01,3,2025,1.179245283018868,0.3088686392224128,450.27272727272725,-96.058824,7.25,0.003311715976331361,0.004733727810650888,5,高档
202503,6901028172509,黄金叶(商鼎),一类烟,175.0,200.0,0.168,0.16,0.7,43750.0,731.424,95.238095,0.4266,0.19286,175.0,,,845.0,,,0.0,,,,,,,,,,0.16,0.17,95.24,845.0,20.0,1.18,2.37,0.0,0.0,0.0,0.0,0.0,0.0,0.0,0.0,,2025-03-01,3,2025,1.1428571428571428,0.2755142857142857,4571.4,-94.238095,-0.9315068493150684,0.0008284023668639052,,5,高档
202503,6901028136686,金圣(硬滕王阁),三类烟,97.0,110.0,3.564,3.552,8.6136,24250.0,1735.78,99.6633,5.536645,2.085947,97.0,3.316,3.304,845.0,429.0,414.0,48.99,96.5,99.64,412.0,96.27,99.52,,,0.0,,3.55,3.56,99.66,845.0,430.0,26.3,50.89,0.0,0.0,0.0,0.0,0.0,0.0,0.0,0.0,1.0,2025-03-01,3,2025,1.134020618556701,0.24216901179530045,488.6768018018018,-98.6633,-0.5985533453887885,0.01019360946745562,0.5076923076923077,4,中高档
202503,6901028141147,七匹狼(蓝),三类烟,71.0,80.0,12.736,12.688,21.182616,16695.0,1376.024,99.623116,13.617421,5.127515,71.0,0.032,0.032,845.0,4.0,4.0,0.47,100.0,100.0,4.0,100.0,100.0,,,0.0,,12.69,12.74,99.62,845.0,814.0,99.76,96.33,774.0,0.0,0.0,0.0,95.09,0.0,0.0,0.0,2.0,2025-03-01,3,2025,1.1267605633802817,0.24206240626747896,108.45081967213113,-98.623116,0.741900054914882,0.025068184615384615,0.004733727810650888,4,中高档
202503,6901028180603,红金龙(硬神州腾龙),三类烟,57.24,65.0,19.996,19.896,28.471176,14310.0,5196.22,99.4999,18.30432,6.891474,57.24,0.008,0.0,845.0,,,0.0,,0.0,,,,,,,,19.91,20.01,99.5,845.0,840.0,100.0,99.41,826.0,4.0,0.0,0.0,98.33,0.48,0.0,0.0,3.0,2025-03-01,3,2025,1.1355695317959469,0.24205090790770287,261.1690792119019,-98.4999,-0.08008137599408172,0.033693699408284025,,3,中档
202503,6901028042963,娇子(五粮醇香),一类烟,201.4,230.0,0.26,0.256,1.28896,50350.0,275.628,98.461538,0.785589,0.355083,201.4,6.82,6.764,845.0,844.0,828.0,97.99,98.1,99.18,823.0,97.86,99.4,,,0.0,,0.26,0.26,98.46,845.0,33.0,8.29,3.91,0.0,0.0,0.0,0.0,0.0,0.0,0.0,0.0,2.0,2025-03-01,3,2025,1.1420059582919562,0.27548023212512407,1076.671875,-97.461538,-0.6595744680851063,0.0015253964497041422,0.9988165680473373,5,高档
202503,6901028145473,娇子(五粮浓香中支),一类烟,424.0,500.0,0.104,0.1,1.06,106000.0,104.096,96.153846,0.610625,0.327425,424.0,,,845.0,,,0.0,,,,,,,,,,0.1,0.1,96.15,845.0,13.0,1.01,1.54,0.0,0.0,0.0,0.0,0.0,0.0,0.0,0.0,,2025-03-01,3,2025,1.179245283018868,0.30889150943396226,1040.96,-95.153846,-0.24242424242424243,0.0012544378698224853,,5,高档
202503,6901028216166,利群(软蓝),一类烟,159.0,180.0,1.764,1.748,6.9483,39750.0,447.548,99.092971,4.466577,1.68245,159.0,,,845.0,,,0.0,,,,,,,,,,1.75,1.76,99.09,845.0,220.0,13.98,26.04,0.0,0.0,0.0,0.0,0.0,0.0,0.0,0.0,,2025-03-01,3,2025,1.1320754716981132,0.24213836477987422,256.0343249427918,-98.092971,0.7550200803212852,0.00822284023668639,,5,高档
202503,6901028169967,黄金叶(天叶),一类烟,678.4,1000.0,0.064,0.064,1.08544,169600.0,193.532,100.0,0.625381,0.335187,678.4,0.168,0.16,845.0,20.0,20.0,2.37,100.0,95.24,20.0,100.0,100.0,,,0.0,,0.06,0.06,100.0,845.0,4.0,0.47,0.47,4.0,0.0,0.0,0.0,100.0,0.0,0.0,0.0,,2025-03-01,3,2025,1.474056603773585,0.3088028817806604,3023.9375,-99.0,-0.30434782608695654,0.0012845443786982248,0.023668639053254437,5,高档
202503,6901028077910,钻石(软荷花),一类烟,339.2,400.0,0.516,0.48,4.0704,84800.0,110.136,93.023256,2.3448,1.2573,339.2,3.068,3.016,845.0,370.0,363.0,42.96,98.11,98.31,361.0,97.92,99.45,,,0.0,,0.48,0.52,93.02,845.0,60.0,3.61,7.1,0.0,0.0,0.0,0.0,0.0,0.0,0.0,0.0,,2025-03-01,3,2025,1.179245283018868,0.3088885613207547,229.45,-92.023256,0.9672131147540983,0.004817041420118343,0.4378698224852071,5,高档
202503,6901028936750,好猫(长乐),二类烟,121.9,140.0,0.152,0.152,0.46322,30475.0,108.048,100.0,0.297768,0.112157,121.9,0.032,0.032,845.0,4.0,4.0,0.47,100.0,100.0,4.0,100.0,100.0,,,0.0,,0.15,0.15,100.0,845.0,19.0,1.18,2.25,0.0,0.0,0.0,0.0,0.0,0.0,0.0,0.0,,2025-03-01,3,2025,1.1484823625922886,0.24212469237079573,710.8421052631579,-99.0,-0.638095238095238,0.0005481893491124261,0.004733727810650888,5,高档
202503,6901028314985,红塔山(硬经典),三类烟,75.0,85.0,4.3,4.276,8.0175,18750.0,602.56,99.44186,5.153649,1.941304,75.0,5.432,5.424,845.0,733.0,682.0,80.71,93.04,99.85,674.0,92.5,98.83,,,0.0,,4.28,4.3,99.44,845.0,535.0,33.59,63.31,0.0,0.0,0.0,0.0,0.0,0.0,0.0,0.0,2.0,2025-03-01,3,2025,1.1333333333333333,0.2421333333333333,140.91674462114125,-98.44186,-0.5412017167381975,0.009488165680473374,0.8674556213017751,4,中高档
202503,6901028159548,泰山(硬红八喜),三类烟,57.24,65.0,5.9,5.888,8.425728,14310.0,370.14,99.79661,5.41696,2.039454,57.24,,,845.0,,,0.0,,,,,,,,,,5.89,5.9,99.8,845.0,738.0,48.82,87.34,0.0,0.0,0.0,0.0,0.0,0.0,0.0,0.0,3.0,2025-03-01,3,2025,1.1355695317959469,0.24205077590921523,62.86345108695652,-98.79661,-0.1471610660486674,0.00997127573964497,,3,中档
202503,6901028018630,中华(金中支),一类烟,678.4,800.0,0.032,0.032,0.54272,169600.0,34.248,100.0,0.31264,0.167644,678.4,,,845.0,,,0.0,,,,,,,,,,0.03,0.03,100.0,845.0,4.0,0.24,0.47,0.0,0.0,0.0,0.0,0.0,0.0,0.0,0.0,,2025-03-01,3,2025,1.179245283018868,0.3088959316037736,1070.25,-99.0,,0.0006422721893491124,,5,高档
202503,6901028218184,黄鹤楼(感恩中支),一类烟,225.0,260.0,0.5,0.476,2.6775,56250.0,173.264,95.2,1.631847,0.737622,225.0,0.448,0.42,845.0,40.0,41.0,4.85,102.5,93.75,40.0,109.38,97.56,,,0.0,,0.48,0.5,95.2,845.0,60.0,3.61,7.1,0.0,0.0,0.0,0.0,0.0,0.0,0.0,0.0,,2025-03-01,3,2025,1.1555555555555554,0.2754890756302521,364.00000000000006,-94.2,0.14423076923076916,0.003168639053254438,0.047337278106508875,5,高档
202503,6901028080521,钻石(细支荷花),一类烟,360.4,420.0,0.176,0.16,1.4416,90100.0,129.924,90.909091,0.830441,0.445319,360.4,,,845.0,,,0.0,,,,,,,,,,0.16,0.18,90.91,845.0,20.0,3.67,2.37,0.0,0.0,0.0,0.0,0.0,0.0,0.0,0.0,,2025-03-01,3,2025,1.165371809100999,0.30890607658157604,812.025,-89.909091,-0.09090909090909083,0.0017060355029585798,,5,高档
202503,6901028196024,白沙(软和天下),一类烟,720.8,1000.0,0.032,0.032,0.57664,180200.0,61.28,100.0,0.332241,0.178059,720.8,,,845.0,,,0.0,,,,,,,,,,0.03,0.03,100.0,845.0,4.0,0.24,0.47,0.0,0.0,0.0,0.0,0.0,0.0,0.0,0.0,4.0,2025-03-01,3,2025,1.3873473917869035,0.30878711154273025,1915.0,-99.0,,0.000682414201183432,,5,高档
202503,6901028084925,长城(醇雅薄荷),一类烟,158.4,180.0,0.1476,0.1368,0.60192,44000.0,48.3588,92.682927,0.36262,0.170045,158.4,0.004,0.0,845.0,,,0.0,,0.0,,,,,,,,0.14,0.15,92.68,845.0,19.0,1.18,2.25,0.0,0.0,0.0,0.0,0.0,0.0,0.0,0.0,,2025-03-01,3,2025,1.1363636363636362,0.28250431951089844,353.5,-91.682927,,0.0007123313609467455,,5,高档
202503,6901028218757,黄鹤楼(硬蓝),一类烟,175.0,200.0,0.98,0.976,4.27,43750.0,227.38,99.591837,2.60226,1.176447,175.0,3.372,3.312,845.0,449.0,416.0,49.23,92.65,98.22,412.0,92.2,99.04,,,0.0,,0.98,0.98,99.59,845.0,123.0,7.64,14.56,0.0,0.0,0.0,0.0,0.0,0.0,0.0,0.0,,2025-03-01,3,2025,1.1428571428571428,0.2755145199063232,232.97131147540983,-98.591837,1.2181818181818183,0.005053254437869822,0.5313609467455621,5,高档
202503,6901028102094,贵烟(红中支),一类烟,263.0,300.0,0.176,0.152,0.9994,65750.0,40.6,86.363636,0.575707,0.308724,263.0,0.04,0.032,845.0,4.0,4.0,0.47,100.0,80.0,4.0,100.0,100.0,,,0.0,,0.15,0.18,86.36,845.0,19.0,1.18,2.25,0.0,0.0,0.0,0.0,0.0,0.0,0.0,0.0,,2025-03-01,3,2025,1.1406844106463878,0.30890934560736444,267.10526315789474,-85.363636,-0.3448275862068966,0.0011827218934911243,0.004733727810650888,5,高档
202503,6901028219174,黄鹤楼(硬奇景),一类烟,238.5,300.0,3.372,3.312,19.7478,59625.0,1194.188,98.220641,12.03498,5.440788,238.5,,,845.0,,,0.0,,,,,,,,,,3.31,3.37,98.22,845.0,416.0,26.6,49.23,0.0,0.0,0.0,0.0,0.0,0.0,0.0,0.0,,2025-03-01,3,2025,1.2578616352201257,0.2755136268343816,360.5640096618358,-97.220641,-0.06966292134831464,0.0233701775147929,,5,高档
202503,6901028095891,黄果树(长征),三类烟,61.5,70.0,0.016,0.0,0.0,,248.52,0.0,0.0,0.0,61.5,2.128,2.128,845.0,310.0,267.0,31.6,86.13,100.0,265.0,85.81,99.25,,,0.0,,,,,,,,,,,,,,,,,,2025-03-01,3,2025,1.1382113821138211,,,1.0,,0.0,0.3668639053254438,3,中档
202503,6901028075015,中华(硬),一类烟,381.6,450.0,0.524,0.484,4.61736,95400.0,189.124,92.366412,2.659823,1.426347,381.6,0.704,0.664,845.0,85.0,83.0,9.82,97.65,94.32,83.0,97.65,100.0,,,0.0,,0.48,0.52,92.37,845.0,61.0,3.61,7.22,0.0,0.0,0.0,0.0,0.0,0.0,0.0,0.0,,2025-03-01,3,2025,1.1792452830188678,0.3089096366755029,390.75206611570246,-91.366412,-0.28823529411764715,0.005464331360946745,0.10059171597633136,5,高档
202503,6901028191142,白沙(硬),三类烟,71.0,80.0,0.04,0.0,0.0,,362.312,0.0,0.0,0.0,71.0,0.032,0.032,845.0,4.0,4.0,0.47,100.0,100.0,4.0,100.0,100.0,,,0.0,,,,,,,,,,,,,,,,,,2025-03-01,3,2025,1.1267605633802817,,,1.0,,0.0,0.004733727810650888,4,中高档
202503,6901028224642,金圣(青瓷),一类烟,158.0,180.0,0.516,0.504,1.9908,39500.0,555.268,97.674419,1.279782,0.482013,158.0,0.396,0.384,845.0,262.0,49.0,5.8,18.7,96.97,47.0,18.32,95.92,,,0.0,,0.5,0.52,97.67,845.0,63.0,4.15,7.46,0.0,0.0,0.0,0.0,0.0,0.0,0.0,0.0,,2025-03-01,3,2025,1.139240506329114,0.242120253164557,1101.7222222222222,-96.674419,0.18867924528301883,0.0023559763313609466,0.31005917159763313,5,高档
202503,6901028164177,红旗渠(雪茄),四类烟,44.5,50.0,0.008,0.0,0.0,,0.0,0.0,0.0,0.0,44.5,0.016,0.0,845.0,,,0.0,,0.0,,,,,,,,,,,,,,,,,,,,,,,,2025-03-01,3,2025,1.1235955056179776,,,1.0,,0.0,,3,中档
202503,6901028118828,利群(长嘴),一类烟,190.8,220.0,0.512,0.488,2.32776,47700.0,315.564,95.3125,1.418616,0.641354,190.8,,,845.0,,,0.0,,,,,,,,,,0.49,0.51,95.31,845.0,61.0,3.61,7.22,0.0,0.0,0.0,0.0,0.0,0.0,0.0,0.0,,2025-03-01,3,2025,1.1530398322851152,0.27552410901467506,646.6475409836066,-94.3125,inf,0.0027547455621301778,,5,高档
202503,6901028314459,玉溪(硬和谐),一类烟,339.2,400.0,0.128,0.128,1.08544,84800.0,165.5,100.0,0.62528,0.335281,339.2,0.552,0.528,845.0,102.0,67.0,7.93,65.69,95.65,65.0,64.71,97.01,,,0.0,,0.13,0.13,100.0,845.0,17.0,1.18,2.01,0.0,0.0,0.0,0.0,0.0,0.0,0.0,0.0,,2025-03-01,3,2025,1.179245283018868,0.3088894826061321,1292.96875,-99.0,-0.28888888888888886,0.0012845443786982248,0.12071005917159763,5,高档
202503,6901028221351,贵烟(新贵),三类烟,93.28,110.0,0.04,0.032,0.074624,23320.0,439.684,80.0,0.047968,0.018072,93.28,0.184,0.16,845.0,20.0,20.0,2.37,100.0,86.96,20.0,100.0,100.0,,,0.0,,0.03,0.04,80.0,845.0,4.0,0.24,0.47,0.0,0.0,0.0,0.0,0.0,0.0,0.0,0.0,,2025-03-01,3,2025,1.179245283018868,0.24217409948542026,13740.125,-79.0,-0.9473684210526315,8.831242603550296e-05,0.023668639053254437,4,中高档
202503,6901028940504,红金龙(硬新版),四类烟,44.5,50.0,27.0,26.816,29.8328,11125.0,2457.196,99.318519,19.924318,6.476034,44.5,0.008,0.0,845.0,,,0.0,,0.0,,,,,,,,26.82,27.0,99.32,845.0,843.0,100.0,99.76,835.0,0.0,0.0,0.0,99.05,0.0,0.0,0.0,2.0,2025-03-01,3,2025,1.1235955056179776,0.2170776460808238,91.6317124105012,-98.318519,0.4442050840155103,0.03530508875739645,,3,中档
202503,6901028010115,中南海(典8),三类烟,97.0,110.0,0.004,0.0,0.0,,175.932,0.0,0.0,0.0,97.0,0.168,0.16,845.0,20.0,20.0,2.37,100.0,95.24,20.0,100.0,100.0,,,0.0,,,,,,,,,,,,,,,,,,2025-03-01,3,2025,1.134020618556701,,,1.0,,0.0,0.023668639053254437,4,中高档
202503,6901028079990,钻石(荷花),一类烟,275.6,320.0,3.068,3.016,20.78024,68900.0,555.892,98.305085,11.970504,6.419178,275.6,12.54,12.476,845.0,845.0,827.0,97.87,97.87,99.49,825.0,95.91,99.76,,,0.0,,3.02,3.07,98.31,845.0,363.0,22.81,42.96,15.0,0.0,0.0,0.0,4.13,0.0,0.0,0.0,,2025-03-01,3,2025,1.1611030478955007,0.3089077893229337,184.31432360742707,-97.305085,0.31588132635253063,0.024592,1.0,5,高档
202503,6901028042758,娇子(宽窄逍遥),一类烟,678.4,800.0,0.016,0.016,0.27136,169600.0,27.092,100.0,0.15632,0.083822,678.4,0.26,0.256,845.0,140.0,33.0,3.91,23.57,98.46,31.0,22.86,93.94,,,0.0,,0.02,0.02,100.0,845.0,2.0,0.24,0.24,0.0,0.0,0.0,0.0,0.0,0.0,0.0,0.0,2.0,2025-03-01,3,2025,1.179245283018868,0.3088959316037736,1693.25,-99.0,,0.0003211360946745562,0.16568047337278108,5,高档
202503,6901028317177,玉溪(软),一类烟,201.4,230.0,0.552,0.528,2.65848,50350.0,2054.424,95.652174,1.620173,0.732463,201.4,8.436,8.344,845.0,844.0,826.0,97.75,97.87,98.91,822.0,97.93,99.52,,,0.0,,0.53,0.55,95.65,845.0,67.0,6.04,7.93,0.0,0.0,0.0,0.0,0.0,0.0,0.0,0.0,1.0,2025-03-01,3,2025,1.1420059582919562,0.27551946977220065,3890.954545454545,-94.652174,-0.9192166462668299,0.003146130177514793,0.9988165680473373,5,高档
202503,6901028937832,好猫(长乐九美),一类烟,175.0,200.0,0.032,0.032,0.14,43750.0,235.14,100.0,0.08532,0.038572,175.0,0.016,0.0,845.0,,,0.0,,0.0,,,,,,,,0.03,0.03,100.0,845.0,4.0,0.24,0.47,0.0,0.0,0.0,0.0,0.0,0.0,0.0,0.0,,2025-03-01,3,2025,1.1428571428571428,0.2755142857142857,7348.124999999999,-99.0,-0.5789473684210527,0.00016568047337278108,,5,高档
202503,6901028207508,利群(软红长嘴),一类烟,190.8,220.0,0.38,0.372,1.77444,47700.0,49.996,97.894737,1.081404,0.488901,190.8,1.764,1.748,845.0,236.0,220.0,26.04,93.22,99.09,217.0,92.58,98.64,,,0.0,,0.37,0.38,97.89,845.0,47.0,2.96,5.56,0.0,0.0,0.0,0.0,0.0,0.0,0.0,0.0,,2025-03-01,3,2025,1.1530398322851152,0.27552410901467506,134.3978494623656,-96.894737,inf,0.0020999289940828404,0.27928994082840236,5,高档
202503,6901028218634,黄鹤楼(硬1916红爆),一类烟,720.8,1000.0,0.008,0.0,0.0,,37.212,0.0,0.0,0.0,720.8,0.98,0.976,845.0,129.0,123.0,14.56,95.35,99.59,121.0,94.57,98.37,,,0.0,,,,,,,,,,,,,,,,,,2025-03-01,3,2025,1.3873473917869035,,,1.0,,0.0,0.15266272189349112,5,高档
202503,6901028154628,泰山(儒风细支),一类烟,263.0,300.0,0.032,0.032,0.2104,65750.0,87.972,100.0,0.1212,0.064996,263.0,0.472,0.46,845.0,61.0,58.0,6.86,95.08,97.46,57.0,94.26,98.28,,,0.0,,0.03,0.03,100.0,845.0,4.0,0.24,0.47,0.0,0.0,0.0,0.0,0.0,0.0,0.0,0.0,1.0,2025-03-01,3,2025,1.1406844106463878,0.3089163498098859,2749.1249999999995,-99.0,inf,0.00024899408284023667,0.07218934911242604,5,高档
202503,6901028009805,双喜(百年经典),一类烟,175.0,200.0,1.1,1.084,4.7425,43750.0,217.808,98.545455,2.890215,1.306633,175.0,0.008,0.0,845.0,,,0.0,,0.0,,,,,,,,1.08,1.1,98.55,845.0,142.0,23.4,16.8,0.0,0.0,0.0,0.0,0.0,0.0,0.0,0.0,25.0,2025-03-01,3,2025,1.1428571428571428,0.27551565629942015,200.92988929889296,-97.545455,-0.07191780821917793,0.005612426035502958,,5,高档
202503,6901028937535,好猫(金猴王),三类烟,71.0,80.0,0.008,0.0,0.0,,1142.752,0.0,0.0,0.0,71.0,0.032,0.032,845.0,4.0,4.0,0.47,100.0,100.0,4.0,100.0,100.0,,,0.0,,,,,,,,,,,,,,,,,,2025-03-01,3,2025,1.1267605633802817,,,1.0,-1.0,0.0,0.004733727810650888,4,中高档
202503,6901028155557,泰山(颜悦),一类烟,167.48,190.0,0.472,0.46,1.92602,41870.0,193.28,97.457627,1.23809,0.466325,167.48,,,845.0,,,0.0,,,,,,,,,,0.46,0.47,97.46,845.0,58.0,3.61,6.86,0.0,0.0,0.0,0.0,0.0,0.0,0.0,0.0,,2025-03-01,3,2025,1.1344638165751135,0.2421184619058992,420.17391304347825,-96.457627,-0.29447852760736193,0.0022793136094674555,,5,高档
202503,6901028218603,黄鹤楼(硬1916如意),一类烟,763.2,900.0,0.4,0.372,7.09776,190800.0,90.96,93.0,4.088475,2.192741,763.2,0.008,0.0,845.0,,,0.0,,0.0,,,,,,,,0.42,0.45,93.75,845.0,41.0,2.37,4.85,1.0,0.0,0.0,0.0,2.44,0.0,0.0,0.0,,2025-03-01,3,2025,1.1792452830188678,0.30893422713644864,244.51612903225805,-92.0,-0.3716216216216216,0.008399715976331362,,5,高档
202503,6901028179324,黄鹤楼(硬珍品),一类烟,339.2,400.0,0.38,0.352,2.98496,84800.0,1268.476,92.631579,1.71952,0.922024,339.2,3.304,3.252,845.0,431.0,409.0,48.4,94.9,98.43,404.0,94.32,98.78,,,0.0,,0.35,0.38,92.63,845.0,40.0,2.37,4.73,0.0,0.0,0.0,0.0,0.0,0.0,0.0,0.0,,2025-03-01,3,2025,1.179245283018868,0.30888990137221267,3603.6250000000005,-91.631579,-0.33834586466165417,0.0035324970414201185,0.5100591715976331,5,高档
202503,6901028145077,娇子(宽窄好运细支),一类烟,225.0,260.0,1.06,1.048,5.895,56250.0,387.32,98.867925,3.59295,1.623865,225.0,0.104,0.1,845.0,17.0,13.0,1.54,76.47,96.15,12.0,73.53,92.31,,,0.0,,1.05,1.06,98.87,845.0,133.0,10.07,15.74,0.0,0.0,0.0,0.0,0.0,0.0,0.0,0.0,,2025-03-01,3,2025,1.1555555555555554,0.2754648006785411,369.5801526717557,-97.867925,-0.19877675840978593,0.006976331360946745,0.020118343195266272,5,高档
202503,6901028111270,南京(炫赫门),二类烟,155.0,180.0,0.912,0.804,3.1155,38750.0,1199.66,88.157895,2.002818,0.754299,155.0,,,845.0,,,0.0,,,,,,,,,,0.8,0.91,88.16,845.0,61.0,5.98,7.22,40.0,0.0,0.0,0.0,65.57,0.0,0.0,0.0,,2025-03-01,3,2025,1.1612903225806452,0.24211169956668274,1492.1144278606964,-87.157895,-0.7112068965517241,0.00368698224852071,,5,高档
202503,6901028942881,双喜(硬精品好日子),三类烟,93.28,110.0,0.008,0.0,0.0,,51.428,0.0,0.0,0.0,93.28,,,845.0,,,0.0,,,,,,,,,,,,,,,,,,,,,,,,,,2025-03-01,3,2025,1.179245283018868,,,1.0,,0.0,,4,中高档
202503,6901028339957,云烟(细支云龙),二类烟,129.3,150.0,1.88,1.848,5.97366,32325.0,2365.824,98.297872,3.840163,1.446272,129.3,4.3,4.276,845.0,567.0,535.0,63.31,94.36,99.44,534.0,94.27,99.81,,,0.0,,1.85,1.88,98.3,845.0,231.0,13.98,27.34,0.0,0.0,0.0,0.0,0.0,0.0,0.0,0.0,,2025-03-01,3,2025,1.160092807424594,0.24210818827988204,1280.2077922077922,-97.297872,-0.5958005249343832,0.007069420118343195,0.6710059171597633,5,高档
202503,6901028124058,黄山(黑马细支),一类烟,225.0,260.0,0.384,0.376,2.115,56250.0,38.556,97.916667,1.289022,0.58266,225.0,,,845.0,,,0.0,,,,,,,,,,0.38,0.38,97.92,845.0,48.0,3.61,5.68,0.0,0.0,0.0,0.0,0.0,0.0,0.0,0.0,,2025-03-01,3,2025,1.1555555555555554,0.2754893617021276,102.54255319148936,-96.916667,0.28767123287671237,0.002502958579881657,,5,高档
202503,6901028204835,芙蓉王(硬中支),一类烟,263.0,300.0,0.008,0.0,0.0,,781.272,0.0,0.0,0.0,263.0,0.516,0.48,845.0,61.0,60.0,7.1,98.36,93.02,60.0,98.36,100.0,,,0.0,,,,,,,,,,,,,,,,,,2025-03-01,3,2025,1.1406844106463878,,,1.0,-1.0,0.0,0.07218934911242604,5,高档
202503,6901028136891,金圣(硬红·十二生肖),三类烟,61.5,70.0,3.316,3.304,5.0799,15375.0,761.544,99.638118,3.265178,1.230326,61.5,,,845.0,,,0.0,,,,,,,,,,3.3,3.32,99.64,845.0,414.0,25.41,48.99,0.0,0.0,0.0,0.0,0.0,0.0,0.0,0.0,,2025-03-01,3,2025,1.1382113821138211,0.24219492509695073,230.49152542372883,-98.638118,0.05357142857142838,0.006011715976331361,,3,中档
202503,6901028000833,双喜(软经典),三类烟,97.0,110.0,0.928,0.888,2.1534,24250.0,1118.004,95.689655,1.384173,0.521475,97.0,2.22,2.196,845.0,402.0,276.0,32.66,68.66,98.92,273.0,68.28,98.91,,,0.0,,0.89,0.93,95.69,845.0,111.0,6.58,13.14,0.0,0.0,0.0,0.0,0.0,0.0,0.0,0.0,,2025-03-01,3,2025,1.134020618556701,0.24216355530788522,1259.0135135135133,-94.689655,-0.7987307343608341,0.002548402366863905,0.4757396449704142,4,中高档
202503,6901028181815,红金龙(硬蓝爱你),三类烟,97.0,110.0,0.028,0.0,0.0,,824.156,0.0,0.0,0.0,97.0,19.968,19.848,845.0,845.0,839.0,99.29,99.29,99.4,839.0,97.99,100.0,,,0.0,,,,,,,,,,,,,,,,,,2025-03-01,3,2025,1.134020618556701,,,1.0,-1.0,0.0,1.0,4,中高档
202503,6901028071536,中南海(5mg细支),二类烟,121.9,140.0,0.356,0.348,1.06053,30475.0,57.608,97.752809,0.681778,0.256735,121.9,0.032,0.032,845.0,4.0,4.0,0.47,100.0,100.0,4.0,100.0,100.0,,,0.0,,0.35,0.36,97.75,845.0,44.0,3.85,5.21,0.0,0.0,0.0,0.0,0.0,0.0,0.0,0.0,44.0,2025-03-01,3,2025,1.1484823625922886,0.24208178929403223,165.54022988505747,-96.752809,-0.16346153846153844,0.0012550650887573965,0.004733727810650888,5,高档
202503,6901028180818,黄鹤楼(天下名楼),二类烟,139.92,160.0,1.524,1.476,5.163048,34980.0,866.052,96.850394,3.319281,1.249861,139.92,0.532,0.504,845.0,61.0,63.0,7.46,103.28,94.74,63.0,103.28,100.0,,,0.0,,1.48,1.52,96.85,845.0,185.0,11.26,21.89,0.0,0.0,0.0,0.0,0.0,0.0,0.0,0.0,,2025-03-01,3,2025,1.1435105774728418,0.24207812904315437,586.7560975609756,-95.850394,-0.20815450643776834,0.0061101159763313605,0.07218934911242604,5,高档
202503,6901028920858,金圣(智圣出山双中支),一类烟,510.0,600.0,0.396,0.384,4.896,127500.0,11.876,96.969697,2.820192,1.512529,510.0,0.004,0.0,845.0,,,0.0,,0.0,,,,,,,,0.38,0.4,96.97,845.0,49.0,15.52,5.8,0.0,0.0,0.0,0.0,0.0,0.0,0.0,0.0,49.0,2025-03-01,3,2025,1.1764705882352942,0.30893157679738564,30.927083333333332,-95.969697,,0.0057940828402366865,,5,高档
202503,6901028178259,黄鹤楼(1916中支),一类烟,1000.0,1200.0,0.008,0.0,0.0,,4.984,0.0,0.0,0.0,1000.0,0.008,0.0,845.0,,,0.0,,0.0,,,,,,,,,,,,,,,,,,,,,,,,2025-03-01,3,2025,1.2,,,1.0,,0.0,,5,高档
202503,6901028075053,牡丹(软),二类烟,121.9,140.0,4.12,4.04,12.3119,30475.0,538.652,98.058252,7.914331,2.981045,121.9,0.172,0.16,845.0,20.0,20.0,2.37,100.0,93.02,20.0,100.0,100.0,,,0.0,,4.06,4.14,98.07,845.0,506.0,30.21,59.88,4.0,0.0,0.0,0.0,0.79,0.0,0.0,0.0,1.0,2025-03-01,3,2025,1.1484823625922886,0.2421271290377602,133.32970297029703,-97.058252,-0.07083716651333938,0.014570295857988165,0.023668639053254437,5,高档
202503,6901028936477,好猫(猴王磨砂),三类烟,106.0,120.0,0.496,0.48,1.164,24250.0,73.176,96.774194,0.7482,0.28188,106.0,0.152,0.152,845.0,20.0,19.0,2.25,95.0,100.0,19.0,95.0,100.0,,,0.0,,0.48,0.5,96.77,845.0,60.0,3.61,7.1,0.0,0.0,0.0,0.0,0.0,0.0,0.0,0.0,3.0,2025-03-01,3,2025,1.1320754716981132,0.24216494845360828,152.45000000000002,-95.774194,,0.0013775147928994083,0.023668639053254437,5,高档
202503,6901028009744,双喜(勿忘我),一类烟,175.0,200.0,0.188,0.168,0.735,43750.0,57.212,89.361702,0.44793,0.202503,175.0,1.1,1.084,845.0,395.0,142.0,16.8,35.95,98.55,129.0,34.3,90.85,,,0.0,,0.17,0.19,89.36,845.0,21.0,1.24,2.49,0.0,0.0,0.0,0.0,0.0,0.0,0.0,0.0,,2025-03-01,3,2025,1.1428571428571428,0.2755142857142857,340.54761904761904,-88.361702,-0.791044776119403,0.0008698224852071005,0.46745562130177515,5,高档
202503,6901028185912,黄鹤楼(硬红),一类烟,190.8,220.0,46.0,45.836,218.63772,47700.0,4176.616,99.643478,133.245252,60.239773,190.8,0.608,0.58,845.0,70.0,69.0,8.17,98.57,95.39,68.0,97.97,98.55,,,0.0,,45.92,46.08,99.64,845.0,841.0,100.0,99.53,831.0,4.0,0.0,0.0,98.81,0.48,0.0,0.0,2.0,2025-03-01,3,2025,1.1530398322851152,0.2755232399971972,91.12086569508683,-98.643478,-0.033485155195681515,0.25874286390532547,0.08284023668639054,5,高档
202503,6901028242066,黄鹤楼(硬峡谷情),一类烟,339.2,400.0,0.028,0.0,0.0,,123.932,0.0,0.0,0.0,339.2,,,845.0,156.0,,0.0,0.0,,,0.0,,,,,,,,,,,,,,,,,,,,,,2025-03-01,3,2025,1.179245283018868,,,1.0,-1.0,0.0,0.18461538461538463,5,高档
202503,6901028114455,苏烟(软金砂),一类烟,381.6,450.0,0.008,0.0,0.0,,59.812,0.0,0.0,0.0,381.6,0.188,0.16,845.0,20.0,20.0,2.37,100.0,85.11,20.0,100.0,100.0,,,0.0,,,,,,,,,,,,,,,,,,2025-03-01,3,2025,1.1792452830188678,,,1.0,,0.0,0.023668639053254437,5,高档
202503,6901028211352,七匹狼(纯境),二类烟,143.1,160.0,3.068,3.028,10.83267,35775.0,1147.048,98.696219,6.963676,2.622594,143.1,,,845.0,,,0.0,,,,,,,,,,3.03,3.07,98.7,845.0,379.0,23.7,44.85,0.0,0.0,0.0,0.0,0.0,0.0,0.0,0.0,1.0,2025-03-01,3,2025,1.1180992313067786,0.2421004239951923,378.8137384412153,-97.696219,5.881818181818182,0.012819727810650888,,5,高档
202503,6901028180009,黄鹤楼(软珍品),一类烟,530.0,650.0,0.02,0.0,0.0,,289.988,0.0,0.0,0.0,530.0,46.104,45.908,845.0,845.0,842.0,99.64,99.64,99.57,841.0,98.87,99.88,,,0.0,,0.03,0.05,61.54,845.0,3.0,0.0,0.36,0.0,0.0,0.0,0.0,0.0,0.0,0.0,0.0,,2025-03-01,3,2025,1.2264150943396226,,,1.0,-1.0,0.0,1.0,5,高档
202503,6901028046893,云烟(紫),二类烟,114.5,130.0,0.156,0.128,0.3664,28625.0,877.312,82.051282,0.235521,0.088719,114.5,,,845.0,,,0.0,,,,,,,,,,0.13,0.16,82.05,845.0,16.0,0.95,1.89,0.0,0.0,0.0,0.0,0.0,0.0,0.0,0.0,,2025-03-01,3,2025,1.1353711790393013,0.24213700873362448,6854.0,-81.051282,-0.9846227775108121,0.0004336094674556213,,5,高档
202503,6901028123266,黄山(硬记忆),三类烟,88.0,100.0,0.188,0.16,0.352,22000.0,573.944,85.106383,0.22628,0.08522,88.0,0.384,0.376,845.0,61.0,48.0,5.68,78.69,97.92,46.0,77.05,95.83,,,0.0,,0.16,0.19,85.11,845.0,20.0,1.18,2.37,0.0,0.0,0.0,0.0,0.0,0.0,0.0,0.0,,2025-03-01,3,2025,1.1363636363636365,0.24210227272727275,3587.1499999999996,-84.106383,-0.6396396396396397,0.00041656804733727806,0.07218934911242604,4,中高档
202503,6901028062329,南京(十二钗烤烟),一类烟,243.8,280.0,0.172,0.16,0.9752,60950.0,199.42,93.023256,0.59432,0.26868,243.8,0.912,0.804,845.0,61.0,61.0,7.22,100.0,88.16,61.0,99.5,100.0,,,0.0,,0.16,0.17,93.02,845.0,20.0,1.18,2.37,0.0,0.0,0.0,0.0,0.0,0.0,0.0,0.0,,2025-03-01,3,2025,1.1484823625922886,0.27551271534044297,1246.375,-92.023256,-0.5,0.0011540828402366863,0.07218934911242604,5,高档
202503,6901028071475,中南海(5mg),二类烟,114.5,130.0,0.62,0.612,1.75185,28625.0,131.332,98.709677,1.126127,0.424146,114.5,0.356,0.348,845.0,65.0,44.0,5.21,67.69,97.75,43.0,66.92,97.73,,,0.0,,0.61,0.62,98.71,845.0,77.0,6.22,9.11,0.0,0.0,0.0,0.0,0.0,0.0,0.0,0.0,1.0,2025-03-01,3,2025,1.1353711790393013,0.24211319462282732,214.59477124183005,-97.709677,inf,0.002073195266272189,0.07692307692307693,5,高档
202503,6901028075022,中华(软),一类烟,583.0,700.0,0.704,0.664,9.6778,145750.0,63.632,94.318182,5.574964,2.989474,583.0,,,845.0,,,0.0,,,,,,,,,,0.66,0.7,94.32,845.0,83.0,5.04,9.82,0.0,0.0,0.0,0.0,0.0,0.0,0.0,0.0,,2025-03-01,3,2025,1.2006861063464838,0.3089001632602451,95.83132530120481,-93.318182,-0.14871794871794874,0.01145301775147929,,5,高档
202503,6901028181457,黄鹤楼(硬峡谷柔情),一类烟,263.0,300.0,0.516,0.488,3.2086,65750.0,609.376,94.573643,1.8483,0.991189,263.0,0.004,0.0,845.0,,,0.0,,0.0,,,,,,,,0.5,0.53,94.74,845.0,63.0,3.61,7.46,2.0,0.0,0.0,0.0,3.17,0.0,0.0,0.0,,2025-03-01,3,2025,1.1406844106463878,0.3089163498098859,1248.7213114754097,-93.573643,-0.8552787663107948,0.0037971597633136094,,5,高档
202503,6901028225175,黄山(新制皖烟),二类烟,121.9,140.0,5.104,5.072,15.45692,30475.0,962.824,99.373041,9.936049,3.742507,121.9,,,845.0,,,0.0,,,,,,,,,,5.07,5.1,99.37,845.0,640.0,48.52,75.74,0.0,0.0,0.0,0.0,0.0,0.0,0.0,0.0,6.0,2025-03-01,3,2025,1.1484823625922886,0.24212501585050578,189.83123028391165,-98.373041,2.1542288557213927,0.01829221301775148,,5,高档
202503,6901028190602,黄鹤楼(软雪之景),二类烟,121.9,140.0,4.932,4.888,14.89618,30475.0,872.632,99.107867,9.575592,3.606735,121.9,,,845.0,,,0.0,,,,,,,,,,4.89,4.93,99.11,845.0,613.0,38.74,72.54,0.0,0.0,0.0,0.0,0.0,0.0,0.0,0.0,3.0,2025-03-01,3,2025,1.1484823625922886,0.24212482663340534,178.5253682487725,-98.107867,-0.5112,0.017628615384615385,,5,高档
202503,6901028179348,黄鹤楼(软红),一类烟,227.9,260.0,3.304,3.252,18.52827,56975.0,2272.536,98.42615,11.291757,5.104827,227.9,0.052,0.032,845.0,,3.0,0.36,,61.54,3.0,,100.0,,,0.0,,3.25,3.3,98.43,845.0,409.0,25.53,48.4,0.0,0.0,0.0,0.0,0.0,0.0,0.0,0.0,,2025-03-01,3,2025,1.1408512505484862,0.27551557700745943,698.8118081180812,-97.42615,-0.7757859900717043,0.02192694674556213,,5,高档
202503,6901028143554,七匹狼(锋芒),一类烟,158.0,180.0,0.032,0.032,0.1264,39500.0,293.808,100.0,0.081256,0.030604,158.0,,,845.0,,,0.0,,,,,,,,,,0.03,0.03,100.0,845.0,4.0,0.24,0.47,0.0,0.0,0.0,0.0,0.0,0.0,0.0,0.0,,2025-03-01,3,2025,1.139240506329114,0.24212025316455693,9181.5,-99.0,-0.9800995024875622,0.00014958579881656805,,5,高档
202503,6901028121736,利群(楼外楼),一类烟,175.0,200.0,0.564,0.544,2.38,43750.0,164.472,96.453901,1.450461,0.655703,175.0,0.38,0.372,845.0,50.0,47.0,5.56,94.0,97.89,46.0,93.0,97.87,,,0.0,,0.54,0.56,96.45,845.0,68.0,4.15,8.05,0.0,0.0,0.0,0.0,0.0,0.0,0.0,0.0,,2025-03-01,3,2025,1.1428571428571428,0.275505462184874,302.3382352941176,-95.453901,0.2477064220183487,0.002816568047337278,0.05917159763313609,5,高档
202503,6901028125970,黄山(徽商新概念细支),一类烟,339.2,400.0,0.16,0.152,1.28896,84800.0,115.18,95.0,0.74252,0.398145,339.2,6.36,6.336,845.0,840.0,793.0,93.85,94.4,99.62,791.0,94.29,99.75,,,0.0,,0.15,0.16,95.0,845.0,19.0,1.18,2.25,0.0,0.0,0.0,0.0,0.0,0.0,0.0,0.0,,2025-03-01,3,2025,1.179245283018868,0.3088885613207547,757.7631578947369,-94.0,0.8999999999999999,0.0015253964497041422,0.9940828402366864,5,高档
202503,6901028001625,双喜(硬经典1906),二类烟,150.52,170.0,2.22,2.196,8.263548,37630.0,548.624,98.918919,5.312125,2.000828,150.52,0.46,0.448,845.0,61.0,56.0,6.63,91.8,97.39,56.0,91.8,100.0,,,0.0,,2.2,2.22,98.92,845.0,276.0,23.82,32.66,0.0,0.0,0.0,0.0,0.0,0.0,0.0,0.0,9.0,2025-03-01,3,2025,1.1294180175391975,0.242126989520724,249.8287795992714,-97.918919,0.028089887640449396,0.00977934674556213,0.07218934911242604,5,高档
202503,6901028229074,天子(中支),一类烟,201.4,230.0,0.032,0.032,0.16112,50350.0,241.984,100.0,0.098195,0.044389,201.4,0.004,0.0,845.0,,,0.0,,0.0,,,,,,,,0.03,0.03,100.0,845.0,4.0,0.24,0.47,0.0,0.0,0.0,0.0,0.0,0.0,0.0,0.0,,2025-03-01,3,2025,1.1420059582919562,0.2755027308838133,7562.0,-99.0,,0.00019067455621301778,,5,高档
202503,6901028182560,红金龙(硬红龙),三类烟,47.7,55.0,19.968,19.848,23.66874,11925.0,714.28,99.399038,15.213515,5.731908,47.7,27.0,26.816,845.0,845.0,843.0,99.76,99.76,99.32,843.0,99.29,100.0,,,0.0,,19.85,19.97,99.4,845.0,839.0,100.0,99.29,822.0,0.0,0.0,0.0,97.97,0.0,0.0,0.0,3.0,2025-03-01,3,2025,1.1530398322851152,0.24217208013607822,35.98750503829101,-98.399038,3.395039858281665,0.028010343195266272,1.0,3,中档
202503,6901028160285,黄金叶(乐途),二类烟,121.9,140.0,0.164,0.152,0.46322,30475.0,1388.224,92.682927,0.297768,0.112157,121.9,,,845.0,,,0.0,,,,,,,,,,0.15,0.16,92.68,845.0,19.0,1.18,2.25,0.0,0.0,0.0,0.0,0.0,0.0,0.0,0.0,,2025-03-01,3,2025,1.1484823625922886,0.24212469237079573,9133.052631578947,-91.682927,-0.9771771771771772,0.0005481893491124261,,5,高档
202503,6901028324830,红塔山(细支传奇),二类烟,155.0,180.0,0.176,0.168,0.651,38750.0,436.78,95.454545,0.418488,0.157626,155.0,0.128,0.128,845.0,20.0,17.0,2.01,85.0,100.0,15.0,80.0,88.24,,,0.0,,0.17,0.18,95.45,845.0,21.0,1.24,2.49,0.0,0.0,0.0,0.0,0.0,0.0,0.0,0.0,,2025-03-01,3,2025,1.1612903225806452,0.24212903225806448,2599.880952380952,-94.454545,,0.000770414201183432,0.023668639053254437,5,高档
202503,6901028187343,黄鹤楼(硬8度),一类烟,158.0,180.0,0.608,0.58,2.291,39500.0,235.8,95.394737,1.472776,0.554682,158.0,0.164,0.16,845.0,20.0,20.0,2.37,100.0,97.56,20.0,100.0,100.0,,,0.0,,0.58,0.61,95.39,845.0,69.0,4.15,8.17,0.0,0.0,0.0,0.0,0.0,0.0,0.0,0.0,,2025-03-01,3,2025,1.139240506329114,0.24211348756001747,406.5517241379311,-94.394737,-0.740608228980322,0.0027112426035502957,0.023668639053254437,5,高档
202503,6901028184304,黄鹤楼(硬平安),一类烟,720.8,1000.0,0.04,0.032,0.57664,180200.0,66.48,80.0,0.332361,0.177939,720.8,46.08,45.916,845.0,845.0,841.0,99.53,99.53,99.64,840.0,99.16,99.88,,,0.0,,0.03,0.04,80.0,845.0,4.0,0.24,0.47,0.0,0.0,0.0,0.0,0.0,0.0,0.0,0.0,,2025-03-01,3,2025,1.3873473917869035,0.30857900943396227,2077.5,-79.0,inf,0.000682414201183432,1.0,5,高档
202503,6901028080224,钻石(硬特醇),四类烟,44.5,50.0,12.54,12.476,13.87955,11125.0,970.512,99.489633,9.269668,3.012954,44.5,0.176,0.16,845.0,48.0,20.0,2.37,41.67,90.91,20.0,48.78,100.0,,,0.0,,12.48,12.54,99.49,845.0,827.0,75.83,97.87,402.0,0.0,0.0,0.0,48.61,0.0,0.0,0.0,3.0,2025-03-01,3,2025,1.1235955056179776,0.21707865168539325,77.7903174094261,-98.489633,4.079804560260587,0.01642550295857988,0.05680473372781065,3,中档
202503,6901028207089,利群(蓝天),二类烟,143.1,160.0,,,,,0.0,,,,,,,,,,,,,,,,,,,,,,,,,,,,,,,,,,,,2025-03-01,3,2025,1.1180992313067786,,,,,,,5,高档
202503,6901028119009,利群(西子阳光),一类烟,275.6,310.0,,,,,151.004,,,,275.6,0.172,0.16,845.0,20.0,20.0,2.37,100.0,93.02,20.0,100.0,100.0,,,0.0,,,,,,,,,,,,,,,,,,2025-03-01,3,2025,1.1248185776487662,,,,,,0.023668639053254437,5,高档
202503,6901028057080,双喜(硬晶彩好日子),一类烟,158.0,180.0,,,,,189.436,,,,158.0,0.008,0.0,845.0,,,0.0,,0.0,,,,,,,,,,,,,,,,,,,,,,,,2025-03-01,3,2025,1.139240506329114,,,,,,,5,高档
202503,6901028150378,泰山(望岳),一类烟,167.48,190.0,,,,,223.38,,,,167.48,2.0,1.996,845.0,298.0,250.0,29.59,83.89,99.8,249.0,83.72,99.6,,,0.0,,,,,,,,,,,,,,,,,,2025-03-01,3,2025,1.1344638165751135,,,,,,0.3526627218934911,5,高档
202503,8888075024037,555(冰炫),一类烟,216.05,240.0,,,,,2.34,,,,216.05,,,845.0,,,0.0,,,,,,,,,,,,,,,,,,,,,,,,,,2025-03-01,3,2025,1.11085396898866,,,,,,,5,高档
202503,6901028080446,钻石(硬蓝),三类烟,47.7,55.0,,,,,0.008,,,,,,,,,,,,,,,,,,,,,,,,,,,,,,,,,,,,2025-03-01,3,2025,1.1530398322851152,,,,,,,3,中档
202503,6901028165921,黄金叶(小目标),二类烟,121.9,140.0,,,,,0.016,,,,,,,,,,,,,,,,,,,,,,,,,,,,,,,,,,,,2025-03-01,3,2025,1.1484823625922886,,,,,,,5,高档
202503,6901028340618,云烟(小熊猫家园),一类烟,158.0,200.0,,,,,0.1984,,,,,,,,,,,,,,,,,,,,,,,,,,,,,,,,,,,,2025-03-01,3,2025,1.2658227848101267,,,,,,,5,高档
202503,6901028241410,黄鹤楼(视窗),一类烟,300.0,350.0,,,,,70.676,,,,300.0,0.028,0.0,845.0,,,0.0,,0.0,,,,,,,,,,,,,,,,,,,,,,,,2025-03-01,3,2025,1.1666666666666667,,,,,,,5,高档
202503,6901028143448,万宝路(软红2.0),二类烟,143.1,160.0,,,,,75.824,,,,143.1,,,845.0,,,0.0,,,,,,,,,,,,,,,,,,,,,,,,,,2025-03-01,3,2025,1.1180992313067786,,,,,,,5,高档
202503,6901028189989,黄鹤楼(硬嘉禧缘),一类烟,167.48,200.0,,,,,37.16,,,,,,,,,,,,,,,,,,,,,,,,,,,,,,,,,,,,2025-03-01,3,2025,1.1941724385001196,,,,,,,5,高档
202503,6901028322867,玉溪(鑫中支),一类烟,225.0,260.0,,,,,63.572,,,,,,,,,,,,,,,,,,,,,,,,,,,,,,,,,,,,2025-03-01,3,2025,1.1555555555555554,,,,,,,5,高档
202503,6901028065504,兰州(硬珍品),二类烟,155.0,180.0,,,,,300.6,,,,155.0,2.392,2.356,845.0,304.0,273.0,32.31,89.8,98.49,272.0,89.24,99.63,,,0.0,,,,,,,,,,,,,,,,,,2025-03-01,3,2025,1.1612903225806452,,,,,,0.35976331360946745,5,高档
202503,6901028207829,利群(休闲),一类烟,720.8,820.0,,,,,0.0,,,,,,,,,,,,,,,,,,,,,,,,,,,,,,,,,,,,2025-03-01,3,2025,1.1376248612652609,,,,,,,5,高档
202503,6901028189057,黄鹤楼(硬雪之景),二类烟,121.9,140.0,,,,,655.352,,,,,,,,,,,,,,,,,,,,,,,,,,,,,,,,,,,,2025-03-01,3,2025,1.1484823625922886,,,,,,,5,高档
202503,6901028104692,龙烟(呈祥),二类烟,129.3,150.0,,,,,0.0,,,,,,,,,,,,,,,,,,,,,,,,,,,,,,,,,,,,2025-03-01,3,2025,1.160092807424594,,,,,,,5,高档
202503,6901028013611,真龙(海韵),一类烟,445.2,500.0,,,,,47.624,,,,445.2,,,845.0,,,0.0,,,,,,,,,,,,,,,,,,,,,,,,,,2025-03-01,3,2025,1.1230907457322552,,,,,,,5,高档
202503,6901028218788,黄鹤楼(1916中支),一类烟,1000.0,1200.0,,,,,0.004,,,,,,,,,,,,,,,,,,,,,,,,,,,,,,,,,,,,2025-03-01,3,2025,1.2,,,,,,,5,高档
202503,6901028042215,娇子(宽窄平安中支),一类烟,339.2,400.0,,,,,108.7,,,,,,,,,,,,,,,,,,,,,,,,,,,,,,,,,,,,2025-03-01,3,2025,1.179245283018868,,,,,,,5,高档
202503,6901028104302,龙烟(老巴夺传琦),一类烟,225.0,260.0,,,,,45.936,,,,225.0,,,845.0,,,0.0,,,,,,,,,,,,,,,,,,,,,,,,,,2025-03-01,3,2025,1.1555555555555554,,,,,,,5,高档
202503,6901028107297,钻石(玫瑰二代),三类烟,97.0,110.0,,,,,199.704,,,,97.0,,,845.0,,,0.0,,,,,,,,,,,,,,,,,,,,,,,,,,2025-03-01,3,2025,1.134020618556701,,,,,,,4,中高档
202503,8888075018616,555·双冰,一类烟,271.07,320.0,,,,,2.084,,,,271.07,,,845.0,,,0.0,,,,,,,,,,,,,,,,,,,,,,,,,,2025-03-01,3,2025,1.180506880141661,,,,,,,5,高档
202503,6901028245029,芙蓉王(荣耀细支),一类烟,305.28,400.0,,,,,0.0,,,,,,,,,,,,,,,,,,,,,,,,,,,,,,,,,,,,2025-03-01,3,2025,1.310272536687631,,,,,,,5,高档
202503,6901028177771,大青山(昭君和亲),二类烟,129.3,150.0,,,,,0.0,,,,,,,,,,,,,,,,,,,,,,,,,,,,,,,,,,,,2025-03-01,3,2025,1.160092807424594,,,,,,,5,高档
202503,6901028225113,黄山(金皖烟),一类烟,248.04,280.0,,,,,79.168,,,,,,,,,,,,,,,,,,,,,,,,,,,,,,,,,,,,2025-03-01,3,2025,1.128850185453959,,,,,,,5,高档
202503,6901028178105,黄鹤楼(硬天下胜景),一类烟,212.0,260.0,,,,,178.04,,,,,,,,,,,,,,,,,,,,,,,,,,,,,,,,,,,,2025-03-01,3,2025,1.2264150943396226,,,,,,,5,高档
202503,6901028129725,都宝(天空蓝中支),一类烟,201.4,230.0,,,,,0.0,,,,,,,,,,,,,,,,,,,,,,,,,,,,,,,,,,,,2025-03-01,3,2025,1.1420059582919562,,,,,,,5,高档
202503,4891132601014,红双喜(爱国绿中支),一类烟,225.73,280.0,,,,,4.452,,,,225.73,,,845.0,,,0.0,,,,,,,,,,,,,,,,,,,,,,,,,,2025-03-01,3,2025,1.2404199707615293,,,,,,,5,高档
202503,6901028177214,冬虫夏草(和润),一类烟,424.0,500.0,,,,,66.488,,,,424.0,0.04,0.032,845.0,4.0,4.0,0.47,100.0,80.0,4.0,100.0,100.0,,,0.0,,,,,,,,,,,,,,,,,,2025-03-01,3,2025,1.179245283018868,,,,,,0.004733727810650888,5,高档
202503,6901028100274,长白山(777),二类烟,121.9,150.0,,,,,164.676,,,,121.9,1.292,1.268,845.0,147.0,115.0,13.61,78.23,98.14,112.0,73.38,97.39,,,0.0,,,,,,,,,,,,,,,,,,2025-03-01,3,2025,1.2305168170631664,,,,,,0.1739644970414201,5,高档
202503,6901028937504,好猫(金丝猴),二类烟,129.3,150.0,,,,,0.02,,,,,,,,,,,,,,,,,,,,,,,,,,,,,,,,,,,,2025-03-01,3,2025,1.160092807424594,,,,,,,5,高档
202503,6901028172936,黄金叶(乐途硬),一类烟,175.0,200.0,,,,,256.124,,,,175.0,0.008,0.0,845.0,,,0.0,,0.0,,,,,,,,,,,,,,,,,,,,,,,,2025-03-01,3,2025,1.1428571428571428,,,,,,,5,高档
202503,6901028190374,黄鹤楼(硬15细支),一类烟,848.0,1000.0,,,,,7.332,,,,848.0,4.932,4.888,845.0,654.0,613.0,72.54,93.73,99.11,609.0,93.43,99.35,,,0.0,,,,,,,,,,,,,,,,,,2025-03-01,3,2025,1.179245283018868,,,,,,0.7739644970414201,5,高档
202503,6901028143585,七匹狼(蓝钻),二类烟,114.5,130.0,,,,,0.0,,,,114.5,3.068,3.028,845.0,400.0,379.0,44.85,94.75,98.7,378.0,94.63,99.74,,,0.0,,,,,,,,,,,,,,,,,,2025-03-01,3,2025,1.1353711790393013,,,,,,0.47337278106508873,5,高档
202503,6901028051989,云烟(软大重九),一类烟,720.8,980.0,,,,,86.524,,,,720.8,,,845.0,,,0.0,,,,,,,,,,,,,,,,,,,,,,,,,,2025-03-01,3,2025,1.3596004439511655,,,,,,,5,高档
202503,6901028219839,黄鹤楼(硬祝福),一类烟,167.48,200.0,,,,,0.012,,,,,,,,,,,,,,,,,,,,,,,,,,,,,,,,,,,,2025-03-01,3,2025,1.1941724385001196,,,,,,,5,高档
202503,6901028058148,好猫(细支长乐),二类烟,139.92,160.0,,,,,476.308,,,,139.92,0.496,0.48,845.0,61.0,60.0,7.1,98.36,96.77,60.0,98.36,100.0,,,0.0,,,,,,,,,,,,,,,,,,2025-03-01,3,2025,1.1435105774728418,,,,,,0.07218934911242604,5,高档
202503,6901028084772,娇子(格调细支),二类烟,129.3,150.0,,,,,432.232,,,,129.3,1.06,1.048,845.0,170.0,133.0,15.74,78.24,98.87,129.0,77.06,96.99,,,0.0,,,,,,,,,,,,,,,,,,2025-03-01,3,2025,1.160092807424594,,,,,,0.20118343195266272,5,高档
202503,6901028301695,南京(软九五),一类烟,720.8,1000.0,,,,,17.956,,,,720.8,0.58,0.56,845.0,70.0,70.0,8.28,100.0,96.55,70.0,100.0,100.0,,,0.0,,,,,,,,,,,,,,,,,,2025-03-01,3,2025,1.3873473917869035,,,,,,0.08284023668639054,5,高档
202503,6901028107150,钻石(双中支荷花),一类烟,381.6,450.0,,,,,28.012,,,,381.6,,,845.0,,,0.0,,,,,,,,,,,,,,,,,,,,,,,,,,2025-03-01,3,2025,1.1792452830188678,,,,,,,5,高档
202503,8888075034715,555(国际版),一类烟,254.92,300.0,,,,,4.136,,,,254.92,,,845.0,,,0.0,,,,,,,,,,,,,,,,,,,,,,,,,,2025-03-01,3,2025,1.1768397928761964,,,,,,,5,高档
202503,6901028092838,人民大会堂(硬红细支),二类烟,139.92,160.0,,,,,179.296,,,,139.92,,,845.0,,,0.0,,,,,,,,,,,,,,,,,,,,,,,,,,2025-03-01,3,2025,1.1435105774728418,,,,,,,5,高档
202503,6901028159753,泰山(心悦),二类烟,139.92,160.0,,,,,216.592,,,,139.92,0.0001,0.0001,845.0,844.0,1.0,0.12,0.12,100.0,1.0,0.08,100.0,,,0.0,,,,,,,,,,,,,,,,,,2025-03-01,3,2025,1.1435105774728418,,,,,,0.9988165680473373,5,高档
202503,6901028112505,南京(大观园爆冰),一类烟,263.0,300.0,,,,,25.444,,,,,,,,,,,,,,,,,,,,,,,,,,,,,,,,,,,,2025-03-01,3,2025,1.1406844106463878,,,,,,,5,高档
202503,6901028165242,黄金叶(爱尚),二类烟,139.92,160.0,,,,,223.164,,,,139.92,,,845.0,,,0.0,,,,,,,,,,,,,,,,,,,,,,,,,,2025-03-01,3,2025,1.1435105774728418,,,,,,,5,高档
202504,6901028107150,钻石(双中支荷花),一类烟,381.6,450.0,0.148,0.14,1.3356,95400.0,31.364,94.594595,0.76939,0.41256,381.6,0.336,0.32,844.0,40.0,40.0,4.74,100.0,95.24,40.0,100.0,100.0,,,0.0,,0.14,0.15,94.59,844.0,18.0,1.19,2.13,0.0,0.0,0.0,0.0,0.0,0.0,0.0,0.0,,2025-04-01,4,2025,1.1792452830188678,0.30889487870619947,224.0285714285714,-93.594595,,0.0015824644549763032,0.04739336492890995,5,高档
202504,6901028180634,红金龙(软虹之彩),五类烟,19.08,25.0,0.012,0.0,0.0,,0.0,0.0,0.0,0.0,19.08,0.34,0.32,844.0,40.0,40.0,4.74,100.0,94.12,40.0,100.0,100.0,,,0.0,,,,,,,,,,,,,,,,,,2025-04-01,4,2025,1.310272536687631,,,1.0,,0.0,0.04739336492890995,2,中低档
202504,6901028219839,黄鹤楼(硬祝福),一类烟,167.48,200.0,,,,,0.012,,,,,,,,,,,,,,,,,,,,,,,,,,,,,,,,,,,,2025-04-01,4,2025,1.1941724385001196,,,,,,,5,高档
202504,6901028145077,娇子(宽窄好运细支),一类烟,225.0,260.0,0.008,0.0,0.0,,276.152,0.0,0.0,0.0,225.0,,,844.0,,,,,,,,,,,,,,,,,,,,,,,,,,,,,2025-04-01,4,2025,1.1555555555555554,,,1.0,-1.0,0.0,,5,高档
202504,6901028062015,苏烟(五星红杉树),一类烟,188.68,220.0,0.688,0.672,3.169824,47170.0,169.432,97.674419,1.931833,0.873347,188.68,0.04,0.032,844.0,4.0,4.0,0.47,100.0,80.0,4.0,100.0,100.0,,,0.0,,0.67,0.69,97.67,844.0,84.0,4.98,9.95,0.0,0.0,0.0,0.0,0.0,0.0,0.0,0.0,,2025-04-01,4,2025,1.165995336018656,0.2755190824474797,252.13095238095235,-96.674419,0.19999999999999996,0.0037557156398104266,0.004739336492890996,5,高档
202504,6901028227285,天子(金),一类烟,167.48,200.0,2.088,2.056,8.608472,41870.0,481.168,98.467433,5.533739,2.084255,167.48,0.48,0.468,844.0,61.0,59.0,6.99,96.72,97.5,58.0,95.9,98.31,,,0.0,,2.06,2.09,98.47,844.0,260.0,26.22,30.81,0.0,0.0,0.0,0.0,0.0,0.0,0.0,0.0,2.0,2025-04-01,4,2025,1.1941724385001196,0.2421167194363878,234.03112840466926,-97.467433,-0.12733446519524616,0.010199611374407584,0.07227488151658767,5,高档
202504,6901028009805,双喜(百年经典),一类烟,175.0,200.0,0.368,0.368,1.61,43750.0,226.032,100.0,0.98118,0.443579,175.0,2.876,2.868,844.0,436.0,360.0,42.65,82.57,99.72,357.0,82.22,99.17,,,0.0,,0.37,0.37,100.0,844.0,47.0,4.98,5.57,0.0,0.0,0.0,0.0,0.0,0.0,0.0,0.0,1.0,2025-04-01,4,2025,1.1428571428571428,0.2755149068322981,614.2173913043479,-99.0,-0.6605166051660517,0.0019075829383886258,0.5165876777251185,5,高档
202504,6901028154628,泰山(儒风细支),一类烟,263.0,300.0,,,,,101.656,,,,263.0,1.632,1.616,844.0,236.0,204.0,24.17,86.44,99.02,200.0,85.59,98.04,,,0.0,,,,,,,,,,,,,,,,,,2025-04-01,4,2025,1.1406844106463878,,,,,,0.2796208530805687,5,高档
202504,6901028095891,黄果树(长征),三类烟,61.5,70.0,0.008,0.0,0.0,,238.516,0.0,0.0,0.0,61.5,1.396,1.396,844.0,278.0,177.0,20.97,63.67,100.0,172.0,62.77,97.18,,,0.0,,,,,,,,,,,,,,,,,,2025-04-01,4,2025,1.1382113821138211,,,1.0,,0.0,0.3293838862559242,3,中档
202504,6901028138536,七匹狼(软灰),一类烟,185.5,210.0,0.184,0.176,0.8162,46375.0,156.972,95.652174,0.497435,0.224869,185.5,21.388,21.272,844.0,844.0,812.0,96.21,96.21,99.46,809.0,92.49,99.63,,,0.0,,0.18,0.18,95.65,844.0,18.0,1.42,2.13,4.0,0.0,0.0,0.0,22.22,0.0,0.0,0.0,,2025-04-01,4,2025,1.1320754716981132,0.2755072286204362,891.8863636363637,-94.652174,1.3157894736842106,0.0009670616113744077,1.0,5,高档
202504,6901028314459,玉溪(硬和谐),一类烟,339.2,400.0,0.252,0.232,1.96736,84800.0,112.42,92.063492,1.13332,0.607696,339.2,8.976,8.912,844.0,844.0,650.0,77.01,77.01,99.29,636.0,73.24,97.85,,,0.0,,0.23,0.25,92.06,844.0,30.0,3.62,3.55,0.0,0.0,0.0,0.0,0.0,0.0,0.0,0.0,1.0,2025-04-01,4,2025,1.179245283018868,0.3088890696161353,484.56896551724134,-91.063492,0.8125,0.002330995260663507,1.0,5,高档
202504,6901028179270,红金龙(软精品),三类烟,90.1,110.0,58.9,58.596,131.98749,22525.0,3520.668,99.483871,84.847009,31.956114,90.1,13.432,13.344,844.0,844.0,838.0,99.29,99.29,99.34,838.0,98.93,100.0,,,0.0,,58.6,58.9,99.48,844.0,844.0,100.0,100.0,838.0,0.0,0.0,0.0,99.29,0.0,0.0,0.0,1.0,2025-04-01,4,2025,1.2208657047724751,0.24211471859946726,60.08375998361664,-98.483871,0.361304711458043,0.15638328199052134,1.0,4,中高档
202504,6901028118828,利群(长嘴),一类烟,190.8,220.0,2.472,2.468,11.77236,47700.0,420.088,99.838188,7.174477,3.243568,190.8,0.148,0.14,844.0,20.0,18.0,2.13,90.0,94.59,17.0,87.5,94.44,,,0.0,,2.47,2.47,99.84,844.0,312.0,24.14,36.97,0.0,0.0,0.0,0.0,0.0,0.0,0.0,0.0,21.0,2025-04-01,4,2025,1.1530398322851152,0.27552402406994003,170.21393841166937,-98.838188,4.057377049180328,0.01394829383886256,0.023696682464454975,5,高档
202504,6901028104241,哈尔滨(老巴夺),三类烟,97.0,110.0,0.18,0.16,0.388,24250.0,146.996,88.888889,0.249408,0.093952,97.0,0.144,0.132,844.0,20.0,17.0,2.01,85.0,91.67,16.0,82.5,94.12,,,0.0,,0.16,0.18,88.89,844.0,20.0,1.19,2.37,0.0,0.0,0.0,0.0,0.0,0.0,0.0,0.0,,2025-04-01,4,2025,1.134020618556701,0.2421443298969072,918.725,-87.888889,-0.8738170347003155,0.00045971563981042656,0.023696682464454975,4,中高档
202504,6901028301695,南京(软九五),一类烟,720.8,1000.0,,,,,22.948,,,,720.8,0.688,0.672,844.0,84.0,84.0,9.95,100.0,97.67,84.0,100.0,100.0,,,0.0,,,,,,,,,,,,,,,,,,2025-04-01,4,2025,1.3873473917869035,,,,,,0.0995260663507109,5,高档
202504,6901028936477,好猫(猴王磨砂),三类烟,106.0,120.0,0.5,0.488,1.1834,24250.0,86.852,97.6,0.76067,0.286578,106.0,0.656,0.652,844.0,90.0,82.0,9.72,91.11,99.39,81.0,90.56,98.78,,,0.0,,0.49,0.5,97.6,844.0,61.0,3.62,7.23,0.0,0.0,0.0,0.0,0.0,0.0,0.0,0.0,,2025-04-01,4,2025,1.1320754716981132,0.24216494845360825,177.97540983606558,-96.6,0.016666666666666607,0.001402132701421801,0.1066350710900474,5,高档
202504,6901028165242,黄金叶(爱尚),二类烟,139.92,160.0,,,,,199.24,,,,139.92,,,844.0,,,,,,,,,,,,,,,,,,,,,,,,,,,,,2025-04-01,4,2025,1.1435105774728418,,,,,,,5,高档
202504,6901028187855,黄鹤楼(软1916),一类烟,848.0,1000.0,0.168,0.16,3.392,212000.0,34.796,95.238095,1.954004,1.047756,848.0,0.008,0.0,844.0,,,,,0.0,,,,,,,,0.16,0.17,95.24,844.0,20.0,1.25,2.37,0.0,0.0,0.0,0.0,0.0,0.0,0.0,0.0,,2025-04-01,4,2025,1.179245283018868,0.30889033018867923,217.475,-94.238095,0.0,0.004018957345971564,,5,高档
202504,6901028212229,中华(细支),一类烟,424.0,500.0,,,,,33.12,,,,424.0,2.544,2.528,844.0,356.0,316.0,37.44,88.76,99.37,316.0,88.76,100.0,,,0.0,,,,,,,,,,,,,,,,,,2025-04-01,4,2025,1.179245283018868,,,,,,0.4218009478672986,5,高档
202504,6901028024976,娇子(X),三类烟,97.0,110.0,1.812,1.784,4.3262,24250.0,718.78,98.454746,2.78081,1.047654,97.0,0.008,0.0,844.0,,,,,0.0,,,,,,,,1.78,1.81,98.45,844.0,224.0,14.0,26.54,0.0,0.0,0.0,0.0,0.0,0.0,0.0,0.0,,2025-04-01,4,2025,1.134020618556701,0.24216494845360825,402.90358744394615,-97.454746,inf,0.005125829383886256,,4,中高档
202504,6901028010771,中南海(冰耀中支),一类烟,201.4,230.0,,,,,169.452,,,,201.4,0.032,0.032,844.0,4.0,4.0,0.47,100.0,100.0,4.0,100.0,100.0,,,0.0,,,,,,,,,,,,,,,,,,2025-04-01,4,2025,1.1420059582919562,,,,,,0.004739336492890996,5,高档
202504,6901028177153,云烟(硬苁蓉),二类烟,114.5,130.0,0.792,0.776,2.2213,28625.0,194.564,97.979798,1.427861,0.537844,114.5,0.032,0.032,844.0,4.0,4.0,0.47,100.0,100.0,4.0,100.0,100.0,,,0.0,,0.78,0.79,97.98,844.0,97.0,6.29,11.49,0.0,0.0,0.0,0.0,0.0,0.0,0.0,0.0,1.0,2025-04-01,4,2025,1.1353711790393013,0.2421302840678882,250.72680412371133,-96.979798,23.25,0.0026318720379146917,0.004739336492890996,5,高档
202504,6901028077910,钻石(软荷花),一类烟,339.2,400.0,0.328,0.32,2.7136,84800.0,156.736,97.560976,1.5632,0.8382,339.2,2.996,2.92,844.0,401.0,368.0,43.6,91.77,97.46,362.0,91.02,98.37,,,0.0,,0.32,0.33,97.56,844.0,40.0,2.37,4.74,0.0,0.0,0.0,0.0,0.0,0.0,0.0,0.0,,2025-04-01,4,2025,1.179245283018868,0.3088885613207547,489.79999999999995,-96.560976,-0.33333333333333326,0.0032151658767772514,0.47511848341232227,5,高档
202504,6901028160285,黄金叶(乐途),二类烟,121.9,140.0,3.092,3.088,9.41068,30475.0,1130.976,99.870634,6.049392,2.278561,121.9,,,844.0,,,,,,,,,,,,,3.09,3.09,99.87,844.0,389.0,29.0,46.09,0.0,0.0,0.0,0.0,0.0,0.0,0.0,0.0,13.0,2025-04-01,4,2025,1.1484823625922886,0.2421250111575359,366.24870466321244,-98.870634,19.315789473684212,0.011150094786729858,,5,高档
202504,6901028187343,黄鹤楼(硬8度),一类烟,158.0,180.0,,,,,362.388,,,,158.0,0.168,0.16,844.0,21.0,20.0,2.37,95.24,95.24,20.0,95.24,100.0,,,0.0,,,,,,,,,,,,,,,,,,2025-04-01,4,2025,1.139240506329114,,,,,,0.024881516587677725,5,高档
202504,6901028150378,泰山(望岳),一类烟,167.48,190.0,0.168,0.16,0.66992,41870.0,222.544,95.238095,0.43064,0.1622,167.48,2.872,2.868,844.0,607.0,366.0,43.36,60.3,99.86,351.0,59.06,95.9,,,0.0,,0.16,0.17,95.24,844.0,20.0,1.19,2.37,0.0,0.0,0.0,0.0,0.0,0.0,0.0,0.0,,2025-04-01,4,2025,1.1344638165751135,0.24211846190589925,1390.9,-94.238095,,0.0007937440758293839,0.7191943127962085,5,高档
202504,8888075024037,555(冰炫),一类烟,216.05,240.0,,,,,2.32,,,,216.05,,,844.0,,,,,,,,,,,,,,,,,,,,,,,,,,,,,2025-04-01,4,2025,1.11085396898866,,,,,,,5,高档
202504,6901028184304,黄鹤楼(硬平安),一类烟,720.8,1000.0,0.008,0.0,0.0,,91.332,0.0,0.0,0.0,720.8,37.248,37.104,844.0,844.0,842.0,99.76,99.76,99.61,839.0,99.0,99.64,,,0.0,,,,,,,,,,,,,,,,,,2025-04-01,4,2025,1.3873473917869035,,,1.0,-1.0,0.0,1.0,5,高档
202504,6901028080224,钻石(硬特醇),四类烟,44.5,50.0,6.484,6.444,7.16895,11125.0,1033.18,99.383097,4.787892,1.556226,44.5,0.004,0.0,844.0,,,,,0.0,,,,,,,,6.44,6.48,99.38,844.0,807.0,50.06,95.62,0.0,0.0,0.0,0.0,0.0,0.0,0.0,0.0,2.0,2025-04-01,4,2025,1.1235955056179776,0.21707865168539328,160.33209186840472,-98.383097,-0.4834882975312601,0.008494016587677724,,3,中档
202504,6901028211352,七匹狼(纯境),二类烟,143.1,160.0,5.52,5.46,19.53315,35775.0,1098.648,98.913043,12.556688,4.728993,143.1,0.168,0.16,844.0,20.0,20.0,2.37,100.0,95.24,20.0,100.0,100.0,,,0.0,,5.46,5.52,98.91,844.0,686.0,43.06,81.28,0.0,0.0,0.0,0.0,0.0,0.0,0.0,0.0,4.0,2025-04-01,4,2025,1.1180992313067786,0.24210089002541835,201.2175824175824,-97.913043,0.8031704095112284,0.023143542654028435,0.023696682464454975,5,高档
202504,6901028225113,黄山(金皖烟),一类烟,248.04,280.0,,,,,77.704,,,,,,,,,,,,,,,,,,,,,,,,,,,,,,,,,,,,2025-04-01,4,2025,1.128850185453959,,,,,,,5,高档
202504,6901028322867,玉溪(鑫中支),一类烟,225.0,260.0,,,,,121.752,,,,,,,,,,,,,,,,,,,,,,,,,,,,,,,,,,,,2025-04-01,4,2025,1.1555555555555554,,,,,,,5,高档
202504,6901028180009,黄鹤楼(软珍品),一类烟,530.0,650.0,0.184,0.16,2.12,132500.0,353.8,86.956522,1.22124,0.65486,530.0,40.572,40.272,844.0,844.0,842.0,99.76,99.76,99.26,839.0,99.06,99.64,,,0.0,,0.16,0.18,86.96,844.0,20.0,1.19,2.37,0.0,0.0,0.0,0.0,0.0,0.0,0.0,0.0,,2025-04-01,4,2025,1.2264150943396226,0.30889622641509434,2211.25,-85.956522,inf,0.0025118483412322275,1.0,5,高档
202504,6901028042215,娇子(宽窄平安中支),一类烟,339.2,400.0,,,,,93.412,,,,,,,,,,,,,,,,,,,,,,,,,,,,,,,,,,,,2025-04-01,4,2025,1.179245283018868,,,,,,,5,高档
202504,6901028314985,红塔山(硬经典),三类烟,75.0,85.0,6.264,6.164,11.5575,18750.0,361.836,98.403576,7.429161,2.798456,75.0,1.684,1.664,844.0,264.0,211.0,25.0,79.92,98.81,205.0,78.79,97.16,,,0.0,,6.16,6.26,98.4,844.0,771.0,46.92,91.35,0.0,0.0,0.0,0.0,0.0,0.0,0.0,0.0,2.0,2025-04-01,4,2025,1.1333333333333333,0.24213333333333334,58.701492537313435,-97.403576,0.441534144059869,0.013693720379146918,0.3127962085308057,4,中高档
202504,6901028190602,黄鹤楼(软雪之景),二类烟,121.9,140.0,1.024,1.024,3.12064,30475.0,812.356,100.0,2.006016,0.755584,121.9,,,844.0,,,,,,,,,,,,,1.02,1.02,100.0,844.0,128.0,7.59,15.17,0.0,0.0,0.0,0.0,0.0,0.0,0.0,0.0,,2025-04-01,4,2025,1.1484823625922886,0.24212469237079576,793.31640625,-99.0,-0.79050736497545,0.0036974407582938385,,5,高档
202504,6901028013611,真龙(海韵),一类烟,445.2,500.0,,,,,53.084,,,,445.2,0.32,0.308,844.0,40.0,39.0,4.62,97.5,96.25,38.0,96.25,97.44,,,0.0,,,,,,,,,,,,,,,,,,2025-04-01,4,2025,1.1230907457322552,,,,,,0.04739336492890995,5,高档
202504,6901028216166,利群(软蓝),一类烟,159.0,180.0,1.052,1.052,4.1817,39750.0,625.664,100.0,2.688123,1.01255,159.0,,,844.0,,,,,,,,,,,,,1.05,1.05,100.0,844.0,134.0,11.51,15.88,0.0,0.0,0.0,0.0,0.0,0.0,0.0,0.0,1.0,2025-04-01,4,2025,1.1320754716981132,0.24213836477987422,594.7376425855513,-99.0,-0.3981693363844393,0.004954620853080569,,5,高档
202504,6901028145473,娇子(五粮浓香中支),一类烟,424.0,500.0,,,,,128.8,,,,424.0,,,844.0,,,,,,,,,,,,,,,,,,,,,,,,,,,,,2025-04-01,4,2025,1.179245283018868,,,,,,,5,高档
202504,6901028180603,红金龙(硬神州腾龙),三类烟,57.24,65.0,24.796,24.7,35.3457,14310.0,5776.016,99.612841,22.724,8.55546,57.24,0.012,0.0,844.0,,,,,0.0,,,,,,,,24.7,24.8,99.61,844.0,836.0,100.0,99.05,824.0,0.0,0.0,0.0,98.56,0.0,0.0,0.0,1.0,2025-04-01,4,2025,1.1355695317959469,0.24205094254746687,233.8468016194332,-98.612841,0.24145556895858467,0.041878791469194314,,3,中档
202504,6901028042963,娇子(五粮醇香),一类烟,201.4,230.0,,,,,304.82,,,,201.4,11.712,11.676,844.0,844.0,838.0,99.29,99.29,99.69,837.0,97.49,99.88,,,0.0,,,,,,,,,,,,,,,,,,2025-04-01,4,2025,1.1420059582919562,,,,,,1.0,5,高档
202504,6901028136686,金圣(硬滕王阁),三类烟,97.0,110.0,3.0,2.984,7.2362,24250.0,1773.26,99.466667,4.651296,1.752368,97.0,5.356,5.324,844.0,759.0,668.0,79.15,88.01,99.4,663.0,87.68,99.25,,,0.0,,2.98,3.0,99.47,844.0,376.0,25.68,44.55,0.0,0.0,0.0,0.0,0.0,0.0,0.0,0.0,4.0,2025-04-01,4,2025,1.134020618556701,0.24216688317072496,594.2560321715818,-98.466667,-0.15990990990990994,0.008573696682464455,0.8992890995260664,4,中高档
202504,6901028172509,黄金叶(商鼎),一类烟,175.0,200.0,1.356,1.348,5.8975,43750.0,639.932,99.410029,3.594106,1.624848,175.0,0.16,0.152,844.0,20.0,19.0,2.25,95.0,95.0,19.0,95.0,100.0,,,0.0,,1.35,1.36,99.41,844.0,172.0,11.21,20.38,0.0,0.0,0.0,0.0,0.0,0.0,0.0,0.0,,2025-04-01,4,2025,1.1428571428571428,0.2755147096227215,474.72700296735906,-98.410029,7.425000000000001,0.006987559241706161,0.023696682464454975,5,高档
202504,6901028193504,芙蓉王(硬),一类烟,218.36,250.0,2.412,2.404,13.123436,54590.0,1175.744,99.668325,7.998781,3.614943,218.36,0.164,0.16,844.0,20.0,20.0,2.37,100.0,97.56,20.0,100.0,100.0,,,0.0,,2.4,2.41,99.67,844.0,302.0,19.1,35.78,0.0,0.0,0.0,0.0,0.0,0.0,0.0,0.0,229.0,2025-04-01,4,2025,1.1448983330280271,0.2754570525584915,489.0782029950083,-98.668325,2.5352941176470583,0.015549094786729858,0.023696682464454975,5,高档
202504,6901028112505,南京(大观园爆冰),一类烟,263.0,300.0,,,,,27.536,,,,,,,,,,,,,,,,,,,,,,,,,,,,,,,,,,,,2025-04-01,4,2025,1.1406844106463878,,,,,,,5,高档
202504,6901028218788,黄鹤楼(1916中支),一类烟,1000.0,1200.0,,,,,0.004,,,,,,,,,,,,,,,,,,,,,,,,,,,,,,,,,,,,2025-04-01,4,2025,1.2,,,,,,,5,高档
202504,6901028169967,黄金叶(天叶),一类烟,678.4,1000.0,,,,,181.332,,,,678.4,1.356,1.348,844.0,189.0,172.0,20.38,91.01,99.41,165.0,89.15,95.93,,,0.0,,,,,,,,,,,,,,,,,,2025-04-01,4,2025,1.474056603773585,,,,,,0.22393364928909953,5,高档
202504,6901028080446,钻石(硬蓝),三类烟,47.7,55.0,,,,,0.0,,,,,,,,,,,,,,,,,,,,,,,,,,,,,,,,,,,,2025-04-01,4,2025,1.1530398322851152,,,,,,,3,中档
202504,6901028204835,芙蓉王(硬中支),一类烟,263.0,300.0,0.164,0.16,1.052,65750.0,534.596,97.560976,0.606047,0.324933,263.0,0.328,0.32,844.0,40.0,40.0,4.74,100.0,97.56,40.0,100.0,100.0,,,0.0,,0.16,0.16,97.56,844.0,20.0,1.19,2.37,0.0,0.0,0.0,0.0,0.0,0.0,0.0,0.0,,2025-04-01,4,2025,1.1406844106463878,0.3088716730038023,3341.225,-96.560976,inf,0.0012464454976303318,0.04739336492890995,5,高档
202504,6901028111270,南京(炫赫门),二类烟,155.0,180.0,5.296,5.272,20.429,38750.0,779.72,99.546828,13.133425,4.945581,155.0,0.064,0.064,844.0,4.0,4.0,0.47,100.0,100.0,4.0,100.0,100.0,,,0.0,,5.27,5.3,99.55,844.0,660.0,40.81,78.2,0.0,0.0,0.0,0.0,0.0,0.0,0.0,0.0,12.0,2025-04-01,4,2025,1.1612903225806452,0.2420862988888345,147.89833080424887,-98.546828,5.557213930348259,0.024204976303317534,0.004739336492890996,5,高档
202504,6901028177214,冬虫夏草(和润),一类烟,424.0,500.0,,,,,73.376,,,,424.0,0.792,0.776,844.0,106.0,97.0,11.49,91.51,97.98,97.0,91.51,100.0,,,0.0,,,,,,,,,,,,,,,,,,2025-04-01,4,2025,1.179245283018868,,,,,,0.12559241706161137,5,高档
202504,6901028942881,双喜(硬精品好日子),三类烟,93.28,110.0,0.008,0.0,0.0,,23.172,0.0,0.0,0.0,93.28,0.164,0.16,844.0,21.0,20.0,2.37,95.24,97.56,20.0,95.24,100.0,,,0.0,,,,,,,,,,,,,,,,,,2025-04-01,4,2025,1.179245283018868,,,1.0,,0.0,0.024881516587677725,4,中高档
202504,6901028224079,金圣(滕王阁·紫光),二类烟,129.3,150.0,0.856,0.848,2.74116,32325.0,453.844,99.065421,1.762144,0.663666,129.3,3.304,3.3,844.0,610.0,417.0,49.41,68.36,99.88,408.0,67.62,97.84,,,0.0,,0.85,0.86,99.07,844.0,106.0,6.52,12.56,0.0,0.0,0.0,0.0,0.0,0.0,0.0,0.0,,2025-04-01,4,2025,1.160092807424594,0.24211136890951276,535.1933962264151,-98.065421,-0.7896825396825397,0.00324781990521327,0.7227488151658767,5,高档
202504,6901028339957,云烟(细支云龙),二类烟,129.3,150.0,7.376,7.356,23.77827,32325.0,1838.08,99.72885,15.285785,5.756967,129.3,6.264,6.164,844.0,791.0,771.0,91.35,97.47,98.4,770.0,97.41,99.87,,,0.0,,7.36,7.38,99.73,844.0,676.0,70.34,80.09,249.0,0.0,0.0,0.0,36.83,0.0,0.0,0.0,11.0,2025-04-01,4,2025,1.160092807424594,0.24211042266741864,249.87493202827622,-98.72885,2.9805194805194803,0.02817330568720379,0.9372037914691943,5,高档
202504,6901028177771,大青山(昭君和亲),二类烟,129.3,150.0,,,,,0.0,,,,,,,,,,,,,,,,,,,,,,,,,,,,,,,,,,,,2025-04-01,4,2025,1.160092807424594,,,,,,,5,高档
202504,6901028051989,云烟(软大重九),一类烟,720.8,980.0,,,,,81.424,,,,720.8,,,844.0,,,,,,,,,,,,,,,,,,,,,,,,,,,,,2025-04-01,4,2025,1.3596004439511655,,,,,,,5,高档
202504,6901028207829,利群(休闲),一类烟,720.8,820.0,,,,,0.0,,,,,,,,,,,,,,,,,,,,,,,,,,,,,,,,,,,,2025-04-01,4,2025,1.1376248612652609,,,,,,,5,高档
202504,6901028104692,龙烟(呈祥),二类烟,129.3,150.0,,,,,0.0,,,,,,,,,,,,,,,,,,,,,,,,,,,,,,,,,,,,2025-04-01,4,2025,1.160092807424594,,,,,,,5,高档
202504,6901028172936,黄金叶(乐途硬),一类烟,175.0,200.0,0.16,0.152,0.665,43750.0,215.028,95.0,0.40527,0.183217,175.0,0.008,0.0,844.0,,,,,0.0,,,,,,,,0.15,0.16,95.0,844.0,19.0,1.19,2.25,0.0,0.0,0.0,0.0,0.0,0.0,0.0,0.0,,2025-04-01,4,2025,1.1428571428571428,0.2755142857142857,1414.657894736842,-94.0,,0.000787914691943128,,5,高档
202504,6901028180580,黄鹤楼(软蓝),一类烟,164.3,190.0,40.572,40.272,165.41724,41075.0,9757.38,99.260574,106.338349,40.048641,164.3,0.032,0.032,844.0,4.0,4.0,0.47,100.0,100.0,4.0,100.0,100.0,,,0.0,,40.27,40.57,99.26,844.0,842.0,100.0,99.76,832.0,0.0,0.0,0.0,98.81,0.0,0.0,0.0,1.0,2025-04-01,4,2025,1.1564211807668898,0.24210681425950528,242.28694874851013,-98.260574,-0.12215537535966514,0.19599199052132701,0.004739336492890996,5,高档
202504,6901028315432,红塔山(硬经典100),三类烟,97.0,110.0,1.684,1.664,4.0352,24250.0,721.232,98.812352,2.593797,0.977147,97.0,0.344,0.336,844.0,50.0,42.0,4.98,84.0,97.67,42.0,84.0,100.0,,,0.0,,1.66,1.68,98.81,844.0,211.0,15.66,25.0,0.0,0.0,0.0,0.0,0.0,0.0,0.0,0.0,2.0,2025-04-01,4,2025,1.134020618556701,0.2421557791435369,433.4326923076923,-97.812352,-0.6932153392330385,0.004781042654028436,0.05924170616113744,4,中高档
202504,6901028340618,云烟(小熊猫家园),一类烟,158.0,200.0,,,,,0.0416,,,,,,,,,,,,,,,,,,,,,,,,,,,,,,,,,,,,2025-04-01,4,2025,1.2658227848101267,,,,,,,5,高档
202504,6901028179348,黄鹤楼(软红),一类烟,227.9,260.0,5.68,5.624,32.04274,56975.0,2291.224,99.014085,19.527934,8.828274,227.9,0.184,0.16,844.0,20.0,20.0,2.37,100.0,86.96,20.0,100.0,100.0,,,0.0,,5.62,5.68,99.01,844.0,417.0,44.72,49.41,287.0,0.0,0.0,0.0,68.82,0.0,0.0,0.0,,2025-04-01,4,2025,1.1408512505484862,0.27551557700745943,407.4011379800854,-98.014085,0.7293972939729398,0.0379653317535545,0.023696682464454975,5,高档
202504,8888075005524,555金·锐,二类烟,137.8,160.0,,,,,2.496,,,,137.8,,,844.0,,,,,,,,,,,,,,,,,,,,,,,,,,,,,2025-04-01,4,2025,1.1611030478955007,,,,,,,5,高档
202504,6901028225175,黄山(新制皖烟),二类烟,121.9,140.0,7.056,7.032,21.43002,30475.0,924.184,99.659864,13.775689,5.188742,121.9,,,844.0,,,,,,,,,,,,,7.03,7.06,99.66,844.0,663.0,75.92,78.55,222.0,0.0,0.0,0.0,33.48,0.0,0.0,0.0,8.0,2025-04-01,4,2025,1.1484823625922886,0.24212492568835683,131.42548350398178,-98.659864,0.38643533123028395,0.02539101895734597,,5,高档
202504,6901028181457,黄鹤楼(硬峡谷柔情),一类烟,263.0,300.0,3.432,3.416,22.4602,65750.0,653.72,99.5338,12.957255,6.919168,263.0,0.004,0.0,844.0,,,,,0.0,,,,,,,,3.42,3.43,99.53,844.0,302.0,25.8,35.78,125.0,0.0,0.0,0.0,41.39,0.0,0.0,0.0,,2025-04-01,4,2025,1.1406844106463878,0.30806350789396353,191.37002341920376,-98.5338,6.0,0.026611611374407585,,5,高档
202504,6901028075022,中华(软),一类烟,583.0,700.0,0.008,0.0,0.0,,87.84,0.0,0.0,0.0,583.0,,,844.0,,,,,,,,,,,,,,,,,,,,,,,,,,,,,2025-04-01,4,2025,1.2006861063464838,,,1.0,-1.0,0.0,,5,高档
202504,6901028071475,中南海(5mg),二类烟,114.5,130.0,0.032,0.032,0.0916,28625.0,127.796,100.0,0.058881,0.022179,114.5,,,844.0,,,,,,,,,,,,,0.03,0.03,100.0,844.0,4.0,0.24,0.47,0.0,0.0,0.0,0.0,0.0,0.0,0.0,0.0,,2025-04-01,4,2025,1.1353711790393013,0.2421288209606987,3993.625,-99.0,-0.9477124183006536,0.0001085308056872038,,5,高档
202504,6901028241410,黄鹤楼(视窗),一类烟,300.0,350.0,0.172,0.168,1.26,75000.0,87.928,97.674419,0.725802,0.389235,300.0,0.236,0.168,844.0,21.0,21.0,2.49,100.0,71.19,21.0,100.0,100.0,,,0.0,,0.17,0.17,97.67,844.0,21.0,1.25,2.49,0.0,0.0,0.0,0.0,0.0,0.0,0.0,0.0,,2025-04-01,4,2025,1.1666666666666667,0.3089166666666667,523.3809523809523,-96.674419,,0.0014928909952606636,0.024881516587677725,5,高档
202504,6901028062329,南京(十二钗烤烟),一类烟,243.8,280.0,0.164,0.16,0.9752,60950.0,192.812,97.560976,0.59432,0.26868,243.8,5.296,5.272,844.0,688.0,660.0,78.2,95.93,99.55,658.0,95.78,99.7,,,0.0,,0.16,0.16,97.56,844.0,20.0,1.19,2.37,0.0,0.0,0.0,0.0,0.0,0.0,0.0,0.0,,2025-04-01,4,2025,1.1484823625922886,0.27551271534044297,1205.075,-96.560976,0.0,0.0011554502369668246,0.8151658767772512,5,高档
202504,6901028123266,黄山(硬记忆),三类烟,88.0,100.0,3.044,3.028,6.6616,22000.0,404.372,99.474376,4.282349,1.61279,88.0,0.404,0.404,844.0,134.0,51.0,6.04,38.06,100.0,50.0,37.69,98.04,,,0.0,,3.03,3.04,99.47,844.0,380.0,22.95,45.02,0.0,0.0,0.0,0.0,0.0,0.0,0.0,0.0,1.0,2025-04-01,4,2025,1.1363636363636365,0.24210249789840277,133.5442536327609,-98.474376,17.925,0.007892890995260663,0.15876777251184834,4,中高档
202504,6901028084772,娇子(格调细支),二类烟,129.3,150.0,0.876,0.864,2.79288,32325.0,274.876,98.630137,1.795392,0.676188,129.3,0.008,0.0,844.0,,,,,0.0,,,,,,,,0.86,0.88,98.63,844.0,108.0,6.52,12.8,0.0,0.0,0.0,0.0,0.0,0.0,0.0,0.0,,2025-04-01,4,2025,1.160092807424594,0.2421113689095128,318.1435185185185,-97.630137,,0.0033090995260663504,,5,高档
202504,6901028046893,云烟(紫),二类烟,114.5,130.0,5.108,5.072,14.5186,28625.0,673.152,99.295223,9.332512,3.515501,114.5,,,844.0,,,,,,,,,,,,,5.07,5.11,99.3,844.0,637.0,44.84,75.47,0.0,0.0,0.0,0.0,0.0,0.0,0.0,0.0,3.0,2025-04-01,4,2025,1.1353711790393013,0.2421377405534969,132.7192429022082,-98.295223,38.625,0.0172021327014218,,5,高档
202504,6901028126007,黄山(新一品),三类烟,71.0,80.0,3.148,3.132,4.81545,15375.0,437.316,99.491741,3.095199,1.166278,71.0,7.056,7.032,844.0,844.0,663.0,78.55,78.55,99.66,660.0,68.67,99.55,,,0.0,,3.13,3.15,99.49,844.0,392.0,25.86,46.45,0.0,0.0,0.0,0.0,0.0,0.0,0.0,0.0,1.0,2025-04-01,4,2025,1.1267605633802817,0.24219501811876354,139.62835249042143,-98.491741,-0.5056818181818181,0.005705509478672986,1.0,4,中高档
202504,6901028120708,利群(软长嘴),一类烟,318.0,360.0,0.708,0.704,5.5968,79500.0,204.928,99.435028,3.224156,1.728748,318.0,2.016,2.008,844.0,298.0,253.0,29.98,84.9,99.6,249.0,84.23,98.42,,,0.0,,0.7,0.71,99.44,844.0,88.0,6.52,10.43,0.0,0.0,0.0,0.0,0.0,0.0,0.0,0.0,,2025-04-01,4,2025,1.1320754716981132,0.3088815037164094,291.0909090909091,-98.435028,3.3999999999999995,0.00663127962085308,0.35308056872037913,5,高档
202504,6901028011785,真龙(起源),一类烟,212.0,250.0,,,,,79.736,,,,212.0,1.14,1.128,844.0,264.0,143.0,16.94,54.17,98.95,139.0,53.41,97.2,,,0.0,,,,,,,,,,,,,,,,,,2025-04-01,4,2025,1.179245283018868,,,,,,0.3127962085308057,5,高档
202504,6901028143554,七匹狼(锋芒),一类烟,158.0,180.0,0.548,0.54,2.133,39500.0,93.6,98.540146,1.371195,0.516442,158.0,,,844.0,,,,,,,,,,,,,0.54,0.55,98.54,844.0,68.0,4.74,8.06,0.0,0.0,0.0,0.0,0.0,0.0,0.0,0.0,,2025-04-01,4,2025,1.139240506329114,0.24212001875293013,173.33333333333331,-97.540146,15.875,0.002527251184834123,,5,高档
202504,6901028121736,利群(楼外楼),一类烟,175.0,200.0,2.016,2.008,8.785,43750.0,124.296,99.603175,5.353866,2.420359,175.0,1.928,1.92,844.0,297.0,242.0,28.67,81.48,99.59,238.0,80.81,98.35,,,0.0,,2.01,2.02,99.6,844.0,253.0,17.67,29.98,0.0,0.0,0.0,0.0,0.0,0.0,0.0,0.0,1.0,2025-04-01,4,2025,1.1428571428571428,0.2755104154809334,61.90039840637451,-98.603175,2.691176470588235,0.010408767772511849,0.3518957345971564,5,高档
202504,6901028125970,黄山(徽商新概念细支),一类烟,339.2,400.0,0.308,0.3,2.544,84800.0,143.504,97.402597,1.4655,0.785813,339.2,3.148,3.132,844.0,436.0,392.0,46.45,89.91,99.49,391.0,89.79,99.74,,,0.0,,0.3,0.31,97.4,844.0,38.0,3.62,4.5,0.0,0.0,0.0,0.0,0.0,0.0,0.0,0.0,2.0,2025-04-01,4,2025,1.179245283018868,0.3088887578616352,478.34666666666664,-96.402597,0.9736842105263157,0.003014218009478673,0.5165876777251185,5,高档
202504,6901028001625,双喜(硬经典1906),二类烟,150.52,170.0,3.052,3.048,11.469624,37630.0,715.588,99.868938,7.373113,2.777102,150.52,0.936,0.928,844.0,128.0,117.0,13.86,91.41,99.15,115.0,90.63,98.29,,,0.0,,3.05,3.05,99.87,844.0,387.0,43.06,45.85,0.0,0.0,0.0,0.0,0.0,0.0,0.0,0.0,7.0,2025-04-01,4,2025,1.1294180175391975,0.24212668174649843,234.7729658792651,-98.868938,0.3879781420765027,0.013589601895734597,0.15165876777251186,5,高档
202504,6901028229074,天子(中支),一类烟,201.4,230.0,0.48,0.468,2.35638,50350.0,123.028,97.5,1.436087,0.649204,201.4,0.008,0.0,844.0,,,,,0.0,,,,,,,,0.47,0.48,97.5,844.0,59.0,3.62,6.99,0.0,0.0,0.0,0.0,0.0,0.0,0.0,0.0,,2025-04-01,4,2025,1.1420059582919562,0.2755090435328767,262.88034188034186,-96.5,13.625,0.002791919431279621,,5,高档
202504,6901028182560,红金龙(硬红龙),三类烟,47.7,55.0,31.336,31.168,37.16784,11925.0,761.756,99.463875,23.890275,9.001403,47.7,36.096,35.988,844.0,844.0,843.0,99.88,99.88,99.7,843.0,99.39,100.0,,,0.0,,31.17,31.34,99.46,844.0,836.0,100.0,99.05,818.0,0.0,0.0,0.0,97.85,0.0,0.0,0.0,1.0,2025-04-01,4,2025,1.1530398322851152,0.24218256966237478,24.44032340862423,-98.463875,0.5703345425231763,0.04403772511848341,1.0,3,中档
202504,6901028057080,双喜(硬晶彩好日子),一类烟,158.0,180.0,0.32,0.308,1.2166,39500.0,127.94,96.25,0.782089,0.294563,158.0,0.008,0.0,844.0,,,,,0.0,,,,,,,,0.31,0.32,96.25,844.0,39.0,2.37,4.62,0.0,0.0,0.0,0.0,0.0,0.0,0.0,0.0,8.0,2025-04-01,4,2025,1.139240506329114,0.24211984218313334,415.38961038961037,-95.25,,0.001441469194312796,,5,高档
202504,6901028045919,云烟(软珍品),一类烟,206.7,230.0,1.584,1.568,8.10264,51675.0,475.412,98.989899,4.938193,2.232271,206.7,5.108,5.072,844.0,756.0,637.0,75.47,84.26,99.3,631.0,83.86,99.06,,,0.0,,1.57,1.58,98.99,844.0,197.0,14.0,23.34,0.0,0.0,0.0,0.0,0.0,0.0,0.0,0.0,133.0,2025-04-01,4,2025,1.1127237542331883,0.27549922000730626,303.19642857142856,-97.989899,8.116279069767442,0.009600284360189573,0.8957345971563981,5,高档
202504,6901028143448,万宝路(软红2.0),二类烟,143.1,160.0,,,,,29.188,,,,143.1,,,844.0,,,,,,,,,,,,,,,,,,,,,,,,,,,,,2025-04-01,4,2025,1.1180992313067786,,,,,,,5,高档
202504,6901028133081,金圣(青瓷中支),一类烟,175.0,200.0,,,,,28.824,,,,175.0,,,844.0,,,,,,,,,,,,,,,,,,,,,,,,,,,,,2025-04-01,4,2025,1.1428571428571428,,,,,,,5,高档
202504,6901028178105,黄鹤楼(硬天下胜景),一类烟,212.0,260.0,,,,,116.564,,,,,,,,,,,,,,,,,,,,,,,,,,,,,,,,,,,,2025-04-01,4,2025,1.2264150943396226,,,,,,,5,高档
202504,6901028092838,人民大会堂(硬红细支),二类烟,139.92,160.0,0.032,0.032,0.111936,34980.0,154.64,100.0,0.07196,0.0271,139.92,0.316,0.304,844.0,40.0,38.0,4.5,95.0,96.2,38.0,95.0,100.0,,,0.0,,0.03,0.03,100.0,844.0,4.0,0.24,0.47,0.0,0.0,0.0,0.0,0.0,0.0,0.0,0.0,,2025-04-01,4,2025,1.1435105774728418,0.2421026300743282,4832.499999999999,-99.0,,0.0001326255924170616,0.04739336492890995,5,高档
202504,6901028218184,黄鹤楼(感恩中支),一类烟,225.0,260.0,,,,,161.844,,,,225.0,1.408,1.388,844.0,189.0,174.0,20.62,92.06,98.58,173.0,91.8,99.43,,,0.0,,,,,,,,,,,,,,,,,,2025-04-01,4,2025,1.1555555555555554,,,,,,0.22393364928909953,5,高档
202504,6901028080521,钻石(细支荷花),一类烟,360.4,420.0,0.004,0.0,0.0,,161.732,0.0,0.0,0.0,360.4,0.148,0.14,844.0,20.0,18.0,2.13,90.0,94.59,17.0,87.5,94.44,,,0.0,,,,,,,,,,,,,,,,,,2025-04-01,4,2025,1.165371809100999,,,1.0,-1.0,0.0,0.023696682464454975,5,高档
202504,6901028196024,白沙(软和天下),一类烟,720.8,1000.0,,,,,52.072,,,,720.8,,,844.0,,,,,,,,,,,,,,,,,,,,,,,,,,,,,2025-04-01,4,2025,1.3873473917869035,,,,,,,5,高档
202504,6901028084925,长城(醇雅薄荷),一类烟,158.4,180.0,,,,,140.8752,,,,158.4,,,844.0,,,,,,,,,,,,,,,,,,,,,,,,,,,,,2025-04-01,4,2025,1.1363636363636362,,,,,,,5,高档
202504,6901028119009,利群(西子阳光),一类烟,275.6,310.0,0.148,0.14,0.9646,68900.0,139.624,94.594595,0.55566,0.297972,275.6,0.708,0.704,844.0,110.0,88.0,10.43,80.0,99.44,88.0,80.0,100.0,,,0.0,,0.14,0.15,94.59,844.0,18.0,1.19,2.13,0.0,0.0,0.0,0.0,0.0,0.0,0.0,0.0,,2025-04-01,4,2025,1.1248185776487662,0.30890731909599833,997.3142857142856,-93.594595,,0.0011428909952606635,0.13033175355450238,5,高档
202504,6901028012003,真龙(凌云),二类烟,121.9,150.0,1.14,1.128,3.43758,30475.0,241.084,98.947368,2.209752,0.832325,121.9,,,844.0,,,,,,,,,,,,,1.13,1.14,98.95,844.0,143.0,15.66,16.94,0.0,0.0,0.0,0.0,0.0,0.0,0.0,0.0,112.0,2025-04-01,4,2025,1.2305168170631664,0.24212527417543736,213.72695035460995,-97.947368,5.130434782608695,0.004072962085308057,,5,高档
202504,6901028009744,双喜(勿忘我),一类烟,175.0,200.0,1.0,0.996,4.3575,43750.0,19.828,99.6,2.655585,1.200555,175.0,0.368,0.368,844.0,84.0,47.0,5.57,55.95,100.0,45.0,54.76,95.74,,,0.0,,1.0,1.0,99.6,844.0,126.0,9.96,14.93,0.0,0.0,0.0,0.0,0.0,0.0,0.0,0.0,,2025-04-01,4,2025,1.1428571428571428,0.2755146299483649,19.907630522088354,-98.6,4.928571428571428,0.005162914691943128,0.0995260663507109,5,高档
202504,6901028185912,黄鹤楼(硬红),一类烟,190.8,220.0,37.248,37.104,176.98608,47700.0,2862.856,99.613402,107.862584,48.76257,190.8,,,844.0,,,,,,,,,,,,,37.1,37.25,99.61,844.0,842.0,100.0,99.76,829.0,0.0,0.0,0.0,98.46,0.0,0.0,0.0,1.0,2025-04-01,4,2025,1.1530398322851152,0.2755164134942138,77.15761103924106,-98.613402,-0.19050527969281783,0.20969914691943126,,5,高档
202504,6901028075053,牡丹(软),二类烟,121.9,140.0,2.544,2.528,7.70408,30475.0,641.432,99.371069,4.952345,1.865355,121.9,0.164,0.16,844.0,20.0,20.0,2.37,100.0,97.56,20.0,100.0,100.0,,,0.0,,2.53,2.54,99.37,844.0,316.0,21.12,37.44,0.0,0.0,0.0,0.0,0.0,0.0,0.0,0.0,3.0,2025-04-01,4,2025,1.1484823625922886,0.24212560098025981,253.73101265822785,-98.371069,-0.37425742574257426,0.009128056872037915,0.023696682464454975,5,高档
202504,6901028065504,兰州(硬珍品),二类烟,155.0,180.0,0.032,0.032,0.124,38750.0,312.852,100.0,0.079349,0.030387,155.0,2.088,2.056,844.0,442.0,260.0,30.81,58.82,98.47,254.0,58.14,97.69,,,0.0,,0.03,0.03,100.0,844.0,4.0,0.24,0.47,0.0,0.0,0.0,0.0,0.0,0.0,0.0,0.0,,2025-04-01,4,2025,1.1612903225806452,0.24505645161290324,9776.624999999998,-99.0,,0.00014691943127962084,0.523696682464455,5,高档
202504,6901028221450,贵烟(跨越),一类烟,201.4,230.0,1.612,1.604,8.07614,50350.0,663.828,99.503722,4.921979,2.225044,201.4,0.032,0.032,844.0,4.0,4.0,0.47,100.0,100.0,4.0,100.0,100.0,,,0.0,,1.6,1.61,99.5,844.0,202.0,14.95,23.93,0.0,0.0,0.0,0.0,0.0,0.0,0.0,0.0,1.0,2025-04-01,4,2025,1.1420059582919562,0.2755083492856736,413.85785536159597,-98.503722,9.025,0.009568886255924171,0.004739336492890996,5,高档
202504,6901028107297,钻石(玫瑰二代),三类烟,97.0,110.0,0.336,0.32,0.776,24250.0,172.084,95.238095,0.4988,0.18792,97.0,0.184,0.176,844.0,20.0,18.0,2.13,90.0,95.65,18.0,91.67,100.0,,,0.0,,0.32,0.34,95.24,844.0,40.0,2.37,4.74,0.0,0.0,0.0,0.0,0.0,0.0,0.0,0.0,,2025-04-01,4,2025,1.134020618556701,0.24216494845360825,537.7625,-94.238095,,0.0009194312796208531,0.023696682464454975,4,中高档
202504,6901028219174,黄鹤楼(硬奇景),一类烟,238.5,300.0,0.008,0.0,0.0,,1386.732,0.0,0.0,0.0,238.5,0.172,0.168,844.0,21.0,21.0,2.49,100.0,97.67,21.0,100.0,100.0,,,0.0,,,,,,,,,,,,,,,,,,2025-04-01,4,2025,1.2578616352201257,,,1.0,-1.0,0.0,0.024881516587677725,5,高档
202504,6901028159753,泰山(心悦),二类烟,139.92,160.0,0.48,0.472,1.651056,34980.0,113.924,98.333333,1.06141,0.399725,139.92,0.0001,0.0001,844.0,844.0,1.0,,0.12,100.0,,0.04,0.0,,,0.0,,0.47,0.48,98.33,844.0,59.0,3.62,6.99,0.0,0.0,0.0,0.0,0.0,0.0,0.0,0.0,,2025-04-01,4,2025,1.1435105774728418,0.24210263007432817,241.36440677966104,-97.333333,,0.001956227488151659,1.0,5,高档
202504,6901028937504,好猫(金丝猴),二类烟,129.3,150.0,,,,,0.02,,,,,,,,,,,,,,,,,,,,,,,,,,,,,,,,,,,,2025-04-01,4,2025,1.160092807424594,,,,,,,5,高档
202504,6901028063371,白沙(硬新精品二代),三类烟,97.0,110.0,2.876,2.868,6.9549,24250.0,917.428,99.721836,4.470296,1.684432,97.0,0.008,0.0,844.0,,,,,0.0,,,,,,,,2.87,2.88,99.72,844.0,360.0,25.86,42.65,0.0,0.0,0.0,0.0,0.0,0.0,0.0,0.0,360.0,2025-04-01,4,2025,1.134020618556701,0.24219356137399528,319.884239888424,-98.721836,inf,0.008240402843601896,,4,中高档
202504,6901028000833,双喜(软经典),三类烟,97.0,110.0,8.796,8.744,21.2042,24250.0,1127.284,99.408822,13.629733,5.134891,97.0,3.052,3.048,844.0,726.0,387.0,45.85,53.31,99.87,375.0,52.48,96.9,,,0.0,,8.74,8.8,99.41,844.0,809.0,67.62,95.85,285.0,0.0,0.0,0.0,35.23,0.0,0.0,0.0,3.0,2025-04-01,4,2025,1.134020618556701,0.2421638637628394,128.92086001829827,-98.408822,8.846846846846846,0.025123459715639812,0.8601895734597157,4,中高档
202504,6901028136891,金圣(硬红·十二生肖),三类烟,61.5,70.0,5.356,5.324,8.18565,15375.0,591.128,99.402539,5.261443,1.982522,61.5,0.856,0.848,844.0,110.0,106.0,12.56,96.36,99.07,106.0,96.36,100.0,,,0.0,,5.32,5.36,99.4,844.0,668.0,45.02,79.15,0.0,0.0,0.0,0.0,0.0,0.0,0.0,0.0,5.0,2025-04-01,4,2025,1.1382113821138211,0.2421948165386988,111.03080390683698,-98.402539,0.6113801452784504,0.009698637440758294,0.13033175355450238,3,中档
202504,8888075034715,555(国际版),一类烟,254.92,300.0,,,,,4.136,,,,254.92,,,844.0,,,,,,,,,,,,,,,,,,,,,,,,,,,,,2025-04-01,4,2025,1.1768397928761964,,,,,,,5,高档
202504,6901028181815,红金龙(硬蓝爱你),三类烟,97.0,110.0,0.34,0.32,0.776,24250.0,906.78,94.117647,0.4988,0.18792,97.0,31.336,31.168,844.0,844.0,836.0,99.05,99.05,99.46,836.0,97.6,100.0,,,0.0,,0.32,0.34,94.12,844.0,40.0,2.37,4.74,0.0,0.0,0.0,0.0,0.0,0.0,0.0,0.0,,2025-04-01,4,2025,1.134020618556701,0.24216494845360825,2833.6875,-93.117647,inf,0.0009194312796208531,1.0,4,中高档
202504,6901028180818,黄鹤楼(天下名楼),二类烟,139.92,160.0,0.008,0.0,0.0,,1066.672,0.0,0.0,0.0,139.92,3.432,3.416,844.0,307.0,302.0,35.78,98.37,99.53,302.0,98.16,100.0,,,0.0,,,,,,,,,,,,,,,,,,2025-04-01,4,2025,1.1435105774728418,,,1.0,-1.0,0.0,0.3637440758293839,5,高档
202504,6901028071536,中南海(5mg细支),二类烟,121.9,140.0,,,,,37.08,,,,121.9,,,844.0,,,,,,,,,,,,,,,,,,,,,,,,,,,,,2025-04-01,4,2025,1.1484823625922886,,,,,,,5,高档
202504,6901028189989,黄鹤楼(硬嘉禧缘),一类烟,167.48,200.0,,,,,40.892,,,,,,,,,,,,,,,,,,,,,,,,,,,,,,,,,,,,2025-04-01,4,2025,1.1941724385001196,,,,,,,5,高档
202504,6901028312356,云烟(细支大重九),一类烟,848.0,1000.0,,,,,47.828,,,,848.0,,,844.0,,,,,,,,,,,,,,,,,,,,,,,,,,,,,2025-04-01,4,2025,1.179245283018868,,,,,,,5,高档
202504,6901028141147,七匹狼(蓝),三类烟,71.0,80.0,21.388,21.272,35.513604,16695.0,1132.092,99.45764,22.830199,8.597608,71.0,0.548,0.54,844.0,80.0,68.0,8.06,85.0,98.54,67.0,84.38,98.53,,,0.0,,21.27,21.39,99.46,844.0,812.0,100.0,96.21,764.0,0.0,0.0,0.0,94.09,0.0,0.0,0.0,1.0,2025-04-01,4,2025,1.1267605633802817,0.2420933679386637,53.2198194810079,-98.45764,0.676544766708701,0.04207772985781991,0.0947867298578199,4,中高档
202504,6901028207089,利群(蓝天),二类烟,143.1,160.0,,,,,0.0,,,,,,,,,,,,,,,,,,,,,,,,,,,,,,,,,,,,2025-04-01,4,2025,1.1180992313067786,,,,,,,5,高档
202504,6901028221351,贵烟(新贵),三类烟,93.28,110.0,0.176,0.168,0.391776,23320.0,386.336,95.454545,0.251832,0.094878,93.28,1.612,1.604,844.0,252.0,202.0,23.93,80.16,99.5,199.0,79.56,98.51,,,0.0,,0.17,0.18,95.45,844.0,21.0,1.25,2.49,0.0,0.0,0.0,0.0,0.0,0.0,0.0,0.0,,2025-04-01,4,2025,1.179245283018868,0.24217409948542024,2299.6190476190477,-94.454545,4.25,0.00046418957345971564,0.2985781990521327,4,中高档
202504,6901028114455,苏烟(软金砂),一类烟,381.6,450.0,0.04,0.032,0.30528,95400.0,79.1,80.0,0.175856,0.094304,381.6,3.044,3.028,844.0,387.0,380.0,45.02,98.19,99.47,377.0,97.8,99.21,,,0.0,,0.03,0.04,80.0,844.0,4.0,0.24,0.47,0.0,0.0,0.0,0.0,0.0,0.0,0.0,0.0,4.0,2025-04-01,4,2025,1.1792452830188678,0.3089098532494759,2471.8749999999995,-79.0,inf,0.00036170616113744073,0.4585308056872038,5,高档
202504,6901028936996,好猫(招财猫1600),一类烟,158.0,180.0,0.492,0.48,1.896,39500.0,169.144,97.560976,1.21884,0.459059,158.0,8.876,8.836,844.0,842.0,728.0,86.26,86.46,99.55,718.0,87.94,98.63,,,0.0,,0.48,0.49,97.56,844.0,61.0,4.15,7.23,0.0,0.0,0.0,0.0,0.0,0.0,0.0,0.0,,2025-04-01,4,2025,1.139240506329114,0.24211972573839663,352.3833333333334,-96.560976,14.0,0.0022464454976303316,0.9976303317535545,5,高档
202504,6901028025645,娇子(时代阳光),三类烟,71.0,80.0,0.008,0.0,0.0,,726.368,0.0,0.0,0.0,71.0,,,844.0,,,,,,,,,,,,,,,,,,,,,,,,,,,,,2025-04-01,4,2025,1.1267605633802817,,,1.0,-1.0,0.0,,4,中高档
202504,4891132530116,红双喜(南洋经典),三类烟,67.95,80.0,0.008,0.0,0.0,,8.248,0.0,0.0,0.0,67.95,,,844.0,,,,,,,,,,,,,,,,,,,,,,,,,,,,,2025-04-01,4,2025,1.177336276674025,,,1.0,,0.0,,4,中高档
202504,6901028058148,好猫(细支长乐),二类烟,139.92,160.0,0.584,0.568,1.986864,34980.0,297.508,97.260274,1.27729,0.481025,139.92,0.5,0.488,844.0,61.0,61.0,7.23,100.0,97.6,61.0,100.0,100.0,,,0.0,,0.57,0.58,97.26,844.0,71.0,4.98,8.41,0.0,0.0,0.0,0.0,0.0,0.0,0.0,0.0,1.0,2025-04-01,4,2025,1.1435105774728418,0.2421026300743282,523.7816901408451,-96.260274,,0.0023541042654028435,0.07227488151658767,5,高档
202504,6901028242066,黄鹤楼(硬峡谷情),一类烟,339.2,400.0,0.236,0.168,1.42464,84800.0,95.436,71.186441,0.82068,0.440055,339.2,,,844.0,156.0,,,0.0,,,0.0,,,,,,0.17,0.24,71.19,844.0,21.0,1.25,2.49,0.0,0.0,0.0,0.0,0.0,0.0,0.0,0.0,,2025-04-01,4,2025,1.179245283018868,0.3088885613207547,568.0714285714286,-70.186441,inf,0.0016879620853080567,0.1848341232227488,5,高档
202504,8888075018616,555·双冰,一类烟,271.07,320.0,,,,,1.416,,,,271.07,,,844.0,,,,,,,,,,,,,,,,,,,,,,,,,,,,,2025-04-01,4,2025,1.180506880141661,,,,,,,5,高档
202504,6901028189057,黄鹤楼(硬雪之景),二类烟,121.9,140.0,,,,,318.476,,,,,,,,,,,,,,,,,,,,,,,,,,,,,,,,,,,,2025-04-01,4,2025,1.1484823625922886,,,,,,,5,高档
202504,6901028218603,黄鹤楼(硬1916如意),一类烟,763.2,900.0,1.408,1.388,26.48304,190800.0,113.7,98.579545,15.256841,8.179539,763.2,0.328,0.312,844.0,40.0,39.0,4.62,97.5,95.12,39.0,97.5,100.0,,,0.0,,1.39,1.41,98.58,844.0,174.0,11.21,20.62,0.0,0.0,0.0,0.0,0.0,0.0,0.0,0.0,,2025-04-01,4,2025,1.1792452830188678,0.30885951914885906,81.91642651296831,-97.579545,2.7311827956989245,0.03137800947867298,0.04739336492890995,5,高档
202504,6901028053440,玉溪(高配版),一类烟,201.4,250.0,,,,,0.0,,,,,,,,,,,,,,,,,,,,,,,,,,,,,,,,,,,,2025-04-01,4,2025,1.2413108242303872,,,,,,,5,高档
202504,6901028155557,泰山(颜悦),一类烟,167.48,190.0,1.632,1.616,6.766192,41870.0,182.288,99.019608,4.349464,1.63822,167.48,,,844.0,,,,,,,,,,,,,1.62,1.63,99.02,844.0,204.0,14.0,24.17,0.0,0.0,0.0,0.0,0.0,0.0,0.0,0.0,1.0,2025-04-01,4,2025,1.1344638165751135,0.2421184619058992,112.8019801980198,-98.019608,2.5130434782608697,0.008016815165876778,,5,高档
202504,6901028937535,好猫(金猴王),三类烟,71.0,80.0,8.876,8.836,15.6839,17750.0,974.62,99.549347,9.572782,4.306743,71.0,0.168,0.16,844.0,21.0,20.0,2.37,95.24,95.24,20.0,95.24,100.0,,,0.0,,8.84,8.88,99.55,844.0,728.0,49.94,86.26,0.0,0.0,0.0,0.0,0.0,0.0,0.0,0.0,8.0,2025-04-01,4,2025,1.1267605633802817,0.27459643328508854,110.30104119511091,-98.549347,inf,0.01858281990521327,0.024881516587677725,4,中高档
202504,6901028227438,龙凤呈祥(软魅力朝天门),三类烟,97.0,110.0,0.008,0.0,0.0,,295.772,0.0,0.0,0.0,97.0,,,844.0,,,,,,,,,,,,,,,,,,,,,,,,,,,,,2025-04-01,4,2025,1.134020618556701,,,1.0,,0.0,,4,中高档
202504,6901028179324,黄鹤楼(硬珍品),一类烟,339.2,400.0,4.504,4.488,38.05824,84800.0,1135.028,99.64476,21.92388,11.75576,339.2,5.68,5.624,844.0,448.0,417.0,49.41,93.08,99.01,415.0,93.24,99.52,,,0.0,,4.49,4.5,99.64,844.0,413.0,34.34,48.93,145.0,0.0,0.0,0.0,35.11,0.0,0.0,0.0,,2025-04-01,4,2025,1.179245283018868,0.3088886926983487,252.90285204991085,-98.64476,11.750000000000002,0.04509270142180095,0.5308056872037915,5,高档
202504,6901028042635,娇子(宽窄好运),一类烟,263.0,300.0,,,,,540.008,,,,263.0,,,844.0,,,,,,,,,,,,,,,,,,,,,,,,,,,,,2025-04-01,4,2025,1.1406844106463878,,,,,,,5,高档
202504,6901028179492,红金龙(软蓝九州腾龙),四类烟,38.16,45.0,13.432,13.344,12.730176,9540.0,560.732,99.344848,8.503464,2.762208,38.16,24.796,24.7,844.0,844.0,836.0,99.05,99.05,99.61,836.0,97.92,100.0,,,0.0,,13.34,13.43,99.34,844.0,838.0,100.0,99.29,831.0,0.0,0.0,0.0,99.16,0.0,0.0,0.0,1.0,2025-04-01,4,2025,1.179245283018868,0.2169811320754717,42.021282973621105,-98.344848,0.4183673469387754,0.01508314691943128,1.0,3,中档
202504,6901028143585,七匹狼(蓝钻),二类烟,114.5,130.0,,,,,0.0,,,,114.5,5.52,5.46,844.0,726.0,686.0,81.28,94.49,98.91,679.0,94.01,98.98,,,0.0,,,,,,,,,,,,,,,,,,2025-04-01,4,2025,1.1353711790393013,,,,,,0.8601895734597157,5,高档
202504,6901028184250,黄鹤楼(硬1916),一类烟,848.0,1000.0,0.004,0.0,0.0,,1.012,0.0,0.0,0.0,848.0,0.008,0.0,844.0,,,,,0.0,,,,,,,,,,,,,,,,,,,,,,,,2025-04-01,4,2025,1.179245283018868,,,1.0,,0.0,,5,高档
202504,6901028118187,利群(新版),二类烟,143.1,160.0,11.492,11.448,40.95522,35775.0,1961.268,99.617125,26.326099,9.917303,143.1,2.472,2.468,844.0,407.0,312.0,36.97,76.66,99.84,305.0,75.8,97.76,,,0.0,,11.45,11.49,99.62,844.0,820.0,58.72,97.16,147.0,0.0,0.0,0.0,17.93,0.0,0.0,0.0,2.0,2025-04-01,4,2025,1.1180992313067786,0.24214991397921928,171.31970649895177,-98.617125,0.3720038350910835,0.04852514218009479,0.4822274881516588,5,高档
202504,6901028039758,贵烟(硬黄精品),二类烟,114.5,130.0,1.396,1.396,3.99605,28625.0,114.82,100.0,2.56864,0.967605,114.5,0.116,0.116,844.0,20.0,15.0,1.78,75.0,100.0,14.0,72.5,93.33,,,0.0,,1.4,1.4,100.0,844.0,177.0,16.49,20.97,0.0,0.0,0.0,0.0,0.0,0.0,0.0,0.0,45.0,2025-04-01,4,2025,1.1353711790393013,0.24214036360906396,82.24928366762178,-99.0,-0.34398496240601517,0.004734656398104265,0.023696682464454975,5,高档
202504,6901028188029,黄鹤楼(硬峡谷情细支),一类烟,263.0,300.0,0.008,0.0,0.0,,511.128,0.0,0.0,0.0,263.0,0.496,0.488,844.0,61.0,61.0,7.23,100.0,98.39,61.0,100.0,100.0,,,0.0,,,,,,,,,,,,,,,,,,2025-04-01,4,2025,1.1406844106463878,,,1.0,,0.0,0.07227488151658767,5,高档
202504,6901028151634,泰山(白将军),二类烟,114.5,130.0,2.872,2.868,8.20965,28625.0,399.46,99.860724,5.277127,1.987883,114.5,,,844.0,,,,,,,,,,,,,2.87,2.87,99.86,844.0,366.0,36.0,43.36,0.0,0.0,0.0,0.0,0.0,0.0,0.0,0.0,4.0,2025-04-01,4,2025,1.1353711790393013,0.2421397988952026,139.28172942817295,-98.860724,0.43687374749499,0.00972707345971564,,5,高档
202504,6901028245029,芙蓉王(荣耀细支),一类烟,305.28,400.0,,,,,0.0,,,,,,,,,,,,,,,,,,,,,,,,,,,,,,,,,,,,2025-04-01,4,2025,1.310272536687631,,,,,,,5,高档
202504,6901028162876,黄金叶(喜满堂),三类烟,88.0,100.0,9.32,9.28,20.416,22000.0,2091.028,99.570815,13.124249,4.942753,88.0,,,844.0,,,,,,,,,,,,,9.28,9.32,99.57,844.0,805.0,70.11,95.38,357.0,0.0,0.0,0.0,44.35,0.0,0.0,0.0,3.0,2025-04-01,4,2025,1.1363636363636365,0.24210192985893414,225.32629310344828,-98.570815,inf,0.02418957345971564,,4,中高档
202504,6901028100274,长白山(777),二类烟,121.9,150.0,,,,,132.832,,,,121.9,0.18,0.16,844.0,20.0,20.0,2.37,100.0,88.89,20.0,100.0,100.0,,,0.0,,,,,,,,,,,,,,,,,,2025-04-01,4,2025,1.2305168170631664,,,,,,0.023696682464454975,5,高档
202504,6901028102094,贵烟(红中支),一类烟,263.0,300.0,0.116,0.116,0.7627,65750.0,34.396,100.0,0.439355,0.235605,263.0,0.176,0.168,844.0,21.0,21.0,2.49,100.0,95.45,21.0,100.0,100.0,,,0.0,,0.12,0.12,100.0,844.0,15.0,1.19,1.78,0.0,0.0,0.0,0.0,0.0,0.0,0.0,0.0,8.0,2025-04-01,4,2025,1.1406844106463878,0.30890913858660024,296.51724137931035,-99.0,-0.23684210526315785,0.0009036729857819905,0.024881516587677725,5,高档
202504,6901028218757,黄鹤楼(硬蓝),一类烟,175.0,200.0,,,,,269.804,,,,175.0,0.008,0.0,844.0,,,,,0.0,,,,,,,,,,,,,,,,,,,,,,,,2025-04-01,4,2025,1.1428571428571428,,,,,,,5,高档
202504,6901028129725,都宝(天空蓝中支),一类烟,201.4,230.0,,,,,0.0,,,,,,,,,,,,,,,,,,,,,,,,,,,,,,,,,,,,2025-04-01,4,2025,1.1420059582919562,,,,,,,5,高档
202504,6901028098335,长白山(蓝尚),一类烟,158.0,180.0,0.316,0.304,1.2008,39500.0,237.364,96.202532,0.772108,0.290562,158.0,,,844.0,,,,,,,,,,,,,0.3,0.32,96.2,844.0,38.0,2.37,4.5,0.0,0.0,0.0,0.0,0.0,0.0,0.0,0.0,8.0,2025-04-01,4,2025,1.139240506329114,0.24197368421052629,780.8026315789474,-95.202532,,0.0014227488151658768,,5,高档
202504,6901028165921,黄金叶(小目标),二类烟,121.9,140.0,,,,,0.004,,,,,,,,,,,,,,,,,,,,,,,,,,,,,,,,,,,,2025-04-01,4,2025,1.1484823625922886,,,,,,,5,高档
202504,6901028104302,龙烟(老巴夺传琦),一类烟,225.0,260.0,0.144,0.132,0.7425,56250.0,30.628,91.666667,0.452529,0.204551,225.0,,,844.0,,,,,,,,,,,,,0.13,0.14,91.67,844.0,17.0,1.19,2.01,0.0,0.0,0.0,0.0,0.0,0.0,0.0,0.0,,2025-04-01,4,2025,1.1555555555555554,0.2754895622895623,232.03030303030303,-90.666667,,0.0008797393364928911,,5,高档
202504,6901028224642,金圣(青瓷),一类烟,158.0,180.0,3.304,3.3,13.035,39500.0,498.268,99.878935,8.379525,3.156033,158.0,,,844.0,,,,,,,,,,,,,3.3,3.3,99.88,844.0,417.0,36.18,49.41,0.0,0.0,0.0,0.0,0.0,0.0,0.0,0.0,21.0,2025-04-01,4,2025,1.139240506329114,0.24211990794016108,150.99030303030304,-98.878935,5.5476190476190474,0.015444312796208531,,5,高档
202504,6901028164177,红旗渠(雪茄),四类烟,44.5,50.0,0.008,0.0,0.0,,0.0,0.0,0.0,0.0,44.5,1.812,1.784,844.0,236.0,224.0,26.54,94.92,98.45,222.0,94.49,99.11,,,0.0,,,,,,,,,,,,,,,,,,2025-04-01,4,2025,1.1235955056179776,,,1.0,,0.0,0.2796208530805687,3,中档
202504,6901028075015,中华(硬),一类烟,381.6,450.0,0.012,0.0,0.0,,190.4,0.0,0.0,0.0,381.6,0.008,0.0,844.0,,,,,0.0,,,,,,,,,,,,,,,,,,,,,,,,2025-04-01,4,2025,1.1792452830188678,,,1.0,-1.0,0.0,,5,高档
202504,6901028191142,白沙(硬),三类烟,71.0,80.0,0.008,0.0,0.0,,407.692,0.0,0.0,0.0,71.0,,,844.0,,,,,,,,,,,,,,,,,,,,,,,,,,,,,2025-04-01,4,2025,1.1267605633802817,,,1.0,,0.0,,4,中高档
202504,6901028188081,黄鹤楼(硬银紫),二类烟,114.5,130.0,0.496,0.488,1.3969,28625.0,968.988,98.387097,0.89792,0.338245,114.5,0.032,0.032,844.0,4.0,4.0,0.47,100.0,100.0,4.0,100.0,100.0,,,0.0,,0.49,0.5,98.39,844.0,61.0,3.62,7.23,0.0,0.0,0.0,0.0,0.0,0.0,0.0,0.0,,2025-04-01,4,2025,1.1353711790393013,0.2421397379912664,1985.6311475409839,-97.387097,-0.9134751773049645,0.0016550947867298579,0.004739336492890996,5,高档
202504,6901028084321,娇子(软阳光),三类烟,88.0,100.0,11.712,11.676,25.6872,22000.0,1726.96,99.692623,16.512784,6.218931,88.0,0.876,0.864,844.0,110.0,108.0,12.8,98.18,98.63,108.0,98.18,100.0,,,0.0,,11.68,11.71,99.69,844.0,838.0,88.79,99.29,624.0,0.0,0.0,0.0,74.46,0.0,0.0,0.0,3.0,2025-04-01,4,2025,1.1363636363636365,0.2421023311221153,147.9068174032203,-98.692623,0.7261975162625665,0.030435071090047394,0.13033175355450238,4,中高档
202504,6901028079990,钻石(荷花),一类烟,275.6,320.0,2.996,2.92,20.1188,68900.0,675.916,97.463284,11.58948,6.214852,275.6,6.484,6.444,844.0,844.0,807.0,95.62,95.62,99.38,804.0,95.44,99.63,,,0.0,,2.92,3.0,97.46,844.0,368.0,23.78,43.6,0.0,0.0,0.0,0.0,0.0,0.0,0.0,0.0,13.0,2025-04-01,4,2025,1.1611030478955007,0.308907688331312,231.47808219178086,-96.463284,-0.03183023872679047,0.02383744075829384,1.0,5,高档
202504,6901028317177,玉溪(软),一类烟,201.4,230.0,8.976,8.912,44.87192,50350.0,1527.452,99.286988,27.346521,12.363123,201.4,11.492,11.448,844.0,842.0,820.0,97.16,97.39,99.62,817.0,98.22,99.63,,,0.0,,8.91,8.98,99.29,844.0,650.0,90.21,77.01,476.0,0.0,0.0,0.0,73.23,0.0,0.0,0.0,6.0,2025-04-01,4,2025,1.1420059582919562,0.27552025854922185,171.3927289048474,-98.286988,15.878787878787879,0.053165781990521334,0.9976303317535545,5,高档
202504,6901028937832,好猫(长乐九美),一类烟,175.0,200.0,0.168,0.16,0.7,43750.0,79.012,95.238095,0.4266,0.19286,175.0,0.008,0.0,844.0,,,,,0.0,,,,,,,,0.16,0.17,95.24,844.0,20.0,1.25,2.37,0.0,0.0,0.0,0.0,0.0,0.0,0.0,0.0,,2025-04-01,4,2025,1.1428571428571428,0.2755142857142857,493.825,-94.238095,4.0,0.0008293838862559242,,5,高档
202504,6901028005036,双喜(硬金五叶神),二类烟,121.9,140.0,0.936,0.928,2.82808,30475.0,358.196,99.145299,1.817955,0.684746,121.9,1.0,0.996,844.0,168.0,126.0,14.93,75.0,99.6,123.0,74.11,97.62,,,0.0,,0.93,0.94,99.15,844.0,117.0,7.59,13.86,0.0,0.0,0.0,0.0,0.0,0.0,0.0,0.0,,2025-04-01,4,2025,1.1484823625922886,0.2421239851772227,385.98706896551727,-98.145299,1.0714285714285716,0.0033508056872037914,0.1990521327014218,5,高档
202504,6901028940504,红金龙(硬新版),四类烟,44.5,50.0,36.096,35.988,40.03665,11125.0,2613.12,99.700798,26.739093,8.691093,44.5,0.008,0.0,844.0,,,,,0.0,,,,,,,,35.99,36.1,99.7,844.0,843.0,100.0,99.88,836.0,0.0,0.0,0.0,99.17,0.0,0.0,0.0,1.0,2025-04-01,4,2025,1.1235955056179776,0.21707842689136078,72.6108702900967,-98.700798,0.3420346062052506,0.04743678909952607,,3,中档
202504,6901028010115,中南海(典8),三类烟,97.0,110.0,0.168,0.152,0.3686,24250.0,193.432,90.47619,0.236935,0.089257,97.0,,,844.0,,,,,,,,,,,,,0.15,0.17,90.48,844.0,19.0,1.19,2.25,0.0,0.0,0.0,0.0,0.0,0.0,0.0,0.0,19.0,2025-04-01,4,2025,1.134020618556701,0.2421513836136734,1272.578947368421,-89.47619,inf,0.0004367298578199052,,4,中高档
202504,6901028218634,黄鹤楼(硬1916红爆),一类烟,720.8,1000.0,0.328,0.312,5.62224,180200.0,57.78,95.121951,3.238716,1.736709,720.8,,,844.0,,,,,,,,,,,,,0.31,0.33,95.12,844.0,39.0,2.37,4.62,0.0,0.0,0.0,0.0,0.0,0.0,0.0,0.0,,2025-04-01,4,2025,1.3873473917869035,0.308899833518313,185.1923076923077,-94.121951,inf,0.006661421800947867,,5,高档
202504,6901028207508,利群(软红长嘴),一类烟,190.8,220.0,1.928,1.92,9.1584,47700.0,58.248,99.585062,5.58144,2.52336,190.8,1.052,1.052,844.0,194.0,134.0,15.88,69.07,100.0,129.0,67.78,96.27,,,0.0,,1.92,1.93,99.59,844.0,242.0,17.62,28.67,0.0,0.0,0.0,0.0,0.0,0.0,0.0,0.0,1.0,2025-04-01,4,2025,1.1530398322851152,0.275524109014675,30.3375,-98.585062,4.161290322580645,0.010851184834123223,0.22985781990521326,5,高档
202504,6901028159548,泰山(硬红八喜),三类烟,57.24,65.0,8.34,8.3,11.8773,14310.0,426.004,99.520384,7.636,2.874911,57.24,0.48,0.472,844.0,61.0,59.0,6.99,96.72,98.33,59.0,96.72,100.0,,,0.0,,8.3,8.34,99.52,844.0,766.0,72.24,90.76,273.0,0.0,0.0,0.0,35.64,0.0,0.0,0.0,2.0,2025-04-01,4,2025,1.1355695317959469,0.24205088698609953,51.32578313253012,-98.520384,0.40964673913043503,0.014072630331753554,0.07227488151658767,3,中档
202504,6901028178648,黄鹤楼(珍品细支),一类烟,381.6,450.0,0.008,0.0,0.0,,98.008,0.0,0.0,0.0,381.6,4.504,4.488,844.0,430.0,413.0,48.93,96.05,99.64,411.0,96.23,99.52,,,0.0,,,,,,,,,,,,,,,,,,2025-04-01,4,2025,1.1792452830188678,,,1.0,,0.0,0.509478672985782,5,高档
202504,6901028942911,双喜(软珍品好日子),二类烟,137.8,160.0,0.164,0.16,0.5512,34450.0,110.228,97.560976,0.35432,0.13346,137.8,,,844.0,,,,,,,,,,,,,0.16,0.16,97.56,844.0,20.0,1.25,2.37,0.0,0.0,0.0,0.0,0.0,0.0,0.0,0.0,,2025-04-01,4,2025,1.1611030478955007,0.2421262699564586,688.925,-96.560976,1.0,0.0006530805687203792,,5,高档
202504,6901028178259,黄鹤楼(1916中支),一类烟,1000.0,1200.0,0.008,0.0,0.0,,8.024,0.0,0.0,0.0,1000.0,0.008,0.0,844.0,,,,,0.0,,,,,,,,,,,,,,,,,,,,,,,,2025-04-01,4,2025,1.2,,,1.0,,0.0,,5,高档
202504,6901028124058,黄山(黑马细支),一类烟,225.0,260.0,0.404,0.404,2.2725,56250.0,52.376,100.0,1.385013,0.626049,225.0,,,844.0,,,,,,,,,,,,,0.4,0.4,100.0,844.0,51.0,7.95,6.04,0.0,0.0,0.0,0.0,0.0,0.0,0.0,0.0,51.0,2025-04-01,4,2025,1.1555555555555554,0.27548910891089107,129.64356435643563,-99.0,0.07446808510638303,0.0026925355450236966,,5,高档
202504,6901028018722,中华(双中支),一类烟,424.0,500.0,0.032,0.032,0.3392,106000.0,114.404,100.0,0.1954,0.104776,424.0,0.012,0.0,844.0,,,,,0.0,,,,,,,,0.03,0.03,100.0,844.0,4.0,0.24,0.47,0.0,0.0,0.0,0.0,0.0,0.0,0.0,0.0,,2025-04-01,4,2025,1.179245283018868,0.30889150943396226,3575.125,-99.0,1.0,0.0004018957345971564,,5,高档
202504,6901028190374,黄鹤楼(硬15细支),一类烟,848.0,1000.0,0.032,0.032,0.6784,212000.0,11.992,100.0,0.390799,0.209553,848.0,1.024,1.024,844.0,128.0,128.0,15.17,100.0,100.0,128.0,100.0,100.0,,,0.0,,0.03,0.03,100.0,844.0,4.0,0.24,0.47,0.0,0.0,0.0,0.0,0.0,0.0,0.0,0.0,,2025-04-01,4,2025,1.179245283018868,0.30889298349056604,374.75,-99.0,,0.0008037914691943128,0.15165876777251186,5,高档
202504,6901028111546,南京(雨花石),一类烟,455.8,530.0,0.064,0.064,0.72928,113950.0,78.288,100.0,0.421514,0.22387,455.8,,,844.0,,,,,,,,,,,,,0.06,0.06,100.0,844.0,4.0,0.47,0.47,4.0,0.0,0.0,0.0,100.0,0.0,0.0,0.0,,2025-04-01,4,2025,1.1627906976744187,0.30697400175515577,1223.25,-99.0,3.0,0.0008640758293838863,,5,高档
202504,6901028180788,黄鹤楼(硬15),一类烟,848.0,1000.0,0.032,0.032,0.6784,212000.0,18.996,100.0,0.3908,0.209552,848.0,0.008,0.0,844.0,,,,,0.0,,,,,,,,0.03,0.03,100.0,844.0,4.0,0.24,0.47,0.0,0.0,0.0,0.0,0.0,0.0,0.0,0.0,,2025-04-01,4,2025,1.179245283018868,0.30889150943396226,593.625,-99.0,,0.0008037914691943128,,5,高档
202504,6901028936750,好猫(长乐),二类烟,121.9,140.0,0.656,0.652,1.98697,30475.0,68.292,99.390244,1.277268,0.481095,121.9,0.492,0.48,844.0,70.0,61.0,7.23,87.14,97.56,59.0,85.71,96.72,,,0.0,,0.65,0.66,99.39,844.0,82.0,5.34,9.72,0.0,0.0,0.0,0.0,0.0,0.0,0.0,0.0,1.0,2025-04-01,4,2025,1.1484823625922886,0.24212494401022663,104.74233128834355,-98.390244,3.2894736842105265,0.002354229857819905,0.08293838862559241,5,高档
202504,6901028324830,红塔山(细支传奇),二类烟,155.0,180.0,0.344,0.336,1.302,38750.0,,,,,155.0,0.252,0.232,844.0,61.0,30.0,3.55,49.18,92.06,28.0,47.54,93.33,,,0.0,,0.34,0.34,97.67,844.0,42.0,2.97,4.98,0.0,0.0,0.0,0.0,0.0,0.0,0.0,0.0,,2025-04-01,4,2025,1.1612903225806452,,,,1.0,0.001542654028436019,0.07227488151658767,5,高档
202505,6901028143448,万宝路(软红2.0),二类烟,143.1,160.0,,,,,75.956,,,,143.1,,,840.0,,,,,,,,,,,,,,,,,,,,,,,,,,,,,2025-05-01,5,2025,1.1180992313067786,,,,,,,5,高档
202505,6901028172936,黄金叶(乐途硬),一类烟,175.0,200.0,0.416,0.4,1.75,43750.0,221.068,96.153846,1.0665,0.482151,175.0,0.008,0.0,840.0,,,,,0.0,,,,,,,,0.4,0.42,96.15,840.0,51.0,3.64,6.07,0.0,0.0,0.0,0.0,0.0,0.0,0.0,0.0,,2025-05-01,5,2025,1.1428571428571428,0.2755148571428571,552.67,-95.153846,1.6315789473684212,0.0020833333333333333,,5,高档
202505,6901028180634,红金龙(软虹之彩),五类烟,19.08,25.0,0.008,0.0,0.0,,0.0,0.0,0.0,0.0,19.08,1.416,1.4,840.0,175.0,175.0,20.83,100.0,98.87,175.0,100.0,100.0,,,0.0,,,,,,,,,,,,,,,,,,2025-05-01,5,2025,1.310272536687631,,,1.0,,0.0,0.20833333333333334,2,中低档
202505,6901028322867,玉溪(鑫中支),一类烟,225.0,260.0,,,,,84.808,,,,,,,,,,,,,,,,,,,,,,,,,,,,,,,,,,,,2025-05-01,5,2025,1.1555555555555554,,,,,,,5,高档
202505,6901028241410,黄鹤楼(视窗),一类烟,300.0,350.0,,,,,79.448,,,,300.0,0.036,0.0,840.0,,,,,0.0,,,,,,,,,,,,,,,,,,,,,,,,2025-05-01,5,2025,1.1666666666666667,,,,,,,5,高档
202505,6901028042635,娇子(宽窄好运),一类烟,263.0,300.0,0.632,0.608,3.9976,65750.0,390.76,96.202532,2.304143,1.233579,263.0,0.244,0.236,840.0,345.0,30.0,3.57,8.7,96.72,29.0,8.55,96.67,,,0.0,,0.61,0.63,96.2,840.0,78.0,10.44,9.29,0.0,0.0,0.0,0.0,0.0,0.0,0.0,0.0,2.0,2025-05-01,5,2025,1.1406844106463878,0.3085798979387633,642.6973684210526,-95.202532,,0.0047590476190476185,0.4107142857142857,5,高档
202505,6901028039758,贵烟(硬黄精品),二类烟,114.5,130.0,0.164,0.16,0.458,28625.0,137.3,97.560976,0.2944,0.1109,114.5,0.2,0.192,840.0,21.0,20.0,2.38,95.24,96.0,20.0,96.0,100.0,,,0.0,,0.16,0.16,97.56,840.0,20.0,1.25,2.38,0.0,0.0,0.0,0.0,0.0,0.0,0.0,0.0,,2025-05-01,5,2025,1.1353711790393013,0.24213973799126637,858.125,-96.560976,-0.8853868194842407,0.0005452380952380953,0.025,5,高档
202505,6901028188029,黄鹤楼(硬峡谷情细支),一类烟,263.0,300.0,0.396,0.368,2.4196,65750.0,655.304,92.929293,1.3938,0.747454,263.0,11.24,11.168,840.0,837.0,784.0,93.33,93.67,99.36,783.0,95.49,99.87,,,0.0,,0.37,0.4,92.93,840.0,46.0,2.8,5.48,0.0,0.0,0.0,0.0,0.0,0.0,0.0,0.0,,2025-05-01,5,2025,1.1406844106463878,0.3089163498098859,1780.7173913043478,-91.929293,inf,0.0028804761904761902,0.9964285714285714,5,高档
202505,6901028112505,南京(大观园爆冰),一类烟,263.0,300.0,,,,,12.116,,,,,,,,,,,,,,,,,,,,,,,,,,,,,,,,,,,,2025-05-01,5,2025,1.1406844106463878,,,,,,,5,高档
202505,6901028181815,红金龙(硬蓝爱你),三类烟,97.0,110.0,1.416,1.4,3.395,24250.0,738.524,98.870057,2.18225,0.82215,97.0,34.676,34.56,840.0,840.0,834.0,99.29,99.29,99.67,832.0,97.85,99.76,,,0.0,,1.4,1.42,98.87,840.0,175.0,10.44,20.83,0.0,0.0,0.0,0.0,0.0,0.0,0.0,0.0,,2025-05-01,5,2025,1.134020618556701,0.24216494845360825,527.5171428571429,-97.870057,3.375,0.0040416666666666665,1.0,4,中高档
202505,6901028189989,黄鹤楼(硬嘉禧缘),一类烟,167.48,200.0,,,,,27.752,,,,,,,,,,,,,,,,,,,,,,,,,,,,,,,,,,,,2025-05-01,5,2025,1.1941724385001196,,,,,,,5,高档
202505,6901028080521,钻石(细支荷花),一类烟,360.4,420.0,0.036,0.032,0.28832,90100.0,99.712,88.888889,0.166088,0.089064,360.4,0.108,0.096,840.0,15.0,12.0,1.43,80.0,88.89,12.0,80.0,100.0,,,0.0,,0.03,0.04,88.89,840.0,4.0,0.24,0.48,0.0,0.0,0.0,0.0,0.0,0.0,0.0,0.0,,2025-05-01,5,2025,1.165371809100999,0.3089067702552719,3116.0,-87.888889,inf,0.00034323809523809524,0.017857142857142856,5,高档
202505,6901028092838,人民大会堂(硬红细支),二类烟,139.92,160.0,,,,,165.312,,,,139.92,0.188,0.168,840.0,21.0,21.0,2.5,100.0,89.36,21.0,100.0,100.0,,,0.0,,,,,,,,,,,,,,,,,,2025-05-01,5,2025,1.1435105774728418,,,,,,0.025,5,高档
202505,6901028331296,云烟(黑金刚印象),一类烟,466.4,600.0,,,,,0.016,,,,466.4,5.424,5.38,840.0,839.0,654.0,77.86,77.95,99.19,653.0,78.38,99.85,,,0.0,,,,,,,,,,,,,,,,,,2025-05-01,5,2025,1.2864493996569468,,,,,,0.9988095238095238,5,高档
202505,6901028218184,黄鹤楼(感恩中支),一类烟,225.0,260.0,,,,,149.748,,,,225.0,0.008,0.0,840.0,,,,,0.0,,,,,,,,,,,,,,,,,,,,,,,,2025-05-01,5,2025,1.1555555555555554,,,,,,,5,高档
202505,6901028104692,龙烟(呈祥),二类烟,129.3,150.0,,,,,0.0,,,,,,,,,,,,,,,,,,,,,,,,,,,,,,,,,,,,2025-05-01,5,2025,1.160092807424594,,,,,,,5,高档
202505,6901028084925,长城(醇雅薄荷),一类烟,158.4,180.0,0.2916,0.288,1.2672,44000.0,166.5504,98.765432,0.763233,0.358167,158.4,,,840.0,,,,,,,,,,,,,0.29,0.29,98.77,840.0,34.0,2.63,4.05,6.0,0.0,0.0,0.0,17.65,0.0,0.0,0.0,16.0,2025-05-01,5,2025,1.1363636363636362,0.2826444128787879,578.3000000000001,-97.765432,,0.0015085714285714288,,5,高档
202505,6901028133081,金圣(青瓷中支),一类烟,175.0,200.0,,,,,26.18,,,,175.0,0.132,0.124,840.0,19.0,16.0,1.9,84.21,93.94,15.0,81.58,93.75,,,0.0,,,,,,,,,,,,,,,,,,2025-05-01,5,2025,1.1428571428571428,,,,,,0.02261904761904762,5,高档
202505,6901028178105,黄鹤楼(硬天下胜景),一类烟,212.0,260.0,,,,,104.176,,,,,,,,,,,,,,,,,,,,,,,,,,,,,,,,,,,,2025-05-01,5,2025,1.2264150943396226,,,,,,,5,高档
202505,8888075074865,建牌(薄荷紫冰),一类烟,257.75,300.0,,,,,69.704,,,,257.75,,,840.0,,,,,,,,,,,,,,,,,,,,,,,,,,,,,2025-05-01,5,2025,1.1639185257032008,,,,,,,5,高档
202505,6901028180580,黄鹤楼(软蓝),一类烟,164.3,190.0,17.532,17.408,71.50336,41075.0,8862.144,99.292722,45.965835,17.311734,164.3,,,840.0,,,,,,,,,,,,,17.41,17.53,99.29,840.0,838.0,100.0,99.76,829.0,0.0,0.0,0.0,98.93,0.0,0.0,0.0,1.0,2025-05-01,5,2025,1.1564211807668898,0.24211077633274858,509.0845588235294,-98.292722,-0.5677393722685736,0.08512304761904763,,5,高档
202505,6901028315432,红塔山(硬经典100),三类烟,97.0,110.0,6.172,6.156,14.9283,24250.0,1095.468,99.740765,9.595733,3.615043,97.0,0.44,0.428,840.0,61.0,54.0,6.43,88.52,97.27,53.0,87.7,98.15,,,0.0,,6.16,6.17,99.74,840.0,771.0,50.06,91.79,0.0,0.0,0.0,0.0,0.0,0.0,0.0,0.0,2.0,2025-05-01,5,2025,1.134020618556701,0.24216039334686468,177.95126705653024,-98.740765,2.699519230769231,0.017771785714285716,0.07261904761904762,4,中高档
202505,6901028179348,黄鹤楼(软红),一类烟,227.9,260.0,0.516,0.488,2.78038,56975.0,2566.608,94.573643,1.694458,0.766038,227.9,0.008,0.0,840.0,,,,,0.0,,,,,,,,0.49,0.52,94.57,840.0,61.0,3.64,7.26,0.0,0.0,0.0,0.0,0.0,0.0,0.0,0.0,,2025-05-01,5,2025,1.1408512505484862,0.2755155770074594,5259.44262295082,-93.573643,-0.9132290184921764,0.0033099761904761904,,5,高档
202505,6901028165242,黄金叶(爱尚),二类烟,139.92,160.0,,,,,230.016,,,,139.92,,,840.0,,,,,,,,,,,,,,,,,,,,,,,,,,,,,2025-05-01,5,2025,1.1435105774728418,,,,,,,5,高档
202505,6901028340618,云烟(小熊猫家园),一类烟,158.0,200.0,,,,,0.0416,,,,,,,,,,,,,,,,,,,,,,,,,,,,,,,,,,,,2025-05-01,5,2025,1.2658227848101267,,,,,,,5,高档
202505,6901028177153,云烟(硬苁蓉),二类烟,114.5,130.0,0.04,0.032,0.0916,28625.0,194.5,80.0,0.058881,0.022179,114.5,,,840.0,,,,,,,,,,,,,0.03,0.04,80.0,840.0,4.0,0.24,0.48,0.0,0.0,0.0,0.0,0.0,0.0,0.0,0.0,,2025-05-01,5,2025,1.1353711790393013,0.2421288209606987,6078.125,-79.0,-0.9587628865979382,0.00010904761904761905,,5,高档
202505,6901028187855,黄鹤楼(软1916),一类烟,848.0,1000.0,,,,,40.436,,,,848.0,0.396,0.368,840.0,47.0,46.0,5.48,97.87,92.93,46.0,97.87,100.0,,,0.0,,,,,,,,,,,,,,,,,,2025-05-01,5,2025,1.179245283018868,,,,,,0.055952380952380955,5,高档
202505,6901028024976,娇子(X),三类烟,97.0,110.0,1.232,1.224,2.9682,24250.0,506.532,99.350649,1.90791,0.718794,97.0,14.416,14.352,840.0,839.0,765.0,91.07,91.18,99.56,736.0,88.64,96.21,,,0.0,,1.22,1.23,99.35,840.0,129.0,9.67,15.36,24.0,0.0,0.0,0.0,18.6,0.0,0.0,0.0,,2025-05-01,5,2025,1.134020618556701,0.24216494845360825,413.8333333333333,-98.350649,-0.31390134529147984,0.0035335714285714285,0.9988095238095238,4,中高档
202505,6901028095891,黄果树(长征),三类烟,61.5,70.0,0.008,0.0,0.0,,315.196,0.0,0.0,0.0,61.5,0.164,0.16,840.0,21.0,20.0,2.38,95.24,97.56,20.0,95.24,100.0,,,0.0,,,,,,,,,,,,,,,,,,2025-05-01,5,2025,1.1382113821138211,,,1.0,,0.0,0.025,3,中档
202505,6901028075022,中华(软),一类烟,583.0,700.0,0.008,0.0,0.0,,57.752,0.0,0.0,0.0,583.0,,,840.0,,,,,,,,,,,,,,,,,,,,,,,,,,,,,2025-05-01,5,2025,1.2006861063464838,,,1.0,,0.0,,5,高档
202505,6901028071475,中南海(5mg),二类烟,114.5,130.0,0.148,0.136,0.3893,28625.0,154.824,91.891892,0.250245,0.09426,114.5,,,840.0,,,,,,,,,,,,,0.14,0.15,91.89,840.0,17.0,1.25,2.02,0.0,0.0,0.0,0.0,0.0,0.0,0.0,0.0,14.0,2025-05-01,5,2025,1.1353711790393013,0.24212689442589264,1138.4117647058824,-90.891892,3.25,0.0004634523809523809,,5,高档
202505,6901028123266,黄山(硬记忆),三类烟,88.0,100.0,0.008,0.0,0.0,,507.764,0.0,0.0,0.0,88.0,0.464,0.456,840.0,75.0,59.0,7.02,78.67,98.28,55.0,76.0,93.22,,,0.0,,,,,,,,,,,,,,,,,,2025-05-01,5,2025,1.1363636363636365,,,1.0,-1.0,0.0,0.08928571428571429,4,中高档
202505,6901028046893,云烟(紫),二类烟,114.5,130.0,7.552,7.52,21.526,28625.0,489.156,99.576271,13.836826,5.212281,114.5,,,840.0,,,,,,,,,,,,,7.52,7.55,99.58,840.0,688.0,66.47,81.9,259.0,0.0,0.0,0.0,37.65,0.0,0.0,0.0,2.0,2025-05-01,5,2025,1.1353711790393013,0.2421388553377311,65.04734042553191,-98.576271,0.48264984227129326,0.025626190476190476,,5,高档
202505,6901028084772,娇子(格调细支),二类烟,129.3,150.0,0.656,0.652,2.10759,32325.0,377.988,99.390244,1.354856,0.510271,129.3,0.86,0.856,840.0,197.0,109.0,12.98,55.33,99.53,105.0,54.31,96.33,,,0.0,,0.65,0.66,99.39,840.0,82.0,5.19,9.76,0.0,0.0,0.0,0.0,0.0,0.0,0.0,0.0,,2025-05-01,5,2025,1.160092807424594,0.24211113167171983,579.7361963190184,-98.390244,-0.24537037037037035,0.0025090357142857145,0.23452380952380952,5,高档
202505,8888075005524,555金·锐,二类烟,137.8,160.0,,,,,142.492,,,,137.8,,,840.0,,,,,,,,,,,,,,,,,,,,,,,,,,,,,2025-05-01,5,2025,1.1611030478955007,,,,,,,5,高档
202505,6901028181457,黄鹤楼(硬峡谷柔情),一类烟,263.0,300.0,0.628,0.6,3.945,65750.0,453.928,95.541401,2.274357,1.216818,263.0,0.008,0.0,840.0,,,,,0.0,,,,,,,,0.6,0.63,95.54,840.0,75.0,4.47,8.93,0.0,0.0,0.0,0.0,0.0,0.0,0.0,0.0,,2025-05-01,5,2025,1.1406844106463878,0.30844562737642583,756.5466666666667,-94.541401,-0.8243559718969555,0.004696428571428571,,5,高档
202505,6901028225175,黄山(新制皖烟),二类烟,121.9,140.0,4.88,4.848,14.77428,30475.0,1072.156,99.344262,9.497232,3.577221,121.9,,,840.0,,,,,,,,,,,,,4.85,4.88,99.34,840.0,609.0,44.81,72.5,0.0,0.0,0.0,0.0,0.0,0.0,0.0,0.0,5.0,2025-05-01,5,2025,1.1484823625922886,0.24212489542637614,221.1542904290429,-98.344262,-0.31058020477815707,0.01758842857142857,,5,高档
202505,6901028057080,双喜(硬晶彩好日子),一类烟,158.0,180.0,0.056,0.056,0.2212,39500.0,121.464,100.0,0.142198,0.053557,158.0,0.008,0.0,840.0,,,,,0.0,,,,,,,,0.06,0.06,100.0,840.0,7.0,0.42,0.83,0.0,0.0,0.0,0.0,0.0,0.0,0.0,0.0,,2025-05-01,5,2025,1.139240506329114,0.24212025316455696,2169.0,-99.0,-0.8181818181818181,0.00026333333333333336,,5,高档
202505,6901028045919,云烟(软珍品),一类烟,206.7,230.0,0.572,0.56,2.8938,51675.0,433.792,97.902098,1.763613,0.797267,206.7,7.552,7.52,840.0,839.0,688.0,81.9,82.0,99.58,677.0,84.38,98.4,,,0.0,,0.56,0.57,97.9,840.0,71.0,4.47,8.45,0.0,0.0,0.0,0.0,0.0,0.0,0.0,0.0,1.0,2025-05-01,5,2025,1.1127237542331883,0.27550867371622084,774.6285714285713,-96.902098,-0.6428571428571428,0.003445,0.9988095238095238,5,高档
202505,6901028211352,七匹狼(纯境),二类烟,143.1,160.0,8.06,8.032,28.73448,35775.0,730.364,99.652605,18.471596,6.956714,143.1,,,840.0,,,,,,,,,,,,,8.03,8.06,99.65,840.0,752.0,65.75,89.52,254.0,0.0,0.0,0.0,33.78,0.0,0.0,0.0,47.0,2025-05-01,5,2025,1.1180992313067786,0.24210335457610507,90.93177290836654,-98.652605,0.47106227106227117,0.034207714285714286,,5,高档
202505,6901028225113,黄山(金皖烟),一类烟,248.04,280.0,,,,,78.436,,,,,,,,,,,,,,,,,,,,,,,,,,,,,,,,,,,,2025-05-01,5,2025,1.128850185453959,,,,,,,5,高档
202505,6901028227285,天子(金),一类烟,167.48,200.0,2.292,2.272,9.512864,41870.0,708.456,99.1274,6.115104,2.303224,167.48,0.032,0.032,840.0,4.0,4.0,0.48,100.0,100.0,4.0,100.0,100.0,,,0.0,,2.27,2.29,99.13,840.0,288.0,20.17,34.29,0.0,0.0,0.0,0.0,0.0,0.0,0.0,0.0,,2025-05-01,5,2025,1.1941724385001196,0.24211677997288725,311.8204225352113,-98.1274,0.10505836575875471,0.011324838095238095,0.004761904761904762,5,高档
202505,6901028062015,苏烟(五星红杉树),一类烟,188.68,220.0,0.344,0.32,1.50944,47170.0,140.192,93.023256,0.91992,0.41588,188.68,0.008,0.0,840.0,,,,,0.0,,,,,,,,0.32,0.34,93.02,840.0,40.0,2.39,4.76,0.0,0.0,0.0,0.0,0.0,0.0,0.0,0.0,,2025-05-01,5,2025,1.165995336018656,0.27551939792240837,438.1,-92.023256,-0.5238095238095238,0.0017969523809523808,,5,高档
202505,8888075056014,555 (金天越),二类烟,119.09,140.0,0.004,0.0,0.0,,24.164,0.0,0.0,0.0,119.09,,,840.0,,,,,,,,,,,,,,,,,,,,,,,,,,,,,2025-05-01,5,2025,1.175581492988496,,,1.0,,0.0,,5,高档
202505,6901028180009,黄鹤楼(软珍品),一类烟,530.0,650.0,0.008,0.0,0.0,,249.712,0.0,0.0,0.0,530.0,17.532,17.408,840.0,840.0,838.0,99.76,99.76,99.29,837.0,99.45,99.88,,,0.0,,,,,,,,,,,,,,,,,,2025-05-01,5,2025,1.2264150943396226,,,1.0,-1.0,0.0,1.0,5,高档
202505,6901028190602,黄鹤楼(软雪之景),二类烟,121.9,140.0,12.564,12.524,38.16689,30475.0,445.104,99.68163,24.534516,9.241149,121.9,,,840.0,,,,,,,,,,,,,12.52,12.56,99.68,840.0,808.0,96.36,96.19,718.0,0.0,0.0,0.0,88.86,0.0,0.0,0.0,2.0,2025-05-01,5,2025,1.1484823625922886,0.24212475787259585,35.54008304056212,-98.68163,11.230468749999998,0.04543677380952381,,5,高档
202505,6901028042215,娇子(宽窄平安中支),一类烟,339.2,400.0,,,,,110.64,,,,,,,,,,,,,,,,,,,,,,,,,,,,,,,,,,,,2025-05-01,5,2025,1.179245283018868,,,,,,,5,高档
202505,6901028314985,红塔山(硬经典),三类烟,75.0,85.0,3.752,3.728,6.99,18750.0,411.332,99.360341,4.493172,1.692512,75.0,6.172,6.156,840.0,839.0,771.0,91.79,91.9,99.74,768.0,91.72,99.61,,,0.0,,3.73,3.75,99.36,840.0,466.0,28.1,55.48,0.0,0.0,0.0,0.0,0.0,0.0,0.0,0.0,,2025-05-01,5,2025,1.1333333333333333,0.24213333333333334,110.33583690987123,-98.360341,-0.3951979234263465,0.008321428571428572,0.9988095238095238,4,中高档
202505,6901028179492,红金龙(软蓝九州腾龙),四类烟,38.16,45.0,25.444,25.312,24.147648,9540.0,303.684,99.481214,16.130072,5.239584,38.16,28.724,28.54,840.0,840.0,829.0,98.69,98.69,99.36,824.0,97.37,99.4,,,0.0,,25.31,25.44,99.48,840.0,833.0,100.0,99.17,825.0,0.0,0.0,0.0,99.04,0.0,0.0,0.0,1.0,2025-05-01,5,2025,1.179245283018868,0.21698113207547168,11.997629582806574,-98.481214,0.8968824940047964,0.0287472,1.0,3,中档
202505,6901028143585,七匹狼(蓝钻),二类烟,114.5,130.0,,,,,0.0,,,,114.5,8.06,8.032,840.0,839.0,752.0,89.52,89.63,99.65,749.0,91.11,99.6,,,0.0,,,,,,,,,,,,,,,,,,2025-05-01,5,2025,1.1353711790393013,,,,,,0.9988095238095238,5,高档
202505,6901028018722,中华(双中支),一类烟,424.0,500.0,,,,,156.104,,,,424.0,0.348,0.32,840.0,40.0,40.0,4.76,100.0,91.95,40.0,100.0,100.0,,,0.0,,,,,,,,,,,,,,,,,,2025-05-01,5,2025,1.179245283018868,,,,,,0.047619047619047616,5,高档
202505,6901028063371,白沙(硬新精品二代),三类烟,97.0,110.0,0.332,0.328,0.7954,24250.0,934.392,98.795181,0.511247,0.192641,97.0,0.012,0.0,840.0,,,,,0.0,,,,,,,,0.33,0.33,98.8,840.0,22.0,3.58,2.62,0.0,0.0,0.0,0.0,0.0,0.0,0.0,0.0,6.0,2025-05-01,5,2025,1.134020618556701,0.24219386472215237,2848.756097560976,-97.795181,-0.8856345885634589,0.0009469047619047619,,4,中高档
202505,6901028184250,黄鹤楼(硬1916),一类烟,848.0,1000.0,0.008,0.0,0.0,,1.012,0.0,0.0,0.0,848.0,0.008,0.0,840.0,,,,,0.0,,,,,,,,,,,,,,,,,,,,,,,,2025-05-01,5,2025,1.179245283018868,,,1.0,,0.0,,5,高档
202505,6901028118187,利群(新版),二类烟,143.1,160.0,13.104,13.028,46.60767,35775.0,2918.252,99.420024,29.960334,11.284687,143.1,1.356,1.348,840.0,175.0,169.0,20.12,96.57,99.41,168.0,96.29,99.41,,,0.0,,13.03,13.1,99.42,840.0,823.0,100.0,97.98,807.0,0.0,0.0,0.0,98.06,0.0,0.0,0.0,1.0,2025-05-01,5,2025,1.1180992313067786,0.24212081402052496,223.99846484494932,-98.420024,0.13801537386443052,0.055485321428571426,0.20833333333333334,5,高档
202505,6901028245029,芙蓉王(荣耀细支),一类烟,305.28,400.0,,,,,0.0,,,,,,,,,,,,,,,,,,,,,,,,,,,,,,,,,,,,2025-05-01,5,2025,1.310272536687631,,,,,,,5,高档
202505,6901028151634,泰山(白将军),二类烟,114.5,130.0,7.656,7.632,21.8466,28625.0,259.192,99.68652,14.042893,5.289925,114.5,,,840.0,,,,,,,,,,,,,7.63,7.66,99.69,840.0,561.0,70.82,66.79,401.0,0.0,0.0,0.0,71.48,0.0,0.0,0.0,6.0,2025-05-01,5,2025,1.1353711790393013,0.24213950912270105,33.96121593291405,-98.68652,1.6610878661087867,0.02600785714285714,,5,高档
202505,6901028114455,苏烟(软金砂),一类烟,381.6,450.0,0.008,0.0,0.0,,83.088,0.0,0.0,0.0,381.6,0.008,0.0,840.0,,,,,0.0,,,,,,,,,,,,,,,,,,,,,,,,2025-05-01,5,2025,1.1792452830188678,,,1.0,-1.0,0.0,,5,高档
202505,6901028942911,双喜(软珍品好日子),二类烟,137.8,160.0,0.032,0.032,0.11024,34450.0,123.436,100.0,0.070864,0.026692,137.8,,,840.0,,,,,,,,,,,,,0.03,0.03,100.0,840.0,4.0,0.24,0.48,0.0,0.0,0.0,0.0,0.0,0.0,0.0,0.0,,2025-05-01,5,2025,1.1611030478955007,0.24212626995645864,3857.375,-99.0,-0.8,0.00013123809523809523,,5,高档
202505,6901028111546,南京(雨花石),一类烟,455.8,530.0,,,,,73.184,,,,455.8,,,840.0,,,,,,,,,,,,,,,,,,,,,,,,,,,,,2025-05-01,5,2025,1.1627906976744187,,,,,,,5,高档
202505,6901028075015,中华(硬),一类烟,381.6,450.0,0.348,0.32,3.0528,95400.0,226.208,91.954023,1.75856,0.94304,381.6,0.008,0.0,840.0,,,,,0.0,,,,,,,,0.32,0.35,91.95,840.0,40.0,2.39,4.76,0.0,0.0,0.0,0.0,0.0,0.0,0.0,0.0,,2025-05-01,5,2025,1.1792452830188678,0.3089098532494759,706.9,-90.954023,inf,0.003634285714285714,,5,高档
202505,6901028191142,白沙(硬),三类烟,71.0,80.0,0.012,0.0,0.0,,362.868,0.0,0.0,0.0,71.0,,,840.0,,,,,,,,,,,,,,,,,,,,,,,,,,,,,2025-05-01,5,2025,1.1267605633802817,,,1.0,,0.0,,4,中高档
202505,6901028224642,金圣(青瓷),一类烟,158.0,180.0,1.4,1.388,5.4826,39500.0,627.276,99.142857,3.524479,1.327446,158.0,,,840.0,,,,,,,,,,,,,1.39,1.4,99.14,840.0,158.0,11.58,18.81,18.0,0.0,0.0,0.0,11.39,0.0,0.0,0.0,,2025-05-01,5,2025,1.139240506329114,0.24211979717652207,451.9279538904899,-98.142857,-0.5793939393939394,0.0065269047619047615,,5,高档
202505,6901028164177,红旗渠(雪茄),四类烟,44.5,50.0,0.008,0.0,0.0,,0.0,0.0,0.0,0.0,44.5,1.232,1.224,840.0,137.0,129.0,15.36,94.16,99.35,129.0,94.44,100.0,,,0.0,,,,,,,,,,,,,,,,,,2025-05-01,5,2025,1.1235955056179776,,,1.0,,0.0,0.1630952380952381,3,中档
202505,6901028188081,黄鹤楼(硬银紫),二类烟,114.5,130.0,11.24,11.168,31.9684,28625.0,421.484,99.359431,20.54912,7.740841,114.5,,,840.0,,,,,,,,,,,,,11.17,11.24,99.36,840.0,784.0,86.1,93.33,595.0,0.0,0.0,0.0,75.89,0.0,0.0,0.0,2.0,2025-05-01,5,2025,1.1353711790393013,0.24214039488995381,37.740329512893986,-98.359431,21.885245901639344,0.03805761904761905,,5,高档
202505,6901028084321,娇子(软阳光),三类烟,88.0,100.0,6.552,6.508,14.3176,22000.0,1528.656,99.328449,9.203939,3.466324,88.0,0.656,0.652,840.0,87.0,82.0,9.76,94.25,99.39,81.0,93.68,98.78,,,0.0,,6.51,6.55,99.33,840.0,814.0,50.06,96.9,0.0,0.0,0.0,0.0,0.0,0.0,0.0,0.0,1.0,2025-05-01,5,2025,1.1363636363636365,0.24210230764932672,234.88875230485556,-98.328449,-0.4426173347036656,0.017044761904761906,0.10357142857142858,4,中高档
202505,6901028165921,黄金叶(小目标),二类烟,121.9,140.0,,,,,0.004,,,,,,,,,,,,,,,,,,,,,,,,,,,,,,,,,,,,2025-05-01,5,2025,1.1484823625922886,,,,,,,5,高档
202505,6901028104302,龙烟(老巴夺传琦),一类烟,225.0,260.0,0.124,0.112,0.63,56250.0,55.256,90.322581,0.383964,0.173559,225.0,,,840.0,,,,,,,,,,,,,0.11,0.12,90.32,840.0,15.0,1.25,1.79,0.0,0.0,0.0,0.0,0.0,0.0,0.0,0.0,,2025-05-01,5,2025,1.1555555555555554,0.2754904761904762,493.35714285714283,-89.322581,-0.1515151515151515,0.00075,,5,高档
202505,6901028136891,金圣(硬红·十二生肖),三类烟,61.5,70.0,3.7,3.68,5.658,15375.0,523.084,99.459459,3.63676,1.37034,61.5,2.392,2.388,840.0,319.0,299.0,35.6,93.73,99.83,298.0,93.57,99.67,,,0.0,,3.68,3.7,99.46,840.0,305.0,20.58,36.31,0.0,0.0,0.0,0.0,0.0,0.0,0.0,0.0,3.0,2025-05-01,5,2025,1.1382113821138211,0.24219512195121948,142.1423913043478,-98.459459,-0.3087903831705484,0.006735714285714286,0.37976190476190474,3,中档
202505,6901028000833,双喜(软经典),三类烟,97.0,110.0,8.604,8.56,20.758,24250.0,1747.756,99.48861,13.34292,5.02684,97.0,1.908,1.884,840.0,296.0,237.0,28.21,80.07,98.74,234.0,79.56,98.73,,,0.0,,8.56,8.6,99.49,840.0,819.0,67.42,97.5,252.0,0.0,0.0,0.0,30.77,0.0,0.0,0.0,2.0,2025-05-01,5,2025,1.134020618556701,0.24216398496965028,204.1771028037383,-98.48861,-0.021043000914912957,0.02471190476190476,0.3523809523809524,4,中高档
202505,8888075034715,555(国际版),一类烟,254.92,300.0,,,,,10.628,,,,254.92,,,840.0,,,,,,,,,,,,,,,,,,,,,,,,,,,,,2025-05-01,5,2025,1.1768397928761964,,,,,,,5,高档
202505,6901028180818,黄鹤楼(天下名楼),二类烟,139.92,160.0,0.012,0.0,0.0,,832.472,0.0,0.0,0.0,139.92,0.628,0.6,840.0,75.0,75.0,8.93,100.0,95.54,75.0,100.0,100.0,,,0.0,,,,,,,,,,,,,,,,,,2025-05-01,5,2025,1.1435105774728418,,,1.0,,0.0,0.08928571428571429,5,高档
202505,6901028071536,中南海(5mg细支),二类烟,121.9,140.0,,,,,42.188,,,,121.9,0.032,0.032,840.0,4.0,4.0,0.48,100.0,100.0,4.0,100.0,100.0,,,0.0,,,,,,,,,,,,,,,,,,2025-05-01,5,2025,1.1484823625922886,,,,,,0.004761904761904762,5,高档
202505,6901028104241,哈尔滨(老巴夺),三类烟,97.0,110.0,0.556,0.548,1.3289,24250.0,161.38,98.561151,0.854222,0.321786,97.0,0.124,0.112,840.0,21.0,15.0,1.79,71.43,90.32,13.0,66.67,86.67,,,0.0,,0.55,0.56,98.56,840.0,69.0,8.11,8.21,0.0,0.0,0.0,0.0,0.0,0.0,0.0,0.0,5.0,2025-05-01,5,2025,1.134020618556701,0.242144630897735,294.4890510948905,-97.561151,2.4250000000000003,0.0015820238095238094,0.025,4,中高档
202505,6901028219839,黄鹤楼(硬祝福),一类烟,167.48,200.0,,,,,0.012,,,,,,,,,,,,,,,,,,,,,,,,,,,,,,,,,,,,2025-05-01,5,2025,1.1941724385001196,,,,,,,5,高档
202505,6901028204026,万宝路(硬冰爵2.0),一类烟,225.0,260.0,,,,,32.992,,,,225.0,,,840.0,,,,,,,,,,,,,,,,,,,,,,,,,,,,,2025-05-01,5,2025,1.1555555555555554,,,,,,,5,高档
202505,6901028937504,好猫(金丝猴),二类烟,129.3,150.0,,,,,0.02,,,,,,,,,,,,,,,,,,,,,,,,,,,,,,,,,,,,2025-05-01,5,2025,1.160092807424594,,,,,,,5,高档
202505,6901028219174,黄鹤楼(硬奇景),一类烟,238.5,300.0,2.252,2.224,13.2606,59625.0,1320.82,98.756661,8.090078,3.644858,238.5,,,840.0,,,,,,,,,,,,,2.22,2.25,98.76,840.0,279.0,17.42,33.21,0.0,0.0,0.0,0.0,0.0,0.0,0.0,0.0,,2025-05-01,5,2025,1.2578616352201257,0.2748637316561845,593.8938848920862,-97.756661,inf,0.015786428571428573,,5,高档
202505,6901028159753,泰山(心悦),二类烟,139.92,160.0,0.184,0.168,0.587664,34980.0,126.112,91.304348,0.37779,0.142275,139.92,,,840.0,840.0,,,0.0,,,0.0,,,,,,0.17,0.18,91.3,840.0,21.0,1.25,2.5,0.0,0.0,0.0,0.0,0.0,0.0,0.0,0.0,,2025-05-01,5,2025,1.1435105774728418,0.24210263007432822,750.6666666666666,-90.304348,-0.6440677966101694,0.0006996,1.0,5,高档
202505,6901028107297,钻石(玫瑰二代),三类烟,97.0,110.0,0.004,0.0,0.0,,195.504,0.0,0.0,0.0,97.0,0.032,0.032,840.0,4.0,4.0,0.48,100.0,100.0,4.0,100.0,100.0,,,0.0,,,,,,,,,,,,,,,,,,2025-05-01,5,2025,1.134020618556701,,,1.0,-1.0,0.0,0.004761904761904762,4,中高档
202505,6901028189057,黄鹤楼(硬雪之景),二类烟,121.9,140.0,,,,,450.988,,,,,,,,,,,,,,,,,,,,,,,,,,,,,,,,,,,,2025-05-01,5,2025,1.1484823625922886,,,,,,,5,高档
202505,6901028012003,真龙(凌云),二类烟,121.9,150.0,2.948,2.932,8.93527,30475.0,204.696,99.457259,5.743788,2.163453,121.9,0.024,0.024,840.0,4.0,3.0,0.36,75.0,100.0,3.0,75.0,100.0,,,0.0,,2.93,2.95,99.46,840.0,370.0,32.4,44.05,0.0,0.0,0.0,0.0,0.0,0.0,0.0,0.0,112.0,2025-05-01,5,2025,1.2305168170631664,0.24212508407692215,69.81446111869032,-98.457259,1.5992907801418443,0.01063722619047619,0.004761904761904762,5,高档
202505,6901028141147,七匹狼(蓝),三类烟,71.0,80.0,6.512,6.472,10.805004,16695.0,1278.58,99.385749,6.946076,2.615496,71.0,0.18,0.168,840.0,21.0,21.0,2.5,100.0,93.33,21.0,100.0,100.0,,,0.0,,6.47,6.51,99.39,840.0,607.0,52.92,72.26,203.0,0.0,0.0,0.0,33.44,0.0,0.0,0.0,2.0,2025-05-01,5,2025,1.1267605633802817,0.2420633995137808,197.55562422744126,-98.385749,-0.6957502820609252,0.0128631,0.025,4,中高档
202505,6901028119009,利群(西子阳光),一类烟,275.6,310.0,,,,,57.512,,,,275.6,0.164,0.152,840.0,21.0,19.0,2.26,90.48,92.68,19.0,90.48,100.0,,,0.0,,,,,,,,,,,,,,,,,,2025-05-01,5,2025,1.1248185776487662,,,,,,0.025,5,高档
202505,6901028029919,娇子(宽窄逍遥细支),一类烟,763.2,900.0,,,,,17.472,,,,,,,,,,,,,,,,,,,,,,,,,,,,,,,,,,,,2025-05-01,5,2025,1.1792452830188678,,,,,,,5,高档
202505,6901028193504,芙蓉王(硬),一类烟,218.36,250.0,,,,,1101.624,,,,218.36,0.184,0.168,840.0,21.0,21.0,2.5,100.0,91.3,21.0,100.0,100.0,,,0.0,,,,,,,,,,,,,,,,,,2025-05-01,5,2025,1.1448983330280271,,,,,,0.025,5,高档
202505,6901028154628,泰山(儒风细支),一类烟,263.0,300.0,,,,,95.84,,,,263.0,0.472,0.46,840.0,61.0,58.0,6.9,95.08,97.46,57.0,94.26,98.28,,,0.0,,,,,,,,,,,,,,,,,,2025-05-01,5,2025,1.1406844106463878,,,,,,0.07261904761904762,5,高档
202505,6901028009805,双喜(百年经典),一类烟,175.0,200.0,0.236,0.236,1.0325,43750.0,199.016,100.0,0.629235,0.284469,175.0,0.332,0.328,840.0,60.0,22.0,2.62,36.67,98.8,19.0,34.17,86.36,,,0.0,,0.24,0.24,100.0,840.0,30.0,2.98,3.57,0.0,0.0,0.0,0.0,0.0,0.0,0.0,0.0,,2025-05-01,5,2025,1.1428571428571428,0.27551476997578694,843.2881355932203,-99.0,-0.3586956521739131,0.0012291666666666666,0.07142857142857142,5,高档
202505,6901028221351,贵烟(新贵),三类烟,93.28,110.0,0.448,0.44,1.02608,23320.0,234.292,98.214286,0.65956,0.24849,93.28,0.788,0.784,840.0,112.0,98.0,11.67,87.5,99.49,98.0,87.5,100.0,,,0.0,,0.44,0.45,98.21,840.0,55.0,3.4,6.55,0.0,0.0,0.0,0.0,0.0,0.0,0.0,0.0,,2025-05-01,5,2025,1.179245283018868,0.2421740994854202,532.4818181818182,-97.214286,1.619047619047619,0.0012215238095238097,0.13333333333333333,4,中高档
202505,6901028138536,七匹狼(软灰),一类烟,185.5,210.0,0.032,0.032,0.1484,46375.0,158.124,100.0,0.090441,0.040887,185.5,6.512,6.472,840.0,648.0,607.0,72.26,93.67,99.39,607.0,91.21,100.0,,,0.0,,0.03,0.03,100.0,840.0,4.0,0.24,0.48,0.0,0.0,0.0,0.0,0.0,0.0,0.0,0.0,,2025-05-01,5,2025,1.1320754716981132,0.2755188679245283,4941.375,-99.0,-0.8181818181818181,0.00017666666666666666,0.7714285714285715,5,高档
202505,6901028178648,黄鹤楼(珍品细支),一类烟,381.6,450.0,0.008,0.0,0.0,,63.848,0.0,0.0,0.0,381.6,0.008,0.0,840.0,,,,,0.0,,,,,,,,,,,,,,,,,,,,,,,,2025-05-01,5,2025,1.1792452830188678,,,1.0,,0.0,,5,高档
202505,6901028077910,钻石(软荷花),一类烟,339.2,400.0,0.188,0.168,1.42464,84800.0,113.224,89.361702,0.82068,0.440055,339.2,0.18,0.152,840.0,19.0,19.0,2.26,100.0,84.44,19.0,100.0,100.0,,,0.0,,0.17,0.19,89.36,840.0,21.0,1.25,2.5,0.0,0.0,0.0,0.0,0.0,0.0,0.0,0.0,,2025-05-01,5,2025,1.179245283018868,0.3088885613207547,673.952380952381,-88.361702,-0.475,0.0016959999999999998,0.02261904761904762,5,高档
202505,6901028216166,利群(软蓝),一类烟,159.0,180.0,1.784,1.776,7.0596,39750.0,774.432,99.55157,4.538124,1.7094,159.0,,,840.0,,,,,,,,,,,,,1.78,1.78,99.55,840.0,223.0,15.69,26.55,0.0,0.0,0.0,0.0,0.0,0.0,0.0,0.0,,2025-05-01,5,2025,1.1320754716981132,0.24213836477987424,436.05405405405406,-98.55157,0.688212927756654,0.008404285714285713,,5,高档
202505,6901028172509,黄金叶(商鼎),一类烟,175.0,200.0,1.236,1.212,5.3025,43750.0,914.636,98.058252,3.231495,1.460916,175.0,0.416,0.4,840.0,61.0,51.0,6.07,83.61,96.15,49.0,81.97,96.08,,,0.0,,1.21,1.24,98.06,840.0,153.0,10.44,18.21,0.0,0.0,0.0,0.0,0.0,0.0,0.0,0.0,,2025-05-01,5,2025,1.1428571428571428,0.2755145685997171,754.6501650165017,-97.058252,-0.10089020771513357,0.0063125,0.07261904761904762,5,高档
202505,6901028207508,利群(软红长嘴),一类烟,190.8,220.0,0.612,0.592,2.82384,47700.0,30.72,96.732026,1.720944,0.778036,190.8,1.784,1.776,840.0,263.0,223.0,26.55,84.79,99.55,221.0,84.41,99.1,,,0.0,,0.59,0.61,96.73,840.0,74.0,4.47,8.81,0.0,0.0,0.0,0.0,0.0,0.0,0.0,0.0,,2025-05-01,5,2025,1.1530398322851152,0.275524109014675,51.891891891891895,-95.732026,-0.6916666666666667,0.003361714285714286,0.3130952380952381,5,高档
202505,6901028218634,黄鹤楼(硬1916红爆),一类烟,720.8,1000.0,0.008,0.0,0.0,,53.124,0.0,0.0,0.0,720.8,0.188,0.168,840.0,21.0,21.0,2.5,100.0,89.36,21.0,100.0,100.0,,,0.0,,,,,,,,,,,,,,,,,,2025-05-01,5,2025,1.3873473917869035,,,1.0,-1.0,0.0,0.025,5,高档
202505,6901028190374,黄鹤楼(硬15细支),一类烟,848.0,1000.0,,,,,20.62,,,,848.0,12.564,12.524,840.0,840.0,808.0,96.19,96.19,99.68,807.0,94.48,99.88,,,0.0,,,,,,,,,,,,,,,,,,2025-05-01,5,2025,1.179245283018868,,,,,,1.0,5,高档
202505,6901028079990,钻石(荷花),一类烟,275.6,320.0,0.18,0.152,1.04728,68900.0,412.784,84.444444,0.603288,0.323513,275.6,15.016,14.884,840.0,840.0,798.0,95.0,95.0,99.12,795.0,94.63,99.62,,,0.0,,0.15,0.18,84.44,840.0,19.0,1.13,2.26,0.0,0.0,0.0,0.0,0.0,0.0,0.0,0.0,,2025-05-01,5,2025,1.1611030478955007,0.3089078374455733,2715.684210526316,-83.444444,-0.947945205479452,0.0012467619047619048,1.0,5,高档
202505,6901028005036,双喜(硬金五叶神),二类烟,121.9,140.0,0.168,0.152,0.46322,30475.0,327.652,90.47619,0.297768,0.112157,121.9,0.548,0.512,840.0,75.0,64.0,7.62,85.33,93.43,64.0,85.33,100.0,,,0.0,,0.15,0.17,90.48,840.0,19.0,1.25,2.26,0.0,0.0,0.0,0.0,0.0,0.0,0.0,0.0,,2025-05-01,5,2025,1.1484823625922886,0.24212469237079573,2155.6052631578946,-89.47619,-0.8362068965517242,0.000551452380952381,0.08928571428571429,5,高档
202505,6901028010115,中南海(典8),三类烟,97.0,110.0,0.028,0.024,0.0582,24250.0,193.612,85.714286,0.03741,0.014094,97.0,0.032,0.032,840.0,4.0,4.0,0.48,100.0,100.0,4.0,100.0,100.0,,,0.0,,0.02,0.03,85.71,840.0,3.0,0.24,0.36,0.0,0.0,0.0,0.0,0.0,0.0,0.0,0.0,,2025-05-01,5,2025,1.134020618556701,0.24216494845360825,8067.166666666666,-84.714286,-0.8421052631578947,6.928571428571429e-05,0.004761904761904762,4,中高档
202505,6901028940504,红金龙(硬新版),四类烟,44.5,50.0,28.656,28.532,31.74185,11125.0,2760.112,99.567281,21.199278,6.890476,44.5,0.008,0.0,840.0,,,,,0.0,,,,,,,,28.53,28.66,99.57,840.0,837.0,100.0,99.64,823.0,0.0,0.0,0.0,98.33,0.0,0.0,0.0,1.0,2025-05-01,5,2025,1.1235955056179776,0.21707858867709348,96.73741763633815,-98.567281,-0.20718017116816712,0.037787916666666664,,3,中档
202505,6901028317177,玉溪(软),一类烟,201.4,230.0,2.276,2.268,11.41938,50350.0,1953.028,99.648506,6.959366,3.146275,201.4,13.104,13.028,840.0,840.0,823.0,97.98,97.98,99.42,823.0,97.17,100.0,,,0.0,,2.27,2.28,99.65,840.0,286.0,18.91,34.05,0.0,0.0,0.0,0.0,0.0,0.0,0.0,0.0,,2025-05-01,5,2025,1.1420059582919562,0.2755206499827486,861.1234567901236,-98.648506,-0.7455116696588869,0.0135945,1.0,5,高档
202505,6901028042758,娇子(宽窄逍遥),一类烟,678.4,800.0,0.244,0.236,4.00256,169600.0,20.776,96.721311,2.30572,1.236374,678.4,0.88,0.872,840.0,260.0,113.0,13.45,43.46,99.09,105.0,41.92,92.92,,,0.0,,0.24,0.24,96.72,840.0,30.0,20.58,3.57,0.0,0.0,0.0,0.0,0.0,0.0,0.0,0.0,26.0,2025-05-01,5,2025,1.179245283018868,0.30889580668372246,88.03389830508475,-95.721311,13.749999999999998,0.004764952380952381,0.30952380952380953,5,高档
202505,6901028937832,好猫(长乐九美),一类烟,175.0,200.0,,,,,317.896,,,,175.0,0.008,0.0,840.0,,,,,0.0,,,,,,,,,,,,,,,,,,,,,,,,2025-05-01,5,2025,1.1428571428571428,,,,,,,5,高档
202505,6901028180603,红金龙(硬神州腾龙),三类烟,57.24,65.0,28.724,28.54,40.84074,14310.0,5208.5,99.359421,26.2568,9.885538,57.24,0.008,0.0,840.0,,,,,0.0,,,,,,,,28.54,28.72,99.36,840.0,829.0,100.0,98.69,806.0,0.0,0.0,0.0,97.23,0.0,0.0,0.0,1.0,2025-05-01,5,2025,1.1355695317959469,0.24205090309333283,182.4982480728802,-98.359421,0.1554655870445345,0.04861992857142857,,3,中档
202505,6901028145473,娇子(五粮浓香中支),一类烟,424.0,500.0,0.028,0.024,0.2544,106000.0,131.684,85.714286,0.14655,0.078582,424.0,,,840.0,5.0,,,0.0,,,0.0,,,,,,0.02,0.03,85.71,840.0,3.0,0.24,0.36,0.0,0.0,0.0,0.0,0.0,0.0,0.0,0.0,,2025-05-01,5,2025,1.179245283018868,0.30889150943396226,5486.833333333333,-84.714286,,0.00030285714285714285,0.005952380952380952,5,高档
202505,6901028042963,娇子(五粮醇香),一类烟,201.4,230.0,0.88,0.872,4.39052,50350.0,344.364,99.090909,2.675888,1.209526,201.4,6.552,6.508,840.0,839.0,814.0,96.9,97.02,99.33,813.0,96.96,99.88,,,0.0,,0.87,0.88,99.09,840.0,113.0,15.51,13.45,0.0,0.0,0.0,0.0,0.0,0.0,0.0,0.0,4.0,2025-05-01,5,2025,1.1420059582919562,0.27548581944735473,394.9128440366972,-98.090909,,0.005226809523809524,0.9988095238095238,5,高档
202505,6901028001625,双喜(硬经典1906),二类烟,150.52,170.0,1.908,1.884,7.089492,37630.0,585.944,98.742138,4.557396,1.716558,150.52,0.168,0.152,840.0,21.0,19.0,2.26,90.48,90.48,19.0,90.48,100.0,,,0.0,,1.88,1.91,98.74,840.0,237.0,17.66,28.21,0.0,0.0,0.0,0.0,0.0,0.0,0.0,0.0,,2025-05-01,5,2025,1.1294180175391975,0.24212708047346693,311.0106157112526,-97.742138,-0.38188976377952755,0.008439871428571428,0.025,5,高档
202505,6901028120708,利群(软长嘴),一类烟,318.0,360.0,0.164,0.152,1.2084,79500.0,248.12,92.682927,0.696123,0.373254,318.0,,,840.0,,,,,,,,,,,,,0.15,0.16,92.68,840.0,19.0,1.25,2.26,0.0,0.0,0.0,0.0,0.0,0.0,0.0,0.0,,2025-05-01,5,2025,1.1320754716981132,0.30888282025819264,1632.3684210526317,-91.682927,-0.7840909090909091,0.0014385714285714284,,5,高档
202505,6901028011785,真龙(起源),一类烟,212.0,250.0,0.528,0.52,2.756,53000.0,98.512,98.484848,1.6796,0.75933,212.0,2.948,2.932,840.0,543.0,370.0,44.05,68.14,99.46,363.0,67.5,98.11,,,0.0,,0.52,0.53,98.48,840.0,65.0,5.19,7.74,0.0,0.0,0.0,0.0,0.0,0.0,0.0,0.0,4.0,2025-05-01,5,2025,1.179245283018868,0.2755188679245283,189.44615384615383,-97.484848,,0.0032809523809523805,0.6464285714285715,5,高档
202505,6901028126007,黄山(新一品),三类烟,71.0,80.0,3.228,3.216,4.9446,15375.0,431.336,99.628253,3.178212,1.197557,71.0,4.88,4.848,840.0,751.0,609.0,72.5,81.09,99.34,603.0,80.69,99.01,,,0.0,,3.22,3.23,99.63,840.0,403.0,27.86,47.98,0.0,0.0,0.0,0.0,0.0,0.0,0.0,0.0,2.0,2025-05-01,5,2025,1.1267605633802817,0.24219491971039112,134.1218905472637,-98.628253,0.026819923371647514,0.005886428571428572,0.8940476190476191,4,中高档
202505,6901028125970,黄山(徽商新概念细支),一类烟,339.2,400.0,0.372,0.36,3.0528,84800.0,149.26,96.774194,1.7586,0.942975,339.2,3.228,3.216,840.0,467.0,403.0,47.98,86.3,99.63,401.0,86.08,99.5,,,0.0,,0.36,0.37,96.77,840.0,45.0,4.47,5.36,0.0,0.0,0.0,0.0,0.0,0.0,0.0,0.0,1.0,2025-05-01,5,2025,1.179245283018868,0.3088885613207547,414.6111111111111,-95.774194,0.19999999999999996,0.003634285714285714,0.555952380952381,5,高档
202505,6901028121736,利群(楼外楼),一类烟,175.0,200.0,,,,,55.552,,,,175.0,0.612,0.592,840.0,75.0,74.0,8.81,98.67,96.73,74.0,98.67,100.0,,,0.0,,,,,,,,,,,,,,,,,,2025-05-01,5,2025,1.1428571428571428,,,,,,0.08928571428571429,5,高档
202505,6901028143554,七匹狼(锋芒),一类烟,158.0,180.0,0.18,0.168,0.6636,39500.0,153.948,93.333333,0.426594,0.160671,158.0,,,840.0,,,,,,,,,,,,,0.17,0.18,93.33,840.0,21.0,1.25,2.5,0.0,0.0,0.0,0.0,0.0,0.0,0.0,0.0,,2025-05-01,5,2025,1.139240506329114,0.242120253164557,916.3571428571429,-92.333333,-0.6888888888888889,0.00079,,5,高档
202505,6901028229074,天子(中支),一类烟,201.4,230.0,0.032,0.032,0.16112,50350.0,231.164,100.0,0.098193,0.044391,201.4,,,840.0,,,,,,,,,,,,,0.03,0.03,100.0,840.0,4.0,0.24,0.48,0.0,0.0,0.0,0.0,0.0,0.0,0.0,0.0,,2025-05-01,5,2025,1.1420059582919562,0.27551514399205557,7223.874999999999,-99.0,-0.9316239316239316,0.00019180952380952384,,5,高档
202505,6901028182560,红金龙(硬红龙),三类烟,47.7,55.0,34.676,34.56,41.2128,11925.0,620.38,99.665475,26.490241,9.980976,47.7,28.656,28.532,840.0,840.0,837.0,99.64,99.64,99.57,837.0,98.77,100.0,,,0.0,,34.56,34.68,99.67,840.0,834.0,100.0,99.29,813.0,0.0,0.0,0.0,97.48,0.0,0.0,0.0,1.0,2025-05-01,5,2025,1.1530398322851152,0.2421814581877475,17.950810185185183,-98.665475,0.10882956878850103,0.049062857142857144,1.0,3,中档
202505,6901028100274,长白山(777),二类烟,121.9,150.0,0.312,0.304,0.92644,30475.0,116.572,97.435897,0.595538,0.224312,121.9,0.556,0.548,840.0,136.0,69.0,8.21,50.74,98.56,68.0,50.37,98.55,,,0.0,,0.3,0.31,97.44,840.0,38.0,2.39,4.52,0.0,0.0,0.0,0.0,0.0,0.0,0.0,0.0,1.0,2025-05-01,5,2025,1.2305168170631664,0.24212253356936228,383.4605263157895,-96.435897,,0.001102904761904762,0.1619047619047619,5,高档
202505,6901028218757,黄鹤楼(硬蓝),一类烟,175.0,200.0,0.188,0.168,0.735,43750.0,219.904,89.361702,0.44793,0.202503,175.0,2.252,2.224,840.0,292.0,279.0,33.21,95.55,98.76,277.0,95.21,99.28,,,0.0,,0.17,0.19,89.36,840.0,21.0,1.25,2.5,0.0,0.0,0.0,0.0,0.0,0.0,0.0,0.0,,2025-05-01,5,2025,1.1428571428571428,0.2755142857142857,1308.9523809523807,-88.361702,,0.000875,0.3476190476190476,5,高档
202505,6901028102094,贵烟(红中支),一类烟,263.0,300.0,0.2,0.192,1.2624,65750.0,30.304,96.0,0.727204,0.389972,263.0,0.448,0.44,840.0,57.0,55.0,6.55,96.49,98.21,55.0,96.49,100.0,,,0.0,,0.19,0.2,96.0,840.0,20.0,1.49,2.38,4.0,0.0,0.0,0.0,20.0,0.0,0.0,0.0,,2025-05-01,5,2025,1.1406844106463878,0.30891318124207856,157.83333333333331,-95.0,0.6551724137931034,0.0015028571428571428,0.06785714285714285,5,高档
202505,6901028162876,黄金叶(喜满堂),三类烟,88.0,100.0,7.696,7.676,16.8872,22000.0,2001.544,99.740125,10.855787,4.088429,88.0,,,840.0,,,,,,,,,,,,,7.68,7.7,99.74,840.0,749.0,59.37,89.17,214.0,0.0,0.0,0.0,28.57,0.0,0.0,0.0,1.0,2025-05-01,5,2025,1.1363636363636365,0.24210224311904874,260.75351745700885,-98.740125,-0.17284482758620678,0.020103809523809524,,4,中高档
202505,6901028129725,都宝(天空蓝中支),一类烟,201.4,230.0,,,,,0.0,,,,,,,,,,,,,,,,,,,,,,,,,,,,,,,,,,,,2025-05-01,5,2025,1.1420059582919562,,,,,,,5,高档
202505,6901028221450,贵烟(跨越),一类烟,201.4,230.0,0.788,0.784,3.94744,50350.0,602.856,99.492386,2.405724,1.087584,201.4,0.032,0.032,840.0,4.0,4.0,0.48,100.0,100.0,4.0,100.0,100.0,,,0.0,,0.78,0.79,99.49,840.0,98.0,6.68,11.67,0.0,0.0,0.0,0.0,0.0,0.0,0.0,0.0,,2025-05-01,5,2025,1.1420059582919562,0.275516283971384,768.9489795918367,-98.492386,-0.5112219451371571,0.004699333333333333,0.004761904761904762,5,高档
202505,6901028185912,黄鹤楼(硬红),一类烟,190.8,220.0,17.32,17.168,81.89136,47700.0,2146.692,99.122402,49.907572,22.562848,190.8,3.98,3.892,840.0,546.0,488.0,58.1,89.38,97.79,485.0,89.1,99.39,,,0.0,,17.17,17.32,99.12,840.0,837.0,100.0,99.64,824.0,0.0,0.0,0.0,98.45,0.0,0.0,0.0,1.0,2025-05-01,5,2025,1.1530398322851152,0.2755217155997897,125.04030754892824,-98.122402,-0.5373005605864597,0.09748971428571429,0.65,5,高档
202505,6901028009744,双喜(勿忘我),一类烟,175.0,200.0,0.548,0.512,2.24,43750.0,39.436,93.430657,1.36512,0.617152,175.0,0.236,0.236,840.0,50.0,30.0,3.57,60.0,100.0,29.0,59.0,96.67,,,0.0,,0.51,0.55,93.43,840.0,64.0,4.47,7.62,0.0,0.0,0.0,0.0,0.0,0.0,0.0,0.0,,2025-05-01,5,2025,1.1428571428571428,0.2755142857142857,77.0234375,-92.430657,-0.48594377510040154,0.002666666666666667,0.05952380952380952,5,高档
202505,6901028936477,好猫(猴王磨砂),三类烟,106.0,120.0,0.7,0.7,1.6975,24250.0,112.964,100.0,1.091125,0.411075,106.0,0.168,0.16,840.0,21.0,20.0,2.38,95.24,95.24,20.0,95.24,100.0,,,0.0,,0.7,0.7,100.0,840.0,88.0,5.55,10.48,0.0,0.0,0.0,0.0,0.0,0.0,0.0,0.0,48.0,2025-05-01,5,2025,1.1320754716981132,0.24216494845360825,161.37714285714287,-99.0,0.43442622950819665,0.0020208333333333332,0.025,5,高档
202505,6901028075053,牡丹(软),二类烟,121.9,140.0,2.392,2.36,7.1921,30475.0,754.756,98.662207,4.623239,1.741386,121.9,,,840.0,,,,,,,,,,,,,2.36,2.39,98.66,840.0,295.0,17.66,35.12,0.0,0.0,0.0,0.0,0.0,0.0,0.0,0.0,,2025-05-01,5,2025,1.1484823625922886,0.242124831412244,319.81186440677965,-97.662207,-0.06645569620253167,0.00856202380952381,,5,高档
202505,6901028065504,兰州(硬珍品),二类烟,155.0,180.0,0.032,0.032,0.124,38750.0,340.572,100.0,0.079565,0.030171,155.0,2.292,2.272,840.0,338.0,288.0,34.29,85.21,99.13,280.0,84.02,97.22,,,0.0,,0.03,0.03,100.0,840.0,4.0,0.24,0.48,0.0,0.0,0.0,0.0,0.0,0.0,0.0,0.0,,2025-05-01,5,2025,1.1612903225806452,0.24331451612903227,10642.875,-99.0,0.0,0.0001476190476190476,0.4023809523809524,5,高档
202505,6901028150378,泰山(望岳),一类烟,167.48,190.0,,,,,199.612,,,,167.48,7.656,7.632,840.0,656.0,561.0,66.79,85.52,99.69,554.0,80.37,98.75,,,0.0,,,,,,,,,,,,,,,,,,2025-05-01,5,2025,1.1344638165751135,,,,,,0.780952380952381,5,高档
202505,6901028160285,黄金叶(乐途),二类烟,121.9,140.0,3.824,3.804,11.59269,30475.0,1235.108,99.476987,7.452036,2.806883,121.9,,,840.0,,,,,,,,,,,,,3.8,3.82,99.48,840.0,482.0,44.75,57.38,0.0,0.0,0.0,0.0,0.0,0.0,0.0,0.0,40.0,2025-05-01,5,2025,1.1484823625922886,0.24212525306895985,324.68664563617244,-98.476987,0.2318652849740932,0.013800821428571428,,5,高档
202505,6901028187343,黄鹤楼(硬8度),一类烟,158.0,180.0,3.98,3.892,15.3734,39500.0,183.812,97.788945,9.882764,3.722207,158.0,,,840.0,,,,,,,,,,,,,3.89,3.98,97.79,840.0,488.0,32.58,58.1,0.0,0.0,0.0,0.0,0.0,0.0,0.0,0.0,6.0,2025-05-01,5,2025,1.139240506329114,0.2421199604511689,47.22816032887976,-96.788945,,0.018301666666666667,,5,高档
202505,8888075024037,555(冰炫),一类烟,216.05,240.0,,,,,2.316,,,,216.05,,,840.0,,,,,,,,,,,,,,,,,,,,,,,,,,,,,2025-05-01,5,2025,1.11085396898866,,,,,,,5,高档
202505,6901028080224,钻石(硬特醇),四类烟,44.5,50.0,15.016,14.884,16.55845,11125.0,842.08,99.120938,11.058812,3.594486,44.5,0.036,0.032,840.0,4.0,4.0,0.48,100.0,88.89,4.0,100.0,100.0,,,0.0,,14.88,15.02,99.12,840.0,798.0,67.24,95.0,274.0,0.0,0.0,0.0,34.34,0.0,0.0,0.0,1.0,2025-05-01,5,2025,1.1235955056179776,0.21707865168539325,56.57618919645257,-98.120938,1.309745499689634,0.019712440476190477,0.004761904761904762,3,中档
202505,6901028184304,黄鹤楼(硬平安),一类烟,720.8,1000.0,0.008,0.0,0.0,,67.356,0.0,0.0,0.0,720.8,17.32,17.168,840.0,840.0,837.0,99.64,99.64,99.12,836.0,98.99,99.88,,,0.0,,,,,,,,,,,,,,,,,,2025-05-01,5,2025,1.3873473917869035,,,1.0,,0.0,1.0,5,高档
202505,6901028136686,金圣(硬滕王阁),三类烟,97.0,110.0,4.096,4.076,9.8843,24250.0,1967.484,99.511719,6.353453,2.393643,97.0,3.7,3.68,840.0,345.0,305.0,36.31,88.41,99.46,298.0,89.67,97.7,,,0.0,,4.08,4.1,99.51,840.0,431.0,35.56,51.31,83.0,0.0,0.0,0.0,19.26,0.0,0.0,0.0,1.0,2025-05-01,5,2025,1.134020618556701,0.24216616250012646,482.6997055937194,-98.511719,0.36595174262734576,0.011767023809523809,0.4107142857142857,4,中高档
202505,6901028025645,娇子(时代阳光),三类烟,71.0,80.0,14.416,14.352,25.4748,17750.0,477.384,99.556049,16.346969,6.197176,71.0,0.632,0.608,840.0,175.0,78.0,9.29,44.57,96.2,74.0,43.43,94.87,,,0.0,,14.35,14.42,99.56,840.0,765.0,50.06,91.07,0.0,0.0,0.0,0.0,0.0,0.0,0.0,0.0,2.0,2025-05-01,5,2025,1.1267605633802817,0.24326691475497356,33.26254180602007,-98.556049,inf,0.030327142857142855,0.20833333333333334,4,中高档
202505,6901028936996,好猫(招财猫1600),一类烟,158.0,180.0,0.152,0.144,0.5688,39500.0,308.268,94.736842,0.365652,0.137718,158.0,7.744,7.728,840.0,836.0,733.0,87.26,87.68,99.79,727.0,80.17,99.18,,,0.0,,0.14,0.15,94.74,840.0,18.0,1.13,2.14,0.0,0.0,0.0,0.0,0.0,0.0,0.0,0.0,,2025-05-01,5,2025,1.139240506329114,0.242120253164557,2140.75,-93.736842,-0.7,0.0006771428571428571,0.9952380952380953,5,高档
202505,4891132530116,红双喜(南洋经典),三类烟,67.95,80.0,0.008,0.0,0.0,,7.192,0.0,0.0,0.0,67.95,,,840.0,,,,,,,,,,,,,,,,,,,,,,,,,,,,,2025-05-01,5,2025,1.177336276674025,,,1.0,,0.0,,4,中高档
202505,6901028013611,真龙(海韵),一类烟,445.2,500.0,0.024,0.024,0.26712,111300.0,46.996,100.0,0.153876,0.082512,445.2,0.056,0.056,840.0,7.0,7.0,0.83,100.0,100.0,7.0,100.0,100.0,,,0.0,,0.02,0.02,100.0,840.0,3.0,0.24,0.36,0.0,0.0,0.0,0.0,0.0,0.0,0.0,0.0,,2025-05-01,5,2025,1.1230907457322552,0.3088948787061994,1958.1666666666667,-99.0,,0.00031800000000000003,0.008333333333333333,5,高档
202505,6901028937535,好猫(金猴王),三类烟,71.0,80.0,7.744,7.728,13.7172,17750.0,942.012,99.793388,8.651166,3.48759,71.0,,,840.0,,,,,,,,,,,,,7.73,7.74,99.79,840.0,733.0,71.9,87.26,237.0,0.0,0.0,0.0,32.33,0.0,0.0,0.0,5.0,2025-05-01,5,2025,1.1267605633802817,0.25424940950048114,121.89596273291924,-98.793388,-0.12539610683567226,0.01633,,4,中高档
202505,6901028155557,泰山(颜悦),一类烟,167.48,190.0,0.472,0.46,1.92602,41870.0,157.108,97.457627,1.23809,0.466325,167.48,,,840.0,,,,,,,,,,,,,0.46,0.47,97.46,840.0,58.0,3.64,6.9,0.0,0.0,0.0,0.0,0.0,0.0,0.0,0.0,,2025-05-01,5,2025,1.1344638165751135,0.2421184619058992,341.5391304347826,-96.457627,-0.7153465346534653,0.0022928809523809525,,5,高档
202505,6901028179324,黄鹤楼(硬珍品),一类烟,339.2,400.0,0.008,0.0,0.0,,701.284,0.0,0.0,0.0,339.2,0.516,0.488,840.0,61.0,61.0,7.26,100.0,94.57,61.0,100.0,100.0,,,0.0,,,,,,,,,,,,,,,,,,2025-05-01,5,2025,1.179245283018868,,,1.0,-1.0,0.0,0.07261904761904762,5,高档
202505,6901028207089,利群(蓝天),二类烟,143.1,160.0,,,,,0.0,,,,,,,,,,,,,,,,,,,,,,,,,,,,,,,,,,,,2025-05-01,5,2025,1.1180992313067786,,,,,,,5,高档
202505,6901028053440,玉溪(高配版),一类烟,201.4,250.0,,,,,0.0,,,,,,,,,,,,,,,,,,,,,,,,,,,,,,,,,,,,2025-05-01,5,2025,1.2413108242303872,,,,,,,5,高档
202505,6901028227438,龙凤呈祥(软魅力朝天门),三类烟,97.0,110.0,,,,,303.624,,,,97.0,0.528,0.52,840.0,87.0,65.0,7.74,74.71,98.48,65.0,74.71,100.0,,,0.0,,,,,,,,,,,,,,,,,,2025-05-01,5,2025,1.134020618556701,,,,,,0.10357142857142858,4,中高档
202505,6901028218603,黄鹤楼(硬1916如意),一类烟,763.2,900.0,0.008,0.0,0.0,,88.232,0.0,0.0,0.0,763.2,0.008,0.0,840.0,,,,,0.0,,,,,,,,,,,,,,,,,,,,,,,,2025-05-01,5,2025,1.1792452830188678,,,1.0,-1.0,0.0,,5,高档
202505,6901028058148,好猫(细支长乐),二类烟,139.92,160.0,0.18,0.16,0.55968,34980.0,528.16,88.888889,0.3598,0.1355,139.92,0.7,0.7,840.0,93.0,88.0,10.48,94.62,100.0,87.0,94.09,98.86,,,0.0,,0.16,0.18,88.89,840.0,20.0,1.25,2.38,0.0,0.0,0.0,0.0,0.0,0.0,0.0,0.0,,2025-05-01,5,2025,1.1435105774728418,0.24210263007432822,3300.9999999999995,-87.888889,-0.7183098591549295,0.0006662857142857142,0.11071428571428571,5,高档
202505,8888075034777,555(老版细支),一类烟,212.28,250.0,,,,,189.9,,,,212.28,0.004,0.0,840.0,,,,,0.0,,,,,,,,,,,,,,,,,,,,,,,,2025-05-01,5,2025,1.1776898436027887,,,,,,,5,高档
202505,6901028242066,黄鹤楼(硬峡谷情),一类烟,339.2,400.0,0.036,0.0,0.0,,64.48,0.0,0.0,0.0,339.2,0.011,0.0108,840.0,840.0,34.0,4.05,4.05,98.18,27.0,3.65,79.41,,,0.0,,,,,,,,,,,,,,,,,,2025-05-01,5,2025,1.179245283018868,,,1.0,-1.0,0.0,1.0,5,高档
202505,6901028118828,利群(长嘴),一类烟,190.8,220.0,1.356,1.348,6.42996,47700.0,490.144,99.410029,3.918636,1.771609,190.8,,,840.0,,,,,,,,,,,,,1.35,1.36,99.41,840.0,169.0,10.44,20.12,0.0,0.0,0.0,0.0,0.0,0.0,0.0,0.0,,2025-05-01,5,2025,1.1530398322851152,0.27552410901467506,363.6083086053412,-98.410029,-0.45380875202593185,0.007654714285714286,,5,高档
202505,6901028107150,钻石(双中支荷花),一类烟,381.6,450.0,0.108,0.096,0.91584,95400.0,27.528,88.888889,0.527576,0.282904,381.6,0.004,0.0,840.0,,,,,0.0,,,,,,,,0.1,0.11,88.89,840.0,12.0,0.89,1.43,0.0,0.0,0.0,0.0,0.0,0.0,0.0,0.0,,2025-05-01,5,2025,1.1792452830188678,0.3089011180992313,286.75,-87.888889,-0.3142857142857144,0.0010902857142857142,,5,高档
202505,6901028179270,红金龙(软精品),三类烟,90.1,110.0,23.832,23.668,53.31217,22525.0,3537.464,99.31185,34.271264,12.907935,90.1,25.444,25.312,840.0,840.0,833.0,99.17,99.17,99.48,833.0,98.69,100.0,,,0.0,,23.67,23.83,99.31,840.0,838.0,100.0,99.76,829.0,0.0,0.0,0.0,98.93,0.0,0.0,0.0,1.0,2025-05-01,5,2025,1.2208657047724751,0.2421198574359288,149.46188947101572,-98.31185,-0.5960816437982115,0.06346686904761906,1.0,4,中高档
202505,6901028145077,娇子(宽窄好运细支),一类烟,225.0,260.0,0.86,0.856,4.815,56250.0,529.972,99.534884,2.934686,1.326377,225.0,0.028,0.024,840.0,4.0,3.0,0.36,75.0,85.71,3.0,75.0,100.0,,,0.0,,0.86,0.86,99.53,840.0,109.0,11.75,12.98,0.0,0.0,0.0,0.0,0.0,0.0,0.0,0.0,10.0,2025-05-01,5,2025,1.1555555555555554,0.2754677050882658,619.126168224299,-98.534884,inf,0.0057321428571428575,0.004761904761904762,5,高档
202505,6901028204835,芙蓉王(硬中支),一类烟,263.0,300.0,0.184,0.168,1.1046,65750.0,218.112,91.304348,0.636349,0.34118,263.0,0.188,0.168,840.0,21.0,21.0,2.5,100.0,89.36,21.0,100.0,100.0,,,0.0,,0.17,0.18,91.3,840.0,21.0,1.25,2.5,0.0,0.0,0.0,0.0,0.0,0.0,0.0,0.0,,2025-05-01,5,2025,1.1406844106463878,0.308871989860583,1298.2857142857142,-90.304348,0.050000000000000044,0.001315,0.025,5,高档
202505,6901028080446,钻石(硬蓝),三类烟,47.7,55.0,,,,,0.0,,,,,,,,,,,,,,,,,,,,,,,,,,,,,,,,,,,,2025-05-01,5,2025,1.1530398322851152,,,,,,,3,中档
202505,6901028942881,双喜(硬精品好日子),三类烟,93.28,110.0,0.008,0.0,0.0,,11.932,0.0,0.0,0.0,93.28,0.032,0.032,840.0,4.0,4.0,0.48,100.0,100.0,4.0,100.0,100.0,,,0.0,,,,,,,,,,,,,,,,,,2025-05-01,5,2025,1.179245283018868,,,1.0,,0.0,0.004761904761904762,4,中高档
202505,6901028224079,金圣(滕王阁·紫光),二类烟,129.3,150.0,2.392,2.388,7.71921,32325.0,349.104,99.832776,4.962264,1.868908,129.3,1.4,1.388,840.0,175.0,158.0,18.81,90.29,99.14,153.0,89.43,96.84,,,0.0,,2.39,2.39,99.83,840.0,299.0,19.03,35.6,0.0,0.0,0.0,0.0,0.0,0.0,0.0,0.0,,2025-05-01,5,2025,1.160092807424594,0.242111304136045,146.19095477386935,-98.832776,1.8160377358490565,0.009189535714285714,0.20833333333333334,5,高档
202505,6901028218788,黄鹤楼(1916中支),一类烟,1000.0,1200.0,,,,,0.004,,,,,,,,,,,,,,,,,,,,,,,,,,,,,,,,,,,,2025-05-01,5,2025,1.2,,,,,,,5,高档
202505,6901028111270,南京(炫赫门),二类烟,155.0,180.0,0.02,0.0,0.0,,1021.788,0.0,0.0,0.0,155.0,,,840.0,,,,,,,,,,,,,,,,,,,,,,,,,,,,,2025-05-01,5,2025,1.1612903225806452,,,1.0,-1.0,0.0,,5,高档
202505,6901028177771,大青山(昭君和亲),二类烟,129.3,150.0,,,,,0.0,,,,,,,,,,,,,,,,,,,,,,,,,,,,,,,,,,,,2025-05-01,5,2025,1.160092807424594,,,,,,,5,高档
202505,6901028339957,云烟(细支云龙),二类烟,129.3,150.0,5.424,5.38,17.39085,32325.0,1662.344,99.188791,11.179649,4.210513,129.3,3.752,3.728,840.0,471.0,466.0,55.48,98.94,99.36,466.0,98.94,100.0,,,0.0,,5.38,5.42,99.19,840.0,654.0,51.19,77.86,19.0,0.0,0.0,0.0,2.91,0.0,0.0,0.0,3.0,2025-05-01,5,2025,1.160092807424594,0.24211082264524159,308.985873605948,-98.188791,-0.2686242523110386,0.020703392857142858,0.5607142857142857,5,高档
202505,6901028051989,云烟(软大重九),一类烟,720.8,980.0,,,,,88.224,,,,720.8,,,840.0,,,,,,,,,,,,,,,,,,,,,,,,,,,,,2025-05-01,5,2025,1.3596004439511655,,,,,,,5,高档
202505,6901028207829,利群(休闲),一类烟,720.8,820.0,,,,,0.0,,,,,,,,,,,,,,,,,,,,,,,,,,,,,,,,,,,,2025-05-01,5,2025,1.1376248612652609,,,,,,,5,高档
202505,6901028159548,泰山(硬红八喜),三类烟,57.24,65.0,2.332,2.296,3.285576,14310.0,617.96,98.456261,2.11232,0.795277,57.24,0.184,0.168,840.0,21.0,21.0,2.5,100.0,91.3,21.0,100.0,100.0,,,0.0,,2.3,2.33,98.46,840.0,287.0,17.66,34.17,0.0,0.0,0.0,0.0,0.0,0.0,0.0,0.0,,2025-05-01,5,2025,1.1355695317959469,0.2420510132774284,269.1463414634147,-97.456261,-0.7233734939759037,0.0039114,0.025,3,中档
202505,6901028125888,黄山(徽商新视界细支),一类烟,678.4,800.0,0.076,0.072,1.22112,169600.0,6.156,94.736842,0.70344,0.377199,678.4,0.372,0.36,840.0,75.0,45.0,5.36,60.0,96.77,45.0,60.0,100.0,,,0.0,,0.07,0.08,94.74,840.0,9.0,2.39,1.07,0.0,0.0,0.0,0.0,0.0,0.0,0.0,0.0,7.0,2025-05-01,5,2025,1.179245283018868,0.3088959316037736,85.5,-93.736842,,0.0014537142857142856,0.08928571428571429,5,高档
202505,6901028098335,长白山(蓝尚),一类烟,158.0,180.0,0.188,0.168,0.6636,39500.0,167.576,89.361702,0.426667,0.160598,158.0,0.312,0.304,840.0,40.0,38.0,4.52,95.0,97.44,38.0,95.0,100.0,,,0.0,,0.17,0.19,89.36,840.0,21.0,1.25,2.5,0.0,0.0,0.0,0.0,0.0,0.0,0.0,0.0,,2025-05-01,5,2025,1.139240506329114,0.24201024713682942,997.4761904761904,-88.361702,-0.4473684210526315,0.00079,0.047619047619047616,5,高档
202505,6901028936750,好猫(长乐),二类烟,121.9,140.0,0.168,0.16,0.4876,30475.0,77.296,95.238095,0.31344,0.11806,121.9,0.152,0.144,840.0,19.0,18.0,2.14,94.74,94.74,18.0,94.74,100.0,,,0.0,,0.16,0.17,95.24,840.0,20.0,1.25,2.38,0.0,0.0,0.0,0.0,0.0,0.0,0.0,0.0,,2025-05-01,5,2025,1.1484823625922886,0.24212469237079573,483.1,-94.238095,-0.754601226993865,0.0005804761904761905,0.02261904761904762,5,高档
202505,6901028010771,中南海(冰耀中支),一类烟,201.4,230.0,0.032,0.032,0.16112,50350.0,137.412,100.0,0.098192,0.044392,201.4,0.148,0.136,840.0,21.0,17.0,2.02,80.95,91.89,17.0,80.95,100.0,,,0.0,,0.03,0.03,100.0,840.0,4.0,0.24,0.48,0.0,0.0,0.0,0.0,0.0,0.0,0.0,0.0,,2025-05-01,5,2025,1.1420059582919562,0.27552135054617677,4294.125,-99.0,,0.00019180952380952384,0.025,5,高档
202505,6901028124058,黄山(黑马细支),一类烟,225.0,260.0,0.464,0.456,2.565,56250.0,37.652,98.275862,1.563282,0.706631,225.0,0.076,0.072,840.0,40.0,9.0,1.07,22.5,94.74,9.0,22.5,100.0,,,0.0,,0.46,0.46,98.28,840.0,59.0,4.47,7.02,0.0,0.0,0.0,0.0,0.0,0.0,0.0,0.0,4.0,2025-05-01,5,2025,1.1555555555555554,0.2754896686159844,82.5701754385965,-97.275862,0.1287128712871286,0.0030535714285714285,0.047619047619047616,5,高档
202505,6901028178259,黄鹤楼(1916中支),一类烟,1000.0,1200.0,0.008,0.0,0.0,,8.424,0.0,0.0,0.0,1000.0,0.008,0.0,840.0,,,,,0.0,,,,,,,,,,,,,,,,,,,,,,,,2025-05-01,5,2025,1.2,,,1.0,,0.0,,5,高档
202505,6901028314459,玉溪(硬和谐),一类烟,339.2,400.0,0.18,0.172,1.45856,84800.0,87.428,95.555556,0.84022,0.450533,339.2,2.276,2.268,840.0,317.0,286.0,34.05,90.22,99.65,281.0,89.43,98.25,,,0.0,,0.17,0.18,95.56,840.0,22.0,2.57,2.62,0.0,0.0,0.0,0.0,0.0,0.0,0.0,0.0,,2025-05-01,5,2025,1.179245283018868,0.30888890412461606,508.3023255813954,-94.555556,-0.2586206896551725,0.0017363809523809526,0.3773809523809524,5,高档
202505,6901028212229,中华(细支),一类烟,424.0,500.0,0.004,0.0,0.0,,38.032,0.0,0.0,0.0,424.0,2.392,2.36,840.0,296.0,295.0,35.12,99.66,98.66,295.0,99.66,100.0,,,0.0,,,,,,,,,,,,,,,,,,2025-05-01,5,2025,1.179245283018868,,,1.0,,0.0,0.3523809523809524,5,高档
202505,6901028018630,中华(金中支),一类烟,678.4,800.0,0.032,0.032,0.54272,169600.0,32.24,100.0,0.31264,0.167644,678.4,,,840.0,,,,,,,,,,,,,0.03,0.03,100.0,840.0,4.0,0.24,0.48,0.0,0.0,0.0,0.0,0.0,0.0,0.0,0.0,,2025-05-01,5,2025,1.179245283018868,0.3088959316037736,1007.5,-99.0,0.0,0.000646095238095238,,5,高档
202505,6901028133333,金圣(青瓷细支),一类烟,225.0,260.0,0.132,0.124,0.6975,56250.0,23.536,93.939394,0.425103,0.192154,225.0,4.096,4.076,840.0,501.0,431.0,51.31,86.03,99.51,426.0,85.49,98.84,,,0.0,,0.12,0.13,93.94,840.0,16.0,1.13,1.9,0.0,0.0,0.0,0.0,0.0,0.0,0.0,0.0,,2025-05-01,5,2025,1.1555555555555554,0.275489605734767,189.80645161290323,-92.939394,-0.8571428571428572,0.0008303571428571429,0.5964285714285714,5,高档
202505,6901028324830,红塔山(细支传奇),二类烟,155.0,180.0,0.44,0.428,1.6585,38750.0,,,,,155.0,0.18,0.172,840.0,43.0,22.0,2.62,51.16,95.56,21.0,50.0,95.45,,,0.0,,0.43,0.44,97.27,840.0,54.0,3.64,6.43,0.0,0.0,0.0,0.0,0.0,0.0,0.0,0.0,,2025-05-01,5,2025,1.1612903225806452,,,,0.2738095238095237,0.001974404761904762,0.05119047619047619,5,高档
202506,6901028150378,泰山(望岳),一类烟,167.48,190.0,0.008,0.0,0.0,,205.304,0.0,0.0,0.0,167.48,0.672,0.664,838.0,87.0,83.0,9.9,95.4,98.81,83.0,95.4,100.0,,,0.0,,,,,,,,,,,,,,,,,,2025-06-01,6,2025,1.1344638165751135,,,1.0,,0.0,0.10381861575178998,5,高档
202506,6901028180634,红金龙(软虹之彩),五类烟,19.08,25.0,0.008,0.0,0.0,,0.0,0.0,0.0,0.0,19.08,2.756,2.7,838.0,338.0,338.0,40.33,100.0,97.97,337.0,99.85,99.7,,,0.0,,,,,,,,,,,,,,,,,,2025-06-01,6,2025,1.310272536687631,,,1.0,,0.0,0.4033412887828162,2,中低档
202506,6901028221450,贵烟(跨越),一类烟,201.4,230.0,0.008,0.0,0.0,,608.528,0.0,0.0,0.0,201.4,,,838.0,,,,,,,,,,,,,,,,,,,,,,,,,,,,,2025-06-01,6,2025,1.1420059582919562,,,1.0,-1.0,0.0,,5,高档
202506,6901028218603,黄鹤楼(硬1916如意),一类烟,763.2,900.0,0.008,0.0,0.0,,93.692,0.0,0.0,0.0,763.2,0.008,0.0,838.0,,,0.0,,0.0,,,,,,,,,,,,,,,,,,,,,,,,2025-06-01,6,2025,1.1792452830188678,,,1.0,,0.0,,5,高档
202506,6901028079990,钻石(荷花),一类烟,275.6,320.0,0.04,0.032,0.22048,68900.0,499.52,80.0,0.12701,0.068106,275.6,0.008,0.0,838.0,,,0.0,,0.0,,,,,,,,0.03,0.04,80.0,838.0,4.0,0.21,0.48,0.0,0.0,0.0,0.0,0.0,0.0,0.0,0.0,,2025-06-01,6,2025,1.1611030478955007,0.3088987663280116,15610.0,-79.0,-0.7894736842105263,0.00026310262529832937,,5,高档
202506,6901028045919,云烟(软珍品),一类烟,206.7,230.0,0.012,0.0,0.0,,753.324,0.0,0.0,0.0,206.7,10.212,10.188,838.0,836.0,708.0,84.49,84.69,99.76,705.0,85.47,99.58,,,0.0,,,,,,,,,,,,,,,,,,2025-06-01,6,2025,1.1127237542331883,,,1.0,-1.0,0.0,0.9976133651551312,5,高档
202506,6901028057080,双喜(硬晶彩好日子),一类烟,158.0,180.0,0.148,0.136,0.5372,39500.0,113.192,91.891892,0.345338,0.130067,158.0,0.008,0.0,838.0,,,0.0,,0.0,,,,,,,,0.14,0.15,91.89,838.0,13.0,0.96,1.55,4.0,0.0,0.0,0.0,30.77,0.0,0.0,0.0,,2025-06-01,6,2025,1.139240506329114,0.24212025316455693,832.2941176470587,-90.891892,1.4285714285714288,0.0006410501193317423,,5,高档
202506,6901028095891,黄果树(长征),三类烟,61.5,70.0,0.008,0.0,0.0,,103.624,0.0,0.0,0.0,61.5,0.648,0.64,838.0,87.0,80.0,9.55,91.95,98.77,80.0,91.95,100.0,,,0.0,,,,,,,,,,,,,,,,,,2025-06-01,6,2025,1.1382113821138211,,,1.0,,0.0,0.10381861575178998,3,中档
202506,6901028114455,苏烟(软金砂),一类烟,381.6,450.0,0.008,0.0,0.0,,84.38,0.0,0.0,0.0,381.6,1.96,1.92,838.0,242.0,240.0,28.64,99.17,97.96,240.0,99.17,100.0,,,0.0,,,,,,,,,,,,,,,,,,2025-06-01,6,2025,1.1792452830188678,,,1.0,,0.0,0.28878281622911695,5,高档
202506,6901028224642,金圣(青瓷),一类烟,158.0,180.0,0.488,0.484,1.9118,39500.0,668.056,99.180328,1.228997,0.462885,158.0,,,838.0,,,,,,,,,,,,,0.48,0.49,99.18,838.0,57.0,3.58,6.8,4.0,0.0,0.0,0.0,7.02,0.0,0.0,0.0,,2025-06-01,6,2025,1.139240506329114,0.24211999163092374,1380.2809917355373,-98.180328,-0.6512968299711815,0.0022813842482100237,,5,高档
202506,6901028164177,红旗渠(雪茄),四类烟,44.5,50.0,0.02,0.0,0.0,,0.036,0.0,0.0,0.0,44.5,2.42,2.4,838.0,236.0,226.0,26.97,95.76,99.17,222.0,93.75,98.23,,,0.0,,,,,,,,,,,,,,,,,,2025-06-01,6,2025,1.1235955056179776,,,1.0,,0.0,0.28162291169451076,3,中档
202506,6901028075015,中华(硬),一类烟,381.6,450.0,0.528,0.504,4.80816,95400.0,498.816,95.454545,2.769843,1.485177,381.6,0.04,0.032,838.0,4.0,4.0,0.48,100.0,80.0,4.0,100.0,100.0,,,0.0,,0.5,0.53,95.45,838.0,40.0,3.15,4.77,19.0,0.0,0.0,0.0,47.5,0.0,0.0,0.0,,2025-06-01,6,2025,1.1792452830188678,0.30888676749525806,989.7142857142857,-94.454545,0.575,0.005737661097852028,0.00477326968973747,5,高档
202506,6901028191142,白沙(硬),三类烟,71.0,80.0,0.008,0.0,0.0,,380.004,0.0,0.0,0.0,71.0,,,838.0,,,,,,,,,,,,,,,,,,,,,,,,,,,,,2025-06-01,6,2025,1.1267605633802817,,,1.0,,0.0,,4,中高档
202506,6901028193504,芙蓉王(硬),一类烟,218.36,250.0,0.008,0.0,0.0,,735.404,0.0,0.0,0.0,218.36,,,838.0,,,,,,,,,,,,,,,,,,,,,,,,,,,,,2025-06-01,6,2025,1.1448983330280271,,,1.0,,0.0,,5,高档
202506,6901028180009,黄鹤楼(软珍品),一类烟,530.0,650.0,0.016,0.0,0.0,,294.008,0.0,0.0,0.0,530.0,17.364,17.248,838.0,838.0,837.0,99.88,99.88,99.33,836.0,99.31,99.88,,,0.0,,,,,,,,,,,,,,,,,,2025-06-01,6,2025,1.2264150943396226,,,1.0,,0.0,1.0,5,高档
202506,6901028179324,黄鹤楼(硬珍品),一类烟,339.2,400.0,0.396,0.352,2.98496,84800.0,624.4,88.888889,1.71952,0.92202,339.2,0.012,0.0,838.0,,,0.0,,0.0,,,,,,,,0.35,0.4,88.89,838.0,44.0,2.35,5.25,0.0,0.0,0.0,0.0,0.0,0.0,0.0,0.0,,2025-06-01,6,2025,1.179245283018868,0.3088885613207547,1773.8636363636365,-87.888889,inf,0.0035620047732696897,,5,高档
202506,6901028077910,钻石(软荷花),一类烟,339.2,400.0,0.016,0.016,0.13568,84800.0,201.372,100.0,0.07816,0.04191,339.2,0.04,0.032,838.0,4.0,4.0,0.48,100.0,80.0,4.0,100.0,100.0,,,0.0,,0.02,0.02,100.0,838.0,2.0,0.11,0.24,0.0,0.0,0.0,0.0,0.0,0.0,0.0,0.0,,2025-06-01,6,2025,1.179245283018868,0.30888856132075476,12585.75,-99.0,-0.9047619047619048,0.00016190930787589498,0.00477326968973747,5,高档
202506,6901028118828,利群(长嘴),一类烟,190.8,220.0,0.004,0.0,0.0,,496.304,0.0,0.0,0.0,190.8,,,838.0,,,,,,,,,,,,,,,,,,,,,,,,,,,,,2025-06-01,6,2025,1.1530398322851152,,,1.0,-1.0,0.0,,5,高档
202506,6901028138536,七匹狼(软灰),一类烟,185.5,210.0,0.004,0.0,0.0,,127.752,0.0,0.0,0.0,185.5,2.368,2.336,838.0,296.0,292.0,34.84,98.65,98.65,292.0,98.65,100.0,,,0.0,,,,,,,,,,,,,,,,,,2025-06-01,6,2025,1.1320754716981132,,,1.0,-1.0,0.0,0.3532219570405728,5,高档
202506,6901028187343,黄鹤楼(硬8度),一类烟,158.0,180.0,0.476,0.456,1.8012,39500.0,250.336,95.798319,1.157898,0.436107,158.0,,,838.0,,,,,,,,,,,,,0.46,0.48,95.8,838.0,57.0,3.26,6.8,0.0,0.0,0.0,0.0,0.0,0.0,0.0,0.0,1.0,2025-06-01,6,2025,1.139240506329114,0.242120253164557,548.9824561403509,-94.798319,-0.882836587872559,0.0021494033412887826,,5,高档
202506,6901028160285,黄金叶(乐途),二类烟,121.9,140.0,0.68,0.672,2.04792,30475.0,795.736,98.823529,1.316448,0.495852,121.9,,,838.0,,,,,,,,,,,,,0.67,0.68,98.82,838.0,84.0,4.64,10.02,0.0,0.0,0.0,0.0,0.0,0.0,0.0,0.0,1.0,2025-06-01,6,2025,1.1484823625922886,0.24212469237079576,1184.1309523809523,-97.823529,-0.8233438485804416,0.0024438186157517898,,5,高档
202506,6901028324830,红塔山(细支传奇),二类烟,155.0,180.0,0.36,0.36,1.395,38750.0,249.072,100.0,0.89676,0.33777,155.0,0.032,0.032,838.0,4.0,4.0,0.48,100.0,100.0,4.0,100.0,100.0,,,0.0,,0.36,0.36,100.0,838.0,45.0,2.93,5.37,0.0,0.0,0.0,0.0,0.0,0.0,0.0,0.0,,2025-06-01,6,2025,1.1612903225806452,0.24212903225806454,691.8666666666667,-99.0,-0.15887850467289721,0.0016646778042959428,0.00477326968973747,5,高档
202506,6901028184304,黄鹤楼(硬平安),一类烟,720.8,1000.0,0.008,0.0,0.0,,103.032,0.0,0.0,0.0,720.8,16.004,15.912,838.0,838.0,838.0,100.0,100.0,99.43,836.0,99.65,99.76,,,0.0,,,,,,,,,,,,,,,,,,2025-06-01,6,2025,1.3873473917869035,,,1.0,,0.0,1.0,5,高档
202506,6901028080224,钻石(硬特醇),四类烟,44.5,50.0,0.008,0.0,0.0,,546.656,0.0,0.0,0.0,44.5,,,838.0,,,,,,,,,,,,,,,,,,,,,,,,,,,,,2025-06-01,6,2025,1.1235955056179776,,,1.0,-1.0,0.0,,3,中档
202506,6901028009805,双喜(百年经典),一类烟,175.0,200.0,0.56,0.56,2.45,43750.0,237.664,100.0,1.493211,0.6749,175.0,2.384,2.352,838.0,296.0,294.0,35.08,99.32,98.66,294.0,99.32,100.0,,,0.0,,0.56,0.56,100.0,838.0,71.0,7.31,8.47,0.0,0.0,0.0,0.0,0.0,0.0,0.0,0.0,,2025-06-01,6,2025,1.1428571428571428,0.27546938775510205,424.3999999999999,-99.0,1.3728813559322037,0.0029236276849642006,0.3532219570405728,5,高档
202506,6901028133333,金圣(青瓷细支),一类烟,225.0,260.0,0.124,0.124,0.6975,56250.0,20.752,100.0,0.425103,0.192154,225.0,12.288,12.244,838.0,836.0,793.0,94.63,94.86,99.64,791.0,91.59,99.75,,,0.0,,0.12,0.12,100.0,838.0,16.0,1.01,1.91,0.0,0.0,0.0,0.0,0.0,0.0,0.0,0.0,,2025-06-01,6,2025,1.1555555555555554,0.275489605734767,167.3548387096774,-99.0,0.0,0.0008323389021479714,0.9976133651551312,5,高档
202506,6901028084925,长城(醇雅薄荷),一类烟,158.4,180.0,1.0368,1.0224,4.49856,44000.0,100.1772,98.611111,2.709392,1.271579,158.4,0.008,0.0,838.0,,,0.0,,0.0,,,,,,,,1.02,1.04,98.61,838.0,113.0,9.23,13.48,30.0,0.0,0.0,0.0,26.55,0.0,0.0,0.0,78.0,2025-06-01,6,2025,1.1363636363636362,0.2826635634514155,97.98239436619718,-97.611111,2.5500000000000003,0.005368210023866349,,5,高档
202506,6901028159548,泰山(硬红八喜),三类烟,57.24,65.0,5.944,5.916,8.465796,14310.0,575.428,99.528937,5.44272,2.049153,57.24,0.556,0.552,838.0,75.0,69.0,8.23,92.0,99.28,69.0,92.0,100.0,,,0.0,,5.92,5.94,99.53,838.0,741.0,44.61,88.42,0.0,0.0,0.0,0.0,0.0,0.0,0.0,0.0,2.0,2025-06-01,6,2025,1.1355695317959469,0.24205083609385344,97.26639621365787,-98.528937,1.5766550522648086,0.010102381861575178,0.08949880668257756,3,中档
202506,6901028218184,黄鹤楼(感恩中支),一类烟,225.0,260.0,0.004,0.0,0.0,,179.508,0.0,0.0,0.0,225.0,0.008,0.0,838.0,,,0.0,,0.0,,,,,,,,,,,,,,,,,,,,,,,,2025-06-01,6,2025,1.1555555555555554,,,1.0,,0.0,,5,高档
202506,6901028937535,好猫(金猴王),三类烟,71.0,80.0,1.824,1.816,3.2234,17750.0,620.196,99.561404,2.065938,0.786544,71.0,,,838.0,,,,,,,,,,,,,1.82,1.82,99.56,838.0,227.0,12.7,27.09,0.0,0.0,0.0,0.0,0.0,0.0,0.0,0.0,,2025-06-01,6,2025,1.1267605633802817,0.24401067196128315,341.51762114537445,-98.561404,-0.7650103519668737,0.00384653937947494,,4,中高档
202506,6901028155557,泰山(颜悦),一类烟,167.48,190.0,0.62,0.616,2.579192,41870.0,208.932,99.354839,1.65798,0.624454,167.48,,,838.0,,,,,,,,,,,,,0.62,0.62,99.35,838.0,77.0,4.64,9.19,0.0,0.0,0.0,0.0,0.0,0.0,0.0,0.0,,2025-06-01,6,2025,1.1344638165751135,0.2421122584127122,339.17532467532465,-98.354839,0.3391304347826085,0.003077794749403341,,5,高档
202506,6901028012003,真龙(凌云),二类烟,121.9,150.0,1.972,1.952,5.94872,30475.0,337.396,98.985801,3.823968,1.440333,121.9,0.08,0.076,838.0,17.0,10.0,1.19,58.82,95.0,9.0,55.88,90.0,,,0.0,,1.95,1.97,98.99,838.0,245.0,13.66,29.24,0.0,0.0,0.0,0.0,0.0,0.0,0.0,0.0,217.0,2025-06-01,6,2025,1.2305168170631664,0.24212486047418608,172.84631147540983,-97.985801,-0.33424283765347884,0.007098711217183771,0.02028639618138425,5,高档
202506,6901028181815,红金龙(硬蓝爱你),三类烟,97.0,110.0,2.756,2.7,6.5475,24250.0,927.772,97.96807,4.208625,1.585575,97.0,31.968,31.824,838.0,838.0,833.0,99.4,99.4,99.55,831.0,97.6,99.76,,,0.0,,2.7,2.76,97.97,838.0,338.0,18.04,40.33,0.0,0.0,0.0,0.0,0.0,0.0,0.0,0.0,,2025-06-01,6,2025,1.134020618556701,0.24216494845360823,343.61925925925925,-96.96807,0.9285714285714288,0.007813245823389022,1.0,4,中高档
202506,6901028940504,红金龙(硬新版),四类烟,44.5,50.0,53.08,52.864,58.8112,11125.0,2311.264,99.593067,39.277952,12.766855,44.5,0.332,0.32,838.0,40.0,40.0,4.77,100.0,96.39,40.0,100.0,100.0,,,0.0,,52.86,53.08,99.59,838.0,837.0,100.0,99.88,832.0,197.0,0.0,0.0,99.4,23.54,0.0,0.0,2.0,2025-06-01,6,2025,1.1235955056179776,0.2170820353946187,43.72094430992737,-98.593067,0.8527968596663396,0.07018042959427208,0.0477326968973747,3,中档
202506,6901028010115,中南海(典8),三类烟,97.0,110.0,0.724,0.72,1.746,24250.0,186.912,99.447514,1.122321,0.422799,97.0,,,838.0,,,,,,,,,,,,,0.72,0.72,99.45,838.0,91.0,7.36,10.86,0.0,0.0,0.0,0.0,0.0,0.0,0.0,0.0,51.0,2025-06-01,6,2025,1.134020618556701,0.24215292096219931,259.6,-98.447514,29.0,0.0020835322195704056,,4,中高档
202506,6901028317177,玉溪(软),一类烟,201.4,230.0,6.264,6.212,31.27742,50350.0,1920.656,99.16986,19.06346,8.615659,201.4,5.304,5.232,838.0,654.0,654.0,78.04,100.0,98.64,654.0,100.0,100.0,,,0.0,,6.21,6.26,99.17,838.0,549.0,48.56,65.51,159.0,9.0,0.0,0.0,28.96,1.64,0.0,0.0,2.0,2025-06-01,6,2025,1.1420059582919562,0.2754593889137915,309.184803605924,-98.16986,1.7389770723104059,0.03732389021479714,0.7804295942720764,5,高档
202506,6901028221351,贵烟(新贵),三类烟,93.28,110.0,0.08,0.08,0.18656,23320.0,318.648,100.0,0.11992,0.04518,93.28,0.008,0.0,838.0,,,0.0,,0.0,,,,,,,,0.08,0.08,100.0,838.0,10.0,0.53,1.19,0.0,0.0,0.0,0.0,0.0,0.0,0.0,0.0,2.0,2025-06-01,6,2025,1.179245283018868,0.24217409948542024,3983.1000000000004,-99.0,-0.8181818181818181,0.0002226252983293556,,4,中高档
202506,6901028207508,利群(软红长嘴),一类烟,190.8,220.0,0.756,0.748,3.56796,47700.0,14.268,98.941799,2.174436,0.983059,190.8,,,838.0,,,,,,,,,,,,,0.75,0.76,98.94,838.0,94.0,5.34,11.22,0.0,0.0,0.0,0.0,0.0,0.0,0.0,0.0,,2025-06-01,6,2025,1.1530398322851152,0.27552410901467506,19.074866310160427,-97.941799,0.2635135135135136,0.0042577088305489254,,5,高档
202506,6901028218634,黄鹤楼(硬1916红爆),一类烟,720.8,1000.0,0.008,0.0,0.0,,35.168,0.0,0.0,0.0,720.8,0.428,0.424,838.0,54.0,53.0,6.32,98.15,99.07,53.0,98.15,100.0,,,0.0,,,,,,,,,,,,,,,,,,2025-06-01,6,2025,1.3873473917869035,,,1.0,,0.0,0.06443914081145585,5,高档
202506,6901028005036,双喜(硬金五叶神),二类烟,121.9,140.0,1.524,1.52,4.6322,30475.0,203.916,99.737533,2.97768,1.121571,121.9,1.596,1.584,838.0,282.0,201.0,23.99,71.28,99.25,195.0,70.21,97.01,,,0.0,,1.52,1.52,99.74,838.0,191.0,11.79,22.79,0.0,0.0,0.0,0.0,0.0,0.0,0.0,0.0,,2025-06-01,6,2025,1.1484823625922886,0.2421249082509391,134.15526315789472,-98.737533,9.0,0.005527684964200478,0.33651551312649164,5,高档
202506,6901028084321,娇子(软阳光),三类烟,88.0,100.0,18.976,18.916,41.6152,22000.0,1243.68,99.683811,26.751975,10.075115,88.0,4.956,4.936,838.0,835.0,623.0,74.34,74.61,99.6,611.0,73.89,98.07,,,0.0,,18.92,18.98,99.68,838.0,829.0,89.17,98.93,803.0,0.0,0.0,0.0,96.86,0.0,0.0,0.0,1.0,2025-06-01,6,2025,1.1363636363636365,0.2421018041484842,65.74751533093678,-98.683811,1.9065765212046712,0.049660143198090693,0.9964200477326969,4,中高档
202506,6901028188081,黄鹤楼(硬银紫),二类烟,114.5,130.0,5.652,5.616,16.0758,28625.0,257.868,99.363057,10.334354,3.891677,114.5,,,838.0,,,,,,,,,,,,,5.62,5.65,99.36,838.0,484.0,37.89,57.76,219.0,0.0,0.0,0.0,45.25,0.0,0.0,0.0,2.0,2025-06-01,6,2025,1.1353711790393013,0.24208294455019344,45.91666666666667,-98.363057,-0.497134670487106,0.019183532219570407,,5,高档
202506,6901028104302,龙烟(老巴夺传琦),一类烟,225.0,260.0,0.956,0.952,5.355,56250.0,30.204,99.58159,3.263694,1.475246,225.0,,,838.0,,,,,,,,,,,,,0.95,0.96,99.58,838.0,122.0,13.98,14.56,0.0,0.0,0.0,0.0,0.0,0.0,0.0,0.0,,2025-06-01,6,2025,1.1555555555555554,0.2754894491129785,31.726890756302524,-98.58159,7.5,0.0063902147971360386,,5,高档
202506,6901028102094,贵烟(红中支),一类烟,263.0,300.0,0.268,0.268,1.7621,65750.0,36.256,100.0,1.015055,0.544336,263.0,0.08,0.08,838.0,10.0,10.0,1.19,100.0,100.0,10.0,100.0,100.0,,,0.0,,0.27,0.27,100.0,838.0,34.0,2.24,4.06,0.0,0.0,0.0,0.0,0.0,0.0,0.0,0.0,17.0,2025-06-01,6,2025,1.1406844106463878,0.30891322853413544,135.28358208955223,-99.0,0.3958333333333335,0.002102744630071599,0.011933174224343675,5,高档
202506,6901028218757,黄鹤楼(硬蓝),一类烟,175.0,200.0,0.428,0.424,1.855,43750.0,293.008,99.065421,1.130605,0.510964,175.0,1.772,1.756,838.0,249.0,220.0,26.25,88.35,99.1,219.0,88.15,99.55,,,0.0,,0.42,0.43,99.07,838.0,53.0,2.88,6.32,0.0,0.0,0.0,0.0,0.0,0.0,0.0,0.0,,2025-06-01,6,2025,1.1428571428571428,0.27545229110512126,691.0566037735849,-98.065421,1.5238095238095237,0.0022136038186157518,0.2971360381861575,5,高档
202506,6901028123266,黄山(硬记忆),三类烟,88.0,100.0,1.96,1.92,4.224,22000.0,245.128,97.959184,2.71536,1.02264,88.0,0.128,0.128,838.0,37.0,16.0,1.91,43.24,100.0,16.0,43.24,100.0,,,0.0,,1.92,1.96,97.96,838.0,240.0,12.91,28.64,0.0,0.0,0.0,0.0,0.0,0.0,0.0,0.0,,2025-06-01,6,2025,1.1363636363636365,0.24210227272727272,127.67083333333333,-96.959184,inf,0.005040572792362768,0.0441527446300716,4,中高档
202506,6901028084772,娇子(格调细支),二类烟,129.3,150.0,4.956,4.936,15.95562,32325.0,768.66,99.596449,10.257008,3.863031,129.3,1.072,1.064,838.0,203.0,131.0,15.63,64.53,99.25,127.0,64.25,96.95,,,0.0,,4.94,4.96,99.6,838.0,623.0,44.56,74.34,0.0,0.0,0.0,0.0,0.0,0.0,0.0,0.0,18.0,2025-06-01,6,2025,1.160092807424594,0.24211099286646334,155.72528363047002,-98.596449,6.570552147239264,0.019040119331742242,0.24224343675417662,5,高档
202506,6901028046893,云烟(紫),二类烟,114.5,130.0,10.212,10.188,29.16315,28625.0,443.276,99.764982,18.745943,7.061539,114.5,,,838.0,,,,,,,,,,,,,10.19,10.21,99.76,838.0,708.0,79.51,84.49,570.0,0.0,0.0,0.0,80.51,0.0,0.0,0.0,2.0,2025-06-01,6,2025,1.1353711790393013,0.2421391036290661,43.50961915979584,-98.764982,0.3547872340425533,0.03480089498806683,,5,高档
202506,6901028141147,七匹狼(蓝),三类烟,71.0,80.0,2.368,2.336,3.899952,16695.0,1082.476,98.648649,2.507113,0.944035,71.0,,,838.0,,,,,,,,,,,,,2.34,2.37,98.65,838.0,292.0,15.8,34.84,0.0,0.0,0.0,0.0,0.0,0.0,0.0,0.0,,2025-06-01,6,2025,1.1267605633802817,0.24206323565007978,463.38869863013707,-97.648649,-0.6390605686032138,0.004653880668257756,,4,中高档
202506,6901028225175,黄山(新制皖烟),二类烟,121.9,140.0,1.836,1.804,5.49769,30475.0,780.548,98.257081,3.53414,1.331023,121.9,,,838.0,,,,,,,,,,,,,1.8,1.84,98.26,838.0,226.0,12.91,26.97,0.0,0.0,0.0,0.0,0.0,0.0,0.0,0.0,,2025-06-01,6,2025,1.1484823625922886,0.24210586628202027,432.67627494456764,-97.257081,-0.6278877887788779,0.006560489260143199,,5,高档
202506,6901028181457,黄鹤楼(硬峡谷柔情),一类烟,263.0,300.0,0.348,0.328,2.1566,65750.0,568.552,94.252874,1.242307,0.666198,263.0,0.008,0.0,838.0,,,0.0,,0.0,,,,,,,,0.33,0.35,94.25,838.0,37.0,1.97,4.42,0.0,0.0,0.0,0.0,0.0,0.0,0.0,0.0,,2025-06-01,6,2025,1.1406844106463878,0.30891124918853746,1733.3902439024391,-93.252874,-0.45333333333333325,0.0025735083532219573,,5,高档
202506,6901028071475,中南海(5mg),二类烟,114.5,130.0,0.128,0.128,0.3664,28625.0,246.02,100.0,0.235527,0.088713,114.5,0.024,0.024,838.0,4.0,3.0,0.36,75.0,100.0,3.0,75.0,100.0,,,0.0,,0.13,0.13,100.0,838.0,16.0,1.33,1.91,0.0,0.0,0.0,0.0,0.0,0.0,0.0,0.0,3.0,2025-06-01,6,2025,1.1353711790393013,0.24212063318777294,1922.03125,-99.0,-0.05882352941176472,0.00043723150357995226,0.00477326968973747,5,高档
202506,6901028075022,中华(软),一类烟,583.0,700.0,0.04,0.032,0.4664,145750.0,351.816,80.0,0.268672,0.144072,583.0,,,838.0,,,,,,,,,,,,,0.03,0.04,80.0,838.0,4.0,0.21,0.48,0.0,0.0,0.0,0.0,0.0,0.0,0.0,0.0,,2025-06-01,6,2025,1.2006861063464838,0.3089022298456261,10994.249999999998,-79.0,inf,0.000556563245823389,,5,高档
202506,6901028063371,白沙(硬新精品二代),三类烟,97.0,110.0,2.384,2.352,5.7036,24250.0,712.336,98.657718,3.666017,1.381375,97.0,0.008,0.0,838.0,,,0.0,,0.0,,,,,,,,2.35,2.38,98.66,838.0,294.0,15.8,35.08,0.0,0.0,0.0,0.0,0.0,0.0,0.0,0.0,294.0,2025-06-01,6,2025,1.134020618556701,0.24219352689529422,302.8639455782313,-97.657718,6.170731707317072,0.006806205250596658,,4,中高档
202506,6901028136686,金圣(硬滕王阁),三类烟,97.0,110.0,12.288,12.244,29.6917,24250.0,1209.352,99.641927,19.085364,7.19026,97.0,0.024,0.0,838.0,,,0.0,,0.0,,,,,,,,12.24,12.29,99.64,838.0,793.0,89.17,94.63,741.0,0.0,0.0,0.0,93.44,0.0,0.0,0.0,,2025-06-01,6,2025,1.134020618556701,0.24216397174968088,98.77098987259066,-98.641927,2.0039254170755645,0.035431622911694514,,4,中高档
202506,6901028242066,黄鹤楼(硬峡谷情),一类烟,339.2,400.0,0.072,0.0,0.0,,106.004,0.0,0.0,0.0,339.2,0.0014,0.0014,838.0,391.0,1.0,0.12,0.26,100.0,1.0,1.27,100.0,,,0.0,,,,,,,,,,,,,,,,,,2025-06-01,6,2025,1.179245283018868,,,1.0,,0.0,0.4665871121718377,5,高档
202506,6901028013611,真龙(海韵),一类烟,445.2,500.0,0.08,0.076,0.84588,111300.0,45.668,95.0,0.487274,0.261288,445.2,0.148,0.136,838.0,14.0,13.0,1.55,92.86,91.89,13.0,94.44,100.0,,,0.0,,0.08,0.08,95.0,838.0,10.0,0.91,1.19,0.0,0.0,0.0,0.0,0.0,0.0,0.0,0.0,10.0,2025-06-01,6,2025,1.1230907457322552,0.30889487870619947,600.8947368421053,-94.0,2.1666666666666665,0.0010094033412887827,0.016706443914081145,5,高档
202506,6901028936996,好猫(招财猫1600),一类烟,158.0,180.0,0.144,0.144,0.5688,39500.0,225.568,100.0,0.365652,0.137718,158.0,1.824,1.816,838.0,238.0,227.0,27.09,95.38,99.56,227.0,95.38,100.0,,,0.0,,0.14,0.14,100.0,838.0,18.0,1.01,2.15,0.0,0.0,0.0,0.0,0.0,0.0,0.0,0.0,,2025-06-01,6,2025,1.139240506329114,0.242120253164557,1566.4444444444446,-99.0,0.0,0.0006787589498806683,0.2840095465393795,5,高档
202506,6901028025645,娇子(时代阳光),三类烟,71.0,80.0,8.28,8.252,14.6473,17750.0,292.756,99.661836,9.413596,3.548233,71.0,0.612,0.604,838.0,233.0,78.0,9.31,33.48,98.69,69.0,28.38,88.46,,,0.0,,8.25,8.28,99.66,838.0,771.0,59.77,92.0,264.0,0.0,0.0,0.0,34.24,0.0,0.0,0.0,1.0,2025-06-01,6,2025,1.1267605633802817,0.2422448505867976,35.4769752787203,-98.661836,-0.42502787068004455,0.017478878281622912,0.27804295942720764,4,中高档
202506,4891132530116,红双喜(南洋经典),三类烟,67.95,80.0,0.008,0.0,0.0,,62.244,0.0,0.0,0.0,67.95,,,838.0,,,,,,,,,,,,,,,,,,,,,,,,,,,,,2025-06-01,6,2025,1.177336276674025,,,1.0,,0.0,,4,中高档
202506,6901028000833,双喜(软经典),三类烟,97.0,110.0,13.196,13.136,31.8548,24250.0,2041.488,99.545317,20.475753,7.714103,97.0,4.296,4.276,838.0,833.0,471.0,56.21,56.54,99.53,458.0,54.71,97.24,,,0.0,,13.14,13.2,99.55,838.0,819.0,76.36,97.73,480.0,91.0,0.0,0.0,58.61,11.11,0.0,0.0,4.0,2025-06-01,6,2025,1.134020618556701,0.24216454035184648,155.41169305724728,-98.545317,0.5345794392523362,0.03801288782816229,0.9940334128878282,4,中高档
202506,6901028136891,金圣(硬红·十二生肖),三类烟,61.5,70.0,0.024,0.0,0.0,,118.516,0.0,0.0,0.0,61.5,2.896,2.896,838.0,430.0,364.0,43.44,84.65,100.0,360.0,84.19,98.9,,,0.0,,,,,,,,,,,,,,,,,,2025-06-01,6,2025,1.1382113821138211,,,1.0,-1.0,0.0,0.513126491646778,3,中档
202506,6901028104241,哈尔滨(老巴夺),三类烟,97.0,110.0,1.776,1.744,4.2292,24250.0,286.572,98.198198,2.71853,1.024094,97.0,0.956,0.952,838.0,262.0,122.0,14.56,46.56,99.58,116.0,45.42,95.08,,,0.0,,1.74,1.78,98.2,838.0,218.0,11.79,26.01,0.0,0.0,0.0,0.0,0.0,0.0,0.0,0.0,,2025-06-01,6,2025,1.134020618556701,0.24214839685992626,164.31880733944953,-97.198198,2.182481751824817,0.005046778042959427,0.3126491646778043,4,中高档
202506,6901028180818,黄鹤楼(天下名楼),二类烟,139.92,160.0,0.04,0.032,0.111936,34980.0,1121.452,80.0,0.07196,0.0271,139.92,0.348,0.328,838.0,37.0,37.0,4.42,100.0,94.25,37.0,100.0,100.0,,,0.0,,0.03,0.04,80.0,838.0,4.0,0.21,0.48,0.0,0.0,0.0,0.0,0.0,0.0,0.0,0.0,,2025-06-01,6,2025,1.1435105774728418,0.2421026300743282,35045.375,-79.0,inf,0.00013357517899761337,0.0441527446300716,5,高档
202506,6901028071536,中南海(5mg细支),二类烟,121.9,140.0,0.024,0.024,0.07314,30475.0,54.78,100.0,0.047019,0.017706,121.9,,,838.0,,,,,,,,,,,,,0.02,0.02,100.0,838.0,3.0,0.21,0.36,0.0,0.0,0.0,0.0,0.0,0.0,0.0,0.0,,2025-06-01,6,2025,1.1484823625922886,0.2420836751435603,2282.5,-99.0,,8.727923627684964e-05,,5,高档
202506,6901028178105,黄鹤楼(硬天下胜景),一类烟,212.0,260.0,0.332,0.32,1.696,53000.0,120.352,96.385542,1.0336,0.46728,212.0,,,838.0,,,,,,,,,,,,,0.32,0.33,96.39,838.0,40.0,2.13,4.77,0.0,0.0,0.0,0.0,0.0,0.0,0.0,0.0,40.0,2025-06-01,6,2025,1.2264150943396226,0.2755188679245283,376.1,-95.385542,,0.0020238663484486875,,5,高档
202506,6901028133081,金圣(青瓷中支),一类烟,175.0,200.0,0.008,0.0,0.0,,70.084,0.0,0.0,0.0,175.0,0.124,0.124,838.0,19.0,16.0,1.91,84.21,100.0,15.0,81.58,93.75,,,0.0,,,,,,,,,,,,,,,,,,2025-06-01,6,2025,1.1428571428571428,,,1.0,,0.0,0.022673031026252982,5,高档
202506,6901028179348,黄鹤楼(软红),一类烟,227.9,260.0,0.012,0.0,0.0,,1832.796,0.0,0.0,0.0,227.9,0.016,0.0,838.0,,,0.0,,0.0,,,,,,,,,,,,,,,,,,,,,,,,2025-06-01,6,2025,1.1408512505484862,,,1.0,-1.0,0.0,,5,高档
202506,6901028177153,云烟(硬苁蓉),二类烟,114.5,130.0,1.344,1.32,3.7785,28625.0,201.648,98.214286,2.42882,0.914906,114.5,,,838.0,,,,,,,,,,,,,1.32,1.34,98.21,838.0,164.0,9.45,19.57,2.0,0.0,0.0,0.0,1.22,0.0,0.0,0.0,61.0,2025-06-01,6,2025,1.1353711790393013,0.24213470954082306,152.76363636363635,-97.214286,40.25,0.004508949880668258,,5,高档
202506,6901028151634,泰山(白将军),二类烟,114.5,130.0,0.672,0.664,1.9007,28625.0,373.748,98.809524,1.22176,0.460235,114.5,,,838.0,,,,,,,,,,,,,0.66,0.67,98.81,838.0,83.0,4.64,9.9,0.0,0.0,0.0,0.0,0.0,0.0,0.0,0.0,,2025-06-01,6,2025,1.1353711790393013,0.24213973799126637,562.8734939759036,-97.809524,-0.9129979035639413,0.0022681384248210024,,5,高档
202506,6901028039758,贵烟(硬黄精品),二类烟,114.5,130.0,0.648,0.64,1.832,28625.0,75.896,98.765432,1.1776,0.4436,114.5,0.268,0.268,838.0,42.0,34.0,4.06,80.95,100.0,33.0,79.76,97.06,,,0.0,,0.64,0.65,98.77,838.0,80.0,4.64,9.55,0.0,0.0,0.0,0.0,0.0,0.0,0.0,0.0,2.0,2025-06-01,6,2025,1.1353711790393013,0.24213973799126637,118.5875,-97.765432,3.0,0.0021861575178997615,0.050119331742243436,5,高档
202506,6901028188029,黄鹤楼(硬峡谷情细支),一类烟,263.0,300.0,0.016,0.0,0.0,,736.364,0.0,0.0,0.0,263.0,5.652,5.616,838.0,489.0,484.0,57.76,98.98,99.36,483.0,98.87,99.79,,,0.0,,,,,,,,,,,,,,,,,,2025-06-01,6,2025,1.1406844106463878,,,1.0,-1.0,0.0,0.5835322195704057,5,高档
202506,6901028042635,娇子(宽窄好运),一类烟,263.0,300.0,0.612,0.604,3.9713,65750.0,273.22,98.69281,2.289122,1.225323,263.0,,,838.0,,,,,,,,,,,,,0.6,0.61,98.69,838.0,78.0,14.19,9.31,2.0,0.0,0.0,0.0,2.56,0.0,0.0,0.0,7.0,2025-06-01,6,2025,1.1406844106463878,0.3085445571978949,452.3509933774835,-97.69281,-0.006578947368421018,0.004739021479713603,,5,高档
202506,6901028118187,利群(新版),二类烟,143.1,160.0,5.304,5.232,18.71748,35775.0,1818.648,98.642534,12.032922,4.530936,143.1,0.004,0.0,838.0,,,0.0,,0.0,,,,,,,,5.23,5.3,98.64,838.0,654.0,34.9,78.04,0.0,0.0,0.0,0.0,0.0,0.0,0.0,0.0,,2025-06-01,6,2025,1.1180992313067786,0.24206976580180667,347.6009174311926,-97.642534,-0.5984034387473135,0.022335894988066825,,5,高档
202506,6901028184250,黄鹤楼(硬1916),一类烟,848.0,1000.0,0.008,0.0,0.0,,1.012,0.0,0.0,0.0,848.0,0.008,0.0,838.0,,,0.0,,0.0,,,,,,,,,,,,,,,,,,,,,,,,2025-06-01,6,2025,1.179245283018868,,,1.0,,0.0,,5,高档
202506,6901028179492,红金龙(软蓝九州腾龙),四类烟,38.16,45.0,21.712,21.608,20.614032,9540.0,492.272,99.521002,13.770073,4.472481,38.16,23.236,23.14,838.0,838.0,833.0,99.4,99.4,99.59,832.0,97.75,99.88,,,0.0,,21.61,21.71,99.52,838.0,834.0,100.0,99.52,828.0,196.0,0.0,0.0,99.28,23.5,0.0,0.0,2.0,2025-06-01,6,2025,1.179245283018868,0.21696294058338514,22.781932617549057,-98.521002,-0.14633375474083443,0.02459908353221957,1.0,3,中档
202506,6901028178648,黄鹤楼(珍品细支),一类烟,381.6,450.0,0.008,0.0,0.0,,155.356,0.0,0.0,0.0,381.6,0.396,0.352,838.0,44.0,44.0,5.25,100.0,88.89,44.0,100.0,100.0,,,0.0,,,,,,,,,,,,,,,,,,2025-06-01,6,2025,1.1792452830188678,,,1.0,,0.0,0.05250596658711217,5,高档
202506,6901028172509,黄金叶(商鼎),一类烟,175.0,200.0,1.272,1.264,5.53,43750.0,724.708,99.371069,3.370312,1.523425,175.0,0.024,0.024,838.0,4.0,3.0,0.36,75.0,100.0,3.0,75.0,100.0,,,0.0,,1.26,1.27,99.37,838.0,161.0,10.51,19.21,0.0,0.0,0.0,0.0,0.0,0.0,0.0,0.0,2.0,2025-06-01,6,2025,1.1428571428571428,0.27548372513562386,573.3449367088607,-98.371069,0.04290429042904287,0.006599045346062053,0.00477326968973747,5,高档
202506,6901028180603,红金龙(硬神州腾龙),三类烟,57.24,65.0,23.236,23.14,33.11334,14310.0,4870.684,99.586848,21.288844,8.01507,57.24,0.008,0.0,838.0,,,0.0,,0.0,,,,,,,,23.14,23.24,99.59,838.0,833.0,100.0,99.4,820.0,191.0,0.0,0.0,98.44,22.93,0.0,0.0,4.0,2025-06-01,6,2025,1.1355695317959469,0.24204957881023176,210.4876404494382,-98.586848,-0.18920812894183603,0.03951472553699284,,3,中档
202506,6901028145473,娇子(五粮浓香中支),一类烟,424.0,500.0,0.048,0.04,0.424,106000.0,174.536,83.333333,0.24425,0.13097,424.0,,,838.0,2.0,,,0.0,,,0.0,,,,,,0.04,0.05,83.33,838.0,5.0,0.48,0.6,0.0,0.0,0.0,0.0,0.0,0.0,0.0,0.0,,2025-06-01,6,2025,1.179245283018868,0.30889150943396226,4363.4,-82.333333,0.6666666666666667,0.0005059665871121719,0.002386634844868735,5,高档
202506,6901028172936,黄金叶(乐途硬),一类烟,175.0,200.0,0.024,0.024,0.105,43750.0,224.776,100.0,0.063993,0.028926,175.0,0.02,0.0,838.0,,,0.0,,0.0,,,,,,,,0.02,0.02,100.0,838.0,3.0,0.21,0.36,0.0,0.0,0.0,0.0,0.0,0.0,0.0,0.0,,2025-06-01,6,2025,1.1428571428571428,0.2754857142857143,9365.666666666666,-99.0,-0.94,0.00012529832935560857,,5,高档
202506,6901028180580,黄鹤楼(软蓝),一类烟,164.3,190.0,17.364,17.248,70.84616,41075.0,8401.664,99.331951,45.543538,17.152648,164.3,,,838.0,,,,,,,,,,,,,17.25,17.36,99.33,838.0,837.0,100.0,99.88,832.0,194.0,0.0,0.0,99.4,23.18,0.0,0.0,2.0,2025-06-01,6,2025,1.1564211807668898,0.24211118852454389,487.10946196660484,-98.331951,-0.009191176470588203,0.0845419570405728,,5,高档
202506,6901028315432,红塔山(硬经典100),三类烟,97.0,110.0,6.316,6.276,15.2193,24250.0,768.6,99.366688,9.78276,3.685536,97.0,0.36,0.36,838.0,55.0,45.0,5.37,81.82,100.0,45.0,81.82,100.0,,,0.0,,6.28,6.32,99.37,838.0,786.0,44.56,93.79,0.0,0.0,0.0,0.0,0.0,0.0,0.0,0.0,2.0,2025-06-01,6,2025,1.134020618556701,0.24216199168161479,122.46653919694073,-98.366688,0.01949317738791434,0.01816145584725537,0.06563245823389022,4,中高档
202506,6901028165242,黄金叶(爱尚),二类烟,139.92,160.0,0.172,0.168,0.587664,34980.0,91.528,97.674419,0.37779,0.142275,139.92,,,838.0,,,,,,,,,,,,,0.17,0.17,97.67,838.0,21.0,1.12,2.51,0.0,0.0,0.0,0.0,0.0,0.0,0.0,0.0,1.0,2025-06-01,6,2025,1.1435105774728418,0.24210263007432822,544.8095238095239,-96.674419,,0.0007012696897374701,,5,高档
202506,6901028024976,娇子(X),三类烟,97.0,110.0,2.42,2.4,5.82,24250.0,393.996,99.173554,3.741,1.4094,97.0,8.28,8.252,838.0,822.0,771.0,92.0,93.8,99.66,766.0,92.1,99.35,,,0.0,,2.4,2.42,99.17,838.0,226.0,17.08,26.97,76.0,0.0,0.0,0.0,33.63,0.0,0.0,0.0,,2025-06-01,6,2025,1.134020618556701,0.24216494845360823,164.165,-98.173554,0.9607843137254901,0.00694510739856802,0.9809069212410502,4,中高档
202506,6901028075053,牡丹(软),二类烟,121.9,140.0,7.352,7.312,22.28332,30475.0,1375.24,99.45593,14.324634,5.394918,121.9,,,838.0,,,,,,,,,,,,,7.31,7.35,99.46,838.0,770.0,51.33,91.89,146.0,0.0,0.0,0.0,18.96,0.0,0.0,0.0,3.0,2025-06-01,6,2025,1.1484823625922886,0.24210566468551364,188.07986870897156,-98.45593,2.098305084745763,0.02659107398568019,,5,高档
202506,6901028185912,黄鹤楼(硬红),一类烟,190.8,220.0,16.004,15.912,75.90024,47700.0,1691.06,99.425144,46.257716,20.910814,190.8,0.476,0.456,838.0,61.0,57.0,6.8,93.44,95.8,57.0,93.44,100.0,,,0.0,,15.91,16.0,99.43,838.0,838.0,100.0,100.0,832.0,199.0,0.0,0.0,99.28,23.75,0.0,0.0,2.0,2025-06-01,6,2025,1.1530398322851152,0.2755039246252713,106.27576671694318,-98.425144,-0.0731593662628145,0.09057307875894988,0.07279236276849642,5,高档
202506,6901028009744,双喜(勿忘我),一类烟,175.0,200.0,1.596,1.584,6.93,43750.0,28.384,99.24812,4.22334,1.909317,175.0,0.56,0.56,838.0,137.0,71.0,8.47,51.82,100.0,69.0,51.09,97.18,,,0.0,,1.58,1.6,99.25,838.0,201.0,15.05,23.99,0.0,0.0,0.0,0.0,0.0,0.0,0.0,0.0,42.0,2025-06-01,6,2025,1.1428571428571428,0.2755147186147186,17.919191919191917,-98.24812,2.09375,0.008269689737470167,0.16348448687350836,5,高档
202506,6901028936477,好猫(猴王磨砂),三类烟,106.0,120.0,0.48,0.472,1.1446,24250.0,32.424,98.333333,0.73573,0.277182,106.0,,,838.0,,,,,,,,,,,,,0.47,0.48,98.33,838.0,59.0,3.26,7.04,0.0,0.0,0.0,0.0,0.0,0.0,0.0,0.0,,2025-06-01,6,2025,1.1320754716981132,0.24216494845360823,68.69491525423729,-97.333333,-0.32571428571428573,0.0013658711217183772,,5,高档
202506,6901028124058,黄山(黑马细支),一类烟,225.0,260.0,0.128,0.128,0.72,56250.0,40.632,100.0,0.438816,0.198352,225.0,,,838.0,,,,,,,,,,,,,0.13,0.13,100.0,838.0,16.0,1.97,1.91,0.0,0.0,0.0,0.0,0.0,0.0,0.0,0.0,12.0,2025-06-01,6,2025,1.1555555555555554,0.2754888888888889,317.4375,-99.0,-0.7192982456140351,0.0008591885441527446,,5,高档
202506,6901028339957,云烟(细支云龙),二类烟,129.3,150.0,0.008,0.0,0.0,,1388.488,0.0,0.0,0.0,129.3,1.932,1.92,838.0,242.0,240.0,28.64,99.17,99.38,240.0,99.17,100.0,,,0.0,,,,,,,,,,,,,,,,,,2025-06-01,6,2025,1.160092807424594,,,1.0,-1.0,0.0,0.28878281622911695,5,高档
202506,6901028211352,七匹狼(纯境),二类烟,143.1,160.0,1.768,1.688,6.03882,35775.0,888.168,95.475113,3.882187,1.46181,143.1,0.008,0.0,838.0,,,0.0,,0.0,,,,,,,,1.69,1.77,95.48,838.0,211.0,11.53,25.18,0.0,0.0,0.0,0.0,0.0,0.0,0.0,0.0,,2025-06-01,6,2025,1.1180992313067786,0.24206881476844813,526.1658767772512,-94.475113,-0.7898406374501992,0.007206229116945108,,5,高档
202506,6901028062015,苏烟(五星红杉树),一类烟,188.68,220.0,0.184,0.168,0.792456,47170.0,204.164,91.304348,0.482969,0.218326,188.68,0.008,0.0,838.0,,,0.0,,0.0,,,,,,,,0.17,0.18,91.3,838.0,21.0,1.12,2.51,0.0,0.0,0.0,0.0,0.0,0.0,0.0,0.0,,2025-06-01,6,2025,1.165995336018656,0.27550551702555093,1215.2619047619046,-90.304348,-0.475,0.0009456515513126492,,5,高档
202506,6901028227285,天子(金),一类烟,167.48,200.0,4.04,4.028,16.865236,41870.0,1262.808,99.70297,10.841366,4.083381,167.48,,,838.0,,,,,,,,,,,,,4.03,4.04,99.7,838.0,512.0,39.91,61.1,2.0,0.0,0.0,0.0,0.39,0.0,0.0,0.0,8.0,2025-06-01,6,2025,1.1941724385001196,0.24211822473163142,313.5074478649454,-98.70297,0.772887323943662,0.0201255799522673,,5,高档
202506,6901028314985,红塔山(硬经典),三类烟,75.0,85.0,1.932,1.92,3.6,18750.0,168.676,99.378882,2.314088,0.871672,75.0,6.316,6.276,838.0,835.0,786.0,93.79,94.13,99.37,783.0,93.95,99.62,,,0.0,,1.92,1.93,99.38,838.0,240.0,12.91,28.64,0.0,0.0,0.0,0.0,0.0,0.0,0.0,0.0,,2025-06-01,6,2025,1.1333333333333333,0.2421311111111111,87.85208333333333,-98.378882,-0.4849785407725322,0.0042959427207637235,0.9964200477326969,4,中高档
202506,6901028190602,黄鹤楼(软雪之景),二类烟,121.9,140.0,6.56,6.524,19.88189,30475.0,410.228,99.45122,12.780516,4.813898,121.9,,,838.0,,,,,,,,,,,,,6.52,6.56,99.45,838.0,756.0,45.94,90.21,61.0,0.0,0.0,0.0,8.07,0.0,0.0,0.0,,2025-06-01,6,2025,1.1484823625922886,0.2421247678163394,62.87982832618026,-98.45122,-0.47908016608112425,0.023725405727923626,,5,高档
202506,6901028107150,钻石(双中支荷花),一类烟,381.6,450.0,0.032,0.032,0.30528,95400.0,26.884,100.0,0.175858,0.094302,381.6,,,838.0,,,,,,,,,,,,,0.03,0.03,100.0,838.0,4.0,0.21,0.48,0.0,0.0,0.0,0.0,0.0,0.0,0.0,0.0,,2025-06-01,6,2025,1.1792452830188678,0.30890330188679244,840.125,-99.0,-0.6666666666666667,0.0003642959427207637,,5,高档
202506,6901028314459,玉溪(硬和谐),一类烟,339.2,400.0,0.032,0.032,0.27136,84800.0,66.44,100.0,0.15632,0.08382,339.2,6.264,6.212,838.0,701.0,549.0,65.51,78.32,99.17,538.0,78.83,98.0,,,0.0,,0.03,0.03,100.0,838.0,4.0,0.21,0.48,0.0,0.0,0.0,0.0,0.0,0.0,0.0,0.0,,2025-06-01,6,2025,1.179245283018868,0.30888856132075476,2076.25,-99.0,-0.813953488372093,0.00032381861575178997,0.8365155131264916,5,高档
202506,6901028179270,红金龙(软精品),三类烟,90.1,110.0,46.352,46.116,103.87629,22525.0,2350.372,99.490853,66.775968,25.150512,90.1,21.712,21.608,838.0,838.0,834.0,99.52,99.52,99.52,834.0,98.68,100.0,,,0.0,,46.12,46.35,99.49,838.0,837.0,100.0,99.88,834.0,197.0,0.0,0.0,99.64,23.54,0.0,0.0,2.0,2025-06-01,6,2025,1.2208657047724751,0.2421198523743965,50.96651921242085,-98.490853,0.9484536082474226,0.12395738663484486,1.0,4,中高档
202506,6901028001625,双喜(硬经典1906),二类烟,150.52,170.0,4.296,4.276,16.090588,37630.0,551.28,99.534451,10.343644,3.895962,150.52,1.524,1.52,838.0,221.0,191.0,22.79,86.43,99.74,189.0,85.97,98.95,,,0.0,,4.28,4.3,99.53,838.0,471.0,52.13,56.21,72.0,0.0,0.0,0.0,15.29,0.0,0.0,0.0,18.0,2025-06-01,6,2025,1.1294180175391975,0.2421267637950832,128.9242282507016,-98.534451,1.26963906581741,0.019201178997613366,0.2637231503579952,5,高档
202506,6901028182560,红金龙(硬红龙),三类烟,47.7,55.0,31.968,31.824,37.95012,11925.0,598.62,99.54955,24.393096,9.190927,47.7,53.08,52.864,838.0,838.0,837.0,99.88,99.88,99.59,836.0,99.16,99.88,,,0.0,,31.82,31.97,99.55,838.0,833.0,100.0,99.4,822.0,191.0,0.0,0.0,98.68,22.93,0.0,0.0,2.0,2025-06-01,6,2025,1.1530398322851152,0.2421843988899113,18.810331825037707,-98.54955,-0.07916666666666672,0.04528653937947494,1.0,3,中档
202506,6901028111270,南京(炫赫门),二类烟,155.0,180.0,6.292,6.212,24.0715,38750.0,670.3,98.728544,15.474363,5.828138,155.0,,,838.0,,,,,,,,,,,,,6.21,6.29,98.73,838.0,777.0,44.56,92.72,0.0,0.0,0.0,0.0,0.0,0.0,0.0,0.0,15.0,2025-06-01,6,2025,1.1612903225806452,0.24211777413123403,107.90405666452028,-97.728544,inf,0.028724940334128878,,5,高档
202506,6901028126007,黄山(新一品),三类烟,71.0,80.0,12.472,12.416,19.0896,15375.0,230.344,99.550994,12.270499,4.623016,71.0,1.836,1.804,838.0,242.0,226.0,26.97,93.39,98.26,225.0,93.18,99.56,,,0.0,,12.42,12.47,99.55,838.0,802.0,88.42,95.7,755.0,0.0,0.0,0.0,94.14,0.0,0.0,0.0,4.0,2025-06-01,6,2025,1.1267605633802817,0.2421745872097896,18.552190721649485,-98.550994,2.860696517412935,0.022779952267303102,0.28878281622911695,4,中高档
202506,6901028011785,真龙(起源),一类烟,212.0,250.0,0.032,0.032,0.1696,53000.0,208.14,100.0,0.10336,0.046728,212.0,1.972,1.952,838.0,256.0,245.0,29.24,95.7,98.99,243.0,95.31,99.18,,,0.0,,0.03,0.03,100.0,838.0,4.0,0.21,0.48,0.0,0.0,0.0,0.0,0.0,0.0,0.0,0.0,,2025-06-01,6,2025,1.179245283018868,0.2755188679245283,6504.374999999999,-99.0,-0.9384615384615385,0.00020238663484486874,0.3054892601431981,5,高档
202506,6901028224079,金圣(滕王阁·紫光),二类烟,129.3,150.0,2.896,2.896,9.36132,32325.0,541.02,100.0,6.017888,2.26648,129.3,0.488,0.484,838.0,63.0,57.0,6.8,90.48,99.18,56.0,90.3,98.25,,,0.0,,2.9,2.9,100.0,838.0,364.0,22.95,43.44,0.0,0.0,0.0,0.0,0.0,0.0,0.0,0.0,8.0,2025-06-01,6,2025,1.160092807424594,0.24211115526442856,186.81629834254144,-99.0,0.21273031825795652,0.011171026252983293,0.07517899761336516,5,高档
202506,6901028942881,双喜(硬精品好日子),三类烟,93.28,110.0,0.008,0.0,0.0,,43.128,0.0,0.0,0.0,93.28,,,838.0,,,,,,,,,,,,,,,,,,,,,,,,,,,,,2025-06-01,6,2025,1.179245283018868,,,1.0,,0.0,,4,中高档
202506,6901028145077,娇子(宽窄好运细支),一类烟,225.0,260.0,1.072,1.064,5.985,56250.0,416.628,99.253731,3.647875,1.648586,225.0,0.048,0.04,838.0,9.0,5.0,0.6,55.56,83.33,5.0,55.56,100.0,,,0.0,,1.06,1.07,99.25,838.0,131.0,10.83,15.63,0.0,0.0,0.0,0.0,0.0,0.0,0.0,0.0,40.0,2025-06-01,6,2025,1.1555555555555554,0.2754529657477026,391.5676691729323,-98.253731,0.2429906542056075,0.00714200477326969,0.010739856801909307,5,高档
202506,6901028162876,黄金叶(喜满堂),三类烟,88.0,100.0,5.064,5.024,11.0528,22000.0,1168.416,99.210111,7.106428,2.674673,88.0,0.172,0.168,838.0,21.0,21.0,2.51,100.0,97.67,21.0,100.0,100.0,,,0.0,,5.02,5.06,99.21,838.0,337.0,33.83,40.21,292.0,0.0,0.0,0.0,86.65,0.0,0.0,0.0,,2025-06-01,6,2025,1.1363636363636365,0.24199053633468443,232.56687898089172,-98.210111,-0.34549244398124024,0.013189498806682578,0.025059665871121718,4,中高档
202506,6901028219174,黄鹤楼(硬奇景),一类烟,238.5,300.0,1.772,1.756,10.47015,59625.0,800.416,99.097065,6.383644,2.88189,238.5,,,838.0,,,,,,,,,,,,,1.76,1.77,99.1,838.0,220.0,13.29,26.25,0.0,0.0,0.0,0.0,0.0,0.0,0.0,0.0,1.0,2025-06-01,6,2025,1.2578616352201257,0.2752482056131001,455.81776765375855,-98.097065,-0.21043165467625902,0.012494212410501193,,5,高档
202506,6901028159753,泰山(心悦),二类烟,139.92,160.0,0.556,0.552,1.930896,34980.0,120.5,99.280576,1.24131,0.467475,139.92,,,838.0,41.0,,,0.0,,,0.0,,,,,,0.55,0.56,99.28,838.0,69.0,4.0,8.23,0.0,0.0,0.0,0.0,0.0,0.0,0.0,0.0,,2025-06-01,6,2025,1.1435105774728418,0.24210263007432817,218.29710144927535,-98.280576,2.2857142857142856,0.0023041718377088305,0.04892601431980907,5,高档
202506,6901028219839,黄鹤楼(硬祝福),一类烟,167.48,200.0,,,,,0.012,,,,,,,,,,,,,,,,,,,,,,,,,,,,,,,,,,,,2025-06-01,6,2025,1.1941724385001196,,,,,,,5,高档
202506,6901028177771,大青山(昭君和亲),二类烟,129.3,150.0,,,,,0.0,,,,,,,,,,,,,,,,,,,,,,,,,,,,,,,,,,,,2025-06-01,6,2025,1.160092807424594,,,,,,,5,高档
202506,6901028225113,黄山(金皖烟),一类烟,248.04,280.0,,,,,85.916,,,,,,,,,,,,,,,,,,,,,,,,,,,,,,,,,,,,2025-06-01,6,2025,1.128850185453959,,,,,,,5,高档
202506,6901028207089,利群(蓝天),二类烟,143.1,160.0,,,,,0.02,,,,,,,,,,,,,,,,,,,,,,,,,,,,,,,,,,,,2025-06-01,6,2025,1.1180992313067786,,,,,,,5,高档
202506,6901028029919,娇子(宽窄逍遥细支),一类烟,763.2,900.0,,,,,18.656,,,,,,,,,,,,,,,,,,,,,,,,,,,,,,,,,,,,2025-06-01,6,2025,1.1792452830188678,,,,,,,5,高档
202506,6901028937504,好猫(金丝猴),二类烟,129.3,150.0,,,,,0.02,,,,,,,,,,,,,,,,,,,,,,,,,,,,,,,,,,,,2025-06-01,6,2025,1.160092807424594,,,,,,,5,高档
202506,6901028942911,双喜(软珍品好日子),二类烟,137.8,160.0,,,,,109.976,,,,137.8,,,838.0,,,,,,,,,,,,,,,,,,,,,,,,,,,,,2025-06-01,6,2025,1.1611030478955007,,,,,,,5,高档
202506,6901028119009,利群(西子阳光),一类烟,275.6,310.0,,,,,91.348,,,,275.6,,,838.0,,,,,,,,,,,,,,,,,,,,,,,,,,,,,2025-06-01,6,2025,1.1248185776487662,,,,,,,5,高档
202506,6901028216166,利群(软蓝),一类烟,159.0,180.0,,,,,662.144,,,,159.0,,,838.0,,,,,,,,,,,,,,,,,,,,,,,,,,,,,2025-06-01,6,2025,1.1320754716981132,,,,,,,5,高档
202506,6901028207829,利群(休闲),一类烟,720.8,820.0,,,,,0.0,,,,,,,,,,,,,,,,,,,,,,,,,,,,,,,,,,,,2025-06-01,6,2025,1.1376248612652609,,,,,,,5,高档
202506,6901028165860,黄金叶(天叶细支),一类烟,848.0,1000.0,,,,,47.872,,,,848.0,,,838.0,,,,,,,,,,,,,,,,,,,,,,,,,,,,,2025-06-01,6,2025,1.179245283018868,,,,,,,5,高档
202506,8888075056014,555 (金天越),二类烟,119.09,140.0,,,,,5.444,,,,119.09,,,838.0,,,,,,,,,,,,,,,,,,,,,,,,,,,,,2025-06-01,6,2025,1.175581492988496,,,,,,,5,高档
202506,6901028204026,万宝路(硬冰爵2.0),一类烟,225.0,260.0,,,,,43.476,,,,225.0,,,838.0,,,,,,,,,,,,,,,,,,,,,,,,,,,,,2025-06-01,6,2025,1.1555555555555554,,,,,,,5,高档
202506,6901028189057,黄鹤楼(硬雪之景),二类烟,121.9,140.0,,,,,264.092,,,,,,,,,,,,,,,,,,,,,,,,,,,,,,,,,,,,2025-06-01,6,2025,1.1484823625922886,,,,,,,5,高档
202506,6901028241410,黄鹤楼(视窗),一类烟,300.0,350.0,,,,,66.144,,,,300.0,0.072,0.0,838.0,,,0.0,,0.0,,,,,,,,,,,,,,,,,,,,,,,,2025-06-01,6,2025,1.1666666666666667,,,,,,,5,高档
202506,6901028143448,万宝路(软红2.0),二类烟,143.1,160.0,,,,,32.72,,,,143.1,,,838.0,,,,,,,,,,,,,,,,,,,,,,,,,,,,,2025-06-01,6,2025,1.1180992313067786,,,,,,,5,高档
202506,6901028212137,中华(金细支),一类烟,678.4,800.0,,,,,27.076,,,,678.4,,,838.0,,,,,,,,,,,,,,,,,,,,,,,,,,,,,2025-06-01,6,2025,1.179245283018868,,,,,,,5,高档
202506,6901028121736,利群(楼外楼),一类烟,175.0,200.0,,,,,40.988,,,,175.0,0.756,0.748,838.0,100.0,94.0,11.22,94.0,98.94,93.0,93.5,98.94,,,0.0,,,,,,,,,,,,,,,,,,2025-06-01,6,2025,1.1428571428571428,,,,,,0.11933174224343675,5,高档
202506,6901028125970,黄山(徽商新概念细支),一类烟,339.2,400.0,,,,,268.588,,,,339.2,12.472,12.416,838.0,836.0,802.0,95.7,95.93,99.55,798.0,93.66,99.5,,,0.0,,,,,,,,,,,,,,,,,,2025-06-01,6,2025,1.179245283018868,,,,,,0.9976133651551312,5,高档
202506,6901028104692,龙烟(呈祥),二类烟,129.3,150.0,,,,,0.0,,,,,,,,,,,,,,,,,,,,,,,,,,,,,,,,,,,,2025-06-01,6,2025,1.160092807424594,,,,,,,5,高档
202506,8888075034715,555(国际版),一类烟,254.92,300.0,,,,,3.088,,,,254.92,,,838.0,,,,,,,,,,,,,,,,,,,,,,,,,,,,,2025-06-01,6,2025,1.1768397928761964,,,,,,,5,高档
202506,6901028018722,中华(双中支),一类烟,424.0,500.0,,,,,246.228,,,,424.0,0.528,0.504,838.0,40.0,40.0,4.77,100.0,95.45,40.0,100.0,100.0,,,0.0,,,,,,,,,,,,,,,,,,2025-06-01,6,2025,1.179245283018868,,,,,,0.0477326968973747,5,高档
202506,6901028107297,钻石(玫瑰二代),三类烟,97.0,110.0,,,,,265.328,,,,97.0,0.004,0.0,838.0,,,0.0,,0.0,,,,,,,,,,,,,,,,,,,,,,,,2025-06-01,6,2025,1.134020618556701,,,,,,,4,中高档
202506,6901028937832,好猫(长乐九美),一类烟,175.0,200.0,,,,,207.972,,,,175.0,0.008,0.0,838.0,,,0.0,,0.0,,,,,,,,,,,,,,,,,,,,,,,,2025-06-01,6,2025,1.1428571428571428,,,,,,,5,高档
202506,6901028227438,龙凤呈祥(软魅力朝天门),三类烟,97.0,110.0,,,,,397.496,,,,97.0,0.032,0.032,838.0,4.0,4.0,0.48,100.0,100.0,4.0,100.0,100.0,,,0.0,,,,,,,,,,,,,,,,,,2025-06-01,6,2025,1.134020618556701,,,,,,0.00477326968973747,4,中高档
202506,8888075024037,555(冰炫),一类烟,216.05,240.0,,,,,2.316,,,,216.05,,,838.0,,,,,,,,,,,,,,,,,,,,,,,,,,,,,2025-06-01,6,2025,1.11085396898866,,,,,,,5,高档
202506,6901028080446,钻石(硬蓝),三类烟,47.7,55.0,,,,,0.0,,,,,,,,,,,,,,,,,,,,,,,,,,,,,,,,,,,,2025-06-01,6,2025,1.1530398322851152,,,,,,,3,中档
202506,8888075018616,555·双冰,一类烟,271.07,320.0,,,,,43.232,,,,271.07,,,838.0,,,,,,,,,,,,,,,,,,,,,,,,,,,,,2025-06-01,6,2025,1.180506880141661,,,,,,,5,高档
202506,6901028120708,利群(软长嘴),一类烟,318.0,360.0,,,,,265.044,,,,318.0,,,838.0,,,,,,,,,,,,,,,,,,,,,,,,,,,,,2025-06-01,6,2025,1.1320754716981132,,,,,,,5,高档
202506,6901028092838,人民大会堂(硬红细支),二类烟,139.92,160.0,,,,,140.524,,,,139.92,,,838.0,,,,,,,,,,,,,,,,,,,,,,,,,,,,,2025-06-01,6,2025,1.1435105774728418,,,,,,,5,高档
202506,6901028189989,黄鹤楼(硬嘉禧缘),一类烟,167.48,200.0,,,,,34.78,,,,,,,,,,,,,,,,,,,,,,,,,,,,,,,,,,,,2025-06-01,6,2025,1.1941724385001196,,,,,,,5,高档
202506,6901028058148,好猫(细支长乐),二类烟,139.92,160.0,,,,,419.86,,,,139.92,0.48,0.472,838.0,61.0,59.0,7.04,96.72,98.33,59.0,96.72,100.0,,,0.0,,,,,,,,,,,,,,,,,,2025-06-01,6,2025,1.1435105774728418,,,,,,0.07279236276849642,5,高档
202506,6901028098335,长白山(蓝尚),一类烟,158.0,180.0,,,,,202.416,,,,158.0,,,838.0,,,,,,,,,,,,,,,,,,,,,,,,,,,,,2025-06-01,6,2025,1.139240506329114,,,,,,,5,高档
202506,6901028125888,黄山(徽商新视界细支),一类烟,678.4,800.0,,,,,0.072,,,,678.4,,,838.0,,,,,,,,,,,,,,,,,,,,,,,,,,,,,2025-06-01,6,2025,1.179245283018868,,,,,,,5,高档
202506,6901028322867,玉溪(鑫中支),一类烟,225.0,260.0,,,,,67.784,,,,,,,,,,,,,,,,,,,,,,,,,,,,,,,,,,,,2025-06-01,6,2025,1.1555555555555554,,,,,,,5,高档
202506,6901028053440,玉溪(高配版),一类烟,201.4,250.0,,,,,0.0,,,,,,,,,,,,,,,,,,,,,,,,,,,,,,,,,,,,2025-06-01,6,2025,1.2413108242303872,,,,,,,5,高档
202506,6901028229074,天子(中支),一类烟,201.4,230.0,,,,,362.288,,,,201.4,,,838.0,,,,,,,,,,,,,,,,,,,,,,,,,,,,,2025-06-01,6,2025,1.1420059582919562,,,,,,,5,高档
202506,6901028112505,南京(大观园爆冰),一类烟,263.0,300.0,,,,,24.832,,,,,,,,,,,,,,,,,,,,,,,,,,,,,,,,,,,,2025-06-01,6,2025,1.1406844106463878,,,,,,,5,高档
202506,8888075005524,555金·锐,二类烟,137.8,160.0,,,,,88.108,,,,137.8,,,838.0,,,,,,,,,,,,,,,,,,,,,,,,,,,,,2025-06-01,6,2025,1.1611030478955007,,,,,,,5,高档
202506,6901028165921,黄金叶(小目标),二类烟,121.9,140.0,,,,,0.0,,,,,,,,,,,,,,,,,,,,,,,,,,,,,,,,,,,,2025-06-01,6,2025,1.1484823625922886,,,,,,,5,高档
202506,6901028143554,七匹狼(锋芒),一类烟,158.0,180.0,,,,,145.636,,,,158.0,,,838.0,,,,,,,,,,,,,,,,,,,,,,,,,,,,,2025-06-01,6,2025,1.139240506329114,,,,,,,5,高档
202506,6901028143585,七匹狼(蓝钻),二类烟,114.5,130.0,,,,,0.0,,,,114.5,1.768,1.688,838.0,216.0,211.0,25.18,97.69,95.48,211.0,97.69,100.0,,,0.0,,,,,,,,,,,,,,,,,,2025-06-01,6,2025,1.1353711790393013,,,,,,0.2577565632458234,5,高档
202506,6901028062329,南京(十二钗烤烟),一类烟,243.8,280.0,,,,,168.076,,,,243.8,6.292,6.212,838.0,835.0,777.0,92.72,93.05,98.73,776.0,92.99,99.87,,,0.0,,,,,,,,,,,,,,,,,,2025-06-01,6,2025,1.1484823625922886,,,,,,0.9964200477326969,5,高档
202506,6901028340618,云烟(小熊猫家园),一类烟,158.0,200.0,,,,,0.048,,,,,,,,,,,,,,,,,,,,,,,,,,,,,,,,,,,,2025-06-01,6,2025,1.2658227848101267,,,,,,,5,高档
202506,6901028010771,中南海(冰耀中支),一类烟,201.4,230.0,,,,,154.076,,,,201.4,0.128,0.128,838.0,25.0,16.0,1.91,64.0,100.0,16.0,64.0,100.0,,,0.0,,,,,,,,,,,,,,,,,,2025-06-01,6,2025,1.1420059582919562,,,,,,0.029832935560859187,5,高档
202506,6901028080521,钻石(细支荷花),一类烟,360.4,420.0,,,,,110.636,,,,360.4,0.032,0.032,838.0,4.0,4.0,0.48,100.0,100.0,4.0,100.0,100.0,,,0.0,,,,,,,,,,,,,,,,,,2025-06-01,6,2025,1.165371809100999,,,,,,0.00477326968973747,5,高档
202506,6901028218153,黄鹤楼(金典中支),一类烟,381.6,450.0,,,,,22.704,,,,381.6,0.004,0.0,838.0,,,0.0,,0.0,,,,,,,,,,,,,,,,,,,,,,,,2025-06-01,6,2025,1.1792452830188678,,,,,,,5,高档
202506,6901028204835,芙蓉王(硬中支),一类烟,263.0,300.0,,,,,538.184,,,,263.0,0.016,0.016,838.0,2.0,2.0,0.24,100.0,100.0,2.0,100.0,100.0,,,0.0,,,,,,,,,,,,,,,,,,2025-06-01,6,2025,1.1406844106463878,,,,,,0.002386634844868735,5,高档
202506,6901028100274,长白山(777),二类烟,121.9,150.0,,,,,103.524,,,,121.9,1.776,1.744,838.0,221.0,218.0,26.01,98.64,98.2,218.0,98.64,100.0,,,0.0,,,,,,,,,,,,,,,,,,2025-06-01,6,2025,1.2305168170631664,,,,,,0.2637231503579952,5,高档
202506,6901028245029,芙蓉王(荣耀细支),一类烟,305.28,400.0,,,,,0.0,,,,,,,,,,,,,,,,,,,,,,,,,,,,,,,,,,,,2025-06-01,6,2025,1.310272536687631,,,,,,,5,高档
202506,6901028042963,娇子(五粮醇香),一类烟,201.4,230.0,,,,,260.06,,,,201.4,18.976,18.916,838.0,836.0,829.0,98.93,99.16,99.68,828.0,97.59,99.88,,,0.0,,,,,,,,,,,,,,,,,,2025-06-01,6,2025,1.1420059582919562,,,,,,0.9976133651551312,5,高档
202506,8888075034777,555(老版细支),一类烟,212.28,250.0,,,,,97.628,,,,212.28,,,838.0,,,,,,,,,,,,,,,,,,,,,,,,,,,,,2025-06-01,6,2025,1.1776898436027887,,,,,,,5,高档
202506,6901028331296,云烟(黑金刚印象),一类烟,466.4,600.0,,,,,0.016,,,,466.4,0.008,0.0,838.0,,,0.0,,0.0,,,,,,,,,,,,,,,,,,,,,,,,2025-06-01,6,2025,1.2864493996569468,,,,,,,5,高档
202506,6901028065504,兰州(硬珍品),二类烟,155.0,180.0,,,,,276.344,,,,155.0,4.04,4.028,838.0,746.0,512.0,61.1,68.63,99.7,491.0,67.31,95.9,,,0.0,,,,,,,,,,,,,,,,,,2025-06-01,6,2025,1.1612903225806452,,,,,,0.8902147971360382,5,高档
202506,6901028042215,娇子(宽窄平安中支),一类烟,339.2,400.0,,,,,73.0,,,,,,,,,,,,,,,,,,,,,,,,,,,,,,,,,,,,2025-06-01,6,2025,1.179245283018868,,,,,,,5,高档
202506,6901028187855,黄鹤楼(软1916),一类烟,848.0,1000.0,,,,,,,,,848.0,0.016,0.0,838.0,,,0.0,,0.0,,,,,,,,,,,,,,,,,,,,,,,,2025-06-01,6,2025,1.179245283018868,,,,,,,5,高档
202507,6901028118187,利群(新版),二类烟,143.1,160.0,7.136,7.048,25.21422,35775.0,1440.476,98.766816,16.208817,6.104272,143.1,0.032,0.032,843.0,4.0,4.0,0.47,100.0,100.0,4.0,100.0,100.0,,,0.0,,7.05,7.14,98.77,843.0,702.0,45.35,83.27,181.0,0.0,0.0,0.0,25.78,0.0,0.0,0.0,6.0,2025-07-01,7,2025,1.1180992313067786,0.24209640433057217,204.38081725312148,-97.766816,0.34709480122324154,0.029910106761565837,0.004744958481613286,5,高档
202507,6901028184250,黄鹤楼(硬1916),一类烟,848.0,1000.0,0.008,0.0,0.0,,1.26,0.0,0.0,0.0,848.0,0.008,0.0,843.0,,,0.0,,0.0,,,,,,,,,,,,,,,,,,,,,,,,2025-07-01,7,2025,1.179245283018868,,,1.0,,0.0,,5,高档
202507,6901028079990,钻石(荷花),一类烟,275.6,320.0,0.484,0.464,3.19696,68900.0,270.988,95.867769,1.841705,0.987477,275.6,4.464,4.452,843.0,473.0,444.0,52.67,93.87,99.73,443.0,94.32,99.77,,,0.0,,0.46,0.48,95.87,843.0,40.0,2.04,4.74,0.0,0.0,0.0,0.0,0.0,0.0,0.0,0.0,,2025-07-01,7,2025,1.1611030478955007,0.30887999849857367,584.0258620689655,-94.867769,13.5,0.0037923606168446026,0.561091340450771,5,高档
202507,6901028180603,红金龙(硬神州腾龙),三类烟,57.24,65.0,25.736,25.384,36.324504,14310.0,4322.284,98.632266,23.35331,8.792351,57.24,0.008,0.0,843.0,,,0.0,,0.0,,,,,,,,25.38,25.74,98.63,843.0,832.0,56.9,98.7,262.0,0.0,0.0,0.0,31.49,0.0,0.0,0.0,6.0,2025-07-01,7,2025,1.1355695317959469,0.24205013232940498,170.27592184052946,-97.632266,0.09697493517718225,0.04308956583629893,,3,中档
202507,6901028042963,娇子(五粮醇香),一类烟,201.4,230.0,3.24,3.184,16.03144,50350.0,222.38,98.271605,9.771161,4.415947,201.4,0.004,0.0,843.0,,,0.0,,0.0,,,,,,,,3.18,3.24,98.27,843.0,241.0,70.6,28.59,119.0,0.0,0.0,0.0,49.38,0.0,0.0,0.0,40.0,2025-07-01,7,2025,1.1420059582919562,0.27545541760440734,69.8429648241206,-97.271605,,0.019017129300118625,,5,高档
202507,6901028145473,娇子(五粮浓香中支),一类烟,424.0,500.0,0.16,0.16,1.696,106000.0,121.34,100.0,0.977146,0.523734,424.0,,,843.0,25.0,,0.0,0.0,,,0.0,,,,,,0.16,0.16,100.0,843.0,22.0,2.04,2.61,0.0,0.0,0.0,0.0,0.0,0.0,0.0,0.0,1.0,2025-07-01,7,2025,1.179245283018868,0.3088054245283019,758.375,-99.0,3.0,0.0020118623962040332,0.02965599051008304,5,高档
202507,6901028188029,黄鹤楼(硬峡谷情细支),一类烟,263.0,300.0,0.008,0.0,0.0,,824.48,0.0,0.0,0.0,263.0,4.904,4.88,843.0,601.0,557.0,66.07,92.68,99.51,557.0,92.15,100.0,,,0.0,,,,,,,,,,,,,,,,,,2025-07-01,7,2025,1.1406844106463878,,,1.0,,0.0,0.7129300118623962,5,高档
202507,6901028039758,贵烟(硬黄精品),二类烟,114.5,130.0,0.152,0.152,0.4351,28625.0,98.272,100.0,0.27968,0.105355,114.5,,,843.0,,,0.0,,,,,,,,,,0.15,0.15,100.0,843.0,19.0,1.07,2.25,0.0,0.0,0.0,0.0,0.0,0.0,0.0,0.0,,2025-07-01,7,2025,1.1353711790393013,0.2421397379912664,646.5263157894738,-99.0,-0.7625,0.0005161328588374852,,5,高档
202507,6901028018722,中华(双中支),一类烟,424.0,500.0,,,,,115.668,,,,424.0,0.04,0.032,843.0,4.0,4.0,0.47,100.0,80.0,4.0,100.0,100.0,,,0.0,,,,,,,,,,,,,,,,,,2025-07-01,7,2025,1.179245283018868,,,,,,0.004744958481613286,5,高档
202507,6901028063371,白沙(硬新精品二代),三类烟,97.0,110.0,3.432,3.42,8.2935,24250.0,755.424,99.65035,5.330908,2.008412,97.0,0.016,0.0,843.0,,,0.0,,0.0,,,,,,,,3.42,3.43,99.65,843.0,428.0,24.18,50.77,0.0,0.0,0.0,0.0,0.0,0.0,0.0,0.0,78.0,2025-07-01,7,2025,1.134020618556701,0.24216699825164284,220.8842105263158,-98.65035,0.45408163265306123,0.009838078291814947,,4,中高档
202507,6901028151634,泰山(白将军),二类烟,114.5,130.0,0.036,0.032,0.0916,28625.0,256.24,88.888889,0.05888,0.02218,114.5,,,843.0,,,0.0,,,,,,,,,,0.03,0.04,88.89,843.0,4.0,0.2,0.47,0.0,0.0,0.0,0.0,0.0,0.0,0.0,0.0,,2025-07-01,7,2025,1.1353711790393013,0.24213973799126637,8007.5,-87.888889,-0.9518072289156626,0.00010865954922894424,,5,高档
202507,6901028042635,娇子(宽窄好运),一类烟,263.0,300.0,1.74,1.72,11.309,65750.0,374.732,98.850575,6.517533,3.490454,263.0,,,843.0,,,0.0,,,,,,,,,,1.72,1.74,98.85,843.0,148.0,29.24,17.56,36.0,0.0,0.0,0.0,24.32,0.0,0.0,0.0,20.0,2025-07-01,7,2025,1.1406844106463878,0.3086439119285525,217.86744186046514,-97.850575,1.847682119205298,0.013415183867141162,,5,高档
202507,6901028179492,红金龙(软蓝九州腾龙),四类烟,38.16,45.0,24.956,24.668,23.533272,9540.0,226.884,98.845969,15.720032,5.105927,38.16,25.736,25.384,843.0,842.0,832.0,98.7,98.81,98.63,823.0,97.66,98.92,,,0.0,,24.67,24.96,98.85,843.0,838.0,75.77,99.41,634.0,0.0,0.0,0.0,75.66,0.0,0.0,0.0,6.0,2025-07-01,7,2025,1.179245283018868,0.2169663020084925,9.19750283768445,-97.845969,0.14161421695668275,0.027916099644128115,0.9988137603795967,3,中档
202507,6901028143585,七匹狼(蓝钻),二类烟,114.5,130.0,,,,,0.0,,,,114.5,6.264,6.216,843.0,842.0,774.0,91.81,91.92,99.23,772.0,91.84,99.74,,,0.0,,,,,,,,,,,,,,,,,,2025-07-01,7,2025,1.1353711790393013,,,,,,0.9988137603795967,5,高档
202507,6901028218634,黄鹤楼(硬1916红爆),一类烟,720.8,1000.0,0.008,0.0,0.0,,61.076,0.0,0.0,0.0,720.8,0.792,0.776,843.0,100.0,97.0,11.51,97.0,97.98,97.0,97.0,100.0,,,0.0,,,,,,,,,,,,,,,,,,2025-07-01,7,2025,1.3873473917869035,,,1.0,,0.0,0.11862396204033215,5,高档
202507,6901028207508,利群(软红长嘴),一类烟,190.8,220.0,0.168,0.152,0.72504,47700.0,45.668,90.47619,0.441872,0.199758,190.8,1.868,1.864,843.0,284.0,235.0,27.88,82.75,99.79,231.0,82.04,98.3,,,0.0,,0.15,0.17,90.48,843.0,19.0,0.97,2.25,0.0,0.0,0.0,0.0,0.0,0.0,0.0,0.0,,2025-07-01,7,2025,1.1530398322851152,0.27551307514068185,300.44736842105266,-89.47619,-0.7967914438502673,0.0008600711743772243,0.3368920521945433,5,高档
202507,6901028190374,黄鹤楼(硬15细支),一类烟,848.0,1000.0,,,,,16.004,,,,848.0,4.54,4.488,843.0,490.0,487.0,57.77,99.39,98.85,487.0,99.12,100.0,,,0.0,,,,,,,,,,,,,,,,,,2025-07-01,7,2025,1.179245283018868,,,,,,0.5812574139976275,5,高档
202507,6901028005036,双喜(硬金五叶神),二类烟,121.9,140.0,0.108,0.104,0.31694,30475.0,364.672,96.296296,0.203736,0.076739,121.9,1.104,1.072,843.0,252.0,118.0,14.0,46.83,97.1,110.0,41.74,93.22,,,0.0,,0.1,0.11,96.3,843.0,13.0,0.66,1.54,0.0,0.0,0.0,0.0,0.0,0.0,0.0,0.0,,2025-07-01,7,2025,1.1484823625922886,0.24212469237079573,3506.461538461539,-95.296296,-0.9315789473684211,0.00037596678529062873,0.298932384341637,5,高档
202507,6901028940504,红金龙(硬新版),四类烟,44.5,50.0,54.512,54.244,60.34645,11125.0,1735.568,99.508365,40.303292,13.100563,44.5,,,843.0,,,0.0,,,,,,,,,,54.24,54.51,99.51,843.0,843.0,91.31,100.0,783.0,155.0,0.0,0.0,92.88,18.39,0.0,0.0,6.0,2025-07-01,7,2025,1.1235955056179776,0.2170892074015953,31.995575547525995,-98.508365,0.026104721549636833,0.07158534994068802,,3,中档
202507,6901028010115,中南海(典8),三类烟,97.0,110.0,1.532,1.528,3.7054,24250.0,164.548,99.738903,2.381821,0.897267,97.0,,,843.0,,,0.0,,,,,,,,,,1.53,1.53,99.74,843.0,194.0,15.75,23.01,0.0,0.0,0.0,0.0,0.0,0.0,0.0,0.0,37.0,2025-07-01,7,2025,1.134020618556701,0.24215118475738112,107.68848167539267,-98.738903,1.1222222222222222,0.004395492289442467,,4,中高档
202507,6901028114455,苏烟(软金砂),一类烟,381.6,450.0,0.008,0.0,0.0,,66.824,0.0,0.0,0.0,381.6,0.008,0.0,843.0,,,0.0,,0.0,,,,,,,,,,,,,,,,,,,,,,,,2025-07-01,7,2025,1.1792452830188678,,,1.0,,0.0,,5,高档
202507,6901028221351,贵烟(新贵),三类烟,93.28,110.0,0.636,0.624,1.455168,23320.0,458.148,98.113208,0.935376,0.352404,93.28,0.316,0.304,843.0,38.0,38.0,4.51,100.0,96.2,38.0,100.0,100.0,,,0.0,,0.62,0.64,98.11,843.0,78.0,4.14,9.25,0.0,0.0,0.0,0.0,0.0,0.0,0.0,0.0,22.0,2025-07-01,7,2025,1.179245283018868,0.24217409948542024,734.2115384615385,-97.113208,6.8,0.0017261779359430604,0.045077105575326216,4,中高档
202507,6901028317177,玉溪(软),一类烟,201.4,230.0,4.96,4.936,24.85276,50350.0,1981.156,99.516129,15.149286,6.844296,201.4,7.136,7.048,843.0,706.0,702.0,83.27,99.43,98.77,699.0,99.32,99.57,,,0.0,,4.94,4.96,99.52,843.0,507.0,49.8,60.14,117.0,0.0,0.0,0.0,23.08,0.0,0.0,0.0,9.0,2025-07-01,7,2025,1.1420059582919562,0.27539379932047786,401.36871961102105,-98.516129,-0.20540888602704443,0.029481328588374853,0.8374851720047449,5,高档
202507,6901028937832,好猫(长乐九美),一类烟,175.0,200.0,1.588,1.58,6.9125,43750.0,236.384,99.496222,4.21276,1.904458,175.0,0.008,0.0,843.0,,,0.0,,0.0,,,,,,,,1.58,1.59,99.5,843.0,170.0,9.56,20.17,0.0,0.0,0.0,0.0,0.0,0.0,0.0,0.0,152.0,2025-07-01,7,2025,1.1428571428571428,0.27550929475587704,149.61012658227847,-98.496222,,0.008199881376037959,,5,高档
202507,6901028042758,娇子(宽窄逍遥),一类烟,678.4,800.0,,,,,12.884,,,,678.4,3.24,3.184,843.0,840.0,241.0,28.59,28.69,98.27,213.0,22.77,88.38,,,0.0,,,,,,,,,,,,,,,,,,2025-07-01,7,2025,1.179245283018868,,,,,,0.99644128113879,5,高档
202507,6901028242066,黄鹤楼(硬峡谷情),一类烟,339.2,400.0,0.064,0.0,0.0,,99.224,0.0,0.0,0.0,339.2,0.0002,0.0002,843.0,107.0,1.0,0.12,0.93,100.0,1.0,0.53,100.0,,,0.0,,,,,,,,,,,,,,,,,,2025-07-01,7,2025,1.179245283018868,,,1.0,,0.0,0.1269276393831554,5,高档
202507,6901028058148,好猫(细支长乐),二类烟,139.92,160.0,0.032,0.032,0.111936,34980.0,420.444,100.0,0.071961,0.027099,139.92,0.168,0.168,843.0,21.0,21.0,2.49,100.0,100.0,21.0,100.0,100.0,,,0.0,,0.03,0.03,100.0,843.0,4.0,0.2,0.47,0.0,0.0,0.0,0.0,0.0,0.0,0.0,0.0,,2025-07-01,7,2025,1.1435105774728418,0.2420936963979417,13138.875,-99.0,,0.0001327829181494662,0.02491103202846975,5,高档
202507,8888075034777,555(老版细支),一类烟,212.28,250.0,0.032,0.032,0.169824,53070.0,67.252,100.0,0.112014,0.038274,212.28,0.032,0.032,843.0,4.0,4.0,0.47,100.0,100.0,4.0,100.0,100.0,,,0.0,,0.03,0.03,100.0,843.0,4.0,0.2,0.47,0.0,0.0,0.0,0.0,0.0,0.0,0.0,0.0,4.0,2025-07-01,7,2025,1.1776898436027887,0.2253745053702657,2101.625,-99.0,,0.00020145195729537367,0.004744958481613286,5,高档
202507,6901028013611,真龙(海韵),一类烟,445.2,500.0,0.236,0.224,2.49312,111300.0,34.732,94.915254,1.436177,0.770111,445.2,,,843.0,,,0.0,,,,,,,,,,0.22,0.24,94.92,843.0,25.0,3.43,2.97,3.0,0.0,0.0,0.0,12.0,0.0,0.0,0.0,16.0,2025-07-01,7,2025,1.1230907457322552,0.3088944776023617,155.05357142857142,-93.915254,1.9473684210526319,0.0029574377224199284,,5,高档
202507,4891132530116,红双喜(南洋经典),三类烟,67.95,80.0,0.008,0.0,0.0,,30.14,0.0,0.0,0.0,67.95,,,843.0,,,0.0,,,,,,,,,,,,,,,,,,,,,,,,,,2025-07-01,7,2025,1.177336276674025,,,1.0,,0.0,,4,中高档
202507,6901028025645,娇子(时代阳光),三类烟,71.0,80.0,0.008,0.0,0.0,,483.868,0.0,0.0,0.0,71.0,1.74,1.72,843.0,421.0,148.0,17.56,35.15,98.85,116.0,27.99,78.38,,,0.0,,,,,,,,,,,,,,,,,,2025-07-01,7,2025,1.1267605633802817,,,1.0,-1.0,0.0,0.49940688018979834,4,中高档
202507,6901028936996,好猫(招财猫1600),一类烟,158.0,180.0,,,,,120.612,,,,158.0,0.004,0.0,843.0,,,0.0,,0.0,,,,,,,,,,,,,,,,,,,,,,,,2025-07-01,7,2025,1.139240506329114,,,,,,,5,高档
202507,6901028112505,南京(大观园爆冰),一类烟,263.0,300.0,,,,,49.724,,,,,,,,,,,,,,,,,,,,,,,,,,,,,,,,,,,,2025-07-01,7,2025,1.1406844106463878,,,,,,,5,高档
202507,6901028193504,芙蓉王(硬),一类烟,218.36,250.0,0.224,0.2,1.0918,54590.0,1217.504,89.285714,0.665655,0.300545,218.36,0.18,0.168,843.0,21.0,21.0,2.49,100.0,93.33,21.0,100.0,100.0,,,0.0,,0.2,0.22,89.29,843.0,25.0,1.28,2.97,0.0,0.0,0.0,0.0,0.0,0.0,0.0,0.0,,2025-07-01,7,2025,1.1448983330280271,0.2752747755999267,6087.5199999999995,-88.285714,inf,0.0012951364175563466,0.02491103202846975,5,高档
202507,6901028029919,娇子(宽窄逍遥细支),一类烟,763.2,900.0,,,,,14.488,,,,,,,,,,,,,,,,,,,,,,,,,,,,,,,,,,,,2025-07-01,7,2025,1.1792452830188678,,,,,,,5,高档
202507,6901028154628,泰山(儒风细支),一类烟,263.0,300.0,,,,,54.212,,,,263.0,0.364,0.36,843.0,45.0,45.0,5.34,100.0,98.9,45.0,100.0,100.0,,,0.0,,,,,,,,,,,,,,,,,,2025-07-01,7,2025,1.1406844106463878,,,,,,0.05338078291814947,5,高档
202507,6901028009805,双喜(百年经典),一类烟,175.0,200.0,1.008,1.008,4.41,43750.0,144.496,100.0,2.687771,1.21483,175.0,0.032,0.032,843.0,4.0,4.0,0.47,100.0,100.0,4.0,100.0,100.0,,,0.0,,1.01,1.01,100.0,843.0,129.0,18.0,15.3,0.0,0.0,0.0,0.0,0.0,0.0,0.0,0.0,7.0,2025-07-01,7,2025,1.1428571428571428,0.2754716553287982,143.34920634920636,-99.0,0.7999999999999998,0.005231316725978648,0.004744958481613286,5,高档
202507,6901028216166,利群(软蓝),一类烟,159.0,180.0,1.868,1.864,7.4094,39750.0,702.64,99.785867,4.763011,1.794075,159.0,,,843.0,,,0.0,,,,,,,,,,1.86,1.87,99.79,843.0,235.0,14.52,27.88,0.0,0.0,0.0,0.0,0.0,0.0,0.0,0.0,2.0,2025-07-01,7,2025,1.1320754716981132,0.24213499068750508,376.9527896995708,-98.785867,,0.00878932384341637,,5,高档
202507,6901028178648,黄鹤楼(珍品细支),一类烟,381.6,450.0,0.008,0.0,0.0,,121.124,0.0,0.0,0.0,381.6,0.04,0.032,843.0,4.0,4.0,0.47,100.0,80.0,4.0,100.0,100.0,,,0.0,,,,,,,,,,,,,,,,,,2025-07-01,7,2025,1.1792452830188678,,,1.0,,0.0,0.004744958481613286,5,高档
202507,6901028136686,金圣(硬滕王阁),三类烟,97.0,110.0,0.008,0.0,0.0,,1211.276,0.0,0.0,0.0,97.0,0.008,0.0,843.0,,,0.0,,0.0,,,,,,,,,,,,,,,,,,,,,,,,2025-07-01,7,2025,1.134020618556701,,,1.0,-1.0,0.0,,4,中高档
202507,6901028172509,黄金叶(商鼎),一类烟,175.0,200.0,2.988,2.972,13.0025,43750.0,467.232,99.464525,7.924157,3.58234,175.0,1.48,1.468,843.0,309.0,188.0,22.3,60.84,99.19,179.0,59.39,95.21,,,0.0,,2.97,2.99,99.46,843.0,353.0,27.04,41.87,0.0,0.0,0.0,0.0,0.0,0.0,0.0,0.0,9.0,2025-07-01,7,2025,1.1428571428571428,0.27551163237838877,157.21130551816958,-98.464525,1.3512658227848102,0.015424080664294187,0.3665480427046263,5,高档
202507,6901028207089,利群(蓝天),二类烟,143.1,160.0,,,,,0.02,,,,,,,,,,,,,,,,,,,,,,,,,,,,,,,,,,,,2025-07-01,7,2025,1.1180992313067786,,,,,,,5,高档
202507,6901028218603,黄鹤楼(硬1916如意),一类烟,763.2,900.0,0.04,0.032,0.61056,190800.0,125.728,80.0,0.352539,0.187781,763.2,0.008,0.0,843.0,,,0.0,,0.0,,,,,,,,0.03,0.04,80.0,843.0,4.0,0.2,0.47,0.0,0.0,0.0,0.0,0.0,0.0,0.0,0.0,,2025-07-01,7,2025,1.1792452830188678,0.30755535901467507,3928.9999999999995,-79.0,inf,0.0007242704626334519,,5,高档
202507,6901028179324,黄鹤楼(硬珍品),一类烟,339.2,400.0,0.04,0.032,0.27136,84800.0,1058.324,80.0,0.15662,0.08352,339.2,18.432,18.232,843.0,842.0,763.0,90.51,90.62,98.91,740.0,88.92,96.99,,,0.0,,0.03,0.04,80.0,843.0,4.0,0.2,0.47,0.0,0.0,0.0,0.0,0.0,0.0,0.0,0.0,,2025-07-01,7,2025,1.179245283018868,0.30778301886792453,33072.625,-79.0,-0.9090909090909091,0.0003218979833926453,0.9988137603795967,5,高档
202507,6901028155557,泰山(颜悦),一类烟,167.48,190.0,0.364,0.36,1.50732,41870.0,153.828,98.901099,0.96894,0.36495,167.48,,,843.0,,,0.0,,,,,,,,,,0.36,0.36,98.9,843.0,45.0,2.3,5.34,0.0,0.0,0.0,0.0,0.0,0.0,0.0,0.0,,2025-07-01,7,2025,1.1344638165751135,0.24211846190589922,427.3,-97.901099,-0.4155844155844156,0.0017880427046263346,,5,高档
202507,6901028937535,好猫(金猴王),三类烟,71.0,80.0,0.004,0.0,0.0,,465.964,0.0,0.0,0.0,71.0,1.588,1.58,843.0,187.0,170.0,20.17,90.91,99.5,143.0,83.33,84.12,,,0.0,,,,,,,,,,,,,,,,,,2025-07-01,7,2025,1.1267605633802817,,,1.0,-1.0,0.0,0.22182680901542112,4,中高档
202507,8888075018616,555·双冰,一类烟,271.07,320.0,0.032,0.032,0.216856,67767.5,228.66,100.0,0.143007,0.048901,271.07,0.564,0.56,843.0,75.0,66.0,7.83,88.0,99.29,66.0,88.61,100.0,,,0.0,,0.03,0.03,100.0,843.0,4.0,0.2,0.47,0.0,0.0,0.0,0.0,0.0,0.0,0.0,0.0,4.0,2025-07-01,7,2025,1.180506880141661,0.22549987088206,7145.625,-99.0,,0.0002572431791221827,0.08896797153024912,5,高档
202507,6901028189057,黄鹤楼(硬雪之景),二类烟,121.9,140.0,,,,,432.604,,,,,,,,,,,,,,,,,,,,,,,,,,,,,,,,,,,,2025-07-01,7,2025,1.1484823625922886,,,,,,,5,高档
202507,6901028046893,云烟(紫),二类烟,114.5,130.0,0.04,0.032,0.0916,28625.0,789.544,80.0,0.05888,0.02218,114.5,,,843.0,,,0.0,,,,,,,,,,0.03,0.04,80.0,843.0,4.0,0.2,0.47,0.0,0.0,0.0,0.0,0.0,0.0,0.0,0.0,,2025-07-01,7,2025,1.1353711790393013,0.24213973799126637,24673.25,-79.0,-0.9968590498625834,0.00010865954922894424,,5,高档
202507,6901028084772,娇子(格调细支),二类烟,129.3,150.0,0.188,0.184,0.59478,32325.0,742.048,97.87234,0.382352,0.144003,129.3,0.996,0.988,843.0,188.0,124.0,14.71,65.96,99.2,123.0,65.69,99.19,,,0.0,,0.18,0.19,97.87,843.0,19.0,1.18,2.25,4.0,0.0,0.0,0.0,21.05,0.0,0.0,0.0,,2025-07-01,7,2025,1.160092807424594,0.24211136890951276,4032.8695652173915,-96.87234,-0.9627228525121556,0.0007055516014234875,0.22301304863582444,5,高档
202507,6901028227438,龙凤呈祥(软魅力朝天门),三类烟,97.0,110.0,0.004,0.0,0.0,,251.264,0.0,0.0,0.0,97.0,0.292,0.292,843.0,42.0,37.0,4.39,88.1,100.0,36.0,86.9,97.3,,,0.0,,,,,,,,,,,,,,,,,,2025-07-01,7,2025,1.134020618556701,,,1.0,,0.0,0.0498220640569395,4,中高档
202507,6901028219839,黄鹤楼(硬祝福),一类烟,167.48,200.0,,,,,0.0,,,,,,,,,,,,,,,,,,,,,,,,,,,,,,,,,,,,2025-07-01,7,2025,1.1941724385001196,,,,,,,5,高档
202507,6901028133333,金圣(青瓷细支),一类烟,225.0,260.0,0.024,0.024,0.135,56250.0,19.952,100.0,0.082278,0.037191,225.0,0.008,0.0,843.0,,,0.0,,0.0,,,,,,,,0.02,0.02,100.0,843.0,3.0,0.2,0.36,0.0,0.0,0.0,0.0,0.0,0.0,0.0,0.0,,2025-07-01,7,2025,1.1555555555555554,0.2754888888888889,831.3333333333334,-99.0,-0.8064516129032258,0.00016014234875444842,,5,高档
202507,6901028180634,红金龙(软虹之彩),五类烟,19.08,25.0,0.008,0.0,0.0,,0.0,0.0,0.0,0.0,19.08,1.42,1.4,843.0,175.0,175.0,20.76,100.0,98.59,175.0,100.0,100.0,,,0.0,,,,,,,,,,,,,,,,,,2025-07-01,7,2025,1.310272536687631,,,1.0,,0.0,0.20759193357058126,2,中低档
202507,6901028212229,中华(细支),一类烟,424.0,500.0,,,,,49.776,,,,424.0,3.816,3.744,843.0,488.0,469.0,55.63,96.11,98.11,467.0,95.9,99.57,,,0.0,,,,,,,,,,,,,,,,,,2025-07-01,7,2025,1.179245283018868,,,,,,0.5788849347568209,5,高档
202507,6901028187855,黄鹤楼(软1916),一类烟,848.0,1000.0,,,,,37.048,,,,848.0,0.008,0.0,843.0,,,0.0,,0.0,,,,,,,,,,,,,,,,,,,,,,,,2025-07-01,7,2025,1.179245283018868,,,,,,,5,高档
202507,6901028010771,中南海(冰耀中支),一类烟,201.4,230.0,,,,,89.956,,,,201.4,0.228,0.228,843.0,50.0,29.0,3.44,58.0,100.0,28.0,57.0,96.55,,,0.0,,,,,,,,,,,,,,,,,,2025-07-01,7,2025,1.1420059582919562,,,,,,0.05931198102016608,5,高档
202507,6901028024976,娇子(X),三类烟,97.0,110.0,1.792,1.784,4.3262,24250.0,741.376,99.553571,2.78081,1.047654,97.0,0.008,0.0,843.0,,,0.0,,0.0,,,,,,,,1.78,1.79,99.55,843.0,224.0,12.47,26.57,0.0,0.0,0.0,0.0,0.0,0.0,0.0,0.0,2.0,2025-07-01,7,2025,1.134020618556701,0.24216494845360825,415.5695067264574,-98.553571,-0.2566666666666666,0.005131909845788849,,4,中高档
202507,6901028177153,云烟(硬苁蓉),二类烟,114.5,130.0,1.196,1.144,3.2747,28625.0,222.6,95.652174,2.104977,0.792919,114.5,0.032,0.032,843.0,4.0,4.0,0.47,100.0,100.0,4.0,100.0,100.0,,,0.0,,1.14,1.2,95.65,843.0,144.0,8.84,17.08,0.0,0.0,0.0,0.0,0.0,0.0,0.0,0.0,,2025-07-01,7,2025,1.1353711790393013,0.2421348520475158,194.5804195804196,-94.652174,-0.13333333333333341,0.003884578884934757,0.004744958481613286,5,高档
202507,6901028104241,哈尔滨(老巴夺),三类烟,97.0,110.0,6.888,6.78,16.4415,24250.0,64.676,98.432056,10.568376,3.981504,97.0,0.28,0.28,843.0,103.0,36.0,4.27,34.95,100.0,34.0,33.98,94.44,,,0.0,,6.78,6.89,98.43,843.0,743.0,49.03,88.14,107.0,0.0,0.0,0.0,14.4,0.0,0.0,0.0,35.0,2025-07-01,7,2025,1.134020618556701,0.24216184654684791,9.539233038348083,-97.432056,2.887614678899083,0.01950355871886121,0.1221826809015421,4,中高档
202507,8888075034715,555(国际版),一类烟,254.92,300.0,0.032,0.032,0.203936,63730.0,98.34,100.0,0.134506,0.04597,254.92,0.032,0.032,843.0,4.0,4.0,0.47,100.0,100.0,4.0,100.0,100.0,,,0.0,,0.03,0.03,100.0,843.0,4.0,0.2,0.47,0.0,0.0,0.0,0.0,0.0,0.0,0.0,0.0,4.0,2025-07-01,7,2025,1.1768397928761964,0.22541385532716143,3073.125,-99.0,,0.00024191696322657178,0.004744958481613286,5,高档
202507,6901028000833,双喜(软经典),三类烟,97.0,110.0,12.628,12.492,30.2931,24250.0,781.852,98.923028,19.471907,7.335925,97.0,4.84,4.772,843.0,611.0,395.0,46.86,64.65,98.6,381.0,58.54,96.46,,,0.0,,12.49,12.63,98.92,843.0,697.0,50.2,82.68,268.0,4.0,0.0,0.0,38.45,0.57,0.0,0.0,6.0,2025-07-01,7,2025,1.134020618556701,0.24216488243197296,62.58821645853345,-97.923028,-0.04902557856272827,0.03593487544483986,0.7247924080664294,4,中高档
202507,6901028136891,金圣(硬红·十二生肖),三类烟,61.5,70.0,0.008,0.0,0.0,,389.244,0.0,0.0,0.0,61.5,0.208,0.2,843.0,25.0,25.0,2.97,100.0,96.15,25.0,100.0,100.0,,,0.0,,,,,,,,,,,,,,,,,,2025-07-01,7,2025,1.1382113821138211,,,1.0,,0.0,0.02965599051008304,3,中档
202507,6901028071536,中南海(5mg细支),二类烟,121.9,140.0,,,,,41.82,,,,121.9,0.004,0.0,843.0,,,0.0,,0.0,,,,,,,,,,,,,,,,,,,,,,,,2025-07-01,7,2025,1.1484823625922886,,,,,,,5,高档
202507,6901028180818,黄鹤楼(天下名楼),二类烟,139.92,160.0,1.26,1.24,4.33752,34980.0,1097.292,98.412698,2.788468,1.050107,139.92,4.964,4.896,843.0,347.0,339.0,40.21,97.69,98.63,339.0,98.39,100.0,,,0.0,,1.24,1.26,98.41,843.0,111.0,7.98,13.17,44.0,0.0,0.0,0.0,39.64,0.0,0.0,0.0,,2025-07-01,7,2025,1.1435105774728418,0.2420984802375551,884.9129032258064,-97.412698,37.75,0.005145338078291814,0.41162514827995256,5,高档
202507,4891132601014,红双喜(爱国绿中支),一类烟,225.73,280.0,,,,,25.74,,,,225.73,,,843.0,,,0.0,,,,,,,,,,,,,,,,,,,,,,,,,,2025-07-01,7,2025,1.2404199707615293,,,,,,,5,高档
202507,6901028920858,金圣(智圣出山双中支),一类烟,510.0,600.0,0.06,0.06,0.765,127500.0,28.38,100.0,0.440655,0.236333,510.0,1.532,1.528,843.0,308.0,194.0,23.01,62.99,99.74,188.0,62.01,96.91,,,0.0,,0.06,0.06,100.0,843.0,8.0,18.76,0.95,0.0,0.0,0.0,0.0,0.0,0.0,0.0,0.0,3.0,2025-07-01,7,2025,1.1764705882352942,0.30893202614379084,473.0,-99.0,-0.84375,0.000907473309608541,0.365361803084223,5,高档
202507,6901028181815,红金龙(硬蓝爱你),三类烟,97.0,110.0,1.42,1.4,3.395,24250.0,888.836,98.591549,2.18225,0.82215,97.0,25.412,25.232,843.0,640.0,634.0,75.21,99.06,99.29,628.0,98.56,99.05,,,0.0,,1.4,1.42,98.59,843.0,175.0,8.95,20.76,0.0,0.0,0.0,0.0,0.0,0.0,0.0,0.0,,2025-07-01,7,2025,1.134020618556701,0.24216494845360825,634.8828571428572,-97.591549,-0.4814814814814815,0.0040272835112692765,0.7591933570581257,4,中高档
202507,6901028120708,利群(软长嘴),一类烟,318.0,360.0,,,,,233.244,,,,318.0,,,843.0,,,0.0,,,,,,,,,,,,,,,,,,,,,,,,,,2025-07-01,7,2025,1.1320754716981132,,,,,,,5,高档
202507,6901028126007,黄山(新一品),三类烟,71.0,80.0,0.008,0.0,0.0,,198.072,0.0,0.0,0.0,71.0,0.464,0.448,843.0,58.0,56.0,6.64,96.55,96.55,56.0,96.55,100.0,,,0.0,,,,,,,,,,,,,,,,,,2025-07-01,7,2025,1.1267605633802817,,,1.0,-1.0,0.0,0.06880189798339265,4,中高档
202507,6901028011785,真龙(起源),一类烟,212.0,250.0,0.292,0.292,1.5476,53000.0,156.58,100.0,0.943626,0.425927,212.0,0.356,0.336,843.0,43.0,42.0,4.98,97.67,94.38,42.0,97.67,100.0,,,0.0,,0.29,0.29,100.0,843.0,37.0,2.15,4.39,0.0,0.0,0.0,0.0,0.0,0.0,0.0,0.0,,2025-07-01,7,2025,1.179245283018868,0.27521775652623415,536.2328767123288,-99.0,8.125,0.0018358244365361805,0.051008303677342826,5,高档
202507,6901028077910,钻石(软荷花),一类烟,339.2,400.0,0.292,0.288,2.44224,84800.0,87.66,98.630137,1.40688,0.75438,339.2,0.484,0.464,843.0,40.0,40.0,4.74,100.0,95.87,40.0,100.0,100.0,,,0.0,,0.29,0.29,98.63,843.0,36.0,1.94,4.27,0.0,0.0,0.0,0.0,0.0,0.0,0.0,0.0,,2025-07-01,7,2025,1.179245283018868,0.30888856132075476,304.375,-97.630137,17.0,0.0028970818505338076,0.04744958481613286,5,高档
202507,6901028121736,利群(楼外楼),一类烟,175.0,200.0,,,,,60.336,,,,175.0,0.168,0.152,843.0,19.0,19.0,2.25,100.0,90.48,19.0,100.0,100.0,,,0.0,,,,,,,,,,,,,,,,,,2025-07-01,7,2025,1.1428571428571428,,,,,,0.022538552787663108,5,高档
202507,6901028125970,黄山(徽商新概念细支),一类烟,339.2,400.0,0.28,0.28,2.3744,84800.0,118.94,100.0,1.367944,0.733282,339.2,0.008,0.0,843.0,,,0.0,,0.0,,,,,,,,0.28,0.28,100.0,843.0,31.0,3.68,3.68,5.0,0.0,0.0,0.0,16.13,0.0,0.0,0.0,,2025-07-01,7,2025,1.179245283018868,0.30882833557951483,424.7857142857142,-99.0,,0.002816607354685647,,5,高档
202507,6901028143554,七匹狼(锋芒),一类烟,158.0,180.0,,,,,175.028,,,,158.0,,,843.0,,,0.0,,,,,,,,,,,,,,,,,,,,,,,,,,2025-07-01,7,2025,1.139240506329114,,,,,,,5,高档
202507,6901028229074,天子(中支),一类烟,201.4,230.0,0.412,0.408,2.05428,50350.0,172.06,99.029126,1.251956,0.56599,201.4,0.004,0.0,843.0,,,0.0,,0.0,,,,,,,,0.41,0.41,99.03,843.0,51.0,2.86,6.05,0.0,0.0,0.0,0.0,0.0,0.0,0.0,0.0,12.0,2025-07-01,7,2025,1.1420059582919562,0.2755174562377086,421.71568627450984,-98.029126,,0.002436868327402135,,5,高档
202507,6901028182560,红金龙(硬红龙),三类烟,47.7,55.0,25.412,25.232,30.08916,11925.0,432.744,99.291673,19.340328,7.287002,47.7,54.512,54.244,843.0,843.0,843.0,100.0,100.0,99.51,842.0,99.42,99.88,,,0.0,,25.23,25.41,99.29,843.0,634.0,32.72,75.21,0.0,0.0,0.0,0.0,0.0,0.0,0.0,0.0,6.0,2025-07-01,7,2025,1.1530398322851152,0.24218030679487232,17.150602409638555,-98.291673,-0.20713926596279542,0.035692953736654806,1.0,3,中档
202507,6901028001625,双喜(硬经典1906),二类烟,150.52,170.0,4.84,4.772,17.957036,37630.0,764.804,98.595041,11.543468,4.347878,150.52,0.108,0.104,843.0,13.0,13.0,1.54,100.0,96.3,13.0,100.0,100.0,,,0.0,,4.77,4.84,98.6,843.0,395.0,52.1,46.86,195.0,17.0,0.0,0.0,49.37,4.3,0.0,0.0,11.0,2025-07-01,7,2025,1.1294180175391975,0.24212670732519553,160.26906957250628,-97.595041,0.11599625818521986,0.021301347568208777,0.01542111506524318,5,高档
202507,6901028219174,黄鹤楼(硬奇景),一类烟,238.5,300.0,0.628,0.6,3.5775,59625.0,1265.768,95.541401,2.180436,0.985464,238.5,,,843.0,,,0.0,,,,,,,,,,0.6,0.63,95.54,843.0,75.0,3.83,8.9,0.0,0.0,0.0,0.0,0.0,0.0,0.0,0.0,,2025-07-01,7,2025,1.2578616352201257,0.2754616352201258,2109.6133333333337,-94.541401,-0.6583143507972665,0.004243772241992883,,5,高档
202507,6901028107297,钻石(玫瑰二代),三类烟,97.0,110.0,0.16,0.152,0.3686,24250.0,147.136,95.0,0.23693,0.089262,97.0,0.032,0.032,843.0,4.0,4.0,0.47,100.0,100.0,4.0,100.0,100.0,,,0.0,,0.15,0.16,95.0,843.0,19.0,0.97,2.25,0.0,0.0,0.0,0.0,0.0,0.0,0.0,0.0,,2025-07-01,7,2025,1.134020618556701,0.24216494845360825,968.0,-94.0,,0.0004372479240806643,0.004744958481613286,4,中高档
202507,6901028159753,泰山(心悦),二类烟,139.92,160.0,0.204,0.2,0.6996,34980.0,63.432,98.039216,0.44975,0.169375,139.92,0.0001,0.0001,843.0,107.0,1.0,0.12,0.93,100.0,1.0,0.56,100.0,,,0.0,,0.2,0.2,98.04,843.0,21.0,1.28,2.49,4.0,0.0,0.0,0.0,19.05,0.0,0.0,0.0,,2025-07-01,7,2025,1.1435105774728418,0.2421026300743282,317.15999999999997,-97.039216,-0.6376811594202898,0.0008298932384341637,0.1269276393831554,5,高档
202507,6901028160285,黄金叶(乐途),二类烟,121.9,140.0,1.544,1.544,4.70534,30475.0,944.796,100.0,3.02471,1.139265,121.9,,,843.0,,,0.0,,,,,,,,,,1.54,1.54,100.0,843.0,193.0,11.4,22.89,0.0,0.0,0.0,0.0,0.0,0.0,0.0,0.0,5.0,2025-07-01,7,2025,1.1484823625922886,0.24212171702788748,611.9145077720208,-99.0,1.2976190476190474,0.005581660735468564,,5,高档
202507,6901028324830,红塔山(细支传奇),二类烟,155.0,180.0,0.64,0.612,2.3715,38750.0,283.396,95.625,1.524492,0.574209,155.0,1.324,1.296,843.0,835.0,169.0,20.05,20.24,97.89,155.0,19.4,91.72,,,0.0,,0.61,0.64,95.63,843.0,77.0,4.65,9.13,0.0,0.0,0.0,0.0,0.0,0.0,0.0,0.0,1.0,2025-07-01,7,2025,1.1612903225806452,0.24212903225806448,463.0653594771242,-94.625,0.7,0.002813167259786477,0.9905100830367735,5,高档
202507,6901028150378,泰山(望岳),一类烟,167.48,190.0,,,,,138.544,,,,167.48,0.036,0.032,843.0,4.0,4.0,0.47,100.0,88.89,4.0,100.0,100.0,,,0.0,,,,,,,,,,,,,,,,,,2025-07-01,7,2025,1.1344638165751135,,,,,,0.004744958481613286,5,高档
202507,6901028080224,钻石(硬特醇),四类烟,44.5,50.0,4.464,4.452,4.95285,11125.0,669.628,99.731183,3.308455,1.074539,44.5,,,843.0,,,0.0,,,,,,,,,,4.45,4.46,99.73,843.0,444.0,24.18,52.67,0.0,0.0,0.0,0.0,0.0,0.0,0.0,0.0,7.0,2025-07-01,7,2025,1.1235955056179776,0.2169536731376884,150.41060197663973,-98.731183,inf,0.00587526690391459,,3,中档
202507,6901028184304,黄鹤楼(硬平安),一类烟,720.8,1000.0,0.008,0.0,0.0,,60.952,0.0,0.0,0.0,720.8,68.808,68.472,843.0,843.0,842.0,99.88,99.88,99.51,840.0,99.25,99.76,,,0.0,,,,,,,,,,,,,,,,,,2025-07-01,7,2025,1.3873473917869035,,,1.0,,0.0,1.0,5,高档
202507,8888075024037,555(冰炫),一类烟,216.05,240.0,0.564,0.56,3.0247,54012.5,222.628,99.29078,1.995061,0.681669,216.05,0.032,0.032,843.0,4.0,4.0,0.47,100.0,100.0,4.0,100.0,100.0,,,0.0,,0.56,0.56,99.29,843.0,66.0,4.04,7.83,4.0,0.0,0.0,0.0,6.06,0.0,0.0,0.0,66.0,2025-07-01,7,2025,1.11085396898866,0.22536747446027702,397.54999999999995,-98.29078,,0.0035880189798339268,0.004744958481613286,5,高档
202507,6901028187343,黄鹤楼(硬8度),一类烟,158.0,180.0,0.032,0.032,0.1264,39500.0,358.048,100.0,0.081256,0.030604,158.0,,,843.0,,,0.0,,,,,,,,,,0.03,0.03,100.0,843.0,4.0,0.2,0.47,0.0,0.0,0.0,0.0,0.0,0.0,0.0,0.0,,2025-07-01,7,2025,1.139240506329114,0.24212025316455693,11189.0,-99.0,-0.9298245614035088,0.00014994068801897986,,5,高档
202507,6901028012003,真龙(凌云),二类烟,121.9,150.0,0.356,0.336,1.02396,30475.0,282.392,94.382022,0.658224,0.247926,121.9,0.236,0.224,843.0,63.0,25.0,2.97,39.68,94.92,25.0,41.79,100.0,,,0.0,,0.34,0.36,94.38,843.0,42.0,2.2,4.98,0.0,0.0,0.0,0.0,0.0,0.0,0.0,0.0,,2025-07-01,7,2025,1.2305168170631664,0.24212469237079576,840.4523809523808,-93.382022,-0.8278688524590163,0.001214661921708185,0.07473309608540925,5,高档
202507,8888075005524,555金·锐,二类烟,137.8,160.0,,,,,58.688,,,,137.8,0.032,0.032,843.0,4.0,4.0,0.47,100.0,100.0,4.0,100.0,100.0,,,0.0,,,,,,,,,,,,,,,,,,2025-07-01,7,2025,1.1611030478955007,,,,,,0.004744958481613286,5,高档
202507,6901028062329,南京(十二钗烤烟),一类烟,243.8,280.0,,,,,121.944,,,,243.8,4.432,4.304,843.0,547.0,538.0,63.82,98.35,97.11,538.0,98.35,100.0,,,0.0,,,,,,,,,,,,,,,,,,2025-07-01,7,2025,1.1484823625922886,,,,,,0.6488730723606169,5,高档
202507,6901028123266,黄山(硬记忆),三类烟,88.0,100.0,0.008,0.0,0.0,,469.248,0.0,0.0,0.0,88.0,,,843.0,,,0.0,,,,,,,,,,,,,,,,,,,,,,,,,,2025-07-01,7,2025,1.1363636363636365,,,1.0,-1.0,0.0,,4,中高档
202507,6901028075022,中华(软),一类烟,583.0,700.0,0.04,0.032,0.4664,145750.0,185.256,80.0,0.268695,0.144049,583.0,,,843.0,,,0.0,,,,,,,,,,0.03,0.04,80.0,843.0,4.0,0.2,0.47,0.0,0.0,0.0,0.0,0.0,0.0,0.0,0.0,,2025-07-01,7,2025,1.2006861063464838,0.3088529159519726,5789.25,-79.0,0.0,0.0005532621589561091,,5,高档
202507,6901028071475,中南海(5mg),二类烟,114.5,130.0,0.228,0.228,0.65265,28625.0,168.952,100.0,0.419549,0.158004,114.5,,,843.0,,,0.0,,,,,,,,,,0.23,0.23,100.0,843.0,29.0,2.56,3.44,0.0,0.0,0.0,0.0,0.0,0.0,0.0,0.0,29.0,2025-07-01,7,2025,1.1353711790393013,0.24209606986899565,741.0175438596491,-99.0,0.78125,0.0007741992882562277,,5,高档
202507,6901028225175,黄山(新制皖烟),二类烟,121.9,140.0,0.464,0.448,1.36528,30475.0,1320.556,96.551724,0.877634,0.330566,121.9,,,843.0,,,0.0,,,,,,,,,,0.45,0.46,96.55,843.0,56.0,2.97,6.64,0.0,0.0,0.0,0.0,0.0,0.0,0.0,0.0,,2025-07-01,7,2025,1.1484823625922886,0.24212322746982304,2947.6696428571427,-95.551724,-0.7516629711751663,0.0016195492289442469,,5,高档
202507,6901028181457,黄鹤楼(硬峡谷柔情),一类烟,263.0,300.0,4.964,4.896,32.1912,65750.0,810.792,98.630137,18.545767,9.942175,263.0,0.008,0.0,843.0,,,0.0,,0.0,,,,,,,,4.9,4.96,98.63,843.0,339.0,28.53,40.21,171.0,38.0,0.0,0.0,50.44,11.21,0.0,0.0,5.0,2025-07-01,7,2025,1.1406844106463878,0.30884760431422253,165.6029411764706,-97.630137,13.926829268292682,0.03818647686832741,,5,高档
202507,6901028247375,双喜(春天·咖路里),一类烟,225.0,260.0,0.032,0.032,0.18,56250.0,51.98,100.0,0.109704,0.049588,225.0,3.432,3.42,843.0,473.0,428.0,50.77,90.49,99.65,427.0,90.38,99.77,,,0.0,,0.03,0.03,100.0,843.0,4.0,0.2,0.47,0.0,0.0,0.0,0.0,0.0,0.0,0.0,0.0,4.0,2025-07-01,7,2025,1.1555555555555554,0.2754888888888889,1624.3749999999998,-99.0,,0.00021352313167259787,0.561091340450771,5,高档
202507,6901028241410,黄鹤楼(视窗),一类烟,300.0,350.0,,,,,67.392,,,,300.0,0.064,0.0,843.0,,,0.0,,0.0,,,,,,,,,,,,,,,,,,,,,,,,2025-07-01,7,2025,1.1666666666666667,,,,,,,5,高档
202507,6901028125888,黄山(徽商新视界细支),一类烟,678.4,800.0,,,,,2.228,,,,678.4,0.28,0.28,843.0,61.0,31.0,3.68,50.82,100.0,30.0,48.61,96.77,,,0.0,,,,,,,,,,,,,,,,,,2025-07-01,7,2025,1.179245283018868,,,,,,0.07236061684460261,5,高档
202507,6901028095891,黄果树(长征),三类烟,61.5,70.0,0.008,0.0,0.0,,106.324,0.0,0.0,0.0,61.5,0.152,0.152,843.0,21.0,19.0,2.25,90.48,100.0,19.0,90.48,100.0,,,0.0,,,,,,,,,,,,,,,,,,2025-07-01,7,2025,1.1382113821138211,,,1.0,,0.0,0.02491103202846975,3,中档
202507,6901028936477,好猫(猴王磨砂),三类烟,106.0,120.0,0.168,0.168,0.4074,24250.0,43.1,100.0,0.26187,0.098658,106.0,0.032,0.032,843.0,4.0,4.0,0.47,100.0,100.0,4.0,100.0,100.0,,,0.0,,0.17,0.17,100.0,843.0,21.0,1.07,2.49,0.0,0.0,0.0,0.0,0.0,0.0,0.0,0.0,,2025-07-01,7,2025,1.1320754716981132,0.24216494845360825,256.54761904761904,-99.0,-0.6440677966101694,0.00048327402135231316,0.004744958481613286,5,高档
202507,6901028145077,娇子(宽窄好运细支),一类烟,225.0,260.0,0.996,0.988,5.5575,56250.0,187.476,99.196787,3.387591,1.53055,225.0,0.16,0.16,843.0,40.0,22.0,2.61,55.0,100.0,18.0,50.0,81.82,,,0.0,,0.99,1.0,99.2,843.0,124.0,9.61,14.71,0.0,0.0,0.0,0.0,0.0,0.0,0.0,0.0,,2025-07-01,7,2025,1.1555555555555554,0.2754026090868196,189.75303643724698,-98.196787,-0.07142857142857151,0.006592526690391459,0.04744958481613286,5,高档
202507,6901028179348,黄鹤楼(软红),一类烟,227.9,260.0,18.432,18.232,103.87682,56975.0,3245.988,98.914931,63.309198,28.617576,227.9,0.008,0.0,843.0,,,0.0,,0.0,,,,,,,,18.23,18.43,98.91,843.0,763.0,67.23,90.51,413.0,0.0,0.0,0.0,54.13,0.0,0.0,0.0,13.0,2025-07-01,7,2025,1.1408512505484862,0.2754953029944506,178.03795524352785,-97.914931,inf,0.12322279952550415,,5,高档
202507,6901028172936,黄金叶(乐途硬),一类烟,175.0,200.0,1.48,1.468,6.4225,43750.0,194.936,99.189189,3.91423,1.76932,175.0,0.004,0.0,843.0,,,0.0,,0.0,,,,,,,,1.47,1.48,99.19,843.0,188.0,15.8,22.3,0.0,0.0,0.0,0.0,0.0,0.0,0.0,0.0,2.0,2025-07-01,7,2025,1.1428571428571428,0.2754877384196185,132.79019073569484,-98.189189,60.166666666666664,0.0076186239620403325,,5,高档
202507,6901028180580,黄鹤楼(软蓝),一类烟,164.3,190.0,71.912,71.344,293.04548,41075.0,11569.248,99.210146,188.386,70.946177,164.3,,,843.0,,,0.0,,,,,,,,,,71.34,71.91,99.21,843.0,843.0,99.95,100.0,835.0,271.0,0.0,0.0,99.05,32.15,0.0,0.0,6.0,2025-07-01,7,2025,1.1564211807668898,0.24209954372952625,162.16147118187936,-98.210146,3.136363636363636,0.34762215895610915,,5,高档
202507,6901028315432,红塔山(硬经典100),三类烟,97.0,110.0,0.016,0.0,0.0,,474.404,0.0,0.0,0.0,97.0,0.64,0.612,843.0,91.0,77.0,9.13,84.62,95.63,76.0,84.07,98.7,,,0.0,,,,,,,,,,,,,,,,,,2025-07-01,7,2025,1.134020618556701,,,1.0,-1.0,0.0,0.10794780545670225,4,中高档
202507,8888075074865,建牌(薄荷紫冰),一类烟,257.75,300.0,,,,,10.728,,,,257.75,,,843.0,,,0.0,,,,,,,,,,,,,,,,,,,,,,,,,,2025-07-01,7,2025,1.1639185257032008,,,,,,,5,高档
202507,6901028165242,黄金叶(爱尚),二类烟,139.92,160.0,0.096,0.096,0.335808,34980.0,259.18,100.0,0.21588,0.0813,139.92,,,843.0,,,0.0,,,,,,,,,,0.1,0.1,100.0,843.0,12.0,0.66,1.42,0.0,0.0,0.0,0.0,0.0,0.0,0.0,0.0,,2025-07-01,7,2025,1.1435105774728418,0.2421026300743282,2699.7916666666665,-99.0,-0.4285714285714286,0.0003983487544483986,,5,高档
202507,6901028340618,云烟(小熊猫家园),一类烟,158.0,200.0,,,,,0.0096,,,,,,,,,,,,,,,,,,,,,,,,,,,,,,,,,,,,2025-07-01,7,2025,1.2658227848101267,,,,,,,5,高档
202507,6901028314459,玉溪(硬和谐),一类烟,339.2,400.0,1.324,1.296,10.99008,84800.0,27.596,97.885196,6.330961,3.394716,339.2,4.96,4.936,843.0,797.0,507.0,60.14,63.61,99.52,498.0,63.35,98.22,,,0.0,,1.3,1.32,97.89,843.0,169.0,42.69,20.05,0.0,0.0,0.0,0.0,0.0,0.0,0.0,0.0,136.0,2025-07-01,7,2025,1.179245283018868,0.30888910726764496,21.29320987654321,-96.885196,39.5,0.013036868327402137,0.9454329774614472,5,高档
202507,6901028178105,黄鹤楼(硬天下胜景),一类烟,212.0,260.0,,,,,80.636,,,,212.0,,,843.0,,,0.0,,,,,,,,,,,,,,,,,,,,,,,,,,2025-07-01,7,2025,1.2264150943396226,,,,,,,5,高档
202507,6901028104692,龙烟(呈祥),二类烟,129.3,150.0,,,,,0.0,,,,,,,,,,,,,,,,,,,,,,,,,,,,,,,,,,,,2025-07-01,7,2025,1.160092807424594,,,,,,,5,高档
202507,6901028018630,中华(金中支),一类烟,678.4,800.0,0.004,0.0,0.0,,39.56,0.0,0.0,0.0,678.4,,,843.0,,,0.0,,,,,,,,,,,,,,,,,,,,,,,,,,2025-07-01,7,2025,1.179245283018868,,,1.0,-1.0,0.0,,5,高档
202507,6901028159548,泰山(硬红八喜),三类烟,57.24,65.0,4.216,4.208,6.021648,14310.0,756.524,99.810247,3.87136,1.457546,57.24,0.204,0.2,843.0,21.0,21.0,2.49,100.0,98.04,21.0,100.0,100.0,,,0.0,,4.21,4.22,99.81,843.0,401.0,24.18,47.57,0.0,0.0,0.0,0.0,0.0,0.0,0.0,0.0,8.0,2025-07-01,7,2025,1.1355695317959469,0.24205101327742837,179.78231939163499,-98.810247,-0.28870858688302914,0.00714311743772242,0.02491103202846975,3,中档
202507,6901028143448,万宝路(软红2.0),二类烟,143.1,160.0,,,,,76.764,,,,143.1,,,843.0,,,0.0,,,,,,,,,,,,,,,,,,,,,,,,,,2025-07-01,7,2025,1.1180992313067786,,,,,,,5,高档
202507,6901028218184,黄鹤楼(感恩中支),一类烟,225.0,260.0,0.008,0.0,0.0,,211.152,0.0,0.0,0.0,225.0,0.04,0.032,843.0,4.0,4.0,0.47,100.0,80.0,4.0,100.0,100.0,,,0.0,,,,,,,,,,,,,,,,,,2025-07-01,7,2025,1.1555555555555554,,,1.0,,0.0,0.004744958481613286,5,高档
202507,6901028092838,人民大会堂(硬红细支),二类烟,139.92,160.0,,,,,185.004,,,,139.92,0.208,0.208,843.0,28.0,26.0,3.08,92.86,100.0,26.0,92.86,100.0,,,0.0,,,,,,,,,,,,,,,,,,2025-07-01,7,2025,1.1435105774728418,,,,,,0.033214709371293,5,高档
202507,6901028331296,云烟(黑金刚印象),一类烟,466.4,600.0,,,,,0.016,,,,466.4,5.444,5.42,843.0,842.0,677.0,80.31,80.4,99.56,670.0,80.08,98.97,,,0.0,,,,,,,,,,,,,,,,,,2025-07-01,7,2025,1.2864493996569468,,,,,,0.9988137603795967,5,高档
202507,6901028080521,钻石(细支荷花),一类烟,360.4,420.0,,,,,52.532,,,,360.4,0.032,0.032,843.0,4.0,4.0,0.47,100.0,100.0,4.0,100.0,100.0,,,0.0,,,,,,,,,,,,,,,,,,2025-07-01,7,2025,1.165371809100999,,,,,,0.004744958481613286,5,高档
202507,6901028084925,长城(醇雅薄荷),一类烟,158.4,180.0,1.2924,1.2852,5.65488,44000.0,165.4272,99.442897,3.405787,1.598463,158.4,,,843.0,,,0.0,,,,,,,,,,1.29,1.29,99.44,843.0,181.0,12.88,21.47,0.0,0.0,0.0,0.0,0.0,0.0,0.0,0.0,181.0,2025-07-01,7,2025,1.1363636363636362,0.2826696587725999,128.7170868347339,-98.442897,0.25704225352112675,0.006708042704626335,,5,高档
202507,6901028207829,利群(休闲),一类烟,720.8,820.0,,,,,0.0,,,,,,,,,,,,,,,,,,,,,,,,,,,,,,,,,,,,2025-07-01,7,2025,1.1376248612652609,,,,,,,5,高档
202507,6901028111270,南京(炫赫门),二类烟,155.0,180.0,4.432,4.304,16.678,38750.0,315.784,97.111913,10.721373,4.038119,155.0,,,843.0,,,0.0,,,,,,,,,,4.3,4.43,97.11,843.0,538.0,27.97,63.82,0.0,0.0,0.0,0.0,0.0,0.0,0.0,0.0,2.0,2025-07-01,7,2025,1.1612903225806452,0.24212249670224245,73.36988847583642,-96.111913,-0.30714745653573716,0.019784104389086597,,5,高档
202507,6901028177214,冬虫夏草(和润),一类烟,424.0,500.0,0.028,0.024,0.2544,106000.0,94.564,85.714286,0.14655,0.078582,424.0,1.196,1.144,843.0,173.0,144.0,17.08,83.24,95.65,142.0,82.66,98.61,,,0.0,,0.02,0.03,85.71,843.0,3.0,0.2,0.36,0.0,0.0,0.0,0.0,0.0,0.0,0.0,0.0,3.0,2025-07-01,7,2025,1.179245283018868,0.30889150943396226,3940.1666666666665,-84.714286,,0.000301779359430605,0.20521945432977462,5,高档
202507,6901028339957,云烟(细支云龙),二类烟,129.3,150.0,5.444,5.42,17.52015,32325.0,1406.824,99.559148,11.26276,4.241824,129.3,9.732,9.704,843.0,817.0,795.0,94.31,97.31,99.71,795.0,96.65,100.0,,,0.0,,5.42,5.44,99.56,843.0,677.0,43.25,80.31,4.0,0.0,0.0,0.0,0.59,0.0,0.0,0.0,14.0,2025-07-01,7,2025,1.160092807424594,0.24211116913953362,259.5616236162362,-98.559148,inf,0.020783096085409253,0.9691577698695136,5,高档
202507,6901028177771,大青山(昭君和亲),二类烟,129.3,150.0,,,,,0.0,,,,,,,,,,,,,,,,,,,,,,,,,,,,,,,,,,,,2025-07-01,7,2025,1.160092807424594,,,,,,,5,高档
202507,6901028124058,黄山(黑马细支),一类烟,225.0,260.0,,,,,152.572,,,,225.0,,,843.0,,,0.0,,,,,,,,,,,,,,,,,,,,,,,,,,2025-07-01,7,2025,1.1555555555555554,,,,,,,5,高档
202507,6901028080446,钻石(硬蓝),三类烟,47.7,55.0,,,,,0.0,,,,,,,,,,,,,,,,,,,,,,,,,,,,,,,,,,,,2025-07-01,7,2025,1.1530398322851152,,,,,,,3,中档
202507,6901028204835,芙蓉王(硬中支),一类烟,263.0,300.0,0.18,0.168,1.1046,65750.0,365.536,93.333333,0.636304,0.341225,263.0,0.292,0.288,843.0,38.0,36.0,4.27,94.74,98.63,36.0,94.74,100.0,,,0.0,,0.17,0.18,93.33,843.0,21.0,1.07,2.49,0.0,0.0,0.0,0.0,0.0,0.0,0.0,0.0,,2025-07-01,7,2025,1.1406844106463878,0.30891272858953467,2175.809523809524,-92.333333,,0.0013103202846975089,0.045077105575326216,5,高档
202507,6901028224079,金圣(滕王阁·紫光),二类烟,129.3,150.0,0.208,0.2,0.6465,32325.0,579.032,96.153846,0.4156,0.156525,129.3,0.652,0.636,843.0,81.0,69.0,8.19,85.19,97.55,68.0,84.57,98.55,,,0.0,,0.2,0.21,96.15,843.0,25.0,1.28,2.97,0.0,0.0,0.0,0.0,0.0,0.0,0.0,0.0,,2025-07-01,7,2025,1.160092807424594,0.24211136890951276,2895.16,-95.153846,-0.930939226519337,0.0007669039145907473,0.09608540925266904,5,高档
202507,6901028942881,双喜(硬精品好日子),三类烟,93.28,110.0,0.008,0.0,0.0,,45.624,0.0,0.0,0.0,93.28,0.2,0.192,843.0,21.0,20.0,2.37,95.24,96.0,20.0,96.0,100.0,,,0.0,,,,,,,,,,,,,,,,,,2025-07-01,7,2025,1.179245283018868,,,1.0,,0.0,0.02491103202846975,4,中高档
202507,6901028092432,人民大会堂(红细支),一类烟,225.0,260.0,0.032,0.032,0.18,56250.0,50.724,100.0,0.109704,0.049588,225.0,,,843.0,,,0.0,,,,,,,,,,0.03,0.03,100.0,843.0,4.0,0.2,0.47,0.0,0.0,0.0,0.0,0.0,0.0,0.0,0.0,4.0,2025-07-01,7,2025,1.1555555555555554,0.2754888888888889,1585.1249999999998,-99.0,,0.00021352313167259787,,5,高档
202507,6901028221450,贵烟(跨越),一类烟,201.4,230.0,0.316,0.304,1.53064,50350.0,598.096,96.202532,0.932824,0.421724,201.4,,,843.0,,,0.0,,,,,,,,,,0.3,0.32,96.2,843.0,38.0,1.94,4.51,0.0,0.0,0.0,0.0,0.0,0.0,0.0,0.0,,2025-07-01,7,2025,1.1420059582919562,0.27552135054617677,1967.421052631579,-95.202532,inf,0.00181570581257414,,5,高档
202507,6901028185912,黄鹤楼(硬红),一类烟,190.8,220.0,68.808,68.472,326.61144,47700.0,4509.952,99.511685,199.049637,89.987059,190.8,0.032,0.032,843.0,4.0,4.0,0.47,100.0,100.0,4.0,100.0,100.0,,,0.0,,68.47,68.81,99.51,843.0,842.0,99.95,99.88,836.0,271.0,0.0,0.0,99.29,32.19,0.0,0.0,6.0,2025-07-01,7,2025,1.1530398322851152,0.2755171680453079,65.86563850917165,-98.511685,3.3031674208144794,0.3874394306049822,0.004744958481613286,5,高档
202507,6901028009744,双喜(勿忘我),一类烟,175.0,200.0,1.104,1.072,4.69,43750.0,38.132,97.101449,2.85822,1.292167,175.0,1.008,1.008,843.0,352.0,129.0,15.3,36.65,100.0,123.0,35.8,95.35,,,0.0,,1.07,1.1,97.1,843.0,118.0,16.41,14.0,21.0,0.0,0.0,0.0,17.8,0.0,0.0,0.0,107.0,2025-07-01,7,2025,1.1428571428571428,0.27551535181236675,35.57089552238806,-96.101449,-0.3232323232323232,0.005563463819691578,0.41755634638196915,5,高档
202507,6901028075053,牡丹(软),二类烟,121.9,140.0,3.816,3.744,11.40984,30475.0,441.84,98.113208,7.335112,2.761989,121.9,,,843.0,,,0.0,,,,,,,,,,3.74,3.82,98.11,843.0,469.0,24.95,55.63,0.0,0.0,0.0,0.0,0.0,0.0,0.0,0.0,6.0,2025-07-01,7,2025,1.1484823625922886,0.24207079152731323,118.0128205128205,-97.113208,-0.4879649890590809,0.013534804270462634,,5,高档
202507,6901028065504,兰州(硬珍品),二类烟,155.0,180.0,,,,,233.06,,,,155.0,0.82,0.804,843.0,60.0,51.0,6.05,85.0,98.05,50.0,81.71,98.04,,,0.0,,,,,,,,,,,,,,,,,,2025-07-01,7,2025,1.1612903225806452,,,,,,0.0711743772241993,5,高档
202507,6901028942911,双喜(软珍品好日子),二类烟,137.8,160.0,0.2,0.192,0.66144,34450.0,122.7,96.0,0.425184,0.160152,137.8,0.028,0.024,843.0,4.0,3.0,0.36,75.0,85.71,3.0,75.0,100.0,,,0.0,,0.19,0.2,96.0,843.0,20.0,1.28,2.37,4.0,0.0,0.0,0.0,20.0,0.0,0.0,0.0,,2025-07-01,7,2025,1.1611030478955007,0.2421262699564586,639.0625,-95.0,,0.000784626334519573,0.004744958481613286,5,高档
202507,6901028211352,七匹狼(纯境),二类烟,143.1,160.0,6.264,6.216,22.23774,35775.0,701.5,99.233716,14.295492,5.383588,143.1,,,843.0,,,0.0,,,,,,,,,,6.22,6.26,99.23,843.0,774.0,43.25,91.81,4.0,0.0,0.0,0.0,0.52,0.0,0.0,0.0,26.0,2025-07-01,7,2025,1.1180992313067786,0.2420924068722811,112.85392535392535,-98.233716,2.6824644549763037,0.026379288256227755,,5,高档
202507,6901028225113,黄山(金皖烟),一类烟,248.04,280.0,,,,,61.192,,,,,,,,,,,,,,,,,,,,,,,,,,,,,,,,,,,,2025-07-01,7,2025,1.128850185453959,,,,,,,5,高档
202507,6901028062015,苏烟(五星红杉树),一类烟,188.68,220.0,0.512,0.488,2.301896,47170.0,119.928,95.3125,1.402908,0.634187,188.68,0.008,0.0,843.0,,,0.0,,0.0,,,,,,,,0.49,0.51,95.31,843.0,61.0,3.37,7.24,0.0,0.0,0.0,0.0,0.0,0.0,0.0,0.0,,2025-07-01,7,2025,1.165995336018656,0.275506365187654,245.75409836065575,-94.3125,1.9047619047619047,0.002730600237247924,,5,高档
202507,6901028227285,天子(金),一类烟,167.48,200.0,0.82,0.804,3.366348,41870.0,644.288,98.04878,2.163972,0.815049,167.48,0.412,0.408,843.0,56.0,51.0,6.05,91.07,99.03,51.0,91.07,100.0,,,0.0,,0.8,0.82,98.05,843.0,51.0,6.29,6.05,33.0,18.0,0.0,0.0,64.71,35.29,0.0,0.0,,2025-07-01,7,2025,1.1941724385001196,0.2421166795589761,801.3532338308457,-97.04878,-0.8003972194637536,0.0039932953736654805,0.066429418742586,5,高档
202507,6901028042215,娇子(宽窄平安中支),一类烟,339.2,400.0,,,,,62.624,,,,,,,,,,,,,,,,,,,,,,,,,,,,,,,,,,,,2025-07-01,7,2025,1.179245283018868,,,,,,,5,高档
202507,6901028314985,红塔山(硬经典),三类烟,75.0,85.0,9.732,9.704,18.195,18750.0,239.828,99.712289,11.69575,4.405612,75.0,0.016,0.0,843.0,,,0.0,,0.0,,,,,,,,9.7,9.73,99.71,843.0,795.0,64.16,94.31,420.0,0.0,0.0,0.0,52.83,0.0,0.0,0.0,10.0,2025-07-01,7,2025,1.1333333333333333,0.24213311349271777,24.71434460016488,-98.712289,4.054166666666667,0.021583629893238435,,4,中高档
202507,8888075056014,555 (金天越),二类烟,119.09,140.0,0.032,0.032,0.095272,29772.5,25.52,100.0,0.062839,0.021473,119.09,,,843.0,,,0.0,,,,,,,,,,0.03,0.03,100.0,843.0,4.0,0.2,0.47,0.0,0.0,0.0,0.0,0.0,0.0,0.0,0.0,,2025-07-01,7,2025,1.175581492988496,0.22538626249055335,797.5,-99.0,,0.00011301542111506524,,5,高档
202507,6901028936750,好猫(长乐),二类烟,121.9,140.0,0.032,0.032,0.09752,30475.0,243.22,100.0,0.062688,0.023612,121.9,,,843.0,,,0.0,,,,,,,,,,0.03,0.03,100.0,843.0,4.0,0.2,0.47,0.0,0.0,0.0,0.0,0.0,0.0,0.0,0.0,,2025-07-01,7,2025,1.1484823625922886,0.24212469237079576,7600.625,-99.0,-0.8,0.00011568208778173191,,5,高档
202507,6901028190602,黄鹤楼(软雪之景),二类烟,121.9,140.0,4.54,4.488,13.67718,30475.0,538.02,98.854626,8.791992,3.311583,121.9,,,843.0,,,0.0,,,,,,,,,,4.49,4.54,98.85,843.0,487.0,28.94,57.77,74.0,0.0,0.0,0.0,15.2,0.0,0.0,0.0,5.0,2025-07-01,7,2025,1.1484823625922886,0.24212469237079576,119.87967914438501,-97.854626,-0.31207847946045364,0.016224412811387902,,5,高档
202507,6901028180009,黄鹤楼(软珍品),一类烟,530.0,650.0,0.008,0.0,0.0,,320.708,0.0,0.0,0.0,530.0,71.912,71.344,843.0,843.0,843.0,100.0,100.0,99.21,840.0,99.3,99.64,,,0.0,,,,,,,,,,,,,,,,,,2025-07-01,7,2025,1.2264150943396226,,,1.0,,0.0,1.0,5,高档
202507,6901028138536,七匹狼(软灰),一类烟,185.5,210.0,0.032,0.032,0.1484,46375.0,152.76,100.0,0.09045,0.040878,185.5,6.18,6.16,843.0,668.0,637.0,75.56,95.36,99.68,637.0,94.02,100.0,,,0.0,,0.03,0.03,100.0,843.0,4.0,0.2,0.47,0.0,0.0,0.0,0.0,0.0,0.0,0.0,0.0,,2025-07-01,7,2025,1.1320754716981132,0.2754582210242587,4773.75,-99.0,inf,0.00017603795966785292,0.7924080664294187,5,高档
202507,6901028107150,钻石(双中支荷花),一类烟,381.6,450.0,0.032,0.032,0.30528,95400.0,10.264,100.0,0.175901,0.094259,381.6,0.16,0.152,843.0,19.0,19.0,2.25,100.0,95.0,19.0,100.0,100.0,,,0.0,,0.03,0.03,100.0,843.0,4.0,0.2,0.47,0.0,0.0,0.0,0.0,0.0,0.0,0.0,0.0,,2025-07-01,7,2025,1.1792452830188678,0.30876244758909854,320.75,-99.0,0.0,0.00036213523131672595,0.022538552787663108,5,高档
202507,6901028118828,利群(长嘴),一类烟,190.8,220.0,0.032,0.032,0.15264,47700.0,517.796,100.0,0.093074,0.042006,190.8,,,843.0,,,0.0,,,,,,,,,,0.03,0.03,100.0,843.0,4.0,0.2,0.47,0.0,0.0,0.0,0.0,0.0,0.0,0.0,0.0,,2025-07-01,7,2025,1.1530398322851152,0.27519654088050316,16181.125000000002,-99.0,inf,0.00018106761565836297,,5,高档
202507,6901028045919,云烟(软珍品),一类烟,206.7,230.0,0.424,0.416,2.14968,51675.0,530.196,98.113208,1.310094,0.592274,206.7,0.04,0.032,843.0,4.0,4.0,0.47,100.0,80.0,4.0,100.0,100.0,,,0.0,,0.42,0.42,98.11,843.0,52.0,2.71,6.17,0.0,0.0,0.0,0.0,0.0,0.0,0.0,0.0,,2025-07-01,7,2025,1.1127237542331883,0.2755172862937739,1274.5096153846155,-97.113208,inf,0.002550035587188612,0.004744958481613286,5,高档
202507,6901028057080,双喜(硬晶彩好日子),一类烟,158.0,180.0,,,,,102.556,,,,158.0,0.008,0.0,843.0,,,0.0,,0.0,,,,,,,,,,,,,,,,,,,,,,,,2025-07-01,7,2025,1.139240506329114,,,,,,,5,高档
202507,6901028119009,利群(西子阳光),一类烟,275.6,310.0,,,,,92.016,,,,275.6,,,843.0,,,0.0,,,,,,,,,,,,,,,,,,,,,,,,,,2025-07-01,7,2025,1.1248185776487662,,,,,,,5,高档
202507,6901028141147,七匹狼(蓝),三类烟,71.0,80.0,6.18,6.16,10.28412,16695.0,1318.312,99.676375,6.61122,2.48941,71.0,,,843.0,,,0.0,,,,,,,,,,6.16,6.18,99.68,843.0,637.0,41.87,75.56,133.0,0.0,0.0,0.0,20.88,0.0,0.0,0.0,8.0,2025-07-01,7,2025,1.1267605633802817,0.24206349206349206,214.0116883116883,-98.676375,1.6369863013698631,0.012199430604982206,,4,中高档
202507,6901028111546,南京(雨花石),一类烟,455.8,530.0,,,,,41.732,,,,455.8,,,843.0,,,0.0,,,,,,,,,,,,,,,,,,,,,,,,,,2025-07-01,7,2025,1.1627906976744187,,,,,,,5,高档
202507,6901028098335,长白山(蓝尚),一类烟,158.0,180.0,0.208,0.208,0.8216,39500.0,119.684,100.0,0.528169,0.198921,158.0,,,843.0,,,0.0,,,,,,,,,,0.21,0.21,100.0,843.0,26.0,1.43,3.08,0.0,0.0,0.0,0.0,0.0,0.0,0.0,0.0,13.0,2025-07-01,7,2025,1.139240506329114,0.2421141674780915,575.4038461538462,-99.0,,0.0009746144721233689,,5,高档
202507,6901028165921,黄金叶(小目标),二类烟,121.9,140.0,,,,,0.0,,,,,,,,,,,,,,,,,,,,,,,,,,,,,,,,,,,,2025-07-01,7,2025,1.1484823625922886,,,,,,,5,高档
202507,6901028104302,龙烟(老巴夺传琦),一类烟,225.0,260.0,0.28,0.28,1.575,56250.0,86.128,100.0,0.95991,0.433896,225.0,,,843.0,,,0.0,,,,,,,,,,0.28,0.28,100.0,843.0,36.0,5.27,4.27,0.0,0.0,0.0,0.0,0.0,0.0,0.0,0.0,7.0,2025-07-01,7,2025,1.1555555555555554,0.2754895238095238,307.59999999999997,-99.0,-0.7058823529411764,0.0018683274021352313,,5,高档
202507,6901028075015,中华(硬),一类烟,381.6,450.0,0.04,0.032,0.30528,95400.0,282.836,80.0,0.175938,0.094222,381.6,0.04,0.032,843.0,4.0,4.0,0.47,100.0,80.0,4.0,100.0,100.0,,,0.0,,0.03,0.04,80.0,843.0,4.0,0.2,0.47,0.0,0.0,0.0,0.0,0.0,0.0,0.0,0.0,,2025-07-01,7,2025,1.1792452830188678,0.3086412473794549,8838.625,-79.0,-0.9365079365079365,0.00036213523131672595,0.004744958481613286,5,高档
202507,6901028224642,金圣(青瓷),一类烟,158.0,180.0,0.652,0.636,2.5122,39500.0,169.104,97.546012,1.614973,0.608244,158.0,0.06,0.06,843.0,354.0,8.0,0.95,2.26,100.0,7.0,2.04,87.5,,,0.0,,0.64,0.65,97.55,843.0,69.0,4.81,8.19,11.0,0.0,0.0,0.0,15.94,0.0,0.0,0.0,,2025-07-01,7,2025,1.139240506329114,0.24211607356102222,265.8867924528302,-96.546012,0.31404958677685957,0.0029800711743772244,0.4199288256227758,5,高档
202507,6901028164177,红旗渠(雪茄),四类烟,44.5,50.0,0.004,0.0,0.0,,0.036,0.0,0.0,0.0,44.5,1.792,1.784,843.0,244.0,224.0,26.57,91.8,99.55,222.0,91.39,99.11,,,0.0,,,,,,,,,,,,,,,,,,2025-07-01,7,2025,1.1235955056179776,,,1.0,,0.0,0.28944246737841045,3,中档
202507,6901028191142,白沙(硬),三类烟,71.0,80.0,0.016,0.0,0.0,,413.052,0.0,0.0,0.0,71.0,,,843.0,,,0.0,,,,,,,,,,,,,,,,,,,,,,,,,,2025-07-01,7,2025,1.1267605633802817,,,1.0,,0.0,,4,中高档
202507,6901028188081,黄鹤楼(硬银紫),二类烟,114.5,130.0,4.904,4.88,13.969,28625.0,714.936,99.510604,8.979624,3.382026,114.5,,,843.0,,,0.0,,,,,,,,,,4.88,4.9,99.51,843.0,557.0,33.84,66.07,53.0,0.0,0.0,0.0,9.52,0.0,0.0,0.0,6.0,2025-07-01,7,2025,1.1353711790393013,0.24210938506693394,146.5032786885246,-98.510604,-0.131054131054131,0.016570581257413997,,5,高档
202507,6901028084321,娇子(软阳光),三类烟,88.0,100.0,0.004,0.0,0.0,,1323.476,0.0,0.0,0.0,88.0,0.188,0.184,843.0,19.0,19.0,2.25,100.0,97.87,19.0,100.0,100.0,,,0.0,,,,,,,,,,,,,,,,,,2025-07-01,7,2025,1.1363636363636365,,,1.0,-1.0,0.0,0.022538552787663108,4,中高档
202507,6901028189989,黄鹤楼(硬嘉禧缘),一类烟,167.48,200.0,,,,,31.876,,,,,,,,,,,,,,,,,,,,,,,,,,,,,,,,,,,,2025-07-01,7,2025,1.1941724385001196,,,,,,,5,高档
202507,6901028162876,黄金叶(喜满堂),三类烟,88.0,100.0,3.772,3.724,8.1928,22000.0,2273.5,98.727466,5.266869,1.983294,88.0,0.096,0.096,843.0,13.0,12.0,1.42,92.31,100.0,12.0,92.31,100.0,,,0.0,,3.72,3.77,98.73,843.0,466.0,24.18,55.28,0.0,0.0,0.0,0.0,0.0,0.0,0.0,0.0,7.0,2025-07-01,7,2025,1.1363636363636365,0.24207767796113658,610.499462943072,-97.727466,-0.25875796178343946,0.009718623962040332,0.01542111506524318,4,中高档
202507,6901028218757,黄鹤楼(硬蓝),一类烟,175.0,200.0,0.792,0.776,3.395,43750.0,241.08,97.979798,2.069063,0.935318,175.0,0.628,0.6,843.0,75.0,75.0,8.9,100.0,95.54,75.0,100.0,100.0,,,0.0,,0.78,0.79,97.98,843.0,97.0,5.11,11.51,0.0,0.0,0.0,0.0,0.0,0.0,0.0,0.0,,2025-07-01,7,2025,1.1428571428571428,0.2754986745213549,310.6701030927835,-96.979798,0.8301886792452831,0.0040272835112692765,0.08896797153024912,5,高档
202507,6901028102094,贵烟(红中支),一类烟,263.0,300.0,,,,,39.232,,,,263.0,0.636,0.624,843.0,81.0,78.0,9.25,96.3,98.11,78.0,96.3,100.0,,,0.0,,,,,,,,,,,,,,,,,,2025-07-01,7,2025,1.1406844106463878,,,,,,0.09608540925266904,5,高档
202507,6901028100274,长白山(777),二类烟,121.9,150.0,,,,,140.632,,,,121.9,6.888,6.78,843.0,842.0,743.0,88.14,88.24,98.43,740.0,88.37,99.6,,,0.0,,,,,,,,,,,,,,,,,,2025-07-01,7,2025,1.2305168170631664,,,,,,0.9988137603795967,5,高档
202507,6901028129725,都宝(天空蓝中支),一类烟,201.4,230.0,,,,,0.0,,,,,,,,,,,,,,,,,,,,,,,,,,,,,,,,,,,,2025-07-01,7,2025,1.1420059582919562,,,,,,,5,高档
202507,6901028179270,红金龙(软精品),三类烟,90.1,110.0,13.476,13.288,29.93122,22525.0,,,,,90.1,24.956,24.668,843.0,843.0,838.0,99.41,99.41,98.85,837.0,99.28,99.88,,,0.0,,13.29,13.48,98.6,843.0,843.0,75.77,100.0,639.0,0.0,0.0,0.0,75.8,0.0,0.0,0.0,6.0,2025-07-01,7,2025,1.2208657047724751,,,,-0.7118570561193511,0.0355055990510083,1.0,4,中高档
202508,6901028221351,贵烟(新贵),三类烟,93.28,110.0,0.008,0.0,0.0,,368.12,0.0,0.0,0.0,93.28,0.94,0.928,842.0,75.0,72.0,8.55,96.0,98.72,72.0,92.06,100.0,,,0.0,,,,,,,,,,,,,,,,,,2025-08-01,8,2025,1.179245283018868,,,1.0,-1.0,0.0,0.08907363420427554,4,中高档
202508,6901028219839,黄鹤楼(硬祝福),一类烟,167.48,200.0,,,,,0.0,,,,,,,,,,,,,,,,,,,,,,,,,,,,,,,,,,,,2025-08-01,8,2025,1.1941724385001196,,,,,,,5,高档
202508,6901028165921,黄金叶(小目标),二类烟,121.9,140.0,,,,,0.0,,,,,,,,,,,,,,,,,,,,,,,,,,,,,,,,,,,,2025-08-01,8,2025,1.1484823625922886,,,,,,,5,高档
202508,6901028104302,龙烟(老巴夺传琦),一类烟,225.0,260.0,0.38,0.18,1.0125,56250.0,67.58,47.368421,0.617085,0.278933,225.0,0.096,0.0,842.0,,,0.0,,0.0,,,,,,,,0.18,0.38,47.37,842.0,23.0,4.34,2.73,0.0,0.0,0.0,0.0,0.0,0.0,0.0,0.0,,2025-08-01,8,2025,1.1555555555555554,0.2754893827160494,375.44444444444446,-46.368421,-0.3571428571428572,0.0012024940617577197,,5,高档
202508,6901028098335,长白山(蓝尚),一类烟,158.0,180.0,0.456,0.248,0.9796,39500.0,78.692,54.385965,0.629737,0.237178,158.0,0.2,0.0,842.0,,,0.0,,0.0,,,,,,,,0.25,0.46,54.39,842.0,31.0,2.14,3.68,0.0,0.0,0.0,0.0,0.0,0.0,0.0,0.0,17.0,2025-08-01,8,2025,1.139240506329114,0.2421171906900776,317.3064516129032,-53.385965,0.1923076923076923,0.0011634204275534441,,5,高档
202508,6901028129725,都宝(天空蓝中支),一类烟,201.4,230.0,,,,,0.0,,,,,,,,,,,,,,,,,,,,,,,,,,,,,,,,,,,,2025-08-01,8,2025,1.1420059582919562,,,,,,,5,高档
202508,6901028001625,双喜(硬经典1906),二类烟,150.52,170.0,1.98,1.928,7.255064,37630.0,954.736,97.373737,4.663832,1.756644,150.52,0.472,0.428,842.0,62.0,54.0,6.41,87.1,90.68,53.0,86.29,98.15,,,0.0,,1.93,1.98,97.37,842.0,220.0,42.71,26.13,26.0,0.0,0.0,0.0,11.82,0.0,0.0,0.0,1.0,2025-08-01,8,2025,1.1294180175391975,0.24212660288041568,495.19502074688796,-96.373737,-0.5959765297569154,0.008616465558194774,0.07363420427553444,5,高档
202508,6901028151634,泰山(白将军),二类烟,114.5,130.0,1.004,0.996,2.85105,28625.0,169.74,99.203187,1.83264,0.690353,114.5,0.068,0.0,842.0,,,0.0,,0.0,,,,,,,,1.0,1.0,99.2,842.0,125.0,8.09,14.85,0.0,0.0,0.0,0.0,0.0,0.0,0.0,0.0,2.0,2025-08-01,8,2025,1.1353711790393013,0.2421399133652514,170.42168674698797,-98.203187,30.125,0.00338604513064133,,5,高档
202508,6901028107150,钻石(双中支荷花),一类烟,381.6,450.0,0.2,0.0,0.0,,9.68,0.0,0.0,0.0,381.6,0.2,0.0,842.0,,,0.0,,0.0,,,,,,,,,,,,,,,,,,,,,,,,2025-08-01,8,2025,1.1792452830188678,,,1.0,-1.0,0.0,,5,高档
202508,6901028079990,钻石(荷花),一类烟,275.6,320.0,1.34,1.12,7.7168,68900.0,220.588,83.58209,4.445294,2.383766,275.6,6.508,6.272,842.0,639.0,628.0,74.58,98.28,96.37,628.0,98.49,100.0,,,0.0,,1.12,1.34,83.58,842.0,140.0,8.39,16.63,0.0,0.0,0.0,0.0,0.0,0.0,0.0,0.0,1.0,2025-08-01,8,2025,1.1611030478955007,0.30890602322206095,196.9535714285714,-82.58209,1.4137931034482758,0.009164845605700713,0.7589073634204275,5,高档
202508,6901028940504,红金龙(硬新版),四类烟,44.5,50.0,10.244,10.14,11.28075,11125.0,2301.588,98.984772,7.53402,2.44881,44.5,0.028,0.0,842.0,,,0.0,,0.0,,,,,,,,10.14,10.24,98.98,842.0,724.0,76.09,85.99,544.0,0.0,0.0,0.0,75.14,0.0,0.0,0.0,,2025-08-01,8,2025,1.1235955056179776,0.21707865168539325,226.9810650887574,-97.984772,-0.813066882973232,0.013397565320665083,,3,中档
202508,6901028010115,中南海(典8),三类烟,97.0,110.0,0.2,0.0,0.0,,221.328,0.0,0.0,0.0,97.0,0.2,0.0,842.0,,,0.0,,0.0,,,,,,,,,,,,,,,,,,,,,,,,2025-08-01,8,2025,1.134020618556701,,,1.0,-1.0,0.0,,4,中高档
202508,6901028317177,玉溪(软),一类烟,201.4,230.0,2.184,2.14,10.7749,50350.0,1502.236,97.985348,6.566832,2.968473,201.4,11.324,11.184,842.0,811.0,799.0,94.89,98.52,98.76,799.0,98.62,100.0,,,0.0,,2.14,2.18,97.99,842.0,201.0,20.64,23.87,69.0,0.0,0.0,0.0,34.33,0.0,0.0,0.0,,2025-08-01,8,2025,1.1420059582919562,0.2754988909409832,701.9794392523364,-96.985348,-0.56645056726094,0.012796793349168646,0.9631828978622328,5,高档
202508,6901028042758,娇子(宽窄逍遥),一类烟,678.4,800.0,,,,,8.892,,,,678.4,1.168,1.144,842.0,842.0,154.0,18.29,18.29,97.95,147.0,14.73,95.45,,,0.0,,,,,,,,,,,,,,,,,,2025-08-01,8,2025,1.179245283018868,,,,,,1.0,5,高档
202508,6901028937832,好猫(长乐九美),一类烟,175.0,200.0,0.404,0.376,1.645,43750.0,140.592,93.069307,1.00252,0.453219,175.0,0.012,0.0,842.0,,,0.0,,0.0,,,,,,,,0.38,0.4,93.07,842.0,41.0,8.33,4.87,0.0,0.0,0.0,0.0,0.0,0.0,0.0,0.0,16.0,2025-08-01,8,2025,1.1428571428571428,0.2755130699088146,373.91489361702133,-92.069307,-0.7620253164556963,0.0019536817102137768,,5,高档
202508,6901028207508,利群(软红长嘴),一类烟,190.8,220.0,0.12,0.032,0.15264,47700.0,35.9,26.666667,0.093026,0.042054,190.8,1.296,1.2,842.0,176.0,151.0,17.93,85.8,92.59,149.0,85.23,98.68,,,0.0,,0.03,0.12,26.67,842.0,4.0,0.24,0.48,0.0,0.0,0.0,0.0,0.0,0.0,0.0,0.0,,2025-08-01,8,2025,1.1530398322851152,0.2755110062893082,1121.875,-25.666667,-0.7894736842105263,0.00018128266033254155,0.20902612826603326,5,高档
202508,6901028218634,黄鹤楼(硬1916红爆),一类烟,720.8,1000.0,0.056,0.0,0.0,,23.424,0.0,0.0,0.0,720.8,0.028,0.0,842.0,,,0.0,,0.0,,,,,,,,,,,,,,,,,,,,,,,,2025-08-01,8,2025,1.3873473917869035,,,1.0,,0.0,,5,高档
202508,6901028005036,双喜(硬金五叶神),二类烟,121.9,140.0,0.472,0.428,1.30433,30475.0,491.052,90.677966,0.838452,0.315811,121.9,0.528,0.32,842.0,77.0,38.0,4.51,49.35,60.61,36.0,49.38,94.74,,,0.0,,0.43,0.47,90.68,842.0,54.0,3.69,6.41,0.0,0.0,0.0,0.0,0.0,0.0,0.0,0.0,,2025-08-01,8,2025,1.1484823625922886,0.24212507570936803,1147.3177570093458,-89.677966,3.115384615384616,0.001549085510688836,0.09144893111638955,5,高档
202508,6901028218153,黄鹤楼(金典中支),一类烟,381.6,450.0,0.036,0.0,0.0,,40.864,0.0,0.0,0.0,381.6,0.024,0.0,842.0,,,0.0,,0.0,,,,,,,,,,,,,,,,,,,,,,,,2025-08-01,8,2025,1.1792452830188678,,,1.0,,0.0,,5,高档
202508,6901028024976,娇子(X),三类烟,97.0,110.0,3.208,3.184,7.7212,24250.0,738.312,99.25187,4.96306,1.869804,97.0,3.544,3.516,842.0,472.0,443.0,52.61,93.86,99.21,436.0,93.11,98.42,,,0.0,,3.18,3.21,99.25,842.0,401.0,27.25,47.62,0.0,0.0,0.0,0.0,0.0,0.0,0.0,0.0,234.0,2025-08-01,8,2025,1.134020618556701,0.24216494845360825,231.88190954773867,-98.25187,0.7847533632286996,0.009170071258907363,0.5605700712589073,4,中高档
202508,6901028010771,中南海(冰耀中支),一类烟,201.4,230.0,0.2,0.0,0.0,,80.7,0.0,0.0,0.0,201.4,0.224,0.024,842.0,4.0,3.0,0.36,75.0,10.71,3.0,75.0,100.0,,,0.0,,,,,,,,,,,,,,,,,,2025-08-01,8,2025,1.1420059582919562,,,1.0,,0.0,0.004750593824228029,5,高档
202508,6901028187855,黄鹤楼(软1916),一类烟,848.0,1000.0,0.052,0.0,0.0,,25.772,0.0,0.0,0.0,848.0,0.748,0.688,842.0,57.0,52.0,6.18,91.23,91.98,52.0,93.48,100.0,,,0.0,,,,,,,,,,,,,,,,,,2025-08-01,8,2025,1.179245283018868,,,1.0,,0.0,0.06769596199524941,5,高档
202508,6901028150378,泰山(望岳),一类烟,167.48,190.0,0.096,0.0,0.0,,168.148,0.0,0.0,0.0,167.48,1.004,0.996,842.0,136.0,125.0,14.85,91.91,99.2,124.0,91.54,99.2,,,0.0,,,,,,,,,,,,,,,,,,2025-08-01,8,2025,1.1344638165751135,,,1.0,,0.0,0.16152019002375298,5,高档
202508,6901028160285,黄金叶(乐途),二类烟,121.9,140.0,5.596,5.516,16.81001,30475.0,1438.504,98.570407,10.805848,4.070119,121.9,0.072,0.0,842.0,,,0.0,,0.0,,,,,,,,5.52,5.6,98.57,842.0,469.0,53.42,55.7,225.0,0.0,0.0,0.0,47.97,0.0,0.0,0.0,6.0,2025-08-01,8,2025,1.1484823625922886,0.24212472211497796,260.78752719361853,-97.570407,2.5725388601036268,0.019964382422802848,,5,高档
202508,6901028138536,七匹狼(软灰),一类烟,185.5,210.0,0.008,0.0,0.0,,129.204,0.0,0.0,0.0,185.5,16.16,16.064,842.0,842.0,814.0,96.67,96.67,99.41,811.0,95.55,99.63,,,0.0,,,,,,,,,,,,,,,,,,2025-08-01,8,2025,1.1320754716981132,,,1.0,-1.0,0.0,1.0,5,高档
202508,6901028179270,红金龙(软精品),三类烟,90.1,110.0,6.724,6.524,14.69531,22525.0,2921.044,97.02558,9.446752,3.558025,90.1,28.316,28.056,842.0,842.0,836.0,99.29,99.29,99.08,835.0,99.22,99.88,,,0.0,,6.52,6.72,97.03,842.0,774.0,48.66,91.92,43.0,0.0,0.0,0.0,5.56,0.0,0.0,0.0,1.0,2025-08-01,8,2025,1.2208657047724751,0.2421197647412678,447.7381974248927,-96.02558,-0.5090307043949428,0.017452862232779098,1.0,4,中高档
202508,6901028314459,玉溪(硬和谐),一类烟,339.2,400.0,0.032,0.0,0.0,,22.452,0.0,0.0,0.0,339.2,2.184,2.14,842.0,261.0,201.0,23.87,77.01,97.99,196.0,77.09,97.51,,,0.0,,,,,,,,,,,,,,,,,,2025-08-01,8,2025,1.179245283018868,,,1.0,-1.0,0.0,0.30997624703087884,5,高档
202508,6901028058148,好猫(细支长乐),二类烟,139.92,160.0,0.296,0.272,0.951456,34980.0,194.984,91.891892,0.611663,0.230347,139.92,0.028,0.0,842.0,,,0.0,,0.0,,,,,,,,0.27,0.3,91.89,842.0,34.0,2.14,4.04,0.0,0.0,0.0,0.0,0.0,0.0,0.0,0.0,,2025-08-01,8,2025,1.1435105774728418,0.24209947701207413,716.8529411764706,-90.891892,7.5,0.0011299952494061758,,5,高档
202508,8888075034777,555(老版细支),一类烟,212.28,250.0,0.2,0.0,0.0,,18.852,0.0,0.0,0.0,212.28,0.2,0.0,842.0,,,0.0,,0.0,,,,,,,,,,,,,,,,,,,,,,,,2025-08-01,8,2025,1.1776898436027887,,,1.0,-1.0,0.0,,5,高档
202508,6901028942911,双喜(软珍品好日子),二类烟,137.8,160.0,0.176,0.144,0.49608,34450.0,127.696,81.818182,0.318888,0.120114,137.8,0.488,0.284,842.0,842.0,63.0,7.48,7.48,58.2,62.0,5.87,98.41,,,0.0,,0.14,0.18,81.82,842.0,18.0,1.19,2.14,0.0,0.0,0.0,0.0,0.0,0.0,0.0,0.0,,2025-08-01,8,2025,1.1611030478955007,0.2421262699564586,886.7777777777778,-80.818182,-0.2500000000000001,0.0005891686460807601,1.0,5,高档
202508,6901028046893,云烟(紫),二类烟,114.5,130.0,1.452,1.408,4.0304,28625.0,859.5,96.969697,2.590721,0.975919,114.5,0.016,0.0,842.0,,,0.0,,0.0,,,,,,,,1.41,1.45,96.97,842.0,176.0,11.01,20.9,0.0,0.0,0.0,0.0,0.0,0.0,0.0,0.0,1.0,2025-08-01,8,2025,1.1353711790393013,0.2421394898769353,610.440340909091,-95.969697,43.0,0.004786698337292162,,5,高档
202508,6901028084772,娇子(格调细支),二类烟,129.3,150.0,0.488,0.464,1.49988,32325.0,685.34,95.081967,0.964192,0.363138,129.3,0.008,0.0,842.0,,,0.0,,0.0,,,,,,,,0.46,0.49,95.08,842.0,58.0,3.81,6.89,0.0,0.0,0.0,0.0,0.0,0.0,0.0,0.0,,2025-08-01,8,2025,1.160092807424594,0.24211136890951276,1477.0258620689656,-94.081967,1.5217391304347827,0.001781330166270784,,5,高档
202508,6901028062329,南京(十二钗烤烟),一类烟,243.8,280.0,0.04,0.0,0.0,,138.36,0.0,0.0,0.0,243.8,8.0,7.908,842.0,683.0,658.0,78.15,96.34,98.85,655.0,97.2,99.54,,,0.0,,,,,,,,,,,,,,,,,,2025-08-01,8,2025,1.1484823625922886,,,1.0,,0.0,0.8111638954869359,5,高档
202508,6901028123266,黄山(硬记忆),三类烟,88.0,100.0,0.096,0.0,0.0,,266.124,0.0,0.0,0.0,88.0,0.208,0.128,842.0,13.0,12.0,1.43,92.31,61.54,12.0,94.12,100.0,,,0.0,,,,,,,,,,,,,,,,,,2025-08-01,8,2025,1.1363636363636365,,,1.0,,0.0,0.015439429928741092,4,中高档
202508,6901028225175,黄山(新制皖烟),二类烟,121.9,140.0,8.284,8.244,25.12359,30475.0,1292.352,99.517141,16.150026,6.083017,121.9,,,842.0,,,0.0,,,,,,,,,,8.24,8.28,99.52,842.0,668.0,76.2,79.33,368.0,0.0,0.0,0.0,55.09,0.0,0.0,0.0,32.0,2025-08-01,8,2025,1.1484823625922886,0.24212371719169115,156.76273653566233,-98.517141,17.40178571428571,0.029837992874109265,,5,高档
202508,6901028181457,黄鹤楼(硬峡谷柔情),一类烟,263.0,300.0,2.476,2.396,15.7537,65750.0,582.944,96.768982,9.074863,4.866562,263.0,0.08,0.0,842.0,,,0.0,,0.0,,,,,,,,2.4,2.48,96.77,842.0,255.0,18.26,30.29,45.0,0.0,0.0,0.0,17.65,0.0,0.0,0.0,66.0,2025-08-01,8,2025,1.1406844106463878,0.308915492868342,243.29883138564273,-95.768982,-0.5106209150326797,0.018709857482185274,,5,高档
202508,6901028095891,黄果树(长征),三类烟,61.5,70.0,0.012,0.0,0.0,,65.716,0.0,0.0,0.0,61.5,0.16,0.152,842.0,21.0,19.0,2.26,90.48,95.0,19.0,90.48,100.0,,,0.0,,,,,,,,,,,,,,,,,,2025-08-01,8,2025,1.1382113821138211,,,1.0,,0.0,0.02494061757719715,3,中档
202508,6901028071475,中南海(5mg),二类烟,114.5,130.0,0.224,0.024,0.0687,28625.0,153.64,10.714286,0.044161,0.016634,114.5,0.224,0.024,842.0,4.0,3.0,0.36,75.0,10.71,3.0,75.0,100.0,,,0.0,,0.02,0.22,10.71,842.0,3.0,0.24,0.36,0.0,0.0,0.0,0.0,0.0,0.0,0.0,0.0,,2025-08-01,8,2025,1.1353711790393013,0.24212518195050947,6401.666666666666,-9.714286,-0.8947368421052632,8.159144893111639e-05,0.004750593824228029,5,高档
202508,6901028075022,中华(软),一类烟,583.0,700.0,0.208,0.0,0.0,,139.296,0.0,0.0,0.0,583.0,0.2,0.0,842.0,,,0.0,,0.0,,,,,,,,,,,,,,,,,,,,,,,,2025-08-01,8,2025,1.2006861063464838,,,1.0,-1.0,0.0,,5,高档
202508,6901028112505,南京(大观园爆冰),一类烟,263.0,300.0,0.04,0.0,0.0,,66.696,0.0,0.0,0.0,263.0,0.04,0.0,842.0,,,0.0,,0.0,,,,,,,,,,,,,,,,,,,,,,,,2025-08-01,8,2025,1.1406844106463878,,,1.0,,0.0,,5,高档
202508,6901028165242,黄金叶(爱尚),二类烟,139.92,160.0,1.736,1.648,5.764704,34980.0,331.064,94.930876,3.70594,1.395649,139.92,0.06,0.0,842.0,,,0.0,,0.0,,,,,,,,1.65,1.74,94.93,842.0,207.0,14.63,24.58,0.0,0.0,0.0,0.0,0.0,0.0,0.0,0.0,9.0,2025-08-01,8,2025,1.1435105774728418,0.24210245660488378,200.88834951456312,-93.930876,16.166666666666664,0.0068464418052256535,,5,高档
202508,6901028218603,黄鹤楼(硬1916如意),一类烟,763.2,900.0,0.196,0.152,2.90016,190800.0,118.172,77.55102,1.670964,0.895556,763.2,0.056,0.0,842.0,,,0.0,,0.0,,,,,,,,0.15,0.2,77.55,842.0,15.0,1.31,1.78,4.0,0.0,0.0,0.0,26.67,0.0,0.0,0.0,,2025-08-01,8,2025,1.1792452830188678,0.30879537680679686,777.4473684210526,-76.55102,3.75,0.00344437054631829,,5,高档
202508,6901028155557,泰山(颜悦),一类烟,167.48,190.0,1.124,1.048,4.387976,41870.0,193.78,93.238434,2.820692,1.06241,167.48,,,842.0,,,0.0,,,,,,,,,,1.05,1.12,93.24,842.0,123.0,8.51,14.61,8.0,0.0,0.0,0.0,6.5,0.0,0.0,0.0,1.0,2025-08-01,8,2025,1.1344638165751135,0.24211846190589922,184.90458015267174,-92.238434,1.9111111111111114,0.005211372921615202,,5,高档
202508,6901028937535,好猫(金猴王),三类烟,71.0,80.0,0.02,0.0,0.0,,448.632,0.0,0.0,0.0,71.0,0.404,0.376,842.0,140.0,41.0,4.87,29.29,93.07,39.0,25.68,95.12,,,0.0,,,,,,,,,,,,,,,,,,2025-08-01,8,2025,1.1267605633802817,,,1.0,,0.0,0.166270783847981,4,中高档
202508,6901028227438,龙凤呈祥(软魅力朝天门),三类烟,97.0,110.0,0.012,0.0,0.0,,207.032,0.0,0.0,0.0,97.0,0.088,0.084,842.0,19.0,11.0,1.31,57.89,95.45,10.0,55.26,90.91,,,0.0,,,,,,,,,,,,,,,,,,2025-08-01,8,2025,1.134020618556701,,,1.0,,0.0,0.022565320665083134,4,中高档
202508,6901028189057,黄鹤楼(硬雪之景),二类烟,121.9,140.0,,,,,316.64,,,,,,,,,,,,,,,,,,,,,,,,,,,,,,,,,,,,2025-08-01,8,2025,1.1484823625922886,,,,,,,5,高档
202508,8888075018616,555·双冰,一类烟,271.07,320.0,0.2,0.0,0.0,,52.26,0.0,0.0,0.0,271.07,0.2,0.0,842.0,,,0.0,,0.0,,,,,,,,,,,,,,,,,,,,,,,,2025-08-01,8,2025,1.180506880141661,,,1.0,-1.0,0.0,,5,高档
202508,6901028179324,黄鹤楼(硬珍品),一类烟,339.2,400.0,0.084,0.0,0.0,,832.14,0.0,0.0,0.0,339.2,17.96,17.744,842.0,798.0,708.0,84.09,88.72,98.8,698.0,89.24,98.59,,,0.0,,,,,,,,,,,,,,,,,,2025-08-01,8,2025,1.179245283018868,,,1.0,-1.0,0.0,0.9477434679334917,5,高档
202508,6901028218788,黄鹤楼(1916中支),一类烟,1000.0,1200.0,,,,,0.004,,,,,,,,,,,,,,,,,,,,,,,,,,,,,,,,,,,,2025-08-01,8,2025,1.2,,,,,,,5,高档
202508,6901028013611,真龙(海韵),一类烟,445.2,500.0,0.324,0.292,3.24996,111300.0,31.976,90.123457,1.872159,1.003895,445.2,0.044,0.032,842.0,4.0,4.0,0.48,100.0,72.73,4.0,100.0,100.0,,,0.0,,0.29,0.32,90.12,842.0,67.0,50.8,7.96,0.0,0.0,0.0,0.0,0.0,0.0,0.0,0.0,56.0,2025-08-01,8,2025,1.1230907457322552,0.3088945710101047,109.5068493150685,-89.123457,0.3035714285714284,0.003859809976247031,0.004750593824228029,5,高档
202508,6901028242066,黄鹤楼(硬峡谷情),一类烟,339.2,400.0,0.244,0.0,0.0,,78.184,0.0,0.0,0.0,339.2,0.001,0.001,842.0,842.0,3.0,0.36,0.36,100.0,2.0,0.13,66.67,,,0.0,,,,,,,,,,,,,,,,,,2025-08-01,8,2025,1.179245283018868,,,1.0,,0.0,1.0,5,高档
202508,6901028114455,苏烟(软金砂),一类烟,381.6,450.0,0.084,0.0,0.0,,53.852,0.0,0.0,0.0,381.6,0.096,0.0,842.0,,,0.0,,0.0,,,,,,,,,,,,,,,,,,,,,,,,2025-08-01,8,2025,1.1792452830188678,,,1.0,,0.0,,5,高档
202508,6901028936996,好猫(招财猫1600),一类烟,158.0,180.0,,,,,82.716,,,,158.0,0.02,0.0,842.0,,,0.0,,0.0,,,,,,,,,,,,,,,,,,,,,,,,2025-08-01,8,2025,1.139240506329114,,,,,,,5,高档
202508,6901028025645,娇子(时代阳光),三类烟,71.0,80.0,3.544,3.516,6.2409,17750.0,689.748,99.209932,4.01176,1.510997,71.0,1.508,1.46,842.0,842.0,122.0,14.49,14.49,96.82,104.0,12.71,85.25,,,0.0,,3.52,3.54,99.21,842.0,443.0,28.08,52.61,0.0,0.0,0.0,0.0,0.0,0.0,0.0,0.0,10.0,2025-08-01,8,2025,1.1267605633802817,0.24211203512313928,196.17406143344712,-98.209932,inf,0.007411995249406176,1.0,4,中高档
202508,4891132530116,红双喜(南洋经典),三类烟,67.95,80.0,0.024,0.0,0.0,,17.74,0.0,0.0,0.0,67.95,0.02,0.0,842.0,,,0.0,,0.0,,,,,,,,,,,,,,,,,,,,,,,,2025-08-01,8,2025,1.177336276674025,,,1.0,,0.0,,4,中高档
202508,6901028042215,娇子(宽窄平安中支),一类烟,339.2,400.0,,,,,51.58,,,,,,,,,,,,,,,,,,,,,,,,,,,,,,,,,,,,2025-08-01,8,2025,1.179245283018868,,,,,,,5,高档
202508,6901028314985,红塔山(硬经典),三类烟,75.0,85.0,9.328,9.288,17.415,18750.0,317.692,99.571184,11.194363,4.216751,75.0,0.052,0.0,842.0,,,0.0,,0.0,,,,,,,,9.29,9.33,99.57,842.0,813.0,71.86,96.56,350.0,0.0,0.0,0.0,43.05,0.0,0.0,0.0,4.0,2025-08-01,8,2025,1.1333333333333333,0.24213327591157052,34.204565030146426,-98.571184,-0.042868920032976154,0.020682897862232777,,4,中高档
202508,6901028075053,牡丹(软),二类烟,121.9,140.0,0.48,0.24,0.7314,30475.0,833.128,50.0,0.470164,0.177086,121.9,0.04,0.0,842.0,,,0.0,,0.0,,,,,,,,0.24,0.48,50.0,842.0,15.0,0.89,1.78,0.0,0.0,0.0,0.0,0.0,0.0,0.0,0.0,,2025-08-01,8,2025,1.1484823625922886,0.24211922340716432,3471.366666666667,-49.0,-0.9358974358974359,0.000868646080760095,,5,高档
202508,6901028065504,兰州(硬珍品),二类烟,155.0,180.0,0.016,0.0,0.0,,119.704,0.0,0.0,0.0,155.0,1.144,1.108,842.0,176.0,140.0,16.63,79.55,96.85,137.0,78.69,97.86,,,0.0,,,,,,,,,,,,,,,,,,2025-08-01,8,2025,1.1612903225806452,,,1.0,,0.0,0.20902612826603326,5,高档
202508,6901028936477,好猫(猴王磨砂),三类烟,106.0,120.0,0.028,0.0,0.0,,30.444,0.0,0.0,0.0,106.0,0.304,0.296,842.0,40.0,37.0,4.39,92.5,97.37,37.0,92.5,100.0,,,0.0,,,,,,,,,,,,,,,,,,2025-08-01,8,2025,1.1320754716981132,,,1.0,-1.0,0.0,0.047505938242280284,5,高档
202508,6901028221450,贵烟(跨越),一类烟,201.4,230.0,0.94,0.928,4.67248,50350.0,448.984,98.723404,2.847568,1.287368,201.4,0.016,0.0,842.0,,,0.0,,0.0,,,,,,,,0.93,0.94,98.72,842.0,72.0,7.5,8.55,44.0,0.0,0.0,0.0,61.11,0.0,0.0,0.0,,2025-08-01,8,2025,1.1420059582919562,0.27552135054617677,483.81896551724134,-97.723404,2.0526315789473686,0.005549263657957245,,5,高档
202508,6901028009744,双喜(勿忘我),一类烟,175.0,200.0,0.528,0.32,1.4,43750.0,37.332,60.606061,0.8532,0.385721,175.0,0.196,0.152,842.0,66.0,20.0,2.38,30.3,77.55,18.0,28.79,90.0,,,0.0,,0.32,0.53,60.61,842.0,38.0,4.82,4.51,3.0,0.0,0.0,0.0,7.89,0.0,0.0,0.0,2.0,2025-08-01,8,2025,1.1428571428571428,0.275515,116.6625,-59.606061,-0.7014925373134329,0.00166270783847981,0.07838479809976247,5,高档
202508,6901028185912,黄鹤楼(硬红),一类烟,190.8,220.0,79.912,79.616,379.76832,47700.0,4555.264,99.629593,231.443722,104.634335,190.8,1.396,1.36,842.0,176.0,171.0,20.31,97.16,97.42,169.0,96.59,98.83,,,0.0,,79.62,79.91,99.63,842.0,840.0,99.94,99.76,832.0,0.0,0.0,0.0,99.05,0.0,0.0,0.0,1.0,2025-08-01,8,2025,1.1530398322851152,0.27552149426260725,57.21543408360129,-98.629593,0.16275265802079697,0.45103125890736345,0.20902612826603326,5,高档
202508,6901028180634,红金龙(软虹之彩),五类烟,19.08,25.0,0.008,0.0,0.0,,0.0,0.0,0.0,0.0,19.08,0.644,0.6,842.0,75.0,75.0,8.91,100.0,93.17,75.0,100.0,100.0,,,0.0,,,,,,,,,,,,,,,,,,2025-08-01,8,2025,1.310272536687631,,,1.0,,0.0,0.08907363420427554,2,中低档
202508,6901028177153,云烟(硬苁蓉),二类烟,114.5,130.0,0.212,0.0,0.0,,122.044,0.0,0.0,0.0,114.5,0.2,0.0,842.0,,,0.0,,0.0,,,,,,,,,,,,,,,,,,,,,,,,2025-08-01,8,2025,1.1353711790393013,,,1.0,-1.0,0.0,,5,高档
202508,6901028063371,白沙(硬新精品二代),三类烟,97.0,110.0,5.16,5.108,12.3869,24250.0,856.74,98.992248,7.962082,2.999686,97.0,0.052,0.0,842.0,,,0.0,,0.0,,,,,,,,5.11,5.16,98.99,842.0,526.0,39.44,62.47,114.0,0.0,0.0,0.0,21.67,0.0,0.0,0.0,66.0,2025-08-01,8,2025,1.134020618556701,0.2421659979494466,167.72513703993738,-97.992248,0.4935672514619882,0.014711282660332543,,4,中高档
202508,6901028018722,中华(双中支),一类烟,424.0,500.0,0.2,0.0,0.0,,96.056,0.0,0.0,0.0,424.0,0.704,0.472,842.0,45.0,45.0,5.34,100.0,67.05,45.0,100.0,100.0,,,0.0,,,,,,,,,,,,,,,,,,2025-08-01,8,2025,1.179245283018868,,,1.0,,0.0,0.05344418052256532,5,高档
202508,6901028039758,贵烟(硬黄精品),二类烟,114.5,130.0,0.16,0.152,0.4351,28625.0,82.248,95.0,0.27968,0.105355,114.5,0.016,0.0,842.0,,,0.0,,0.0,,,,,,,,0.15,0.16,95.0,842.0,19.0,1.25,2.26,0.0,0.0,0.0,0.0,0.0,0.0,0.0,0.0,,2025-08-01,8,2025,1.1353711790393013,0.2421397379912664,541.1052631578948,-94.0,0.0,0.0005167458432304038,,5,高档
202508,6901028188029,黄鹤楼(硬峡谷情细支),一类烟,263.0,300.0,0.748,0.688,4.5236,65750.0,867.24,91.97861,2.605801,1.397413,263.0,6.632,6.6,842.0,713.0,627.0,74.47,87.94,99.52,627.0,77.46,100.0,,,0.0,,0.69,0.75,91.98,842.0,52.0,5.47,6.18,34.0,0.0,0.0,0.0,65.38,0.0,0.0,0.0,,2025-08-01,8,2025,1.1406844106463878,0.30891612874701563,1260.5232558139537,-90.97861,inf,0.005372446555819478,0.8467933491686461,5,高档
202508,6901028042635,娇子(宽窄好运),一类烟,263.0,300.0,1.508,1.46,9.5995,65750.0,243.388,96.816976,5.531759,2.96341,263.0,,,842.0,,,0.0,,,,,,,,,,1.46,1.51,96.82,842.0,122.0,79.42,14.49,57.0,0.0,0.0,0.0,46.72,0.0,0.0,0.0,29.0,2025-08-01,8,2025,1.1406844106463878,0.3087046200322933,166.7041095890411,-95.816976,-0.15116279069767447,0.011400831353919241,,5,高档
202508,6901028179492,红金龙(软蓝九州腾龙),四类烟,38.16,45.0,28.316,28.056,26.765424,9540.0,415.216,99.081791,17.878699,5.807579,38.16,20.76,20.668,842.0,842.0,838.0,99.52,99.52,99.56,836.0,98.55,99.76,,,0.0,,28.06,28.32,99.08,842.0,836.0,78.17,99.29,469.0,0.0,0.0,0.0,56.1,0.0,0.0,0.0,1.0,2025-08-01,8,2025,1.179245283018868,0.2169806463742177,14.79954376960365,-98.081791,0.13734392735527812,0.03178791448931116,1.0,3,中档
202508,6901028143585,七匹狼(蓝钻),二类烟,114.5,130.0,0.088,0.0,0.0,,0.0,0.0,0.0,0.0,114.5,5.46,5.356,842.0,687.0,658.0,78.15,95.78,98.1,656.0,95.71,99.7,,,0.0,,,,,,,,,,,,,,,,,,2025-08-01,8,2025,1.1353711790393013,,,1.0,,0.0,0.815914489311164,5,高档
202508,6901028184250,黄鹤楼(硬1916),一类烟,848.0,1000.0,0.08,0.0,0.0,,0.768,0.0,0.0,0.0,848.0,0.052,0.0,842.0,,,0.0,,0.0,,,,,,,,,,,,,,,,,,,,,,,,2025-08-01,8,2025,1.179245283018868,,,1.0,,0.0,,5,高档
202508,6901028118187,利群(新版),二类烟,143.1,160.0,11.324,11.184,40.01076,35775.0,1280.972,98.763688,25.72046,9.686737,143.1,0.084,0.0,842.0,,,0.0,,0.0,,,,,,,,11.18,11.32,98.76,842.0,799.0,81.44,94.89,552.0,0.0,0.0,0.0,69.09,0.0,0.0,0.0,5.0,2025-08-01,8,2025,1.1180992313067786,0.24210329921251186,114.53612303290416,-97.763688,0.5868331441543699,0.047518717339667456,,5,高档
202508,6901028009805,双喜(百年经典),一类烟,175.0,200.0,0.196,0.152,0.665,43750.0,173.716,77.55102,0.405292,0.183196,175.0,0.336,0.136,842.0,19.0,17.0,2.02,89.47,40.48,17.0,89.47,100.0,,,0.0,,0.15,0.2,77.55,842.0,20.0,3.93,2.38,0.0,0.0,0.0,0.0,0.0,0.0,0.0,0.0,3.0,2025-08-01,8,2025,1.1428571428571428,0.2754827067669173,1142.8684210526317,-76.55102,-0.8492063492063492,0.0007897862232779097,0.022565320665083134,5,高档
202508,6901028154628,泰山(儒风细支),一类烟,263.0,300.0,0.068,0.0,0.0,,51.248,0.0,0.0,0.0,263.0,1.124,1.048,842.0,135.0,123.0,14.61,91.11,93.24,123.0,91.61,100.0,,,0.0,,,,,,,,,,,,,,,,,,2025-08-01,8,2025,1.1406844106463878,,,1.0,,0.0,0.16033254156769597,5,高档
202508,6901028193504,芙蓉王(硬),一类烟,218.36,250.0,1.328,1.272,6.943848,54590.0,1220.42,95.783133,4.232296,1.912736,218.36,0.248,0.24,842.0,15.0,15.0,1.78,100.0,96.77,15.0,100.0,100.0,,,0.0,,1.27,1.33,95.78,842.0,159.0,9.82,18.88,0.0,0.0,0.0,0.0,0.0,0.0,0.0,0.0,2.0,2025-08-01,8,2025,1.1448983330280271,0.2754576425059996,959.4496855345913,-94.783133,5.359999999999999,0.008246850356294537,0.017814726840855107,5,高档
202508,6901028340618,云烟(小熊猫家园),一类烟,158.0,200.0,,,,,0.0096,,,,,,,,,,,,,,,,,,,,,,,,,,,,,,,,,,,,2025-08-01,8,2025,1.2658227848101267,,,,,,,5,高档
202508,6901028172936,黄金叶(乐途硬),一类烟,175.0,200.0,0.08,0.0,0.0,,139.392,0.0,0.0,0.0,175.0,0.12,0.096,842.0,14.0,12.0,1.43,85.71,80.0,12.0,85.71,100.0,,,0.0,,,,,,,,,,,,,,,,,,2025-08-01,8,2025,1.1428571428571428,,,1.0,-1.0,0.0,0.0166270783847981,5,高档
202508,6901028179348,黄鹤楼(软红),一类烟,227.9,260.0,17.96,17.744,101.09644,56975.0,2235.304,98.797327,61.611788,27.854136,227.9,0.076,0.0,842.0,,,0.0,,0.0,,,,,,,,17.74,17.96,98.8,842.0,708.0,91.31,84.09,637.0,0.0,0.0,0.0,89.97,0.0,0.0,0.0,3.0,2025-08-01,8,2025,1.1408512505484862,0.2755204436476695,125.97520288548242,-97.797327,-0.02676612549363755,0.12006703087885987,,5,高档
202508,6901028180580,黄鹤楼(软蓝),一类烟,164.3,190.0,80.624,80.364,330.09513,41075.0,13893.2,99.677515,212.20115,79.918417,164.3,0.052,0.0,842.0,,,0.0,,0.0,,,,,,,,80.36,80.62,99.68,842.0,841.0,99.94,99.88,832.0,0.0,0.0,0.0,98.93,0.0,0.0,0.0,1.0,2025-08-01,8,2025,1.1564211807668898,0.24210722830112644,172.8784032651436,-98.677515,0.12642969275622362,0.392036971496437,,5,高档
202508,6901028315432,红塔山(硬经典100),三类烟,97.0,110.0,0.052,0.0,0.0,,731.336,0.0,0.0,0.0,97.0,0.732,0.528,842.0,81.0,66.0,7.84,81.48,72.13,66.0,81.48,100.0,,,0.0,,,,,,,,,,,,,,,,,,2025-08-01,8,2025,1.134020618556701,,,1.0,,0.0,0.09619952494061758,4,中高档
202508,8888075074865,建牌(薄荷紫冰),一类烟,257.75,300.0,0.2,0.0,0.0,,10.716,0.0,0.0,0.0,257.75,,,842.0,,,0.0,,,,,,,,,,,,,,,,,,,,,,,,,,2025-08-01,8,2025,1.1639185257032008,,,1.0,,0.0,,5,高档
202508,6901028301695,南京(软九五),一类烟,720.8,1000.0,0.08,0.0,0.0,,17.94,0.0,0.0,0.0,720.8,0.092,0.0,842.0,,,0.0,,0.0,,,,,,,,,,,,,,,,,,,,,,,,2025-08-01,8,2025,1.3873473917869035,,,1.0,,0.0,,5,高档
202508,6901028207829,利群(休闲),一类烟,720.8,820.0,,,,,0.0,,,,,,,,,,,,,,,,,,,,,,,,,,,,,,,,,,,,2025-08-01,8,2025,1.1376248612652609,,,,,,,5,高档
202508,6901028145077,娇子(宽窄好运细支),一类烟,225.0,260.0,0.008,0.0,0.0,,206.436,0.0,0.0,0.0,225.0,,,842.0,,,0.0,,,,,,,,,,,,,,,,,,,,,,,,,,2025-08-01,8,2025,1.1555555555555554,,,1.0,-1.0,0.0,,5,高档
202508,6901028224079,金圣(滕王阁·紫光),二类烟,129.3,150.0,2.356,2.236,7.22787,32325.0,517.964,94.906621,4.646408,1.749948,129.3,0.48,0.464,842.0,75.0,58.0,6.89,77.33,96.67,58.0,76.32,100.0,,,0.0,,2.24,2.36,94.91,842.0,274.0,17.91,32.54,7.0,0.0,0.0,0.0,2.55,0.0,0.0,0.0,2.0,2025-08-01,8,2025,1.160092807424594,0.24211116137949354,231.64758497316637,-93.906621,10.18,0.00858416864608076,0.08907363420427554,5,高档
202508,6901028942881,双喜(硬精品好日子),三类烟,93.28,110.0,0.04,0.0,0.0,,51.928,0.0,0.0,0.0,93.28,0.176,0.144,842.0,20.0,18.0,2.14,90.0,81.82,18.0,90.0,100.0,,,0.0,,,,,,,,,,,,,,,,,,2025-08-01,8,2025,1.179245283018868,,,1.0,,0.0,0.023752969121140142,4,中高档
202508,6901028111270,南京(炫赫门),二类烟,155.0,180.0,8.0,7.908,30.6435,38750.0,900.748,98.85,19.69883,7.419646,155.0,0.04,0.0,842.0,,,0.0,,0.0,,,,,,,,7.91,8.0,98.85,842.0,658.0,58.54,78.15,299.0,0.0,0.0,0.0,45.44,0.0,0.0,0.0,11.0,2025-08-01,8,2025,1.1612903225806452,0.2421278900908839,113.90338897319171,-97.85,0.8373605947955389,0.0363937054631829,,5,高档
202508,6901028177214,冬虫夏草(和润),一类烟,424.0,500.0,0.488,0.284,3.0104,106000.0,68.292,58.196721,1.734175,0.929887,424.0,0.212,0.0,842.0,,,0.0,,0.0,,,,,,,,0.28,0.49,58.2,842.0,63.0,50.09,7.48,0.0,0.0,0.0,0.0,0.0,0.0,0.0,0.0,60.0,2025-08-01,8,2025,1.179245283018868,0.30889150943396226,240.4647887323944,-57.196721,10.833333333333332,0.0035752969121140145,,5,高档
202508,6901028177771,大青山(昭君和亲),二类烟,129.3,150.0,,,,,0.0,,,,,,,,,,,,,,,,,,,,,,,,,,,,,,,,,,,,2025-08-01,8,2025,1.160092807424594,,,,,,,5,高档
202508,6901028339957,云烟(细支云龙),二类烟,129.3,150.0,4.428,4.388,14.18421,32325.0,2061.272,99.096658,9.118264,3.434157,129.3,9.328,9.288,842.0,842.0,813.0,96.56,96.56,99.57,811.0,96.15,99.75,,,0.0,,4.39,4.43,99.1,842.0,490.0,51.34,58.19,0.0,0.0,0.0,0.0,0.0,0.0,0.0,0.0,,2025-08-01,8,2025,1.160092807424594,0.24211126315811737,469.7520510483136,-98.096658,-0.19040590405904056,0.016845855106888363,1.0,5,高档
202508,6901028124058,黄山(黑马细支),一类烟,225.0,260.0,0.208,0.128,0.72,56250.0,139.216,61.538462,0.438816,0.198352,225.0,0.08,0.0,842.0,,,0.0,,0.0,,,,,,,,0.13,0.21,61.54,842.0,12.0,1.01,1.43,4.0,0.0,0.0,0.0,33.33,0.0,0.0,0.0,,2025-08-01,8,2025,1.1555555555555554,0.2754888888888889,1087.625,-60.538462,,0.0008551068883610451,,5,高档
202508,6901028204835,芙蓉王(硬中支),一类烟,263.0,300.0,0.248,0.24,1.578,65750.0,253.688,96.774194,0.909001,0.487454,263.0,0.2,0.0,842.0,,,0.0,,0.0,,,,,,,,0.24,0.25,96.77,842.0,15.0,0.89,1.78,0.0,0.0,0.0,0.0,0.0,0.0,0.0,0.0,10.0,2025-08-01,8,2025,1.1406844106463878,0.3089062103929024,1057.0333333333333,-95.774194,0.4285714285714284,0.0018741092636579573,,5,高档
202508,6901028080446,钻石(硬蓝),三类烟,47.7,55.0,,,,,0.0,,,,,,,,,,,,,,,,,,,,,,,,,,,,,,,,,,,,2025-08-01,8,2025,1.1530398322851152,,,,,,,3,中档
202508,6901028936750,好猫(长乐),二类烟,121.9,140.0,0.304,0.296,0.90206,30475.0,222.96,97.368421,0.579864,0.218411,121.9,,,842.0,,,0.0,,,,,,,,,,0.3,0.3,97.37,842.0,37.0,2.38,4.39,0.0,0.0,0.0,0.0,0.0,0.0,0.0,0.0,,2025-08-01,8,2025,1.1484823625922886,0.24212469237079573,753.2432432432433,-96.368421,8.25,0.0010713301662707837,,5,高档
202508,6901028180009,黄鹤楼(软珍品),一类烟,530.0,650.0,0.076,0.0,0.0,,389.948,0.0,0.0,0.0,530.0,80.624,80.364,842.0,842.0,841.0,99.88,99.88,99.68,835.0,99.12,99.29,,,0.0,,,,,,,,,,,,,,,,,,2025-08-01,8,2025,1.2264150943396226,,,1.0,,0.0,1.0,5,高档
202508,6901028062015,苏烟(五星红杉树),一类烟,188.68,220.0,0.092,0.0,0.0,,251.272,0.0,0.0,0.0,188.68,0.084,0.0,842.0,,,0.0,,0.0,,,,,,,,,,,,,,,,,,,,,,,,2025-08-01,8,2025,1.165995336018656,,,1.0,-1.0,0.0,,5,高档
202508,6901028227285,天子(金),一类烟,167.48,200.0,1.144,1.108,4.639196,41870.0,581.528,96.853147,2.98219,1.123227,167.48,0.316,0.288,842.0,38.0,36.0,4.28,94.74,91.14,36.0,94.74,100.0,,,0.0,,1.11,1.14,96.85,842.0,140.0,10.47,16.63,0.0,0.0,0.0,0.0,0.0,0.0,0.0,0.0,1.0,2025-08-01,8,2025,1.1941724385001196,0.2421167374691649,524.8447653429603,-95.853147,0.37810945273631846,0.005509733966745843,0.04513064133016627,5,高档
202508,6901028225113,黄山(金皖烟),一类烟,248.04,280.0,,,,,51.796,,,,,,,,,,,,,,,,,,,,,,,,,,,,,,,,,,,,2025-08-01,8,2025,1.128850185453959,,,,,,,5,高档
202508,6901028211352,七匹狼(纯境),二类烟,143.1,160.0,5.46,5.356,19.16109,35775.0,592.184,98.095238,12.317468,4.63896,143.1,0.096,0.0,842.0,,,0.0,,0.0,,,,,,,,5.36,5.46,98.1,842.0,658.0,41.64,78.15,13.0,0.0,0.0,0.0,1.98,0.0,0.0,0.0,3.0,2025-08-01,8,2025,1.1180992313067786,0.24210313713885795,110.56460044809559,-97.095238,-0.13835263835263845,0.02275663895486936,,5,高档
202508,8888075056014,555 (金天越),二类烟,119.09,140.0,0.2,0.0,0.0,,6.372,0.0,0.0,0.0,119.09,,,842.0,,,0.0,,,,,,,,,,,,,,,,,,,,,,,,,,2025-08-01,8,2025,1.175581492988496,,,1.0,-1.0,0.0,,5,高档
202508,6901028190602,黄鹤楼(软雪之景),二类烟,121.9,140.0,3.204,3.12,9.5082,30475.0,427.016,97.378277,6.11208,2.30217,121.9,0.036,0.0,842.0,,,0.0,,0.0,,,,,,,,3.12,3.2,97.38,842.0,336.0,42.3,39.9,54.0,0.0,0.0,0.0,16.07,0.0,0.0,0.0,,2025-08-01,8,2025,1.1484823625922886,0.2421246923707957,136.86410256410255,-96.378277,-0.3048128342245989,0.011292399049881236,,5,高档
202508,6901028080521,钻石(细支荷花),一类烟,360.4,420.0,0.2,0.0,0.0,,58.86,0.0,0.0,0.0,360.4,0.2,0.0,842.0,,,0.0,,0.0,,,,,,,,,,,,,,,,,,,,,,,,2025-08-01,8,2025,1.165371809100999,,,1.0,,0.0,,5,高档
202508,6901028104692,龙烟(呈祥),二类烟,129.3,150.0,,,,,0.0,,,,,,,,,,,,,,,,,,,,,,,,,,,,,,,,,,,,2025-08-01,8,2025,1.160092807424594,,,,,,,5,高档
202508,6901028104241,哈尔滨(老巴夺),三类烟,97.0,110.0,0.252,0.032,0.0776,24250.0,34.676,12.698413,0.04988,0.018792,97.0,0.38,0.18,842.0,73.0,23.0,2.73,31.51,47.37,22.0,30.82,95.65,,,0.0,,0.03,0.25,12.7,842.0,4.0,0.24,0.48,0.0,0.0,0.0,0.0,0.0,0.0,0.0,0.0,,2025-08-01,8,2025,1.134020618556701,0.24216494845360823,1083.625,-11.698413,-0.9952802359882006,9.216152019002376e-05,0.08669833729216152,4,中高档
202508,6901028136891,金圣(硬红·十二生肖),三类烟,61.5,70.0,3.476,3.332,5.12295,15375.0,441.392,95.857307,3.292862,1.24074,61.5,2.356,2.236,842.0,294.0,274.0,32.54,93.2,94.91,271.0,92.86,98.91,,,0.0,,3.33,3.48,95.86,842.0,417.0,28.08,49.52,0.0,0.0,0.0,0.0,0.0,0.0,0.0,0.0,12.0,2025-08-01,8,2025,1.1382113821138211,0.24219248675079785,132.47058823529412,-94.857307,inf,0.0060842636579572455,0.3491686460807601,3,中档
202508,6901028000833,双喜(软经典),三类烟,97.0,110.0,6.692,6.608,16.0244,24250.0,783.324,98.74477,10.30022,3.880548,97.0,1.98,1.928,842.0,423.0,220.0,26.13,52.01,97.37,210.0,33.57,95.45,,,0.0,,6.61,6.69,98.74,842.0,824.0,50.33,97.86,4.0,0.0,0.0,0.0,0.49,0.0,0.0,0.0,3.0,2025-08-01,8,2025,1.134020618556701,0.24216494845360825,118.54176755447942,-97.74477,-0.4710214537303875,0.019031353919239904,0.502375296912114,4,中高档
202508,8888075034715,555(国际版),一类烟,254.92,300.0,0.2,0.0,0.0,,42.352,0.0,0.0,0.0,254.92,0.2,0.0,842.0,,,0.0,,0.0,,,,,,,,,,,,,,,,,,,,,,,,2025-08-01,8,2025,1.1768397928761964,,,1.0,-1.0,0.0,,5,高档
202508,6901028181815,红金龙(硬蓝爱你),三类烟,97.0,110.0,0.644,0.6,1.455,24250.0,887.876,93.167702,0.93525,0.35235,97.0,22.724,22.572,842.0,842.0,832.0,98.81,98.81,99.33,824.0,98.29,99.04,,,0.0,,0.6,0.64,93.17,842.0,75.0,4.46,8.91,0.0,0.0,0.0,0.0,0.0,0.0,0.0,0.0,,2025-08-01,8,2025,1.134020618556701,0.24216494845360823,1479.7933333333333,-92.167702,-0.5714285714285714,0.0017280285035629454,1.0,4,中高档
202508,6901028071536,中南海(5mg细支),二类烟,121.9,140.0,0.224,0.024,0.07314,30475.0,41.916,10.714286,0.047017,0.017708,121.9,0.2,0.0,842.0,,,0.0,,0.0,,,,,,,,0.02,0.22,10.71,842.0,3.0,0.24,0.36,0.0,0.0,0.0,0.0,0.0,0.0,0.0,0.0,,2025-08-01,8,2025,1.1484823625922886,0.2421110199617173,1746.4999999999998,-9.714286,,8.68646080760095e-05,,5,高档
202508,6901028180818,黄鹤楼(天下名楼),二类烟,139.92,160.0,4.388,4.3,15.0414,34980.0,990.9,97.994531,9.669631,3.641554,139.92,2.476,2.396,842.0,262.0,255.0,30.29,97.33,96.77,254.0,97.56,99.61,,,0.0,,4.3,4.39,97.99,842.0,500.0,33.73,59.38,40.0,0.0,0.0,0.0,8.0,0.0,0.0,0.0,279.0,2025-08-01,8,2025,1.1435105774728418,0.24210206496735678,230.4418604651163,-96.994531,2.467741935483871,0.017863895486935868,0.31116389548693585,5,高档
202508,4891132601014,红双喜(爱国绿中支),一类烟,225.73,280.0,0.02,0.0,0.0,,16.084,0.0,0.0,0.0,225.73,,,842.0,,,0.0,,,,,,,,,,,,,,,,,,,,,,,,,,2025-08-01,8,2025,1.2404199707615293,,,1.0,,0.0,,5,高档
202508,6901028178105,黄鹤楼(硬天下胜景),一类烟,212.0,260.0,0.028,0.0,0.0,,10.544,0.0,0.0,0.0,212.0,0.2,0.0,842.0,,,0.0,,0.0,,,,,,,,,,,,,,,,,,,,,,,,2025-08-01,8,2025,1.2264150943396226,,,1.0,,0.0,,5,高档
202508,6901028159548,泰山(硬红八喜),三类烟,57.24,65.0,17.072,16.952,24.258312,14310.0,637.284,99.297095,15.59584,5.871746,57.24,0.084,0.032,842.0,4.0,4.0,0.48,100.0,38.1,4.0,100.0,100.0,,,0.0,,16.95,17.07,99.3,842.0,772.0,97.86,91.69,694.0,0.0,0.0,0.0,89.9,0.0,0.0,0.0,8.0,2025-08-01,8,2025,1.1355695317959469,0.2420508896084773,37.59344030202926,-98.297095,3.0285171102661597,0.028810346793349168,0.004750593824228029,3,中档
202508,6901028018630,中华(金中支),一类烟,678.4,800.0,0.2,0.0,0.0,,23.952,0.0,0.0,0.0,678.4,0.2,0.0,842.0,,,0.0,,0.0,,,,,,,,,,,,,,,,,,,,,,,,2025-08-01,8,2025,1.179245283018868,,,1.0,,0.0,,5,高档
202508,6901028143448,万宝路(软红2.0),二类烟,143.1,160.0,0.096,0.0,0.0,,41.468,0.0,0.0,0.0,143.1,0.116,0.0,842.0,,,0.0,,0.0,,,,,,,,,,,,,,,,,,,,,,,,2025-08-01,8,2025,1.1180992313067786,,,1.0,,0.0,,5,高档
202508,6901028084925,长城(醇雅薄荷),一类烟,158.4,180.0,0.5436,0.4824,2.12256,44000.0,174.492,88.741722,1.278361,0.599985,158.4,0.1,0.0,842.0,,,0.0,,0.0,,,,,,,,0.48,0.54,88.74,842.0,66.0,6.66,7.84,2.0,0.0,0.0,0.0,3.03,0.0,0.0,0.0,49.0,2025-08-01,8,2025,1.1363636363636362,0.28267045454545453,361.7164179104477,-87.741722,-0.6246498599439776,0.0025208551068883612,,5,高档
202508,6901028331296,云烟(黑金刚印象),一类烟,466.4,600.0,,,,,0.016,,,,466.4,4.428,4.388,842.0,546.0,490.0,58.19,89.74,99.1,487.0,57.31,99.39,,,0.0,,,,,,,,,,,,,,,,,,2025-08-01,8,2025,1.2864493996569468,,,,,,0.6484560570071259,5,高档
202508,6901028218184,黄鹤楼(感恩中支),一类烟,225.0,260.0,0.024,0.0,0.0,,115.792,0.0,0.0,0.0,225.0,0.196,0.152,842.0,18.0,15.0,1.78,83.33,77.55,15.0,86.36,100.0,,,0.0,,,,,,,,,,,,,,,,,,2025-08-01,8,2025,1.1555555555555554,,,1.0,,0.0,0.021377672209026127,5,高档
202508,6901028092838,人民大会堂(硬红细支),二类烟,139.92,160.0,0.2,0.0,0.0,,97.856,0.0,0.0,0.0,139.92,0.456,0.248,842.0,36.0,31.0,3.68,86.11,54.39,31.0,86.11,100.0,,,0.0,,,,,,,,,,,,,,,,,,2025-08-01,8,2025,1.1435105774728418,,,1.0,,0.0,0.04275534441805225,5,高档
202508,6901028118828,利群(长嘴),一类烟,190.8,220.0,0.084,0.0,0.0,,454.668,0.0,0.0,0.0,190.8,0.08,0.0,842.0,,,0.0,,0.0,,,,,,,,,,,,,,,,,,,,,,,,2025-08-01,8,2025,1.1530398322851152,,,1.0,-1.0,0.0,,5,高档
202508,6901028207089,利群(蓝天),二类烟,143.1,160.0,,,,,0.02,,,,,,,,,,,,,,,,,,,,,,,,,,,,,,,,,,,,2025-08-01,8,2025,1.1180992313067786,,,,,,,5,高档
202508,6901028162876,黄金叶(喜满堂),三类烟,88.0,100.0,3.2,3.08,6.776,22000.0,2540.112,96.25,4.356052,1.640324,88.0,1.736,1.648,842.0,246.0,207.0,24.58,84.15,94.93,205.0,83.74,99.03,,,0.0,,3.08,3.2,96.25,842.0,386.0,23.26,45.84,0.0,0.0,0.0,0.0,0.0,0.0,0.0,0.0,2.0,2025-08-01,8,2025,1.1363636363636365,0.2420785123966942,824.7116883116884,-95.25,-0.17293233082706772,0.00804750593824228,0.2921615201900237,4,中高档
202508,6901028125970,黄山(徽商新概念细支),一类烟,339.2,400.0,0.08,0.0,0.0,,112.076,0.0,0.0,0.0,339.2,0.088,0.0,842.0,,,0.0,,0.0,,,,,,,,,,,,,,,,,,,,,,,,2025-08-01,8,2025,1.179245283018868,,,1.0,-1.0,0.0,,5,高档
202508,6901028121736,利群(楼外楼),一类烟,175.0,200.0,0.08,0.0,0.0,,64.584,0.0,0.0,0.0,175.0,0.12,0.032,842.0,4.0,4.0,0.48,100.0,26.67,4.0,100.0,100.0,,,0.0,,,,,,,,,,,,,,,,,,2025-08-01,8,2025,1.1428571428571428,,,1.0,,0.0,0.004750593824228029,5,高档
202508,6901028143554,七匹狼(锋芒),一类烟,158.0,180.0,1.132,1.12,4.424,39500.0,207.288,98.939929,2.84396,1.071138,158.0,0.088,0.0,842.0,,,0.0,,0.0,,,,,,,,1.12,1.13,98.94,842.0,136.0,9.93,16.15,6.0,0.0,0.0,0.0,4.41,0.0,0.0,0.0,3.0,2025-08-01,8,2025,1.139240506329114,0.24211980108499093,185.07857142857142,-97.939929,,0.0052541567695961995,,5,高档
202508,6901028120708,利群(软长嘴),一类烟,318.0,360.0,0.112,0.032,0.2544,79500.0,212.896,28.571429,0.146582,0.07855,318.0,0.08,0.0,842.0,,,0.0,,0.0,,,,,,,,0.03,0.11,28.57,842.0,4.0,0.24,0.48,0.0,0.0,0.0,0.0,0.0,0.0,0.0,0.0,,2025-08-01,8,2025,1.1320754716981132,0.3087657232704402,6652.999999999999,-27.571429,,0.00030213776722090265,,5,高档
202508,6901028126007,黄山(新一品),三类烟,71.0,80.0,0.088,0.0,0.0,,319.42,0.0,0.0,0.0,71.0,8.284,8.244,842.0,805.0,668.0,79.33,82.98,99.52,659.0,80.48,98.65,,,0.0,,,,,,,,,,,,,,,,,,2025-08-01,8,2025,1.1267605633802817,,,1.0,,0.0,0.9560570071258907,4,中高档
202508,6901028011785,真龙(起源),一类烟,212.0,250.0,0.088,0.084,0.4452,53000.0,150.08,95.454545,0.271454,0.122527,212.0,1.052,1.028,842.0,137.0,129.0,15.32,94.16,97.72,128.0,93.8,99.22,,,0.0,,0.08,0.09,95.45,842.0,11.0,1.13,1.31,0.0,0.0,0.0,0.0,0.0,0.0,0.0,0.0,,2025-08-01,8,2025,1.179245283018868,0.27521787960467203,1786.6666666666667,-94.454545,-0.7123287671232876,0.0005287410926365795,0.16270783847980996,5,高档
202508,6901028229074,天子(中支),一类烟,201.4,230.0,0.316,0.288,1.45008,50350.0,172.184,91.139241,0.883729,0.399527,201.4,0.012,0.0,842.0,,,0.0,,0.0,,,,,,,,0.29,0.32,91.14,842.0,36.0,2.26,4.28,0.0,0.0,0.0,0.0,0.0,0.0,0.0,0.0,,2025-08-01,8,2025,1.1420059582919562,0.2755206609290522,597.8611111111112,-90.139241,-0.2941176470588235,0.001722185273159145,,5,高档
202508,6901028182560,红金龙(硬红龙),三类烟,47.7,55.0,22.724,22.572,26.91711,11925.0,381.288,99.331104,17.301438,6.518832,47.7,10.244,10.14,842.0,727.0,724.0,85.99,99.59,98.98,724.0,99.1,100.0,,,0.0,,22.57,22.72,99.33,842.0,832.0,50.09,98.81,0.0,0.0,0.0,0.0,0.0,0.0,0.0,0.0,2.0,2025-08-01,8,2025,1.1530398322851152,0.24218172010293823,16.892078681552366,-98.331104,-0.10542168674698793,0.03196806413301663,0.8634204275534442,3,中档
202508,6901028077910,钻石(软荷花),一类烟,339.2,400.0,0.2,0.0,0.0,,71.76,0.0,0.0,0.0,339.2,1.34,1.12,842.0,141.0,140.0,16.63,99.29,83.58,140.0,99.29,100.0,,,0.0,,,,,,,,,,,,,,,,,,2025-08-01,8,2025,1.179245283018868,,,1.0,-1.0,0.0,0.167458432304038,5,高档
202508,6901028218757,黄鹤楼(硬蓝),一类烟,175.0,200.0,0.028,0.0,0.0,,251.672,0.0,0.0,0.0,175.0,0.032,0.0,842.0,,,0.0,,0.0,,,,,,,,,,,,,,,,,,,,,,,,2025-08-01,8,2025,1.1428571428571428,,,1.0,-1.0,0.0,,5,高档
202508,6901028102094,贵烟(红中支),一类烟,263.0,300.0,0.016,0.0,0.0,,24.684,0.0,0.0,0.0,263.0,0.008,0.0,842.0,,,0.0,,0.0,,,,,,,,,,,,,,,,,,,,,,,,2025-08-01,8,2025,1.1406844106463878,,,1.0,,0.0,,5,高档
202508,6901028219174,黄鹤楼(硬奇景),一类烟,238.5,300.0,0.032,0.0,0.0,,1349.604,0.0,0.0,0.0,238.5,0.04,0.0,842.0,,,0.0,,0.0,,,,,,,,,,,,,,,,,,,,,,,,2025-08-01,8,2025,1.2578616352201257,,,1.0,-1.0,0.0,,5,高档
202508,6901028159753,泰山(心悦),二类烟,139.92,160.0,0.084,0.032,0.111936,34980.0,63.604,38.095238,0.07196,0.0271,139.92,,,842.0,842.0,,0.0,0.0,,,0.0,,,,,,0.03,0.08,38.1,842.0,4.0,0.24,0.48,0.0,0.0,0.0,0.0,0.0,0.0,0.0,0.0,,2025-08-01,8,2025,1.1435105774728418,0.2421026300743282,1987.625,-37.095238,-0.84,0.00013294061757719713,1.0,5,高档
202508,6901028107297,钻石(玫瑰二代),三类烟,97.0,110.0,0.2,0.0,0.0,,114.62,0.0,0.0,0.0,97.0,0.008,0.0,842.0,,,0.0,,0.0,,,,,,,,,,,,,,,,,,,,,,,,2025-08-01,8,2025,1.134020618556701,,,1.0,-1.0,0.0,,4,中高档
202508,6901028119009,利群(西子阳光),一类烟,275.6,310.0,0.08,0.0,0.0,,85.064,0.0,0.0,0.0,275.6,0.112,0.032,842.0,4.0,4.0,0.48,100.0,28.57,4.0,100.0,100.0,,,0.0,,,,,,,,,,,,,,,,,,2025-08-01,8,2025,1.1248185776487662,,,1.0,,0.0,0.004750593824228029,5,高档
202508,6901028080224,钻石(硬特醇),四类烟,44.5,50.0,6.508,6.272,6.9776,11125.0,712.0,96.373694,4.660698,1.514086,44.5,0.2,0.0,842.0,,,0.0,,0.0,,,,,,,,6.27,6.51,96.37,842.0,628.0,38.01,74.58,0.0,0.0,0.0,0.0,0.0,0.0,0.0,0.0,1.0,2025-08-01,8,2025,1.1235955056179776,0.21699237560192616,113.5204081632653,-95.373694,0.408805031446541,0.008286935866983373,,3,中档
202508,6901028184304,黄鹤楼(硬平安),一类烟,720.8,1000.0,0.052,0.0,0.0,,59.104,0.0,0.0,0.0,720.8,79.912,79.616,842.0,842.0,840.0,99.76,99.76,99.63,837.0,99.23,99.64,,,0.0,,,,,,,,,,,,,,,,,,2025-08-01,8,2025,1.3873473917869035,,,1.0,,0.0,1.0,5,高档
202508,8888075024037,555(冰炫),一类烟,216.05,240.0,0.2,0.0,0.0,,4.164,0.0,0.0,0.0,216.05,0.2,0.0,842.0,,,0.0,,0.0,,,,,,,,,,,,,,,,,,,,,,,,2025-08-01,8,2025,1.11085396898866,,,1.0,-1.0,0.0,,5,高档
202508,6901028188081,黄鹤楼(硬银紫),二类烟,114.5,130.0,6.632,6.6,18.8925,28625.0,629.44,99.517491,12.144001,4.574624,114.5,0.02,0.0,842.0,,,0.0,,0.0,,,,,,,,6.6,6.63,99.52,842.0,627.0,63.36,74.47,198.0,0.0,0.0,0.0,31.58,0.0,0.0,0.0,2.0,2025-08-01,8,2025,1.1353711790393013,0.2421396850602091,95.36969696969699,-98.517491,0.3524590163934427,0.022437648456057006,,5,高档
202508,6901028084321,娇子(软阳光),三类烟,88.0,100.0,0.076,0.0,0.0,,1117.192,0.0,0.0,0.0,88.0,0.488,0.464,842.0,64.0,58.0,6.89,90.63,95.08,58.0,90.63,100.0,,,0.0,,,,,,,,,,,,,,,,,,2025-08-01,8,2025,1.1363636363636365,,,1.0,,0.0,0.07600950118764846,4,中高档
202508,6901028111546,南京(雨花石),一类烟,455.8,530.0,0.04,0.0,0.0,,55.72,0.0,0.0,0.0,455.8,0.04,0.0,842.0,,,0.0,,0.0,,,,,,,,,,,,,,,,,,,,,,,,2025-08-01,8,2025,1.1627906976744187,,,1.0,,0.0,,5,高档
202508,6901028075015,中华(硬),一类烟,381.6,450.0,0.704,0.472,4.50288,95400.0,342.616,67.045455,2.593932,1.390928,381.6,0.208,0.0,842.0,,,0.0,,0.0,,,,,,,,0.47,0.7,67.05,842.0,45.0,3.51,5.34,14.0,0.0,0.0,0.0,31.11,0.0,0.0,0.0,,2025-08-01,8,2025,1.1792452830188678,0.30889741676438187,725.8813559322034,-66.045455,13.749999999999998,0.005347838479809976,,5,高档
202508,6901028191142,白沙(硬),三类烟,71.0,80.0,0.052,0.0,0.0,,155.476,0.0,0.0,0.0,71.0,0.028,0.0,842.0,,,0.0,,0.0,,,,,,,,,,,,,,,,,,,,,,,,2025-08-01,8,2025,1.1267605633802817,,,1.0,,0.0,,4,中高档
202508,6901028224642,金圣(青瓷),一类烟,158.0,180.0,0.48,0.464,1.8328,39500.0,183.616,96.666667,1.178215,0.443755,158.0,0.06,0.0,842.0,259.0,,0.0,0.0,0.0,,0.0,,,,,,0.46,0.48,96.67,842.0,58.0,4.52,6.89,0.0,0.0,0.0,0.0,0.0,0.0,0.0,0.0,,2025-08-01,8,2025,1.139240506329114,0.24211861632474901,395.7241379310345,-95.666667,-0.270440251572327,0.0021767220902612827,0.30760095011876487,5,高档
202508,6901028164177,红旗渠(雪茄),四类烟,44.5,50.0,0.048,0.0,0.0,,0.036,0.0,0.0,0.0,44.5,3.208,3.184,842.0,458.0,401.0,47.62,87.55,99.25,396.0,86.99,98.75,,,0.0,,,,,,,,,,,,,,,,,,2025-08-01,8,2025,1.1235955056179776,,,1.0,,0.0,0.5439429928741093,3,中档
202508,6901028187343,黄鹤楼(硬8度),一类烟,158.0,180.0,1.396,1.36,5.372,39500.0,441.8,97.421203,3.453381,1.300668,158.0,0.052,0.0,842.0,,,0.0,,0.0,,,,,,,,1.36,1.4,97.42,842.0,171.0,10.47,20.31,0.0,0.0,0.0,0.0,0.0,0.0,0.0,0.0,2.0,2025-08-01,8,2025,1.139240506329114,0.2421198808637379,324.85294117647055,-96.421203,41.5,0.0063800475059382425,,5,高档
202508,6901028178648,黄鹤楼(珍品细支),一类烟,381.6,450.0,0.056,0.0,0.0,,116.3,0.0,0.0,0.0,381.6,0.084,0.0,842.0,,,0.0,,0.0,,,,,,,,,,,,,,,,,,,,,,,,2025-08-01,8,2025,1.1792452830188678,,,1.0,,0.0,,5,高档
202508,6901028141147,七匹狼(蓝),三类烟,71.0,80.0,16.16,16.064,26.818848,16695.0,1001.332,99.405941,17.240688,6.492298,71.0,1.132,1.12,842.0,156.0,136.0,16.15,87.18,98.94,132.0,83.83,97.06,,,0.0,,16.06,16.16,99.41,842.0,814.0,97.86,96.67,764.0,0.0,0.0,0.0,93.86,0.0,0.0,0.0,2.0,2025-08-01,8,2025,1.1267605633802817,0.24207967471235156,62.333914342629484,-98.405941,1.6077922077922078,0.031851363420427554,0.18527315914489312,4,中高档
202508,6901028057080,双喜(硬晶彩好日子),一类烟,158.0,180.0,0.044,0.032,0.1264,39500.0,112.984,72.727273,0.081289,0.030571,158.0,0.04,0.0,842.0,,,0.0,,0.0,,,,,,,,0.03,0.04,72.73,842.0,4.0,0.24,0.48,0.0,0.0,0.0,0.0,0.0,0.0,0.0,0.0,,2025-08-01,8,2025,1.139240506329114,0.24185917721518985,3530.7499999999995,-71.727273,,0.00015011876484560572,,5,高档
202508,6901028045919,云烟(软珍品),一类烟,206.7,230.0,0.276,0.24,1.2402,51675.0,375.164,86.956522,0.755822,0.341698,206.7,1.452,1.408,842.0,185.0,176.0,20.9,95.14,96.97,176.0,95.14,100.0,,,0.0,,0.24,0.28,86.96,842.0,31.0,2.14,3.68,0.0,0.0,0.0,0.0,0.0,0.0,0.0,0.0,,2025-08-01,8,2025,1.1127237542331883,0.2755184647637478,1563.1833333333334,-85.956522,-0.423076923076923,0.0014729216152019001,0.21971496437054633,5,高档
202508,6901028012003,真龙(凌云),二类烟,121.9,150.0,1.052,1.028,3.13283,30475.0,266.384,97.718631,2.013852,0.758536,121.9,0.324,0.292,842.0,842.0,67.0,7.96,7.96,90.12,65.0,5.92,97.01,,,0.0,,1.03,1.05,97.72,842.0,129.0,8.15,15.32,0.0,0.0,0.0,0.0,0.0,0.0,0.0,0.0,3.0,2025-08-01,8,2025,1.2305168170631664,0.24212485197090172,259.1284046692607,-96.718631,2.0595238095238093,0.003720700712589073,1.0,5,高档
202508,6901028145473,娇子(五粮浓香中支),一类烟,424.0,500.0,,,,,78.008,,,,424.0,,,842.0,42.0,,0.0,0.0,,,0.0,,,,,,,,,,,,,,,,,,,,,,2025-08-01,8,2025,1.179245283018868,,,,,,0.0498812351543943,5,高档
202508,6901028042963,娇子(五粮醇香),一类烟,201.4,230.0,1.168,1.144,5.76004,50350.0,161.78,97.945205,3.510744,1.586634,201.4,0.076,0.0,842.0,,,0.0,,0.0,,,,,,,,1.14,1.17,97.95,842.0,154.0,71.86,18.29,38.0,0.0,0.0,0.0,24.68,0.0,0.0,0.0,13.0,2025-08-01,8,2025,1.1420059582919562,0.2754553787820918,141.41608391608392,-96.945205,-0.6407035175879398,0.006840902612826603,,5,高档
202508,6901028180603,红金龙(硬神州腾龙),三类烟,57.24,65.0,20.76,20.668,29.575908,14310.0,4174.804,99.55684,19.01456,7.158877,57.24,0.008,0.0,842.0,,,0.0,,0.0,,,,,,,,20.67,20.76,99.56,842.0,838.0,99.94,99.52,816.0,0.0,0.0,0.0,97.37,0.0,0.0,0.0,2.0,2025-08-01,8,2025,1.1355695317959469,0.24205096256047323,201.99361331526998,-98.55684,-0.18578632209265689,0.03512578147268408,,3,中档
202508,6901028216166,利群(软蓝),一类烟,159.0,180.0,1.296,1.2,4.77,39750.0,581.592,92.592593,3.066307,1.154993,159.0,0.08,0.0,842.0,,,0.0,,0.0,,,,,,,,1.2,1.3,92.59,842.0,151.0,10.47,17.93,0.0,0.0,0.0,0.0,0.0,0.0,0.0,0.0,22.0,2025-08-01,8,2025,1.1320754716981132,0.24213689727463314,484.66,-91.592593,-0.35622317596566533,0.005665083135391924,,5,高档
202508,6901028172509,黄金叶(商鼎),一类烟,175.0,200.0,0.712,0.708,3.0975,43750.0,373.224,99.438202,1.887718,0.8534,175.0,0.08,0.0,842.0,,,0.0,,0.0,,,,,,,,0.71,0.71,99.44,842.0,82.0,6.07,9.74,0.0,0.0,0.0,0.0,0.0,0.0,0.0,0.0,1.0,2025-08-01,8,2025,1.1428571428571428,0.2755125100887813,527.1525423728814,-98.438202,-0.7617765814266487,0.0036787410926365795,,5,高档
202508,6901028136686,金圣(硬滕王阁),三类烟,97.0,110.0,0.132,0.0,0.0,,1108.784,0.0,0.0,0.0,97.0,3.476,3.332,842.0,472.0,417.0,49.52,88.35,95.86,416.0,88.24,99.76,,,0.0,,,,,,,,,,,,,,,,,,2025-08-01,8,2025,1.134020618556701,,,1.0,,0.0,0.5605700712589073,4,中高档
202508,6901028252959,黄金叶(大成),一类烟,263.0,300.0,0.12,0.096,0.6312,65750.0,39.24,80.0,0.3636,0.194988,263.0,0.048,0.0,842.0,,,0.0,,0.0,,,,,,,,0.1,0.12,80.0,842.0,12.0,0.83,1.43,0.0,0.0,0.0,0.0,0.0,0.0,0.0,0.0,12.0,2025-08-01,8,2025,1.1406844106463878,0.3089163498098859,408.75,-79.0,,0.0007496437054631829,,5,高档
202508,6901028312356,云烟(细支大重九),一类烟,848.0,1000.0,0.008,0.0,0.0,,61.084,0.0,0.0,0.0,848.0,0.0256,0.0,842.0,,,0.0,,0.0,,,,,,,,,,,,,,,,,,,,,,,,2025-08-01,8,2025,1.179245283018868,,,1.0,,0.0,,5,高档
202508,6901028092432,人民大会堂(红细支),一类烟,225.0,260.0,0.2,0.0,0.0,,25.152,0.0,0.0,0.0,225.0,0.2,0.0,842.0,,,0.0,,0.0,,,,,,,,,,,,,,,,,,,,,,,,2025-08-01,8,2025,1.1555555555555554,,,1.0,-1.0,0.0,,5,高档
202508,6901028920858,金圣(智圣出山双中支),一类烟,510.0,600.0,0.06,0.0,0.0,,25.584,0.0,0.0,0.0,510.0,0.2,0.0,842.0,,,0.0,,0.0,,,,,,,,,,,,,,,,,,,,,,,,2025-08-01,8,2025,1.1764705882352942,,,1.0,-1.0,0.0,,5,高档
202508,6901028196024,白沙(软和天下),一类烟,720.8,1000.0,0.028,0.0,0.0,,59.7,0.0,0.0,0.0,720.8,0.02,0.0,842.0,,,0.0,,0.0,,,,,,,,,,,,,,,,,,,,,,,,2025-08-01,8,2025,1.3873473917869035,,,1.0,,0.0,,5,高档
202508,6901028165365,黄金叶(天香细支),一类烟,455.8,550.0,0.06,0.0,0.0,,53.864,0.0,0.0,0.0,455.8,0.076,0.0,842.0,,,0.0,,0.0,,,,,,,,,,,,,,,,,,,,,,,,2025-08-01,8,2025,1.2066695919262835,,,1.0,-1.0,0.0,,5,高档
202508,6901028178259,黄鹤楼(1916中支),一类烟,1000.0,1200.0,0.2,0.0,0.0,,8.436,0.0,0.0,0.0,1000.0,0.056,0.0,842.0,,,0.0,,0.0,,,,,,,,,,,,,,,,,,,,,,,,2025-08-01,8,2025,1.2,,,1.0,,0.0,,5,高档
202508,6901028165860,黄金叶(天叶细支),一类烟,848.0,1000.0,0.076,0.0,0.0,,47.144,0.0,0.0,0.0,848.0,0.044,0.0,842.0,,,0.0,,0.0,,,,,,,,,,,,,,,,,,,,,,,,2025-08-01,8,2025,1.179245283018868,,,1.0,,0.0,,5,高档
202508,6901028204026,万宝路(硬冰爵2.0),一类烟,225.0,260.0,0.116,0.0,0.0,,48.032,0.0,0.0,0.0,225.0,0.024,0.0,842.0,,,0.0,,0.0,,,,,,,,,,,,,,,,,,,,,,,,2025-08-01,8,2025,1.1555555555555554,,,1.0,,0.0,,5,高档
202508,6901028241410,黄鹤楼(视窗),一类烟,300.0,350.0,0.04,0.0,0.0,,59.052,0.0,0.0,0.0,300.0,0.244,0.0,842.0,,,0.0,,0.0,,,,,,,,,,,,,,,,,,,,,,,,2025-08-01,8,2025,1.1666666666666667,,,1.0,,0.0,,5,高档
202508,6901028212229,中华(细支),一类烟,424.0,500.0,0.2,0.0,0.0,,37.972,0.0,0.0,0.0,424.0,0.48,0.24,842.0,15.0,15.0,1.78,100.0,50.0,15.0,100.0,100.0,,,0.0,,,,,,,,,,,,,,,,,,2025-08-01,8,2025,1.179245283018868,,,1.0,,0.0,0.017814726840855107,5,高档
202508,6901028212137,中华(金细支),一类烟,678.4,800.0,0.2,0.0,0.0,,20.008,0.0,0.0,0.0,678.4,0.2,0.0,842.0,,,0.0,,0.0,,,,,,,,,,,,,,,,,,,,,,,,2025-08-01,8,2025,1.179245283018868,,,1.0,,0.0,,5,高档
202508,6901028300063,南京(红),二类烟,114.5,130.0,0.2,0.0,0.0,,25.696,0.0,0.0,0.0,114.5,0.08,0.0,842.0,,,0.0,,0.0,,,,,,,,,,,,,,,,,,,,,,,,2025-08-01,8,2025,1.1353711790393013,,,1.0,-1.0,0.0,,5,高档
202508,6901028133081,金圣(青瓷中支),一类烟,175.0,200.0,0.1,0.0,0.0,,34.136,0.0,0.0,0.0,175.0,0.2,0.0,842.0,,,0.0,,0.0,,,,,,,,,,,,,,,,,,,,,,,,2025-08-01,8,2025,1.1428571428571428,,,1.0,,0.0,,5,高档
202508,6901028190374,黄鹤楼(硬15细支),一类烟,848.0,1000.0,0.02,0.0,0.0,,9.1,0.0,0.0,0.0,848.0,3.204,3.12,842.0,657.0,336.0,39.9,51.14,97.38,336.0,54.85,100.0,,,0.0,,,,,,,,,,,,,,,,,,2025-08-01,8,2025,1.179245283018868,,,1.0,,0.0,0.7802850356294537,5,高档
202508,6901028125888,黄山(徽商新视界细支),一类烟,678.4,800.0,0.08,0.0,0.0,,0.02,0.0,0.0,0.0,678.4,0.08,0.0,842.0,,,0.0,,0.0,,,,,,,,,,,,,,,,,,,,,,,,2025-08-01,8,2025,1.179245283018868,,,1.0,,0.0,,5,高档
202508,6901028169967,黄金叶(天叶),一类烟,678.4,1000.0,0.044,0.0,0.0,,53.184,0.0,0.0,0.0,678.4,0.712,0.708,842.0,102.0,82.0,9.74,80.39,99.44,81.0,81.19,98.78,,,0.0,,,,,,,,,,,,,,,,,,2025-08-01,8,2025,1.474056603773585,,,1.0,,0.0,0.12114014251781473,5,高档
202508,6901028133333,金圣(青瓷细支),一类烟,225.0,260.0,0.2,0.0,0.0,,24.388,0.0,0.0,0.0,225.0,0.132,0.0,842.0,,,0.0,,0.0,,,,,,,,,,,,,,,,,,,,,,,,2025-08-01,8,2025,1.1555555555555554,,,1.0,-1.0,0.0,,5,高档
202508,6901028180788,黄鹤楼(硬15),一类烟,848.0,1000.0,0.052,0.0,0.0,,15.344,0.0,0.0,0.0,848.0,4.388,4.3,842.0,524.0,500.0,59.38,95.42,97.99,495.0,94.8,99.0,,,0.0,,,,,,,,,,,,,,,,,,2025-08-01,8,2025,1.179245283018868,,,1.0,-1.0,0.0,0.6223277909738717,5,高档
202508,8888075005524,555金·锐,二类烟,137.8,160.0,0.024,0.0,0.0,,30.98,0.0,0.0,0.0,137.8,0.2,0.0,842.0,,,0.0,,0.0,,,,,,,,,,,,,,,,,,,,,,,,2025-08-01,8,2025,1.1611030478955007,,,1.0,,0.0,,5,高档
202508,6901028247375,双喜(春天·咖路里),一类烟,225.0,260.0,0.336,0.136,0.765,56250.0,28.236,40.47619,0.466242,0.210749,225.0,5.16,5.108,842.0,547.0,526.0,62.47,96.16,98.99,524.0,96.3,99.62,,,0.0,,0.14,0.34,40.48,842.0,17.0,1.13,2.02,0.0,0.0,0.0,0.0,0.0,0.0,0.0,0.0,13.0,2025-08-01,8,2025,1.1555555555555554,0.2754888888888889,207.6176470588235,-39.47619,3.25,0.0009085510688836105,0.649643705463183,5,高档
202508,6901028100274,长白山(777),二类烟,121.9,150.0,0.2,0.0,0.0,,144.976,0.0,0.0,0.0,121.9,0.252,0.032,842.0,4.0,4.0,0.48,100.0,12.7,4.0,100.0,100.0,,,0.0,,,,,,,,,,,,,,,,,,2025-08-01,8,2025,1.2305168170631664,,,1.0,,0.0,0.004750593824228029,5,高档
202508,6901028324830,红塔山(细支传奇),二类烟,155.0,180.0,0.732,0.528,2.046,38750.0,150.204,72.131148,1.315248,0.495396,155.0,0.032,0.0,842.0,,,0.0,,0.0,,,,,,,,0.53,0.73,72.13,842.0,66.0,4.82,7.84,0.0,0.0,0.0,0.0,0.0,0.0,0.0,0.0,8.0,2025-08-01,8,2025,1.1612903225806452,0.24212903225806454,284.47727272727275,-71.131148,-0.13725490196078427,0.0024299287410926365,,5,高档
202508,6901028051989,云烟(软大重九),一类烟,720.8,980.0,0.016,0.0,0.0,,,,,,720.8,0.008,0.0,842.0,,,0.0,,0.0,,,,,,,,,,,,,,,,,,,,,,,,2025-08-01,8,2025,1.3596004439511655,,,,,0.0,,5,高档
202509,6901028104692,龙烟(呈祥),二类烟,129.3,150.0,,,,,0.0,,,,,,,,,,,,,,,,,,,,,,,,,,,,,,,,,,,,2025-09-01,9,2025,1.160092807424594,,,,,,,5,高档
202509,6901028190602,黄鹤楼(软雪之景),二类烟,121.9,140.0,11.14,11.072,33.74192,30475.0,447.048,99.389587,21.690503,8.1693,121.9,,,846.0,,,0.0,,,,,,,,,,11.07,11.14,99.39,846.0,813.0,101.91,96.1,574.0,0.0,0.0,0.0,70.6,0.0,0.0,0.0,17.0,2025-09-01,9,2025,1.1484823625922886,0.24211129657114946,40.3764450867052,-98.389587,2.5487179487179485,0.03988406619385343,,5,高档
202509,6901028118828,利群(长嘴),一类烟,190.8,220.0,0.304,0.288,1.37376,47700.0,429.164,94.736842,0.837598,0.378122,190.8,,,846.0,,,0.0,,,,,,,,,,0.29,0.3,94.74,846.0,37.0,2.96,4.37,0.0,0.0,0.0,0.0,0.0,0.0,0.0,0.0,,2025-09-01,9,2025,1.1530398322851152,0.27524604006522246,1490.1527777777778,-93.736842,inf,0.0016238297872340427,,5,高档
202509,6901028301695,南京(软九五),一类烟,720.8,1000.0,,,,,18.46,,,,720.8,0.088,0.0,846.0,,,0.0,,0.0,,,,,,,,,,,,,,,,,,,,,,,,2025-09-01,9,2025,1.3873473917869035,,,,,,,5,高档
202509,6901028339957,云烟(细支云龙),二类烟,129.3,150.0,9.26,9.224,29.81658,32325.0,1974.68,99.611231,19.167472,7.218925,129.3,8.92,8.856,846.0,573.0,781.0,92.32,136.3,99.28,777.0,93.89,99.49,,,0.0,,9.22,9.26,99.61,846.0,678.0,105.08,80.14,472.0,0.0,0.0,0.0,69.62,0.0,0.0,0.0,20.0,2025-09-01,9,2025,1.160092807424594,0.2421111006024165,214.08065915004337,-98.611231,1.1020966271649955,0.03524418439716312,0.6773049645390071,5,高档
202509,6901028124058,黄山(黑马细支),一类烟,225.0,260.0,0.212,0.208,1.17,56250.0,168.08,98.113208,0.713076,0.322322,225.0,,,846.0,,,0.0,,,,,,,,,,0.21,0.21,98.11,846.0,26.0,3.18,3.07,0.0,0.0,0.0,0.0,0.0,0.0,0.0,0.0,,2025-09-01,9,2025,1.1555555555555554,0.2754888888888889,808.0769230769232,-97.113208,0.625,0.0013829787234042553,,5,高档
202509,6901028177771,大青山(昭君和亲),二类烟,129.3,150.0,,,,,0.0,,,,,,,,,,,,,,,,,,,,,,,,,,,,,,,,,,,,2025-09-01,9,2025,1.160092807424594,,,,,,,5,高档
202509,6901028221351,贵烟(新贵),三类烟,93.28,110.0,,,,,293.452,,,,93.28,0.552,0.544,846.0,36.0,61.0,7.21,169.44,98.55,61.0,90.67,100.0,,,0.0,,,,,,,,,,,,,,,,,,2025-09-01,9,2025,1.179245283018868,,,,,,0.0425531914893617,4,中高档
202509,6901028218634,黄鹤楼(硬1916红爆),一类烟,720.8,1000.0,0.004,0.0,0.0,,16.228,0.0,0.0,0.0,720.8,,,846.0,,,0.0,,,,,,,,,,,,,,,,,,,,,,,,,,2025-09-01,9,2025,1.3873473917869035,,,1.0,,0.0,,5,高档
202509,6901028207508,利群(软红长嘴),一类烟,190.8,220.0,0.008,0.0,0.0,,72.252,0.0,0.0,0.0,190.8,1.6,1.476,846.0,165.0,186.0,21.99,112.73,92.25,183.0,73.51,98.39,,,0.0,,,,,,,,,,,,,,,,,,2025-09-01,9,2025,1.1530398322851152,,,1.0,-1.0,0.0,0.1950354609929078,5,高档
202509,6901028005036,双喜(硬金五叶神),二类烟,121.9,140.0,0.596,0.592,1.80412,30475.0,578.564,99.328859,1.159728,0.436822,121.9,0.376,0.152,846.0,29.0,19.0,2.25,65.52,40.43,19.0,57.58,100.0,,,0.0,,0.59,0.6,99.33,846.0,74.0,6.63,8.75,0.0,0.0,0.0,0.0,0.0,0.0,0.0,0.0,,2025-09-01,9,2025,1.1484823625922886,0.24212469237079573,977.3040540540541,-98.328859,0.3831775700934579,0.002132529550827423,0.034278959810874705,5,高档
202509,6901028079990,钻石(荷花),一类烟,275.6,320.0,2.0,1.976,13.61464,68900.0,331.464,98.8,7.843924,4.204488,275.6,8.612,8.552,846.0,667.0,629.0,74.35,94.3,99.3,628.0,93.69,99.84,,,0.0,,1.98,2.0,98.8,846.0,248.0,17.93,29.31,0.0,0.0,0.0,0.0,0.0,0.0,0.0,0.0,1.0,2025-09-01,9,2025,1.1611030478955007,0.3088210925885664,167.74493927125505,-97.8,0.764285714285714,0.016092955082742316,0.7884160756501182,5,高档
202509,6901028940504,红金龙(硬新版),四类烟,44.5,50.0,20.44,20.296,22.5793,11125.0,2230.02,99.295499,15.080857,4.900555,44.5,,,846.0,,,0.0,,,,,,,,,,20.3,20.44,99.3,846.0,844.0,118.98,99.76,758.0,0.0,0.0,0.0,89.81,0.0,0.0,0.0,8.0,2025-09-01,9,2025,1.1235955056179776,0.21703750780582215,109.87485218762318,-98.295499,1.0015779092702166,0.026689479905437352,,3,中档
202509,6901028010115,中南海(典8),三类烟,97.0,110.0,0.092,0.0,0.0,,109.76,0.0,0.0,0.0,97.0,,,846.0,,,0.0,,,,,,,,,,,,,,,,,,,,,,,,,,2025-09-01,9,2025,1.134020618556701,,,1.0,,0.0,,4,中高档
202509,6901028317177,玉溪(软),一类烟,201.4,230.0,4.74,4.672,23.52352,50350.0,1529.816,98.565401,14.336248,6.481016,201.4,14.636,14.552,846.0,574.0,821.0,97.04,143.03,99.43,818.0,97.48,99.63,,,0.0,,4.67,4.74,98.57,846.0,389.0,79.18,45.98,189.0,0.0,0.0,0.0,48.59,0.0,0.0,0.0,6.0,2025-09-01,9,2025,1.1420059582919562,0.27551216824692903,327.44349315068496,-97.565401,1.1831775700934575,0.027805579196217494,0.6784869976359338,5,高档
202509,6901028937832,好猫(长乐九美),一类烟,175.0,200.0,2.108,2.092,9.1525,43750.0,241.844,99.240987,5.577795,2.521651,175.0,,,846.0,,,0.0,,,,,,,,,,2.09,2.11,99.24,846.0,202.0,37.97,23.88,66.0,0.0,0.0,0.0,32.67,0.0,0.0,0.0,84.0,2025-09-01,9,2025,1.1428571428571428,0.2755149959027588,115.60420650095601,-98.240987,4.5638297872340425,0.01081855791962175,,5,高档
202509,6901028042758,娇子(宽窄逍遥),一类烟,678.4,800.0,,,,,5.264,,,,678.4,,,846.0,,,0.0,,,,,,,,,,,,,,,,,,,,,,,,,,2025-09-01,9,2025,1.179245283018868,,,,,,,5,高档
202509,6901028159548,泰山(硬红八喜),三类烟,57.24,65.0,26.204,26.116,37.371996,14310.0,490.024,99.664173,24.02672,9.045924,57.24,0.488,0.444,846.0,33.0,56.0,6.62,169.7,90.98,55.0,90.98,98.21,,,0.0,,26.12,26.2,99.66,846.0,754.0,117.22,89.13,643.0,0.0,0.0,0.0,85.28,0.0,0.0,0.0,12.0,2025-09-01,9,2025,1.1355695317959469,0.24205086610840906,18.76336345535304,-98.664173,0.540585181689476,0.04417493617021277,0.03900709219858156,3,中档
202509,6901028143448,万宝路(软红2.0),二类烟,143.1,160.0,,,,,14.884,,,,143.1,0.032,0.032,846.0,4.0,4.0,0.47,100.0,100.0,4.0,100.0,100.0,,,0.0,,,,,,,,,,,,,,,,,,2025-09-01,9,2025,1.1180992313067786,,,,,,0.004728132387706856,5,高档
202509,6901028218184,黄鹤楼(感恩中支),一类烟,225.0,260.0,0.356,0.32,1.8,56250.0,179.032,89.88764,1.097108,0.495812,225.0,0.068,0.064,846.0,,7.0,0.83,,94.12,7.0,200.0,100.0,,,0.0,,0.32,0.36,89.89,846.0,40.0,2.82,4.73,0.0,0.0,0.0,0.0,0.0,0.0,0.0,0.0,,2025-09-01,9,2025,1.1555555555555554,0.2754511111111111,559.475,-88.88764,inf,0.002127659574468085,,5,高档
202509,6901028092838,人民大会堂(硬红细支),二类烟,139.92,160.0,,,,,49.792,,,,,,,,,,,,,,,,,,,,,,,,,,,,,,,,,,,,2025-09-01,9,2025,1.1435105774728418,,,,,,,5,高档
202509,6901028331296,云烟(黑金刚印象),一类烟,466.4,600.0,,,,,0.016,,,,,,,,,,,,,,,,,,,,,,,,,,,,,,,,,,,,2025-09-01,9,2025,1.2864493996569468,,,,,,,5,高档
202509,6901028178105,黄鹤楼(硬天下胜景),一类烟,212.0,260.0,,,,,8.864,,,,212.0,0.108,0.0,846.0,,,0.0,,0.0,,,,,,,,,,,,,,,,,,,,,,,,2025-09-01,9,2025,1.2264150943396226,,,,,,,5,高档
202509,6901028080521,钻石(细支荷花),一类烟,360.4,420.0,,,,,76.62,,,,360.4,,,846.0,,,0.0,,,,,,,,,,,,,,,,,,,,,,,,,,2025-09-01,9,2025,1.165371809100999,,,,,,,5,高档
202509,6901028084925,长城(醇雅薄荷),一类烟,158.4,180.0,3.5604,3.4704,15.26976,44000.0,294.8976,97.472194,9.196561,4.31632,158.4,,,846.0,,,0.0,,,,,,,,,,3.47,3.56,97.47,846.0,362.0,93.51,42.79,131.0,0.0,0.0,0.0,36.19,0.0,0.0,0.0,129.0,2025-09-01,9,2025,1.1363636363636362,0.28267110943459495,84.97510373443983,-96.472194,6.194029850746269,0.018049361702127658,,5,高档
202509,6901028180603,红金龙(硬神州腾龙),三类烟,57.24,65.0,40.548,40.336,57.720816,14310.0,4387.496,99.477163,37.10912,13.971374,57.24,0.104,0.0,846.0,,,0.0,,0.0,,,,,,,,40.34,40.55,99.48,846.0,833.0,118.98,98.46,724.0,0.0,0.0,0.0,86.91,0.0,0.0,0.0,7.0,2025-09-01,9,2025,1.1355695317959469,0.24205087467924918,108.77370091233638,-98.477163,0.9516160247725953,0.06822791489361701,,3,中档
202509,6901028042963,娇子(五粮醇香),一类烟,201.4,230.0,,,,,204.364,,,,201.4,0.024,0.0,846.0,,,0.0,,0.0,,,,,,,,,,,,,,,,,,,,,,,,2025-09-01,9,2025,1.1420059582919562,,,,,,,5,高档
202509,6901028145473,娇子(五粮浓香中支),一类烟,424.0,500.0,0.664,0.632,6.6992,106000.0,65.6,95.180723,3.859711,2.068765,424.0,,,846.0,17.0,,0.0,0.0,,,0.0,,,,,,0.63,0.66,95.18,846.0,74.0,45.73,8.75,8.0,0.0,0.0,0.0,10.81,0.0,0.0,0.0,62.0,2025-09-01,9,2025,1.179245283018868,0.30880776809171245,103.79746835443036,-94.180723,,0.007918676122931442,0.02009456264775414,5,高档
202509,6901028218757,黄鹤楼(硬蓝),一类烟,175.0,200.0,,,,,217.044,,,,175.0,3.836,3.816,846.0,387.0,478.0,56.5,123.51,99.48,474.0,78.84,99.16,,,0.0,,,,,,,,,,,,,,,,,,2025-09-01,9,2025,1.1428571428571428,,,,,,0.4574468085106383,5,高档
202509,6901028114455,苏烟(软金砂),一类烟,381.6,450.0,0.008,0.0,0.0,,19.276,0.0,0.0,0.0,381.6,0.132,0.004,846.0,,1.0,0.12,,3.03,1.0,,100.0,,,0.0,,,,,,,,,,,,,,,,,,2025-09-01,9,2025,1.1792452830188678,,,1.0,,0.0,,5,高档
202509,6901028062329,南京(十二钗烤烟),一类烟,243.8,280.0,,,,,158.008,,,,243.8,6.06,5.936,846.0,680.0,650.0,76.83,95.59,97.95,648.0,95.99,99.69,,,0.0,,,,,,,,,,,,,,,,,,2025-09-01,9,2025,1.1484823625922886,,,,,,0.8037825059101655,5,高档
202509,6901028123266,黄山(硬记忆),三类烟,88.0,100.0,0.128,0.0,0.0,,241.096,0.0,0.0,0.0,88.0,0.212,0.208,846.0,35.0,26.0,3.07,74.29,98.11,26.0,57.78,100.0,,,0.0,,0.0,0.13,3.03,846.0,1.0,0.0,0.12,0.0,0.0,0.0,0.0,0.0,0.0,0.0,0.0,,2025-09-01,9,2025,1.1363636363636365,,,1.0,,0.0,0.041371158392434985,4,中高档
202509,6901028204026,万宝路(硬冰爵2.0),一类烟,225.0,260.0,0.032,0.032,0.18,56250.0,56.94,100.0,0.111336,0.047956,225.0,,,846.0,,,0.0,,,,,,,,,,0.03,0.03,100.0,846.0,4.0,0.28,0.47,0.0,0.0,0.0,0.0,0.0,0.0,0.0,0.0,4.0,2025-09-01,9,2025,1.1555555555555554,0.2664222222222222,1779.375,-99.0,inf,0.0002127659574468085,,5,高档
202509,6901028155557,泰山(颜悦),一类烟,167.48,190.0,1.596,1.476,6.180012,41870.0,311.304,92.481203,3.972654,1.496295,167.48,,,846.0,,,0.0,,,,,,,,,,1.48,1.6,92.48,846.0,186.0,19.27,21.99,0.0,0.0,0.0,0.0,0.0,0.0,0.0,0.0,52.0,2025-09-01,9,2025,1.1344638165751135,0.24211846190589922,210.91056910569105,-91.481203,0.40839694656488534,0.007304978723404255,,5,高档
202509,6901028937535,好猫(金猴王),三类烟,71.0,80.0,0.004,0.0,0.0,,670.82,0.0,0.0,0.0,71.0,2.108,2.092,846.0,362.0,202.0,23.88,55.8,99.24,194.0,48.61,96.04,,,0.0,,,,,,,,,,,,,,,,,,2025-09-01,9,2025,1.1267605633802817,,,1.0,,0.0,0.42789598108747046,4,中高档
202509,6901028187343,黄鹤楼(硬8度),一类烟,158.0,180.0,1.276,1.264,4.9928,39500.0,396.308,99.059561,3.21013,1.20834,158.0,0.048,0.048,846.0,7.0,6.0,0.71,85.71,100.0,6.0,85.71,100.0,,,0.0,,1.26,1.28,99.06,846.0,158.0,12.28,18.68,0.0,0.0,0.0,0.0,0.0,0.0,0.0,0.0,,2025-09-01,9,2025,1.139240506329114,0.24201650376542222,313.5348101265823,-98.059561,-0.07058823529411773,0.005901654846335697,0.008274231678486997,5,高档
202509,6901028219839,黄鹤楼(硬祝福),一类烟,167.48,200.0,,,,,0.0,,,,,,,,,,,,,,,,,,,,,,,,,,,,,,,,,,,,2025-09-01,9,2025,1.1941724385001196,,,,,,,5,高档
202509,6901028111270,南京(炫赫门),二类烟,155.0,180.0,6.06,5.936,23.002,38750.0,445.74,97.953795,14.787012,5.56897,155.0,,,846.0,,,0.0,,,,,,,,,,5.94,6.06,97.95,846.0,650.0,51.31,76.83,47.0,0.0,0.0,0.0,7.23,0.0,0.0,0.0,15.0,2025-09-01,9,2025,1.1612903225806452,0.2421080775584732,75.09097035040432,-96.953795,-0.24936772888214476,0.027189125295508272,,5,高档
202509,6901028177214,冬虫夏草(和润),一类烟,424.0,500.0,0.016,0.016,0.1696,106000.0,89.58,100.0,0.0977,0.052388,424.0,0.164,0.0,846.0,,,0.0,,0.0,,,,,,,,0.02,0.02,100.0,846.0,2.0,0.28,0.24,0.0,0.0,0.0,0.0,0.0,0.0,0.0,0.0,,2025-09-01,9,2025,1.179245283018868,0.30889150943396226,5598.75,-99.0,-0.9436619718309859,0.0002004728132387707,,5,高档
202509,6901028150378,泰山(望岳),一类烟,167.48,190.0,0.044,0.0,0.0,,79.764,0.0,0.0,0.0,167.48,3.26,3.188,846.0,473.0,406.0,47.99,85.84,97.79,393.0,59.57,96.8,,,0.0,,,,,,,,,,,,,,,,,,2025-09-01,9,2025,1.1344638165751135,,,1.0,,0.0,0.5591016548463357,5,高档
202509,6901028080224,钻石(硬特醇),四类烟,44.5,50.0,8.58,8.52,9.4785,11125.0,695.364,99.300699,6.330387,2.057553,44.5,,,846.0,,,0.0,,,,,,,,,,8.55,8.61,99.3,846.0,629.0,47.07,74.35,3.0,0.0,0.0,0.0,0.48,0.0,0.0,0.0,2.0,2025-09-01,9,2025,1.1235955056179776,0.21707580313340719,81.61549295774648,-98.300699,0.35841836734693855,0.01120390070921986,,3,中档
202509,6901028184304,黄鹤楼(硬平安),一类烟,720.8,1000.0,0.008,0.0,0.0,,32.296,0.0,0.0,0.0,720.8,75.592,75.3,846.0,846.0,843.0,99.65,99.65,99.61,821.0,96.54,97.39,,,0.0,,,,,,,,,,,,,,,,,,2025-09-01,9,2025,1.3873473917869035,,,1.0,,0.0,1.0,5,高档
202509,6901028160285,黄金叶(乐途),二类烟,121.9,140.0,3.88,3.876,11.81211,30475.0,1183.944,99.896907,7.593085,2.860008,121.9,0.008,0.008,846.0,,2.0,0.24,,100.0,2.0,,100.0,,,0.0,,3.88,3.88,99.9,846.0,410.0,49.82,48.46,80.0,0.0,0.0,0.0,19.51,0.0,0.0,0.0,4.0,2025-09-01,9,2025,1.1484823625922886,0.2421250733357546,305.45510835913313,-98.896907,-0.2973168963016679,0.013962304964539008,,5,高档
202509,6901028324830,红塔山(细支传奇),二类烟,155.0,180.0,0.46,0.336,1.302,38750.0,75.228,73.043478,0.836976,0.315252,155.0,,,846.0,,,0.0,,,,,,,,,,0.34,0.46,73.04,846.0,42.0,3.74,4.96,0.0,0.0,0.0,0.0,0.0,0.0,0.0,0.0,1.0,2025-09-01,9,2025,1.1612903225806452,0.24212903225806448,223.8928571428571,-72.043478,-0.36363636363636365,0.0015390070921985817,,5,高档
202509,6901028118187,利群(新版),二类烟,143.1,160.0,14.62,14.536,52.00254,35775.0,1873.02,99.425445,33.43159,12.58816,143.1,0.304,0.288,846.0,28.0,37.0,4.37,132.14,94.74,35.0,85.71,94.59,,,0.0,,14.55,14.64,99.43,846.0,821.0,85.53,97.04,360.0,3.0,0.0,0.0,43.85,0.37,0.0,0.0,7.0,2025-09-01,9,2025,1.1180992313067786,0.2420681759006387,128.85388002201432,-98.425445,0.29971387696709595,0.06146872340425532,0.03309692671394799,5,高档
202509,6901028184250,黄鹤楼(硬1916),一类烟,848.0,1000.0,0.004,0.0,0.0,,0.744,0.0,0.0,0.0,848.0,0.008,0.0,846.0,,,0.0,,0.0,,,,,,,,,,,,,,,,,,,,,,,,2025-09-01,9,2025,1.179245283018868,,,1.0,,0.0,,5,高档
202509,6901028179492,红金龙(软蓝九州腾龙),四类烟,38.16,45.0,15.344,15.224,14.523696,9540.0,150.088,99.217935,9.7015,3.151362,38.16,40.548,40.336,846.0,846.0,833.0,98.46,98.46,99.48,824.0,93.54,98.92,,,0.0,,15.29,15.41,99.22,846.0,834.0,85.53,98.58,366.0,3.0,0.0,0.0,43.88,0.36,0.0,0.0,5.0,2025-09-01,9,2025,1.179245283018868,0.21698071895748852,9.858644245927483,-98.217935,-0.4573709723410322,0.017167489361702128,1.0,3,中档
202509,6901028143585,七匹狼(蓝钻),二类烟,114.5,130.0,0.084,0.0,0.0,,0.0,0.0,0.0,0.0,114.5,5.98,5.916,846.0,476.0,672.0,79.43,141.18,98.93,670.0,94.08,99.7,,,0.0,,,,,,,,,,,,,,,,,,2025-09-01,9,2025,1.1353711790393013,,,1.0,,0.0,0.5626477541371159,5,高档
202509,6901028018722,中华(双中支),一类烟,424.0,500.0,,,,,109.432,,,,424.0,0.296,0.288,846.0,37.0,36.0,4.26,97.3,97.3,36.0,97.3,100.0,,,0.0,,,,,,,,,,,,,,,,,,2025-09-01,9,2025,1.179245283018868,,,,,,0.04373522458628842,5,高档
202509,6901028063371,白沙(硬新精品二代),三类烟,97.0,110.0,3.324,3.288,7.9734,24250.0,906.36,98.916968,5.125169,1.930879,97.0,0.016,0.0,846.0,,,0.0,,0.0,,,,,,,,3.29,3.32,98.92,846.0,412.0,33.45,48.7,0.0,0.0,0.0,0.0,0.0,0.0,0.0,0.0,11.0,2025-09-01,9,2025,1.134020618556701,0.2421650738706198,275.6569343065694,-97.916968,-0.35630383711824587,0.00942482269503546,,4,中高档
202509,6901028042635,娇子(宽窄好运),一类烟,263.0,300.0,0.412,0.408,2.6826,65750.0,294.012,99.029126,1.545862,0.828132,263.0,,,846.0,,,0.0,,,,,,,,,,0.41,0.41,99.03,846.0,54.0,25.26,6.38,2.0,0.0,0.0,0.0,3.7,0.0,0.0,0.0,10.0,2025-09-01,9,2025,1.1406844106463878,0.30870498769850147,720.6176470588235,-98.029126,-0.7205479452054795,0.0031709219858156025,,5,高档
202509,6901028188029,黄鹤楼(硬峡谷情细支),一类烟,263.0,300.0,3.952,3.912,25.7214,65750.0,555.32,98.987854,14.817157,7.945223,263.0,11.32,11.236,846.0,845.0,805.0,95.15,95.27,99.26,803.0,92.95,99.75,,,0.0,,3.91,3.95,98.99,846.0,252.0,32.75,29.79,158.0,0.0,0.0,0.0,62.7,0.0,0.0,0.0,201.0,2025-09-01,9,2025,1.1406844106463878,0.30889543337454417,141.95296523517385,-97.987854,4.686046511627907,0.03040354609929078,0.9988179669030733,5,高档
202509,6901028039758,贵烟(硬黄精品),二类烟,114.5,130.0,0.144,0.144,0.4122,28625.0,31.36,100.0,0.264984,0.099786,114.5,,,846.0,,,0.0,,,,,,,,,,0.14,0.14,100.0,846.0,18.0,1.34,2.13,0.0,0.0,0.0,0.0,0.0,0.0,0.0,0.0,,2025-09-01,9,2025,1.1353711790393013,0.24208151382823873,217.7777777777778,-99.0,-0.052631578947368474,0.0004872340425531915,,5,高档
202509,6901028151634,泰山(白将军),二类烟,114.5,130.0,3.26,3.188,9.12565,28625.0,133.08,97.791411,5.86592,2.20969,114.5,,,846.0,,,0.0,,,,,,,,,,3.19,3.26,97.79,846.0,406.0,47.28,47.99,0.0,0.0,0.0,0.0,0.0,0.0,0.0,0.0,59.0,2025-09-01,9,2025,1.1353711790393013,0.2421405598505312,41.74404015056462,-96.791411,2.200803212851406,0.010786820330969267,,5,高档
202509,6901028058148,好猫(细支长乐),二类烟,139.92,160.0,0.068,0.04,0.13992,34980.0,124.496,58.823529,0.08995,0.033875,139.92,,,846.0,,,0.0,,,,,,,,,,0.04,0.07,58.82,846.0,4.0,0.56,0.47,1.0,0.0,0.0,0.0,25.0,0.0,0.0,0.0,,2025-09-01,9,2025,1.1435105774728418,0.24210263007432822,3112.3999999999996,-57.823529,-0.8529411764705882,0.0001653900709219858,,5,高档
202509,4891132530116,红双喜(南洋经典),三类烟,67.95,80.0,0.008,0.0,0.0,,13.864,0.0,0.0,0.0,67.95,0.032,0.032,846.0,4.0,4.0,0.47,100.0,100.0,4.0,100.0,100.0,,,0.0,,,,,,,,,,,,,,,,,,2025-09-01,9,2025,1.177336276674025,,,1.0,,0.0,0.004728132387706856,4,中高档
202509,6901028025645,娇子(时代阳光),三类烟,71.0,80.0,14.972,14.912,26.4688,17750.0,527.364,99.599252,17.015555,6.407846,71.0,0.412,0.408,846.0,307.0,54.0,6.38,17.59,99.03,44.0,14.25,81.48,,,0.0,,14.91,14.97,99.6,846.0,791.0,118.98,93.5,700.0,0.0,0.0,0.0,88.5,0.0,0.0,0.0,15.0,2025-09-01,9,2025,1.1267605633802817,0.24209053678292933,35.365075107296136,-98.599252,3.2411831626848695,0.03128699763593381,0.3628841607565012,4,中高档
202509,6901028936996,好猫(招财猫1600),一类烟,158.0,180.0,,,,,47.9,,,,158.0,0.004,0.0,846.0,,,0.0,,0.0,,,,,,,,,,,,,,,,,,,,,,,,2025-09-01,9,2025,1.139240506329114,,,,,,,5,高档
202509,6901028013611,真龙(海韵),一类烟,445.2,500.0,,,,,28.028,,,,445.2,0.192,0.08,846.0,11.0,10.0,1.18,90.91,41.67,10.0,66.67,100.0,,,0.0,,,,,,,,,,,,,,,,,,2025-09-01,9,2025,1.1230907457322552,,,,,,0.013002364066193853,5,高档
202509,6901028252959,黄金叶(大成),一类烟,263.0,300.0,0.064,0.064,0.4208,65750.0,22.108,100.0,0.2424,0.129992,263.0,0.048,0.0,846.0,,,0.0,,0.0,,,,,,,,0.06,0.06,100.0,846.0,8.0,0.78,0.95,0.0,0.0,0.0,0.0,0.0,0.0,0.0,0.0,4.0,2025-09-01,9,2025,1.1406844106463878,0.3089163498098859,345.4375,-99.0,-0.33333333333333337,0.0004973995271867612,,5,高档
202509,6901028242066,黄鹤楼(硬峡谷情),一类烟,339.2,400.0,0.02,0.0,0.0,,88.952,0.0,0.0,0.0,339.2,,,846.0,574.0,,0.0,0.0,,,0.0,,,,,,,,,,,,,,,,,,,,,,2025-09-01,9,2025,1.179245283018868,,,1.0,,0.0,0.6784869976359338,5,高档
202509,6901028207089,利群(蓝天),二类烟,143.1,160.0,,,,,0.02,,,,,,,,,,,,,,,,,,,,,,,,,,,,,,,,,,,,2025-09-01,9,2025,1.1180992313067786,,,,,,,5,高档
202509,6901028218603,黄鹤楼(硬1916如意),一类烟,763.2,900.0,0.036,0.032,0.61056,190800.0,70.016,88.888889,0.351698,0.188622,763.2,0.004,0.0,846.0,,,0.0,,0.0,,,,,,,,0.06,0.07,94.12,846.0,7.0,0.28,0.83,0.0,0.0,0.0,0.0,0.0,0.0,0.0,0.0,,2025-09-01,9,2025,1.1792452830188678,0.30893278301886795,2188.0,-87.888889,-0.7894736842105263,0.0007217021276595745,,5,高档
202509,6901028227438,龙凤呈祥(软魅力朝天门),三类烟,97.0,110.0,,,,,175.836,,,,97.0,0.032,0.032,846.0,,4.0,0.47,,100.0,4.0,100.0,100.0,,,0.0,,,,,,,,,,,,,,,,,,2025-09-01,9,2025,1.134020618556701,,,,,,,4,中高档
202509,6901028189057,黄鹤楼(硬雪之景),二类烟,121.9,140.0,,,,,503.492,,,,,,,,,,,,,,,,,,,,,,,,,,,,,,,,,,,,2025-09-01,9,2025,1.1484823625922886,,,,,,,5,高档
202509,6901028179324,黄鹤楼(硬珍品),一类烟,339.2,400.0,0.276,0.256,2.17088,84800.0,914.608,92.753623,1.251282,0.669838,339.2,23.488,23.352,846.0,845.0,711.0,84.04,84.14,99.42,680.0,76.04,95.64,,,0.0,,0.26,0.28,92.75,846.0,32.0,2.26,3.78,0.0,0.0,0.0,0.0,0.0,0.0,0.0,0.0,,2025-09-01,9,2025,1.179245283018868,0.30855597729952833,3572.6874999999995,-91.753623,inf,0.002566052009456265,0.9988179669030733,5,高档
202509,6901028045919,云烟(软珍品),一类烟,206.7,230.0,0.064,0.056,0.28938,51675.0,382.964,87.5,0.176358,0.07973,206.7,8.132,8.108,846.0,573.0,669.0,79.08,116.75,99.7,659.0,81.93,98.51,,,0.0,,0.06,0.06,87.5,846.0,7.0,0.49,0.83,0.0,0.0,0.0,0.0,0.0,0.0,0.0,0.0,,2025-09-01,9,2025,1.1127237542331883,0.27552007740686985,6838.642857142857,-86.5,-0.7666666666666666,0.0003420567375886525,0.6773049645390071,5,高档
202509,6901028165365,黄金叶(天香细支),一类烟,455.8,550.0,,,,,42.988,,,,455.8,,,846.0,,,0.0,,,,,,,,,,,,,,,,,,,,,,,,,,2025-09-01,9,2025,1.2066695919262835,,,,,,,5,高档
202509,6901028057080,双喜(硬晶彩好日子),一类烟,158.0,180.0,0.192,0.08,0.316,39500.0,137.52,41.666667,0.203189,0.076461,158.0,0.008,0.0,846.0,,,0.0,,0.0,,,,,,,,0.08,0.19,41.67,846.0,10.0,1.06,1.18,0.0,0.0,0.0,0.0,0.0,0.0,0.0,0.0,,2025-09-01,9,2025,1.139240506329114,0.24196518987341772,1719.0,-40.666667,1.5,0.0003735224586288416,,5,高档
202509,6901028141147,七匹狼(蓝),三类烟,71.0,80.0,31.272,31.116,51.948162,16695.0,1033.268,99.501151,33.395247,12.576237,71.0,2.476,2.452,846.0,376.0,260.0,30.73,69.15,99.03,248.0,50.75,95.38,,,0.0,,31.12,31.27,99.5,846.0,814.0,117.22,96.22,736.0,0.0,0.0,0.0,90.42,0.0,0.0,0.0,9.0,2025-09-01,9,2025,1.1267605633802817,0.2420920493779934,33.206967476539404,-98.501151,0.9370019920318724,0.06140444680851064,0.4444444444444444,4,中高档
202509,6901028119009,利群(西子阳光),一类烟,275.6,310.0,,,,,82.872,,,,275.6,0.1,0.096,846.0,9.0,12.0,1.42,133.33,96.0,12.0,92.31,100.0,,,0.0,,,,,,,,,,,,,,,,,,2025-09-01,9,2025,1.1248185776487662,,,,,,0.010638297872340425,5,高档
202509,6901028012003,真龙(凌云),二类烟,121.9,150.0,0.688,0.668,2.03573,30475.0,246.884,97.093023,1.308612,0.492901,121.9,,,846.0,,,0.0,,,,,,,,,,0.67,0.69,97.09,846.0,84.0,6.77,9.93,0.0,0.0,0.0,0.0,0.0,0.0,0.0,0.0,,2025-09-01,9,2025,1.2305168170631664,0.24212493798293486,369.58682634730536,-96.093023,-0.35019455252918286,0.0024063002364066196,,5,高档
202509,6901028942911,双喜(软珍品好日子),二类烟,137.8,160.0,1.032,1.032,3.55524,34450.0,94.588,100.0,2.285364,0.860818,137.8,0.016,0.016,846.0,4.0,2.0,0.24,50.0,100.0,2.0,50.0,100.0,,,0.0,,1.03,1.03,100.0,846.0,130.0,15.03,15.37,0.0,0.0,0.0,0.0,0.0,0.0,0.0,0.0,129.0,2025-09-01,9,2025,1.1611030478955007,0.2421265512314218,91.65503875968992,-99.0,6.166666666666667,0.00420241134751773,0.004728132387706856,5,高档
202509,6901028221450,贵烟(跨越),一类烟,201.4,230.0,0.552,0.544,2.73904,50350.0,391.872,98.550725,1.669264,0.754664,201.4,0.38,0.376,846.0,36.0,47.0,5.56,130.56,98.95,47.0,94.0,100.0,,,0.0,,0.54,0.55,98.55,846.0,61.0,5.29,7.21,7.0,0.0,0.0,0.0,11.48,0.0,0.0,0.0,,2025-09-01,9,2025,1.1420059582919562,0.27552135054617677,720.3529411764706,-97.550725,-0.4137931034482758,0.0032376359338061465,0.0425531914893617,5,高档
202509,6901028185912,黄鹤楼(硬红),一类烟,190.8,220.0,75.592,75.3,359.181,47700.0,5030.188,99.613716,218.897101,98.962132,190.8,1.276,1.264,846.0,100.0,158.0,18.68,158.0,99.06,158.0,90.8,100.0,,,0.0,,75.3,75.59,99.61,846.0,843.0,118.98,99.65,815.0,0.0,0.0,0.0,96.68,0.0,0.0,0.0,7.0,2025-09-01,9,2025,1.1530398322851152,0.2755216228029879,66.80196547144755,-98.613716,-0.05421020900321549,0.424563829787234,0.1182033096926714,5,高档
202509,6901028009744,双喜(勿忘我),一类烟,175.0,200.0,0.376,0.152,0.665,43750.0,67.004,40.425532,0.40527,0.183217,175.0,0.648,0.64,846.0,250.0,82.0,9.69,32.8,98.77,78.0,25.81,95.12,,,0.0,,0.15,0.38,40.43,846.0,19.0,2.33,2.25,0.0,0.0,0.0,0.0,0.0,0.0,0.0,0.0,,2025-09-01,9,2025,1.1428571428571428,0.2755142857142857,440.8157894736843,-39.425532,-0.525,0.0007860520094562648,0.29550827423167847,5,高档
202509,6901028075053,牡丹(软),二类烟,121.9,140.0,5.264,5.224,15.92014,30475.0,704.432,99.240122,10.233911,3.854565,121.9,,,846.0,,,0.0,,,,,,,,,,5.24,5.28,99.24,846.0,463.0,46.44,54.73,191.0,3.0,0.0,0.0,41.25,0.65,0.0,0.0,,2025-09-01,9,2025,1.1484823625922886,0.2421187879001064,134.84532924961715,-98.240122,20.76666666666667,0.018818132387706854,,5,高档
202509,6901028065504,兰州(硬珍品),二类烟,155.0,180.0,0.38,0.376,1.457,38750.0,202.836,98.947368,0.936547,0.352851,155.0,2.484,2.46,846.0,476.0,313.0,37.0,65.76,99.03,302.0,49.84,96.49,,,0.0,,0.38,0.38,98.95,846.0,47.0,3.53,5.56,0.0,0.0,0.0,0.0,0.0,0.0,0.0,0.0,43.0,2025-09-01,9,2025,1.1612903225806452,0.2421763898421414,539.4574468085107,-97.947368,inf,0.0017222222222222222,0.5626477541371159,5,高档
202509,6901028936477,好猫(猴王磨砂),三类烟,106.0,120.0,,,,,22.312,,,,106.0,0.424,0.424,846.0,36.0,53.0,6.26,147.22,100.0,53.0,82.81,100.0,,,0.0,,,,,,,,,,,,,,,,,,2025-09-01,9,2025,1.1320754716981132,,,,,,0.0425531914893617,5,高档
202509,6901028075015,中华(硬),一类烟,381.6,450.0,0.296,0.288,2.74752,95400.0,420.748,97.297297,1.58272,0.84872,381.6,0.008,0.0,846.0,,,0.0,,0.0,,,,,,,,0.29,0.3,97.3,846.0,36.0,2.61,4.26,0.0,0.0,0.0,0.0,0.0,0.0,0.0,0.0,12.0,2025-09-01,9,2025,1.1792452830188678,0.3089040298159795,1460.9305555555557,-96.297297,-0.38983050847457623,0.0032476595744680855,,5,高档
202509,6901028224642,金圣(青瓷),一类烟,158.0,180.0,0.756,0.736,2.9072,39500.0,443.148,97.354497,1.86889,0.70389,158.0,,,846.0,,,0.0,,,,,,,,,,0.74,0.76,97.35,846.0,64.0,9.24,7.57,28.0,0.0,0.0,0.0,43.75,0.0,0.0,0.0,2.0,2025-09-01,9,2025,1.139240506329114,0.2421195652173913,602.1032608695652,-96.354497,0.586206896551724,0.003436406619385343,,5,高档
202509,6901028164177,红旗渠(雪茄),四类烟,44.5,50.0,0.048,0.0,0.0,,0.012,0.0,0.0,0.0,44.5,4.7,4.648,846.0,573.0,548.0,64.78,95.64,98.89,539.0,61.94,98.36,,,0.0,,,,,,,,,,,,,,,,,,2025-09-01,9,2025,1.1235955056179776,,,1.0,,0.0,0.6773049645390071,3,中档
202509,6901028191142,白沙(硬),三类烟,71.0,80.0,0.016,0.0,0.0,,62.82,0.0,0.0,0.0,71.0,,,846.0,,,0.0,,,,,,,,,,,,,,,,,,,,,,,,,,2025-09-01,9,2025,1.1267605633802817,,,1.0,,0.0,,4,中高档
202509,6901028188081,黄鹤楼(硬银紫),二类烟,114.5,130.0,11.304,11.22,32.11725,28625.0,659.368,99.2569,20.644855,7.776867,114.5,,,846.0,,,0.0,,,,,,,,,,11.24,11.32,99.26,846.0,805.0,102.33,95.15,541.0,3.0,0.0,0.0,67.2,0.37,0.0,0.0,13.0,2025-09-01,9,2025,1.1353711790393013,0.24213987810288864,58.767201426024954,-98.2569,0.7000000000000002,0.0379636524822695,,5,高档
202509,6901028084321,娇子(软阳光),三类烟,88.0,100.0,0.024,0.0,0.0,,763.596,0.0,0.0,0.0,88.0,4.776,4.748,846.0,564.0,487.0,57.57,86.35,99.41,471.0,68.65,96.71,,,0.0,,,,,,,,,,,,,,,,,,2025-09-01,9,2025,1.1363636363636365,,,1.0,,0.0,0.6666666666666666,4,中高档
202509,6901028098335,长白山(蓝尚),一类烟,158.0,180.0,0.536,0.476,1.8802,39500.0,119.896,88.80597,1.20897,0.454947,158.0,0.328,0.216,846.0,17.0,27.0,3.19,158.82,65.85,27.0,75.0,100.0,,,0.0,,0.48,0.54,88.81,846.0,60.0,5.08,7.09,0.0,0.0,0.0,0.0,0.0,0.0,0.0,0.0,9.0,2025-09-01,9,2025,1.139240506329114,0.24196734389958513,251.8823529411765,-87.80597,0.9193548387096773,0.0022224586288416078,0.02009456264775414,5,高档
202509,6901028165921,黄金叶(小目标),二类烟,121.9,140.0,,,,,0.0,,,,,,,,,,,,,,,,,,,,,,,,,,,,,,,,,,,,2025-09-01,9,2025,1.1484823625922886,,,,,,,5,高档
202509,6901028104302,龙烟(老巴夺传琦),一类烟,225.0,260.0,0.016,0.016,0.09,56250.0,68.216,100.0,0.054852,0.024794,225.0,,,846.0,,,0.0,,,,,,,,,,0.02,0.02,100.0,846.0,2.0,0.28,0.24,0.0,0.0,0.0,0.0,0.0,0.0,0.0,0.0,,2025-09-01,9,2025,1.1555555555555554,0.2754888888888889,4263.499999999999,-99.0,-0.9111111111111111,0.00010638297872340425,,5,高档
202509,6901028189989,黄鹤楼(硬嘉禧缘),一类烟,167.48,200.0,,,,,48.604,,,,,,,,,,,,,,,,,,,,,,,,,,,,,,,,,,,,2025-09-01,9,2025,1.1941724385001196,,,,,,,5,高档
202509,6901028104241,哈尔滨(老巴夺),三类烟,97.0,110.0,0.328,0.216,0.5238,24250.0,0.072,65.853659,0.336692,0.126844,97.0,0.016,0.016,846.0,4.0,2.0,0.24,50.0,100.0,2.0,50.0,100.0,,,0.0,,0.22,0.33,65.85,846.0,27.0,2.54,3.19,0.0,0.0,0.0,0.0,0.0,0.0,0.0,0.0,,2025-09-01,9,2025,1.134020618556701,0.24216113020236732,0.3333333333333333,-64.853659,5.75,0.0006191489361702128,0.004728132387706856,4,中高档
202509,6901028071536,中南海(5mg细支),二类烟,121.9,140.0,0.208,0.12,0.3657,30475.0,43.4,57.692308,0.235082,0.088543,121.9,,,846.0,,,0.0,,,,,,,,,,0.12,0.21,57.69,846.0,15.0,2.68,1.77,0.0,0.0,0.0,0.0,0.0,0.0,0.0,0.0,9.0,2025-09-01,9,2025,1.1484823625922886,0.24211922340716432,361.6666666666667,-56.692308,4.0,0.00043226950354609934,,5,高档
202509,6901028180818,黄鹤楼(天下名楼),二类烟,139.92,160.0,9.436,9.388,32.839224,34980.0,1114.18,99.49131,21.111416,7.949971,139.92,7.564,7.456,846.0,551.0,621.0,73.4,112.7,98.57,617.0,93.2,99.36,,,0.0,,9.39,9.44,99.49,846.0,684.0,76.15,80.85,152.0,0.0,0.0,0.0,22.22,0.0,0.0,0.0,234.0,2025-09-01,9,2025,1.1435105774728418,0.2420876632164024,118.68129527055817,-98.49131,1.1832558139534886,0.038817049645390074,0.6513002364066194,5,高档
202509,4891132601014,红双喜(爱国绿中支),一类烟,225.73,280.0,0.032,0.032,0.180584,56432.5,3.008,100.0,0.119108,0.0407,225.73,,,846.0,,,0.0,,,,,,,,,,0.03,0.03,100.0,846.0,4.0,0.28,0.47,0.0,0.0,0.0,0.0,0.0,0.0,0.0,0.0,4.0,2025-09-01,9,2025,1.2404199707615293,0.22537987861604572,94.0,-99.0,inf,0.0002134562647754137,,5,高档
202509,6901028181815,红金龙(硬蓝爱你),三类烟,97.0,110.0,6.276,6.236,15.1223,24250.0,973.084,99.362651,9.720365,3.662091,97.0,58.392,58.06,846.0,845.0,834.0,98.58,98.7,99.43,824.0,92.28,98.8,,,0.0,,6.24,6.28,99.36,846.0,781.0,59.42,92.32,0.0,0.0,0.0,0.0,0.0,0.0,0.0,0.0,452.0,2025-09-01,9,2025,1.134020618556701,0.24216494845360828,156.0429762668377,-98.362651,9.393333333333333,0.017875059101654846,0.9988179669030733,4,中高档
202509,6901028178259,黄鹤楼(1916中支),一类烟,1000.0,1200.0,0.108,0.0,0.0,,7.108,0.0,0.0,0.0,1000.0,0.004,0.0,846.0,,,0.0,,0.0,,,,,,,,,,,,,,,,,,,,,,,,2025-09-01,9,2025,1.2,,,1.0,,0.0,,5,高档
202509,6901028000833,双喜(软经典),三类烟,97.0,110.0,4.304,4.24,10.282,24250.0,888.2,98.513011,6.609451,2.489589,97.0,4.964,4.868,846.0,845.0,347.0,41.02,41.07,98.07,332.0,32.13,95.68,,,0.0,,4.24,4.3,98.51,846.0,531.0,38.39,62.77,0.0,0.0,0.0,0.0,0.0,0.0,0.0,0.0,,2025-09-01,9,2025,1.134020618556701,0.24213081112624005,209.4811320754717,-97.513011,-0.35835351089588374,0.012153664302600472,0.9988179669030733,4,中高档
202509,6901028136891,金圣(硬红·十二生肖),三类烟,61.5,70.0,2.892,2.804,4.31115,15375.0,500.92,96.957123,2.771064,1.044128,61.5,7.572,7.504,846.0,573.0,536.0,63.36,93.54,99.1,487.0,64.82,90.86,,,0.0,,2.8,2.89,96.96,846.0,351.0,26.11,41.49,0.0,0.0,0.0,0.0,0.0,0.0,0.0,0.0,20.0,2025-09-01,9,2025,1.1382113821138211,0.24219245444950885,178.6447931526391,-95.957123,-0.15846338535414162,0.0050959219858156025,0.6773049645390071,3,中档
202509,8888075005524,555金·锐,二类烟,137.8,160.0,,,,,5.652,,,,137.8,,,846.0,,,0.0,,,,,,,,,,,,,,,,,,,,,,,,,,2025-09-01,9,2025,1.1611030478955007,,,,,,,5,高档
202509,6901028046893,云烟(紫),二类烟,114.5,130.0,8.132,8.108,23.20915,28625.0,820.864,99.70487,14.918722,5.620151,114.5,,,846.0,,,0.0,,,,,,,,,,8.11,8.13,99.7,846.0,669.0,63.51,79.08,54.0,0.0,0.0,0.0,8.07,0.0,0.0,0.0,32.0,2025-09-01,9,2025,1.1353711790393013,0.242152383865846,101.24124321657622,-98.70487,4.758522727272728,0.027433983451536643,,5,高档
202509,6901028084772,娇子(格调细支),二类烟,129.3,150.0,4.776,4.748,15.34791,32325.0,570.564,99.413735,9.866344,3.715894,129.3,0.46,0.452,846.0,86.0,58.0,6.86,67.44,98.26,57.0,65.7,98.28,,,0.0,,4.75,4.78,99.41,846.0,487.0,61.04,57.57,116.0,0.0,0.0,0.0,23.82,0.0,0.0,0.0,35.0,2025-09-01,9,2025,1.160092807424594,0.242110749932727,120.1693344566133,-98.413735,9.232758620689655,0.018141737588652482,0.1016548463356974,5,高档
202509,6901028225175,黄山(新制皖烟),二类烟,121.9,140.0,11.256,11.176,34.05886,30475.0,1024.56,99.289268,21.894043,8.246238,121.9,,,846.0,,,0.0,,,,,,,,,,11.18,11.26,99.29,846.0,655.0,85.53,77.42,273.0,0.0,0.0,0.0,41.68,0.0,0.0,0.0,27.0,2025-09-01,9,2025,1.1484823625922886,0.2421172640540523,91.67501789549033,-98.289268,0.35565259582726827,0.040258699763593385,,5,高档
202509,6901028181457,黄鹤楼(硬峡谷柔情),一类烟,263.0,300.0,7.532,7.424,48.8128,65750.0,538.976,98.566118,28.120149,15.077253,263.0,0.004,0.0,846.0,,,0.0,,0.0,,,,,,,,7.46,7.56,98.57,846.0,621.0,65.7,73.4,243.0,1.0,0.0,0.0,39.13,0.16,0.0,0.0,156.0,2025-09-01,9,2025,1.1406844106463878,0.3088790849940999,72.59913793103448,-97.566118,2.098497495826378,0.05769834515366431,,5,高档
202509,6901028247375,双喜(春天·咖路里),一类烟,225.0,260.0,0.232,0.232,1.305,56250.0,58.904,100.0,0.795354,0.359514,225.0,3.324,3.288,846.0,474.0,412.0,48.7,86.92,98.92,410.0,86.71,99.51,,,0.0,,0.23,0.23,100.0,846.0,30.0,2.96,3.55,0.0,0.0,0.0,0.0,0.0,0.0,0.0,0.0,14.0,2025-09-01,9,2025,1.1555555555555554,0.2754896551724138,253.89655172413794,-99.0,0.7058823529411764,0.0015425531914893616,0.5602836879432624,5,高档
202509,6901028075022,中华(软),一类烟,583.0,700.0,0.008,0.0,0.0,,193.024,0.0,0.0,0.0,583.0,,,846.0,,,0.0,,,,,,,,,,,,,,,,,,,,,,,,,,2025-09-01,9,2025,1.2006861063464838,,,1.0,,0.0,,5,高档
202509,6901028071475,中南海(5mg),二类烟,114.5,130.0,0.188,0.1,0.28625,28625.0,105.292,53.191489,0.184002,0.069311,114.5,0.208,0.12,846.0,29.0,15.0,1.77,51.72,57.69,15.0,39.47,100.0,,,0.0,,0.1,0.19,53.19,846.0,13.0,2.89,1.54,0.0,0.0,0.0,0.0,0.0,0.0,0.0,0.0,,2025-09-01,9,2025,1.1353711790393013,0.24213449781659388,1052.9199999999998,-52.191489,3.166666666666667,0.00033835697399527186,0.034278959810874705,5,高档
202509,6901028241410,黄鹤楼(视窗),一类烟,300.0,350.0,0.032,0.032,0.24,75000.0,68.644,100.0,0.138248,0.07414,300.0,0.02,0.0,846.0,,,0.0,,0.0,,,,,,,,0.03,0.03,100.0,846.0,4.0,0.28,0.47,0.0,0.0,0.0,0.0,0.0,0.0,0.0,0.0,,2025-09-01,9,2025,1.1666666666666667,0.3089166666666667,2145.125,-99.0,inf,0.00028368794326241134,,5,高档
202509,6901028095891,黄果树(长征),三类烟,61.5,70.0,,,,,39.58,,,,61.5,0.144,0.144,846.0,6.0,18.0,2.13,300.0,100.0,18.0,94.74,100.0,,,0.0,,,,,,,,,,,,,,,,,,2025-09-01,9,2025,1.1382113821138211,,,,,,0.0070921985815602835,3,中档
202509,6901028129725,都宝(天空蓝中支),一类烟,201.4,230.0,,,,,0.0,,,,,,,,,,,,,,,,,,,,,,,,,,,,,,,,,,,,2025-09-01,9,2025,1.1420059582919562,,,,,,,5,高档
202509,6901028162876,黄金叶(喜满堂),三类烟,88.0,100.0,3.584,3.452,7.5944,22000.0,2051.124,96.316964,4.882202,1.838411,88.0,4.072,4.064,846.0,493.0,382.0,45.15,77.48,99.8,373.0,58.86,97.64,,,0.0,,3.53,3.66,96.4,846.0,432.0,31.05,51.06,3.0,0.0,0.0,0.0,0.69,0.0,0.0,0.0,,2025-09-01,9,2025,1.1363636363636365,0.2420745549352154,594.1842410196987,-95.316964,0.12077922077922065,0.008976832151300237,0.58274231678487,4,中高档
202509,6901028219174,黄鹤楼(硬奇景),一类烟,238.5,300.0,3.828,3.808,22.7052,59625.0,918.108,99.477534,13.837324,6.255588,238.5,0.032,0.032,846.0,,4.0,0.47,,100.0,4.0,100.0,100.0,,,0.0,,3.82,3.84,99.48,846.0,478.0,42.7,56.5,2.0,0.0,0.0,0.0,0.42,0.0,0.0,0.0,35.0,2025-09-01,9,2025,1.2578616352201257,0.2755134506632842,241.0997899159664,-98.477534,inf,0.026838297872340426,,5,高档
202509,6901028107297,钻石(玫瑰二代),三类烟,97.0,110.0,0.06,0.0,0.0,,94.868,0.0,0.0,0.0,97.0,,,846.0,,,0.0,,,,,,,,,,,,,,,,,,,,,,,,,,2025-09-01,9,2025,1.134020618556701,,,1.0,,0.0,,4,中高档
202509,6901028159753,泰山(心悦),二类烟,139.92,160.0,0.488,0.444,1.553112,34980.0,48.68,90.983607,0.998445,0.376012,139.92,0.0001,0.0001,846.0,574.0,1.0,0.12,0.17,100.0,1.0,0.06,100.0,,,0.0,,0.44,0.49,90.98,846.0,56.0,4.3,6.62,0.0,0.0,0.0,0.0,0.0,0.0,0.0,0.0,,2025-09-01,9,2025,1.1435105774728418,0.242102308140044,109.63963963963964,-89.983607,12.875,0.0018358297872340427,0.6784869976359338,5,高档
202509,6901028100274,长白山(777),二类烟,121.9,150.0,,,,,113.252,,,,,,,,,,,,,,,,,,,,,,,,,,,,,,,,,,,,2025-09-01,9,2025,1.2305168170631664,,,,,,,5,高档
202509,6901028936750,好猫(长乐),二类烟,121.9,140.0,0.424,0.424,1.29214,30475.0,195.452,100.0,0.830616,0.312859,121.9,,,846.0,,,0.0,,,,,,,,,,0.42,0.42,100.0,846.0,53.0,4.52,6.26,0.0,0.0,0.0,0.0,0.0,0.0,0.0,0.0,2.0,2025-09-01,9,2025,1.1484823625922886,0.24212469237079573,460.97169811320754,-99.0,0.43243243243243246,0.0015273522458628841,,5,高档
202509,8888075056014,555 (金天越),二类烟,119.09,140.0,0.048,0.0,0.0,,281.216,0.0,0.0,0.0,119.09,,,846.0,,,0.0,,,,,,,,,,,,,,,,,,,,,,,,,,2025-09-01,9,2025,1.175581492988496,,,1.0,,0.0,,5,高档
202509,6901028042215,娇子(宽窄平安中支),一类烟,339.2,400.0,,,,,30.108,,,,,,,,,,,,,,,,,,,,,,,,,,,,,,,,,,,,2025-09-01,9,2025,1.179245283018868,,,,,,,5,高档
202509,6901028314985,红塔山(硬经典),三类烟,75.0,85.0,8.92,8.856,16.605,18750.0,80.612,99.282511,10.673903,4.020742,75.0,4.004,3.988,846.0,401.0,499.0,58.98,124.44,99.6,498.0,91.13,99.8,,,0.0,,8.86,8.92,99.28,846.0,781.0,59.42,92.32,0.0,0.0,0.0,0.0,0.0,0.0,0.0,0.0,5.0,2025-09-01,9,2025,1.1333333333333333,0.2421404396266185,9.102529358626919,-98.282511,-0.04651162790697683,0.019627659574468086,0.4739952718676123,4,中高档
202509,6901028180009,黄鹤楼(软珍品),一类烟,530.0,650.0,0.008,0.0,0.0,,317.556,0.0,0.0,0.0,530.0,93.508,93.292,846.0,846.0,845.0,99.88,99.88,99.77,824.0,96.44,97.51,,,0.0,,,,,,,,,,,,,,,,,,2025-09-01,9,2025,1.2264150943396226,,,1.0,,0.0,1.0,5,高档
202509,6901028062015,苏烟(五星红杉树),一类烟,188.68,220.0,0.088,0.0,0.0,,173.104,0.0,0.0,0.0,188.68,0.008,0.0,846.0,,,0.0,,0.0,,,,,,,,,,,,,,,,,,,,,,,,2025-09-01,9,2025,1.165995336018656,,,1.0,,0.0,,5,高档
202509,6901028227285,天子(金),一类烟,167.48,200.0,2.484,2.46,10.30002,41870.0,755.66,99.033816,6.621095,2.49382,167.48,1.2,1.2,846.0,202.0,153.0,18.09,75.74,100.0,147.0,61.98,96.08,,,0.0,,2.46,2.48,99.03,846.0,313.0,43.54,37.0,0.0,0.0,0.0,0.0,0.0,0.0,0.0,0.0,24.0,2025-09-01,9,2025,1.1941724385001196,0.2421179764699486,307.1788617886179,-98.033816,1.2202166064981945,0.012174964539007092,0.23877068557919623,5,高档
202509,6901028211352,七匹狼(纯境),二类烟,143.1,160.0,5.964,5.9,21.10725,35775.0,719.432,98.926895,13.569233,5.109484,143.1,0.044,0.0,846.0,,,0.0,,0.0,,,,,,,,5.92,5.98,98.93,846.0,672.0,51.59,79.43,14.0,1.0,0.0,0.0,2.08,0.15,0.0,0.0,14.0,2025-09-01,9,2025,1.1180992313067786,0.24207246325314763,121.93762711864406,-97.926895,0.10156833457804337,0.024949468085106383,,5,高档
202509,6901028225113,黄山(金皖烟),一类烟,248.04,280.0,,,,,39.44,,,,,,,,,,,,,,,,,,,,,,,,,,,,,,,,,,,,2025-09-01,9,2025,1.128850185453959,,,,,,,5,高档
202509,6901028107150,钻石(双中支荷花),一类烟,381.6,450.0,,,,,15.836,,,,381.6,0.06,0.0,846.0,,,0.0,,0.0,,,,,,,,,,,,,,,,,,,,,,,,2025-09-01,9,2025,1.1792452830188678,,,,,,,5,高档
202509,6901028138536,七匹狼(软灰),一类烟,185.5,210.0,,,,,112.236,,,,185.5,31.272,31.116,846.0,845.0,814.0,96.22,96.33,99.5,809.0,91.78,99.39,,,0.0,,,,,,,,,,,,,,,,,,2025-09-01,9,2025,1.1320754716981132,,,,,,0.9988179669030733,5,高档
202509,6901028179270,红金龙(软精品),三类烟,90.1,110.0,36.212,35.944,80.96386,22525.0,3225.528,99.259914,52.046912,19.602942,90.1,15.408,15.288,846.0,574.0,834.0,98.58,145.3,99.22,832.0,99.12,99.76,,,0.0,,35.94,36.21,99.26,846.0,843.0,100.56,99.65,515.0,0.0,0.0,0.0,61.09,0.0,0.0,0.0,7.0,2025-09-01,9,2025,1.2208657047724751,0.24211965684442416,89.7375918094814,-98.259914,4.509503372164317,0.0957019621749409,0.6784869976359338,4,中高档
202509,6901028314459,玉溪(硬和谐),一类烟,339.2,400.0,,,,,13.144,,,,339.2,4.74,4.672,846.0,733.0,389.0,45.98,53.07,98.57,378.0,51.23,97.17,,,0.0,,,,,,,,,,,,,,,,,,2025-09-01,9,2025,1.179245283018868,,,,,,0.8664302600472813,5,高档
202509,6901028224079,金圣(滕王阁·紫光),二类烟,129.3,150.0,7.572,7.504,24.25668,32325.0,400.252,99.101955,15.593312,5.872811,129.3,0.756,0.736,846.0,83.0,64.0,7.57,77.11,97.35,64.0,70.23,100.0,,,0.0,,7.5,7.57,99.1,846.0,536.0,59.42,63.36,0.0,0.0,0.0,0.0,0.0,0.0,0.0,0.0,101.0,2025-09-01,9,2025,1.160092807424594,0.24211108032921239,53.33848614072495,-98.101955,2.3559928443649367,0.028672198581560282,0.09810874704491726,5,高档
202509,6901028942881,双喜(硬精品好日子),三类烟,93.28,110.0,0.008,0.0,0.0,,38.72,0.0,0.0,0.0,93.28,1.032,1.032,846.0,181.0,130.0,15.37,71.82,100.0,128.0,60.56,98.46,,,0.0,,,,,,,,,,,,,,,,,,2025-09-01,9,2025,1.179245283018868,,,1.0,,0.0,0.21394799054373523,4,中高档
202509,6901028145077,娇子(宽窄好运细支),一类烟,225.0,260.0,0.444,0.436,2.4525,56250.0,356.98,98.198198,1.494718,0.675636,225.0,0.664,0.632,846.0,424.0,74.0,8.75,17.45,95.18,68.0,12.19,91.89,,,0.0,,0.45,0.46,98.26,846.0,58.0,6.07,6.86,0.0,0.0,0.0,0.0,0.0,0.0,0.0,0.0,3.0,2025-09-01,9,2025,1.1555555555555554,0.2754886850152905,818.7614678899083,-97.198198,inf,0.002898936170212766,0.5011820330969267,5,高档
202509,6901028340618,云烟(小熊猫家园),一类烟,158.0,200.0,,,,,0.0096,,,,,,,,,,,,,,,,,,,,,,,,,,,,,,,,,,,,2025-09-01,9,2025,1.2658227848101267,,,,,,,5,高档
202509,6901028172936,黄金叶(乐途硬),一类烟,175.0,200.0,,,,,109.752,,,,175.0,0.064,0.064,846.0,11.0,8.0,0.95,72.73,100.0,8.0,72.73,100.0,,,0.0,,,,,,,,,,,,,,,,,,2025-09-01,9,2025,1.1428571428571428,,,,,,0.013002364066193853,5,高档
202509,6901028121736,利群(楼外楼),一类烟,175.0,200.0,,,,,85.356,,,,175.0,0.008,0.0,846.0,,,0.0,,0.0,,,,,,,,,,,,,,,,,,,,,,,,2025-09-01,9,2025,1.1428571428571428,,,,,,,5,高档
202509,6901028125970,黄山(徽商新概念细支),一类烟,339.2,400.0,,,,,115.348,,,,339.2,0.232,0.0,846.0,,,0.0,,0.0,,,,,,,,,,,,,,,,,,,,,,,,2025-09-01,9,2025,1.179245283018868,,,,,,,5,高档
202509,6901028143554,七匹狼(锋芒),一类烟,158.0,180.0,2.476,2.452,9.6854,39500.0,201.356,99.030695,6.226241,2.345025,158.0,0.084,0.0,846.0,,,0.0,,0.0,,,,,,,,2.45,2.48,99.03,846.0,260.0,42.63,30.73,53.0,0.0,0.0,0.0,20.38,0.0,0.0,0.0,142.0,2025-09-01,9,2025,1.139240506329114,0.24211958205133502,82.11908646003262,-98.030695,1.189285714285714,0.011448463356973995,,5,高档
202509,6901028178648,黄鹤楼(珍品细支),一类烟,381.6,450.0,0.004,0.0,0.0,,80.368,0.0,0.0,0.0,381.6,0.276,0.256,846.0,10.0,32.0,3.78,320.0,92.75,32.0,100.0,100.0,,,0.0,,,,,,,,,,,,,,,,,,2025-09-01,9,2025,1.1792452830188678,,,1.0,,0.0,0.01182033096926714,5,高档
202509,6901028172509,黄金叶(商鼎),一类烟,175.0,200.0,0.776,0.66,2.8875,43750.0,641.792,85.051546,1.759725,0.795548,175.0,,,846.0,,,0.0,,,,,,,,,,0.66,0.78,85.05,846.0,63.0,6.77,7.45,20.0,0.0,0.0,0.0,31.75,0.0,0.0,0.0,,2025-09-01,9,2025,1.1428571428571428,0.27551445887445886,972.4121212121212,-84.051546,-0.06779661016949146,0.0034131205673758867,,5,高档
202509,6901028216166,利群(软蓝),一类烟,159.0,180.0,1.6,1.476,5.8671,39750.0,428.764,92.25,3.771611,1.420588,159.0,,,846.0,,,0.0,,,,,,,,,,1.48,1.6,92.25,846.0,186.0,17.71,21.99,0.0,0.0,0.0,0.0,0.0,0.0,0.0,0.0,,2025-09-01,9,2025,1.1320754716981132,0.2421277973786027,290.49051490514904,-91.25,0.22999999999999998,0.006935106382978723,,5,高档
202509,6901028136686,金圣(硬滕王阁),三类烟,97.0,110.0,6.068,6.032,14.6276,24250.0,785.928,99.406724,9.403731,3.540941,97.0,2.892,2.804,846.0,370.0,351.0,41.49,94.86,96.96,350.0,94.73,99.72,,,0.0,,6.03,6.07,99.41,846.0,756.0,59.42,89.36,0.0,0.0,0.0,0.0,0.0,0.0,0.0,0.0,20.0,2025-09-01,9,2025,1.134020618556701,0.24207258880472535,130.29310344827587,-98.406724,inf,0.0172903073286052,0.4373522458628842,4,中高档
202509,6901028112505,南京(大观园爆冰),一类烟,263.0,300.0,,,,,60.476,,,,263.0,,,846.0,,,0.0,,,,,,,,,,,,,,,,,,,,,,,,,,2025-09-01,9,2025,1.1406844106463878,,,,,,,5,高档
202509,6901028193504,芙蓉王(硬),一类烟,218.36,250.0,2.504,2.504,13.669336,54590.0,1254.416,100.0,8.331654,3.76517,218.36,0.884,0.872,846.0,90.0,109.0,12.88,121.11,98.64,109.0,89.34,100.0,,,0.0,,2.52,2.52,100.0,846.0,315.0,24.63,37.23,2.0,0.0,0.0,0.0,0.63,0.0,0.0,0.0,24.0,2025-09-01,9,2025,1.1448983330280271,0.27544644450908223,500.9648562300319,-99.0,0.9685534591194969,0.01615760756501182,0.10638297872340426,5,高档
202509,6901028029919,娇子(宽窄逍遥细支),一类烟,763.2,900.0,,,,,9.124,,,,,,,,,,,,,,,,,,,,,,,,,,,,,,,,,,,,2025-09-01,9,2025,1.1792452830188678,,,,,,,5,高档
202509,6901028154628,泰山(儒风细支),一类烟,263.0,300.0,,,,,47.404,,,,263.0,1.596,1.476,846.0,269.0,186.0,21.99,69.14,92.48,183.0,67.58,98.39,,,0.0,,,,,,,,,,,,,,,,,,2025-09-01,9,2025,1.1406844106463878,,,,,,0.31796690307328607,5,高档
202509,6901028009805,双喜(百年经典),一类烟,175.0,200.0,0.648,0.64,2.8,43750.0,283.232,98.765432,1.706472,0.77137,175.0,0.232,0.232,846.0,29.0,30.0,3.55,103.45,100.0,28.0,69.05,93.33,,,0.0,,0.64,0.65,98.77,846.0,82.0,21.88,9.69,0.0,0.0,0.0,0.0,0.0,0.0,0.0,0.0,7.0,2025-09-01,9,2025,1.1428571428571428,0.2754892857142857,442.55,-97.765432,3.2105263157894735,0.003309692671394799,0.034278959810874705,5,高档
202509,6901028180634,红金龙(软虹之彩),五类烟,19.08,25.0,0.104,0.0,0.0,,0.0,0.0,0.0,0.0,19.08,6.276,6.236,846.0,573.0,781.0,92.32,136.3,99.36,778.0,92.58,99.62,,,0.0,,,,,,,,,,,,,,,,,,2025-09-01,9,2025,1.310272536687631,,,1.0,,0.0,0.6773049645390071,2,中低档
202509,6901028177153,云烟(硬苁蓉),二类烟,114.5,130.0,0.164,0.0,0.0,,137.284,0.0,0.0,0.0,114.5,,,846.0,,,0.0,,,,,,,,,,,,,,,,,,,,,,,,,,2025-09-01,9,2025,1.1353711790393013,,,1.0,,0.0,,5,高档
202509,6901028187855,黄鹤楼(软1916),一类烟,848.0,1000.0,0.048,0.048,1.0176,212000.0,39.396,100.0,0.586443,0.314085,848.0,3.952,3.912,846.0,262.0,252.0,29.79,96.18,98.99,251.0,89.07,99.6,,,0.0,,0.05,0.05,100.0,846.0,6.0,0.49,0.71,0.0,0.0,0.0,0.0,0.0,0.0,0.0,0.0,,2025-09-01,9,2025,1.179245283018868,0.3086527122641509,820.75,-99.0,inf,0.0012028368794326243,0.30969267139479906,5,高档
202509,6901028218153,黄鹤楼(金典中支),一类烟,381.6,450.0,,,,,38.856,,,,381.6,0.356,0.32,846.0,17.0,40.0,4.73,235.29,89.89,40.0,100.0,100.0,,,0.0,,,,,,,,,,,,,,,,,,2025-09-01,9,2025,1.1792452830188678,,,,,,0.02009456264775414,5,高档
202509,6901028300063,南京(红),二类烟,114.5,130.0,,,,,5.904,,,,,,,,,,,,,,,,,,,,,,,,,,,,,,,,,,,,2025-09-01,9,2025,1.1353711790393013,,,,,,,5,高档
202509,6901028024976,娇子(X),三类烟,97.0,110.0,4.7,4.648,11.2714,24250.0,459.968,98.893617,7.24507,2.729538,97.0,14.972,14.912,846.0,846.0,791.0,93.5,93.5,99.6,784.0,86.3,99.12,,,0.0,,4.65,4.7,98.89,846.0,548.0,66.27,64.78,39.0,0.0,0.0,0.0,7.12,0.0,0.0,0.0,82.0,2025-09-01,9,2025,1.134020618556701,0.24216494845360823,98.96041308089502,-97.893617,0.4597989949748742,0.013323167848699764,1.0,4,中高档
202509,6901028080446,钻石(硬蓝),三类烟,47.7,55.0,,,,,0.0,,,,,,,,,,,,,,,,,,,,,,,,,,,,,,,,,,,,2025-09-01,9,2025,1.1530398322851152,,,,,,,3,中档
202509,6901028204835,芙蓉王(硬中支),一类烟,263.0,300.0,0.884,0.872,5.7334,65750.0,416.66,98.642534,3.302701,1.77114,263.0,0.024,0.024,846.0,,3.0,0.35,,100.0,3.0,75.0,100.0,,,0.0,,0.87,0.88,98.64,846.0,109.0,8.61,12.88,0.0,0.0,0.0,0.0,0.0,0.0,0.0,0.0,84.0,2025-09-01,9,2025,1.1406844106463878,0.3089161753933094,477.82110091743124,-97.642534,2.6333333333333333,0.006777068557919621,,5,高档
202509,6901028207829,利群(休闲),一类烟,720.8,820.0,,,,,0.0,,,,,,,,,,,,,,,,,,,,,,,,,,,,,,,,,,,,2025-09-01,9,2025,1.1376248612652609,,,,,,,5,高档
202509,6901028180580,黄鹤楼(软蓝),一类烟,164.3,190.0,93.508,93.292,383.19689,41075.0,11110.212,99.769004,246.337526,92.774836,164.3,,,846.0,,,0.0,,,,,,,,,,93.29,93.51,99.77,846.0,845.0,118.98,99.88,812.0,0.0,0.0,0.0,96.09,0.0,0.0,0.0,7.0,2025-09-01,9,2025,1.1564211807668898,0.2421074868326828,119.09072589289542,-98.769004,0.16086805037081287,0.4529514066193853,,5,高档
202509,6901028315432,红塔山(硬经典100),三类烟,97.0,110.0,4.004,3.988,9.6709,24250.0,600.436,99.6004,6.216324,2.341924,97.0,0.46,0.336,846.0,30.0,42.0,4.96,140.0,73.04,42.0,79.25,100.0,,,0.0,,3.99,4.0,99.6,846.0,499.0,38.6,58.98,0.0,0.0,0.0,0.0,0.0,0.0,0.0,0.0,14.0,2025-09-01,9,2025,1.134020618556701,0.24216194976682628,150.56068204613842,-98.6004,inf,0.011431323877068557,0.03546099290780142,4,中高档
202509,8888075074865,建牌(薄荷紫冰),一类烟,257.75,300.0,,,,,80.816,,,,257.75,,,846.0,,,0.0,,,,,,,,,,,,,,,,,,,,,,,,,,2025-09-01,9,2025,1.1639185257032008,,,,,,,5,高档
202509,6901028165242,黄金叶(爱尚),二类烟,139.92,160.0,4.072,4.064,14.215872,34980.0,393.196,99.803536,9.13892,3.441693,139.92,,,846.0,,,0.0,,,,,,,,,,4.06,4.07,99.8,846.0,382.0,60.9,45.15,133.0,0.0,0.0,0.0,34.82,0.0,0.0,0.0,192.0,2025-09-01,9,2025,1.1435105774728418,0.2421021376669683,96.7509842519685,-98.803536,1.4660194174757284,0.01680363120567376,,5,高档
202509,6901028179348,黄鹤楼(软红),一类烟,227.9,260.0,23.488,23.352,133.04802,56975.0,2556.62,99.420981,81.083999,36.657701,227.9,0.008,0.0,846.0,,,0.0,,0.0,,,,,,,,23.35,23.49,99.42,846.0,711.0,116.65,84.04,562.0,0.0,0.0,0.0,79.04,0.0,0.0,0.0,15.0,2025-09-01,9,2025,1.1408512505484862,0.27552233396633785,109.48184309695101,-98.420981,0.3160504959422903,0.15726716312056738,,5,高档
202509,6901028229074,天子(中支),一类烟,201.4,230.0,1.2,1.2,6.042,50350.0,225.924,100.0,3.682201,1.664699,201.4,,,846.0,,,0.0,,,,,,,,,,1.2,1.2,100.0,846.0,153.0,17.08,18.09,0.0,0.0,0.0,0.0,0.0,0.0,0.0,0.0,119.0,2025-09-01,9,2025,1.1420059582919562,0.2755211850380669,188.27,-99.0,3.166666666666667,0.007141843971631205,,5,高档
202509,6901028182560,红金龙(硬红龙),三类烟,47.7,55.0,58.392,58.06,69.23655,11925.0,434.376,99.431429,44.50299,16.768132,47.7,20.44,20.296,846.0,846.0,844.0,99.76,99.76,99.3,844.0,96.43,100.0,,,0.0,,58.06,58.39,99.43,846.0,834.0,92.87,98.58,392.0,0.0,0.0,0.0,47.0,0.0,0.0,0.0,8.0,2025-09-01,9,2025,1.1530398322851152,0.2421861285693756,7.481501894591801,-98.431429,1.5722133616870462,0.08183989361702126,1.0,3,中档
202509,6901028077910,钻石(软荷花),一类烟,339.2,400.0,0.024,0.024,0.20352,84800.0,102.14,100.0,0.11724,0.062865,339.2,2.0,1.976,846.0,223.0,248.0,29.31,111.21,98.8,246.0,97.24,99.19,,,0.0,,0.02,0.02,100.0,846.0,3.0,0.28,0.35,0.0,0.0,0.0,0.0,0.0,0.0,0.0,0.0,,2025-09-01,9,2025,1.179245283018868,0.3088885613207547,4255.833333333333,-99.0,inf,0.00024056737588652483,0.2635933806146572,5,高档
202509,6901028001625,双喜(硬经典1906),二类烟,150.52,170.0,4.964,4.868,18.318284,37630.0,1310.328,98.066076,11.775719,4.435217,150.52,0.596,0.592,846.0,60.0,74.0,8.75,123.33,99.33,74.0,78.72,100.0,,,0.0,,4.87,4.96,98.07,846.0,347.0,104.59,41.02,167.0,0.0,0.0,0.0,48.13,0.0,0.0,0.0,26.0,2025-09-01,9,2025,1.1294180175391975,0.24211967671207632,269.1717337715694,-97.066076,1.5248962655601663,0.021652817966903073,0.07092198581560284,5,高档
202509,6901028120708,利群(软长嘴),一类烟,318.0,360.0,0.1,0.096,0.7632,79500.0,81.828,96.0,0.43982,0.235576,318.0,,,846.0,,,0.0,,,,,,,,,,0.1,0.1,96.0,846.0,12.0,0.92,1.42,0.0,0.0,0.0,0.0,0.0,0.0,0.0,0.0,,2025-09-01,9,2025,1.1320754716981132,0.3086687631027254,852.375,-95.0,2.0,0.000902127659574468,,5,高档
202509,6901028126007,黄山(新一品),三类烟,71.0,80.0,0.232,0.0,0.0,,249.916,0.0,0.0,0.0,71.0,11.256,11.176,846.0,574.0,655.0,77.42,114.11,99.29,638.0,76.88,97.4,,,0.0,,,,,,,,,,,,,,,,,,2025-09-01,9,2025,1.1267605633802817,,,1.0,,0.0,0.6784869976359338,4,中高档
202509,6901028011785,真龙(起源),一类烟,212.0,250.0,0.032,0.032,0.1696,53000.0,,,,,212.0,0.688,0.668,846.0,63.0,84.0,9.93,133.33,97.09,83.0,86.98,98.81,,,0.0,,0.03,0.03,100.0,846.0,4.0,0.28,0.47,0.0,0.0,0.0,0.0,0.0,0.0,0.0,0.0,,2025-09-01,9,2025,1.179245283018868,,,,-0.6190476190476191,0.0002004728132387707,0.07446808510638298,5,高档
202510,6901028193504,芙蓉王(硬),一类烟,218.36,250.0,1.356,1.34,7.31506,54590.0,1289.9,98.820059,4.458567,2.014973,218.36,1.152,1.144,847.0,192.0,140.0,16.53,72.92,99.31,138.0,72.96,98.57,,,0.0,,1.34,1.36,98.82,847.0,164.0,11.81,19.36,4.0,0.0,0.0,0.0,2.44,0.0,0.0,0.0,15.0,2025-10-01,10,2025,1.1448983330280271,0.27545543030405767,962.6119402985074,-97.820059,-0.46485623003194887,0.008636434474616293,0.22668240850059032,5,高档
202510,6901028042635,娇子(宽窄好运),一类烟,263.0,300.0,0.12,0.12,0.789,65750.0,342.604,100.0,0.454665,0.243568,263.0,,,847.0,,,,,,,,,,,,,0.12,0.12,100.0,847.0,17.0,4.9,2.01,0.0,0.0,0.0,0.0,0.0,0.0,0.0,0.0,2.0,2025-10-01,10,2025,1.1406844106463878,0.3087046894803549,2855.0333333333333,-99.0,-0.7058823529411764,0.0009315230224321134,,5,高档
202510,6901028114455,苏烟(软金砂),一类烟,381.6,450.0,0.008,0.0,0.0,,2.408,0.0,0.0,0.0,381.6,0.008,0.0,847.0,,,0.0,,0.0,,,,,,,,,,,,,,,,,,,,,,,,2025-10-01,10,2025,1.1792452830188678,,,1.0,,0.0,,5,高档
202510,6901028177153,云烟(硬苁蓉),二类烟,114.5,130.0,,,,,112.364,,,,114.5,0.268,0.264,847.0,36.0,33.0,3.9,91.67,98.51,33.0,91.67,100.0,,,0.0,,,,,,,,,,,,,,,,,,2025-10-01,10,2025,1.1353711790393013,,,,,,0.04250295159386069,5,高档
202510,6901028178648,黄鹤楼(珍品细支),一类烟,381.6,450.0,0.008,0.0,0.0,,37.212,0.0,0.0,0.0,381.6,0.008,0.0,847.0,,,0.0,,0.0,,,,,,,,,,,,,,,,,,,,,,,,2025-10-01,10,2025,1.1792452830188678,,,1.0,,0.0,,5,高档
202510,6901028936750,好猫(长乐),二类烟,121.9,140.0,0.236,0.236,0.71921,30475.0,164.98,100.0,0.462324,0.174139,121.9,,,847.0,,,,,,,,,,,,,0.24,0.24,100.0,847.0,30.0,2.54,3.54,0.0,0.0,0.0,0.0,0.0,0.0,0.0,0.0,1.0,2025-10-01,10,2025,1.1484823625922886,0.242125387578037,699.0677966101695,-99.0,-0.44339622641509435,0.0008491263282172373,,5,高档
202510,6901028100274,长白山(777),二类烟,121.9,150.0,,,,,143.272,,,,,,,,,,,,,,,,,,,,,,,,,,,,,,,,,,,,2025-10-01,10,2025,1.2305168170631664,,,,,,,5,高档
202510,6901028242066,黄鹤楼(硬峡谷情),一类烟,339.2,400.0,0.02,0.0,0.0,,74.396,0.0,0.0,0.0,339.2,,,847.0,,,,,,,,,,,,,,,,,,,,,,,,,,,,,2025-10-01,10,2025,1.179245283018868,,,1.0,,0.0,,5,高档
202510,8888075034777,555(老版细支),一类烟,212.28,250.0,0.004,0.0,0.0,,94.636,0.0,0.0,0.0,212.28,0.148,0.136,847.0,19.0,17.0,2.01,89.47,91.89,17.0,89.47,100.0,,,0.0,,,,,,,,,,,,,,,,,,2025-10-01,10,2025,1.1776898436027887,,,1.0,,0.0,0.02243211334120425,5,高档
202510,6901028058148,好猫(细支长乐),二类烟,139.92,160.0,0.18,0.176,0.615648,34980.0,265.164,97.777778,0.395781,0.149049,139.92,,,847.0,,,,,,,,,,,,,0.18,0.18,97.78,847.0,22.0,1.48,2.6,0.0,0.0,0.0,0.0,0.0,0.0,0.0,0.0,,2025-10-01,10,2025,1.1435105774728418,0.24210100576953064,1506.6136363636365,-96.777778,3.3999999999999995,0.0007268571428571428,,5,高档
202510,4891132530116,红双喜(南洋经典),三类烟,67.95,80.0,0.008,0.0,0.0,,209.932,0.0,0.0,0.0,67.95,,,847.0,,,,,,,,,,,,,,,,,,,,,,,,,,,,,2025-10-01,10,2025,1.177336276674025,,,1.0,,0.0,,4,中高档
202510,6901028936996,好猫(招财猫1600),一类烟,158.0,180.0,,,,,49.676,,,,158.0,,,847.0,,,,,,,,,,,,,,,,,,,,,,,,,,,,,2025-10-01,10,2025,1.139240506329114,,,,,,,5,高档
202510,6901028025645,娇子(时代阳光),三类烟,71.0,80.0,5.496,5.472,9.7128,17750.0,380.168,99.563319,6.244144,2.351339,71.0,0.12,0.12,847.0,83.0,17.0,2.01,20.48,100.0,13.0,18.07,76.47,,,0.0,,5.47,5.5,99.56,847.0,346.0,21.97,40.85,0.0,0.0,0.0,0.0,0.0,0.0,0.0,0.0,1.0,2025-10-01,10,2025,1.1267605633802817,0.2420866279548637,69.4751461988304,-98.563319,-0.6330472103004292,0.011467296340023612,0.09799291617473435,4,中高档
202510,6901028216166,利群(软蓝),一类烟,159.0,180.0,0.432,0.432,1.7172,39750.0,297.844,100.0,1.103888,0.41578,159.0,,,847.0,,,,,,,,,,,,,0.43,0.43,100.0,847.0,54.0,4.25,6.38,0.0,0.0,0.0,0.0,0.0,0.0,0.0,0.0,1.0,2025-10-01,10,2025,1.1320754716981132,0.24212671791288143,689.4537037037037,-99.0,-0.7073170731707317,0.002027390791027155,,5,高档
202510,6901028180603,红金龙(硬神州腾龙),三类烟,57.24,65.0,33.82,33.712,48.241872,14310.0,5484.212,99.680662,31.01504,11.676987,57.24,0.016,0.0,847.0,,,0.0,,0.0,,,,,,,,33.71,33.82,99.68,847.0,835.0,100.0,98.58,797.0,0.0,0.0,0.0,95.45,0.0,0.0,0.0,3.0,2025-10-01,10,2025,1.1355695317959469,0.24205086817526483,162.6783341243474,-98.680662,-0.16422054740182457,0.0569561652892562,,3,中档
202510,6901028145473,娇子(五粮浓香中支),一类烟,424.0,500.0,0.124,0.116,1.2296,106000.0,71.156,93.548387,0.708402,0.379736,424.0,,,847.0,,,,,,,,,,,,,0.12,0.12,93.55,847.0,16.0,2.78,1.89,0.0,0.0,0.0,0.0,0.0,0.0,0.0,0.0,6.0,2025-10-01,10,2025,1.179245283018868,0.3088288874430709,613.4137931034483,-92.548387,-0.8164556962025317,0.0014517119244391971,,5,高档
202510,6901028042963,娇子(五粮醇香),一类烟,201.4,230.0,,,,,171.296,,,,201.4,0.536,0.504,847.0,54.0,52.0,6.14,96.3,94.03,52.0,96.92,100.0,,,0.0,,,,,,,,,,,,,,,,,,2025-10-01,10,2025,1.1420059582919562,,,,,,0.06375442739079103,5,高档
202510,6901028172509,黄金叶(商鼎),一类烟,175.0,200.0,1.152,1.14,4.9875,43750.0,575.1,98.958333,3.039525,1.37413,175.0,,,847.0,,,,,,,,,,,,,1.14,1.15,98.96,847.0,145.0,12.4,17.12,0.0,0.0,0.0,0.0,0.0,0.0,0.0,0.0,3.0,2025-10-01,10,2025,1.1428571428571428,0.27551478696741855,504.47368421052636,-97.958333,0.7272727272727271,0.005888429752066116,,5,高档
202510,6901028136686,金圣(硬滕王阁),三类烟,97.0,110.0,0.012,0.0,0.0,,968.116,0.0,0.0,0.0,97.0,3.344,3.332,847.0,348.0,302.0,35.66,86.78,99.64,302.0,83.3,100.0,,,0.0,,,,,,,,,,,,,,,,,,2025-10-01,10,2025,1.134020618556701,,,1.0,-1.0,0.0,0.41086186540731995,4,中高档
202510,6901028063371,白沙(硬新精品二代),三类烟,97.0,110.0,2.716,2.708,6.5669,24250.0,564.476,99.705449,4.221094,1.590274,97.0,0.016,0.0,847.0,,,0.0,,0.0,,,,,,,,2.71,2.72,99.71,847.0,340.0,21.97,40.14,0.0,0.0,0.0,0.0,0.0,0.0,0.0,0.0,11.0,2025-10-01,10,2025,1.134020618556701,0.24216510073246125,208.44756277695714,-98.705449,-0.17639902676399022,0.007753128689492327,,4,中高档
202510,6901028018722,中华(双中支),一类烟,424.0,500.0,0.032,0.032,0.3392,106000.0,106.556,100.0,0.195439,0.104737,424.0,0.04,0.032,847.0,4.0,4.0,0.47,100.0,80.0,4.0,100.0,100.0,,,0.0,,0.03,0.03,100.0,847.0,4.0,0.24,0.47,0.0,0.0,0.0,0.0,0.0,0.0,0.0,0.0,,2025-10-01,10,2025,1.179245283018868,0.3087765330188679,3329.875,-99.0,,0.00040047225501770956,0.004722550177095631,5,高档
202510,6901028188029,黄鹤楼(硬峡谷情细支),一类烟,263.0,300.0,0.784,0.772,5.0759,65750.0,645.356,98.469388,2.924077,1.567894,263.0,2.844,2.8,847.0,415.0,318.0,37.54,76.63,98.45,318.0,76.42,100.0,,,0.0,,0.77,0.78,98.47,847.0,80.0,6.2,9.45,10.0,0.0,0.0,0.0,12.5,0.0,0.0,0.0,1.0,2025-10-01,10,2025,1.1406844106463878,0.3088898520459426,835.9533678756476,-97.469388,-0.8026584867075665,0.005992798110979929,0.4899645808736718,5,高档
202510,6901028039758,贵烟(硬黄精品),二类烟,114.5,130.0,,,,,45.224,,,,114.5,,,847.0,4.0,,0.0,0.0,,,0.0,,,,,,,,,,,,,,,,,,,,,,2025-10-01,10,2025,1.1353711790393013,,,,,,0.004722550177095631,5,高档
202510,6901028179492,红金龙(软蓝九州腾龙),四类烟,38.16,45.0,0.04,0.0,0.0,,5.144,0.0,0.0,0.0,38.16,33.82,33.712,847.0,847.0,835.0,98.58,98.58,99.68,824.0,95.45,98.68,,,0.0,,,,,,,,,,,,,,,,,,2025-10-01,10,2025,1.179245283018868,,,1.0,-1.0,0.0,1.0,3,中档
202510,6901028143585,七匹狼(蓝钻),二类烟,114.5,130.0,,,,,0.0,,,,114.5,2.932,2.88,847.0,211.0,209.0,24.68,99.05,98.23,209.0,99.17,100.0,,,0.0,,,,,,,,,,,,,,,,,,2025-10-01,10,2025,1.1353711790393013,,,,,,0.24911452184179456,5,高档
202510,6901028151634,泰山(白将军),二类烟,114.5,130.0,0.264,0.256,0.7328,28625.0,194.764,96.969697,0.47104,0.17744,114.5,,,847.0,,,,,,,,,,,,,0.26,0.26,96.97,847.0,32.0,2.13,3.78,0.0,0.0,0.0,0.0,0.0,0.0,0.0,0.0,,2025-10-01,10,2025,1.1353711790393013,0.24213973799126637,760.796875,-95.969697,-0.9196988707653702,0.0008651711924439197,,5,高档
202510,6901028118187,利群(新版),二类烟,143.1,160.0,10.716,10.676,38.19339,35775.0,2437.716,99.626726,24.552307,9.246625,143.1,0.14,0.14,847.0,29.0,18.0,2.13,62.07,100.0,17.0,60.34,94.44,,,0.0,,10.68,10.72,99.63,847.0,828.0,78.03,97.76,459.0,0.0,0.0,0.0,55.43,0.0,0.0,0.0,4.0,2025-10-01,10,2025,1.1180992313067786,0.24210013826999907,228.33608092918695,-98.626726,-0.2655476059438635,0.04509255017709563,0.03423848878394333,5,高档
202510,6901028184250,黄鹤楼(硬1916),一类烟,848.0,1000.0,0.004,0.0,0.0,,0.108,0.0,0.0,0.0,848.0,0.008,0.0,847.0,,,0.0,,0.0,,,,,,,,,,,,,,,,,,,,,,,,2025-10-01,10,2025,1.179245283018868,,,1.0,,0.0,,5,高档
202510,6901028042215,娇子(宽窄平安中支),一类烟,339.2,400.0,,,,,16.668,,,,,,,,,,,,,,,,,,,,,,,,,,,,,,,,,,,,2025-10-01,10,2025,1.179245283018868,,,,,,,5,高档
202510,6901028314985,红塔山(硬经典),三类烟,75.0,85.0,6.432,6.388,11.9775,18750.0,234.3,99.31592,7.699154,2.900135,75.0,0.016,0.0,847.0,,,0.0,,0.0,,,,,,,,6.39,6.43,99.32,847.0,800.0,49.97,94.45,0.0,0.0,0.0,0.0,0.0,0.0,0.0,0.0,6.0,2025-10-01,10,2025,1.1333333333333333,0.24213191400542686,36.678146524733876,-98.31592,-0.27868112014453483,0.014141086186540731,,4,中高档
202510,6901028227285,天子(金),一类烟,167.48,200.0,1.08,1.068,4.471716,41870.0,619.524,98.888889,2.874524,1.082683,167.48,0.972,0.964,847.0,204.0,121.0,14.29,59.31,99.18,120.0,59.07,99.17,,,0.0,,1.07,1.08,98.89,847.0,139.0,19.26,16.41,0.0,0.0,0.0,0.0,0.0,0.0,0.0,0.0,16.0,2025-10-01,10,2025,1.1941724385001196,0.2421180146503043,580.0786516853932,-97.888889,-0.5658536585365853,0.0052794757969303425,0.2408500590318772,5,高档
202510,6901028062015,苏烟(五星红杉树),一类烟,188.68,220.0,1.308,1.292,6.094364,47170.0,118.744,98.776758,3.714177,1.679115,188.68,0.008,0.0,847.0,4.0,,0.0,0.0,0.0,,0.0,,,,,,1.29,1.31,98.78,847.0,162.0,10.57,19.13,0.0,0.0,0.0,0.0,0.0,0.0,0.0,0.0,121.0,2025-10-01,10,2025,1.165995336018656,0.2755193158793928,91.90712074303406,-97.776758,inf,0.0071952349468713105,0.004722550177095631,5,高档
202510,8888075056014,555 (金天越),二类烟,119.09,140.0,0.148,0.136,0.404906,29772.5,74.996,91.891892,0.267065,0.091261,119.09,,,847.0,,,,,,,,,,,,,0.14,0.15,91.89,847.0,17.0,1.12,2.01,0.0,0.0,0.0,0.0,0.0,0.0,0.0,0.0,13.0,2025-10-01,10,2025,1.175581492988496,0.22538811477231752,551.4411764705882,-90.891892,inf,0.00047804722550177096,,5,高档
202510,6901028180009,黄鹤楼(软珍品),一类烟,530.0,650.0,0.008,0.0,0.0,,192.816,0.0,0.0,0.0,530.0,86.776,86.484,847.0,847.0,832.0,98.23,98.23,99.66,781.0,91.89,93.87,,,0.0,,,,,,,,,,,,,,,,,,2025-10-01,10,2025,1.2264150943396226,,,1.0,,0.0,1.0,5,高档
202510,6901028190602,黄鹤楼(软雪之景),二类烟,121.9,140.0,8.644,8.624,26.28164,30475.0,268.696,99.768626,16.894449,6.363401,121.9,,,847.0,,,,,,,,,,,,,8.62,8.64,99.77,847.0,594.0,64.91,70.13,484.0,0.0,0.0,0.0,81.48,0.0,0.0,0.0,1.0,2025-10-01,10,2025,1.1484823625922886,0.24212343674139056,31.156771799628945,-98.768626,-0.2210982658959536,0.03102909090909091,,5,高档
202510,6901028180634,红金龙(软虹之彩),五类烟,19.08,25.0,0.016,0.0,0.0,,0.0,0.0,0.0,0.0,19.08,6.324,6.284,847.0,846.0,787.0,92.92,93.03,99.37,784.0,92.85,99.62,,,0.0,,,,,,,,,,,,,,,,,,2025-10-01,10,2025,1.310272536687631,,,1.0,,0.0,0.9988193624557261,2,中低档
202510,6901028300063,南京(红),二类烟,114.5,130.0,,,,,15.76,,,,,,,,,,,,,,,,,,,,,,,,,,,,,,,,,,,,2025-10-01,10,2025,1.1353711790393013,,,,,,,5,高档
202510,6901028218153,黄鹤楼(金典中支),一类烟,381.6,450.0,,,,,25.704,,,,381.6,,,847.0,,,,,,,,,,,,,,,,,,,,,,,,,,,,,2025-10-01,10,2025,1.1792452830188678,,,,,,,5,高档
202510,6901028024976,娇子(X),三类烟,97.0,110.0,0.852,0.844,2.0467,24250.0,596.28,99.061033,1.315585,0.495639,97.0,5.496,5.472,847.0,372.0,346.0,40.85,93.01,99.56,339.0,91.94,97.98,,,0.0,,0.84,0.85,99.06,847.0,106.0,8.27,12.51,0.0,0.0,0.0,0.0,0.0,0.0,0.0,0.0,,2025-10-01,10,2025,1.134020618556701,0.24216494845360825,706.4928909952606,-98.061033,-0.8184165232358003,0.002416410861865407,0.43919716646989376,4,中高档
202510,6901028187855,黄鹤楼(软1916),一类烟,848.0,1000.0,,,,,36.212,,,,848.0,0.784,0.772,847.0,91.0,80.0,9.45,87.91,98.47,79.0,86.16,98.75,,,0.0,,,,,,,,,,,,,,,,,,2025-10-01,10,2025,1.179245283018868,,,,,,0.10743801652892562,5,高档
202510,6901028010771,中南海(冰耀中支),一类烟,201.4,230.0,0.032,0.032,0.16112,50350.0,108.64,100.0,0.098194,0.04439,201.4,0.172,0.172,847.0,73.0,22.0,2.6,30.14,100.0,21.0,29.45,95.45,,,0.0,,0.03,0.03,100.0,847.0,4.0,0.24,0.47,0.0,0.0,0.0,0.0,0.0,0.0,0.0,0.0,,2025-10-01,10,2025,1.1420059582919562,0.2755089374379344,3395.0,-99.0,inf,0.00019022432113341206,0.08618654073199528,5,高档
202510,6901028129725,都宝(天空蓝中支),一类烟,201.4,230.0,,,,,0.0,,,,,,,,,,,,,,,,,,,,,,,,,,,,,,,,,,,,2025-10-01,10,2025,1.1420059582919562,,,,,,,5,高档
202510,6901028159753,泰山(心悦),二类烟,139.92,160.0,0.16,0.136,0.475728,34980.0,114.248,85.0,0.30583,0.115175,139.92,,,847.0,,,,,,,,,,,,,0.14,0.16,85.0,847.0,13.0,1.06,1.53,4.0,0.0,0.0,0.0,30.77,0.0,0.0,0.0,,2025-10-01,10,2025,1.1435105774728418,0.2421026300743282,840.0588235294117,-84.0,-0.6936936936936937,0.0005616623376623376,,5,高档
202510,6901028219174,黄鹤楼(硬奇景),一类烟,238.5,300.0,0.176,0.152,0.9063,59625.0,626.564,86.363636,0.552365,0.249663,238.5,0.032,0.032,847.0,4.0,4.0,0.47,100.0,100.0,4.0,100.0,100.0,,,0.0,,0.15,0.18,86.36,847.0,19.0,1.12,2.24,0.0,0.0,0.0,0.0,0.0,0.0,0.0,0.0,,2025-10-01,10,2025,1.2578616352201257,0.2754750082754055,4122.131578947368,-85.363636,-0.9600840336134454,0.0010700118063754428,0.004722550177095631,5,高档
202510,6901028107297,钻石(玫瑰二代),三类烟,97.0,110.0,,,,,109.924,,,,97.0,0.004,0.0,847.0,,,0.0,,0.0,,,,,,,,,,,,,,,,,,,,,,,,2025-10-01,10,2025,1.134020618556701,,,,,,,4,中高档
202510,6901028162876,黄金叶(喜满堂),三类烟,88.0,100.0,1.636,1.608,3.5376,22000.0,1278.28,98.288509,2.274208,0.856367,88.0,0.596,0.596,847.0,150.0,75.0,8.85,50.0,100.0,74.0,49.67,98.67,,,0.0,,1.61,1.64,98.29,847.0,201.0,11.99,23.73,0.0,0.0,0.0,0.0,0.0,0.0,0.0,0.0,,2025-10-01,10,2025,1.1363636363636365,0.24207570104025328,794.9502487562188,-97.288509,-0.5341830822711471,0.0041766233766233766,0.1770956316410862,4,中高档
202510,6901028102094,贵烟(红中支),一类烟,263.0,300.0,,,,,33.876,,,,263.0,,,847.0,,,,,,,,,,,,,,,,,,,,,,,,,,,,,2025-10-01,10,2025,1.1406844106463878,,,,,,,5,高档
202510,6901028218757,黄鹤楼(硬蓝),一类烟,175.0,200.0,,,,,220.536,,,,175.0,0.176,0.152,847.0,19.0,19.0,2.24,100.0,86.36,19.0,100.0,100.0,,,0.0,,,,,,,,,,,,,,,,,,2025-10-01,10,2025,1.1428571428571428,,,,,,0.02243211334120425,5,高档
202510,6901028145077,娇子(宽窄好运细支),一类烟,225.0,260.0,0.48,0.476,2.6775,56250.0,387.116,99.166667,1.631848,0.737622,225.0,0.124,0.116,847.0,47.0,16.0,1.89,34.04,93.55,13.0,30.85,81.25,,,0.0,,0.48,0.48,99.17,847.0,61.0,6.26,7.2,0.0,0.0,0.0,0.0,0.0,0.0,0.0,0.0,,2025-10-01,10,2025,1.1555555555555554,0.2754890756302521,813.2689075630252,-98.166667,0.09174311926605494,0.0031611570247933886,0.05548996458087367,5,高档
202510,6901028009805,双喜(百年经典),一类烟,175.0,200.0,0.592,0.584,2.555,43750.0,186.692,98.648649,1.557134,0.703899,175.0,0.124,0.124,847.0,44.0,16.0,1.89,36.36,100.0,15.0,35.23,93.75,,,0.0,,0.58,0.59,98.65,847.0,77.0,33.67,9.09,0.0,0.0,0.0,0.0,0.0,0.0,0.0,0.0,24.0,2025-10-01,10,2025,1.1428571428571428,0.2754986301369863,319.67808219178085,-97.648649,-0.08750000000000002,0.0030165289256198348,0.05194805194805195,5,高档
202510,6901028112505,南京(大观园爆冰),一类烟,263.0,300.0,,,,,42.34,,,,263.0,,,847.0,,,,,,,,,,,,,,,,,,,,,,,,,,,,,2025-10-01,10,2025,1.1406844106463878,,,,,,,5,高档
202510,8888075005524,555金·锐,二类烟,137.8,160.0,,,,,2.424,,,,137.8,0.168,0.152,847.0,19.0,19.0,2.24,100.0,90.48,19.0,100.0,100.0,,,0.0,,,,,,,,,,,,,,,,,,2025-10-01,10,2025,1.1611030478955007,,,,,,0.02243211334120425,5,高档
202510,6901028077910,钻石(软荷花),一类烟,339.2,400.0,,,,,45.948,,,,339.2,2.072,2.052,847.0,272.0,257.0,30.34,94.49,99.03,256.0,94.3,99.61,,,0.0,,,,,,,,,,,,,,,,,,2025-10-01,10,2025,1.179245283018868,,,,,,0.32113341204250295,5,高档
202510,6901028219839,黄鹤楼(硬祝福),一类烟,167.48,200.0,,,,,0.0,,,,,,,,,,,,,,,,,,,,,,,,,,,,,,,,,,,,2025-10-01,10,2025,1.1941724385001196,,,,,,,5,高档
202510,6901028119009,利群(西子阳光),一类烟,275.6,310.0,,,,,50.216,,,,275.6,0.048,0.048,847.0,6.0,6.0,0.71,100.0,100.0,6.0,100.0,100.0,,,0.0,,,,,,,,,,,,,,,,,,2025-10-01,10,2025,1.1248185776487662,,,,,,0.0070838252656434475,5,高档
202510,6901028111546,南京(雨花石),一类烟,455.8,530.0,,,,,61.136,,,,455.8,,,847.0,,,,,,,,,,,,,,,,,,,,,,,,,,,,,2025-10-01,10,2025,1.1627906976744187,,,,,,,5,高档
202510,6901028207089,利群(蓝天),二类烟,143.1,160.0,,,,,0.02,,,,,,,,,,,,,,,,,,,,,,,,,,,,,,,,,,,,2025-10-01,10,2025,1.1180992313067786,,,,,,,5,高档
202510,6901028178105,黄鹤楼(硬天下胜景),一类烟,212.0,260.0,0.796,0.792,4.1976,53000.0,198.996,99.497487,2.558641,1.156037,212.0,,,847.0,,,,,,,,,,,,,0.79,0.8,99.5,847.0,81.0,5.73,9.56,0.0,0.0,0.0,0.0,0.0,0.0,0.0,0.0,58.0,2025-10-01,10,2025,1.2264150943396226,0.27540427863541067,251.25757575757575,-98.497487,,0.004955844155844156,,5,高档
202510,6901028107150,钻石(双中支荷花),一类烟,381.6,450.0,,,,,13.04,,,,381.6,,,847.0,,,,,,,,,,,,,,,,,,,,,,,,,,,,,2025-10-01,10,2025,1.1792452830188678,,,,,,,5,高档
202510,6901028225113,黄山(金皖烟),一类烟,248.04,280.0,,,,,24.072,,,,,,,,,,,,,,,,,,,,,,,,,,,,,,,,,,,,2025-10-01,10,2025,1.128850185453959,,,,,,,5,高档
202510,6901028211352,七匹狼(纯境),二类烟,143.1,160.0,2.932,2.88,10.3032,35775.0,446.604,98.226467,6.623311,2.494409,143.1,,,847.0,,,,,,,,,,,,,2.88,2.93,98.23,847.0,209.0,21.44,24.68,151.0,0.0,0.0,0.0,72.25,0.0,0.0,0.0,,2025-10-01,10,2025,1.1180992313067786,0.24210041540492275,155.07083333333333,-97.226467,-0.511864406779661,0.012164344746162929,,5,高档
202510,6901028224079,金圣(滕王阁·紫光),二类烟,129.3,150.0,2.016,2.016,6.51672,32325.0,644.18,100.0,4.189248,1.577771,129.3,2.996,2.972,847.0,709.0,377.0,44.51,53.17,99.2,366.0,52.4,97.08,,,0.0,,2.02,2.02,100.0,847.0,253.0,21.91,29.87,0.0,0.0,0.0,0.0,0.0,0.0,0.0,0.0,,2025-10-01,10,2025,1.160092807424594,0.2421112154580832,319.5337301587301,-99.0,-0.7313432835820896,0.0076938842975206615,0.8370720188902007,5,高档
202510,6901028942881,双喜(硬精品好日子),三类烟,93.28,110.0,0.008,0.0,0.0,,64.86,0.0,0.0,0.0,93.28,0.64,0.628,847.0,112.0,70.0,8.26,62.5,98.13,69.0,62.3,98.57,,,0.0,,,,,,,,,,,,,,,,,,2025-10-01,10,2025,1.179245283018868,,,1.0,,0.0,0.1322314049586777,4,中高档
202510,6901028204835,芙蓉王(硬中支),一类烟,263.0,300.0,1.152,1.144,7.5218,65750.0,346.792,99.305556,4.3329,2.323606,263.0,,,847.0,,,,,,,,,,,,,1.14,1.15,99.31,847.0,140.0,11.58,16.53,4.0,0.0,0.0,0.0,2.86,0.0,0.0,0.0,67.0,2025-10-01,10,2025,1.1406844106463878,0.3089162168629849,303.13986013986016,-98.305556,0.31192660550458706,0.00888051948051948,,5,高档
202510,6901028051989,云烟(软大重九),一类烟,720.8,980.0,,,,,70.58,,,,720.8,,,847.0,,,,,,,,,,,,,,,,,,,,,,,,,,,,,2025-10-01,10,2025,1.3596004439511655,,,,,,,5,高档
202510,6901028218788,黄鹤楼(1916中支),一类烟,1000.0,1200.0,,,,,0.004,,,,,,,,,,,,,,,,,,,,,,,,,,,,,,,,,,,,2025-10-01,10,2025,1.2,,,,,,,5,高档
202510,6901028177771,大青山(昭君和亲),二类烟,129.3,150.0,,,,,0.0,,,,,,,,,,,,,,,,,,,,,,,,,,,,,,,,,,,,2025-10-01,10,2025,1.160092807424594,,,,,,,5,高档
202510,6901028339957,云烟(细支云龙),二类烟,129.3,150.0,2.672,2.648,8.55966,32325.0,2936.976,99.101796,5.502544,2.072387,129.3,6.432,6.388,847.0,846.0,800.0,94.45,94.56,99.32,797.0,94.39,99.63,,,0.0,,2.65,2.67,99.1,847.0,335.0,43.71,39.55,0.0,0.0,0.0,0.0,0.0,0.0,0.0,0.0,2.0,2025-10-01,10,2025,1.160092807424594,0.24211090160123186,1109.129909365559,-98.101796,-0.7129228100607112,0.010105855962219598,0.9988193624557261,5,高档
202510,6901028124058,黄山(黑马细支),一类烟,225.0,260.0,0.812,0.812,4.5675,56250.0,287.996,100.0,2.783739,1.258298,225.0,0.02,0.02,847.0,6.0,3.0,0.35,50.0,100.0,2.0,41.67,66.67,,,0.0,,0.81,0.81,100.0,847.0,83.0,19.08,9.8,21.0,0.0,0.0,0.0,25.3,0.0,0.0,0.0,33.0,2025-10-01,10,2025,1.1555555555555554,0.2754894362342638,354.6748768472906,-99.0,2.903846153846154,0.005392561983471074,0.0070838252656434475,5,高档
202510,6901028111270,南京(炫赫门),二类烟,155.0,180.0,1.492,1.444,5.5955,38750.0,142.696,96.782842,3.597223,1.3546,155.0,,,847.0,,,,,,,,,,,,,1.44,1.49,96.78,847.0,167.0,10.28,19.72,0.0,0.0,0.0,0.0,0.0,0.0,0.0,0.0,1.0,2025-10-01,10,2025,1.1612903225806452,0.24208739165400767,98.81994459833795,-95.782842,-0.7567385444743935,0.006606257378984652,,5,高档
202510,6901028177214,冬虫夏草(和润),一类烟,424.0,500.0,0.016,0.016,0.1696,106000.0,100.42,100.0,0.0977,0.052388,424.0,,,847.0,,,,,,,,,,,,,0.02,0.02,100.0,847.0,2.0,0.24,0.24,0.0,0.0,0.0,0.0,0.0,0.0,0.0,0.0,,2025-10-01,10,2025,1.179245283018868,0.30889150943396226,6276.25,-99.0,0.0,0.00020023612750885478,,5,高档
202510,6901028123266,黄山(硬记忆),三类烟,88.0,100.0,0.008,0.0,0.0,,294.244,0.0,0.0,0.0,88.0,0.812,0.812,847.0,226.0,83.0,9.8,36.73,100.0,80.0,31.42,96.39,,,0.0,,,,,,,,,,,,,,,,,,2025-10-01,10,2025,1.1363636363636365,,,1.0,,0.0,0.2668240850059032,4,中高档
202510,6901028225175,黄山(新制皖烟),二类烟,121.9,140.0,2.664,2.624,7.99664,30475.0,1220.648,98.498498,5.140472,1.93613,121.9,,,847.0,,,,,,,,,,,,,2.62,2.66,98.5,847.0,298.0,25.52,35.18,32.0,0.0,0.0,0.0,10.74,0.0,0.0,0.0,1.0,2025-10-01,10,2025,1.1484823625922886,0.2421179395346045,465.18597560975604,-97.498498,-0.7652111667859699,0.009441133412042503,,5,高档
202510,6901028181457,黄鹤楼(硬峡谷柔情),一类烟,263.0,300.0,1.404,1.38,9.0735,65750.0,321.128,98.290598,5.226874,2.802819,263.0,0.004,0.0,847.0,,,0.0,,0.0,,,,,,,,1.38,1.4,98.29,847.0,144.0,10.28,17.0,20.0,0.0,0.0,0.0,13.89,0.0,0.0,0.0,,2025-10-01,10,2025,1.1406844106463878,0.30890163663415443,232.70144927536234,-97.290598,-0.8141163793103449,0.010712514757969303,,5,高档
202510,6901028182560,红金龙(硬红龙),三类烟,47.7,55.0,30.988,30.924,36.87687,11925.0,377.928,99.793468,23.703246,8.930904,47.7,23.72,23.636,847.0,847.0,844.0,99.65,99.65,99.65,844.0,99.18,100.0,,,0.0,,30.92,30.99,99.79,847.0,828.0,71.94,97.76,363.0,0.0,0.0,0.0,43.84,0.0,0.0,0.0,2.0,2025-10-01,10,2025,1.1530398322851152,0.24218172529284618,12.221187427240977,-98.793468,-0.46737857388908033,0.04353821723730814,1.0,3,中档
202510,6901028229074,天子(中支),一类烟,201.4,230.0,0.972,0.964,4.85374,50350.0,248.916,99.176955,2.958034,1.337309,201.4,0.008,0.0,847.0,,,0.0,,0.0,,,,,,,,0.96,0.97,99.18,847.0,121.0,12.05,14.29,0.0,0.0,0.0,0.0,0.0,0.0,0.0,0.0,26.0,2025-10-01,10,2025,1.1420059582919562,0.27552135054617677,258.2116182572614,-98.176955,-0.19666666666666666,0.005730507674144038,,5,高档
202510,6901028121736,利群(楼外楼),一类烟,175.0,200.0,,,,,68.14,,,,175.0,1.056,1.04,847.0,140.0,130.0,15.35,92.86,98.48,130.0,92.86,100.0,,,0.0,,,,,,,,,,,,,,,,,,2025-10-01,10,2025,1.1428571428571428,,,,,,0.1652892561983471,5,高档
202510,6901028143554,七匹狼(锋芒),一类烟,158.0,180.0,0.552,0.544,2.1488,39500.0,301.196,98.550725,1.381352,0.520266,158.0,,,847.0,,,,,,,,,,,,,0.54,0.55,98.55,847.0,70.0,11.28,8.26,0.0,0.0,0.0,0.0,0.0,0.0,0.0,0.0,44.0,2025-10-01,10,2025,1.139240506329114,0.2421193224125093,553.6691176470588,-97.550725,-0.7781402936378466,0.002536953955135773,,5,高档
202510,6901028942911,双喜(软珍品好日子),二类烟,137.8,160.0,0.64,0.628,2.16346,34450.0,87.608,98.125,1.390706,0.523831,137.8,0.016,0.016,847.0,4.0,2.0,0.24,50.0,100.0,2.0,50.0,100.0,,,0.0,,0.63,0.64,98.13,847.0,70.0,7.44,8.26,9.0,0.0,0.0,0.0,12.86,0.0,0.0,0.0,38.0,2025-10-01,10,2025,1.1611030478955007,0.2421265010677341,139.50318471337582,-97.125,-0.3914728682170543,0.002554262101534829,0.004722550177095631,5,高档
202510,6901028221351,贵烟(新贵),三类烟,93.28,110.0,,,,,295.152,,,,93.28,1.88,1.88,847.0,319.0,229.0,27.04,71.79,100.0,223.0,69.73,97.38,,,0.0,,,,,,,,,,,,,,,,,,2025-10-01,10,2025,1.179245283018868,,,,,,0.37662337662337664,4,中高档
202510,8888075074865,建牌(薄荷紫冰),一类烟,257.75,300.0,0.032,0.032,0.2062,64437.5,39.7,100.0,0.135996,0.04648,257.75,,,847.0,,,,,,,,,,,,,0.03,0.03,100.0,847.0,4.0,0.24,0.47,0.0,0.0,0.0,0.0,0.0,0.0,0.0,0.0,4.0,2025-10-01,10,2025,1.1639185257032008,0.2254122211445199,1240.625,-99.0,,0.0002434474616292798,,5,高档
202510,6901028180580,黄鹤楼(软蓝),一类烟,164.3,190.0,86.776,86.484,355.23303,41075.0,10786.232,99.663501,228.361002,86.004597,164.3,,,847.0,,,,,,,,,,,,,86.48,86.78,99.66,847.0,832.0,100.0,98.23,798.0,0.0,0.0,0.0,95.91,0.0,0.0,0.0,2.0,2025-10-01,10,2025,1.1564211807668898,0.24210754557367598,124.719393182554,-98.663501,-0.0729751747202333,0.41940145218417946,,5,高档
202510,6901028315432,红塔山(硬经典100),三类烟,97.0,110.0,0.016,0.0,0.0,,699.444,0.0,0.0,0.0,97.0,0.144,0.144,847.0,33.0,18.0,2.13,54.55,100.0,18.0,54.55,100.0,,,0.0,,,,,,,,,,,,,,,,,,2025-10-01,10,2025,1.134020618556701,,,1.0,-1.0,0.0,0.03896103896103896,4,中高档
202510,6901028001625,双喜(硬经典1906),二类烟,150.52,170.0,4.496,4.432,16.677616,37630.0,885.26,98.576512,10.721043,4.037818,150.52,1.736,1.728,847.0,424.0,222.0,26.21,52.36,99.54,210.0,50.94,94.59,,,0.0,,4.43,4.5,98.58,847.0,231.0,72.77,27.27,80.0,0.0,0.0,0.0,34.63,0.0,0.0,0.0,11.0,2025-10-01,10,2025,1.1294180175391975,0.24211002339902776,199.74277978339347,-97.576512,-0.08956450287592443,0.019690219598583237,0.500590318772137,5,高档
202510,6901028227438,龙凤呈祥(软魅力朝天门),三类烟,97.0,110.0,0.008,0.0,0.0,,169.452,0.0,0.0,0.0,97.0,0.032,0.032,847.0,4.0,4.0,0.47,100.0,100.0,4.0,100.0,100.0,,,0.0,,,,,,,,,,,,,,,,,,2025-10-01,10,2025,1.134020618556701,,,1.0,,0.0,0.004722550177095631,4,中高档
202510,6901028937535,好猫(金猴王),三类烟,71.0,80.0,,,,,613.52,,,,71.0,0.692,0.684,847.0,177.0,81.0,9.56,45.76,98.84,76.0,46.47,93.83,,,0.0,,,,,,,,,,,,,,,,,,2025-10-01,10,2025,1.1267605633802817,,,,,,0.2089728453364817,4,中高档
202510,6901028179324,黄鹤楼(硬珍品),一类烟,339.2,400.0,0.008,0.0,0.0,,631.524,0.0,0.0,0.0,339.2,13.084,12.996,847.0,847.0,644.0,76.03,76.03,99.33,632.0,71.56,98.14,,,0.0,,,,,,,,,,,,,,,,,,2025-10-01,10,2025,1.179245283018868,,,1.0,-1.0,0.0,1.0,5,高档
202510,6901028189057,黄鹤楼(硬雪之景),二类烟,121.9,140.0,,,,,188.548,,,,,,,,,,,,,,,,,,,,,,,,,,,,,,,,,,,,2025-10-01,10,2025,1.1484823625922886,,,,,,,5,高档
202510,8888075018616,555·双冰,一类烟,271.07,320.0,0.168,0.152,1.030066,67767.5,32.176,90.47619,0.67939,0.232173,271.07,0.168,0.152,847.0,19.0,19.0,2.24,100.0,90.48,19.0,100.0,100.0,,,0.0,,0.15,0.17,90.48,847.0,19.0,1.12,2.24,0.0,0.0,0.0,0.0,0.0,0.0,0.0,0.0,15.0,2025-10-01,10,2025,1.180506880141661,0.22539623674599493,211.6842105263158,-89.47619,inf,0.0012161345926800472,0.02243211334120425,5,高档
202510,6901028218603,黄鹤楼(硬1916如意),一类烟,763.2,900.0,0.008,0.0,0.0,,48.172,0.0,0.0,0.0,763.2,0.008,0.0,847.0,,,0.0,,0.0,,,,,,,,,,,,,,,,,,,,,,,,2025-10-01,10,2025,1.1792452830188678,,,1.0,-1.0,0.0,,5,高档
202510,6901028104692,龙烟(呈祥),二类烟,129.3,150.0,,,,,0.0,,,,,,,,,,,,,,,,,,,,,,,,,,,,,,,,,,,,2025-10-01,10,2025,1.160092807424594,,,,,,,5,高档
202510,6901028133333,金圣(青瓷细支),一类烟,225.0,260.0,0.004,0.0,0.0,,17.652,0.0,0.0,0.0,225.0,0.012,0.0,847.0,,,0.0,,0.0,,,,,,,,,,,,,,,,,,,,,,,,2025-10-01,10,2025,1.1555555555555554,,,1.0,,0.0,,5,高档
202510,6901028331296,云烟(黑金刚印象),一类烟,466.4,600.0,,,,,0.016,,,,,,,,,,,,,,,,,,,,,,,,,,,,,,,,,,,,2025-10-01,10,2025,1.2864493996569468,,,,,,,5,高档
202510,6901028092838,人民大会堂(硬红细支),二类烟,139.92,160.0,,,,,98.396,,,,,,,,,,,,,,,,,,,,,,,,,,,,,,,,,,,,2025-10-01,10,2025,1.1435105774728418,,,,,,,5,高档
202510,6901028196024,白沙(软和天下),一类烟,720.8,1000.0,,,,,29.056,,,,720.8,,,847.0,,,,,,,,,,,,,,,,,,,,,,,,,,,,,2025-10-01,10,2025,1.3873473917869035,,,,,,,5,高档
202510,6901028080521,钻石(细支荷花),一类烟,360.4,420.0,,,,,68.836,,,,360.4,,,847.0,,,,,,,,,,,,,,,,,,,,,,,,,,,,,2025-10-01,10,2025,1.165371809100999,,,,,,,5,高档
202510,6901028159548,泰山(硬红八喜),三类烟,57.24,65.0,8.256,8.224,11.768544,14310.0,933.196,99.612403,7.56608,2.848587,57.24,0.16,0.136,847.0,14.0,13.0,1.53,92.86,85.0,13.0,94.44,100.0,,,0.0,,8.22,8.26,99.61,847.0,443.0,30.95,52.3,0.0,0.0,0.0,0.0,0.0,0.0,0.0,0.0,3.0,2025-10-01,10,2025,1.1355695317959469,0.24205092830514974,113.47227626459144,-98.612403,-0.6850972583856639,0.013894384887839433,0.01652892561983471,3,中档
202510,6901028143448,万宝路(软红2.0),二类烟,143.1,160.0,,,,,22.768,,,,143.1,,,847.0,,,,,,,,,,,,,,,,,,,,,,,,,,,,,2025-10-01,10,2025,1.1180992313067786,,,,,,,5,高档
202510,6901028084925,长城(醇雅薄荷),一类烟,158.4,180.0,2.3472,2.3256,10.23264,44000.0,447.498,99.079755,6.16284,2.892474,158.4,,,847.0,,,,,,,,,,,,,2.33,2.35,99.08,847.0,252.0,72.77,29.75,80.0,0.0,0.0,0.0,31.75,0.0,0.0,0.0,23.0,2025-10-01,10,2025,1.1363636363636362,0.2826713340838728,192.42260061919504,-98.079755,-0.3298755186721992,0.01208103896103896,,5,高档
202510,6901028071475,中南海(5mg),二类烟,114.5,130.0,0.172,0.172,0.49235,28625.0,101.968,100.0,0.316482,0.119216,114.5,0.172,0.172,847.0,64.0,22.0,2.6,34.38,100.0,21.0,33.59,95.45,,,0.0,,0.17,0.17,100.0,847.0,22.0,4.31,2.6,0.0,0.0,0.0,0.0,0.0,0.0,0.0,0.0,3.0,2025-10-01,10,2025,1.1353711790393013,0.2421366913780847,592.8372093023256,-99.0,0.7199999999999998,0.0005812868949232585,0.0755608028335301,5,高档
202510,6901028075022,中华(软),一类烟,583.0,700.0,0.04,0.032,0.4664,145750.0,218.596,80.0,0.268695,0.144049,583.0,,,847.0,,,,,,,,,,,,,0.03,0.04,80.0,847.0,4.0,0.24,0.47,0.0,0.0,0.0,0.0,0.0,0.0,0.0,0.0,,2025-10-01,10,2025,1.2006861063464838,0.3088529159519726,6831.125,-79.0,inf,0.0005506493506493507,,5,高档
202510,6901028179270,红金龙(软精品),三类烟,90.1,110.0,36.592,36.44,82.0811,22525.0,3174.516,99.584609,52.780485,19.858082,90.1,0.04,0.0,847.0,,,0.0,,0.0,,,,,,,,36.44,36.59,99.58,847.0,845.0,100.0,99.76,840.0,0.0,0.0,0.0,99.41,0.0,0.0,0.0,2.0,2025-10-01,10,2025,1.2208657047724751,0.24193245460891724,87.11624588364435,-98.584609,0.01379924326730464,0.09690802833530107,,4,中高档
202510,6901028138536,七匹狼(软灰),一类烟,185.5,210.0,0.004,0.0,0.0,,114.036,0.0,0.0,0.0,185.5,18.076,18.028,847.0,847.0,798.0,94.21,94.21,99.73,796.0,92.28,99.75,,,0.0,,,,,,,,,,,,,,,,,,2025-10-01,10,2025,1.1320754716981132,,,1.0,,0.0,1.0,5,高档
202510,6901028118828,利群(长嘴),一类烟,190.8,220.0,0.14,0.14,0.6678,47700.0,240.968,100.0,0.407228,0.183747,190.8,,,847.0,,,,,,,,,,,,,0.14,0.14,100.0,847.0,18.0,1.71,2.13,0.0,0.0,0.0,0.0,0.0,0.0,0.0,0.0,1.0,2025-10-01,10,2025,1.1530398322851152,0.2751527403414196,1721.1999999999998,-99.0,-0.5138888888888888,0.0007884297520661157,,5,高档
202510,6901028204026,万宝路(硬冰爵2.0),一类烟,225.0,260.0,,,,,58.12,,,,225.0,,,847.0,,,,,,,,,,,,,,,,,,,,,,,,,,,,,2025-10-01,10,2025,1.1555555555555554,,,,,,,5,高档
202510,6901028045919,云烟(软珍品),一类烟,206.7,230.0,0.008,0.0,0.0,,454.28,0.0,0.0,0.0,206.7,2.548,2.536,847.0,385.0,320.0,37.78,83.12,99.53,314.0,82.34,98.13,,,0.0,,,,,,,,,,,,,,,,,,2025-10-01,10,2025,1.1127237542331883,,,1.0,-1.0,0.0,0.45454545454545453,5,高档
202510,6901028057080,双喜(硬晶彩好日子),一类烟,158.0,180.0,0.16,0.16,0.632,39500.0,134.872,100.0,0.406356,0.152944,158.0,0.008,0.0,847.0,,,0.0,,0.0,,,,,,,,0.16,0.16,100.0,847.0,20.0,1.3,2.36,0.0,0.0,0.0,0.0,0.0,0.0,0.0,0.0,2.0,2025-10-01,10,2025,1.139240506329114,0.242,842.95,-99.0,1.0,0.0007461629279811098,,5,高档
202510,6901028012003,真龙(凌云),二类烟,121.9,150.0,0.212,0.212,0.64607,30475.0,219.728,100.0,0.415308,0.15643,121.9,,,847.0,,,,,,,,,,,,,0.21,0.21,100.0,847.0,23.0,1.71,2.72,4.0,0.0,0.0,0.0,17.39,0.0,0.0,0.0,,2025-10-01,10,2025,1.2305168170631664,0.24212546628074358,1036.4528301886794,-99.0,-0.6826347305389222,0.0007627744982290438,,5,高档
202510,6901028046893,云烟(紫),二类烟,114.5,130.0,2.548,2.536,7.2593,28625.0,878.08,99.529042,4.66624,1.757768,114.5,,,847.0,,,,,,,,,,,,,2.54,2.55,99.53,847.0,320.0,22.74,37.78,0.0,0.0,0.0,0.0,0.0,0.0,0.0,0.0,3.0,2025-10-01,10,2025,1.1353711790393013,0.24214015125425317,346.2460567823344,-98.529042,-0.6872224962999507,0.00857060212514758,,5,高档
202510,6901028084772,娇子(格调细支),二类烟,129.3,150.0,2.26,2.252,7.27959,32325.0,673.012,99.646018,4.679656,1.762468,129.3,0.48,0.476,847.0,106.0,61.0,7.2,57.55,99.17,58.0,56.13,95.08,,,0.0,,2.25,2.26,99.65,847.0,262.0,24.22,30.93,23.0,0.0,0.0,0.0,8.78,0.0,0.0,0.0,3.0,2025-10-01,10,2025,1.160092807424594,0.24211088811320416,298.8507992895204,-98.646018,-0.5256950294860995,0.008594557260920897,0.12514757969303425,5,高档
202510,6901028141147,七匹狼(蓝),三类烟,71.0,80.0,18.076,18.028,30.097746,16695.0,1417.768,99.734455,19.348551,7.286174,71.0,0.552,0.544,847.0,191.0,70.0,8.26,36.65,98.55,66.0,35.6,94.29,,,0.0,,18.03,18.08,99.73,847.0,798.0,71.94,94.21,338.0,0.0,0.0,0.0,42.36,0.0,0.0,0.0,2.0,2025-10-01,10,2025,1.1267605633802817,0.2420837095242946,78.64255602396273,-98.734455,-0.4206196169173416,0.035534528925619834,0.2255017709563164,4,中高档
202510,6901028126007,黄山(新一品),三类烟,71.0,80.0,0.008,0.0,0.0,,386.096,0.0,0.0,0.0,71.0,2.664,2.624,847.0,389.0,298.0,35.18,76.61,98.5,294.0,75.93,98.66,,,0.0,,,,,,,,,,,,,,,,,,2025-10-01,10,2025,1.1267605633802817,,,1.0,,0.0,0.4592680047225502,4,中高档
202510,6901028011785,真龙(起源),一类烟,212.0,250.0,0.032,0.032,0.1696,53000.0,129.692,100.0,0.103366,0.046722,212.0,0.212,0.212,847.0,25.0,23.0,2.72,92.0,100.0,22.0,91.38,95.65,,,0.0,,0.03,0.03,100.0,847.0,4.0,0.24,0.47,0.0,0.0,0.0,0.0,0.0,0.0,0.0,0.0,,2025-10-01,10,2025,1.179245283018868,0.2754834905660377,4052.875,-99.0,0.0,0.00020023612750885478,0.0295159386068477,5,高档
202510,6901028120708,利群(软长嘴),一类烟,318.0,360.0,0.048,0.048,0.3816,79500.0,70.556,100.0,0.219939,0.117759,318.0,,,847.0,,,,,,,,,,,,,0.05,0.05,100.0,847.0,6.0,0.35,0.71,0.0,0.0,0.0,0.0,0.0,0.0,0.0,0.0,,2025-10-01,10,2025,1.1320754716981132,0.3085927672955975,1469.9166666666665,-99.0,-0.5,0.00045053128689492324,,5,高档
202510,6901028095891,黄果树(长征),三类烟,61.5,70.0,0.004,0.0,0.0,,85.672,0.0,0.0,0.0,61.5,,,847.0,,,,,,,,,,,,,,,,,,,,,,,,,,,,,2025-10-01,10,2025,1.1382113821138211,,,1.0,,0.0,,3,中档
202510,6901028241410,黄鹤楼(视窗),一类烟,300.0,350.0,0.032,0.032,0.24,75000.0,28.824,100.0,0.138256,0.074132,300.0,0.02,0.0,847.0,,,0.0,,0.0,,,,,,,,0.03,0.03,100.0,847.0,4.0,0.24,0.47,0.0,0.0,0.0,0.0,0.0,0.0,0.0,0.0,,2025-10-01,10,2025,1.1666666666666667,0.30888333333333334,900.75,-99.0,0.0,0.0002833530106257379,,5,高档
202510,6901028187343,黄鹤楼(硬8度),一类烟,158.0,180.0,0.496,0.488,1.9276,39500.0,235.788,98.387097,1.239203,0.466662,158.0,,,847.0,,,,,,,,,,,,,0.49,0.5,98.39,847.0,61.0,4.43,7.2,0.0,0.0,0.0,0.0,0.0,0.0,0.0,0.0,,2025-10-01,10,2025,1.139240506329114,0.2420948329528948,483.172131147541,-97.387097,-0.6139240506329113,0.002275796930342385,,5,高档
202510,6901028160285,黄金叶(乐途),二类烟,121.9,140.0,1.688,1.688,5.14418,30475.0,981.252,100.0,3.306792,1.245535,121.9,,,847.0,4.0,,0.0,0.0,,,0.0,,,,,,1.69,1.69,100.0,847.0,213.0,20.44,25.15,0.0,0.0,0.0,0.0,0.0,0.0,0.0,0.0,2.0,2025-10-01,10,2025,1.1484823625922886,0.24212508115967948,581.3104265402843,-99.0,-0.564499484004128,0.006073412042502952,0.004722550177095631,5,高档
202510,6901028150378,泰山(望岳),一类烟,167.48,190.0,,,,,94.608,,,,167.48,0.264,0.256,847.0,36.0,32.0,3.78,88.89,96.97,32.0,88.89,100.0,,,0.0,,,,,,,,,,,,,,,,,,2025-10-01,10,2025,1.1344638165751135,,,,,,0.04250295159386069,5,高档
202510,6901028184304,黄鹤楼(硬平安),一类烟,720.8,1000.0,0.008,0.0,0.0,,25.548,0.0,0.0,0.0,720.8,88.272,87.984,847.0,847.0,837.0,98.82,98.82,99.67,795.0,93.16,94.98,,,0.0,,,,,,,,,,,,,,,,,,2025-10-01,10,2025,1.3873473917869035,,,1.0,,0.0,1.0,5,高档
202510,6901028080224,钻石(硬特醇),四类烟,44.5,50.0,5.772,5.744,6.3902,11125.0,797.124,99.5149,4.267798,1.38717,44.5,,,847.0,,,,,,,,,,,,,5.74,5.77,99.51,847.0,361.0,21.97,42.62,0.0,0.0,0.0,0.0,0.0,0.0,0.0,0.0,7.0,2025-10-01,10,2025,1.1235955056179776,0.21707771274764484,138.775069637883,-98.5149,-0.32582159624413143,0.007544510035419127,,3,中档
202510,8888075024037,555(冰炫),一类烟,216.05,240.0,0.168,0.152,0.82099,54012.5,26.088,90.47619,0.541517,0.185024,216.05,,,847.0,,,,,,,,,,,,,0.15,0.17,90.48,847.0,19.0,1.12,2.24,0.0,0.0,0.0,0.0,0.0,0.0,0.0,0.0,,2025-10-01,10,2025,1.11085396898866,0.22536693504183972,171.63157894736844,-89.47619,inf,0.0009692916174734356,,5,高档
202510,6901028075015,中华(硬),一类烟,381.6,450.0,0.04,0.032,0.30528,95400.0,371.236,80.0,0.175857,0.094303,381.6,0.04,0.032,847.0,4.0,4.0,0.47,100.0,80.0,4.0,100.0,100.0,,,0.0,,0.03,0.04,80.0,847.0,4.0,0.24,0.47,0.0,0.0,0.0,0.0,0.0,0.0,0.0,0.0,,2025-10-01,10,2025,1.1792452830188678,0.30890657756813417,11601.125,-79.0,-0.8888888888888888,0.0003604250295159386,0.004722550177095631,5,高档
202510,6901028224642,金圣(青瓷),一类烟,158.0,180.0,2.996,2.972,11.7394,39500.0,397.332,99.198932,7.546655,2.842337,158.0,,,847.0,,,,,,,,,,,,,2.97,3.0,99.2,847.0,377.0,41.88,44.51,0.0,0.0,0.0,0.0,0.0,0.0,0.0,0.0,81.0,2025-10-01,10,2025,1.139240506329114,0.24211944392388027,133.69179004037684,-98.198932,3.038043478260869,0.013859976387249114,,5,高档
202510,6901028191142,白沙(硬),三类烟,71.0,80.0,0.016,0.0,0.0,,11.74,0.0,0.0,0.0,71.0,,,847.0,,,,,,,,,,,,,,,,,,,,,,,,,,,,,2025-10-01,10,2025,1.1267605633802817,,,1.0,,0.0,,4,中高档
202510,6901028164177,红旗渠(雪茄),四类烟,44.5,50.0,0.008,0.0,0.0,,0.012,0.0,0.0,0.0,44.5,0.852,0.844,847.0,140.0,106.0,12.51,75.71,99.06,105.0,75.36,99.06,,,0.0,,,,,,,,,,,,,,,,,,2025-10-01,10,2025,1.1235955056179776,,,1.0,,0.0,0.1652892561983471,3,中档
202510,6901028098335,长白山(蓝尚),一类烟,158.0,180.0,0.112,0.104,0.4108,39500.0,116.152,92.857143,0.264112,0.099433,158.0,0.016,0.0,847.0,,,0.0,,0.0,,,,,,,,0.1,0.11,92.86,847.0,13.0,0.77,1.53,0.0,0.0,0.0,0.0,0.0,0.0,0.0,0.0,,2025-10-01,10,2025,1.139240506329114,0.24204722492697175,1116.8461538461538,-91.857143,-0.7815126050420168,0.0004850059031877214,,5,高档
202510,6901028165921,黄金叶(小目标),二类烟,121.9,140.0,,,,,0.0,,,,,,,,,,,,,,,,,,,,,,,,,,,,,,,,,,,,2025-10-01,10,2025,1.1484823625922886,,,,,,,5,高档
202510,6901028084321,娇子(软阳光),三类烟,88.0,100.0,0.536,0.504,1.1088,22000.0,679.444,94.029851,0.712782,0.268443,88.0,2.26,2.252,847.0,373.0,262.0,30.93,70.24,99.65,255.0,68.66,97.33,,,0.0,,0.5,0.54,94.03,847.0,52.0,3.84,6.14,11.0,0.0,0.0,0.0,21.15,0.0,0.0,0.0,,2025-10-01,10,2025,1.1363636363636365,0.24210227272727272,1348.1031746031745,-93.029851,inf,0.001309090909090909,0.44037780401416765,4,中高档
202510,6901028188081,黄鹤楼(硬银紫),二类烟,114.5,130.0,2.844,2.8,8.015,28625.0,427.664,98.452883,5.152004,1.940746,114.5,,,847.0,,,,,,,,,,,,,2.8,2.84,98.45,847.0,318.0,27.05,37.54,32.0,0.0,0.0,0.0,10.06,0.0,0.0,0.0,,2025-10-01,10,2025,1.1353711790393013,0.24213923892701184,152.73714285714286,-97.452883,-0.750445632798574,0.009462809917355373,,5,高档
202510,6901028189989,黄鹤楼(硬嘉禧缘),一类烟,167.48,200.0,,,,,22.26,,,,,,,,,,,,,,,,,,,,,,,,,,,,,,,,,,,,2025-10-01,10,2025,1.1941724385001196,,,,,,,5,高档
202510,6901028172936,黄金叶(乐途硬),一类烟,175.0,200.0,,,,,147.188,,,,175.0,,,847.0,,,,,,,,,,,,,,,,,,,,,,,,,,,,,2025-10-01,10,2025,1.1428571428571428,,,,,,,5,高档
202510,6901028212137,中华(金细支),一类烟,678.4,800.0,,,,,10.724,,,,678.4,0.1,0.096,847.0,13.0,12.0,1.42,92.31,96.0,12.0,92.31,100.0,,,0.0,,,,,,,,,,,,,,,,,,2025-10-01,10,2025,1.179245283018868,,,,,,0.015348288075560802,5,高档
202510,6901028165242,黄金叶(爱尚),二类烟,139.92,160.0,0.596,0.596,2.084808,34980.0,328.192,100.0,1.340255,0.504737,139.92,0.06,0.06,847.0,57.0,15.0,1.77,26.32,100.0,15.0,26.32,100.0,,,0.0,,0.6,0.6,100.0,847.0,75.0,8.86,8.85,0.0,0.0,0.0,0.0,0.0,0.0,0.0,0.0,4.0,2025-10-01,10,2025,1.1435105774728418,0.24210239024408958,550.6577181208054,-99.0,-0.8533464566929134,0.0024614025974025976,0.06729634002361275,5,高档
202510,6901028179348,黄鹤楼(软红),一类烟,227.9,260.0,13.084,12.996,74.04471,56975.0,1969.164,99.327423,45.150792,20.375452,227.9,0.008,0.0,847.0,,,0.0,,0.0,,,,,,,,13.0,13.08,99.33,847.0,644.0,100.0,76.03,544.0,0.0,0.0,0.0,84.47,0.0,0.0,0.0,5.0,2025-10-01,10,2025,1.1408512505484862,0.2751776865626187,151.5207756232687,-98.327423,-0.4434737923946557,0.08741996458087367,,5,高档
202510,6901028340618,云烟(小熊猫家园),一类烟,158.0,200.0,,,,,0.0096,,,,,,,,,,,,,,,,,,,,,,,,,,,,,,,,,,,,2025-10-01,10,2025,1.2658227848101267,,,,,,,5,高档
202510,6901028005036,双喜(硬金五叶神),二类烟,121.9,140.0,1.736,1.728,5.26608,30475.0,321.736,99.539171,3.385152,1.275054,121.9,1.548,1.496,847.0,518.0,180.0,21.25,34.75,96.64,175.0,34.89,97.22,,,0.0,,1.73,1.74,99.54,847.0,222.0,25.04,26.21,0.0,0.0,0.0,0.0,0.0,0.0,0.0,0.0,127.0,2025-10-01,10,2025,1.1484823625922886,0.24212583173821894,186.1898148148148,-98.539171,1.9189189189189189,0.00621733175914994,0.6115702479338843,5,高档
202510,6901028940504,红金龙(硬新版),四类烟,44.5,50.0,23.72,23.636,26.29505,11125.0,2513.124,99.645868,17.561632,5.70801,44.5,0.796,0.792,847.0,97.0,81.0,9.56,83.51,99.5,81.0,86.09,100.0,,,0.0,,23.64,23.72,99.65,847.0,844.0,100.0,99.65,837.0,0.0,0.0,0.0,99.17,0.0,0.0,0.0,2.0,2025-10-01,10,2025,1.1235955056179776,0.21707545716779394,106.3261127094263,-98.645868,0.16456444619629473,0.031044923258559624,0.11452184179456906,3,中档
202510,6901028010115,中南海(典8),三类烟,97.0,110.0,,,,,86.84,,,,97.0,0.032,0.032,847.0,4.0,4.0,0.47,100.0,100.0,4.0,100.0,100.0,,,0.0,,,,,,,,,,,,,,,,,,2025-10-01,10,2025,1.134020618556701,,,,,,0.004722550177095631,4,中高档
202510,6901028079990,钻石(荷花),一类烟,275.6,320.0,2.072,2.052,14.13828,68900.0,175.996,99.034749,8.146102,4.365711,275.6,5.772,5.744,847.0,372.0,361.0,42.62,97.04,99.51,357.0,96.51,98.89,,,0.0,,2.05,2.07,99.03,847.0,257.0,16.07,30.34,0.0,0.0,0.0,0.0,0.0,0.0,0.0,0.0,16.0,2025-10-01,10,2025,1.1611030478955007,0.3087865709265908,85.76803118908383,-98.034749,0.03846153846153855,0.016692184179456906,0.43919716646989376,5,高档
202510,6901028190374,黄鹤楼(硬15细支),一类烟,848.0,1000.0,,,,,11.316,,,,848.0,8.644,8.624,847.0,598.0,594.0,70.13,99.33,99.77,594.0,98.09,100.0,,,0.0,,,,,,,,,,,,,,,,,,2025-10-01,10,2025,1.179245283018868,,,,,,0.706021251475797,5,高档
202510,6901028218634,黄鹤楼(硬1916红爆),一类烟,720.8,1000.0,0.008,0.0,0.0,,14.964,0.0,0.0,0.0,720.8,,,847.0,,,,,,,,,,,,,,,,,,,,,,,,,,,,,2025-10-01,10,2025,1.3873473917869035,,,1.0,,0.0,,5,高档
202510,6901028207508,利群(软红长嘴),一类烟,190.8,220.0,1.056,1.04,4.9608,47700.0,32.368,98.484848,3.023794,1.366306,190.8,0.432,0.432,847.0,72.0,54.0,6.38,75.0,100.0,54.0,75.0,100.0,,,0.0,,1.04,1.06,98.48,847.0,130.0,8.27,15.35,0.0,0.0,0.0,0.0,0.0,0.0,0.0,0.0,4.0,2025-10-01,10,2025,1.1530398322851152,0.2754204966940816,31.123076923076923,-97.484848,inf,0.005856906729634002,0.08500590318772137,5,高档
202510,6901028317177,玉溪(软),一类烟,201.4,230.0,2.924,2.892,14.56122,50350.0,1492.804,98.905609,8.874157,4.011872,201.4,10.716,10.676,847.0,846.0,828.0,97.76,97.87,99.63,826.0,97.34,99.76,,,0.0,,2.89,2.92,98.91,847.0,275.0,44.24,32.47,91.0,0.0,0.0,0.0,33.09,0.0,0.0,0.0,11.0,2025-10-01,10,2025,1.1420059582919562,0.27551757339014177,516.1839557399724,-97.905609,-0.38099315068493145,0.017191523022432115,0.9988193624557261,5,高档
202510,6901028937832,好猫(长乐九美),一类烟,175.0,200.0,0.692,0.684,2.9925,43750.0,227.616,98.843931,1.823715,0.824479,175.0,0.004,0.0,847.0,,,0.0,,0.0,,,,,,,,0.68,0.69,98.84,847.0,81.0,10.87,9.56,7.0,0.0,0.0,0.0,8.64,0.0,0.0,0.0,9.0,2025-10-01,10,2025,1.1428571428571428,0.2755151211361737,332.7719298245614,-97.843931,-0.6730401529636711,0.0035330578512396695,,5,高档
202510,6901028185912,黄鹤楼(硬红),一类烟,190.8,220.0,88.272,87.984,419.68368,47700.0,4608.996,99.673736,255.769488,115.632093,190.8,0.496,0.488,847.0,75.0,61.0,7.2,81.33,98.39,61.0,81.33,100.0,,,0.0,,87.98,88.27,99.67,847.0,837.0,100.0,98.82,801.0,0.0,0.0,0.0,95.7,0.0,0.0,0.0,2.0,2025-10-01,10,2025,1.1530398322851152,0.27552201458012376,52.38447899618113,-98.673736,0.16844621513944213,0.4954943093270366,0.0885478158205431,5,高档
202510,6901028009744,双喜(勿忘我),一类烟,175.0,200.0,1.548,1.496,6.545,43750.0,49.888,96.640827,3.98871,1.803244,175.0,0.592,0.584,847.0,570.0,77.0,9.09,13.51,98.65,69.0,12.81,89.61,,,0.0,,1.5,1.55,96.64,847.0,180.0,31.66,21.25,10.0,0.0,0.0,0.0,5.56,0.0,0.0,0.0,26.0,2025-10-01,10,2025,1.1428571428571428,0.27551474407945,33.3475935828877,-95.640827,8.842105263157896,0.007727272727272728,0.6729634002361276,5,高档
202510,6901028221450,贵烟(跨越),一类烟,201.4,230.0,1.88,1.88,9.4658,50350.0,469.948,100.0,5.76878,2.60803,201.4,0.344,0.344,847.0,50.0,39.0,4.6,78.0,100.0,39.0,79.63,100.0,,,0.0,,1.88,1.88,100.0,847.0,229.0,19.91,27.04,9.0,0.0,0.0,0.0,3.93,0.0,0.0,0.0,50.0,2025-10-01,10,2025,1.1420059582919562,0.27552135054617677,249.9723404255319,-99.0,2.455882352941176,0.011175678866587957,0.0590318772136954,5,高档
202510,6901028075053,牡丹(软),二类烟,121.9,140.0,2.2,2.152,6.55822,30475.0,803.604,97.818182,4.215772,1.587903,121.9,0.292,0.288,847.0,43.0,37.0,4.37,86.05,98.63,35.0,83.72,94.59,,,0.0,,2.15,2.2,97.82,847.0,269.0,16.07,31.76,0.0,0.0,0.0,0.0,0.0,0.0,0.0,0.0,,2025-10-01,10,2025,1.1484823625922886,0.24212408244920114,373.42193308550185,-96.818182,-0.5880551301684533,0.007742880755608029,0.05076741440377804,5,高档
202510,6901028065504,兰州(硬珍品),二类烟,155.0,180.0,0.344,0.344,1.333,38750.0,165.912,100.0,0.856875,0.322787,155.0,1.08,1.068,847.0,326.0,139.0,16.41,42.64,98.89,128.0,40.95,92.09,,,0.0,,0.34,0.34,100.0,847.0,39.0,3.19,4.6,4.0,0.0,0.0,0.0,10.26,0.0,0.0,0.0,27.0,2025-10-01,10,2025,1.1612903225806452,0.24215078769692422,482.3023255813954,-99.0,-0.08510638297872353,0.0015737898465171191,0.38488783943329397,5,高档
202510,6901028936477,好猫(猴王磨砂),三类烟,106.0,120.0,,,,,22.304,,,,106.0,0.236,0.236,847.0,43.0,30.0,3.54,69.77,100.0,29.0,68.6,96.67,,,0.0,,,,,,,,,,,,,,,,,,2025-10-01,10,2025,1.1320754716981132,,,,,,0.05076741440377804,5,高档
202510,6901028104241,哈尔滨(老巴夺),三类烟,97.0,110.0,0.016,0.0,0.0,,0.004,0.0,0.0,0.0,97.0,,,847.0,,,,,,,,,,,,,,,,,,,,,,,,,,,,,2025-10-01,10,2025,1.134020618556701,,,1.0,-1.0,0.0,,4,中高档
202510,6901028071536,中南海(5mg细支),二类烟,121.9,140.0,0.172,0.172,0.52417,30475.0,31.308,100.0,0.336951,0.126912,121.9,,,847.0,,,,,,,,,,,,,0.17,0.17,100.0,847.0,22.0,3.78,2.6,0.0,0.0,0.0,0.0,0.0,0.0,0.0,0.0,13.0,2025-10-01,10,2025,1.1484823625922886,0.24211992292576834,182.0232558139535,-99.0,0.43333333333333335,0.0006188547815820543,,5,高档
202510,4891132601014,红双喜(爱国绿中支),一类烟,225.73,280.0,,,,,10.244,,,,225.73,,,847.0,,,,,,,,,,,,,,,,,,,,,,,,,,,,,2025-10-01,10,2025,1.2404199707615293,,,,,,,5,高档
202510,6901028180818,黄鹤楼(天下名楼),二类烟,139.92,160.0,4.388,4.364,15.265272,34980.0,1527.676,99.453054,9.813585,3.695716,139.92,1.404,1.38,847.0,152.0,144.0,17.0,94.74,98.29,143.0,94.26,99.31,,,0.0,,4.36,4.39,99.45,847.0,423.0,40.52,49.94,121.0,0.0,0.0,0.0,28.61,0.0,0.0,0.0,3.0,2025-10-01,10,2025,1.1435105774728418,0.24209958394452455,350.06324472960586,-98.453054,-0.5351512569237324,0.018022753246753245,0.179456906729634,5,高档
202510,6901028920858,金圣(智圣出山双中支),一类烟,510.0,600.0,,,,,15.4,,,,510.0,,,847.0,,,,,,,,,,,,,,,,,,,,,,,,,,,,,2025-10-01,10,2025,1.1764705882352942,,,,,,,5,高档
202510,6901028181815,红金龙(硬蓝爱你),三类烟,97.0,110.0,6.324,6.284,15.2387,24250.0,1114.06,99.367489,9.807857,3.677607,97.0,30.988,30.924,847.0,847.0,828.0,97.76,97.76,99.79,823.0,97.2,99.4,,,0.0,,6.28,6.32,99.37,847.0,787.0,49.97,92.92,0.0,0.0,0.0,0.0,0.0,0.0,0.0,0.0,19.0,2025-10-01,10,2025,1.134020618556701,0.24133338145642347,177.28516868236792,-98.367489,0.007697241821680523,0.017991381345926802,1.0,4,中高档
202510,6901028136891,金圣(硬红·十二生肖),三类烟,61.5,70.0,3.344,3.332,5.12295,15375.0,564.464,99.641148,3.292864,1.240738,61.5,2.016,2.016,847.0,371.0,253.0,29.87,68.19,100.0,251.0,67.92,99.21,,,0.0,,3.33,3.34,99.64,847.0,302.0,29.53,35.66,115.0,0.0,0.0,0.0,38.08,0.0,0.0,0.0,6.0,2025-10-01,10,2025,1.1382113821138211,0.24219209635073538,169.40696278511408,-98.641148,0.18830242510699002,0.006048347107438017,0.4380165289256198,3,中档
202510,6901028000833,双喜(软经典),三类烟,97.0,110.0,0.892,0.832,2.0176,24250.0,702.748,93.273543,1.296903,0.488569,97.0,4.496,4.432,847.0,847.0,231.0,27.27,27.27,98.58,188.0,23.08,81.39,,,0.0,,0.83,0.89,93.27,847.0,104.0,6.2,12.28,0.0,0.0,0.0,0.0,0.0,0.0,0.0,0.0,,2025-10-01,10,2025,1.134020618556701,0.24215354877081682,844.6490384615386,-92.273543,-0.8037735849056604,0.0023820543093270364,1.0,4,中高档
202510,8888075034715,555(国际版),一类烟,254.92,300.0,,,,,24.888,,,,254.92,0.004,0.0,847.0,,,0.0,,0.0,,,,,,,,,,,,,,,,,,,,,,,,2025-10-01,10,2025,1.1768397928761964,,,,,,,5,高档
202510,6901028092432,人民大会堂(红细支),一类烟,225.0,260.0,0.268,0.264,1.485,56250.0,57.456,98.507463,0.905058,0.409101,225.0,0.112,0.104,847.0,13.0,13.0,1.53,100.0,92.86,13.0,100.0,100.0,,,0.0,,0.26,0.27,98.51,847.0,33.0,2.13,3.9,0.0,0.0,0.0,0.0,0.0,0.0,0.0,0.0,29.0,2025-10-01,10,2025,1.1555555555555554,0.27548888888888884,217.63636363636363,-97.507463,inf,0.0017532467532467534,0.015348288075560802,5,高档
202510,6901028165365,黄金叶(天香细支),一类烟,455.8,550.0,0.06,0.06,0.6837,113950.0,48.172,100.0,0.393855,0.211185,455.8,0.056,0.056,847.0,13.0,7.0,0.83,53.85,100.0,7.0,53.85,100.0,,,0.0,,0.06,0.06,100.0,847.0,15.0,3.37,1.77,0.0,0.0,0.0,0.0,0.0,0.0,0.0,0.0,15.0,2025-10-01,10,2025,1.2066695919262835,0.30888547608600264,802.8666666666667,-99.0,,0.0008072018890200708,0.015348288075560802,5,高档
202510,6901028165860,黄金叶(天叶细支),一类烟,848.0,1000.0,0.056,0.056,1.1872,212000.0,37.012,100.0,0.683916,0.3667,848.0,,,847.0,,,,,,,,,,,,,0.06,0.06,100.0,847.0,7.0,0.77,0.83,0.0,0.0,0.0,0.0,0.0,0.0,0.0,0.0,7.0,2025-10-01,10,2025,1.179245283018868,0.3088780323450135,660.9285714285714,-99.0,inf,0.0014016528925619835,,5,高档
202510,6901028212229,中华(细支),一类烟,424.0,500.0,0.1,0.096,1.0176,106000.0,88.064,96.0,0.5862,0.314328,424.0,2.2,2.152,847.0,272.0,269.0,31.76,98.9,97.82,269.0,98.9,100.0,,,0.0,,0.1,0.1,96.0,847.0,12.0,0.77,1.42,0.0,0.0,0.0,0.0,0.0,0.0,0.0,0.0,12.0,2025-10-01,10,2025,1.179245283018868,0.30889150943396226,917.3333333333333,-95.0,inf,0.0012014167650531288,0.32113341204250295,5,高档
202510,6901028125970,黄山(徽商新概念细支),一类烟,339.2,400.0,0.02,0.02,0.1696,84800.0,172.34,100.0,0.097703,0.052385,339.2,0.008,0.0,847.0,,,0.0,,0.0,,,,,,,,0.02,0.02,100.0,847.0,3.0,0.35,0.35,0.0,0.0,0.0,0.0,0.0,0.0,0.0,0.0,,2025-10-01,10,2025,1.179245283018868,0.308873820754717,8617.0,-99.0,,0.00020023612750885478,,5,高档
202510,6901028155557,泰山(颜悦),一类烟,167.48,190.0,1.976,1.964,8.223268,41870.0,249.536,99.392713,5.286106,1.991005,167.48,,,847.0,,,,,,,,,,,,,1.96,1.98,99.39,847.0,235.0,24.51,27.74,13.0,0.0,0.0,0.0,5.53,0.0,0.0,0.0,41.0,2025-10-01,10,2025,1.1344638165751135,0.24211846190589922,127.05498981670061,-98.392713,0.33062330623306235,0.00970869893742621,,5,高档
202510,6901028247375,双喜(春天·咖路里),一类烟,225.0,260.0,0.124,0.124,0.6975,56250.0,49.912,100.0,0.425103,0.192154,225.0,2.716,2.708,847.0,372.0,340.0,40.14,91.4,99.71,337.0,90.99,99.12,,,0.0,,0.12,0.12,100.0,847.0,16.0,2.6,1.89,0.0,0.0,0.0,0.0,0.0,0.0,0.0,0.0,16.0,2025-10-01,10,2025,1.1555555555555554,0.275489605734767,402.51612903225805,-99.0,-0.4655172413793104,0.0008234946871310508,0.43919716646989376,5,高档
202510,6901028062329,南京(十二钗烤烟),一类烟,243.8,280.0,0.292,0.288,1.75536,60950.0,136.112,98.630137,1.069843,0.483557,243.8,1.492,1.444,847.0,174.0,167.0,19.72,95.98,96.78,166.0,96.01,99.4,,,0.0,,0.29,0.29,98.63,847.0,37.0,2.54,4.37,0.0,0.0,0.0,0.0,0.0,0.0,0.0,0.0,23.0,2025-10-01,10,2025,1.1484823625922886,0.27547454653176556,472.61111111111114,-97.630137,,0.0020724439197166472,0.20543093270365997,5,高档
202510,6901028324830,红塔山(细支传奇),二类烟,155.0,180.0,,,,,,,,,155.0,,,847.0,,,,,,,,,,,,,0.14,0.14,100.0,847.0,18.0,1.95,2.13,0.0,0.0,0.0,0.0,0.0,0.0,0.0,0.0,,2025-10-01,10,2025,1.1612903225806452,,,,,,,5,高档
202511,6901028114455,苏烟(软金砂),一类烟,381.6,450.0,0.008,0.0,0.0,,0.032,0.0,0.0,0.0,381.6,0.008,0.0,849.0,,,0.0,,0.0,,,,,,,,,,,,,,,,,,,,,,,,2025-11-01,11,2025,1.1792452830188678,,,1.0,,0.0,,5,高档
202511,6901028112505,南京(大观园爆冰),一类烟,263.0,300.0,0.116,0.104,0.6838,65750.0,26.556,89.655172,0.396146,0.208991,263.0,,,849.0,,,,,,,,,,,,,0.1,0.12,89.66,849.0,13.0,0.82,1.53,0.0,0.0,0.0,0.0,0.0,0.0,0.0,0.0,13.0,2025-11-01,11,2025,1.1406844106463878,0.3056317636735888,255.34615384615387,-88.655172,,0.0008054181389870436,,5,高档
202511,6901028159548,泰山(硬红八喜),三类烟,57.24,65.0,36.812,36.76,52.60356,14310.0,1416.664,99.858742,33.81938,12.73254,57.24,0.388,0.384,849.0,61.0,49.0,5.77,80.33,98.97,47.0,78.69,95.92,,,0.0,,36.76,36.81,99.86,849.0,678.0,72.01,79.86,295.0,0.0,0.0,0.0,43.51,0.0,0.0,0.0,5.0,2025-11-01,11,2025,1.1355695317959469,0.24204711620278171,38.53819368879217,-98.858742,3.469844357976653,0.06195943462897527,0.071849234393404,3,中档
202511,6901028062015,苏烟(五星红杉树),一类烟,188.68,220.0,0.764,0.756,3.566052,47170.0,520.644,98.95288,2.173311,0.982516,188.68,0.008,0.0,849.0,,,0.0,,0.0,,,,,,,,0.76,0.76,98.95,849.0,95.0,6.84,11.19,0.0,0.0,0.0,0.0,0.0,0.0,0.0,0.0,58.0,2025-11-01,11,2025,1.165995336018656,0.2755192577113289,688.6825396825396,-97.95288,-0.4148606811145511,0.004200296819787986,,5,高档
202511,6901028227285,天子(金),一类烟,167.48,200.0,2.636,2.624,10.986688,41870.0,1056.504,99.544765,7.06257,2.660006,167.48,2.148,2.12,849.0,849.0,251.0,29.56,29.56,98.7,231.0,29.71,92.03,,,0.0,,2.62,2.64,99.54,849.0,298.0,58.04,35.1,40.0,0.0,0.0,0.0,13.42,0.0,0.0,0.0,18.0,2025-11-01,11,2025,1.1941724385001196,0.24211172648208454,402.63109756097555,-98.544765,1.4569288389513106,0.01294073969375736,1.0,5,高档
202511,6901028242066,黄鹤楼(硬峡谷情),一类烟,339.2,400.0,0.02,0.0,0.0,,62.5,0.0,0.0,0.0,339.2,,,849.0,17.0,,,0.0,,,0.0,,,,,,,,,,,,,,,,,,,,,,2025-11-01,11,2025,1.179245283018868,,,1.0,,0.0,0.020023557126030624,5,高档
202511,6901028025645,娇子(时代阳光),三类烟,71.0,80.0,0.024,0.0,0.0,,637.588,0.0,0.0,0.0,71.0,0.096,0.096,849.0,49.0,10.0,1.18,20.41,100.0,10.0,19.35,100.0,,,0.0,,,,,,,,,,,,,,,,,,2025-11-01,11,2025,1.1267605633802817,,,1.0,-1.0,0.0,0.05771495877502945,4,中高档
202511,4891132530116,红双喜(南洋经典),三类烟,67.95,80.0,0.352,0.344,0.58437,16987.5,3.768,97.727273,0.385402,0.131759,67.95,0.032,0.032,849.0,4.0,4.0,0.47,100.0,100.0,4.0,100.0,100.0,,,0.0,,0.34,0.35,97.73,849.0,43.0,2.77,5.06,0.0,0.0,0.0,0.0,0.0,0.0,0.0,0.0,43.0,2025-11-01,11,2025,1.177336276674025,0.2254718756951931,10.953488372093023,-96.727273,inf,0.000688303886925795,0.004711425206124852,4,中高档
202511,6901028058148,好猫(细支长乐),二类烟,139.92,160.0,0.784,0.78,2.72844,34980.0,283.396,99.489796,1.754207,0.660379,139.92,,,849.0,,,,,,,,,,,,,0.78,0.78,99.49,849.0,92.0,9.13,10.84,7.0,0.0,0.0,0.0,7.61,0.0,0.0,0.0,68.0,2025-11-01,11,2025,1.1435105774728418,0.2420353755259416,363.3282051282051,-98.489796,3.4318181818181825,0.003213710247349823,,5,高档
202511,6901028143554,七匹狼(锋芒),一类烟,158.0,180.0,0.392,0.384,1.5168,39500.0,291.88,97.959184,0.975072,0.367247,158.0,,,849.0,,,,,,,,,,,,,0.38,0.39,97.96,849.0,49.0,5.07,5.77,0.0,0.0,0.0,0.0,0.0,0.0,0.0,0.0,1.0,2025-11-01,11,2025,1.139240506329114,0.24211959388185655,760.1041666666666,-96.959184,-0.2941176470588236,0.0017865724381625442,,5,高档
202511,6901028125970,黄山(徽商新概念细支),一类烟,339.2,400.0,0.064,0.064,0.54272,84800.0,318.04,100.0,0.312647,0.167633,339.2,0.032,0.0,849.0,,,0.0,,0.0,,,,,,,,0.06,0.06,100.0,849.0,4.0,0.47,0.47,4.0,0.0,0.0,0.0,100.0,0.0,0.0,0.0,,2025-11-01,11,2025,1.179245283018868,0.3088756633254717,4969.375,-99.0,2.2,0.00063924617196702,,5,高档
202511,6901028224642,金圣(青瓷),一类烟,158.0,180.0,2.1,2.088,8.2476,39500.0,817.904,99.428571,5.301955,1.996903,158.0,,,849.0,,,,,,,,,,,,,2.09,2.1,99.43,849.0,268.0,40.42,31.57,0.0,0.0,0.0,0.0,0.0,0.0,0.0,0.0,65.0,2025-11-01,11,2025,1.139240506329114,0.2421192831854115,391.7164750957854,-98.428571,-0.297442799461642,0.009714487632508834,,5,高档
202511,6901028075015,中华(硬),一类烟,381.6,450.0,2.244,2.22,21.1788,95400.0,922.476,98.930481,12.200017,6.542333,381.6,0.308,0.288,849.0,36.0,36.0,4.24,100.0,93.51,36.0,100.0,100.0,,,0.0,,2.22,2.24,98.93,849.0,280.0,18.92,32.98,0.0,0.0,0.0,0.0,0.0,0.0,0.0,0.0,209.0,2025-11-01,11,2025,1.1792452830188678,0.3089095227302775,415.5297297297297,-97.930481,68.375,0.024945583038869255,0.04240282685512368,5,高档
202511,6901028191142,白沙(硬),三类烟,71.0,80.0,0.008,0.0,0.0,,12.028,0.0,0.0,0.0,71.0,,,849.0,,,,,,,,,,,,,,,,,,,,,,,,,,,,,2025-11-01,11,2025,1.1267605633802817,,,1.0,,0.0,,4,中高档
202511,6901028164177,红旗渠(雪茄),四类烟,44.5,50.0,0.008,0.0,0.0,,0.732,0.0,0.0,0.0,44.5,2.772,2.7,849.0,466.0,339.0,39.93,72.75,97.4,336.0,72.42,99.12,,,0.0,,,,,,,,,,,,,,,,,,2025-11-01,11,2025,1.1235955056179776,,,1.0,,0.0,0.5488810365135454,3,中档
202511,6901028012003,真龙(凌云),二类烟,121.9,150.0,0.032,0.032,0.09752,30475.0,320.128,100.0,0.062689,0.023611,121.9,,,849.0,,,,,,,,,,,,,0.03,0.03,100.0,849.0,4.0,0.24,0.47,0.0,0.0,0.0,0.0,0.0,0.0,0.0,0.0,,2025-11-01,11,2025,1.2305168170631664,0.2421144380639869,10004.0,-99.0,-0.8490566037735849,0.0001148645465253239,,5,高档
202511,6901028159753,泰山(心悦),二类烟,139.92,160.0,0.388,0.384,1.343232,34980.0,116.964,98.969072,0.863525,0.325194,139.92,,,849.0,17.0,,,0.0,,,0.0,,,,,,0.38,0.39,98.97,849.0,49.0,3.59,5.77,0.0,0.0,0.0,0.0,0.0,0.0,0.0,0.0,,2025-11-01,11,2025,1.1435105774728418,0.24209816323613492,304.59375,-97.969072,1.8235294117647056,0.0015821342756183745,0.020023557126030624,5,高档
202511,6901028180634,红金龙(软虹之彩),五类烟,19.08,25.0,0.016,0.0,0.0,,0.0,0.0,0.0,0.0,19.08,8.316,8.16,849.0,498.0,486.0,57.24,97.59,98.12,478.0,97.05,98.35,,,0.0,,,,,,,,,,,,,,,,,,2025-11-01,11,2025,1.310272536687631,,,1.0,,0.0,0.5865724381625441,2,中低档
202511,6901028314985,红塔山(硬经典),三类烟,75.0,85.0,0.016,0.0,0.0,,68.792,0.0,0.0,0.0,75.0,0.012,0.0,849.0,,,0.0,,0.0,,,,,,,,,,,,,,,,,,,,,,,,2025-11-01,11,2025,1.1333333333333333,,,1.0,-1.0,0.0,,4,中高档
202511,6901028936750,好猫(长乐),二类烟,121.9,140.0,0.1,0.096,0.29256,30475.0,146.996,96.0,0.188064,0.070836,121.9,,,849.0,,,,,,,,,,,,,0.1,0.1,96.0,849.0,12.0,0.88,1.41,0.0,0.0,0.0,0.0,0.0,0.0,0.0,0.0,,2025-11-01,11,2025,1.1484823625922886,0.24212469237079573,1531.2083333333335,-95.0,-0.5932203389830508,0.0003445936395759717,,5,高档
202511,6901028211352,七匹狼(纯境),二类烟,143.1,160.0,3.036,3.008,10.76112,35775.0,490.78,99.077734,6.917764,2.605188,143.1,,,849.0,,,,,,,,,,,,,3.02,3.05,99.08,849.0,377.0,23.04,44.41,1.0,0.0,0.0,0.0,0.27,0.0,0.0,0.0,4.0,2025-11-01,11,2025,1.1180992313067786,0.24209264463178554,163.15824468085106,-98.077734,0.04444444444444451,0.01267505300353357,,5,高档
202511,6901028180009,黄鹤楼(软珍品),一类烟,530.0,650.0,0.008,0.0,0.0,,243.132,0.0,0.0,0.0,530.0,73.156,72.896,849.0,849.0,833.0,98.12,98.12,99.64,757.0,85.49,90.88,,,0.0,,,,,,,,,,,,,,,,,,2025-11-01,11,2025,1.2264150943396226,,,1.0,,0.0,1.0,5,高档
202511,6901028190602,黄鹤楼(软雪之景),二类烟,121.9,140.0,1.528,1.512,4.60782,30475.0,626.352,98.95288,2.962008,1.115667,121.9,,,849.0,,,,,,,,,,,,,1.51,1.53,98.95,849.0,189.0,11.37,22.26,0.0,0.0,0.0,0.0,0.0,0.0,0.0,0.0,,2025-11-01,11,2025,1.1484823625922886,0.2421246923707957,414.25396825396825,-97.95288,-0.8246753246753247,0.005427349823321555,,5,高档
202511,6901028179270,红金龙(软精品),三类烟,90.1,110.0,36.616,36.284,81.72971,22525.0,3467.132,99.093293,52.557454,19.76981,90.1,0.12,0.0,849.0,,,0.0,,0.0,,,,,,,,36.46,36.8,99.1,849.0,848.0,72.01,99.88,371.0,3.0,0.0,0.0,43.75,0.35,0.0,0.0,3.0,2025-11-01,11,2025,1.2208657047724751,0.24189257492777108,95.55539631793629,-98.093293,-0.004281009879253506,0.0962658539458186,,4,中高档
202511,6901028179324,黄鹤楼(硬珍品),一类烟,339.2,400.0,0.012,0.0,0.0,,755.884,0.0,0.0,0.0,339.2,10.616,10.512,849.0,847.0,577.0,67.96,68.12,99.02,520.0,65.02,90.12,,,0.0,,0.05,0.06,81.25,849.0,3.0,0.0,0.35,0.0,0.0,0.0,0.0,0.0,0.0,0.0,0.0,3.0,2025-11-01,11,2025,1.179245283018868,,,1.0,,0.0,0.9976442873969376,5,高档
202511,6901028084321,娇子(软阳光),三类烟,88.0,100.0,1.208,1.184,2.6048,22000.0,883.192,98.013245,1.674473,0.630627,88.0,3.848,3.82,849.0,812.0,379.0,44.64,46.67,99.27,363.0,44.61,95.78,,,0.0,,1.18,1.21,98.01,849.0,148.0,8.84,17.43,0.0,0.0,0.0,0.0,0.0,0.0,0.0,0.0,,2025-11-01,11,2025,1.1363636363636365,0.24210188882063885,745.9391891891893,-97.013245,1.3492063492063489,0.0030680800942285043,0.9564193168433451,4,中高档
202511,6901028188081,黄鹤楼(硬银紫),二类烟,114.5,130.0,0.012,0.0,0.0,,728.476,0.0,0.0,0.0,114.5,,,849.0,,,,,,,,,,,,,,,,,,,,,,,,,,,,,2025-11-01,11,2025,1.1353711790393013,,,1.0,-1.0,0.0,,5,高档
202511,6901028104241,哈尔滨(老巴夺),三类烟,97.0,110.0,0.028,0.0,0.0,,0.024,0.0,0.0,0.0,97.0,,,849.0,,,,,,,,,,,,,,,,,,,,,,,,,,,,,2025-11-01,11,2025,1.134020618556701,,,1.0,,0.0,,4,中高档
202511,6901028098335,长白山(蓝尚),一类烟,158.0,180.0,0.324,0.324,1.2798,39500.0,228.612,100.0,0.822777,0.309805,158.0,0.028,0.0,849.0,,,0.0,,0.0,,,,,,,,0.32,0.32,100.0,849.0,22.0,2.95,2.59,19.0,0.0,0.0,0.0,86.36,0.0,0.0,0.0,,2025-11-01,11,2025,1.139240506329114,0.24207298015314893,705.5925925925926,-99.0,2.1153846153846154,0.0015074204946996467,,5,高档
202511,6901028126007,黄山(新一品),三类烟,71.0,80.0,0.032,0.0,0.0,,448.044,0.0,0.0,0.0,71.0,5.096,5.06,849.0,847.0,586.0,69.02,69.19,99.29,579.0,69.66,98.81,,,0.0,,,,,,,,,,,,,,,,,,2025-11-01,11,2025,1.1267605633802817,,,1.0,,0.0,0.9976442873969376,4,中高档
202511,6901028001625,双喜(硬经典1906),二类烟,150.52,170.0,2.132,2.104,7.917352,37630.0,1041.124,98.686679,5.089604,1.916967,150.52,1.096,1.084,849.0,345.0,137.0,16.14,39.71,98.91,135.0,39.33,98.54,,,0.0,,2.1,2.13,98.69,849.0,205.0,80.08,24.15,70.0,0.0,0.0,0.0,34.15,0.0,0.0,0.0,6.0,2025-11-01,11,2025,1.1294180175391975,0.2421222398599936,494.83079847908743,-97.686679,-0.5252707581227437,0.009325502944640754,0.40636042402826855,5,高档
202511,6901028182560,红金龙(硬红龙),三类烟,47.7,55.0,27.192,27.108,32.32629,11925.0,578.572,99.691086,20.778586,7.828645,47.7,43.708,43.552,849.0,849.0,848.0,99.88,99.88,99.64,839.0,99.13,98.94,,,0.0,,27.11,27.19,99.69,849.0,835.0,50.03,98.35,0.0,0.0,0.0,0.0,0.0,0.0,0.0,0.0,3.0,2025-11-01,11,2025,1.1530398322851152,0.24217579561403427,21.343219713737643,-98.691086,-0.12339930151338763,0.038075724381625445,1.0,3,中档
202511,6901028229074,天子(中支),一类烟,201.4,230.0,2.148,2.12,10.6742,50350.0,400.048,98.696462,6.50522,2.94097,201.4,0.008,0.0,849.0,,,0.0,,0.0,,,,,,,,2.12,2.15,98.7,849.0,251.0,52.56,29.56,24.0,0.0,0.0,0.0,9.56,0.0,0.0,0.0,100.0,2025-11-01,11,2025,1.1420059582919562,0.27552135054617677,188.70188679245283,-97.696462,1.199170124481328,0.012572673733804477,,5,高档
202511,6901028141147,七匹狼(蓝),三类烟,71.0,80.0,25.98,25.832,43.126524,16695.0,1515.124,99.430331,27.725606,10.439177,71.0,0.392,0.384,849.0,86.0,49.0,5.77,56.98,97.96,47.0,55.81,95.92,,,0.0,,25.83,25.98,99.43,849.0,795.0,60.34,93.64,166.0,0.0,0.0,0.0,20.88,0.0,0.0,0.0,6.0,2025-11-01,11,2025,1.1267605633802817,0.24205931829794583,58.652988541344065,-98.430331,0.43288218327046835,0.05079684805653711,0.10129564193168433,4,中高档
202511,6901028045919,云烟(软珍品),一类烟,206.7,230.0,0.284,0.26,1.34355,51675.0,870.204,91.549296,0.818999,0.369981,206.7,0.02,0.0,849.0,,,0.0,,0.0,,,,,,,,0.26,0.28,91.55,849.0,33.0,2.53,3.89,0.0,0.0,0.0,0.0,0.0,0.0,0.0,0.0,2.0,2025-11-01,11,2025,1.1127237542331883,0.2753756838227085,3346.938461538461,-90.549296,inf,0.0015825088339222616,,5,高档
202511,6901028057080,双喜(硬晶彩好日子),一类烟,158.0,180.0,1.184,1.172,4.6294,39500.0,160.84,98.986486,2.976297,1.120566,158.0,0.008,0.0,849.0,,,0.0,,0.0,,,,,,,,1.17,1.18,98.99,849.0,156.0,28.4,18.37,0.0,0.0,0.0,0.0,0.0,0.0,0.0,0.0,133.0,2025-11-01,11,2025,1.139240506329114,0.2420542618913898,137.2354948805461,-97.986486,6.324999999999999,0.005452767962308599,,5,高档
202511,6901028312356,云烟(细支大重九),一类烟,848.0,1000.0,0.34,0.328,6.9536,212000.0,42.8,96.470588,4.007223,2.146385,848.0,11.66,11.552,849.0,849.0,587.0,69.14,69.14,99.07,555.0,63.22,94.55,,,0.0,,0.33,0.34,96.47,849.0,42.0,10.55,4.95,0.0,0.0,0.0,0.0,0.0,0.0,0.0,0.0,42.0,2025-11-01,11,2025,1.179245283018868,0.30867248619420157,130.48780487804876,-95.470588,inf,0.008190341578327444,1.0,5,高档
202511,6901028024976,娇子(X),三类烟,97.0,110.0,2.772,2.7,6.5475,24250.0,704.112,97.402597,4.208645,1.585555,97.0,0.024,0.0,849.0,,,0.0,,0.0,,,,,,,,2.7,2.77,97.4,849.0,339.0,27.46,39.93,0.0,0.0,0.0,0.0,0.0,0.0,0.0,0.0,4.0,2025-11-01,11,2025,1.134020618556701,0.2421618938526155,260.7822222222222,-96.402597,2.1990521327014223,0.007712014134275619,,4,中高档
202511,6901028942911,双喜(软珍品好日子),二类烟,137.8,160.0,2.34,2.332,8.03374,34450.0,77.268,99.65812,5.164214,1.945188,137.8,0.464,0.456,849.0,849.0,60.0,7.07,7.07,98.28,54.0,6.71,90.0,,,0.0,,2.33,2.34,99.66,849.0,276.0,52.56,32.51,24.0,0.0,0.0,0.0,8.7,0.0,0.0,0.0,144.0,2025-11-01,11,2025,1.1611030478955007,0.24212732799418452,33.133790737564325,-98.65812,2.713375796178344,0.009462591283863368,1.0,5,高档
202511,6901028218603,黄鹤楼(硬1916如意),一类烟,763.2,900.0,0.008,0.0,0.0,,208.348,0.0,0.0,0.0,763.2,0.008,0.0,849.0,,,0.0,,0.0,,,,,,,,0.03,0.04,77.78,849.0,2.0,0.0,0.24,0.0,0.0,0.0,0.0,0.0,0.0,0.0,0.0,,2025-11-01,11,2025,1.1792452830188678,,,1.0,,0.0,,5,高档
202511,6901028227438,龙凤呈祥(软魅力朝天门),三类烟,97.0,110.0,0.008,0.0,0.0,,155.588,0.0,0.0,0.0,97.0,,,849.0,,,,,,,,,,,,,,,,,,,,,,,,,,,,,2025-11-01,11,2025,1.134020618556701,,,1.0,,0.0,,4,中高档
202511,6901028155557,泰山(颜悦),一类烟,167.48,190.0,0.708,0.704,2.947648,41870.0,490.38,99.435028,1.894816,0.71368,167.48,,,849.0,,,,,,,,,,,,,0.7,0.71,99.44,849.0,90.0,8.25,10.6,0.0,0.0,0.0,0.0,0.0,0.0,0.0,0.0,2.0,2025-11-01,11,2025,1.1344638165751135,0.2421184619058992,696.5625,-98.435028,-0.6415478615071284,0.0034719057714958776,,5,高档
202511,6901028177214,冬虫夏草(和润),一类烟,424.0,500.0,0.464,0.456,4.8336,106000.0,113.652,98.275862,2.78445,1.493058,424.0,,,849.0,43.0,,,0.0,,,0.0,,,,,,0.46,0.46,98.28,849.0,60.0,50.03,7.07,0.0,0.0,0.0,0.0,0.0,0.0,0.0,0.0,36.0,2025-11-01,11,2025,1.179245283018868,0.30889150943396226,249.23684210526315,-97.275862,27.5,0.005693286219081272,0.050647820965842166,5,高档
202511,6901028111270,南京(炫赫门),二类烟,155.0,180.0,3.4,3.352,12.989,38750.0,779.912,98.588235,8.350076,3.144757,155.0,,,849.0,,,,,,,,,,,,,3.37,3.42,98.59,849.0,409.0,24.99,48.17,0.0,0.0,0.0,0.0,0.0,0.0,0.0,0.0,2.0,2025-11-01,11,2025,1.1612903225806452,0.24210924628531832,232.67064439140813,-97.588235,1.3213296398891967,0.01529917550058893,,5,高档
202511,6901028042635,娇子(宽窄好运),一类烟,263.0,300.0,0.096,0.096,0.6312,65750.0,289.556,100.0,0.363863,0.194725,263.0,,,849.0,2.0,,,0.0,,,0.0,,,,,,0.1,0.1,100.0,849.0,10.0,3.65,1.18,2.0,0.0,0.0,0.0,20.0,0.0,0.0,0.0,1.0,2025-11-01,11,2025,1.1406844106463878,0.3084996831432193,3016.208333333333,-99.0,-0.19999999999999996,0.0007434628975265018,0.002355712603062426,5,高档
202511,6901028084925,长城(醇雅薄荷),一类烟,158.4,180.0,1.134,1.1124,4.89456,44000.0,381.996,98.095238,2.94786,1.383552,158.4,,,849.0,,,,,,,,,,,,,1.11,1.13,98.1,849.0,146.0,53.62,17.2,13.0,0.0,0.0,0.0,8.9,0.0,0.0,0.0,7.0,2025-11-01,11,2025,1.1363636363636362,0.28267137393350983,343.3980582524272,-97.095238,-0.521671826625387,0.005765088339222615,,5,高档
202511,6901028079990,钻石(荷花),一类烟,275.6,320.0,0.008,0.0,0.0,,204.904,0.0,0.0,0.0,275.6,0.044,0.0,849.0,,,0.0,,0.0,,,,,,,,,,,,,,,,,,,,,,,,2025-11-01,11,2025,1.1611030478955007,,,1.0,-1.0,0.0,,5,高档
202511,6901028000833,双喜(软经典),三类烟,97.0,110.0,7.864,7.8,18.915,24250.0,1468.772,99.186165,12.158817,4.579983,97.0,2.132,2.104,849.0,849.0,205.0,24.15,24.15,98.69,183.0,19.35,89.27,,,0.0,,7.8,7.86,99.19,849.0,810.0,60.22,95.41,167.0,0.0,0.0,0.0,20.62,0.0,0.0,0.0,11.0,2025-11-01,11,2025,1.134020618556701,0.24213497224425062,188.30410256410255,-98.186165,8.375,0.022279151943462895,1.0,4,中高档
202511,6901028136891,金圣(硬红·十二生肖),三类烟,61.5,70.0,6.344,6.332,9.73545,15375.0,610.66,99.810845,6.25761,2.357862,61.5,1.064,1.044,849.0,170.0,114.0,13.43,67.06,98.12,113.0,66.92,99.12,,,0.0,,6.33,6.34,99.81,849.0,174.0,11.67,20.49,0.0,0.0,0.0,0.0,0.0,0.0,0.0,0.0,3.0,2025-11-01,11,2025,1.1382113821138211,0.24219342711430902,96.44030322173089,-98.810845,0.900360144057623,0.01146696113074205,0.20023557126030625,3,中档
202511,6901028193504,芙蓉王(硬),一类烟,218.36,250.0,0.428,0.412,2.249108,54590.0,1333.86,96.261682,1.371509,0.618863,218.36,0.316,0.304,849.0,39.0,39.0,4.59,100.0,96.2,37.0,97.44,94.87,,,0.0,,0.41,0.43,96.26,849.0,52.0,3.36,6.12,0.0,0.0,0.0,0.0,0.0,0.0,0.0,0.0,1.0,2025-11-01,11,2025,1.1448983330280271,0.27515930760105783,3237.5242718446602,-95.261682,-0.6925373134328359,0.002649126030624264,0.045936395759717315,5,高档
202511,6901028071536,中南海(5mg细支),二类烟,121.9,140.0,1.364,1.336,4.07146,30475.0,22.576,97.947214,2.617231,0.985807,121.9,,,849.0,,,,,,,,,,,,,1.34,1.36,97.95,849.0,142.0,59.34,16.73,38.0,0.0,0.0,0.0,26.76,0.0,0.0,0.0,136.0,2025-11-01,11,2025,1.1484823625922886,0.24212616604363052,16.898203592814372,-96.947214,6.767441860465118,0.004795594817432273,,5,高档
202511,6901028180818,黄鹤楼(天下名楼),二类烟,139.92,160.0,2.452,2.428,8.493144,34980.0,1222.56,99.021207,5.460202,2.055941,139.92,0.008,0.0,849.0,,,0.0,,0.0,,,,,,,,2.43,2.45,99.02,849.0,278.0,21.98,32.74,0.0,0.0,0.0,0.0,0.0,0.0,0.0,0.0,5.0,2025-11-01,11,2025,1.1435105774728418,0.24207066311368322,503.52553542009883,-98.021207,-0.4436296975252062,0.010003703180212013,,5,高档
202511,4891132601014,红双喜(爱国绿中支),一类烟,225.73,280.0,0.032,0.032,0.180584,56432.5,1.42,100.0,0.119108,0.0407,225.73,,,849.0,,,,,,,,,,,,,0.03,0.03,100.0,849.0,4.0,0.24,0.47,0.0,0.0,0.0,0.0,0.0,0.0,0.0,0.0,,2025-11-01,11,2025,1.2404199707615293,0.22537987861604572,44.375,-99.0,,0.0002127020023557126,,5,高档
202511,6901028181815,红金龙(硬蓝爱你),三类烟,97.0,110.0,8.3,8.144,19.7492,24250.0,1123.792,98.120482,12.706456,4.770568,97.0,27.192,27.108,849.0,849.0,835.0,98.35,98.35,99.69,826.0,98.42,98.92,,,0.0,,8.16,8.32,98.12,849.0,486.0,29.35,57.24,1.0,0.0,0.0,0.0,0.21,0.0,0.0,0.0,1.0,2025-11-01,11,2025,1.134020618556701,0.2415575314443117,137.99017681728878,-97.120482,0.2959898154042011,0.023261719670200232,1.0,4,中高档
202511,6901028178259,黄鹤楼(1916中支),一类烟,1000.0,1200.0,0.008,0.0,0.0,,5.424,0.0,0.0,0.0,1000.0,0.004,0.0,849.0,,,0.0,,0.0,,,,,,,,,,,,,,,,,,,,,,,,2025-11-01,11,2025,1.2,,,1.0,,0.0,,5,高档
202511,6901028080224,钻石(硬特醇),四类烟,44.5,50.0,0.044,0.0,0.0,,659.004,0.0,0.0,0.0,44.5,0.008,0.0,849.0,,,0.0,,0.0,,,,,,,,,,,,,,,,,,,,,,,,2025-11-01,11,2025,1.1235955056179776,,,1.0,-1.0,0.0,,3,中档
202511,6901028184304,黄鹤楼(硬平安),一类烟,720.8,1000.0,0.008,0.0,0.0,,108.832,0.0,0.0,0.0,720.8,70.352,70.128,849.0,849.0,837.0,98.59,98.59,99.68,771.0,86.99,92.11,,,0.0,,0.0,0.01,33.33,849.0,1.0,0.0,0.12,0.0,0.0,0.0,0.0,0.0,0.0,0.0,0.0,1.0,2025-11-01,11,2025,1.3873473917869035,,,1.0,,0.0,1.0,5,高档
202511,6901028009744,双喜(勿忘我),一类烟,175.0,200.0,2.516,2.468,10.7975,43750.0,44.24,98.09221,6.580305,2.974881,175.0,0.944,0.928,849.0,849.0,104.0,12.25,12.25,98.31,87.0,9.38,83.65,,,0.0,,2.47,2.52,98.09,849.0,243.0,72.89,28.62,81.0,0.0,0.0,0.0,33.33,0.0,0.0,0.0,33.0,2025-11-01,11,2025,1.1428571428571428,0.2755157212317666,17.925445705024313,-97.09221,0.6497326203208555,0.012717903415783273,1.0,5,高档
202511,6901028185912,黄鹤楼(硬红),一类烟,190.8,220.0,70.352,70.128,334.51056,47700.0,3783.804,99.681601,203.866604,92.160627,190.8,,,849.0,,,,,,,,,,,,,70.13,70.35,99.68,849.0,837.0,99.94,98.59,789.0,0.0,0.0,0.0,94.27,0.0,0.0,0.0,3.0,2025-11-01,11,2025,1.1530398322851152,0.27550887182754413,53.9556810403833,-98.681601,-0.20294599018003268,0.394005371024735,,5,高档
202511,6901028221450,贵烟(跨越),一类烟,201.4,230.0,0.376,0.372,1.87302,50350.0,711.276,98.93617,1.141536,0.516003,201.4,,,849.0,,,,,,,,,,,,,0.37,0.38,98.94,849.0,47.0,4.01,5.54,0.0,0.0,0.0,0.0,0.0,0.0,0.0,0.0,2.0,2025-11-01,11,2025,1.1420059582919562,0.2754925201012269,1912.032258064516,-97.93617,-0.8021276595744681,0.0022061484098939927,,5,高档
202511,6901028160285,黄金叶(乐途),二类烟,121.9,140.0,0.032,0.032,0.09752,30475.0,568.268,100.0,0.062688,0.023612,121.9,,,849.0,,,,,,,,,,,,,0.03,0.03,100.0,849.0,4.0,0.24,0.47,0.0,0.0,0.0,0.0,0.0,0.0,0.0,0.0,,2025-11-01,11,2025,1.1484823625922886,0.24212469237079576,17758.375,-99.0,-0.981042654028436,0.0001148645465253239,,5,高档
202511,6901028075053,牡丹(软),二类烟,121.9,140.0,0.256,0.216,0.65826,30475.0,1038.552,84.375,0.423301,0.159224,121.9,0.568,0.568,849.0,131.0,74.0,8.72,56.49,100.0,68.0,54.2,91.89,,,0.0,,0.22,0.26,84.38,849.0,21.0,1.59,2.47,6.0,0.0,0.0,0.0,28.57,0.0,0.0,0.0,,2025-11-01,11,2025,1.1484823625922886,0.2418861847902045,4808.11111111111,-83.375,-0.8996282527881041,0.0007753356890459363,0.15429917550058891,5,高档
202511,6901028151634,泰山(白将军),二类烟,114.5,130.0,0.58,0.576,1.6488,28625.0,221.608,99.310345,1.059873,0.399207,114.5,0.016,0.016,849.0,474.0,2.0,0.24,0.42,100.0,2.0,0.42,100.0,,,0.0,,0.58,0.58,99.31,849.0,72.0,5.07,8.48,0.0,0.0,0.0,0.0,0.0,0.0,0.0,0.0,1.0,2025-11-01,11,2025,1.1353711790393013,0.2421197234352256,384.73611111111114,-98.310345,1.25,0.0019420494699646644,0.558303886925795,5,高档
202511,6901028179492,红金龙(软蓝九州腾龙),四类烟,38.16,45.0,0.12,0.0,0.0,,0.44,0.0,0.0,0.0,38.16,29.552,29.428,849.0,849.0,834.0,98.23,98.23,99.58,817.0,96.88,97.96,,,0.0,,,,,,,,,,,,,,,,,,2025-11-01,11,2025,1.179245283018868,,,1.0,,0.0,1.0,3,中档
202511,6901028063371,白沙(硬新精品二代),三类烟,97.0,110.0,8.676,8.552,20.7386,24250.0,506.892,98.57077,13.33043,5.022162,97.0,0.008,0.0,849.0,,,0.0,,0.0,,,,,,,,8.55,8.68,98.57,849.0,759.0,70.6,89.4,314.0,0.0,0.0,0.0,41.37,0.0,0.0,0.0,11.0,2025-11-01,11,2025,1.134020618556701,0.24216494845360823,59.27174929840973,-97.57077,2.158050221565731,0.02442709069493522,,4,中高档
202511,6901028118187,利群(新版),二类烟,143.1,160.0,9.548,9.488,33.94332,35775.0,2192.7,99.371596,21.82111,8.216716,143.1,0.056,0.056,849.0,7.0,7.0,0.82,100.0,100.0,7.0,100.0,100.0,,,0.0,,9.52,9.58,99.37,849.0,824.0,72.01,97.06,358.0,2.0,0.0,0.0,43.45,0.24,0.0,0.0,3.0,2025-11-01,11,2025,1.1180992313067786,0.24207166535271152,231.10244519392916,-98.371596,-0.11127763207193708,0.03998035335689046,0.008244994110718492,5,高档
202511,6901028184250,黄鹤楼(硬1916),一类烟,848.0,1000.0,0.004,0.0,0.0,,0.004,0.0,0.0,0.0,848.0,0.012,0.004,849.0,,1.0,0.12,,33.33,1.0,,100.0,,,0.0,,,,,,,,,,,,,,,,,,2025-11-01,11,2025,1.179245283018868,,,1.0,,0.0,,5,高档
202511,6901028039758,贵烟(硬黄精品),二类烟,114.5,130.0,0.244,0.24,0.687,28625.0,68.444,98.360656,0.441745,0.166205,114.5,,,849.0,,,,,,,,,,,,,0.24,0.24,98.36,849.0,30.0,2.12,3.53,0.0,0.0,0.0,0.0,0.0,0.0,0.0,0.0,1.0,2025-11-01,11,2025,1.1353711790393013,0.2419286754002911,285.18333333333334,-97.360656,,0.0008091872791519435,,5,高档
202511,6901028188029,黄鹤楼(硬峡谷情细支),一类烟,263.0,300.0,0.012,0.0,0.0,,534.228,0.0,0.0,0.0,263.0,0.012,0.0,849.0,,,0.0,,0.0,,,,,,,,,,,,,,,,,,,,,,,,2025-11-01,11,2025,1.1406844106463878,,,1.0,-1.0,0.0,,5,高档
202511,6901028080521,钻石(细支荷花),一类烟,360.4,420.0,0.008,0.0,0.0,,28.064,0.0,0.0,0.0,360.4,,,849.0,,,,,,,,,,,,,,,,,,,,,,,,,,,,,2025-11-01,11,2025,1.165371809100999,,,1.0,,0.0,,5,高档
202511,6901028178105,黄鹤楼(硬天下胜景),一类烟,212.0,260.0,0.54,0.528,2.7984,53000.0,544.3,97.777778,1.705469,0.770983,212.0,0.008,0.0,849.0,,,0.0,,0.0,,,,,,,,0.53,0.54,97.78,849.0,66.0,4.48,7.77,0.0,0.0,0.0,0.0,0.0,0.0,0.0,0.0,20.0,2025-11-01,11,2025,1.2264150943396226,0.27550850485991996,1030.871212121212,-96.777778,-0.33333333333333337,0.003296113074204947,,5,高档
202511,6901028178648,黄鹤楼(珍品细支),一类烟,381.6,450.0,0.004,0.0,0.0,,42.204,0.0,0.0,0.0,381.6,0.064,0.052,849.0,,3.0,0.35,,81.25,3.0,,100.0,,,0.0,,,,,,,,,,,,,,,,,,2025-11-01,11,2025,1.1792452830188678,,,1.0,,0.0,,5,高档
202511,6901028009805,双喜(百年经典),一类烟,175.0,200.0,0.944,0.928,4.06,43750.0,235.316,98.305085,2.474328,1.118551,175.0,1.32,1.316,849.0,849.0,146.0,17.2,17.2,99.7,122.0,13.46,83.56,,,0.0,,0.93,0.94,98.31,849.0,104.0,72.89,12.25,23.0,0.0,0.0,0.0,22.12,0.0,0.0,0.0,34.0,2025-11-01,11,2025,1.1428571428571428,0.27550517241379313,253.57327586206895,-97.305085,0.5890410958904111,0.004782096584216725,1.0,5,高档
202511,6901028154628,泰山(儒风细支),一类烟,263.0,300.0,0.016,0.016,0.1052,65750.0,19.548,100.0,0.0606,0.032498,263.0,0.708,0.704,849.0,140.0,90.0,10.6,64.29,99.44,86.0,62.86,95.56,,,0.0,,0.02,0.02,100.0,849.0,2.0,27.93,0.24,0.0,0.0,0.0,0.0,0.0,0.0,0.0,0.0,2.0,2025-11-01,11,2025,1.1406844106463878,0.3089163498098859,1221.7499999999998,-99.0,,0.00012391048292108363,0.16489988221436985,5,高档
202511,6901028207508,利群(软红长嘴),一类烟,190.8,220.0,0.248,0.224,1.06848,47700.0,64.268,90.322581,0.651468,0.294092,190.8,1.208,1.196,849.0,212.0,151.0,17.79,71.23,99.01,148.0,70.52,98.01,,,0.0,,0.22,0.25,90.32,849.0,20.0,1.71,2.36,8.0,0.0,0.0,0.0,40.0,0.0,0.0,0.0,,2025-11-01,11,2025,1.1530398322851152,0.275243336328242,286.9107142857143,-89.322581,-0.7846153846153846,0.0012585159010600707,0.2497055359246172,5,高档
202511,6901028218634,黄鹤楼(硬1916红爆),一类烟,720.8,1000.0,0.008,0.0,0.0,,62.976,0.0,0.0,0.0,720.8,,,849.0,,,,,,,,,,,,,,,,,,,,,,,,,,,,,2025-11-01,11,2025,1.3873473917869035,,,1.0,,0.0,,5,高档
202511,6901028940504,红金龙(硬新版),四类烟,44.5,50.0,43.708,43.552,48.4516,11125.0,3095.652,99.643086,32.360384,10.517133,44.5,0.54,0.528,849.0,76.0,66.0,7.77,86.84,97.78,66.0,86.84,100.0,,,0.0,,43.55,43.71,99.64,849.0,848.0,72.01,99.88,369.0,0.0,0.0,0.0,43.51,0.0,0.0,0.0,3.0,2025-11-01,11,2025,1.1235955056179776,0.21706472025691617,71.07944526083762,-98.643086,0.8426129632763582,0.05706902237926973,0.0895170789163722,3,中档
202511,6901028005036,双喜(硬金五叶神),二类烟,121.9,140.0,1.096,1.084,3.30349,30475.0,523.552,98.905109,2.123605,0.799809,121.9,2.516,2.468,849.0,849.0,243.0,28.62,28.62,98.09,224.0,24.95,92.18,,,0.0,,1.08,1.1,98.91,849.0,137.0,20.33,16.14,0.0,0.0,0.0,0.0,0.0,0.0,0.0,0.0,127.0,2025-11-01,11,2025,1.1484823625922886,0.242110313638001,482.9815498154981,-97.905109,-0.3726851851851851,0.0038910365135453474,1.0,5,高档
202511,6901028145077,娇子(宽窄好运细支),一类烟,225.0,260.0,0.98,0.972,5.4675,56250.0,291.32,99.183673,3.332444,1.506053,225.0,0.228,0.224,849.0,849.0,30.0,3.53,3.53,98.25,27.0,2.29,90.0,,,0.0,,0.97,0.98,99.18,849.0,124.0,15.91,14.61,0.0,0.0,0.0,0.0,0.0,0.0,0.0,0.0,4.0,2025-11-01,11,2025,1.1555555555555554,0.27545550983081846,299.7119341563786,-98.183673,1.042016806722689,0.006439929328621909,1.0,5,高档
202511,6901028317177,玉溪(软),一类烟,201.4,230.0,1.92,1.884,9.48594,50350.0,2453.656,98.125,5.781121,2.613512,201.4,9.58,9.52,849.0,849.0,824.0,97.06,97.06,99.37,824.0,97.06,100.0,,,0.0,,1.88,1.92,98.13,849.0,245.0,35.83,28.86,0.0,0.0,0.0,0.0,0.0,0.0,0.0,0.0,7.0,2025-11-01,11,2025,1.1420059582919562,0.27551428746123213,1302.3651804670912,-97.125,-0.34854771784232363,0.011173074204946995,1.0,5,高档
202511,6901028937832,好猫(长乐九美),一类烟,175.0,200.0,0.244,0.232,1.015,43750.0,341.076,95.081967,0.61857,0.279647,175.0,0.012,0.0,849.0,,,0.0,,0.0,,,,,,,,0.23,0.24,95.08,849.0,29.0,4.24,3.42,0.0,0.0,0.0,0.0,0.0,0.0,0.0,0.0,2.0,2025-11-01,11,2025,1.1428571428571428,0.2755142857142857,1470.155172413793,-94.081967,-0.6608187134502924,0.0011955241460541812,,5,高档
202511,6901028339957,云烟(细支云龙),二类烟,129.3,150.0,11.66,11.552,37.34184,32325.0,3375.324,99.073756,24.005397,9.040532,129.3,0.016,0.0,849.0,,,0.0,,0.0,,,,,,,,11.55,11.66,99.07,849.0,587.0,86.8,69.14,332.0,0.0,0.0,0.0,56.56,0.0,0.0,0.0,14.0,2025-11-01,11,2025,1.160092807424594,0.24210194248596217,292.18524930747924,-98.073756,3.362537764350453,0.04398332155477031,,5,高档
202511,6901028124058,黄山(黑马细支),一类烟,225.0,260.0,0.112,0.108,0.6075,56250.0,324.416,96.428571,0.370251,0.16736,225.0,0.064,0.064,849.0,4.0,4.0,0.47,100.0,100.0,4.0,100.0,100.0,,,0.0,,0.11,0.11,96.43,849.0,10.0,1.06,1.18,4.0,0.0,0.0,0.0,40.0,0.0,0.0,0.0,,2025-11-01,11,2025,1.1555555555555554,0.2754897119341564,3003.8518518518517,-95.428571,-0.8669950738916257,0.0007155477031802121,0.004711425206124852,5,高档
202511,6901028224079,金圣(滕王阁·紫光),二类烟,129.3,150.0,1.064,1.044,3.37473,32325.0,899.104,98.120301,2.169445,0.817047,129.3,2.1,2.088,849.0,686.0,268.0,31.57,39.07,99.43,254.0,38.05,94.78,,,0.0,,1.04,1.06,98.12,849.0,114.0,11.49,13.43,17.0,0.0,0.0,0.0,14.91,0.0,0.0,0.0,1.0,2025-11-01,11,2025,1.160092807424594,0.24210736858948714,861.2107279693487,-97.120301,-0.4821428571428571,0.003974946996466431,0.8080094228504122,5,高档
202511,6901028942881,双喜(硬精品好日子),三类烟,93.28,110.0,0.008,0.0,0.0,,47.688,0.0,0.0,0.0,93.28,2.34,2.332,849.0,849.0,276.0,32.51,32.51,99.66,259.0,32.68,93.84,,,0.0,,,,,,,,,,,,,,,,,,2025-11-01,11,2025,1.179245283018868,,,1.0,,0.0,1.0,4,中高档
202511,6901028204835,芙蓉王(硬中支),一类烟,263.0,300.0,0.316,0.304,1.9988,65750.0,232.428,96.202532,1.151701,0.61716,263.0,0.004,0.004,849.0,,1.0,0.12,,100.0,1.0,,100.0,,,0.0,,0.3,0.32,96.2,849.0,39.0,2.3,4.59,0.0,0.0,0.0,0.0,0.0,0.0,0.0,0.0,2.0,2025-11-01,11,2025,1.1406844106463878,0.30876525915549335,764.5657894736843,-95.202532,-0.7342657342657343,0.0023542991755005887,,5,高档
202511,6901028051989,云烟(软大重九),一类烟,720.8,980.0,0.436,0.428,7.71256,180200.0,59.592,98.165138,4.446225,2.379039,720.8,0.34,0.328,849.0,179.0,42.0,4.95,23.46,96.47,40.0,22.91,95.24,,,0.0,,0.43,0.44,98.17,849.0,55.0,10.55,6.48,0.0,0.0,0.0,0.0,0.0,0.0,0.0,0.0,55.0,2025-11-01,11,2025,1.3596004439511655,0.30846294874853486,139.2336448598131,-97.165138,,0.009084287396937573,0.21083627797408716,5,高档
202511,6901028118828,利群(长嘴),一类烟,190.8,220.0,0.056,0.056,0.26712,47700.0,204.384,100.0,0.162807,0.073583,190.8,,,849.0,,,,,,,,,,,,,0.06,0.06,100.0,849.0,7.0,0.41,0.82,0.0,0.0,0.0,0.0,0.0,0.0,0.0,0.0,,2025-11-01,11,2025,1.1530398322851152,0.2754679544773884,3649.7142857142853,-99.0,-0.6000000000000001,0.0003146289752650177,,5,高档
202511,6901028172509,黄金叶(商鼎),一类烟,175.0,200.0,1.688,1.684,7.3675,43750.0,656.652,99.763033,4.490003,2.029819,175.0,,,849.0,,,,,,,,,,,,,1.68,1.69,99.76,849.0,216.0,20.92,25.44,0.0,0.0,0.0,0.0,0.0,0.0,0.0,0.0,7.0,2025-11-01,11,2025,1.1428571428571428,0.27550987444859176,389.935866983373,-98.763033,0.4771929824561405,0.008677856301531213,,5,高档
202511,6901028136686,金圣(硬滕王阁),三类烟,97.0,110.0,0.008,0.0,0.0,,983.308,0.0,0.0,0.0,97.0,6.344,6.332,849.0,198.0,174.0,20.49,87.88,99.81,150.0,79.95,86.21,,,0.0,,,,,,,,,,,,,,,,,,2025-11-01,11,2025,1.134020618556701,,,1.0,,0.0,0.2332155477031802,4,中高档
202511,6901028216166,利群(软蓝),一类烟,159.0,180.0,1.208,1.196,4.7541,39750.0,207.104,99.006623,3.056176,1.151053,159.0,,,849.0,,,,,,,,,,,,,1.2,1.21,99.01,849.0,151.0,12.49,17.79,0.0,0.0,0.0,0.0,0.0,0.0,0.0,0.0,1.0,2025-11-01,11,2025,1.1320754716981132,0.24211796133863403,173.16387959866222,-98.006623,1.7685185185185186,0.005599646643109541,,5,高档
202511,6901028145473,娇子(五粮浓香中支),一类烟,424.0,500.0,0.228,0.224,2.3744,106000.0,81.088,98.245614,1.36782,0.733412,424.0,,,849.0,,,,,,,,,,,,,0.22,0.23,98.25,849.0,30.0,72.07,3.53,0.0,0.0,0.0,0.0,0.0,0.0,0.0,0.0,17.0,2025-11-01,11,2025,1.179245283018868,0.30888308625336924,361.99999999999994,-97.245614,0.9310344827586206,0.0027967020023557127,,5,高档
202511,6901028180603,红金龙(硬神州腾龙),三类烟,57.24,65.0,29.552,29.428,42.111468,14310.0,6471.34,99.580401,27.074367,10.192511,57.24,0.016,0.0,849.0,,,0.0,,0.0,,,,,,,,29.43,29.55,99.58,849.0,834.0,72.01,98.23,362.0,0.0,0.0,0.0,43.41,0.0,0.0,0.0,3.0,2025-11-01,11,2025,1.1355695317959469,0.24203646854581273,219.9041728965611,-98.580401,-0.12707641196013297,0.04960125795053004,,3,中档
202511,6901028162876,黄金叶(喜满堂),三类烟,88.0,100.0,1.104,1.064,2.3408,22000.0,486.336,96.376812,1.504824,0.566651,88.0,0.932,0.924,849.0,174.0,106.0,12.49,60.92,99.14,101.0,56.9,95.28,,,0.0,,1.06,1.1,96.38,849.0,133.0,7.9,15.67,0.0,0.0,0.0,0.0,0.0,0.0,0.0,0.0,,2025-11-01,11,2025,1.1363636363636365,0.2420757860560492,457.0827067669173,-95.376812,-0.3383084577114428,0.002757126030624264,0.2049469964664311,4,中高档
202511,6901028212137,中华(金细支),一类烟,678.4,800.0,0.032,0.032,0.54272,169600.0,10.536,100.0,0.312752,0.167532,678.4,,,849.0,,,,,,,,,,,,,0.03,0.03,100.0,849.0,4.0,0.24,0.47,0.0,0.0,0.0,0.0,0.0,0.0,0.0,0.0,4.0,2025-11-01,11,2025,1.179245283018868,0.30868956367924527,329.25,-99.0,,0.00063924617196702,,5,高档
202511,6901028165242,黄金叶(爱尚),二类烟,139.92,160.0,0.932,0.924,3.232152,34980.0,241.616,99.141631,2.077845,0.78251,139.92,,,849.0,,,,,,,,,,,,,0.92,0.93,99.14,849.0,106.0,11.96,12.49,12.0,0.0,0.0,0.0,11.32,0.0,0.0,0.0,1.0,2025-11-01,11,2025,1.1435105774728418,0.24210185659585318,261.4891774891775,-98.141631,0.5503355704697988,0.003807010600706714,,5,高档
202511,6901028095891,黄果树(长征),三类烟,61.5,70.0,0.012,0.0,0.0,,152.928,0.0,0.0,0.0,61.5,0.244,0.24,849.0,36.0,30.0,3.53,83.33,98.36,30.0,83.33,100.0,,,0.0,,,,,,,,,,,,,,,,,,2025-11-01,11,2025,1.1382113821138211,,,1.0,,0.0,0.04240282685512368,3,中档
202511,6901028180580,黄鹤楼(软蓝),一类烟,164.3,190.0,73.156,72.896,299.42032,41075.0,12973.308,99.644595,192.482148,72.491607,164.3,,,849.0,,,,,,,,,,,,,72.9,73.16,99.64,849.0,833.0,99.94,98.12,776.0,0.0,0.0,0.0,93.16,0.0,0.0,0.0,3.0,2025-11-01,11,2025,1.1564211807668898,0.24210650432809638,177.970094381036,-98.644595,-0.15711576707830344,0.35267411071849236,,5,高档
202511,6901028315432,红塔山(硬经典100),三类烟,97.0,110.0,0.012,0.0,0.0,,665.936,0.0,0.0,0.0,97.0,,,849.0,,,,,,,,,,,,,,,,,,,,,,,,,,,,,2025-11-01,11,2025,1.134020618556701,,,1.0,,0.0,,4,中高档
202511,6901028084772,娇子(格调细支),二类烟,129.3,150.0,3.848,3.82,12.34815,32325.0,789.84,99.272349,7.93799,2.989587,129.3,0.98,0.972,849.0,270.0,124.0,14.61,45.93,99.18,119.0,45.0,95.97,,,0.0,,3.82,3.85,99.27,849.0,379.0,63.11,44.64,109.0,0.0,0.0,0.0,28.76,0.0,0.0,0.0,21.0,2025-11-01,11,2025,1.160092807424594,0.24210808906597345,206.76439790575918,-98.272349,0.6962699822380107,0.01454434628975265,0.31802120141342755,5,高档
202511,6901028046893,云烟(紫),二类烟,114.5,130.0,0.02,0.0,0.0,,1271.116,0.0,0.0,0.0,114.5,0.436,0.428,849.0,179.0,55.0,6.48,30.73,98.17,52.0,29.89,94.55,,,0.0,,,,,,,,,,,,,,,,,,2025-11-01,11,2025,1.1353711790393013,,,1.0,-1.0,0.0,0.21083627797408716,5,高档
202511,6901028179348,黄鹤楼(软红),一类烟,227.9,260.0,10.616,10.512,59.89212,56975.0,2662.396,99.020347,36.510634,16.491208,227.9,0.008,0.0,849.0,,,0.0,,0.0,,,,,,,,10.51,10.62,99.02,849.0,577.0,61.17,67.96,142.0,0.0,0.0,0.0,24.61,0.0,0.0,0.0,4.0,2025-11-01,11,2025,1.1408512505484862,0.27534854334760567,253.27207001522072,-98.020347,-0.1911357340720221,0.0705443109540636,,5,高档
202511,6901028071475,中南海(5mg),二类烟,114.5,130.0,1.82,1.804,5.16395,28625.0,148.34,99.120879,3.319412,1.250357,114.5,1.364,1.336,849.0,533.0,142.0,16.73,26.64,97.95,123.0,16.58,86.62,,,0.0,,1.8,1.82,99.12,849.0,185.0,82.26,21.79,52.0,0.0,0.0,0.0,28.11,0.0,0.0,0.0,175.0,2025-11-01,11,2025,1.1353711790393013,0.2421318951577765,82.22838137472284,-98.120879,9.488372093023257,0.0060823910482921085,0.6277974087161367,5,高档
202511,6901028075022,中华(软),一类烟,583.0,700.0,0.308,0.288,4.1976,145750.0,553.448,93.506494,2.418141,1.296555,583.0,0.032,0.032,849.0,4.0,4.0,0.47,100.0,100.0,4.0,100.0,100.0,,,0.0,,0.29,0.31,93.51,849.0,36.0,2.12,4.24,0.0,0.0,0.0,0.0,0.0,0.0,0.0,0.0,32.0,2025-11-01,11,2025,1.2006861063464838,0.3088800743281875,1921.6944444444446,-92.506494,8.0,0.004944169611307421,0.004711425206124852,5,高档
202511,6901028123266,黄山(硬记忆),三类烟,88.0,100.0,0.008,0.0,0.0,,119.96,0.0,0.0,0.0,88.0,0.112,0.108,849.0,14.0,10.0,1.18,71.43,96.43,9.0,75.0,90.0,,,0.0,,,,,,,,,,,,,,,,,,2025-11-01,11,2025,1.1363636363636365,,,1.0,,0.0,0.016489988221436984,4,中高档
202511,6901028062329,南京(十二钗烤烟),一类烟,243.8,280.0,0.568,0.568,3.46196,60950.0,111.428,100.0,2.109968,0.953682,243.8,3.416,3.368,849.0,424.0,409.0,48.17,96.46,98.59,407.0,96.34,99.51,,,0.0,,0.57,0.57,100.0,849.0,74.0,7.72,8.72,0.0,0.0,0.0,0.0,0.0,0.0,0.0,0.0,74.0,2025-11-01,11,2025,1.1484823625922886,0.2754745866503368,196.1760563380282,-99.0,0.9722222222222221,0.004077691401648998,0.4994110718492344,5,高档
202511,6901028181457,黄鹤楼(硬峡谷柔情),一类烟,263.0,300.0,0.008,0.0,0.0,,678.38,0.0,0.0,0.0,263.0,0.004,0.0,849.0,,,0.0,,0.0,,,,,,,,,,,,,,,,,,,,,,,,2025-11-01,11,2025,1.1406844106463878,,,1.0,-1.0,0.0,,5,高档
202511,6901028225175,黄山(新制皖烟),二类烟,121.9,140.0,5.096,5.06,15.42035,30475.0,915.936,99.293564,9.913219,3.732972,121.9,,,849.0,,,,,,,,,,,,,5.06,5.1,99.29,849.0,586.0,53.51,69.02,50.0,0.0,0.0,0.0,8.53,0.0,0.0,0.0,9.0,2025-11-01,11,2025,1.1484823625922886,0.242080886620602,181.01501976284587,-98.293564,0.9283536585365852,0.018162956419316843,,5,高档
202511,6901028247375,双喜(春天·咖路里),一类烟,225.0,260.0,1.32,1.316,7.4025,56250.0,39.516,99.69697,4.511577,2.039324,225.0,8.676,8.552,849.0,849.0,759.0,89.4,89.4,98.57,755.0,89.23,99.47,,,0.0,,1.32,1.32,99.7,849.0,146.0,72.07,17.2,36.0,0.0,0.0,0.0,24.66,0.0,0.0,0.0,118.0,2025-11-01,11,2025,1.1555555555555554,0.27549125295508275,30.027355623100302,-98.69697,9.612903225806452,0.008719081272084806,1.0,5,高档
202511,6901028219839,黄鹤楼(硬祝福),一类烟,167.48,200.0,,,,,0.0,,,,,,,,,,,,,,,,,,,,,,,,,,,,,,,,,,,,2025-11-01,11,2025,1.1941724385001196,,,,,,,5,高档
202511,6901028077910,钻石(软荷花),一类烟,339.2,400.0,,,,,36.328,,,,339.2,0.008,0.0,849.0,,,0.0,,0.0,,,,,,,,,,,,,,,,,,,,,,,,2025-11-01,11,2025,1.179245283018868,,,,,,,5,高档
202511,6901028177771,大青山(昭君和亲),二类烟,129.3,150.0,,,,,0.0,,,,,,,,,,,,,,,,,,,,,,,,,,,,,,,,,,,,2025-11-01,11,2025,1.160092807424594,,,,,,,5,高档
202511,6901028225113,黄山(金皖烟),一类烟,248.04,280.0,,,,,31.792,,,,,,,,,,,,,,,,,,,,,,,,,,,,,,,,,,,,2025-11-01,11,2025,1.128850185453959,,,,,,,5,高档
202511,6901028207089,利群(蓝天),二类烟,143.1,160.0,,,,,0.0,,,,,,,,,,,,,,,,,,,,,,,,,,,,,,,,,,,,2025-11-01,11,2025,1.1180992313067786,,,,,,,5,高档
202511,6901028936477,好猫(猴王磨砂),三类烟,106.0,120.0,,,,,0.52,,,,106.0,0.1,0.096,849.0,15.0,12.0,1.41,80.0,96.0,12.0,80.0,100.0,,,0.0,,,,,,,,,,,,,,,,,,2025-11-01,11,2025,1.1320754716981132,,,,,,0.0176678445229682,5,高档
202511,6901028219174,黄鹤楼(硬奇景),一类烟,238.5,300.0,,,,,525.056,,,,238.5,,,849.0,,,,,,,,,,,,,,,,,,,,,,,,,,,,,2025-11-01,11,2025,1.2578616352201257,,,,,,,5,高档
202511,6901028104302,龙烟(老巴夺传琦),一类烟,225.0,260.0,,,,,143.224,,,,225.0,,,849.0,,,,,,,,,,,,,,,,,,,,,,,,,,,,,2025-11-01,11,2025,1.1555555555555554,,,,,,,5,高档
202511,6901028165365,黄金叶(天香细支),一类烟,455.8,550.0,,,,,51.82,,,,455.8,,,849.0,,,,,,,,,,,,,,,,,,,,,,,,,,,,,2025-11-01,11,2025,1.2066695919262835,,,,,,,5,高档
202511,6901028314459,玉溪(硬和谐),一类烟,339.2,400.0,,,,,0.3,,,,339.2,1.92,1.884,849.0,608.0,245.0,28.86,40.3,98.13,226.0,38.73,92.24,,,0.0,,,,,,,,,,,,,,,,,,2025-11-01,11,2025,1.179245283018868,,,,,,0.7161366313309776,5,高档
202511,6901028119009,利群(西子阳光),一类烟,275.6,310.0,,,,,30.616,,,,275.6,,,849.0,,,,,,,,,,,,,,,,,,,,,,,,,,,,,2025-11-01,11,2025,1.1248185776487662,,,,,,,5,高档
202511,6901028129725,都宝(天空蓝中支),一类烟,201.4,230.0,,,,,0.0,,,,,,,,,,,,,,,,,,,,,,,,,,,,,,,,,,,,2025-11-01,11,2025,1.1420059582919562,,,,,,,5,高档
202511,6901028936996,好猫(招财猫1600),一类烟,158.0,180.0,,,,,77.964,,,,158.0,,,849.0,,,,,,,,,,,,,,,,,,,,,,,,,,,,,2025-11-01,11,2025,1.139240506329114,,,,,,,5,高档
202511,6901028010115,中南海(典8),三类烟,97.0,110.0,,,,,260.144,,,,97.0,,,849.0,,,,,,,,,,,,,,,,,,,,,,,,,,,,,2025-11-01,11,2025,1.134020618556701,,,,,,,4,中高档
202511,6901028204026,万宝路(硬冰爵2.0),一类烟,225.0,260.0,,,,,34.74,,,,225.0,,,849.0,,,,,,,,,,,,,,,,,,,,,,,,,,,,,2025-11-01,11,2025,1.1555555555555554,,,,,,,5,高档
202511,6901028189057,黄鹤楼(硬雪之景),二类烟,121.9,140.0,,,,,136.76,,,,,,,,,,,,,,,,,,,,,,,,,,,,,,,,,,,,2025-11-01,11,2025,1.1484823625922886,,,,,,,5,高档
202511,6901028241410,黄鹤楼(视窗),一类烟,300.0,350.0,,,,,31.192,,,,300.0,0.02,0.0,849.0,,,0.0,,0.0,,,,,,,,,,,,,,,,,,,,,,,,2025-11-01,11,2025,1.1666666666666667,,,,,,,5,高档
202511,6901028218757,黄鹤楼(硬蓝),一类烟,175.0,200.0,,,,,360.272,,,,175.0,,,849.0,,,,,,,,,,,,,,,,,,,,,,,,,,,,,2025-11-01,11,2025,1.1428571428571428,,,,,,,5,高档
202511,6901028300063,南京(红),二类烟,114.5,130.0,,,,,1.608,,,,,,,,,,,,,,,,,,,,,,,,,,,,,,,,,,,,2025-11-01,11,2025,1.1353711790393013,,,,,,,5,高档
202511,6901028121736,利群(楼外楼),一类烟,175.0,200.0,,,,,29.14,,,,175.0,0.012,0.012,849.0,,1.0,0.12,,100.0,1.0,,100.0,,,0.0,,,,,,,,,,,,,,,,,,2025-11-01,11,2025,1.1428571428571428,,,,,,,5,高档
202511,6901028150378,泰山(望岳),一类烟,167.48,190.0,,,,,112.268,,,,167.48,0.58,0.576,849.0,86.0,72.0,8.48,83.72,99.31,72.0,83.72,100.0,,,0.0,,,,,,,,,,,,,,,,,,2025-11-01,11,2025,1.1344638165751135,,,,,,0.10129564193168433,5,高档
202511,6901028107150,钻石(双中支荷花),一类烟,381.6,450.0,,,,,4.264,,,,381.6,,,849.0,,,,,,,,,,,,,,,,,,,,,,,,,,,,,2025-11-01,11,2025,1.1792452830188678,,,,,,,5,高档
202511,6901028221351,贵烟(新贵),三类烟,93.28,110.0,,,,,378.276,,,,93.28,0.376,0.372,849.0,68.0,47.0,5.54,69.12,98.94,46.0,68.38,97.87,,,0.0,,,,,,,,,,,,,,,,,,2025-11-01,11,2025,1.179245283018868,,,,,,0.0800942285041225,4,中高档
202511,6901028138536,七匹狼(软灰),一类烟,185.5,210.0,,,,,167.536,,,,185.5,25.98,25.832,849.0,849.0,795.0,93.64,93.64,99.43,755.0,89.72,94.97,,,0.0,,,,,,,,,,,,,,,,,,2025-11-01,11,2025,1.1320754716981132,,,,,,1.0,5,高档
202511,6901028104692,龙烟(呈祥),二类烟,129.3,150.0,,,,,0.0,,,,,,,,,,,,,,,,,,,,,,,,,,,,,,,,,,,,2025-11-01,11,2025,1.160092807424594,,,,,,,5,高档
202511,6901028937535,好猫(金猴王),三类烟,71.0,80.0,,,,,1207.012,,,,71.0,0.244,0.232,849.0,72.0,29.0,3.42,40.28,95.08,29.0,40.28,100.0,,,0.0,,,,,,,,,,,,,,,,,,2025-11-01,11,2025,1.1267605633802817,,,,,,0.08480565371024736,4,中高档
202511,6901028018722,中华(双中支),一类烟,424.0,500.0,,,,,199.816,,,,424.0,2.244,2.22,849.0,321.0,280.0,32.98,87.23,98.93,275.0,86.45,98.21,,,0.0,,,,,,,,,,,,,,,,,,2025-11-01,11,2025,1.179245283018868,,,,,,0.37809187279151946,5,高档
202511,6901028107297,钻石(玫瑰二代),三类烟,97.0,110.0,,,,,89.508,,,,97.0,,,849.0,,,,,,,,,,,,,,,,,,,,,,,,,,,,,2025-11-01,11,2025,1.134020618556701,,,,,,,4,中高档
202511,6901028133081,金圣(青瓷中支),一类烟,175.0,200.0,,,,,4.436,,,,175.0,,,849.0,,,,,,,,,,,,,,,,,,,,,,,,,,,,,2025-11-01,11,2025,1.1428571428571428,,,,,,,5,高档
202511,6901028172936,黄金叶(乐途硬),一类烟,175.0,200.0,,,,,92.792,,,,175.0,,,849.0,,,,,,,,,,,,,,,,,,,,,,,,,,,,,2025-11-01,11,2025,1.1428571428571428,,,,,,,5,高档
202511,8888075018616,555·双冰,一类烟,271.07,320.0,,,,,18.104,,,,271.07,,,849.0,,,,,,,,,,,,,,,,,,,,,,,,,,,,,2025-11-01,11,2025,1.180506880141661,,,,,,,5,高档
202511,6901028120708,利群(软长嘴),一类烟,318.0,360.0,,,,,101.888,,,,318.0,,,849.0,,,,,,,,,,,,,,,,,,,,,,,,,,,,,2025-11-01,11,2025,1.1320754716981132,,,,,,,5,高档
202511,6901028189989,黄鹤楼(硬嘉禧缘),一类烟,167.48,200.0,,,,,37.556,,,,,,,,,,,,,,,,,,,,,,,,,,,,,,,,,,,,2025-11-01,11,2025,1.1941724385001196,,,,,,,5,高档
202511,6901028092838,人民大会堂(硬红细支),二类烟,139.92,160.0,,,,,107.944,,,,,,,,,,,,,,,,,,,,,,,,,,,,,,,,,,,,2025-11-01,11,2025,1.1435105774728418,,,,,,,5,高档
202511,6901028125888,黄山(徽商新视界细支),一类烟,678.4,800.0,,,,,0.0,,,,,,,,,,,,,,,,,,,,,,,,,,,,,,,,,,,,2025-11-01,11,2025,1.179245283018868,,,,,,,5,高档
202511,6901028102094,贵烟(红中支),一类烟,263.0,300.0,,,,,29.092,,,,263.0,,,849.0,,,,,,,,,,,,,,,,,,,,,,,,,,,,,2025-11-01,11,2025,1.1406844106463878,,,,,,,5,高档
202511,6901028180788,黄鹤楼(硬15),一类烟,848.0,1000.0,,,,,12.136,,,,848.0,2.452,2.428,849.0,373.0,278.0,32.74,74.53,99.02,269.0,74.39,96.76,,,0.0,,,,,,,,,,,,,,,,,,2025-11-01,11,2025,1.179245283018868,,,,,,0.43934040047114253,5,高档
202511,8888075005524,555金·锐,二类烟,137.8,160.0,,,,,1.188,,,,137.8,,,849.0,,,,,,,,,,,,,,,,,,,,,,,,,,,,,2025-11-01,11,2025,1.1611030478955007,,,,,,,5,高档
202511,6901028218788,黄鹤楼(1916中支),一类烟,1000.0,1200.0,,,,,0.004,,,,,,,,,,,,,,,,,,,,,,,,,,,,,,,,,,,,2025-11-01,11,2025,1.2,,,,,,,5,高档
202511,6901028165921,黄金叶(小目标),二类烟,121.9,140.0,,,,,0.016,,,,,,,,,,,,,,,,,,,,,,,,,,,,,,,,,,,,2025-11-01,11,2025,1.1484823625922886,,,,,,,5,高档
202511,6901028143585,七匹狼(蓝钻),二类烟,114.5,130.0,,,,,0.0,,,,114.5,3.052,3.024,849.0,391.0,377.0,44.41,96.42,99.08,377.0,96.68,100.0,,,0.0,,,,,,,,,,,,,,,,,,2025-11-01,11,2025,1.1353711790393013,,,,,,0.46054181389870436,5,高档
202511,6901028187343,黄鹤楼(硬8度),一类烟,158.0,180.0,,,,,230.488,,,,158.0,,,849.0,,,,,,,,,,,,,,,,,,,,,,,,,,,,,2025-11-01,11,2025,1.139240506329114,,,,,,,5,高档
202511,6901028340618,云烟(小熊猫家园),一类烟,158.0,200.0,,,,,0.0448,,,,,,,,,,,,,,,,,,,,,,,,,,,,,,,,,,,,2025-11-01,11,2025,1.2658227848101267,,,,,,,5,高档
202511,6901028010771,中南海(冰耀中支),一类烟,201.4,230.0,,,,,153.576,,,,201.4,1.82,1.804,849.0,849.0,185.0,21.79,21.79,99.12,169.0,16.15,91.35,,,0.0,,,,,,,,,,,,,,,,,,2025-11-01,11,2025,1.1420059582919562,,,,,,1.0,5,高档
202511,6901028177153,云烟(硬苁蓉),二类烟,114.5,130.0,,,,,298.624,,,,114.5,,,849.0,,,,,,,,,,,,,,,,,,,,,,,,,,,,,2025-11-01,11,2025,1.1353711790393013,,,,,,,5,高档
202511,6901028042963,娇子(五粮醇香),一类烟,201.4,230.0,,,,,188.336,,,,201.4,1.208,1.184,849.0,150.0,148.0,17.43,98.67,98.01,148.0,98.67,100.0,,,0.0,,,,,,,,,,,,,,,,,,2025-11-01,11,2025,1.1420059582919562,,,,,,0.17667844522968199,5,高档
202511,6901028011785,真龙(起源),一类烟,212.0,250.0,,,,,208.54,,,,212.0,0.032,0.032,849.0,4.0,4.0,0.47,100.0,100.0,4.0,100.0,100.0,,,0.0,,,,,,,,,,,,,,,,,,2025-11-01,11,2025,1.179245283018868,,,,,,0.004711425206124852,5,高档
202511,6901028042215,娇子(宽窄平安中支),一类烟,339.2,400.0,,,,,12.088,,,,,,,,,,,,,,,,,,,,,,,,,,,,,,,,,,,,2025-11-01,11,2025,1.179245283018868,,,,,,,5,高档
202511,6901028187855,黄鹤楼(软1916),一类烟,848.0,1000.0,,,,,,,,,848.0,0.012,0.0,849.0,,,0.0,,0.0,,,,,,,,,,,,,,,,,,,,,,,,2025-11-01,11,2025,1.179245283018868,,,,,,,5,高档
202512,6901028001625,双喜(硬经典1906),二类烟,150.52,170.0,0.46,0.448,1.685824,37630.0,824.144,97.391304,1.08372,0.408173,150.52,0.716,0.708,848.0,187.0,89.0,10.5,47.59,98.88,88.0,47.33,98.88,,,0.0,,0.45,0.46,97.39,848.0,59.0,33.52,6.96,0.0,0.0,0.0,0.0,0.0,0.0,0.0,0.0,1.0,2025-12-01,12,2025,1.1294180175391975,0.24212076705516117,1839.607142857143,-96.391304,-0.7870722433460076,0.001988,0.2205188679245283,5,高档
202512,6901028077910,钻石(软荷花),一类烟,339.2,400.0,,,,,147.712,,,,339.2,0.936,0.928,848.0,352.0,149.0,17.57,42.33,99.15,149.0,40.56,100.0,,,0.0,,,,,,,,,,,,,,,,,,2025-12-01,12,2025,1.179245283018868,,,,,,0.41509433962264153,5,高档
202512,6901028221351,贵烟(新贵),三类烟,93.28,110.0,,,,,192.636,,,,93.28,0.656,0.656,848.0,157.0,82.0,9.67,52.23,100.0,82.0,48.96,100.0,,,0.0,,,,,,,,,,,,,,,,,,2025-12-01,12,2025,1.179245283018868,,,,,,0.18514150943396226,4,中高档
202512,6901028075022,中华(软),一类烟,583.0,700.0,0.264,0.256,3.7312,145750.0,648.652,96.969697,2.149454,1.152498,583.0,,,848.0,4.0,,0.0,0.0,,,0.0,,,,,,0.26,0.26,96.97,848.0,32.0,2.14,3.77,0.0,0.0,0.0,0.0,0.0,0.0,0.0,0.0,32.0,2025-12-01,12,2025,1.2006861063464838,0.3088813250428817,2533.796875,-95.969697,-0.11111111111111105,0.004399999999999999,0.0047169811320754715,5,高档
202512,6901028062329,南京(十二钗烤烟),一类烟,243.8,280.0,,,,,164.968,,,,243.8,,,848.0,,,0.0,,,,,,,,,,,,,,,,,,,,,,,,,,2025-12-01,12,2025,1.1484823625922886,,,,,,,5,高档
202512,6901028123266,黄山(硬记忆),三类烟,88.0,100.0,0.008,0.0,0.0,,63.14,0.0,0.0,0.0,88.0,0.272,0.272,848.0,419.0,37.0,4.36,8.83,100.0,31.0,7.8,83.78,,,0.0,,,,,,,,,,,,,,,,,,2025-12-01,12,2025,1.1363636363636365,,,1.0,,0.0,0.49410377358490565,4,中高档
202512,6901028221450,贵烟(跨越),一类烟,201.4,230.0,0.656,0.656,3.30296,50350.0,486.196,100.0,2.013139,0.909833,201.4,,,848.0,,,0.0,,,,,,,,,,0.66,0.66,100.0,848.0,82.0,7.45,9.67,0.0,0.0,0.0,0.0,0.0,0.0,0.0,0.0,20.0,2025-12-01,12,2025,1.1420059582919562,0.27545989052244046,741.1524390243902,-99.0,0.7634408602150538,0.003895,,5,高档
202512,6901028145077,娇子(宽窄好运细支),一类烟,225.0,260.0,0.056,0.056,0.315,56250.0,260.68,100.0,0.191995,0.086766,225.0,,,848.0,4.0,,0.0,0.0,,,0.0,,,,,,0.06,0.06,100.0,848.0,7.0,2.78,0.83,0.0,0.0,0.0,0.0,0.0,0.0,0.0,0.0,,2025-12-01,12,2025,1.1555555555555554,0.27544761904761905,4655.0,-99.0,-0.9423868312757202,0.0003714622641509434,0.0047169811320754715,5,高档
202512,6901028172936,黄金叶(乐途硬),一类烟,175.0,200.0,,,,,69.256,,,,175.0,0.1,0.1,848.0,43.0,14.0,1.65,32.56,100.0,11.0,29.07,78.57,,,0.0,,,,,,,,,,,,,,,,,,2025-12-01,12,2025,1.1428571428571428,,,,,,0.05070754716981132,5,高档
202512,6901028104241,哈尔滨(老巴夺),三类烟,97.0,110.0,0.008,0.0,0.0,,0.0,0.0,0.0,0.0,97.0,,,848.0,,,0.0,,,,,,,,,,,,,,,,,,,,,,,,,,2025-12-01,12,2025,1.134020618556701,,,1.0,,0.0,,4,中高档
202512,6901028181815,红金龙(硬蓝爱你),三类烟,97.0,110.0,1.384,1.376,3.3368,24250.0,549.272,99.421965,2.146007,0.806889,97.0,2.824,2.812,848.0,831.0,409.0,48.23,49.22,99.58,407.0,47.79,99.51,,,0.0,,1.38,1.38,99.42,848.0,172.0,7.05,20.28,0.0,0.0,0.0,0.0,0.0,0.0,0.0,0.0,,2025-12-01,12,2025,1.134020618556701,0.24181521217933347,399.1802325581396,-98.421965,-0.8310412573673871,0.0039349056603773585,0.9799528301886793,4,中高档
202512,6901028071536,中南海(5mg细支),二类烟,121.9,140.0,,,,,26.196,,,,121.9,,,848.0,,,0.0,,,,,,,,,,,,,,,,,,,,,,,,,,2025-12-01,12,2025,1.1484823625922886,,,,,,,5,高档
202512,6901028180818,黄鹤楼(天下名楼),二类烟,139.92,160.0,2.548,2.5,8.745,34980.0,837.488,98.11617,5.622051,2.116893,139.92,0.008,0.0,848.0,3.0,,0.0,0.0,0.0,,0.0,,,,,,2.5,2.55,98.12,848.0,152.0,33.52,17.92,0.0,0.0,0.0,0.0,0.0,0.0,0.0,0.0,5.0,2025-12-01,12,2025,1.1435105774728418,0.24206895368782164,334.9952,-97.11617,0.029654036243822013,0.010312499999999999,0.003537735849056604,5,高档
202512,6901028136891,金圣(硬红·十二生肖),三类烟,61.5,70.0,3.568,3.56,5.4735,15375.0,571.82,99.775785,3.518282,1.325542,61.5,1.064,1.056,848.0,577.0,135.0,15.92,23.4,99.25,129.0,20.23,95.56,,,0.0,,3.56,3.57,99.78,848.0,327.0,15.07,38.56,0.0,0.0,0.0,0.0,0.0,0.0,0.0,0.0,6.0,2025-12-01,12,2025,1.1382113821138211,0.24217447702566916,160.623595505618,-98.775785,-0.437776373973468,0.006454599056603773,0.6804245283018868,3,中档
202512,6901028000833,双喜(软经典),三类烟,97.0,110.0,2.864,2.856,6.9258,24250.0,836.548,99.72067,4.452257,1.676719,97.0,0.46,0.448,848.0,577.0,59.0,6.96,10.23,97.39,53.0,6.16,89.83,,,0.0,,2.86,2.86,99.72,848.0,358.0,15.07,42.22,0.0,0.0,0.0,0.0,0.0,0.0,0.0,0.0,,2025-12-01,12,2025,1.134020618556701,0.2420975194201392,292.9089635854342,-98.72067,-0.6338461538461538,0.008167216981132075,0.6804245283018868,4,中高档
202512,8888075034715,555(国际版),一类烟,254.92,300.0,,,,,4.588,,,,254.92,,,848.0,4.0,,0.0,0.0,,,0.0,,,,,,,,,,,,,,,,,,,,,,2025-12-01,12,2025,1.1768397928761964,,,,,,0.0047169811320754715,5,高档
202512,6901028219174,黄鹤楼(硬奇景),一类烟,238.5,300.0,,,,,1275.792,,,,238.5,,,848.0,16.0,,0.0,0.0,,,0.0,,,,,,,,,,,,,,,,,,,,,,2025-12-01,12,2025,1.2578616352201257,,,,,,0.018867924528301886,5,高档
202512,6901028937504,好猫(金丝猴),二类烟,129.3,150.0,,,,,0.02,,,,,,,,,,,,,,,,,,,,,,,,,,,,,,,,,,,,2025-12-01,12,2025,1.160092807424594,,,,,,,5,高档
202512,6901028107297,钻石(玫瑰二代),三类烟,97.0,110.0,,,,,189.208,,,,97.0,,,848.0,,,0.0,,,,,,,,,,,,,,,,,,,,,,,,,,2025-12-01,12,2025,1.134020618556701,,,,,,,4,中高档
202512,6901028159753,泰山(心悦),二类烟,139.92,160.0,0.032,0.028,0.097944,34980.0,19.428,87.5,0.062966,0.023708,139.92,,,848.0,,,0.0,,,,,,,,,,0.03,0.03,87.5,848.0,7.0,8.22,0.83,0.0,0.0,0.0,0.0,0.0,0.0,0.0,0.0,,2025-12-01,12,2025,1.1435105774728418,0.24205668545291187,693.8571428571429,-86.5,-0.9270833333333334,0.0001155,,5,高档
202512,6901028075015,中华(硬),一类烟,381.6,450.0,0.624,0.616,5.87664,95400.0,1165.552,98.717949,3.385229,1.815351,381.6,0.264,0.256,848.0,53.0,32.0,3.77,60.38,96.97,32.0,60.95,100.0,,,0.0,,0.62,0.62,98.72,848.0,77.0,3.67,9.08,0.0,0.0,0.0,0.0,0.0,0.0,0.0,0.0,6.0,2025-12-01,12,2025,1.1792452830188678,0.30890968308421135,1892.12987012987,-97.717949,-0.7225225225225225,0.00693,0.0625,5,高档
202512,6901028224642,金圣(青瓷),一类烟,158.0,180.0,1.096,1.084,4.2818,39500.0,651.484,98.905109,2.752547,1.036709,158.0,,,848.0,120.0,,0.0,0.0,,,0.0,,,,,,1.08,1.1,98.91,848.0,137.0,19.06,16.16,0.0,0.0,0.0,0.0,0.0,0.0,0.0,0.0,11.0,2025-12-01,12,2025,1.139240506329114,0.2421199028445981,601.0,-97.905109,-0.4808429118773946,0.005049292452830189,0.14150943396226415,5,高档
202512,6901028164177,红旗渠(雪茄),四类烟,44.5,50.0,0.004,0.0,0.0,,0.0,0.0,0.0,0.0,44.5,0.016,0.008,848.0,477.0,2.0,0.24,0.42,50.0,2.0,0.1,100.0,,,0.0,,,,,,,,,,,,,,,,,,2025-12-01,12,2025,1.1235955056179776,,,1.0,,0.0,0.5625,3,中档
202512,6901028191142,白沙(硬),三类烟,71.0,80.0,0.004,0.0,0.0,,11.34,0.0,0.0,0.0,71.0,,,848.0,,,0.0,,,,,,,,,,,,,,,,,,,,,,,,,,2025-12-01,12,2025,1.1267605633802817,,,1.0,,0.0,,4,中高档
202512,6901028098335,长白山(蓝尚),一类烟,158.0,180.0,,,,,85.104,,,,158.0,0.008,0.0,848.0,111.0,,0.0,0.0,0.0,,0.0,,,,,,,,,,,,,,,,,,,,,,2025-12-01,12,2025,1.139240506329114,,,,,,0.13089622641509435,5,高档
202512,6901028104302,龙烟(老巴夺传琦),一类烟,225.0,260.0,,,,,190.504,,,,225.0,,,848.0,,,0.0,,,,,,,,,,,,,,,,,,,,,,,,,,2025-12-01,12,2025,1.1555555555555554,,,,,,,5,高档
202512,6901028165921,黄金叶(小目标),二类烟,121.9,140.0,,,,,0.016,,,,,,,,,,,,,,,,,,,,,,,,,,,,,,,,,,,,2025-12-01,12,2025,1.1484823625922886,,,,,,,5,高档
202512,6901028104692,龙烟(呈祥),二类烟,129.3,150.0,,,,,0.0,,,,,,,,,,,,,,,,,,,,,,,,,,,,,,,,,,,,2025-12-01,12,2025,1.160092807424594,,,,,,,5,高档
202512,6901028120708,利群(软长嘴),一类烟,318.0,360.0,,,,,176.192,,,,318.0,0.02,0.02,848.0,835.0,5.0,0.59,0.6,100.0,5.0,0.6,100.0,,,0.0,,,,,,,,,,,,,,,,,,2025-12-01,12,2025,1.1320754716981132,,,,,,0.9846698113207547,5,高档
202512,6901028126007,黄山(新一品),三类烟,71.0,80.0,0.008,0.0,0.0,,393.54,0.0,0.0,0.0,71.0,2.088,2.076,848.0,577.0,262.0,30.9,45.41,99.43,257.0,31.19,98.09,,,0.0,,,,,,,,,,,,,,,,,,2025-12-01,12,2025,1.1267605633802817,,,1.0,,0.0,0.6804245283018868,4,中高档
202512,6901028121736,利群(楼外楼),一类烟,175.0,200.0,0.02,0.02,0.0875,43750.0,19.424,100.0,0.053959,0.023476,175.0,,,848.0,,,0.0,,,,,,,,,,0.02,0.02,100.0,848.0,5.0,33.64,0.59,0.0,0.0,0.0,0.0,0.0,0.0,0.0,0.0,5.0,2025-12-01,12,2025,1.1428571428571428,0.2682971428571429,971.1999999999999,-99.0,,0.00010318396226415093,,5,高档
202512,6901028143554,七匹狼(锋芒),一类烟,158.0,180.0,0.172,0.172,0.6794,39500.0,454.86,100.0,0.436752,0.164495,158.0,,,848.0,,,0.0,,,,,,,,,,0.17,0.17,100.0,848.0,22.0,6.73,2.59,0.0,0.0,0.0,0.0,0.0,0.0,0.0,0.0,,2025-12-01,12,2025,1.139240506329114,0.24211804533411835,2644.5348837209303,-99.0,-0.5520833333333334,0.0008011792452830189,,5,高档
202512,6901028229074,天子(中支),一类烟,201.4,230.0,0.352,0.344,1.73204,50350.0,537.948,97.727273,1.055564,0.477214,201.4,,,848.0,,,0.0,,,,,,,,,,0.34,0.35,97.73,848.0,49.0,11.56,5.78,0.0,0.0,0.0,0.0,0.0,0.0,0.0,0.0,12.0,2025-12-01,12,2025,1.1420059582919562,0.27552135054617677,1563.8023255813955,-96.727273,-0.8377358490566038,0.0020425,,5,高档
202512,6901028182560,红金龙(硬红龙),三类烟,47.7,55.0,2.824,2.812,3.35331,11925.0,256.504,99.575071,2.155447,0.811916,47.7,2.828,2.812,848.0,832.0,412.0,48.58,49.52,99.43,411.0,37.43,99.76,,,0.0,,2.81,2.82,99.58,848.0,409.0,33.48,48.23,0.0,0.0,0.0,0.0,0.0,0.0,0.0,0.0,1.0,2025-12-01,12,2025,1.1530398322851152,0.24212375235215353,91.21763869132292,-98.575071,-0.8962667847129999,0.003954375,0.9811320754716981,3,中档
202512,6901028005036,双喜(硬金五叶神),二类烟,121.9,140.0,0.716,0.708,2.15763,30475.0,188.512,98.882682,1.387122,0.522266,121.9,0.052,0.048,848.0,7.0,6.0,0.71,85.71,92.31,6.0,85.71,100.0,,,0.0,,0.71,0.72,98.88,848.0,89.0,7.53,10.5,0.0,0.0,0.0,0.0,0.0,0.0,0.0,0.0,10.0,2025-12-01,12,2025,1.1484823625922886,0.24205540338241496,266.2598870056497,-97.882682,-0.3468634686346864,0.002544375,0.008254716981132075,5,高档
202512,6901028218634,黄鹤楼(硬1916红爆),一类烟,720.8,1000.0,0.008,0.0,0.0,,236.976,0.0,0.0,0.0,720.8,,,848.0,,,0.0,,,,,,,,,,,,,,,,,,,,,,,,,,2025-12-01,12,2025,1.3873473917869035,,,1.0,,0.0,,5,高档
202512,6901028207508,利群(软红长嘴),一类烟,190.8,220.0,0.224,0.216,1.03032,47700.0,24.704,96.428571,0.628348,0.283442,190.8,0.56,0.56,848.0,142.0,71.0,8.37,50.0,100.0,69.0,44.16,97.18,,,0.0,,0.22,0.22,96.43,848.0,27.0,5.44,3.18,0.0,0.0,0.0,0.0,0.0,0.0,0.0,0.0,21.0,2025-12-01,12,2025,1.1530398322851152,0.2751009395139375,114.37037037037038,-95.428571,-0.0357142857142857,0.001215,0.16745283018867924,5,高档
202512,6901028317177,玉溪(软),一类烟,201.4,230.0,0.888,0.88,4.4308,50350.0,2570.632,99.099099,2.700316,1.220744,201.4,,,848.0,,,0.0,,,,,,,,,,0.88,0.89,99.1,848.0,113.0,19.06,13.33,0.0,0.0,0.0,0.0,0.0,0.0,0.0,0.0,8.0,2025-12-01,12,2025,1.1420059582919562,0.2755132256026,2921.172727272727,-98.099099,-0.5329087048832272,0.005225,,5,高档
202512,6901028937832,好猫(长乐九美),一类烟,175.0,200.0,0.14,0.14,0.6125,43750.0,359.084,100.0,0.373275,0.168753,175.0,0.016,0.0,848.0,,,0.0,,0.0,,,,,,,,0.14,0.14,100.0,848.0,18.0,3.14,2.12,0.0,0.0,0.0,0.0,0.0,0.0,0.0,0.0,,2025-12-01,12,2025,1.1428571428571428,0.2755151020408163,2564.885714285714,-99.0,-0.39655172413793105,0.0007222877358490567,,5,高档
202512,6901028079990,钻石(荷花),一类烟,275.6,320.0,0.936,0.928,6.39392,68900.0,722.176,99.145299,3.684175,1.974156,275.6,1.02,0.988,848.0,542.0,247.0,29.13,45.57,96.86,247.0,45.57,100.0,,,0.0,,0.93,0.94,99.15,848.0,149.0,14.18,17.57,0.0,0.0,0.0,0.0,0.0,0.0,0.0,0.0,5.0,2025-12-01,12,2025,1.1611030478955007,0.3087551924328112,778.2068965517242,-98.145299,inf,0.00754,0.6391509433962265,5,高档
202512,6901028940504,红金龙(硬新版),四类烟,44.5,50.0,2.828,2.812,3.12835,11125.0,2431.48,99.434229,2.089374,0.67904,44.5,0.576,0.576,848.0,352.0,106.0,12.5,30.11,100.0,106.0,29.94,100.0,,,0.0,,2.81,2.83,99.43,848.0,412.0,50.52,48.58,0.0,0.0,0.0,0.0,0.0,0.0,0.0,0.0,,2025-12-01,12,2025,1.1235955056179776,0.21706011156040722,864.6799431009958,-98.434229,-0.9354335047759,0.0036890919811320756,0.41509433962264153,3,中档
202512,6901028010115,中南海(典8),三类烟,97.0,110.0,,,,,231.828,,,,97.0,,,848.0,,,0.0,,,,,,,,,,,,,,,,,,,,,,,,,,2025-12-01,12,2025,1.134020618556701,,,,,,,4,中高档
202512,6901028179270,红金龙(软精品),三类烟,90.1,110.0,3.832,3.808,8.57752,22525.0,747.948,99.373695,5.513991,2.076697,90.1,0.008,0.0,848.0,,,0.0,,0.0,,,,,,,,3.81,3.83,99.37,848.0,413.0,46.94,48.7,0.0,0.0,0.0,0.0,0.0,0.0,0.0,0.0,,2025-12-01,12,2025,1.2208657047724751,0.24210925768753672,196.41491596638656,-98.373695,-0.8950501598500716,0.010114999999999999,,4,中高档
202512,6901028042215,娇子(宽窄平安中支),一类烟,339.2,400.0,,,,,8.464,,,,,,,,,,,,,,,,,,,,,,,,,,,,,,,,,,,,2025-12-01,12,2025,1.179245283018868,,,,,,,5,高档
202512,6901028314985,红塔山(硬经典),三类烟,75.0,85.0,0.008,0.0,0.0,,16.476,0.0,0.0,0.0,75.0,0.008,0.0,848.0,,,0.0,,0.0,,,,,,,,,,,,,,,,,,,,,,,,2025-12-01,12,2025,1.1333333333333333,,,1.0,,0.0,,4,中高档
202512,6901028322867,玉溪(鑫中支),一类烟,225.0,260.0,,,,,53.876,,,,,,,,,,,,,,,,,,,,,,,,,,,,,,,,,,,,2025-12-01,12,2025,1.1555555555555554,,,,,,,5,高档
202512,6901028942911,双喜(软珍品好日子),二类烟,137.8,160.0,1.668,1.54,5.3053,34450.0,26.992,92.326139,3.41033,1.284622,137.8,,,848.0,,,0.0,,,,,,,,,,1.54,1.67,92.33,848.0,59.0,33.64,6.96,0.0,0.0,0.0,0.0,0.0,0.0,0.0,0.0,20.0,2025-12-01,12,2025,1.1611030478955007,0.24213937006389835,17.527272727272727,-91.326139,-0.3396226415094339,0.00625625,,5,高档
202512,6901028936477,好猫(猴王磨砂),三类烟,106.0,120.0,,,,,0.488,,,,106.0,0.056,0.056,848.0,40.0,7.0,0.83,17.5,100.0,7.0,28.57,100.0,,,0.0,,,,,,,,,,,,,,,,,,2025-12-01,12,2025,1.1320754716981132,,,,,,0.04716981132075472,5,高档
202512,6901028075053,牡丹(软),二类烟,121.9,140.0,0.356,0.34,1.03615,30475.0,398.188,95.505618,0.66607,0.250868,121.9,,,848.0,,,0.0,,,,,,,,,,0.34,0.36,95.51,848.0,43.0,1.73,5.07,0.0,0.0,0.0,0.0,0.0,0.0,0.0,0.0,,2025-12-01,12,2025,1.1484823625922886,0.24211552381411958,1171.141176470588,-94.505618,0.5740740740740742,0.0012218749999999999,,5,高档
202512,6901028065504,兰州(硬珍品),二类烟,155.0,180.0,,,,,102.764,,,,155.0,0.572,0.548,848.0,287.0,73.0,8.61,25.44,95.8,64.0,24.82,87.67,,,0.0,,,,,,,,,,,,,,,,,,2025-12-01,12,2025,1.1612903225806452,,,,,,0.3384433962264151,5,高档
202512,6901028185912,黄鹤楼(硬红),一类烟,190.8,220.0,21.312,21.216,101.20032,47700.0,2439.548,99.54955,61.67617,27.881603,190.8,,,848.0,35.0,,0.0,0.0,,,0.0,,,,,,21.22,21.31,99.55,848.0,532.0,67.0,62.74,210.0,0.0,0.0,0.0,39.47,0.0,0.0,0.0,,2025-12-01,12,2025,1.1530398322851152,0.27550903989236397,114.98623680241326,-98.54955,-0.6974674880219027,0.11934,0.041273584905660375,5,高档
202512,6901028009744,双喜(勿忘我),一类烟,175.0,200.0,0.052,0.048,0.21,43750.0,23.036,92.307692,0.12798,0.057858,175.0,0.164,0.16,848.0,577.0,22.0,2.59,3.81,97.56,18.0,3.32,81.82,,,0.0,,0.05,0.05,92.31,848.0,6.0,0.28,0.71,0.0,0.0,0.0,0.0,0.0,0.0,0.0,0.0,,2025-12-01,12,2025,1.1428571428571428,0.2755142857142857,479.9166666666667,-91.307692,-0.9805510534846029,0.00024764150943396224,0.6804245283018868,5,高档
202512,6901028118828,利群(长嘴),一类烟,190.8,220.0,0.056,0.056,0.26712,47700.0,334.536,100.0,0.16306,0.07333,190.8,0.016,0.016,848.0,6.0,2.0,0.24,33.33,100.0,2.0,33.33,100.0,,,0.0,,0.06,0.06,100.0,848.0,7.0,4.27,0.83,0.0,0.0,0.0,0.0,0.0,0.0,0.0,0.0,,2025-12-01,12,2025,1.1530398322851152,0.27452081461515426,5973.857142857143,-99.0,0.0,0.000315,0.007075471698113208,5,高档
202512,6901028138536,七匹狼(软灰),一类烟,185.5,210.0,,,,,154.64,,,,185.5,,,848.0,,,0.0,,,,,,,,,,,,,,,,,,,,,,,,,,2025-12-01,12,2025,1.1320754716981132,,,,,,,5,高档
202512,6901028107150,钻石(双中支荷花),一类烟,381.6,450.0,,,,,17.252,,,,381.6,,,848.0,,,0.0,,,,,,,,,,,,,,,,,,,,,,,,,,2025-12-01,12,2025,1.1792452830188678,,,,,,,5,高档
202512,6901028207089,利群(蓝天),二类烟,143.1,160.0,,,,,0.0,,,,,,,,,,,,,,,,,,,,,,,,,,,,,,,,,,,,2025-12-01,12,2025,1.1180992313067786,,,,,,,5,高档
202512,8888075018616,555·双冰,一类烟,271.07,320.0,,,,,18.092,,,,271.07,,,848.0,,,0.0,,,,,,,,,,,,,,,,,,,,,,,,,,2025-12-01,12,2025,1.180506880141661,,,,,,,5,高档
202512,6901028189057,黄鹤楼(硬雪之景),二类烟,121.9,140.0,,,,,7.2,,,,,,,,,,,,,,,,,,,,,,,,,,,,,,,,,,,,2025-12-01,12,2025,1.1484823625922886,,,,,,,5,高档
202512,6901028227438,龙凤呈祥(软魅力朝天门),三类烟,97.0,110.0,,,,,381.64,,,,97.0,,,848.0,,,0.0,,,,,,,,,,,,,,,,,,,,,,,,,,2025-12-01,12,2025,1.134020618556701,,,,,,,4,中高档
202512,6901028177153,云烟(硬苁蓉),二类烟,114.5,130.0,,,,,158.56,,,,114.5,,,848.0,,,0.0,,,,,,,,,,,,,,,,,,,,,,,,,,2025-12-01,12,2025,1.1353711790393013,,,,,,,5,高档
202512,6901028180634,红金龙(软虹之彩),五类烟,19.08,25.0,0.008,0.0,0.0,,0.0,0.0,0.0,0.0,19.08,1.384,1.376,848.0,175.0,172.0,20.28,98.29,99.42,172.0,98.29,100.0,,,0.0,,,,,,,,,,,,,,,,,,2025-12-01,12,2025,1.310272536687631,,,1.0,,0.0,0.20636792452830188,2,中低档
202512,6901028187855,黄鹤楼(软1916),一类烟,848.0,1000.0,,,,,253.148,,,,848.0,0.008,0.0,848.0,3.0,,0.0,0.0,0.0,,0.0,,,,,,,,,,,,,,,,,,,,,,2025-12-01,12,2025,1.179245283018868,,,,,,0.003537735849056604,5,高档
202512,6901028300063,南京(红),二类烟,114.5,130.0,,,,,0.004,,,,,,,,,,,,,,,,,,,,,,,,,,,,,,,,,,,,2025-12-01,12,2025,1.1353711790393013,,,,,,,5,高档
202512,6901028024976,娇子(X),三类烟,97.0,110.0,0.016,0.008,0.0194,24250.0,344.2,50.0,0.01247,0.004698,97.0,0.008,0.0,848.0,,,0.0,,0.0,,,,,,,,0.01,0.02,50.0,848.0,2.0,19.3,0.24,0.0,0.0,0.0,0.0,0.0,0.0,0.0,0.0,,2025-12-01,12,2025,1.134020618556701,0.24216494845360823,43025.0,-49.0,-0.997037037037037,2.2877358490566037e-05,,4,中高档
202512,6901028042635,娇子(宽窄好运),一类烟,263.0,300.0,0.036,0.036,0.2367,65750.0,279.104,100.0,0.136456,0.073014,263.0,,,848.0,,,0.0,,,,,,,,,,0.04,0.04,100.0,848.0,5.0,20.19,0.59,0.0,0.0,0.0,0.0,0.0,0.0,0.0,0.0,,2025-12-01,12,2025,1.1406844106463878,0.30846641318124207,7752.888888888889,-99.0,-0.625,0.000279127358490566,,5,高档
202512,6901028063371,白沙(硬新精品二代),三类烟,97.0,110.0,,,,,472.592,,,,97.0,,,848.0,,,0.0,,,,,,,,,,,,,,,,,,,,,,,,,,2025-12-01,12,2025,1.134020618556701,,,,,,,4,中高档
202512,6901028188029,黄鹤楼(硬峡谷情细支),一类烟,263.0,300.0,0.008,0.0,0.0,,1200.26,0.0,0.0,0.0,263.0,,,848.0,,,0.0,,,,,,,,,,,,,,,,,,,,,,,,,,2025-12-01,12,2025,1.1406844106463878,,,1.0,,0.0,,5,高档
202512,6901028039758,贵烟(硬黄精品),二类烟,114.5,130.0,0.2,0.2,0.5725,28625.0,36.38,100.0,0.368121,0.138504,114.5,,,848.0,4.0,,0.0,0.0,,,0.0,,,,,,0.2,0.2,100.0,848.0,25.0,1.01,2.95,0.0,0.0,0.0,0.0,0.0,0.0,0.0,0.0,,2025-12-01,12,2025,1.1353711790393013,0.24192838427947597,181.9,-99.0,-0.16666666666666663,0.0006751179245283019,0.0047169811320754715,5,高档
202512,6901028151634,泰山(白将军),二类烟,114.5,130.0,0.872,0.852,2.43885,28625.0,97.5,97.706422,1.567845,0.590484,114.5,,,848.0,,,0.0,,,,,,,,,,0.85,0.87,97.71,848.0,213.0,21.84,25.12,0.0,0.0,0.0,0.0,0.0,0.0,0.0,0.0,28.0,2025-12-01,12,2025,1.1353711790393013,0.24211575127621626,114.43661971830986,-96.706422,0.47916666666666674,0.002876002358490566,,5,高档
202512,6901028179492,红金龙(软蓝九州腾龙),四类烟,38.16,45.0,0.008,0.0,0.0,,0.324,0.0,0.0,0.0,38.16,2.908,2.904,848.0,577.0,364.0,42.92,63.08,99.86,362.0,47.64,99.45,,,0.0,,,,,,,,,,,,,,,,,,2025-12-01,12,2025,1.179245283018868,,,1.0,,0.0,0.6804245283018868,3,中档
202512,6901028143585,七匹狼(蓝钻),二类烟,114.5,130.0,,,,,0.0,,,,114.5,0.008,0.0,848.0,458.0,,0.0,0.0,0.0,,0.0,,,,,,,,,,,,,,,,,,,,,,2025-12-01,12,2025,1.1353711790393013,,,,,,0.5400943396226415,5,高档
202512,6901028936750,好猫(长乐),二类烟,121.9,140.0,0.056,0.056,0.17066,30475.0,146.188,100.0,0.109704,0.041321,121.9,,,848.0,4.0,,0.0,0.0,,,0.0,,,,,,0.06,0.06,100.0,848.0,7.0,1.69,0.83,0.0,0.0,0.0,0.0,0.0,0.0,0.0,0.0,,2025-12-01,12,2025,1.1484823625922886,0.2421246923707957,2610.4999999999995,-99.0,-0.41666666666666663,0.00020125,0.0047169811320754715,5,高档
202512,6901028211352,七匹狼(纯境),二类烟,143.1,160.0,0.008,0.0,0.0,,364.54,0.0,0.0,0.0,143.1,,,848.0,,,0.0,,,,,,,,,,,,,,,,,,,,,,,,,,2025-12-01,12,2025,1.1180992313067786,,,1.0,-1.0,0.0,,5,高档
202512,6901028225113,黄山(金皖烟),一类烟,248.04,280.0,,,,,30.68,,,,,,,,,,,,,,,,,,,,,,,,,,,,,,,,,,,,2025-12-01,12,2025,1.128850185453959,,,,,,,5,高档
202512,6901028062015,苏烟(五星红杉树),一类烟,188.68,220.0,1.352,1.352,6.377384,47170.0,601.544,100.0,3.886677,1.757075,188.68,,,848.0,,,0.0,,,,,,,,,,1.35,1.35,100.0,848.0,172.0,20.06,20.28,0.0,0.0,0.0,0.0,0.0,0.0,0.0,0.0,90.0,2025-12-01,12,2025,1.165995336018656,0.27551657544849106,444.9289940828402,-99.0,0.7883597883597884,0.0075205,,5,高档
202512,6901028227285,天子(金),一类烟,167.48,200.0,0.572,0.548,2.294476,41870.0,1247.444,95.804196,1.474985,0.555492,167.48,0.352,0.344,848.0,287.0,49.0,5.78,17.07,97.73,37.0,15.58,75.51,,,0.0,,0.55,0.57,95.8,848.0,73.0,11.56,8.61,0.0,0.0,0.0,0.0,0.0,0.0,0.0,0.0,1.0,2025-12-01,12,2025,1.1941724385001196,0.24209972124354318,2276.3576642335765,-94.804196,-0.7911585365853658,0.00270575,0.3384433962264151,5,高档
202512,6901028190602,黄鹤楼(软雪之景),二类烟,121.9,140.0,5.528,5.524,16.83439,30475.0,193.124,99.927641,10.821612,4.075974,121.9,,,848.0,,,0.0,,,,,,,,,,5.52,5.53,99.93,848.0,518.0,46.66,61.08,213.0,0.0,0.0,0.0,41.12,0.0,0.0,0.0,7.0,2025-12-01,12,2025,1.1484823625922886,0.24212187076573613,34.96089790007241,-98.927641,2.6534391534391535,0.019851874999999998,,5,高档
202512,8888075056014,555 (金天越),二类烟,119.09,140.0,,,,,3.76,,,,119.09,,,848.0,,,0.0,,,,,,,,,,,,,,,,,,,,,,,,,,2025-12-01,12,2025,1.175581492988496,,,,,,,5,高档
202512,6901028180009,黄鹤楼(软珍品),一类烟,530.0,650.0,0.008,0.0,0.0,,1362.004,0.0,0.0,0.0,530.0,21.904,21.828,848.0,844.0,531.0,62.62,62.91,99.65,497.0,39.67,93.6,,,0.0,,,,,,,,,,,,,,,,,,2025-12-01,12,2025,1.2264150943396226,,,1.0,,0.0,0.9952830188679245,5,高档
202512,6901028178105,黄鹤楼(硬天下胜景),一类烟,212.0,260.0,0.576,0.576,3.0528,53000.0,441.4,100.0,1.86048,0.841104,212.0,,,848.0,,,0.0,,,,,,,,,,0.58,0.58,100.0,848.0,106.0,14.18,12.5,0.0,0.0,0.0,0.0,0.0,0.0,0.0,0.0,71.0,2025-12-01,12,2025,1.2264150943396226,0.2755188679245283,766.3194444444445,-99.0,0.09090909090909083,0.0036,,5,高档
202512,6901028133081,金圣(青瓷中支),一类烟,175.0,200.0,,,,,4.436,,,,175.0,,,848.0,,,0.0,,,,,,,,,,,,,,,,,,,,,,,,,,2025-12-01,12,2025,1.1428571428571428,,,,,,,5,高档
202512,6901028133333,金圣(青瓷细支),一类烟,225.0,260.0,,,,,27.652,,,,225.0,0.992,0.964,848.0,582.0,241.0,28.42,41.41,97.18,241.0,41.41,100.0,,,0.0,,,,,,,,,,,,,,,,,,2025-12-01,12,2025,1.1555555555555554,,,,,,0.6863207547169812,5,高档
202512,6901028218184,黄鹤楼(感恩中支),一类烟,225.0,260.0,,,,,140.292,,,,225.0,0.008,0.0,848.0,35.0,,0.0,0.0,0.0,,0.0,,,,,,,,,,,,,,,,,,,,,,2025-12-01,12,2025,1.1555555555555554,,,,,,0.041273584905660375,5,高档
202512,6901028092838,人民大会堂(硬红细支),二类烟,139.92,160.0,,,,,18.068,,,,,,,,,,,,,,,,,,,,,,,,,,,,,,,,,,,,2025-12-01,12,2025,1.1435105774728418,,,,,,,5,高档
202512,6901028159548,泰山(硬红八喜),三类烟,57.24,65.0,0.008,0.0,0.0,,1131.232,0.0,0.0,0.0,57.24,0.032,0.028,848.0,202.0,7.0,0.83,3.47,87.5,7.0,3.38,100.0,,,0.0,,,,,,,,,,,,,,,,,,2025-12-01,12,2025,1.1355695317959469,,,1.0,-1.0,0.0,0.23820754716981132,3,中档
202512,6901028143448,万宝路(软红2.0),二类烟,143.1,160.0,,,,,5.608,,,,143.1,,,848.0,,,0.0,,,,,,,,,,,,,,,,,,,,,,,,,,2025-12-01,12,2025,1.1180992313067786,,,,,,,5,高档
202512,6901028080521,钻石(细支荷花),一类烟,360.4,420.0,,,,,180.86,,,,360.4,,,848.0,,,0.0,,,,,,,,,,,,,,,,,,,,,,,,,,2025-12-01,12,2025,1.165371809100999,,,,,,,5,高档
202512,6901028084925,长城(醇雅薄荷),一类烟,158.4,180.0,0.2988,0.2952,1.29888,44000.0,325.6704,98.795181,0.78228,0.367157,158.4,,,848.0,4.0,,0.0,0.0,,,0.0,,,,,,0.3,0.3,98.8,848.0,43.0,15.07,5.07,0.0,0.0,0.0,0.0,0.0,0.0,0.0,0.0,2.0,2025-12-01,12,2025,1.1363636363636362,0.2826719943335797,1103.2195121951218,-97.795181,-0.7346278317152104,0.0015316981132075472,0.0047169811320754715,5,高档
202512,6901028141147,七匹狼(蓝),三类烟,71.0,80.0,,,,,1456.924,,,,71.0,0.172,0.172,848.0,137.0,22.0,2.59,16.06,100.0,21.0,20.48,95.45,,,0.0,,,,,,,,,,,,,,,,,,2025-12-01,12,2025,1.1267605633802817,,,,,,0.1615566037735849,4,中高档
202512,6901028162876,黄金叶(喜满堂),三类烟,88.0,100.0,2.884,2.88,6.336,22000.0,188.08,99.861304,4.076444,1.530557,88.0,0.548,0.54,848.0,364.0,71.0,8.37,19.51,98.54,64.0,19.37,90.14,,,0.0,,2.88,2.88,99.86,848.0,361.0,15.07,42.57,0.0,0.0,0.0,0.0,0.0,0.0,0.0,0.0,8.0,2025-12-01,12,2025,1.1363636363636365,0.24156518308080807,65.30555555555556,-98.861304,1.706766917293233,0.007471698113207547,0.42924528301886794,4,中高档
202512,6901028218757,黄鹤楼(硬蓝),一类烟,175.0,200.0,,,,,206.868,,,,175.0,,,848.0,,,0.0,,,,,,,,,,,,,,,,,,,,,,,,,,2025-12-01,12,2025,1.1428571428571428,,,,,,,5,高档
202512,6901028102094,贵烟(红中支),一类烟,263.0,300.0,,,,,23.148,,,,263.0,,,848.0,4.0,,0.0,0.0,,,0.0,,,,,,,,,,,,,,,,,,,,,,2025-12-01,12,2025,1.1406844106463878,,,,,,0.0047169811320754715,5,高档
202512,6901028129725,都宝(天空蓝中支),一类烟,201.4,230.0,,,,,0.0,,,,,,,,,,,,,,,,,,,,,,,,,,,,,,,,,,,,2025-12-01,12,2025,1.1420059582919562,,,,,,,5,高档
202512,6901028100274,长白山(777),二类烟,121.9,150.0,,,,,28.868,,,,,,,,,,,,,,,,,,,,,,,,,,,,,,,,,,,,2025-12-01,12,2025,1.2305168170631664,,,,,,,5,高档
202512,6901028340618,云烟(小熊猫家园),一类烟,158.0,200.0,,,,,0.0448,,,,,,,,,,,,,,,,,,,,,,,,,,,,,,,,,,,,2025-12-01,12,2025,1.2658227848101267,,,,,,,5,高档
202512,6901028165242,黄金叶(爱尚),二类烟,139.92,160.0,0.548,0.54,1.88892,34980.0,140.072,98.540146,1.214325,0.457309,139.92,,,848.0,835.0,,0.0,0.0,,,0.0,,,,,,0.54,0.55,98.54,848.0,71.0,14.75,8.37,0.0,0.0,0.0,0.0,0.0,0.0,0.0,0.0,31.0,2025-12-01,12,2025,1.1435105774728418,0.24210077716367026,259.39259259259256,-97.540146,-0.4155844155844156,0.0022275,0.9846698113207547,5,高档
202512,6901028179348,黄鹤楼(软红),一类烟,227.9,260.0,2.832,2.824,16.08974,56975.0,2084.552,99.717514,9.806568,4.43204,227.9,0.008,0.0,848.0,458.0,,0.0,0.0,0.0,,0.0,,,,,,2.82,2.83,99.72,848.0,353.0,57.94,41.63,97.0,0.0,0.0,0.0,27.48,0.0,0.0,0.0,5.0,2025-12-01,12,2025,1.1408512505484862,0.2754575275921177,738.1558073654392,-98.717514,-0.7313546423135464,0.018973749999999998,0.5400943396226415,5,高档
202512,6901028180580,黄鹤楼(软蓝),一类烟,164.3,190.0,21.904,21.828,89.65851,41075.0,6013.944,99.653031,57.63685,21.707038,164.3,,,848.0,9.0,,0.0,0.0,,,0.0,,,,,,21.83,21.9,99.65,848.0,531.0,67.0,62.62,211.0,0.0,0.0,0.0,39.74,0.0,0.0,0.0,,2025-12-01,12,2025,1.1564211807668898,0.24210794937368466,275.51511819681144,-98.653031,-0.7005597014925373,0.10572937500000001,0.01061320754716981,5,高档
202512,6901028315432,红塔山(硬经典100),三类烟,97.0,110.0,0.008,0.0,0.0,,545.752,0.0,0.0,0.0,97.0,0.004,0.004,848.0,49.0,1.0,0.12,2.04,100.0,1.0,2.0,100.0,,,0.0,,,,,,,,,,,,,,,,,,2025-12-01,12,2025,1.134020618556701,,,1.0,,0.0,0.05778301886792453,4,中高档
202512,6901028179324,黄鹤楼(硬珍品),一类烟,339.2,400.0,0.016,0.0,0.0,,2369.96,0.0,0.0,0.0,339.2,2.832,2.824,848.0,790.0,353.0,41.63,44.68,99.72,350.0,13.73,99.15,,,0.0,,,,,,,,,,,,,,,,,,2025-12-01,12,2025,1.179245283018868,,,1.0,,0.0,0.9316037735849056,5,高档
202512,6901028155557,泰山(颜悦),一类烟,167.48,190.0,0.444,0.444,1.859028,41870.0,321.384,100.0,1.195026,0.450105,167.48,,,848.0,,,0.0,,,,,,,,,,0.44,0.44,100.0,848.0,56.0,12.01,6.6,0.0,0.0,0.0,0.0,0.0,0.0,0.0,0.0,3.0,2025-12-01,12,2025,1.1344638165751135,0.24211846190589922,723.8378378378378,-99.0,-0.36931818181818177,0.0021922499999999998,,5,高档
202512,6901028937535,好猫(金猴王),三类烟,71.0,80.0,,,,,1456.304,,,,71.0,0.14,0.14,848.0,52.0,18.0,2.12,34.62,100.0,17.0,28.93,94.44,,,0.0,,,,,,,,,,,,,,,,,,2025-12-01,12,2025,1.1267605633802817,,,,,,0.06132075471698113,4,中高档
202512,6901028053440,玉溪(高配版),一类烟,201.4,250.0,,,,,0.02,,,,,,,,,,,,,,,,,,,,,,,,,,,,,,,,,,,,2025-12-01,12,2025,1.2413108242303872,,,,,,,5,高档
202512,6901028218603,黄鹤楼(硬1916如意),一类烟,763.2,900.0,0.008,0.0,0.0,,704.208,0.0,0.0,0.0,763.2,0.008,0.0,848.0,,,0.0,,0.0,,,,,,,,,,,,,,,,,,,,,,,,2025-12-01,12,2025,1.1792452830188678,,,1.0,,0.0,,5,高档
202512,6901028012003,真龙(凌云),二类烟,121.9,150.0,,,,,127.18,,,,121.9,,,848.0,835.0,,0.0,0.0,,,0.0,,,,,,,,,,,,,,,,,,,,,,2025-12-01,12,2025,1.2305168170631664,,,,,,0.9846698113207547,5,高档
202512,6901028119009,利群(西子阳光),一类烟,275.6,310.0,0.016,0.016,0.11024,68900.0,44.34,100.0,0.063504,0.034054,275.6,,,848.0,1.0,,0.0,0.0,,,0.0,,,,,,0.02,0.02,100.0,848.0,2.0,0.24,0.24,0.0,0.0,0.0,0.0,0.0,0.0,0.0,0.0,2.0,2025-12-01,12,2025,1.1248185776487662,0.30890783744557326,2771.25,-99.0,,0.00013000000000000002,0.0011792452830188679,5,高档
202512,6901028045919,云烟(软珍品),一类烟,206.7,230.0,0.572,0.568,2.93514,51675.0,839.34,99.300699,1.789197,0.808267,206.7,1.752,1.74,848.0,799.0,288.0,33.96,36.05,99.32,287.0,25.12,99.65,,,0.0,,0.57,0.57,99.3,848.0,75.0,14.22,8.84,0.0,0.0,0.0,0.0,0.0,0.0,0.0,0.0,75.0,2025-12-01,12,2025,1.1127237542331883,0.2753759616236363,1477.711267605634,-98.300699,1.1846153846153844,0.00346125,0.9422169811320755,5,高档
202512,6901028057080,双喜(硬晶彩好日子),一类烟,158.0,180.0,,,,,103.36,,,,158.0,0.016,0.0,848.0,4.0,,0.0,0.0,0.0,,0.0,,,,,,,,,,,,,,,,,,,,,,2025-12-01,12,2025,1.139240506329114,,,,,,0.0047169811320754715,5,高档
202512,6901028189989,黄鹤楼(硬嘉禧缘),一类烟,167.48,200.0,,,,,40.948,,,,,,,,,,,,,,,,,,,,,,,,,,,,,,,,,,,,2025-12-01,12,2025,1.1941724385001196,,,,,,,5,高档
202512,6901028178648,黄鹤楼(珍品细支),一类烟,381.6,450.0,0.004,0.0,0.0,,194.244,0.0,0.0,0.0,381.6,0.016,0.0,848.0,69.0,,0.0,0.0,0.0,,0.0,,,,,,,,,,,,,,,,,,,,,,2025-12-01,12,2025,1.1792452830188678,,,1.0,,0.0,0.08136792452830188,5,高档
202512,6901028216166,利群(软蓝),一类烟,159.0,180.0,0.56,0.56,2.226,39750.0,345.956,100.0,1.431128,0.538812,159.0,,,848.0,,,0.0,,,,,,,,,,0.56,0.56,100.0,848.0,71.0,8.38,8.37,0.0,0.0,0.0,0.0,0.0,0.0,0.0,0.0,2.0,2025-12-01,12,2025,1.1320754716981132,0.24205390835579513,617.7785714285714,-99.0,-0.531772575250836,0.002625,,5,高档
202512,6901028188081,黄鹤楼(硬银紫),二类烟,114.5,130.0,,,,,90.884,,,,114.5,,,848.0,9.0,,0.0,0.0,,,0.0,,,,,,,,,,,,,,,,,,,,,,2025-12-01,12,2025,1.1353711790393013,,,,,,0.01061320754716981,5,高档
202512,6901028084321,娇子(软阳光),三类烟,88.0,100.0,6.924,6.892,15.1624,22000.0,344.756,99.537839,9.747501,3.67053,88.0,1.492,1.476,848.0,577.0,107.0,12.62,18.54,98.93,81.0,17.97,75.7,,,0.0,,6.89,6.92,99.54,848.0,542.0,67.0,63.92,233.0,0.0,0.0,0.0,42.99,0.0,0.0,0.0,16.0,2025-12-01,12,2025,1.1363636363636365,0.2420810689600591,50.02263493905977,-98.537839,4.8209459459459465,0.017880188679245283,0.6804245283018868,4,中高档
202512,6901028118187,利群(新版),二类烟,143.1,160.0,2.904,2.896,10.36044,35775.0,1024.716,99.724518,6.660935,2.507439,143.1,0.056,0.056,848.0,104.0,7.0,0.83,6.73,100.0,7.0,12.39,100.0,,,0.0,,2.9,2.9,99.72,848.0,362.0,33.08,42.69,0.0,0.0,0.0,0.0,0.0,0.0,0.0,0.0,,2025-12-01,12,2025,1.1180992313067786,0.24202051264232022,353.83839779005524,-98.724518,-0.6947723440134908,0.012217500000000001,0.12264150943396226,5,高档
202512,6901028184250,黄鹤楼(硬1916),一类烟,848.0,1000.0,0.008,0.0,0.0,,0.004,0.0,0.0,0.0,848.0,0.008,0.0,848.0,,,0.0,,0.0,,,,,,,,,,,,,,,,,,,,,,,,2025-12-01,12,2025,1.179245283018868,,,1.0,,0.0,,5,高档
202512,6901028339957,云烟(细支云龙),二类烟,129.3,150.0,2.544,2.512,8.12004,32325.0,2480.708,98.742138,5.219967,1.96592,129.3,0.008,0.0,848.0,,,0.0,,0.0,,,,,,,,2.51,2.54,98.74,848.0,172.0,33.52,20.28,0.0,0.0,0.0,0.0,0.0,0.0,0.0,0.0,1.0,2025-12-01,12,2025,1.160092807424594,0.242107181738021,987.5429936305733,-97.742138,-0.7825484764542936,0.009575518867924527,,5,高档
202512,6901028124058,黄山(黑马细支),一类烟,225.0,260.0,0.272,0.272,1.53,56250.0,258.952,100.0,0.932484,0.421501,225.0,,,848.0,,,0.0,,,,,,,,,,0.27,0.27,100.0,848.0,37.0,20.06,4.36,0.0,0.0,0.0,0.0,0.0,0.0,0.0,0.0,20.0,2025-12-01,12,2025,1.1555555555555554,0.27549084967320264,952.0294117647059,-99.0,1.5185185185185186,0.001804245283018868,,5,高档
202512,6901028177771,大青山(昭君和亲),二类烟,129.3,150.0,,,,,0.0,,,,,,,,,,,,,,,,,,,,,,,,,,,,,,,,,,,,2025-12-01,12,2025,1.160092807424594,,,,,,,5,高档
202512,6901028204835,芙蓉王(硬中支),一类烟,263.0,300.0,,,,,174.268,,,,263.0,,,848.0,,,0.0,,,,,,,,,,,,,,,,,,,,,,,,,,2025-12-01,12,2025,1.1406844106463878,,,,,,,5,高档
202512,6901028224079,金圣(滕王阁·紫光),二类烟,129.3,150.0,1.064,1.056,3.41352,32325.0,456.724,99.24812,2.194376,0.826441,129.3,1.096,1.084,848.0,405.0,137.0,16.16,33.83,98.91,134.0,32.0,97.81,,,0.0,,1.06,1.06,99.25,848.0,135.0,33.52,15.92,0.0,0.0,0.0,0.0,0.0,0.0,0.0,0.0,6.0,2025-12-01,12,2025,1.160092807424594,0.24210814642949213,432.5037878787879,-98.24812,0.011494252873563315,0.004025377358490566,0.47759433962264153,5,高档
202512,6901028942881,双喜(硬精品好日子),三类烟,93.28,110.0,0.016,0.0,0.0,,6.196,0.0,0.0,0.0,93.28,1.668,1.54,848.0,835.0,59.0,6.96,7.07,92.33,30.0,4.61,50.85,,,0.0,,,,,,,,,,,,,,,,,,2025-12-01,12,2025,1.179245283018868,,,1.0,,0.0,0.9846698113207547,4,中高档
202512,6901028111270,南京(炫赫门),二类烟,155.0,180.0,2.416,2.408,9.331,38750.0,47.304,99.668874,5.998431,2.259196,155.0,,,848.0,,,0.0,,,,,,,,,,2.41,2.42,99.67,848.0,295.0,31.51,34.79,0.0,0.0,0.0,0.0,0.0,0.0,0.0,0.0,4.0,2025-12-01,12,2025,1.1612903225806452,0.24211724359661346,19.644518272425252,-98.668874,-0.2816229116945107,0.011003537735849056,,5,高档
202512,6901028177214,冬虫夏草(和润),一类烟,424.0,500.0,,,,,110.076,,,,424.0,,,848.0,,,0.0,,,,,,,,,,,,,,,,,,,,,,,,,,2025-12-01,12,2025,1.179245283018868,,,,,,,5,高档
202512,6901028051989,云烟(软大重九),一类烟,720.8,980.0,,,,,77.256,,,,720.8,,,848.0,,,0.0,,,,,,,,,,,,,,,,,,,,,,,,,,2025-12-01,12,2025,1.3596004439511655,,,,,,,5,高档
202512,6901028114455,苏烟(软金砂),一类烟,381.6,450.0,,,,,0.0,,,,381.6,,,848.0,,,0.0,,,,,,,,,,,,,,,,,,,,,,,,,,2025-12-01,12,2025,1.1792452830188678,,,,,,,5,高档
202512,6901028242066,黄鹤楼(硬峡谷情),一类烟,339.2,400.0,,,,,180.22,,,,339.2,,,848.0,,,0.0,,,,,,,,,,,,,,,,,,,,,,,,,,2025-12-01,12,2025,1.179245283018868,,,,,,,5,高档
202512,6901028252959,黄金叶(大成),一类烟,263.0,300.0,0.1,0.1,0.6575,65750.0,187.14,100.0,0.37875,0.203111,263.0,0.004,0.0,848.0,,,0.0,,0.0,,,,,,,,0.1,0.1,100.0,848.0,14.0,1.73,1.65,0.0,0.0,0.0,0.0,0.0,0.0,0.0,0.0,11.0,2025-12-01,12,2025,1.1406844106463878,0.30891406844106467,1871.3999999999999,-99.0,0.5625,0.0007753537735849057,,5,高档
202512,6901028058148,好猫(细支长乐),二类烟,139.92,160.0,,,,,157.524,,,,139.92,,,848.0,,,0.0,,,,,,,,,,,,,,,,,,,,,,,,,,2025-12-01,12,2025,1.1435105774728418,,,,,,,5,高档
202512,4891132530116,红双喜(南洋经典),三类烟,67.95,80.0,0.008,0.0,0.0,,2.792,0.0,0.0,0.0,67.95,,,848.0,4.0,,0.0,0.0,,,0.0,,,,,,,,,,,,,,,,,,,,,,2025-12-01,12,2025,1.177336276674025,,,1.0,-1.0,0.0,0.0047169811320754715,4,中高档
202512,6901028025645,娇子(时代阳光),三类烟,71.0,80.0,0.008,0.0,0.0,,417.972,0.0,0.0,0.0,71.0,0.036,0.036,848.0,471.0,5.0,0.59,1.06,100.0,4.0,1.65,80.0,,,0.0,,,,,,,,,,,,,,,,,,2025-12-01,12,2025,1.1267605633802817,,,1.0,,0.0,0.5554245283018868,4,中高档
202512,6901028936996,好猫(招财猫1600),一类烟,158.0,180.0,,,,,47.368,,,,158.0,,,848.0,4.0,,0.0,0.0,,,0.0,,,,,,,,,,,,,,,,,,,,,,2025-12-01,12,2025,1.139240506329114,,,,,,0.0047169811320754715,5,高档
202512,6901028046893,云烟(紫),二类烟,114.5,130.0,1.752,1.74,4.98075,28625.0,675.2,99.315068,3.201625,1.206083,114.5,,,848.0,,,0.0,,,,,,,,,,1.74,1.75,99.32,848.0,288.0,45.45,33.96,0.0,0.0,0.0,0.0,0.0,0.0,0.0,0.0,10.0,2025-12-01,12,2025,1.1353711790393013,0.24214887316167247,388.0459770114943,-98.315068,inf,0.005873525943396226,,5,高档
202512,6901028084772,娇子(格调细支),二类烟,129.3,150.0,1.492,1.476,4.77117,32325.0,513.152,98.927614,3.067165,1.155114,129.3,0.056,0.056,848.0,56.0,7.0,0.83,12.5,100.0,7.0,15.91,100.0,,,0.0,,1.48,1.49,98.93,848.0,107.0,33.52,12.62,0.0,0.0,0.0,0.0,0.0,0.0,0.0,0.0,3.0,2025-12-01,12,2025,1.160092807424594,0.242102880425556,347.66395663956644,-97.927614,-0.6136125654450262,0.0056263797169811315,0.0660377358490566,5,高档
202512,6901028241410,黄鹤楼(视窗),一类烟,300.0,350.0,,,,,299.14,,,,300.0,,,848.0,,,0.0,,,,,,,,,,,,,,,,,,,,,,,,,,2025-12-01,12,2025,1.1666666666666667,,,,,,,5,高档
202512,6901028225175,黄山(新制皖烟),二类烟,121.9,140.0,2.088,2.076,6.32661,30475.0,273.116,99.425287,4.067386,1.531329,121.9,,,848.0,,,0.0,,,,,,,,,,2.08,2.09,99.43,848.0,262.0,33.52,30.9,0.0,0.0,0.0,0.0,0.0,0.0,0.0,0.0,4.0,2025-12-01,12,2025,1.1484823625922886,0.2420457401357125,131.55876685934487,-98.425287,-0.5897233201581027,0.007460624999999999,,5,高档
202512,6901028181457,黄鹤楼(硬峡谷柔情),一类烟,263.0,300.0,0.008,0.0,0.0,,1028.664,0.0,0.0,0.0,263.0,0.008,0.0,848.0,,,0.0,,0.0,,,,,,,,,,,,,,,,,,,,,,,,2025-12-01,12,2025,1.1406844106463878,,,1.0,,0.0,,5,高档
202512,6901028095891,黄果树(长征),三类烟,61.5,70.0,0.016,0.0,0.0,,129.652,0.0,0.0,0.0,61.5,0.2,0.2,848.0,25.0,25.0,2.95,100.0,100.0,25.0,100.0,100.0,,,0.0,,,,,,,,,,,,,,,,,,2025-12-01,12,2025,1.1382113821138211,,,1.0,,0.0,0.0294811320754717,3,中档
202512,6901028187343,黄鹤楼(硬8度),一类烟,158.0,180.0,,,,,115.476,,,,158.0,,,848.0,,,0.0,,,,,,,,,,,,,,,,,,,,,,,,,,2025-12-01,12,2025,1.139240506329114,,,,,,,5,高档
202512,6901028180603,红金龙(硬神州腾龙),三类烟,57.24,65.0,2.908,2.904,4.155624,14310.0,2610.832,99.862448,2.671807,1.005745,57.24,0.008,0.0,848.0,,,0.0,,0.0,,,,,,,,2.9,2.91,99.86,848.0,364.0,33.52,42.92,0.0,0.0,0.0,0.0,0.0,0.0,0.0,0.0,,2025-12-01,12,2025,1.1355695317959469,0.24202021164571189,899.0468319559228,-98.862448,-0.9013184722033437,0.0049005,,3,中档
202512,6901028042963,娇子(五粮醇香),一类烟,201.4,230.0,0.004,0.0,0.0,,301.792,0.0,0.0,0.0,201.4,6.924,6.892,848.0,844.0,542.0,63.92,64.22,99.54,539.0,33.29,99.45,,,0.0,,,,,,,,,,,,,,,,,,2025-12-01,12,2025,1.1420059582919562,,,1.0,,0.0,0.9952830188679245,5,高档
202512,6901028165860,黄金叶(天叶细支),一类烟,848.0,1000.0,0.04,0.04,0.848,212000.0,42.056,100.0,0.488511,0.261929,848.0,,,848.0,,,0.0,,,,,,,,,,0.04,0.04,100.0,848.0,5.0,1.73,0.59,0.0,0.0,0.0,0.0,0.0,0.0,0.0,0.0,5.0,2025-12-01,12,2025,1.179245283018868,0.3088785377358491,1051.3999999999999,-99.0,-0.2857142857142857,0.001,,5,高档
202512,6901028172509,黄金叶(商鼎),一类烟,175.0,200.0,0.944,0.944,4.13,43750.0,680.172,100.0,2.516973,1.137846,175.0,,,848.0,835.0,,0.0,0.0,,,0.0,,,,,,0.94,0.94,100.0,848.0,123.0,33.52,14.5,0.0,0.0,0.0,0.0,0.0,0.0,0.0,0.0,10.0,2025-12-01,12,2025,1.1428571428571428,0.27550750605326874,720.521186440678,-99.0,-0.43942992874109266,0.004870283018867924,0.9846698113207547,5,高档
202512,6901028136686,金圣(硬滕王阁),三类烟,97.0,110.0,0.992,0.964,2.3377,24250.0,205.108,97.177419,1.503246,0.565498,97.0,3.568,3.56,848.0,374.0,327.0,38.56,87.43,99.78,322.0,87.6,98.47,,,0.0,,0.96,0.99,97.18,848.0,241.0,23.45,28.42,0.0,0.0,0.0,0.0,0.0,0.0,0.0,0.0,,2025-12-01,12,2025,1.134020618556701,0.24190358044231508,212.76763485477179,-96.177419,inf,0.0027567216981132076,0.4410377358490566,4,中高档
202512,6901028112505,南京(大观园爆冰),一类烟,263.0,300.0,0.008,0.0,0.0,,171.244,0.0,0.0,0.0,263.0,,,848.0,,,0.0,,,,,,,,,,,,,,,,,,,,,,,,,,2025-12-01,12,2025,1.1406844106463878,,,1.0,-1.0,0.0,,5,高档
202512,6901028193504,芙蓉王(硬),一类烟,218.36,250.0,,,,,2826.42,,,,218.36,,,848.0,,,0.0,,,,,,,,,,,,,,,,,,,,,,,,,,2025-12-01,12,2025,1.1448983330280271,,,,,,,5,高档
202512,6901028154628,泰山(儒风细支),一类烟,263.0,300.0,,,,,16.776,,,,263.0,0.444,0.444,848.0,233.0,56.0,6.6,24.03,100.0,55.0,27.61,98.21,,,0.0,,,,,,,,,,,,,,,,,,2025-12-01,12,2025,1.1406844106463878,,,,,,0.27476415094339623,5,高档
202512,6901028009805,双喜(百年经典),一类烟,175.0,200.0,0.164,0.16,0.7,43750.0,248.624,97.560976,0.426612,0.19285,175.0,,,848.0,16.0,,0.0,0.0,,,0.0,,,,,,0.16,0.16,97.56,848.0,22.0,33.52,2.59,0.0,0.0,0.0,0.0,0.0,0.0,0.0,0.0,2.0,2025-12-01,12,2025,1.1428571428571428,0.2755,1553.8999999999999,-96.560976,-0.8275862068965517,0.0008254716981132075,0.018867924528301886,5,高档
202512,6901028219839,黄鹤楼(硬祝福),一类烟,167.48,200.0,,,,,0.0,,,,,,,,,,,,,,,,,,,,,,,,,,,,,,,,,,,,2025-12-01,12,2025,1.1941724385001196,,,,,,,5,高档
202512,6901028080224,钻石(硬特醇),四类烟,44.5,50.0,1.02,0.988,1.09915,11125.0,1109.936,96.862745,0.73418,0.238506,44.5,,,848.0,,,0.0,,,,,,,,,,0.99,1.02,96.86,848.0,247.0,21.84,29.13,0.0,0.0,0.0,0.0,0.0,0.0,0.0,0.0,1.0,2025-12-01,12,2025,1.1235955056179776,0.2169913114679525,1123.4170040485828,-95.862745,inf,0.0012961674528301887,,3,中档
202512,6901028184304,黄鹤楼(硬平安),一类烟,720.8,1000.0,0.008,0.0,0.0,,417.196,0.0,0.0,0.0,720.8,21.312,21.216,848.0,844.0,532.0,62.74,63.03,99.55,496.0,39.84,93.23,,,0.0,,,,,,,,,,,,,,,,,,2025-12-01,12,2025,1.3873473917869035,,,1.0,,0.0,0.9952830188679245,5,高档
202512,8888075024037,555(冰炫),一类烟,216.05,240.0,,,,,4.268,,,,216.05,,,848.0,4.0,,0.0,0.0,,,0.0,,,,,,,,,,,,,,,,,,,,,,2025-12-01,12,2025,1.11085396898866,,,,,,0.0047169811320754715,5,高档
202512,6901028150378,泰山(望岳),一类烟,167.48,190.0,,,,,137.08,,,,167.48,0.872,0.852,848.0,542.0,213.0,25.12,39.3,97.71,213.0,39.3,100.0,,,0.0,,,,,,,,,,,,,,,,,,2025-12-01,12,2025,1.1344638165751135,,,,,,0.6391509433962265,5,高档
202512,6901028160285,黄金叶(乐途),二类烟,121.9,140.0,,,,,837.172,,,,121.9,,,848.0,835.0,,0.0,0.0,,,0.0,,,,,,,,,,,,,,,,,,,,,,2025-12-01,12,2025,1.1484823625922886,,,,,,0.9846698113207547,5,高档
202512,6901028324830,红塔山(细支传奇),二类烟,155.0,180.0,0.004,0.004,0.0155,38750.0,,,,,155.0,,,848.0,,,0.0,,,,,,,,,,0.0,0.0,100.0,848.0,1.0,2.01,0.12,0.0,0.0,0.0,0.0,0.0,0.0,0.0,0.0,,2025-12-01,12,2025,1.1612903225806452,,,,,1.8278301886792454e-05,,5,高档
202601,6901028077910,钻石(软荷花),一类烟,339.2,400.0,0.476,0.464,3.93472,84800.0,136.224,97.478992,2.266664,1.21542,339.2,7.232,7.116,845.0,593.0,579.0,68.52,97.64,98.4,579.0,97.59,100.0,,,0.0,,0.46,0.48,97.48,845.0,47.0,3.03,5.56,45.0,14.0,2.0,0.0,95.74,29.79,4.26,0.0,11.0,2026-01-01,1,2026,1.179245283018868,0.3088961857514639,293.5862068965517,-96.478992,,0.004656473372781065,0.7017751479289941,5,高档
202601,6901028138536,七匹狼(软灰),一类烟,185.5,210.0,0.252,0.252,1.16865,46375.0,280.192,100.0,0.712251,0.321957,185.5,19.368,19.268,845.0,843.0,817.0,96.69,96.92,99.48,817.0,94.38,100.0,,,0.0,,0.25,0.25,100.0,845.0,47.0,2.13,5.56,12.0,2.0,0.0,0.0,25.53,4.26,0.0,0.0,43.0,2026-01-01,1,2026,1.1320754716981132,0.2754948016942626,1111.873015873016,-99.0,,0.0013830177514792899,0.9976331360946745,5,高档
202601,6901028051989,云烟(软大重九),一类烟,720.8,980.0,0.008,0.008,0.14416,180200.0,120.1,100.0,0.083101,0.044475,720.8,,,845.0,,,,,,,,,,,,,0.01,0.01,100.0,845.0,2.0,0.05,0.24,0.0,0.0,0.0,0.0,0.0,0.0,0.0,0.0,,2026-01-01,1,2026,1.3596004439511655,0.30851137624861263,15012.499999999998,-99.0,,0.000170603550295858,,5,高档
202601,6901028104241,哈尔滨(老巴夺),三类烟,97.0,110.0,0.012,0.0,0.0,,0.0,0.0,0.0,0.0,97.0,1.728,1.708,845.0,842.0,183.0,21.66,21.73,98.84,173.0,12.99,94.54,,,0.0,,,,,,,,,,,,,,,,,,2026-01-01,1,2026,1.134020618556701,,,1.0,,0.0,0.9964497041420118,4,中高档
202601,6901028179348,黄鹤楼(软红),一类烟,227.9,260.0,77.076,76.56,436.2006,56975.0,8895.82,99.330531,265.835873,120.182258,227.9,12.964,12.864,845.0,546.0,635.0,75.15,116.3,99.23,631.0,100.63,99.37,,,0.0,,76.56,77.08,99.33,845.0,736.0,96.1,87.1,653.0,582.0,489.0,388.0,88.72,79.08,66.44,52.72,18.0,2026-01-01,1,2026,1.1408512505484862,0.27552061597347643,116.1940961337513,-98.330531,26.11048158640227,0.5162137278106509,0.6461538461538462,5,高档
202601,6901028178648,黄鹤楼(珍品细支),一类烟,381.6,450.0,0.34,0.324,3.09096,95400.0,261.192,95.294118,1.780644,0.954726,381.6,81.804,81.336,845.0,845.0,840.0,99.41,99.41,99.43,839.0,98.68,99.88,,,0.0,,0.32,0.34,95.29,845.0,61.0,1.72,7.22,0.0,0.0,0.0,0.0,0.0,0.0,0.0,0.0,61.0,2026-01-01,1,2026,1.1792452830188678,0.30887685379299634,806.1481481481482,-94.294118,inf,0.003657940828402367,1.0,5,高档
202601,6901028180634,红金龙(软虹之彩),五类烟,19.08,25.0,0.02,0.0,0.0,,0.0,0.0,0.0,0.0,19.08,0.336,0.264,845.0,63.0,62.0,7.34,98.41,78.57,62.0,98.51,100.0,,,0.0,,,,,,,,,,,,,,,,,,2026-01-01,1,2026,1.310272536687631,,,1.0,,0.0,0.07455621301775148,2,中低档
202601,6901028227438,龙凤呈祥(软魅力朝天门),三类烟,97.0,110.0,0.008,0.0,0.0,,218.124,0.0,0.0,0.0,97.0,0.42,0.416,845.0,198.0,83.0,9.82,41.92,99.05,83.0,41.77,100.0,,,0.0,,,,,,,,,,,,,,,,,,2026-01-01,1,2026,1.134020618556701,,,1.0,,0.0,0.23431952662721894,4,中高档
202601,6901028160285,黄金叶(乐途),二类烟,121.9,140.0,3.94,3.896,11.87306,30475.0,840.24,98.883249,7.632676,2.874834,121.9,,,845.0,,,,,,,,,,,,,3.9,3.94,98.88,845.0,534.0,36.58,63.2,344.0,73.0,21.0,0.0,64.42,13.67,3.93,0.0,139.0,2026-01-01,1,2026,1.1484823625922886,0.24213084074366673,215.66735112936345,-97.883249,,0.014050958579881657,,5,高档
202601,6901028120708,利群(软长嘴),一类烟,318.0,360.0,1.336,1.312,10.4304,79500.0,331.628,98.203593,6.009749,3.220779,318.0,,,845.0,,,,,,,,,,,,,1.31,1.34,98.2,845.0,154.0,9.09,18.22,63.0,26.0,18.0,15.0,40.91,16.88,11.69,9.74,136.0,2026-01-01,1,2026,1.1320754716981132,0.3087876783248964,252.765243902439,-97.203593,,0.012343668639053255,,5,高档
202601,6901028126007,黄山(新一品),三类烟,71.0,80.0,0.008,0.0,0.0,,260.472,0.0,0.0,0.0,71.0,10.228,10.156,845.0,833.0,677.0,80.12,81.27,99.3,672.0,97.8,99.26,,,0.0,,,,,,,,,,,,,,,,,,2026-01-01,1,2026,1.1267605633802817,,,1.0,,0.0,0.9857988165680474,4,中高档
202601,6901028011785,真龙(起源),一类烟,212.0,250.0,0.42,0.416,2.2048,53000.0,186.256,99.047619,1.343725,0.607419,212.0,,,845.0,,,,,,,,,,,,,0.42,0.42,99.05,845.0,83.0,6.8,9.82,19.0,2.0,0.0,0.0,22.89,2.41,0.0,0.0,50.0,2026-01-01,1,2026,1.179245283018868,0.27549845791001454,447.7307692307692,-98.047619,,0.0026092307692307695,,5,高档
202601,6901028182560,红金龙(硬红龙),三类烟,47.7,55.0,23.912,23.772,28.34811,11925.0,102.48,99.41452,18.221239,6.865037,47.7,11.884,11.744,845.0,833.0,833.0,98.58,100.0,98.82,833.0,116.14,100.0,,,0.0,,23.77,23.91,99.41,845.0,843.0,66.99,99.76,810.0,786.0,0.0,0.0,96.09,93.24,0.0,0.0,2.0,2026-01-01,1,2026,1.1530398322851152,0.2421691252079945,4.310954063604241,-98.41452,7.453769559032716,0.03354805917159763,0.9857988165680474,3,中档
202601,6901028229074,天子(中支),一类烟,201.4,230.0,4.252,4.216,21.22756,50350.0,439.82,99.15334,12.936797,5.848645,201.4,0.076,0.076,845.0,15.0,15.0,1.78,100.0,100.0,15.0,100.0,100.0,,,0.0,,4.22,4.25,99.15,845.0,338.0,86.02,40.0,231.0,160.0,107.0,33.0,68.34,47.34,31.66,9.76,103.0,2026-01-01,1,2026,1.1420059582919562,0.2755213034376066,104.32163187855787,-98.15334,11.255813953488374,0.02512137278106509,0.01775147928994083,5,高档
202601,6901028001625,双喜(硬经典1906),二类烟,150.52,170.0,2.648,2.62,9.85906,37630.0,1256.032,98.942598,6.337818,2.38694,150.52,1.884,1.876,845.0,580.0,371.0,43.91,63.97,99.58,371.0,63.9,100.0,,,0.0,,2.62,2.65,98.94,845.0,284.0,33.42,33.61,119.0,6.0,0.0,0.0,41.9,2.11,0.0,0.0,37.0,2026-01-01,1,2026,1.1294180175391975,0.24210624542299167,479.4015267175572,-97.942598,4.848214285714286,0.011667526627218934,0.6863905325443787,5,高档
202601,6901028125970,黄山(徽商新概念细支),一类烟,339.2,400.0,0.18,0.164,1.39072,84800.0,380.076,91.111111,0.801152,0.429586,339.2,0.008,0.0,845.0,,,0.0,,0.0,,,,,,,,0.16,0.18,91.11,845.0,13.0,1.64,1.54,12.0,9.0,7.0,0.0,92.31,69.23,53.85,0.0,2.0,2026-01-01,1,2026,1.179245283018868,0.30889467326277037,2317.5365853658536,-90.111111,1.5625,0.0016458224852071005,,5,高档
202601,6901028143554,七匹狼(锋芒),一类烟,158.0,180.0,4.964,4.888,19.3076,39500.0,568.324,98.468977,12.41189,4.674536,158.0,,,845.0,,,,,,,,,,,,,4.89,4.96,98.47,845.0,357.0,64.48,42.25,206.0,120.0,72.0,45.0,57.7,33.61,20.17,12.61,115.0,2026-01-01,1,2026,1.139240506329114,0.2421085997223891,116.26923076923076,-97.468977,27.41860465116279,0.02284923076923077,,5,高档
202601,6901028121736,利群(楼外楼),一类烟,175.0,200.0,,,,,85.708,,,,175.0,1.32,1.312,845.0,261.0,183.0,21.66,70.11,99.39,183.0,75.58,100.0,,,0.0,,,,,,,,,,,,,,,,,,2026-01-01,1,2026,1.1428571428571428,,,,,,0.3088757396449704,5,高档
202601,6901028112505,南京(大观园爆冰),一类烟,263.0,300.0,0.132,0.116,0.7627,65750.0,141.504,87.878788,0.439861,0.235085,263.0,0.008,0.008,845.0,2.0,2.0,0.24,100.0,100.0,2.0,100.0,100.0,,,0.0,,0.12,0.13,87.88,845.0,15.0,0.82,1.78,14.0,0.0,0.0,0.0,93.33,0.0,0.0,0.0,6.0,2026-01-01,1,2026,1.1406844106463878,0.30822735020322534,1219.8620689655172,-86.878788,inf,0.000902603550295858,0.002366863905325444,5,高档
202601,6901028095891,黄果树(长征),三类烟,61.5,70.0,0.008,0.0,0.0,,38.992,0.0,0.0,0.0,61.5,,,845.0,,,,,,,,,,,,,,,,,,,,,,,,,,,,,2026-01-01,1,2026,1.1382113821138211,,,1.0,,0.0,,3,中档
202601,6901028107150,钻石(双中支荷花),一类烟,381.6,450.0,,,,,7.204,,,,381.6,,,845.0,,,,,,,,,,,,,,,,,,,,,,,,,,,,,2026-01-01,1,2026,1.1792452830188678,,,,,,,5,高档
202601,6901028314459,玉溪(硬和谐),一类烟,339.2,400.0,,,,,0.012,,,,339.2,8.224,8.192,845.0,845.0,443.0,52.43,52.43,99.61,431.0,34.58,97.29,,,0.0,,,,,,,,,,,,,,,,,,2026-01-01,1,2026,1.179245283018868,,,,,,1.0,5,高档
202601,6901028118828,利群(长嘴),一类烟,190.8,220.0,2.012,1.968,9.38736,47700.0,383.888,97.813121,5.721103,2.586317,190.8,0.096,0.08,845.0,15.0,10.0,1.18,66.67,83.33,10.0,66.67,100.0,,,0.0,,1.97,2.01,97.81,845.0,296.0,15.75,35.03,172.0,24.0,0.0,0.0,58.11,8.11,0.0,0.0,243.0,2026-01-01,1,2026,1.1530398322851152,0.27551058018441826,195.0650406504065,-96.813121,34.14285714285714,0.011109301775147929,0.01775147928994083,5,高档
202601,6901028179270,红金龙(软精品),三类烟,90.1,110.0,96.948,96.324,216.96981,22525.0,4249.532,99.356356,139.47716,52.531746,90.1,0.012,0.0,845.0,,,0.0,,0.0,,,,,,,,96.32,96.95,99.36,845.0,845.0,98.74,100.0,843.0,804.0,798.0,659.0,99.76,95.15,94.44,77.99,1.0,2026-01-01,1,2026,1.2208657047724751,0.24211546297616243,44.11706324488186,-98.356356,24.295168067226893,0.25676900591715973,,4,中高档
202601,6901028100274,长白山(777),二类烟,121.9,150.0,,,,,54.52,,,,,,,,,,,,,,,,,,,,,,,,,,,,,,,,,,,,2026-01-01,1,2026,1.2305168170631664,,,,,,,5,高档
202601,6901028111546,南京(雨花石),一类烟,455.8,530.0,0.204,0.196,2.23342,113950.0,98.124,96.078431,1.286595,0.689871,455.8,0.132,0.116,845.0,15.0,15.0,1.78,100.0,87.88,15.0,96.67,100.0,,,0.0,,0.2,0.2,96.08,845.0,15.0,1.28,1.78,15.0,15.0,2.0,0.0,100.0,100.0,13.33,0.0,15.0,2026-01-01,1,2026,1.1627906976744187,0.3088854760860026,500.63265306122446,-95.078431,,0.0026431005917159764,0.01775147928994083,5,高档
202601,6901028169967,黄金叶(天叶),一类烟,678.4,1000.0,,,,,145.22,,,,678.4,9.492,9.46,845.0,845.0,485.0,57.4,57.4,99.66,481.0,42.13,99.18,,,0.0,,,,,,,,,,,,,,,,,,2026-01-01,1,2026,1.474056603773585,,,,,,1.0,5,高档
202601,6901028204835,芙蓉王(硬中支),一类烟,263.0,300.0,,,,,100.456,,,,263.0,0.248,0.248,845.0,47.0,47.0,5.56,100.0,100.0,47.0,100.0,100.0,,,0.0,,,,,,,,,,,,,,,,,,2026-01-01,1,2026,1.1406844106463878,,,,,,0.05562130177514793,5,高档
202601,6901028111270,南京(炫赫门),二类烟,155.0,180.0,12.06,11.896,46.097,38750.0,358.408,98.640133,29.633043,11.160919,155.0,0.204,0.196,845.0,15.0,15.0,1.78,100.0,96.08,15.0,100.0,100.0,,,0.0,,11.9,12.06,98.64,845.0,767.0,39.01,90.77,629.0,377.0,0.0,0.0,82.01,49.15,0.0,0.0,7.0,2026-01-01,1,2026,1.1612903225806452,0.2421181204850641,30.128446536650973,-97.640133,3.940199335548173,0.05455266272189349,0.01775147928994083,5,高档
202601,6901028177214,冬虫夏草(和润),一类烟,424.0,500.0,0.284,0.28,2.968,106000.0,109.504,98.591549,1.70975,0.91679,424.0,0.008,0.0,845.0,,,0.0,,0.0,,,,,,,,0.28,0.28,98.59,845.0,70.0,22.71,8.28,0.0,0.0,0.0,0.0,0.0,0.0,0.0,0.0,32.0,2026-01-01,1,2026,1.179245283018868,0.30889150943396226,391.0857142857143,-97.591549,,0.0035124260355029586,,5,高档
202601,6901028145077,娇子(宽窄好运细支),一类烟,225.0,260.0,4.032,3.996,22.4775,56250.0,746.948,99.107143,13.699318,6.192469,225.0,,,845.0,,,,,,,,,,,,,4.0,4.03,99.11,845.0,292.0,57.11,34.56,203.0,104.0,67.0,32.0,69.52,35.62,22.95,10.96,149.0,2026-01-01,1,2026,1.1555555555555554,0.27549634078522967,186.92392392392392,-98.107143,70.35714285714286,0.02660059171597633,,5,高档
202601,6901028224079,金圣(滕王阁·紫光),二类烟,129.3,150.0,2.14,2.116,6.83997,32325.0,539.588,98.878505,4.3971,1.655863,129.3,8.064,8.036,845.0,842.0,502.0,59.41,59.62,99.65,493.0,44.23,98.21,,,0.0,,2.12,2.14,98.88,845.0,370.0,10.7,43.79,14.0,0.0,0.0,0.0,3.78,0.0,0.0,0.0,37.0,2026-01-01,1,2026,1.160092807424594,0.24208629570012735,255.00378071833646,-97.878505,1.003787878787879,0.008094639053254438,0.9964497041420118,5,高档
202601,6901028942881,双喜(硬精品好日子),三类烟,93.28,110.0,0.02,0.0,0.0,,29.864,0.0,0.0,0.0,93.28,,,845.0,,,,,,,,,,,,,,,,,,,,,,,,,,,,,2026-01-01,1,2026,1.179245283018868,,,1.0,,0.0,,4,中高档
202601,6901028339957,云烟(细支云龙),二类烟,129.3,150.0,7.524,7.448,24.07566,32325.0,3607.86,98.989899,15.477059,5.828416,129.3,9.72,9.656,845.0,831.0,809.0,95.74,97.35,99.34,797.0,96.83,98.52,,,0.0,,7.45,7.52,98.99,845.0,540.0,30.28,63.91,293.0,189.0,0.0,0.0,54.26,35.0,0.0,0.0,9.0,2026-01-01,1,2026,1.160092807424594,0.24208748586746948,484.406552094522,-97.989899,1.9649681528662422,0.028491905325443784,0.9834319526627219,5,高档
202601,6901028124058,黄山(黑马细支),一类烟,225.0,260.0,3.204,3.14,17.6625,56250.0,462.956,98.002497,10.764705,4.865994,225.0,0.18,0.164,845.0,15.0,13.0,1.54,86.67,91.11,13.0,68.33,100.0,,,0.0,,3.14,3.2,98.0,845.0,229.0,79.52,27.1,146.0,93.0,50.0,34.0,63.76,40.61,21.83,14.85,140.0,2026-01-01,1,2026,1.1555555555555554,0.2754985987261146,147.43821656050955,-97.002497,10.544117647058822,0.020902366863905328,0.01775147928994083,5,高档
202601,6901028177771,大青山(昭君和亲),二类烟,129.3,150.0,,,,,0.0,,,,,,,,,,,,,,,,,,,,,,,,,,,,,,,,,,,,2026-01-01,1,2026,1.160092807424594,,,,,,,5,高档
202601,6901028216166,利群(软蓝),一类烟,159.0,180.0,1.988,1.944,7.7274,39750.0,459.832,97.78672,4.967407,1.871099,159.0,,,845.0,,,,,,,,,,,,,1.94,1.99,97.79,845.0,202.0,16.95,23.91,165.0,119.0,0.0,0.0,81.68,58.91,0.0,0.0,8.0,2026-01-01,1,2026,1.1320754716981132,0.24213823537024096,236.53909465020575,-96.78672,2.471428571428571,0.009144852071005917,,5,高档
202601,6901028172509,黄金叶(商鼎),一类烟,175.0,200.0,9.492,9.46,41.3875,43750.0,1112.096,99.662874,25.222804,11.403259,175.0,,,845.0,,,,,,,,,,,,,9.46,9.49,99.66,845.0,485.0,100.0,57.4,392.0,321.0,244.0,174.0,80.82,66.19,50.31,35.88,168.0,2026-01-01,1,2026,1.1428571428571428,0.2755242283298097,117.55771670190273,-98.662874,9.021186440677967,0.048979289940828404,,5,高档
202601,6901028165860,黄金叶(天叶细支),一类烟,848.0,1000.0,0.008,0.008,0.1696,212000.0,73.344,100.0,0.097701,0.052387,848.0,,,845.0,,,,,,,,,,,,,0.01,0.01,100.0,845.0,2.0,0.05,0.24,0.0,0.0,0.0,0.0,0.0,0.0,0.0,0.0,,2026-01-01,1,2026,1.179245283018868,0.3088856132075472,9167.999999999998,-99.0,-0.8,0.00020071005917159763,,5,高档
202601,6901028042963,娇子(五粮醇香),一类烟,201.4,230.0,,,,,362.636,,,,201.4,28.36,28.164,845.0,820.0,833.0,98.58,101.59,99.31,830.0,160.68,99.64,,,0.0,,,,,,,,,,,,,,,,,,2026-01-01,1,2026,1.1420059582919562,,,,,,0.9704142011834319,5,高档
202601,6901028145473,娇子(五粮浓香中支),一类烟,424.0,500.0,,,,,88.532,,,,424.0,0.152,0.152,845.0,15.0,15.0,1.78,100.0,100.0,15.0,100.0,100.0,,,0.0,,,,,,,,,,,,,,,,,,2026-01-01,1,2026,1.179245283018868,,,,,,0.01775147928994083,5,高档
202601,6901028180603,红金龙(硬神州腾龙),三类烟,57.24,65.0,31.64,31.384,44.910504,14310.0,1856.016,99.190898,28.873367,10.869503,57.24,0.02,0.0,845.0,,,0.0,,0.0,,,,,,,,31.38,31.64,99.19,845.0,843.0,77.29,99.76,840.0,797.0,771.0,0.0,99.64,94.54,91.46,0.0,1.0,2026-01-01,1,2026,1.1355695317959469,0.24202585212581892,59.13892429263319,-98.190898,9.807162534435262,0.05314852544378699,,3,中档
202601,6901028136686,金圣(硬滕王阁),三类烟,97.0,110.0,3.068,3.028,7.3429,24250.0,658.168,98.696219,4.719928,1.77816,97.0,0.008,0.0,845.0,,,0.0,,0.0,,,,,,,,3.03,3.07,98.7,845.0,757.0,22.71,89.59,0.0,0.0,0.0,0.0,0.0,0.0,0.0,0.0,46.0,2026-01-01,1,2026,1.134020618556701,0.24216045431641448,217.36063408190225,-97.696219,2.141078838174274,0.0086898224852071,,4,中高档
202601,6901028177153,云烟(硬苁蓉),二类烟,114.5,130.0,0.008,0.0,0.0,,97.084,0.0,0.0,0.0,114.5,0.28,0.26,845.0,61.0,52.0,6.15,85.25,92.86,52.0,85.53,100.0,,,0.0,,,,,,,,,,,,,,,,,,2026-01-01,1,2026,1.1353711790393013,,,1.0,,0.0,0.07218934911242604,5,高档
202601,6901028024976,娇子(X),三类烟,97.0,110.0,12.18,12.032,29.1776,24250.0,1146.1,98.784893,18.754882,7.06579,97.0,16.956,16.892,845.0,842.0,819.0,96.92,97.27,99.62,818.0,93.45,99.88,,,0.0,,12.03,12.18,98.78,845.0,628.0,26.34,74.32,262.0,105.0,36.0,0.0,41.72,16.72,5.73,0.0,45.0,2026-01-01,1,2026,1.134020618556701,0.24216487990787453,95.25432180851062,-97.784893,1503.0,0.034529704142011834,0.9964497041420118,4,中高档
202601,6901028187855,黄鹤楼(软1916),一类烟,848.0,1000.0,,,,,592.956,,,,848.0,11.392,11.268,845.0,710.0,603.0,71.36,84.93,98.91,603.0,85.42,100.0,,,0.0,,,,,,,,,,,,,,,,,,2026-01-01,1,2026,1.179245283018868,,,,,,0.8402366863905325,5,高档
202601,6901028218153,黄鹤楼(金典中支),一类烟,381.6,450.0,0.02,0.0,0.0,,211.572,0.0,0.0,0.0,381.6,0.004,0.0,845.0,,,0.0,,0.0,,,,,,,,,,,,,,,,,,,,,,,,2026-01-01,1,2026,1.1792452830188678,,,1.0,,0.0,,5,高档
202601,6901028212229,中华(细支),一类烟,424.0,500.0,0.22,0.204,2.1624,106000.0,84.84,92.727273,1.245821,0.667801,424.0,0.008,0.008,845.0,2.0,2.0,0.24,100.0,100.0,2.0,100.0,100.0,,,0.0,,0.2,0.22,92.73,845.0,19.0,1.39,2.25,15.0,15.0,2.0,0.0,78.95,78.95,10.53,0.0,7.0,2026-01-01,1,2026,1.179245283018868,0.3088239918608953,415.8823529411765,-91.727273,1.125,0.0025590532544378696,0.002366863905325444,5,高档
202601,6901028010771,中南海(冰耀中支),一类烟,201.4,230.0,0.04,0.04,0.2014,50350.0,107.724,100.0,0.12274,0.05549,201.4,0.004,0.0,845.0,,,0.0,,0.0,,,,,,,,0.04,0.04,100.0,845.0,2.0,0.05,0.24,0.0,0.0,0.0,0.0,0.0,0.0,0.0,0.0,,2026-01-01,1,2026,1.1420059582919562,0.27552135054617677,2693.1,-99.0,,0.0002383431952662722,,5,高档
202601,6901028300063,南京(红),二类烟,114.5,130.0,,,,,0.0,,,,,,,,,,,,,,,,,,,,,,,,,,,,,,,,,,,,2026-01-01,1,2026,1.1353711790393013,,,,,,,5,高档
202601,6901028227285,天子(金),一类烟,167.48,200.0,4.232,4.204,17.602148,41870.0,1338.728,99.338374,11.31519,4.261681,167.48,4.252,4.216,845.0,843.0,338.0,40.0,40.09,99.15,332.0,26.6,98.22,,,0.0,,4.2,4.23,99.34,845.0,402.0,77.04,47.57,292.0,193.0,134.0,30.0,72.64,48.01,33.33,7.46,69.0,2026-01-01,1,2026,1.1941724385001196,0.24211141731111455,318.44148430066605,-98.338374,6.671532846715327,0.020830944378698226,0.9976331360946745,5,高档
202601,6901028062015,苏烟(五星红杉树),一类烟,188.68,220.0,9.904,9.82,46.32094,47170.0,494.24,99.151858,28.230094,12.761635,188.68,0.012,0.0,845.0,,,0.0,,0.0,,,,,,,,9.82,9.9,99.15,845.0,562.0,77.31,66.51,477.0,371.0,255.0,196.0,84.88,66.01,45.37,34.88,235.0,2026-01-01,1,2026,1.165995336018656,0.275504663765459,50.329938900203665,-98.151858,6.263313609467455,0.05481768047337278,,5,高档
202601,6901028000833,双喜(软经典),三类烟,97.0,110.0,10.312,10.212,24.7641,24250.0,837.376,99.030256,15.917967,5.996985,97.0,2.648,2.62,845.0,834.0,284.0,33.61,34.05,98.94,265.0,36.47,93.31,,,0.0,,10.21,10.31,99.03,845.0,798.0,43.08,94.44,728.0,0.0,0.0,0.0,91.23,0.0,0.0,0.0,4.0,2026-01-01,1,2026,1.134020618556701,0.24216446388118285,81.99921660791226,-98.030256,2.5756302521008405,0.02930662721893491,0.98698224852071,4,中高档
202601,6901028136891,金圣(硬红·十二生肖),三类烟,61.5,70.0,0.008,0.0,0.0,,571.812,0.0,0.0,0.0,61.5,2.14,2.116,845.0,377.0,370.0,43.79,98.14,98.88,363.0,95.49,98.11,,,0.0,,,,,,,,,,,,,,,,,,2026-01-01,1,2026,1.1382113821138211,,,1.0,-1.0,0.0,0.4461538461538462,3,中档
202601,8888075034715,555(国际版),一类烟,254.92,300.0,,,,,4.588,,,,254.92,,,845.0,,,,,,,,,,,,,,,,,,,,,,,,,,,,,2026-01-01,1,2026,1.1768397928761964,,,,,,,5,高档
202601,6901028181815,红金龙(硬蓝爱你),三类烟,97.0,110.0,0.336,0.264,0.6402,24250.0,1498.54,78.571429,0.411511,0.155033,97.0,23.912,23.772,845.0,845.0,843.0,99.76,99.76,99.41,842.0,99.31,99.88,,,0.0,,0.26,0.34,78.57,845.0,62.0,1.72,7.34,0.0,0.0,0.0,0.0,0.0,0.0,0.0,0.0,,2026-01-01,1,2026,1.134020618556701,0.24216338644173696,5676.287878787878,-77.571429,-0.8081395348837209,0.0007576331360946746,1.0,4,中高档
202601,6901028180818,黄鹤楼(天下名楼),二类烟,139.92,160.0,1.948,1.916,6.702168,34980.0,1388.052,98.35729,4.308716,1.622262,139.92,38.688,38.472,845.0,845.0,827.0,97.87,97.87,99.44,827.0,96.93,100.0,,,0.0,,1.92,1.95,98.36,845.0,462.0,10.81,54.67,17.0,0.0,0.0,0.0,3.68,0.0,0.0,0.0,12.0,2026-01-01,1,2026,1.1435105774728418,0.24205033356370656,724.4530271398747,-97.35729,-0.23360000000000003,0.00793155976331361,1.0,5,高档
202601,6901028221351,贵烟(新贵),三类烟,93.28,110.0,,,,,102.632,,,,93.28,2.436,2.404,845.0,348.0,250.0,29.59,71.84,98.69,250.0,78.46,100.0,,,0.0,,,,,,,,,,,,,,,,,,2026-01-01,1,2026,1.179245283018868,,,,,,0.41183431952662725,4,中高档
202601,6901028193504,芙蓉王(硬),一类烟,218.36,250.0,1.252,1.236,6.747324,54590.0,2316.384,98.722045,4.11241,1.858706,218.36,,,845.0,,,,,,,,,,,,,1.24,1.25,98.72,845.0,151.0,8.68,17.87,99.0,57.0,0.0,0.0,65.56,37.75,0.0,0.0,1.0,2026-01-01,1,2026,1.1448983330280271,0.2754730616167239,1874.0970873786407,-97.722045,,0.007984998816568048,,5,高档
202601,6901028009805,双喜(百年经典),一类烟,175.0,200.0,0.752,0.732,3.2025,43750.0,422.388,97.340426,1.951736,0.882385,175.0,0.9,0.856,845.0,624.0,119.0,14.08,19.07,95.11,119.0,23.24,100.0,,,0.0,,0.73,0.75,97.34,845.0,131.0,32.98,15.5,52.0,0.0,0.0,0.0,39.69,0.0,0.0,0.0,39.0,2026-01-01,1,2026,1.1428571428571428,0.27553005464480873,577.0327868852459,-96.340426,3.575,0.003789940828402367,0.7384615384615385,5,高档
202601,6901028154628,泰山(儒风细支),一类烟,263.0,300.0,,,,,9.144,,,,263.0,2.668,2.632,845.0,412.0,264.0,31.24,64.08,98.65,264.0,70.98,100.0,,,0.0,,,,,,,,,,,,,,,,,,2026-01-01,1,2026,1.1406844106463878,,,,,,0.48757396449704143,5,高档
202601,6901028162876,黄金叶(喜满堂),三类烟,88.0,100.0,18.904,18.792,41.3424,22000.0,2063.644,99.407533,26.576686,10.009734,88.0,0.26,0.26,845.0,68.0,65.0,7.69,95.59,100.0,65.0,95.59,100.0,,,0.0,,18.79,18.9,99.41,845.0,835.0,64.29,98.82,790.0,685.0,0.0,0.0,94.61,82.04,0.0,0.0,11.0,2026-01-01,1,2026,1.1363636363636365,0.24211787414373623,109.81502767134948,-98.407533,5.525,0.04892591715976331,0.08047337278106509,4,中高档
202601,6901028219174,黄鹤楼(硬奇景),一类烟,238.5,300.0,35.5,35.1,209.28375,59625.0,3678.912,98.873239,127.545734,57.661158,238.5,6.548,6.472,845.0,580.0,471.0,55.74,81.21,98.84,469.0,92.51,99.58,,,0.0,,35.1,35.5,98.87,845.0,714.0,93.61,84.5,641.0,565.0,499.0,400.0,89.78,79.13,69.89,56.02,252.0,2026-01-01,1,2026,1.2578616352201257,0.2755166514361483,104.81230769230768,-97.873239,,0.2476730769230769,0.6863905325443787,5,高档
202601,6901028159753,泰山(心悦),二类烟,139.92,160.0,1.304,1.272,4.449456,34980.0,158.048,97.546012,2.860414,1.077087,139.92,0.0002,0.0002,845.0,845.0,1.0,0.12,0.12,100.0,1.0,0.07,100.0,,,0.0,,1.27,1.3,97.55,845.0,231.0,9.2,27.34,62.0,0.0,0.0,0.0,26.84,0.0,0.0,0.0,179.0,2026-01-01,1,2026,1.1435105774728418,0.24207161504687313,124.25157232704403,-96.546012,44.42857142857143,0.005265628402366863,1.0,5,高档
202601,6901028218757,黄鹤楼(硬蓝),一类烟,175.0,200.0,,,,,738.1,,,,175.0,0.248,0.24,845.0,28.0,28.0,3.31,100.0,96.77,28.0,100.0,100.0,,,0.0,,,,,,,,,,,,,,,,,,2026-01-01,1,2026,1.1428571428571428,,,,,,0.033136094674556214,5,高档
202601,6901028102094,贵烟(红中支),一类烟,263.0,300.0,,,,,25.448,,,,263.0,,,845.0,,,,,,,,,,,,,,,,,,,,,,,,,,,,,2026-01-01,1,2026,1.1406844106463878,,,,,,,5,高档
202601,6901028942911,双喜(软珍品好日子),二类烟,137.8,160.0,,,,,91.08,,,,137.8,0.284,0.28,845.0,832.0,70.0,8.28,8.41,98.59,70.0,8.41,100.0,,,0.0,,,,,,,,,,,,,,,,,,2026-01-01,1,2026,1.1611030478955007,,,,,,0.9846153846153847,5,高档
202601,6901028179324,黄鹤楼(硬珍品),一类烟,339.2,400.0,81.804,81.336,689.72928,84800.0,11153.164,99.427901,397.329444,213.050301,339.2,77.076,76.56,845.0,844.0,736.0,87.1,87.2,99.33,682.0,76.71,92.66,,,0.0,,81.34,81.8,99.43,845.0,840.0,93.23,99.41,828.0,785.0,755.0,189.0,98.57,93.45,89.88,22.5,805.0,2026-01-01,1,2026,1.179245283018868,0.30888974439362643,137.1245696862398,-98.427901,inf,0.8162476686390533,0.9988165680473373,5,高档
202601,8888075018616,555·双冰,一类烟,271.07,320.0,,,,,11.344,,,,271.07,,,845.0,,,,,,,,,,,,,,,,,,,,,,,,,,,,,2026-01-01,1,2026,1.180506880141661,,,,,,,5,高档
202601,6901028155557,泰山(颜悦),一类烟,167.48,190.0,2.668,2.632,11.020184,41870.0,203.968,98.650675,7.084028,2.668213,167.48,,,845.0,,,,,,,,,,,,,2.63,2.67,98.65,845.0,264.0,22.36,31.24,199.0,103.0,0.0,0.0,75.38,39.02,0.0,0.0,41.0,2026-01-01,1,2026,1.1344638165751135,0.242120548985389,77.49544072948328,-97.650675,4.927927927927928,0.013041637869822485,,5,高档
202601,6901028937535,好猫(金猴王),三类烟,71.0,80.0,0.008,0.0,0.0,,981.288,0.0,0.0,0.0,71.0,3.096,3.076,845.0,842.0,279.0,33.02,33.14,99.35,266.0,26.53,95.34,,,0.0,,,,,,,,,,,,,,,,,,2026-01-01,1,2026,1.1267605633802817,,,1.0,,0.0,0.9964497041420118,4,中高档
202601,6901028218603,黄鹤楼(硬1916如意),一类烟,763.2,900.0,13.4,13.232,252.46656,190800.0,1715.828,98.746269,145.436296,77.985824,763.2,3.344,3.28,845.0,184.0,183.0,21.66,99.46,98.09,183.0,99.88,100.0,,,0.0,,13.23,13.4,98.75,845.0,791.0,64.43,93.61,705.0,522.0,363.0,0.0,89.13,65.99,45.89,0.0,773.0,2026-01-01,1,2026,1.1792452830188678,0.30889565731002155,129.67261185006046,-97.746269,inf,0.2987769940828402,0.21775147928994082,5,高档
202601,6901028150378,泰山(望岳),一类烟,167.48,190.0,,,,,187.76,,,,167.48,3.044,3.012,845.0,624.0,505.0,59.76,80.93,98.95,505.0,81.41,100.0,,,0.0,,,,,,,,,,,,,,,,,,2026-01-01,1,2026,1.1344638165751135,,,,,,0.7384615384615385,5,高档
202601,6901028187343,黄鹤楼(硬8度),一类烟,158.0,180.0,1.916,1.892,7.4734,39500.0,839.908,98.74739,4.804284,1.809276,158.0,,,845.0,,,,,,,,,,,,,1.89,1.92,98.75,845.0,308.0,12.42,36.45,74.0,0.0,0.0,0.0,24.03,0.0,0.0,0.0,163.0,2026-01-01,1,2026,1.139240506329114,0.24209543179811066,443.9260042283298,-97.74739,,0.008844260355029585,,5,高档
202601,6901028080224,钻石(硬特醇),四类烟,44.5,50.0,0.012,0.0,0.0,,1181.372,0.0,0.0,0.0,44.5,0.136,0.136,845.0,15.0,15.0,1.78,100.0,100.0,15.0,100.0,100.0,,,0.0,,,,,,,,,,,,,,,,,,2026-01-01,1,2026,1.1235955056179776,,,1.0,-1.0,0.0,0.01775147928994083,3,中档
202601,6901028184304,黄鹤楼(硬平安),一类烟,720.8,1000.0,1.312,1.268,22.84936,180200.0,588.64,96.646341,13.179578,7.041122,720.8,212.268,211.616,845.0,845.0,842.0,99.64,99.64,99.69,830.0,104.85,98.57,,,0.0,,1.27,1.31,96.65,845.0,153.0,5.46,18.11,47.0,0.0,0.0,0.0,30.72,0.0,0.0,0.0,153.0,2026-01-01,1,2026,1.3873473917869035,0.30815401394174713,464.2271293375394,-95.646341,inf,0.027040662721893493,1.0,5,高档
202601,8888075024037,555(冰炫),一类烟,216.05,240.0,,,,,4.268,,,,216.05,,,845.0,,,,,,,,,,,,,,,,,,,,,,,,,,,,,2026-01-01,1,2026,1.11085396898866,,,,,,,5,高档
202601,6901028084925,长城(醇雅薄荷),一类烟,158.4,180.0,0.7884,0.7812,3.43728,44000.0,343.8612,99.086758,2.07018,0.971726,158.4,,,845.0,,,,,,,,,,,,,0.78,0.79,99.09,845.0,161.0,44.83,19.05,56.0,0.0,0.0,0.0,34.78,0.0,0.0,0.0,29.0,2026-01-01,1,2026,1.1363636363636362,0.28270202020202023,440.17050691244236,-98.086758,1.6463414634146338,0.004067786982248521,,5,高档
202601,6901028241410,黄鹤楼(视窗),一类烟,300.0,350.0,6.548,6.472,48.54,75000.0,410.364,98.83934,27.960658,14.995142,300.0,0.552,0.392,845.0,63.0,62.0,7.34,98.41,71.01,62.0,98.0,100.0,,,0.0,,6.47,6.55,98.84,845.0,471.0,21.49,55.74,120.0,60.0,39.0,0.0,25.48,12.74,8.28,0.0,467.0,2026-01-01,1,2026,1.1666666666666667,0.30892340337865676,63.40605686032138,-97.83934,,0.05744378698224852,0.07455621301775148,5,高档
202601,6901028180788,黄鹤楼(硬15),一类烟,848.0,1000.0,0.416,0.408,8.6496,212000.0,336.52,98.076923,4.983337,2.671168,848.0,1.948,1.916,845.0,378.0,462.0,54.67,122.22,98.36,462.0,120.96,100.0,,,0.0,,0.41,0.42,98.08,845.0,47.0,1.45,5.56,15.0,0.0,0.0,0.0,31.91,0.0,0.0,0.0,47.0,2026-01-01,1,2026,1.179245283018868,0.30881982981871997,824.8039215686275,-97.076923,,0.010236213017751478,0.44733727810650886,5,高档
202601,6901028046893,云烟(紫),二类烟,114.5,130.0,15.516,15.324,43.86495,28625.0,1188.176,98.762568,28.196211,10.622268,114.5,0.008,0.008,845.0,2.0,2.0,0.24,100.0,100.0,2.0,100.0,100.0,,,0.0,,15.32,15.52,98.76,845.0,788.0,73.22,93.25,740.0,653.0,397.0,0.0,93.91,82.87,50.38,0.0,85.0,2026-01-01,1,2026,1.1353711790393013,0.24215844313056323,77.53693552597232,-97.762568,7.806896551724138,0.05191118343195266,0.002366863905325444,5,高档
202601,6901028084772,娇子(格调细支),二类烟,129.3,150.0,2.18,2.132,6.89169,32325.0,919.416,97.798165,4.43038,1.668336,129.3,4.032,3.996,845.0,835.0,292.0,34.56,34.97,99.11,280.0,30.49,95.89,,,0.0,,2.13,2.18,97.8,845.0,332.0,13.92,39.29,52.0,10.0,9.0,0.0,15.66,3.01,2.71,0.0,25.0,2026-01-01,1,2026,1.160092807424594,0.24207937385459882,431.24577861163226,-96.798165,0.44444444444444464,0.008155846153846154,0.9881656804733728,5,高档
202601,6901028075022,中华(软),一类烟,583.0,700.0,4.184,4.064,59.2328,145750.0,507.736,97.131931,34.12259,18.295898,583.0,,,845.0,,,,,,,,,,,,,4.06,4.18,97.13,845.0,469.0,16.71,55.5,58.0,17.0,4.0,0.0,12.37,3.62,0.85,0.0,403.0,2026-01-01,1,2026,1.2006861063464838,0.30888119420321175,124.93503937007874,-96.131931,14.875,0.07009798816568047,,5,高档
202601,6901028071475,中南海(5mg),二类烟,114.5,130.0,0.004,0.0,0.0,,142.452,0.0,0.0,0.0,114.5,,,845.0,,,,,,,,,,,,,,,,,,,,,,,,,,,,,2026-01-01,1,2026,1.1353711790393013,,,1.0,-1.0,0.0,,5,高档
202601,6901028181457,黄鹤楼(硬峡谷柔情),一类烟,263.0,300.0,38.688,38.472,252.9534,65750.0,1953.936,99.441687,145.713557,78.138899,263.0,0.024,0.0,845.0,,,0.0,,0.0,,,,,,,,38.47,38.69,99.44,845.0,827.0,67.43,97.87,778.0,724.0,28.0,0.0,94.07,87.55,3.39,0.0,186.0,2026-01-01,1,2026,1.1406844106463878,0.30890630052808143,50.78852152214597,-98.441687,inf,0.29935313609467457,,5,高档
202601,6901028225175,黄山(新制皖烟),二类烟,121.9,140.0,10.228,10.156,30.95041,30475.0,880.86,99.29605,19.895841,7.494315,121.9,,,845.0,,,,,,,,,,,,,10.16,10.23,99.3,845.0,677.0,59.87,80.12,584.0,424.0,278.0,0.0,86.26,62.63,41.06,0.0,27.0,2026-01-01,1,2026,1.1484823625922886,0.24213944177153066,86.73296573454115,-98.29605,3.8921001926782273,0.03662770414201184,,5,高档
202601,6901028123266,黄山(硬记忆),三类烟,88.0,100.0,0.012,0.0,0.0,,90.352,0.0,0.0,0.0,88.0,3.204,3.14,845.0,842.0,229.0,27.1,27.2,98.0,216.0,16.99,94.32,,,0.0,,,,,,,,,,,,,,,,,,2026-01-01,1,2026,1.1363636363636365,,,1.0,,0.0,0.9964497041420118,4,中高档
202601,6901028062329,南京(十二钗烤烟),一类烟,243.8,280.0,0.344,0.328,1.99916,60950.0,231.556,95.348837,1.218366,0.550784,243.8,0.164,0.156,845.0,28.0,27.0,3.2,96.43,95.12,27.0,97.5,100.0,,,0.0,,0.33,0.34,95.35,845.0,67.0,2.27,7.93,15.0,0.0,0.0,0.0,22.39,0.0,0.0,0.0,8.0,2026-01-01,1,2026,1.1484823625922886,0.27550771323956064,705.9634146341464,-94.348837,,0.002365869822485207,0.033136094674556214,5,高档
202601,6901028058148,好猫(细支长乐),二类烟,139.92,160.0,1.644,1.628,5.694744,34980.0,575.576,99.026764,3.661067,1.378407,139.92,0.168,0.164,845.0,19.0,16.0,1.89,84.21,97.62,16.0,83.67,100.0,,,0.0,,1.63,1.64,99.03,845.0,290.0,27.38,34.32,64.0,53.0,0.0,0.0,22.07,18.28,0.0,0.0,202.0,2026-01-01,1,2026,1.1435105774728418,0.24204898411587947,353.5479115479116,-98.026764,,0.00673934201183432,0.022485207100591716,5,高档
202601,8888075034777,555(老版细支),一类烟,212.28,250.0,,,,,8.96,,,,212.28,,,845.0,,,,,,,,,,,,,,,,,,,,,,,,,,,,,2026-01-01,1,2026,1.1776898436027887,,,,,,,5,高档
202601,6901028180580,黄鹤楼(软蓝),一类烟,164.3,190.0,204.608,204.072,838.22574,41075.0,19480.532,99.738036,538.852119,202.940396,164.3,0.416,0.408,845.0,38.0,47.0,5.56,123.68,98.08,47.0,110.87,100.0,,,0.0,,204.07,204.61,99.74,845.0,844.0,98.72,99.88,839.0,816.0,772.0,675.0,99.41,96.68,91.47,79.98,1.0,2026-01-01,1,2026,1.1564211807668898,0.24210709158132032,95.45911247010858,-98.738036,8.349092908191315,0.991983124260355,0.04497041420118343,5,高档
202601,6901028315432,红塔山(硬经典100),三类烟,97.0,110.0,0.02,0.0,0.0,,855.464,0.0,0.0,0.0,97.0,1.24,1.196,845.0,301.0,163.0,19.29,54.15,96.45,163.0,55.58,100.0,,,0.0,,,,,,,,,,,,,,,,,,2026-01-01,1,2026,1.134020618556701,,,1.0,,0.0,0.3562130177514793,4,中高档
202601,8888075074865,建牌(薄荷紫冰),一类烟,257.75,300.0,,,,,1.9,,,,257.75,,,845.0,,,,,,,,,,,,,,,,,,,,,,,,,,,,,2026-01-01,1,2026,1.1639185257032008,,,,,,,5,高档
202601,6901028212137,中华(金细支),一类烟,678.4,800.0,,,,,6.512,,,,678.4,0.22,0.204,845.0,19.0,19.0,2.25,100.0,92.73,19.0,100.0,100.0,,,0.0,,,,,,,,,,,,,,,,,,2026-01-01,1,2026,1.179245283018868,,,,,,0.022485207100591716,5,高档
202601,6901028172936,黄金叶(乐途硬),一类烟,175.0,200.0,,,,,499.244,,,,175.0,0.252,0.244,845.0,61.0,41.0,4.85,67.21,96.83,41.0,70.11,100.0,,,0.0,,,,,,,,,,,,,,,,,,2026-01-01,1,2026,1.1428571428571428,,,,,,0.07218934911242604,5,高档
202601,6901028018722,中华(双中支),一类烟,424.0,500.0,0.06,0.06,0.636,106000.0,126.528,100.0,0.366379,0.196451,424.0,12.356,12.26,845.0,727.0,700.0,82.84,96.29,99.22,699.0,95.36,99.86,,,0.0,,0.06,0.06,100.0,845.0,15.0,0.41,1.78,0.0,0.0,0.0,0.0,0.0,0.0,0.0,0.0,11.0,2026-01-01,1,2026,1.179245283018868,0.3088852201257861,2108.8,-99.0,,0.0007526627218934911,0.8603550295857988,5,高档
202601,6901028063371,白沙(硬新精品二代),三类烟,97.0,110.0,3.064,3.028,7.3429,24250.0,663.108,98.825065,4.719895,1.778193,97.0,0.14,0.12,845.0,28.0,28.0,3.31,100.0,85.71,28.0,100.0,100.0,,,0.0,,3.03,3.06,98.83,845.0,757.0,22.71,89.59,0.0,0.0,0.0,0.0,0.0,0.0,0.0,0.0,12.0,2026-01-01,1,2026,1.134020618556701,0.24216494845360823,218.99207397622192,-97.825065,,0.0086898224852071,0.033136094674556214,4,中高档
202601,6901028188081,黄鹤楼(硬银紫),二类烟,114.5,130.0,12.08,12.024,34.4187,28625.0,1114.908,99.536424,22.124185,8.334442,114.5,0.368,0.352,845.0,38.0,46.0,5.44,121.05,95.65,46.0,111.39,100.0,,,0.0,,12.02,12.08,99.54,845.0,800.0,45.4,94.67,770.0,0.0,0.0,0.0,96.25,0.0,0.0,0.0,17.0,2026-01-01,1,2026,1.1353711790393013,0.2421486575611513,92.72355289421158,-98.536424,,0.04073218934911243,0.04497041420118343,5,高档
202601,6901028084321,娇子(软阳光),三类烟,88.0,100.0,28.36,28.164,61.9608,22000.0,836.2,99.308886,39.830938,15.002069,88.0,2.18,2.132,845.0,412.0,332.0,39.29,80.58,97.8,326.0,79.32,98.19,,,0.0,,28.16,28.36,99.31,845.0,833.0,51.35,98.58,768.0,418.0,252.0,0.0,92.2,50.18,30.25,0.0,265.0,2026-01-01,1,2026,1.1363636363636365,0.24212193838685106,29.690384888510156,-98.308886,3.086477074869414,0.07332639053254437,0.48757396449704143,4,中高档
202601,6901028224642,金圣(青瓷),一类烟,158.0,180.0,8.064,8.036,31.7422,39500.0,813.204,99.652778,20.405415,7.685056,158.0,,,845.0,,,,,,,,,,,,,8.04,8.06,99.65,845.0,502.0,79.12,59.41,386.0,276.0,121.0,91.0,76.89,54.98,24.1,18.13,114.0,2026-01-01,1,2026,1.139240506329114,0.24210848649431987,101.1951219512195,-98.652778,6.413284132841327,0.03756473372781065,,5,高档
202601,6901028075015,中华(硬),一类烟,381.6,450.0,12.356,12.26,116.9604,95400.0,816.872,99.22305,67.374849,36.130172,381.6,4.184,4.064,845.0,529.0,469.0,55.5,88.66,97.13,469.0,92.53,100.0,,,0.0,,12.26,12.36,99.22,845.0,700.0,42.89,82.84,575.0,208.0,0.0,0.0,82.14,29.71,0.0,0.0,418.0,2026-01-01,1,2026,1.1792452830188678,0.3089094428541626,66.62903752039152,-98.22305,18.9025974025974,0.13841467455621304,0.6260355029585799,5,高档
202601,6901028191142,白沙(硬),三类烟,71.0,80.0,0.016,0.0,0.0,,393.324,0.0,0.0,0.0,71.0,,,845.0,,,,,,,,,,,,,,,,,,,,,,,,,,,,,2026-01-01,1,2026,1.1267605633802817,,,1.0,,0.0,,4,中高档
202601,6901028164177,红旗渠(雪茄),四类烟,44.5,50.0,0.008,0.0,0.0,,0.0,0.0,0.0,0.0,44.5,12.18,12.032,845.0,555.0,628.0,74.32,113.15,98.78,586.0,125.49,93.31,,,0.0,,,,,,,,,,,,,,,,,,2026-01-01,1,2026,1.1235955056179776,,,1.0,,0.0,0.6568047337278107,3,中档
202601,6901028104302,龙烟(老巴夺传琦),一类烟,225.0,260.0,1.728,1.708,9.6075,56250.0,155.564,98.842593,5.855451,2.646877,225.0,,,845.0,,,,,,,,,,,,,1.71,1.73,98.84,845.0,183.0,67.57,21.66,97.0,51.0,0.0,0.0,53.01,27.87,0.0,0.0,1.0,2026-01-01,1,2026,1.1555555555555554,0.27550111891751233,91.07962529274005,-97.842593,,0.0113698224852071,,5,高档
202601,6901028098335,长白山(蓝尚),一类烟,158.0,180.0,1.236,1.172,4.6294,39500.0,158.66,94.822006,2.976036,1.12069,158.0,0.012,0.0,845.0,,,0.0,,0.0,,,,,,,,1.17,1.24,94.82,845.0,250.0,13.05,29.59,43.0,0.0,0.0,0.0,17.2,0.0,0.0,0.0,185.0,2026-01-01,1,2026,1.139240506329114,0.24208104721994209,135.37542662116041,-93.822006,,0.005478579881656806,,5,高档
202601,6901028165921,黄金叶(小目标),二类烟,121.9,140.0,,,,,0.016,,,,,,,,,,,,,,,,,,,,,,,,,,,,,,,,,,,,2026-01-01,1,2026,1.1484823625922886,,,,,,,5,高档
202601,6901028211352,七匹狼(纯境),二类烟,143.1,160.0,10.544,10.396,37.19169,35775.0,777.904,98.596358,23.908474,9.004711,143.1,0.004,0.0,845.0,,,0.0,,0.0,,,,,,,,10.4,10.54,98.6,845.0,777.0,44.25,91.95,731.0,421.0,0.0,0.0,94.08,54.18,0.0,0.0,15.0,2026-01-01,1,2026,1.1180992313067786,0.2421162092929899,74.82724124663332,-97.596358,inf,0.04401383431952663,,5,高档
202601,6901028314985,红塔山(硬经典),三类烟,75.0,85.0,9.72,9.656,18.105,18750.0,195.68,99.341564,11.637905,4.38461,75.0,0.02,0.0,845.0,,,0.0,,0.0,,,,,,,,9.66,9.72,99.34,845.0,809.0,22.69,95.74,0.0,0.0,0.0,0.0,0.0,0.0,0.0,0.0,8.0,2026-01-01,1,2026,1.1333333333333333,0.24217674675504006,20.265120132560067,-98.341564,inf,0.02142603550295858,,4,中高档
202601,6901028936750,好猫(长乐),二类烟,121.9,140.0,1.78,1.76,5.3636,30475.0,124.356,98.876404,3.44784,1.29888,121.9,,,845.0,,,,,,,,,,,,,1.76,1.78,98.88,845.0,318.0,27.38,37.63,66.0,56.0,0.0,0.0,20.75,17.61,0.0,0.0,255.0,2026-01-01,1,2026,1.1484823625922886,0.2421657095980312,70.65681818181818,-97.876404,30.428571428571427,0.006347455621301775,,5,高档
202601,6901028221450,贵烟(跨越),一类烟,201.4,230.0,2.436,2.404,12.10414,50350.0,523.348,98.686371,7.376933,3.33469,201.4,0.164,0.16,845.0,47.0,40.0,4.73,85.11,97.56,40.0,85.11,100.0,,,0.0,,2.4,2.44,98.69,845.0,250.0,18.37,29.59,117.0,82.0,73.0,0.0,46.8,32.8,29.2,0.0,28.0,2026-01-01,1,2026,1.1420059582919562,0.27549995290867424,217.69883527454243,-97.686371,2.6646341463414633,0.014324426035502958,0.05562130177514793,5,高档
202601,6901028936477,好猫(猴王磨砂),三类烟,106.0,120.0,,,,,66.42,,,,106.0,1.78,1.76,845.0,832.0,318.0,37.63,38.22,98.88,318.0,43.87,100.0,,,0.0,,,,,,,,,,,,,,,,,,2026-01-01,1,2026,1.1320754716981132,,,,,,0.9846153846153847,5,高档
202601,6901028075053,牡丹(软),二类烟,121.9,140.0,1.832,1.796,5.47331,30475.0,616.168,98.034935,3.518366,1.325427,121.9,,,845.0,,,,,,,,,,,,,1.8,1.83,98.03,845.0,428.0,11.77,50.65,0.0,0.0,0.0,0.0,0.0,0.0,0.0,0.0,,2026-01-01,1,2026,1.1484823625922886,0.24216187279726528,343.07795100222717,-97.034935,4.2823529411764705,0.006477289940828402,,5,高档
202601,6901028065504,兰州(硬珍品),二类烟,155.0,180.0,0.164,0.16,0.62,38750.0,255.36,97.560976,0.398559,0.150121,155.0,4.232,4.204,845.0,833.0,402.0,47.57,48.26,99.34,402.0,37.24,100.0,,,0.0,,0.16,0.16,97.56,845.0,40.0,1.28,4.73,0.0,0.0,0.0,0.0,0.0,0.0,0.0,0.0,1.0,2026-01-01,1,2026,1.1612903225806452,0.24213064516129032,1596.0,-96.560976,,0.0007337278106508876,0.9857988165680474,5,高档
202601,6901028185912,黄鹤楼(硬红),一类烟,190.8,220.0,212.268,211.616,1009.40832,47700.0,9852.788,99.692841,615.17047,278.111378,190.8,1.916,1.892,845.0,387.0,308.0,36.45,79.59,98.75,306.0,81.13,99.35,,,0.0,,211.62,212.27,99.69,845.0,842.0,100.0,99.64,841.0,820.0,782.0,730.0,99.88,97.39,92.87,86.7,1.0,2026-01-01,1,2026,1.1530398322851152,0.27551920515178635,46.55974973536973,-98.692841,8.974358974358974,1.1945660591715976,0.45798816568047335,5,高档
202601,6901028009744,双喜(勿忘我),一类烟,175.0,200.0,1.752,1.688,7.385,43750.0,113.628,96.347032,4.50063,2.034884,175.0,0.752,0.732,845.0,833.0,131.0,15.5,15.73,97.34,131.0,15.15,100.0,,,0.0,,1.69,1.75,96.35,845.0,217.0,28.26,25.68,85.0,73.0,47.0,0.0,39.17,33.64,21.66,0.0,31.0,2026-01-01,1,2026,1.1428571428571428,0.27554285714285714,67.31516587677726,-95.347032,34.166666666666664,0.008739644970414202,0.9857988165680474,5,高档
202601,6901028218184,黄鹤楼(感恩中支),一类烟,225.0,260.0,0.004,0.0,0.0,,372.264,0.0,0.0,0.0,225.0,13.4,13.232,845.0,791.0,791.0,93.61,100.0,98.75,791.0,100.92,100.0,,,0.0,,,,,,,,,,,,,,,,,,2026-01-01,1,2026,1.1555555555555554,,,1.0,,0.0,0.936094674556213,5,高档
202601,6901028331296,云烟(黑金刚印象),一类烟,466.4,600.0,,,,,0.0032,,,,,,,,,,,,,,,,,,,,,,,,,,,,,,,,,,,,2026-01-01,1,2026,1.2864493996569468,,,,,,,5,高档
202601,6901028092838,人民大会堂(硬红细支),二类烟,139.92,160.0,,,,,120.62,,,,,,,,,,,,,,,,,,,,,,,,,,,,,,,,,,,,2026-01-01,1,2026,1.1435105774728418,,,,,,,5,高档
202601,6901028080521,钻石(细支荷花),一类烟,360.4,420.0,0.136,0.136,1.22536,90100.0,131.828,100.0,0.705874,0.378522,360.4,,,845.0,,,,,,,,,,,,,0.14,0.14,100.0,845.0,15.0,0.87,1.78,15.0,2.0,0.0,0.0,100.0,13.33,0.0,0.0,15.0,2026-01-01,1,2026,1.165371809100999,0.3089067702552719,969.3235294117646,-99.0,,0.001450130177514793,,5,高档
202601,6901028133333,金圣(青瓷细支),一类烟,225.0,260.0,0.028,0.024,0.135,56250.0,33.1,85.714286,0.082278,0.037194,225.0,3.068,3.028,845.0,832.0,757.0,89.59,90.99,98.7,757.0,90.99,100.0,,,0.0,,0.02,0.03,85.71,845.0,6.0,0.41,0.71,0.0,0.0,0.0,0.0,0.0,0.0,0.0,0.0,4.0,2026-01-01,1,2026,1.1555555555555554,0.2755111111111111,1379.1666666666667,-84.714286,,0.00015976331360946746,0.9846153846153847,5,高档
202601,6901028159548,泰山(硬红八喜),三类烟,57.24,65.0,13.54,13.38,19.14678,14310.0,1409.608,98.818316,12.309692,4.633969,57.24,1.304,1.272,845.0,269.0,231.0,27.34,85.87,97.55,230.0,87.85,99.57,,,0.0,,13.38,13.54,98.82,845.0,794.0,55.15,93.96,736.0,579.0,0.0,0.0,92.7,72.92,0.0,0.0,21.0,2026-01-01,1,2026,1.1355695317959469,0.2420234107249365,105.35186846038863,-97.818316,inf,0.02265891124260355,0.3183431952662722,3,中档
202601,6901028018630,中华(金中支),一类烟,678.4,800.0,,,,,47.236,,,,678.4,0.06,0.06,845.0,15.0,15.0,1.78,100.0,100.0,15.0,100.0,100.0,,,0.0,,,,,,,,,,,,,,,,,,2026-01-01,1,2026,1.179245283018868,,,,,,0.01775147928994083,5,高档
202601,6901028114455,苏烟(软金砂),一类烟,381.6,450.0,0.012,0.0,0.0,,0.0,0.0,0.0,0.0,381.6,,,845.0,,,,,,,,,,,,,,,,,,,,,,,,,,,,,2026-01-01,1,2026,1.1792452830188678,,,1.0,,0.0,,5,高档
202601,6901028317177,玉溪(软),一类烟,201.4,230.0,8.224,8.192,41.24672,50350.0,2717.208,99.610895,25.137378,11.364126,201.4,0.112,0.092,845.0,19.0,19.0,2.25,100.0,82.14,19.0,100.0,100.0,,,0.0,,8.19,8.22,99.61,845.0,443.0,94.13,52.43,326.0,250.0,178.0,77.0,73.59,56.43,40.18,17.38,49.0,2026-01-01,1,2026,1.1420059582919562,0.2755158713226167,331.6904296875,-98.610895,8.309090909090909,0.04881268639053255,0.022485207100591716,5,高档
202601,6901028042758,娇子(宽窄逍遥),一类烟,678.4,800.0,,,,,0.444,,,,678.4,,,845.0,,,,,,,,,,,,,,,,,,,,,,,,,,,,,2026-01-01,1,2026,1.179245283018868,,,,,,,5,高档
202601,6901028937832,好猫(长乐九美),一类烟,175.0,200.0,3.096,3.076,13.4575,43750.0,467.424,99.354005,8.201385,3.707923,175.0,0.008,0.0,845.0,,,0.0,,0.0,,,,,,,,3.08,3.1,99.35,845.0,279.0,56.98,33.02,173.0,70.0,34.0,18.0,62.01,25.09,12.19,6.45,123.0,2026-01-01,1,2026,1.1428571428571428,0.27552836708155304,151.95838751625487,-98.354005,20.97142857142857,0.01592603550295858,,5,高档
202601,6901028242066,黄鹤楼(硬峡谷情),一类烟,339.2,400.0,0.552,0.392,3.32416,84800.0,714.58,71.014493,1.914985,1.02676,339.2,0.016,0.016,845.0,2.0,2.0,0.24,100.0,100.0,2.0,100.0,100.0,,,0.0,,0.39,0.55,71.01,845.0,62.0,2.13,7.34,15.0,0.0,0.0,0.0,24.19,0.0,0.0,0.0,62.0,2026-01-01,1,2026,1.179245283018868,0.30887803234501343,1822.9081632653063,-70.014493,,0.003933917159763314,0.002366863905325444,5,高档
202601,6901028010115,中南海(典8),三类烟,97.0,110.0,0.112,0.104,0.2522,24250.0,191.376,92.857143,0.162112,0.061072,97.0,0.04,0.04,845.0,2.0,2.0,0.24,100.0,100.0,2.0,100.0,100.0,,,0.0,,0.1,0.11,92.86,845.0,26.0,1.04,3.08,0.0,0.0,0.0,0.0,0.0,0.0,0.0,0.0,26.0,2026-01-01,1,2026,1.134020618556701,0.24215701823949248,1840.1538461538462,-91.857143,,0.00029846153846153846,0.002366863905325444,4,中高档
202601,6901028940504,红金龙(硬新版),四类烟,44.5,50.0,11.884,11.744,13.0652,11125.0,835.408,98.821945,8.725857,2.836111,44.5,3.3,3.26,845.0,451.0,357.0,42.25,79.16,98.79,352.0,83.93,98.6,,,0.0,,11.74,11.88,98.82,845.0,833.0,31.12,98.58,720.0,0.0,0.0,0.0,86.43,0.0,0.0,0.0,1.0,2026-01-01,1,2026,1.1235955056179776,0.21707367663717353,71.13487738419619,-97.821945,3.1763869132290186,0.015461775147928994,0.5337278106508876,3,中档
202601,6901028936996,好猫(招财猫1600),一类烟,158.0,180.0,,,,,174.716,,,,158.0,0.008,0.0,845.0,,,0.0,,0.0,,,,,,,,,,,,,,,,,,,,,,,,2026-01-01,1,2026,1.139240506329114,,,,,,,5,高档
202601,6901028025645,娇子(时代阳光),三类烟,71.0,80.0,16.956,16.892,29.9833,17750.0,485.08,99.622552,19.27396,7.259445,71.0,0.64,0.632,845.0,819.0,114.0,13.49,13.92,98.75,114.0,13.3,100.0,,,0.0,,16.89,16.96,99.62,845.0,819.0,67.57,96.92,789.0,699.0,0.0,0.0,96.34,85.35,0.0,0.0,25.0,2026-01-01,1,2026,1.1267605633802817,0.24211627806145422,28.71655221406583,-98.622552,inf,0.03548319526627219,0.9692307692307692,4,中高档
202601,4891132530116,红双喜(南洋经典),三类烟,67.95,80.0,0.02,0.0,0.0,,2.792,0.0,0.0,0.0,67.95,,,845.0,,,,,,,,,,,,,,,,,,,,,,,,,,,,,2026-01-01,1,2026,1.177336276674025,,,1.0,,0.0,,4,中高档
202601,6901028207508,利群(软红长嘴),一类烟,190.8,220.0,1.924,1.856,8.85312,47700.0,88.328,96.465696,5.395398,2.439242,190.8,1.988,1.944,845.0,261.0,202.0,23.91,77.39,97.79,202.0,78.26,100.0,,,0.0,,1.86,1.92,96.47,845.0,232.0,12.72,27.46,188.0,26.0,14.0,0.0,81.03,11.21,6.03,0.0,83.0,2026-01-01,1,2026,1.1530398322851152,0.2755234312875009,47.59051724137931,-95.465696,7.5925925925925934,0.010477065088757398,0.3088757396449704,5,高档
202601,6901028218634,黄鹤楼(硬1916红爆),一类烟,720.8,1000.0,3.344,3.28,59.1056,180200.0,584.872,98.086124,34.048466,18.257335,720.8,,,845.0,,,,,,,,,,,,,3.28,3.34,98.09,845.0,183.0,8.38,21.66,123.0,0.0,0.0,0.0,67.21,0.0,0.0,0.0,183.0,2026-01-01,1,2026,1.3873473917869035,0.30889348894182617,178.31463414634146,-97.086124,inf,0.06994745562130178,,5,高档
202601,6901028190374,黄鹤楼(硬15细支),一类烟,848.0,1000.0,0.368,0.352,7.4624,212000.0,87.684,95.652174,4.301591,2.302296,848.0,16.956,16.82,845.0,845.0,823.0,97.4,97.4,99.2,823.0,96.82,100.0,,,0.0,,0.35,0.37,95.65,845.0,46.0,1.26,5.44,4.0,4.0,0.0,0.0,8.7,8.7,0.0,0.0,46.0,2026-01-01,1,2026,1.179245283018868,0.30851951114922815,249.10227272727275,-94.652174,,0.008831242603550296,1.0,5,高档
202601,6901028013611,真龙(海韵),一类烟,445.2,500.0,,,,,12.896,,,,445.2,1.492,1.484,845.0,812.0,291.0,34.44,35.84,99.46,291.0,38.41,100.0,,,0.0,,,,,,,,,,,,,,,,,,2026-01-01,1,2026,1.1230907457322552,,,,,,0.9609467455621302,5,高档
202601,6901028005036,双喜(硬金五叶神),二类烟,121.9,140.0,1.884,1.876,5.71711,30475.0,579.86,99.575372,3.675241,1.384331,121.9,1.752,1.688,845.0,624.0,217.0,25.68,34.78,96.35,217.0,40.77,100.0,,,0.0,,1.88,1.88,99.58,845.0,371.0,20.04,43.91,98.0,0.0,0.0,0.0,26.42,0.0,0.0,0.0,74.0,2026-01-01,1,2026,1.1484823625922886,0.24213824817084156,309.0938166311301,-98.575372,1.6497175141242937,0.006765810650887574,0.7384615384615385,5,高档
202601,6901028012003,真龙(凌云),二类烟,121.9,150.0,,,,,273.376,,,,121.9,,,845.0,,,,,,,,,,,,,,,,,,,,,,,,,,,,,2026-01-01,1,2026,1.2305168170631664,,,,,,,5,高档
202601,6901028045919,云烟(软珍品),一类烟,206.7,230.0,2.792,2.76,14.2623,51675.0,1028.548,98.853868,8.692724,3.928756,206.7,15.516,15.324,845.0,844.0,788.0,93.25,93.36,98.76,786.0,101.43,99.75,,,0.0,,2.76,2.79,98.85,845.0,382.0,47.23,45.21,245.0,48.0,15.0,0.0,64.14,12.57,3.93,0.0,266.0,2026-01-01,1,2026,1.1127237542331883,0.27546440616169904,372.66231884057976,-97.853868,3.859154929577465,0.016878461538461537,0.9988165680473373,5,高档
202601,6901028057080,双喜(硬晶彩好日子),一类烟,158.0,180.0,1.492,1.484,5.8618,39500.0,167.4,99.463807,3.768315,1.419007,158.0,0.02,0.0,845.0,,,0.0,,0.0,,,,,,,,1.48,1.49,99.46,845.0,291.0,26.37,34.44,80.0,0.0,0.0,0.0,27.49,0.0,0.0,0.0,186.0,2026-01-01,1,2026,1.139240506329114,0.24207700706267699,112.80323450134772,-98.463807,,0.006937041420118343,,5,高档
202601,6901028165365,黄金叶(天香细支),一类烟,455.8,550.0,,,,,78.272,,,,455.8,0.008,0.008,845.0,2.0,2.0,0.24,100.0,100.0,2.0,100.0,100.0,,,0.0,,,,,,,,,,,,,,,,,,2026-01-01,1,2026,1.2066695919262835,,,,,,0.002366863905325444,5,高档
202601,6901028119009,利群(西子阳光),一类烟,275.6,310.0,0.096,0.08,0.5512,68900.0,101.776,83.333333,0.31752,0.17026,275.6,1.336,1.312,845.0,198.0,154.0,18.22,77.78,98.2,153.0,84.1,99.35,,,0.0,,0.08,0.1,83.33,845.0,10.0,0.82,1.18,10.0,0.0,0.0,0.0,100.0,0.0,0.0,0.0,9.0,2026-01-01,1,2026,1.1248185776487662,0.3088896952104499,1272.1999999999998,-82.333333,4.0,0.0006523076923076924,0.23431952662721894,5,高档
202601,6901028141147,七匹狼(蓝),三类烟,71.0,80.0,19.368,19.268,34.2007,17750.0,1957.188,99.483684,21.774558,8.491364,71.0,4.964,4.888,845.0,842.0,357.0,42.25,42.4,98.47,333.0,30.15,93.28,,,0.0,,19.27,19.37,99.48,845.0,817.0,59.32,96.69,751.0,485.0,0.0,0.0,91.92,59.36,0.0,0.0,3.0,2026-01-01,1,2026,1.1267605633802817,0.2482804153131369,101.57712269047126,-98.483684,,0.04047420118343195,0.9964497041420118,4,中高档
202601,8888075056014,555 (金天越),二类烟,119.09,140.0,,,,,3.36,,,,119.09,,,845.0,,,,,,,,,,,,,,,,,,,,,,,,,,,,,2026-01-01,1,2026,1.175581492988496,,,,,,,5,高档
202601,6901028180009,黄鹤楼(软珍品),一类烟,530.0,650.0,12.964,12.864,170.448,132500.0,5101.24,99.228633,98.188765,52.650348,530.0,204.608,204.072,845.0,845.0,844.0,99.88,99.88,99.74,833.0,103.0,98.7,,,0.0,,12.86,12.96,99.23,845.0,635.0,37.35,75.15,333.0,208.0,160.0,122.0,52.44,32.76,25.2,19.21,635.0,2026-01-01,1,2026,1.2264150943396226,0.30889390312588005,396.55161691542287,-98.228633,inf,0.20171360946745562,1.0,5,高档
202601,6901028079990,钻石(荷花),一类烟,275.6,320.0,7.232,7.116,49.02924,68900.0,836.98,98.396018,28.244095,15.144306,275.6,0.012,0.0,845.0,,,0.0,,0.0,,,,,,,,7.12,7.23,98.4,845.0,579.0,35.95,68.52,394.0,243.0,61.0,2.0,68.05,41.97,10.54,0.35,194.0,2026-01-01,1,2026,1.1611030478955007,0.3088831480969315,117.61944912872401,-97.396018,6.668103448275861,0.05802276923076923,,5,高档
202601,6901028151634,泰山(白将军),二类烟,114.5,130.0,3.044,3.012,8.62185,28625.0,445.748,98.948752,5.542117,2.088032,114.5,,,845.0,,,,,,,,,,,,,3.01,3.04,98.95,845.0,505.0,25.25,59.76,248.0,0.0,0.0,0.0,49.11,0.0,0.0,0.0,59.0,2026-01-01,1,2026,1.1353711790393013,0.24217911469116257,147.99070385126163,-97.948752,2.535211267605634,0.01020337278106509,,5,高档
202601,6901028188029,黄鹤楼(硬峡谷情细支),一类烟,263.0,300.0,11.392,11.268,74.0871,65750.0,2172.848,98.911517,42.679313,22.884261,263.0,12.08,12.024,845.0,832.0,800.0,94.67,96.15,99.54,799.0,95.13,99.88,,,0.0,,11.27,11.39,98.91,845.0,603.0,56.13,71.36,448.0,376.0,211.0,28.0,74.3,62.35,34.99,4.64,360.0,2026-01-01,1,2026,1.1406844106463878,0.3088832063881566,192.83351082712105,-97.911517,inf,0.08767704142011835,0.9846153846153847,5,高档
202601,6901028179492,红金龙(软蓝九州腾龙),四类烟,38.16,45.0,0.012,0.0,0.0,,0.324,0.0,0.0,0.0,38.16,31.64,31.384,845.0,845.0,843.0,99.76,99.76,99.19,843.0,109.38,100.0,,,0.0,,,,,,,,,,,,,,,,,,2026-01-01,1,2026,1.179245283018868,,,1.0,,0.0,1.0,3,中档
202601,6901028042635,娇子(宽窄好运),一类烟,263.0,300.0,0.64,0.632,4.1554,65750.0,756.064,98.75,2.39452,1.282772,263.0,,,845.0,,,,,,,,,,,,,0.63,0.64,98.75,845.0,114.0,32.43,13.49,44.0,0.0,0.0,0.0,38.6,0.0,0.0,0.0,37.0,2026-01-01,1,2026,1.1406844106463878,0.3087000048130144,1196.3037974683543,-97.75,16.555555555555557,0.004917633136094675,,5,高档
202601,6901028118187,利群(新版),二类烟,143.1,160.0,21.612,21.424,76.64436,35775.0,2188.844,99.130113,49.269926,18.55675,143.1,2.012,1.968,845.0,387.0,296.0,35.03,76.49,97.81,296.0,85.27,100.0,,,0.0,,21.42,21.61,99.13,845.0,830.0,78.3,98.22,801.0,656.0,600.0,379.0,96.51,79.04,72.29,45.66,7.0,2026-01-01,1,2026,1.1180992313067786,0.24211501015860787,102.16784914115011,-98.130113,6.397790055248619,0.09070338461538462,0.45798816568047335,5,高档
202601,6901028184250,黄鹤楼(硬1916),一类烟,848.0,1000.0,0.024,0.0,0.0,,0.004,0.0,0.0,0.0,848.0,1.312,1.268,845.0,153.0,153.0,18.11,100.0,96.65,153.0,100.0,100.0,,,0.0,,,,,,,,,,,,,,,,,,2026-01-01,1,2026,1.179245283018868,,,1.0,,0.0,0.18106508875739644,5,高档
202601,6901028190602,黄鹤楼(软雪之景),二类烟,121.9,140.0,16.956,16.82,51.25895,30475.0,955.472,99.197924,32.95038,12.41178,121.9,0.02,0.0,845.0,,,0.0,,0.0,,,,,,,,16.82,16.96,99.2,845.0,823.0,66.99,97.4,785.0,746.0,0.0,0.0,95.38,90.64,0.0,0.0,12.0,2026-01-01,1,2026,1.1484823625922886,0.2421387874702857,56.805707491082046,-98.197924,2.0448950036205646,0.060661479289940826,,5,高档
202601,6901028149921,哈德门(纯香),三类烟,47.7,55.0,0.004,0.0,0.0,,87.076,0.0,0.0,0.0,47.7,,,845.0,,,,,,,,,,,,,,,,,,,,,,,,,,,,,2026-01-01,1,2026,1.1530398322851152,,,1.0,,0.0,,3,中档
202601,6901028121828,利群(江南韵),一类烟,225.0,260.0,1.32,1.312,7.38,56250.0,120.112,99.393939,4.497864,2.033252,225.0,1.924,1.856,845.0,261.0,232.0,27.46,88.89,96.47,232.0,98.72,100.0,,,0.0,,1.31,1.32,99.39,845.0,183.0,11.17,21.66,63.0,58.0,0.0,0.0,34.43,31.69,0.0,0.0,182.0,2026-01-01,1,2026,1.1555555555555554,0.27550840108401087,91.54878048780488,-98.393939,,0.008733727810650887,0.3088757396449704,5,高档
202601,6901028178105,黄鹤楼(硬天下胜景),一类烟,212.0,260.0,3.3,3.26,17.278,53000.0,361.024,98.787879,10.5298,4.760415,212.0,0.012,0.0,845.0,,,0.0,,0.0,,,,,,,,3.26,3.3,98.79,845.0,357.0,14.33,42.25,68.0,0.0,0.0,0.0,19.05,0.0,0.0,0.0,189.0,2026-01-01,1,2026,1.2264150943396226,0.27551886792452834,110.7435582822086,-97.787879,4.659722222222222,0.020447337278106506,,5,高档
202601,6901028230186,天子(C位),一类烟,201.4,230.0,0.076,0.076,0.38266,50350.0,73.516,100.0,0.233206,0.105431,201.4,0.008,0.0,845.0,,,0.0,,0.0,,,,,,,,0.08,0.08,100.0,845.0,15.0,0.52,1.78,4.0,0.0,0.0,0.0,26.67,0.0,0.0,0.0,15.0,2026-01-01,1,2026,1.1420059582919562,0.27552135054617677,967.3157894736843,-99.0,,0.00045285207100591714,,5,高档
202601,6901028178259,黄鹤楼(1916中支),一类烟,1000.0,1200.0,0.012,0.0,0.0,,38.384,0.0,0.0,0.0,1000.0,0.34,0.324,845.0,63.0,61.0,7.22,96.83,95.29,61.0,97.59,100.0,,,0.0,,,,,,,,,,,,,,,,,,2026-01-01,1,2026,1.2,,,1.0,,0.0,0.07455621301775148,5,高档
202601,6901028324830,红塔山(细支传奇),二类烟,155.0,180.0,1.24,1.196,4.6345,38750.0,790.176,96.451613,2.979265,1.122118,155.0,,,845.0,,,,,,,,,,,,,1.2,1.24,96.45,845.0,163.0,14.69,19.29,82.0,46.0,8.0,0.0,50.31,28.22,4.91,0.0,63.0,2026-01-01,1,2026,1.1612903225806452,0.2421227748408674,660.6822742474917,-95.451613,298.0,0.005484615384615385,,5,高档
202601,6901028062350,南京(十二钗薄荷),一类烟,188.68,220.0,0.164,0.156,0.735852,47170.0,50.74,95.121951,0.448461,0.202728,188.68,12.06,11.896,845.0,711.0,767.0,90.77,107.88,98.64,767.0,113.51,100.0,,,0.0,,0.16,0.16,95.12,845.0,27.0,0.87,3.2,4.0,0.0,0.0,0.0,14.81,0.0,0.0,0.0,27.0,2026-01-01,1,2026,1.165995336018656,0.2755010518419465,325.2564102564103,-94.121951,,0.0008708307692307692,0.8414201183431953,5,高档
202601,6901028301695,南京(软九五),一类烟,720.8,1000.0,0.008,0.008,0.14416,180200.0,29.616,100.0,0.083106,0.04447,720.8,9.904,9.82,845.0,842.0,562.0,66.51,66.75,99.15,562.0,62.93,100.0,,,0.0,,0.01,0.01,100.0,845.0,2.0,0.05,0.24,0.0,0.0,0.0,0.0,0.0,0.0,0.0,0.0,2.0,2026-01-01,1,2026,1.3873473917869035,0.308476692563818,3702.0,-99.0,,0.000170603550295858,0.9964497041420118,5,高档
202601,6901028247375,双喜(春天·咖路里),一类烟,225.0,260.0,0.9,0.856,4.815,56250.0,163.888,95.111111,2.934582,1.326583,225.0,,,845.0,,,,,,,,,,,,,0.86,0.9,95.11,845.0,119.0,25.03,14.08,50.0,18.0,14.0,10.0,42.02,15.13,11.76,8.4,31.0,2026-01-01,1,2026,1.1555555555555554,0.2755104880581516,191.45794392523365,-94.111111,-0.34954407294832834,0.005698224852071007,,5,高档
202601,6901028165242,黄金叶(爱尚),二类烟,139.92,160.0,0.26,0.26,0.90948,34980.0,398.892,100.0,0.584675,0.220155,139.92,,,845.0,,,,,,,,,,,,,0.26,0.26,100.0,845.0,65.0,1.86,7.69,0.0,0.0,0.0,0.0,0.0,0.0,0.0,0.0,3.0,2026-01-01,1,2026,1.1435105774728418,0.24206689536878215,1534.2,-99.0,-0.5185185185185186,0.0010763076923076922,,5,高档
202601,6901028252959,黄金叶(大成),一类烟,263.0,300.0,0.252,0.244,1.6043,65750.0,172.372,96.825397,0.92415,0.495564,263.0,0.008,0.0,845.0,,,0.0,,0.0,,,,,,,,0.24,0.25,96.83,845.0,41.0,2.38,4.85,12.0,8.0,0.0,0.0,29.27,19.51,0.0,0.0,22.0,2026-01-01,1,2026,1.1406844106463878,0.30889733840304184,706.4426229508198,-95.825397,1.44,0.0018985798816568047,,5,高档
202601,6901028092432,人民大会堂(红细支),一类烟,225.0,260.0,0.28,0.26,1.4625,56250.0,99.364,92.857143,0.891345,0.402935,225.0,1.236,1.172,845.0,431.0,250.0,29.59,58.0,94.82,250.0,61.3,100.0,,,0.0,,0.26,0.28,92.86,845.0,52.0,2.07,6.15,13.0,0.0,0.0,0.0,25.0,0.0,0.0,0.0,24.0,2026-01-01,1,2026,1.1555555555555554,0.2755111111111111,382.16923076923075,-91.857143,-0.015151515151515138,0.0017307692307692306,0.5100591715976331,5,高档
202601,6901028059114,好猫(细支长乐吉祥),一类烟,225.0,260.0,0.168,0.164,0.9225,56250.0,75.148,97.619048,0.562233,0.254159,225.0,,,845.0,,,,,,,,,,,,,0.16,0.17,97.62,845.0,16.0,1.34,1.89,13.0,12.0,0.0,0.0,81.25,75.0,0.0,0.0,16.0,2026-01-01,1,2026,1.1555555555555554,0.27551111111111115,458.2195121951219,-96.619048,,0.0010917159763313609,,5,高档
202601,6901028325257,玉溪(细支缤果爆),一类烟,225.0,260.0,0.112,0.092,0.5175,56250.0,124.792,82.142857,0.315399,0.142577,225.0,21.612,21.424,845.0,834.0,830.0,98.22,99.52,99.13,829.0,112.33,99.88,,,0.0,,0.09,0.11,82.14,845.0,19.0,0.63,2.25,4.0,0.0,0.0,0.0,21.05,0.0,0.0,0.0,19.0,2026-01-01,1,2026,1.1555555555555554,0.27551111111111115,1356.4347826086957,-81.142857,,0.0006124260355029585,0.98698224852071,5,高档
202601,6901028268981,娇子(宽窄锦上细支),一类烟,263.0,300.0,0.252,0.228,1.4991,65750.0,118.26,90.47619,0.86355,0.463072,263.0,0.0132,0.0132,845.0,42.0,40.0,4.73,95.24,100.0,40.0,41.25,100.0,,,0.0,,0.23,0.25,90.48,845.0,18.0,1.53,2.13,15.0,12.0,4.0,4.0,83.33,66.67,22.22,22.22,18.0,2026-01-01,1,2026,1.1406844106463878,0.308900006670669,518.6842105263158,-89.47619,,0.0017740828402366866,0.04970414201183432,5,高档
202601,6901028275668,芙蓉王(硬中支),一类烟,263.0,300.0,0.248,0.248,1.6306,65750.0,221.36,100.0,0.9393,0.503688,263.0,0.476,0.464,845.0,47.0,47.0,5.56,100.0,97.48,47.0,97.48,100.0,,,0.0,,0.25,0.25,100.0,845.0,47.0,1.69,5.56,15.0,0.0,0.0,0.0,31.91,0.0,0.0,0.0,47.0,2026-01-01,1,2026,1.1406844106463878,0.30889733840304184,892.5806451612904,-99.0,,0.0019297041420118343,0.05562130177514793,5,高档
202601,6901028218900,黄鹤楼(3mg),一类烟,424.0,500.0,0.248,0.24,2.544,106000.0,48.048,96.774194,1.4655,0.78582,424.0,35.5,35.1,845.0,830.0,714.0,84.5,86.02,98.87,705.0,83.33,98.74,,,0.0,,0.24,0.25,96.77,845.0,28.0,1.58,3.31,15.0,15.0,0.0,0.0,53.57,53.57,0.0,0.0,28.0,2026-01-01,1,2026,1.179245283018868,0.30889150943396226,200.20000000000002,-95.774194,,0.0030106508875739645,0.9822485207100592,5,高档
202601,6901028271547,黄鹤楼(1916小蜜蜂),一类烟,678.4,800.0,1.016,0.992,16.82432,169600.0,366.704,97.637795,9.69184,5.19694,678.4,,,845.0,,,,,,,,,,,,,0.99,1.02,97.64,845.0,71.0,3.22,8.4,47.0,0.0,0.0,0.0,66.2,0.0,0.0,0.0,71.0,2026-01-01,1,2026,1.179245283018868,0.3088945050973828,369.66129032258067,-96.637795,,0.019910437869822484,,5,高档
202601,6901028268950,娇子(格调中支),一类烟,175.0,200.0,0.152,0.152,0.665,43750.0,114.76,100.0,0.40527,0.183234,175.0,0.252,0.228,845.0,18.0,18.0,2.13,100.0,90.48,18.0,95.0,100.0,,,0.0,,0.15,0.15,100.0,845.0,15.0,0.98,1.78,15.0,4.0,2.0,0.0,100.0,26.67,13.33,0.0,15.0,2026-01-01,1,2026,1.1428571428571428,0.27553984962406014,755.0,-99.0,,0.0007869822485207101,0.021301775147928994,5,高档
202601,6901028271004,黄鹤楼(冰咖),一类烟,225.0,260.0,0.016,0.016,0.09,56250.0,,,,,225.0,1.016,0.992,845.0,71.0,71.0,8.4,100.0,97.64,71.0,100.0,100.0,,,0.0,,0.02,0.02,100.0,845.0,2.0,0.11,0.24,2.0,0.0,0.0,0.0,100.0,0.0,0.0,0.0,2.0,2026-01-01,1,2026,1.1555555555555554,,,,,0.00010650887573964496,0.08402366863905325,5,高档
202602,6901028301695,南京(软九五),一类烟,720.8,1000.0,,,,,18.952,,,,720.8,1.708,1.692,842.0,813.0,423.0,50.24,52.03,99.06,423.0,52.03,100.0,,,0.0,,,,,,,,,,,,,,,,,,2026-02-01,2,2026,1.3873473917869035,,,,,,0.9655581947743468,5,高档
202602,6901028104241,哈尔滨(老巴夺),三类烟,97.0,110.0,,,,,0.0,,,,,,,,,,,,,,,,,,,,,,,,,,,,,,,,,,,,2026-02-01,2,2026,1.134020618556701,,,,,,,4,中高档
202602,6901028221351,贵烟(新贵),三类烟,93.28,110.0,,,,,182.972,,,,,,,,,,,,,,,,,,,,,,,,,,,,,,,,,,,,2026-02-01,2,2026,1.179245283018868,,,,,,,4,中高档
202602,6901028045919,云烟(软珍品),一类烟,206.7,230.0,1.228,1.22,6.30435,51675.0,953.772,99.348534,3.842387,1.736673,206.7,0.004,0.0,842.0,,,,,0.0,,,,,,,,1.22,1.23,99.35,842.0,269.0,38.84,31.95,36.0,0.0,0.0,0.0,13.38,0.0,0.0,0.0,18.0,2026-02-01,2,2026,1.1127237542331883,0.27547217397511237,781.7803278688525,-98.348534,-0.5579710144927537,0.007487351543942994,,5,高档
202602,6901028165365,黄金叶(天香细支),一类烟,455.8,550.0,,,,,67.304,,,,,,,,,,,,,,,,,,,,,,,,,,,,,,,,,,,,2026-02-01,2,2026,1.2066695919262835,,,,,,,5,高档
202602,6901028018722,中华(双中支),一类烟,424.0,500.0,0.12,0.12,1.272,106000.0,168.328,100.0,0.732757,0.392903,424.0,4.16,4.068,842.0,651.0,491.0,58.31,75.42,97.79,489.0,35.04,99.59,,,0.0,,0.12,0.12,100.0,842.0,15.0,1.95,1.78,15.0,0.0,0.0,0.0,100.0,0.0,0.0,0.0,,2026-02-01,2,2026,1.179245283018868,0.3088860062893082,1402.7333333333333,-99.0,1.0,0.0015106888361045131,0.7731591448931117,5,高档
202602,6901028063371,白沙(硬新精品二代),三类烟,97.0,110.0,0.004,0.0,0.0,,403.868,0.0,0.0,0.0,97.0,0.472,0.464,842.0,103.0,85.0,10.1,82.52,98.31,85.0,56.59,100.0,,,0.0,,,,,,,,,,,,,,,,,,2026-02-01,2,2026,1.134020618556701,,,1.0,-1.0,0.0,0.12232779097387174,4,中高档
202602,8888075034715,555(国际版),一类烟,254.92,300.0,,,,,4.588,,,,254.92,,,842.0,,,,,,,,,,,,,,,,,,,,,,,,,,,,,2026-02-01,2,2026,1.1768397928761964,,,,,,,5,高档
202602,6901028000833,双喜(软经典),三类烟,97.0,110.0,15.952,15.628,37.8979,24250.0,1375.52,97.968907,24.360149,9.177541,97.0,,,842.0,,,,,,,,,,,,,15.63,15.95,97.97,842.0,822.0,87.85,97.62,767.0,0.0,0.0,0.0,93.31,0.0,0.0,0.0,1.0,2026-02-01,2,2026,1.134020618556701,0.24216489568023558,88.01638085487586,-96.968907,0.5303564433999217,0.04500938242280285,,4,中高档
202602,6901028136891,金圣(硬红·十二生肖),三类烟,61.5,70.0,,,,,710.452,,,,,,,,,,,,,,,,,,,,,,,,,,,,,,,,,,,,2026-02-01,2,2026,1.1382113821138211,,,,,,,3,中档
202602,6901028178259,黄鹤楼(1916中支),一类烟,1000.0,1200.0,0.032,0.0,0.0,,5.992,0.0,0.0,0.0,1000.0,0.16,0.152,842.0,36.0,34.0,4.04,94.44,95.0,34.0,95.0,100.0,,,0.0,,,,,,,,,,,,,,,,,,2026-02-01,2,2026,1.2,,,1.0,,0.0,0.04275534441805225,5,高档
202602,6901028181815,红金龙(硬蓝爱你),三类烟,97.0,110.0,3.244,3.228,7.8279,24250.0,1124.056,99.506782,5.031654,1.895634,97.0,0.016,0.0,842.0,,,,,0.0,,,,,,,,3.23,3.24,99.51,842.0,485.0,43.21,57.6,206.0,0.0,0.0,0.0,42.47,0.0,0.0,0.0,1.0,2026-02-01,2,2026,1.134020618556701,0.2421637987199632,348.2205700123916,-98.506782,11.227272727272727,0.009296793349168646,,4,中高档
202602,6901028071536,中南海(5mg细支),二类烟,121.9,140.0,0.304,0.296,0.90206,30475.0,25.192,97.368421,0.579864,0.218448,121.9,0.008,0.008,842.0,2.0,2.0,0.24,100.0,100.0,2.0,100.0,100.0,,,0.0,,0.3,0.3,97.37,842.0,74.0,16.74,8.79,0.0,0.0,0.0,0.0,0.0,0.0,0.0,0.0,39.0,2026-02-01,2,2026,1.1484823625922886,0.2421657095980312,85.10810810810811,-96.368421,,0.0010713301662707837,0.0023752969121140144,5,高档
202602,6901028180818,黄鹤楼(天下名楼),二类烟,139.92,160.0,1.316,1.304,4.561392,34980.0,1399.912,99.088146,2.93239,1.104142,139.92,4.576,4.316,842.0,331.0,325.0,38.6,98.19,94.32,325.0,67.4,100.0,,,0.0,,1.3,1.32,99.09,842.0,326.0,24.09,38.72,0.0,0.0,0.0,0.0,0.0,0.0,0.0,0.0,2.0,2026-02-01,2,2026,1.1435105774728418,0.2420625107423348,1073.5521472392638,-98.088146,-0.31941544885177453,0.005417330166270783,0.39311163895486934,5,高档
202602,6901028218634,黄鹤楼(硬1916红爆),一类烟,720.8,1000.0,1.056,1.044,18.81288,180200.0,413.008,98.863636,10.837378,5.81129,720.8,2.808,2.792,842.0,580.0,448.0,53.21,77.24,99.43,448.0,76.2,100.0,,,0.0,,1.04,1.06,98.86,842.0,261.0,11.42,31.0,0.0,0.0,0.0,0.0,0.0,0.0,0.0,0.0,231.0,2026-02-01,2,2026,1.3873473917869035,0.3088995411654143,395.6015325670498,-97.863636,-0.6817073170731707,0.022343087885985748,0.6888361045130641,5,高档
202602,6901028207508,利群(软红长嘴),一类烟,190.8,220.0,1.228,1.212,5.78124,47700.0,55.948,98.697068,3.523284,1.592871,190.8,0.988,0.976,842.0,387.0,232.0,27.55,59.95,98.79,232.0,38.98,100.0,,,0.0,,1.21,1.23,98.7,842.0,168.0,20.8,19.95,117.0,0.0,0.0,0.0,69.64,0.0,0.0,0.0,4.0,2026-02-01,2,2026,1.1530398322851152,0.275524109014675,46.161716171617165,-97.697068,-0.3469827586206897,0.006866080760095012,0.45961995249406173,5,高档
202602,6901028190374,黄鹤楼(硬15细支),一类烟,848.0,1000.0,0.148,0.148,3.1376,212000.0,18.652,100.0,1.808063,0.968565,848.0,17.684,17.412,842.0,842.0,790.0,93.82,93.82,98.46,779.0,63.02,98.61,,,0.0,,0.15,0.15,100.0,842.0,18.0,2.21,2.14,15.0,0.0,0.0,0.0,83.33,0.0,0.0,0.0,,2026-02-01,2,2026,1.179245283018868,0.3086961371749108,126.02702702702705,-99.0,-0.5795454545454546,0.0037263657957244656,1.0,5,高档
202602,6901028005036,双喜(硬金五叶神),二类烟,121.9,140.0,0.736,0.736,2.24296,30475.0,702.612,100.0,1.441836,0.543156,121.9,2.316,2.3,842.0,842.0,247.0,29.33,29.33,99.31,237.0,17.7,95.95,,,0.0,,0.74,0.74,100.0,842.0,184.0,20.67,21.85,0.0,0.0,0.0,0.0,0.0,0.0,0.0,0.0,3.0,2026-02-01,2,2026,1.1484823625922886,0.2421603595249135,954.6358695652174,-99.0,-0.6076759061833689,0.0026638479809976247,1.0,5,高档
202602,6901028079990,钻石(荷花),一类烟,275.6,320.0,3.052,3.032,20.89048,68900.0,112.08,99.344692,12.034251,6.452858,275.6,0.004,0.0,842.0,,,,,0.0,,,,,,,,3.03,3.05,99.34,842.0,423.0,18.64,50.24,0.0,0.0,0.0,0.0,0.0,0.0,0.0,0.0,9.0,2026-02-01,2,2026,1.1611030478955007,0.30888988668522693,36.96569920844327,-98.344692,-0.5739179314221472,0.024810546318289786,,5,高档
202602,6901028317177,玉溪(软),一类烟,201.4,230.0,3.196,3.172,15.97102,50350.0,2688.1,99.249061,9.733326,4.400313,201.4,,,842.0,,,,,,,,,,,,,3.17,3.2,99.25,842.0,334.0,87.85,39.67,206.0,0.0,0.0,0.0,61.68,0.0,0.0,0.0,11.0,2026-02-01,2,2026,1.1420059582919562,0.2755185955562012,847.4464060529633,-98.249061,-0.61279296875,0.01896795724465558,,5,高档
202602,6901028937832,好猫(长乐九美),一类烟,175.0,200.0,1.472,1.456,6.37,43750.0,288.988,98.913043,3.88206,1.755208,175.0,0.008,0.0,842.0,,,,,0.0,,,,,,,,1.46,1.47,98.91,842.0,232.0,87.85,27.55,132.0,0.0,0.0,0.0,56.9,0.0,0.0,0.0,44.0,2026-02-01,2,2026,1.1428571428571428,0.27554285714285714,198.48076923076923,-97.913043,-0.5266579973992198,0.007565320665083136,,5,高档
202602,6901028940504,红金龙(硬新版),四类烟,44.5,50.0,0.064,0.0,0.0,,1504.736,0.0,0.0,0.0,44.5,0.392,0.392,842.0,74.0,70.0,8.31,94.59,100.0,70.0,77.17,100.0,,,0.0,,,,,,,,,,,,,,,,,,2026-02-01,2,2026,1.1235955056179776,,,1.0,-1.0,0.0,0.08788598574821853,3,中档
202602,6901028010115,中南海(典8),三类烟,97.0,110.0,0.044,0.044,0.1067,24250.0,261.928,100.0,0.068585,0.025839,97.0,,,842.0,,,,,,,,,,,,,0.04,0.04,100.0,842.0,11.0,1.6,1.31,0.0,0.0,0.0,0.0,0.0,0.0,0.0,0.0,,2026-02-01,2,2026,1.134020618556701,0.24216494845360825,5952.909090909091,-99.0,-0.5769230769230769,0.00012672209026128267,,4,中高档
202602,6901028145077,娇子(宽窄好运细支),一类烟,225.0,260.0,0.924,0.904,5.085,56250.0,626.532,97.835498,3.099144,1.400968,225.0,,,842.0,,,,,,,,,,,,,0.9,0.92,97.84,842.0,198.0,38.84,23.52,28.0,0.0,0.0,0.0,14.14,0.0,0.0,0.0,12.0,2026-02-01,2,2026,1.1555555555555554,0.27550993117010814,693.066371681416,-96.835498,-0.7737737737737738,0.006039192399049881,,5,高档
202602,6901028185912,黄鹤楼(硬红),一类烟,190.8,220.0,54.08,53.884,257.02668,47700.0,5834.108,99.637574,156.640813,70.816709,190.8,4.06,4.056,842.0,768.0,523.0,62.11,68.1,99.9,521.0,51.16,99.62,,,0.0,,53.88,54.08,99.64,842.0,833.0,87.85,98.93,777.0,0.0,0.0,0.0,93.28,0.0,0.0,0.0,,2026-02-01,2,2026,1.1530398322851152,0.2755227939760962,108.2716205181501,-98.637574,-0.745368970210192,0.30525733966745844,0.9121140142517815,5,高档
202602,6901028009744,双喜(勿忘我),一类烟,175.0,200.0,2.316,2.3,10.0625,43750.0,87.392,99.309154,6.132375,2.772478,175.0,1.232,1.212,842.0,842.0,108.0,12.83,12.83,98.38,97.0,7.46,89.81,,,0.0,,2.3,2.32,99.31,842.0,247.0,87.85,29.33,156.0,0.0,0.0,0.0,63.16,0.0,0.0,0.0,42.0,2026-02-01,2,2026,1.1428571428571428,0.27552576397515527,37.996521739130436,-98.309154,0.36255924170616116,0.011950712589073634,1.0,5,高档
202602,6901028942911,双喜(软珍品好日子),二类烟,137.8,160.0,,,,,131.148,,,,137.8,,,842.0,,,,,,,,,,,,,,,,,,,,,,,,,,,,,2026-02-01,2,2026,1.1611030478955007,,,,,,,5,高档
202602,6901028275668,芙蓉王(硬中支),一类烟,263.0,300.0,0.036,0.036,0.2367,65750.0,350.088,100.0,0.13635,0.073116,263.0,0.06,0.06,842.0,15.0,15.0,1.78,100.0,100.0,15.0,100.0,100.0,,,0.0,,0.04,0.04,100.0,842.0,9.0,3.68,1.07,0.0,0.0,0.0,0.0,0.0,0.0,0.0,0.0,,2026-02-01,2,2026,1.1406844106463878,0.30889733840304184,9724.666666666668,-99.0,-0.8548387096774194,0.0002811163895486936,0.017814726840855107,5,高档
202602,6901028104302,龙烟(老巴夺传琦),一类烟,225.0,260.0,0.268,0.256,1.44,56250.0,168.176,95.522388,0.877632,0.396736,225.0,,,842.0,,,,,,,,,,,,,0.26,0.27,95.52,842.0,64.0,35.16,7.6,0.0,0.0,0.0,0.0,0.0,0.0,0.0,0.0,,2026-02-01,2,2026,1.1555555555555554,0.2755111111111111,656.9374999999999,-94.522388,-0.8501170960187354,0.0017102137767220902,,5,高档
202602,6901028075015,中华(硬),一类烟,381.6,450.0,4.16,4.068,38.80872,95400.0,523.14,97.788462,22.3557,11.988386,381.6,3.48,3.228,842.0,450.0,405.0,48.1,90.0,92.76,401.0,54.53,99.01,,,0.0,,4.07,4.16,97.79,842.0,491.0,58.09,58.31,148.0,0.0,0.0,0.0,30.14,0.0,0.0,0.0,5.0,2026-02-01,2,2026,1.1792452830188678,0.30890959557542735,128.59882005899706,-96.788462,-0.668189233278956,0.04609111638954869,0.5344418052256532,5,高档
202602,6901028224642,金圣(青瓷),一类烟,158.0,180.0,2.544,2.54,10.033,39500.0,814.824,99.842767,6.449696,2.428874,158.0,0.044,0.044,842.0,19.0,11.0,1.31,57.89,100.0,11.0,29.73,100.0,,,0.0,,2.54,2.54,99.84,842.0,381.0,87.85,45.25,254.0,0.0,0.0,0.0,66.67,0.0,0.0,0.0,18.0,2026-02-01,2,2026,1.139240506329114,0.2420885079238513,320.79685039370077,-98.842767,-0.6839223494275759,0.011915676959619951,0.022565320665083134,5,高档
202602,6901028164177,红旗渠(雪茄),四类烟,44.5,50.0,0.012,0.0,0.0,,0.0,0.0,0.0,0.0,44.5,1.244,1.224,842.0,431.0,306.0,36.34,71.0,98.39,306.0,65.25,100.0,,,0.0,,,,,,,,,,,,,,,,,,2026-02-01,2,2026,1.1235955056179776,,,1.0,,0.0,0.5118764845605701,3,中档
202602,6901028191142,白沙(硬),三类烟,71.0,80.0,,,,,301.6,,,,71.0,0.004,0.0,842.0,,,,,0.0,,,,,,,,,,,,,,,,,,,,,,,,2026-02-01,2,2026,1.1267605633802817,,,,,,,4,中高档
202602,6901028111546,南京(雨花石),一类烟,455.8,530.0,0.056,0.056,0.63812,113950.0,65.332,100.0,0.367598,0.197106,455.8,0.016,0.016,842.0,4.0,4.0,0.48,100.0,100.0,4.0,100.0,100.0,,,0.0,,0.06,0.06,100.0,842.0,14.0,0.65,1.66,0.0,0.0,0.0,0.0,0.0,0.0,0.0,0.0,,2026-02-01,2,2026,1.1627906976744187,0.30888547608600264,1166.642857142857,-99.0,-0.7142857142857143,0.0007578622327790974,0.004750593824228029,5,高档
202602,6901028188081,黄鹤楼(硬银紫),二类烟,114.5,130.0,13.768,13.68,39.159,28625.0,1695.164,99.360837,25.171203,9.482617,114.5,0.148,0.148,842.0,18.0,18.0,2.14,100.0,100.0,18.0,62.71,100.0,,,0.0,,13.68,13.77,99.36,842.0,779.0,52.68,92.52,0.0,0.0,0.0,0.0,0.0,0.0,0.0,0.0,6.0,2026-02-01,2,2026,1.1353711790393013,0.2421567711126433,123.9154970760234,-98.360837,0.13772455089820368,0.04650712589073634,0.021377672209026127,5,高档
202602,6901028084321,娇子(软阳光),三类烟,88.0,100.0,1.184,1.172,2.5784,22000.0,852.8,98.986486,1.657501,0.624383,88.0,1.108,1.104,842.0,580.0,276.0,32.78,47.59,99.64,276.0,35.61,100.0,,,0.0,,1.17,1.18,98.99,842.0,293.0,20.67,34.8,0.0,0.0,0.0,0.0,0.0,0.0,0.0,0.0,,2026-02-01,2,2026,1.1363636363636365,0.24215909090909093,727.6450511945393,-97.986486,-0.9583865928135208,0.003062232779097387,0.6888361045130641,4,中高档
202602,6901028216166,利群(软蓝),一类烟,159.0,180.0,0.988,0.976,3.8796,39750.0,511.116,98.785425,2.493924,0.9394,159.0,,,842.0,,,,,,,,,,,,,0.98,0.99,98.79,842.0,232.0,25.78,27.55,0.0,0.0,0.0,0.0,0.0,0.0,0.0,0.0,42.0,2026-02-01,2,2026,1.1320754716981132,0.24213836477987422,523.6844262295082,-97.785425,-0.4979423868312757,0.004607600950118765,,5,高档
202602,6901028112505,南京(大观园爆冰),一类烟,263.0,300.0,0.016,0.016,0.1052,65750.0,137.74,100.0,0.06067,0.032426,263.0,0.008,0.008,842.0,2.0,2.0,0.24,100.0,100.0,2.0,100.0,100.0,,,0.0,,0.02,0.02,100.0,842.0,4.0,0.17,0.48,0.0,0.0,0.0,0.0,0.0,0.0,0.0,0.0,,2026-02-01,2,2026,1.1406844106463878,0.3082319391634981,8608.75,-99.0,-0.8620689655172413,0.00012494061757719715,0.0023752969121140144,5,高档
202602,6901028121828,利群(江南韵),一类烟,225.0,260.0,0.784,0.776,4.365,56250.0,53.524,98.979592,2.660322,1.202606,225.0,1.228,1.212,842.0,198.0,168.0,19.95,84.85,98.7,168.0,60.6,100.0,,,0.0,,0.78,0.78,98.98,842.0,177.0,21.5,21.02,17.0,0.0,0.0,0.0,9.6,0.0,0.0,0.0,27.0,2026-02-01,2,2026,1.1555555555555554,0.2755111111111111,68.97422680412372,-97.979592,-0.4085365853658537,0.0051840855106888364,0.23515439429928742,5,高档
202602,6901028193504,芙蓉王(硬),一类烟,218.36,250.0,2.84,2.832,15.459888,54590.0,1360.384,99.71831,9.422084,4.259308,218.36,,,842.0,,,,,,,,,,,,,2.83,2.84,99.72,842.0,361.0,42.52,42.87,330.0,0.0,0.0,0.0,91.41,0.0,0.0,0.0,26.0,2026-02-01,2,2026,1.1448983330280271,0.27550704118943165,480.361581920904,-98.71831,1.29126213592233,0.01836091211401425,,5,高档
202602,6901028271004,黄鹤楼(冰咖),一类烟,225.0,260.0,0.112,0.112,0.63,56250.0,94.612,100.0,0.383964,0.17357,225.0,0.892,0.884,842.0,123.0,119.0,14.13,96.75,99.1,119.0,68.85,100.0,,,0.0,,0.11,0.11,100.0,842.0,24.0,2.38,2.85,2.0,0.0,0.0,0.0,8.33,0.0,0.0,0.0,22.0,2026-02-01,2,2026,1.1555555555555554,0.27550793650793653,844.7499999999999,-99.0,6.0,0.0007482185273159145,0.14608076009501186,5,高档
202602,6901028009805,双喜(百年经典),一类烟,175.0,200.0,1.232,1.212,5.3025,43750.0,359.088,98.376623,3.231544,1.460875,175.0,0.988,0.968,842.0,842.0,111.0,13.18,13.18,97.98,108.0,7.45,97.3,,,0.0,,1.21,1.23,98.38,842.0,108.0,87.85,12.83,53.0,0.0,0.0,0.0,49.07,0.0,0.0,0.0,28.0,2026-02-01,2,2026,1.1428571428571428,0.2755068363979255,296.2772277227723,-97.376623,0.6557377049180328,0.006297505938242281,1.0,5,高档
202602,6901028149921,哈德门(纯香),三类烟,47.7,55.0,0.004,0.0,0.0,,52.416,0.0,0.0,0.0,47.7,4.812,4.792,842.0,842.0,604.0,71.73,71.73,99.58,603.0,53.94,99.83,,,0.0,,,,,,,,,,,,,,,,,,2026-02-01,2,2026,1.1530398322851152,,,1.0,,0.0,1.0,3,中档
202602,6901028151634,泰山(白将军),二类烟,114.5,130.0,4.812,4.792,13.7171,28625.0,215.424,99.584372,8.817324,3.321806,114.5,,,842.0,,,,,,,,,,,,,4.79,4.81,99.58,842.0,604.0,77.77,71.73,390.0,0.0,0.0,0.0,64.57,0.0,0.0,0.0,49.0,2026-02-01,2,2026,1.1353711790393013,0.24216532649029313,44.954924874791324,-98.584372,0.5909694555112881,0.016291092636579574,,5,高档
202602,6901028042635,娇子(宽窄好运),一类烟,263.0,300.0,0.496,0.488,3.2086,65750.0,696.66,98.387097,1.848496,0.99099,263.0,1.184,1.172,842.0,301.0,293.0,34.8,97.34,98.99,293.0,61.3,100.0,,,0.0,,0.49,0.5,98.39,842.0,64.0,35.16,7.6,0.0,0.0,0.0,0.0,0.0,0.0,0.0,0.0,11.0,2026-02-01,2,2026,1.1406844106463878,0.30885432899083715,1427.5819672131147,-97.387097,-0.22784810126582278,0.0038106888361045133,0.35748218527315917,5,高档
202602,6901028179492,红金龙(软蓝九州腾龙),四类烟,38.16,45.0,,,,,0.324,,,,,,,,,,,,,,,,,,,,,,,,,,,,,,,,,,,,2026-02-01,2,2026,1.179245283018868,,,,,,,3,中档
202602,6901028143585,七匹狼(蓝钻),二类烟,114.5,130.0,,,,,0.0,,,,,,,,,,,,,,,,,,,,,,,,,,,,,,,,,,,,2026-02-01,2,2026,1.1353711790393013,,,,,,,5,高档
202602,6901028188029,黄鹤楼(硬峡谷情细支),一类烟,263.0,300.0,6.02,5.984,39.3448,65750.0,1408.8,99.401993,22.665336,12.153008,263.0,13.768,13.68,842.0,842.0,779.0,92.52,92.52,99.36,764.0,62.63,98.07,,,0.0,,5.98,6.02,99.4,842.0,479.0,59.0,56.89,359.0,0.0,0.0,0.0,74.95,0.0,0.0,0.0,14.0,2026-02-01,2,2026,1.1406844106463878,0.3088847319086639,235.427807486631,-98.401993,-0.4689385871494498,0.04672779097387173,1.0,5,高档
202602,6901028039758,贵烟(硬黄精品),二类烟,114.5,130.0,,,,,140.812,,,,114.5,1.052,1.048,842.0,431.0,262.0,31.12,60.79,99.62,262.0,41.79,100.0,,,0.0,,,,,,,,,,,,,,,,,,2026-02-01,2,2026,1.1353711790393013,,,,,,0.5118764845605701,5,高档
202602,6901028118187,利群(新版),二类烟,143.1,160.0,19.3,18.876,67.52889,35775.0,1518.472,97.803109,43.410095,16.349781,143.1,0.92,0.896,842.0,301.0,197.0,23.4,65.45,97.39,197.0,43.92,100.0,,,0.0,,18.88,19.3,97.8,842.0,832.0,87.85,98.81,778.0,0.0,0.0,0.0,93.51,0.0,0.0,0.0,1.0,2026-02-01,2,2026,1.1180992313067786,0.2421153524069476,80.44458571731299,-96.803109,-0.1189320388349514,0.08020058194774347,0.35748218527315917,5,高档
202602,6901028184250,黄鹤楼(硬1916),一类烟,848.0,1000.0,,,,,0.0,,,,848.0,0.796,0.776,842.0,165.0,162.0,19.24,98.18,97.49,162.0,98.48,100.0,,,0.0,,,,,,,,,,,,,,,,,,2026-02-01,2,2026,1.179245283018868,,,,,,0.19596199524940616,5,高档
202602,6901028119009,利群(西子阳光),一类烟,275.6,310.0,0.048,0.044,0.30316,68900.0,75.244,91.666667,0.174636,0.093643,275.6,1.036,1.028,842.0,431.0,246.0,29.22,57.08,99.23,246.0,38.19,100.0,,,0.0,,0.04,0.05,91.67,842.0,11.0,0.65,1.31,0.0,0.0,0.0,0.0,0.0,0.0,0.0,0.0,,2026-02-01,2,2026,1.1248185776487662,0.30888969521044995,1710.0909090909092,-90.666667,-0.45000000000000007,0.00036004750593824226,0.5118764845605701,5,高档
202602,6901028012003,真龙(凌云),二类烟,121.9,150.0,0.528,0.52,1.5847,30475.0,124.324,98.484848,1.018683,0.383757,121.9,,,842.0,,,,,,,,,,,,,0.52,0.53,98.48,842.0,130.0,11.16,15.44,0.0,0.0,0.0,0.0,0.0,0.0,0.0,0.0,13.0,2026-02-01,2,2026,1.2305168170631664,0.2421638164952357,239.08461538461538,-97.484848,,0.0018820665083135392,,5,高档
202602,6901028312356,云烟(细支大重九),一类烟,848.0,1000.0,0.008,0.008,0.1696,212000.0,89.908,100.0,0.097722,0.052366,848.0,2.66,2.64,842.0,842.0,542.0,64.37,64.37,99.25,542.0,48.1,100.0,,,0.0,,0.01,0.01,100.0,842.0,2.0,0.09,0.24,0.0,0.0,0.0,0.0,0.0,0.0,0.0,0.0,,2026-02-01,2,2026,1.179245283018868,0.3087617924528302,11238.5,-99.0,-0.975609756097561,0.0002014251781472684,1.0,5,高档
202602,6901028141147,七匹狼(蓝),三类烟,71.0,80.0,3.156,3.112,5.5238,17750.0,1723.176,98.60583,3.540952,1.347222,71.0,0.812,0.796,842.0,842.0,199.0,23.63,23.63,98.03,199.0,16.34,100.0,,,0.0,,3.11,3.16,98.61,842.0,778.0,35.16,92.4,0.0,0.0,0.0,0.0,0.0,0.0,0.0,0.0,,2026-02-01,2,2026,1.1267605633802817,0.2438940584380318,553.7197943444729,-97.60583,-0.8384886859040896,0.0065603325415676955,1.0,4,中高档
202602,6901028114455,苏烟(软金砂),一类烟,381.6,450.0,,,,,0.0,,,,,,,,,,,,,,,,,,,,,,,,,,,,,,,,,,,,2026-02-01,2,2026,1.1792452830188678,,,,,,,5,高档
202602,6901028138536,七匹狼(软灰),一类烟,185.5,210.0,0.052,0.052,0.24115,46375.0,146.24,100.0,0.14697,0.066438,185.5,3.156,3.112,842.0,813.0,778.0,92.4,95.69,98.61,778.0,95.69,100.0,,,0.0,,0.05,0.05,100.0,842.0,13.0,1.3,1.54,0.0,0.0,0.0,0.0,0.0,0.0,0.0,0.0,,2026-02-01,2,2026,1.1320754716981132,0.2755048724860045,2812.307692307693,-99.0,-0.7936507936507937,0.0002864014251781473,0.9655581947743468,5,高档
202602,6901028046893,云烟(紫),二类烟,114.5,130.0,0.004,0.0,0.0,,1526.868,0.0,0.0,0.0,114.5,,,842.0,,,,,,,,,,,,,,,,,,,,,,,,,,,,,2026-02-01,2,2026,1.1353711790393013,,,1.0,-1.0,0.0,,5,高档
202602,6901028084772,娇子(格调细支),二类烟,129.3,150.0,1.108,1.104,3.56868,32325.0,802.14,99.638989,2.294128,0.863864,129.3,0.924,0.904,842.0,813.0,198.0,23.52,24.35,97.84,198.0,25.17,100.0,,,0.0,,1.1,1.11,99.64,842.0,276.0,33.52,32.78,0.0,0.0,0.0,0.0,0.0,0.0,0.0,0.0,7.0,2026-02-01,2,2026,1.160092807424594,0.24206821569880177,726.5760869565216,-98.638989,-0.48217636022514065,0.004238337292161521,0.9655581947743468,5,高档
202602,6901028062329,南京(十二钗烤烟),一类烟,243.8,280.0,0.156,0.152,0.92644,60950.0,140.568,97.435897,0.564605,0.255245,243.8,0.164,0.16,842.0,47.0,40.0,4.75,85.11,97.56,40.0,47.06,100.0,,,0.0,,0.15,0.16,97.44,842.0,38.0,3.68,4.51,0.0,0.0,0.0,0.0,0.0,0.0,0.0,0.0,,2026-02-01,2,2026,1.1484823625922886,0.2755116359397263,924.7894736842106,-96.435897,-0.5365853658536586,0.0011002850356294537,0.055819477434679333,5,高档
202602,6901028123266,黄山(硬记忆),三类烟,88.0,100.0,,,,,148.948,,,,,,,,,,,,,,,,,,,,,,,,,,,,,,,,,,,,2026-02-01,2,2026,1.1363636363636365,,,,,,,4,中高档
202602,6901028219174,黄鹤楼(硬奇景),一类烟,238.5,300.0,6.036,5.82,34.70175,59625.0,2272.408,96.421471,21.148535,9.560868,238.5,0.016,0.016,842.0,4.0,4.0,0.48,100.0,100.0,4.0,100.0,100.0,,,0.0,,5.82,6.04,96.42,842.0,420.0,55.45,49.88,337.0,0.0,0.0,0.0,80.24,0.0,0.0,0.0,6.0,2026-02-01,2,2026,1.2578616352201257,0.2755154423047829,390.4481099656357,-95.421471,-0.8341880341880342,0.04121347980997624,0.004750593824228029,5,高档
202602,6901028107297,钻石(玫瑰二代),三类烟,97.0,110.0,,,,,187.256,,,,,,,,,,,,,,,,,,,,,,,,,,,,,,,,,,,,2026-02-01,2,2026,1.134020618556701,,,,,,,4,中高档
202602,6901028159753,泰山(心悦),二类烟,139.92,160.0,,,,,249.352,,,,139.92,,,842.0,813.0,,,0.0,,,0.0,,,,,,,,,,,,,,,,,,,,,,2026-02-01,2,2026,1.1435105774728418,,,,,,0.9655581947743468,5,高档
202602,6901028120708,利群(软长嘴),一类烟,318.0,360.0,1.036,1.028,8.1726,79500.0,142.744,99.227799,4.708607,2.523887,318.0,0.784,0.776,842.0,301.0,177.0,21.02,58.8,98.98,177.0,39.03,100.0,,,0.0,,1.03,1.04,99.23,842.0,246.0,29.11,29.22,11.0,0.0,0.0,0.0,4.47,0.0,0.0,0.0,100.0,2026-02-01,2,2026,1.1320754716981132,0.30882301837848425,138.85603112840465,-98.227799,-0.2164634146341463,0.009706175771971496,0.35748218527315917,5,高档
202602,6901028126007,黄山(新一品),三类烟,71.0,80.0,,,,,377.456,,,,,,,,,,,,,,,,,,,,,,,,,,,,,,,,,,,,2026-02-01,2,2026,1.1267605633802817,,,,,,,4,中高档
202602,6901028011785,真龙(起源),一类烟,212.0,250.0,,,,,132.396,,,,212.0,0.528,0.52,842.0,154.0,130.0,15.44,84.42,98.48,130.0,50.39,100.0,,,0.0,,,,,,,,,,,,,,,,,,2026-02-01,2,2026,1.179245283018868,,,,,,0.1828978622327791,5,高档
202602,6901028178105,黄鹤楼(硬天下胜景),一类烟,212.0,260.0,0.392,0.392,2.0776,53000.0,267.936,100.0,1.26616,0.572418,212.0,0.032,0.0,842.0,,,,,0.0,,,,,,,,0.39,0.39,100.0,842.0,70.0,5.49,8.31,28.0,0.0,0.0,0.0,40.0,0.0,0.0,0.0,,2026-02-01,2,2026,1.2264150943396226,0.2755188679245283,683.5102040816325,-99.0,-0.8797546012269939,0.0024674584323040377,,5,高档
202602,6901028133081,金圣(青瓷中支),一类烟,175.0,200.0,,,,,25.008,,,,,,,,,,,,,,,,,,,,,,,,,,,,,,,,,,,,2026-02-01,2,2026,1.1428571428571428,,,,,,,5,高档
202602,6901028133333,金圣(青瓷细支),一类烟,225.0,260.0,0.492,0.484,2.7225,56250.0,23.872,98.373984,1.659273,0.750079,225.0,10.404,10.34,842.0,842.0,790.0,93.82,93.82,99.38,788.0,69.47,99.75,,,0.0,,0.48,0.49,98.37,842.0,121.0,35.16,14.37,0.0,0.0,0.0,0.0,0.0,0.0,0.0,0.0,116.0,2026-02-01,2,2026,1.1555555555555554,0.2755111111111111,49.32231404958678,-97.373984,19.166666666666664,0.003233372921615202,1.0,5,高档
202602,6901028218184,黄鹤楼(感恩中支),一类烟,225.0,260.0,,,,,162.464,,,,225.0,2.86,2.84,842.0,471.0,466.0,55.34,98.94,99.3,466.0,69.61,100.0,,,0.0,,,,,,,,,,,,,,,,,,2026-02-01,2,2026,1.1555555555555554,,,,,,0.5593824228028503,5,高档
202602,6901028092838,人民大会堂(硬红细支),二类烟,139.92,160.0,,,,,40.04,,,,,,,,,,,,,,,,,,,,,,,,,,,,,,,,,,,,2026-02-01,2,2026,1.1435105774728418,,,,,,,5,高档
202602,6901028331296,云烟(黑金刚印象),一类烟,466.4,600.0,,,,,0.0032,,,,,,,,,,,,,,,,,,,,,,,,,,,,,,,,,,,,2026-02-01,2,2026,1.2864493996569468,,,,,,,5,高档
202602,6901028018630,中华(金中支),一类烟,678.4,800.0,0.008,0.008,0.13568,169600.0,33.36,100.0,0.07825,0.04182,678.4,0.12,0.12,842.0,15.0,15.0,1.78,100.0,100.0,15.0,66.67,100.0,,,0.0,,0.01,0.01,100.0,842.0,2.0,0.09,0.24,0.0,0.0,0.0,0.0,0.0,0.0,0.0,0.0,2.0,2026-02-01,2,2026,1.179245283018868,0.30822523584905664,4170.0,-99.0,,0.0001611401425178147,0.017814726840855107,5,高档
202602,6901028159548,泰山(硬红八喜),三类烟,57.24,65.0,15.712,15.66,22.40946,14310.0,1050.604,99.669043,14.407201,5.424054,57.24,,,842.0,,,,,,,,,,,,,15.66,15.71,99.67,842.0,747.0,52.68,88.72,0.0,0.0,0.0,0.0,0.0,0.0,0.0,0.0,3.0,2026-02-01,2,2026,1.1355695317959469,0.2420430478913816,67.08837803320561,-98.669043,0.17040358744394624,0.026614560570071256,,3,中档
202602,6901028080521,钻石(细支荷花),一类烟,360.4,420.0,0.004,0.0,0.0,,36.344,0.0,0.0,0.0,360.4,0.052,0.052,842.0,15.0,13.0,1.54,86.67,100.0,13.0,43.33,100.0,,,0.0,,,,,,,,,,,,,,,,,,2026-02-01,2,2026,1.165371809100999,,,1.0,-1.0,0.0,0.017814726840855107,5,高档
202602,6901028196024,白沙(软和天下),一类烟,720.8,1000.0,0.004,0.0,0.0,,48.968,0.0,0.0,0.0,720.8,,,842.0,,,,,,,,,,,,,,,,,,,,,,,,,,,,,2026-02-01,2,2026,1.3873473917869035,,,1.0,,0.0,,5,高档
202602,6901028084925,长城(醇雅薄荷),一类烟,158.4,180.0,1.0728,1.0548,4.64112,44000.0,354.0564,98.322148,2.79522,1.311967,158.4,,,842.0,,,,,,,,,,,,,1.05,1.07,98.32,842.0,144.0,87.85,17.1,62.0,0.0,0.0,0.0,43.06,0.0,0.0,0.0,18.0,2026-02-01,2,2026,1.1363636363636362,0.2826832747267901,335.66211604095565,-97.322148,0.3502304147465438,0.005512019002375297,,5,高档
202602,6901028225175,黄山(新制皖烟),二类烟,121.9,140.0,1.032,1.024,3.12064,30475.0,307.352,99.224806,2.006027,0.755701,121.9,,,842.0,,,,,,,,,,,,,1.02,1.03,99.22,842.0,256.0,65.7,30.4,0.0,0.0,0.0,0.0,0.0,0.0,0.0,0.0,,2026-02-01,2,2026,1.1484823625922886,0.24216218468006562,300.14843749999994,-98.224806,-0.8991729027176054,0.0037062232779097384,,5,高档
202602,6901028181457,黄鹤楼(硬峡谷柔情),一类烟,263.0,300.0,4.576,4.316,28.3777,65750.0,1582.592,94.318182,16.346891,8.766078,263.0,,,842.0,,,,,,,,,,,,,4.32,4.58,94.32,842.0,325.0,34.39,38.6,247.0,0.0,0.0,0.0,76.0,0.0,0.0,0.0,,2026-02-01,2,2026,1.1406844106463878,0.3089072757834497,366.68025949953665,-93.318182,-0.887814514452069,0.03370273159144893,,5,高档
202602,6901028247375,双喜(春天·咖路里),一类烟,225.0,260.0,0.988,0.968,5.445,56250.0,153.392,97.975708,3.318546,1.500087,225.0,,,842.0,,,,,,,,,,,,,0.97,0.99,97.98,842.0,111.0,87.85,13.18,60.0,0.0,0.0,0.0,54.05,0.0,0.0,0.0,25.0,2026-02-01,2,2026,1.1555555555555554,0.27549807162534434,158.46280991735537,-96.975708,0.13084112149532712,0.006466745843230404,,5,高档
202602,6901028075022,中华(软),一类烟,583.0,700.0,3.48,3.228,47.0481,145750.0,351.808,92.758621,27.103278,14.532269,583.0,,,842.0,,,,,,,,,,,,,3.23,3.48,92.76,842.0,405.0,31.14,48.1,0.0,0.0,0.0,0.0,0.0,0.0,0.0,0.0,17.0,2026-02-01,2,2026,1.2006861063464838,0.3088811025312393,108.98636926889714,-91.758621,-0.2057086614173228,0.05587660332541568,,5,高档
202602,6901028071475,中南海(5mg),二类烟,114.5,130.0,0.068,0.064,0.1832,28625.0,219.56,94.117647,0.11776,0.044368,114.5,0.304,0.296,842.0,387.0,74.0,8.79,19.12,97.37,74.0,19.12,100.0,,,0.0,,0.06,0.07,94.12,842.0,16.0,2.03,1.9,0.0,0.0,0.0,0.0,0.0,0.0,0.0,0.0,7.0,2026-02-01,2,2026,1.1353711790393013,0.24218340611353711,3430.625,-93.117647,inf,0.00021757719714964372,0.45961995249406173,5,高档
202602,6901028095891,黄果树(长征),三类烟,61.5,70.0,0.008,0.0,0.0,,211.636,0.0,0.0,0.0,61.5,,,842.0,,,,,,,,,,,,,,,,,,,,,,,,,,,,,2026-02-01,2,2026,1.1382113821138211,,,1.0,,0.0,,3,中档
202602,6901028241410,黄鹤楼(视窗),一类烟,300.0,350.0,0.016,0.016,0.12,75000.0,63.172,100.0,0.069124,0.037072,300.0,1.58,1.524,842.0,313.0,272.0,32.3,86.9,96.46,270.0,73.98,99.26,,,0.0,,0.02,0.02,100.0,842.0,4.0,0.17,0.48,0.0,0.0,0.0,0.0,0.0,0.0,0.0,0.0,,2026-02-01,2,2026,1.1666666666666667,0.30893333333333334,3948.2499999999995,-99.0,-0.9975278121137207,0.00014251781472684086,0.37173396674584325,5,高档
202602,6901028180788,黄鹤楼(硬15),一类烟,848.0,1000.0,0.224,0.224,4.7488,212000.0,62.976,100.0,2.735777,1.466689,848.0,1.316,1.304,842.0,464.0,326.0,38.72,70.26,99.09,326.0,58.53,100.0,,,0.0,,0.22,0.22,100.0,842.0,37.0,3.11,4.39,0.0,0.0,0.0,0.0,0.0,0.0,0.0,0.0,,2026-02-01,2,2026,1.179245283018868,0.3088546580188679,281.1428571428571,-99.0,-0.4509803921568627,0.005639904988123516,0.5510688836104513,5,高档
202602,6901028058148,好猫(细支长乐),二类烟,139.92,160.0,0.184,0.184,0.643632,34980.0,427.64,100.0,0.413779,0.155793,139.92,0.124,0.12,842.0,47.0,30.0,3.56,63.83,96.77,30.0,42.86,100.0,,,0.0,,0.18,0.18,100.0,842.0,46.0,4.58,5.46,0.0,0.0,0.0,0.0,0.0,0.0,0.0,0.0,1.0,2026-02-01,2,2026,1.1435105774728418,0.24205291222313371,2324.1304347826085,-99.0,-0.8869778869778869,0.0007644085510688836,0.055819477434679333,5,高档
202602,4891132530116,红双喜(南洋经典),三类烟,67.95,80.0,0.008,0.0,0.0,,2.792,0.0,0.0,0.0,67.95,,,842.0,,,,,,,,,,,,,,,,,,,,,,,,,,,,,2026-02-01,2,2026,1.177336276674025,,,1.0,,0.0,,4,中高档
202602,6901028025645,娇子(时代阳光),三类烟,71.0,80.0,0.012,0.0,0.0,,427.704,0.0,0.0,0.0,71.0,0.496,0.488,842.0,813.0,64.0,7.6,7.87,98.39,58.0,7.5,90.63,,,0.0,,,,,,,,,,,,,,,,,,2026-02-01,2,2026,1.1267605633802817,,,1.0,-1.0,0.0,0.9655581947743468,4,中高档
202602,6901028936996,好猫(招财猫1600),一类烟,158.0,180.0,,,,,71.768,,,,,,,,,,,,,,,,,,,,,,,,,,,,,,,,,,,,2026-02-01,2,2026,1.139240506329114,,,,,,,5,高档
202602,6901028252959,黄金叶(大成),一类烟,263.0,300.0,0.108,0.108,0.7101,65750.0,114.424,100.0,0.40905,0.219348,263.0,0.012,0.0,842.0,,,,,0.0,,,,,,,,0.11,0.11,100.0,842.0,27.0,2.68,3.21,0.0,0.0,0.0,0.0,0.0,0.0,0.0,0.0,,2026-02-01,2,2026,1.1406844106463878,0.30889733840304184,1059.4814814814815,-99.0,-0.5573770491803278,0.0008433491686460807,,5,高档
202602,6901028242066,黄鹤楼(硬峡谷情),一类烟,339.2,400.0,1.58,1.524,12.92352,84800.0,202.104,96.455696,7.444992,3.991796,339.2,0.112,0.112,842.0,28.0,24.0,2.85,85.71,100.0,24.0,47.46,100.0,,,0.0,,1.52,1.58,96.46,842.0,272.0,15.14,32.3,0.0,0.0,0.0,0.0,0.0,0.0,0.0,0.0,213.0,2026-02-01,2,2026,1.179245283018868,0.3088783860743822,132.61417322834646,-95.455696,2.887755102040816,0.015348598574821853,0.0332541567695962,5,高档
202602,6901028177153,云烟(硬苁蓉),二类烟,114.5,130.0,,,,,180.304,,,,,,,,,,,,,,,,,,,,,,,,,,,,,,,,,,,,2026-02-01,2,2026,1.1353711790393013,,,,,,,5,高档
202602,6901028180634,红金龙(软虹之彩),五类烟,19.08,25.0,0.008,0.0,0.0,,0.0,0.0,0.0,0.0,19.08,3.244,3.228,842.0,498.0,485.0,57.6,97.39,99.51,485.0,65.93,100.0,,,0.0,,,,,,,,,,,,,,,,,,2026-02-01,2,2026,1.310272536687631,,,1.0,,0.0,0.5914489311163895,2,中低档
202602,6901028212229,中华(细支),一类烟,424.0,500.0,0.172,0.172,1.8232,106000.0,45.512,100.0,1.050398,0.563048,424.0,,,842.0,,,,,,,,,,,,,0.17,0.17,100.0,842.0,35.0,9.39,4.16,1.0,0.0,0.0,0.0,2.86,0.0,0.0,0.0,16.0,2026-02-01,2,2026,1.179245283018868,0.30882404563405,264.60465116279073,-99.0,-0.1568627450980392,0.0021653206650831354,,5,高档
202602,6901028187855,黄鹤楼(软1916),一类烟,848.0,1000.0,0.5,0.492,10.4304,212000.0,149.8,98.4,6.008592,3.221824,848.0,6.02,5.984,842.0,576.0,479.0,56.89,83.16,99.4,475.0,61.77,99.16,,,0.0,,0.49,0.5,98.4,842.0,76.0,6.75,9.03,19.0,0.0,0.0,0.0,25.0,0.0,0.0,0.0,70.0,2026-02-01,2,2026,1.179245283018868,0.3088878662371529,304.4715447154472,-97.4,,0.012387648456057007,0.684085510688836,5,高档
202602,6901028218153,黄鹤楼(金典中支),一类烟,381.6,450.0,0.008,0.008,0.07632,95400.0,171.0,100.0,0.043964,0.023576,381.6,,,842.0,,,,,,,,,,,,,0.01,0.01,100.0,842.0,2.0,0.09,0.24,0.0,0.0,0.0,0.0,0.0,0.0,0.0,0.0,2.0,2026-02-01,2,2026,1.1792452830188678,0.3089098532494759,21375.0,-99.0,inf,9.064133016627078e-05,,5,高档
202602,6901028300063,南京(红),二类烟,114.5,130.0,,,,,0.0,,,,,,,,,,,,,,,,,,,,,,,,,,,,,,,,,,,,2026-02-01,2,2026,1.1353711790393013,,,,,,,5,高档
202602,6901028024976,娇子(X),三类烟,97.0,110.0,1.244,1.224,2.9682,24250.0,895.528,98.392283,1.90791,0.718794,97.0,0.012,0.0,842.0,,,,,0.0,,,,,,,,1.22,1.24,98.39,842.0,306.0,20.29,36.34,0.0,0.0,0.0,0.0,0.0,0.0,0.0,0.0,4.0,2026-02-01,2,2026,1.134020618556701,0.24216494845360825,731.640522875817,-97.392283,-0.8982712765957447,0.0035251781472684083,,4,中高档
202602,6901028180580,黄鹤楼(软蓝),一类烟,164.3,190.0,67.832,67.624,277.76558,41075.0,11613.072,99.69336,178.561172,67.24899,164.3,0.224,0.224,842.0,37.0,37.0,4.39,100.0,100.0,37.0,50.91,100.0,,,0.0,,67.62,67.83,99.69,842.0,835.0,87.85,99.17,775.0,0.0,0.0,0.0,92.81,0.0,0.0,0.0,,2026-02-01,2,2026,1.1564211807668898,0.24210699540238212,171.73003667337042,-98.69336,-0.6686267591830335,0.3298878622327791,0.043942992874109264,5,高档
202602,6901028315432,红塔山(硬经典100),三类烟,97.0,110.0,,,,,1288.036,,,,97.0,0.308,0.304,842.0,194.0,76.0,9.03,39.18,98.7,76.0,32.76,100.0,,,0.0,,,,,,,,,,,,,,,,,,2026-02-01,2,2026,1.134020618556701,,,,,,0.23040380047505937,4,中高档
202602,6901028172936,黄金叶(乐途硬),一类烟,175.0,200.0,,,,,381.768,,,,,,,,,,,,,,,,,,,,,,,,,,,,,,,,,,,,2026-02-01,2,2026,1.1428571428571428,,,,,,,5,高档
202602,6901028165242,黄金叶(爱尚),二类烟,139.92,160.0,1.44,1.408,4.925184,34980.0,380.484,97.777778,3.16624,1.192224,139.92,,,842.0,2.0,,,0.0,,,0.0,,,,,,1.41,1.44,97.78,842.0,278.0,59.34,33.02,74.0,0.0,0.0,0.0,26.62,0.0,0.0,0.0,66.0,2026-02-01,2,2026,1.1435105774728418,0.24206689536878218,270.2301136363636,-96.777778,4.415384615384615,0.005849387173396674,0.0023752969121140144,5,高档
202602,6901028179348,黄鹤楼(软红),一类烟,227.9,260.0,15.624,15.32,87.2857,56975.0,3690.68,98.054275,53.19491,24.04888,227.9,6.688,6.612,842.0,748.0,689.0,81.83,92.11,98.86,687.0,53.19,99.71,,,0.0,,15.32,15.62,98.05,842.0,638.0,75.13,75.77,457.0,0.0,0.0,0.0,71.63,0.0,0.0,0.0,3.0,2026-02-01,2,2026,1.1408512505484862,0.2755191285628688,240.9060052219321,-97.054275,-0.7998955067920586,0.10366472684085512,0.8883610451306413,5,高档
202602,6901028169967,黄金叶(天叶),一类烟,678.4,1000.0,0.008,0.008,0.13568,169600.0,92.36,100.0,0.078187,0.041883,678.4,2.272,2.256,842.0,842.0,346.0,41.09,41.09,99.3,346.0,27.77,100.0,,,0.0,,0.01,0.01,100.0,842.0,2.0,0.09,0.24,0.0,0.0,0.0,0.0,0.0,0.0,0.0,0.0,2.0,2026-02-01,2,2026,1.474056603773585,0.30868956367924527,11545.0,-99.0,,0.0001611401425178147,1.0,5,高档
202602,6901028092432,人民大会堂(红细支),一类烟,225.0,260.0,0.004,0.0,0.0,,101.388,0.0,0.0,0.0,225.0,,,842.0,,,,,,,,,,,,,,,,,,,,,,,,,,,,,2026-02-01,2,2026,1.1555555555555554,,,1.0,-1.0,0.0,,5,高档
202602,6901028224079,金圣(滕王阁·紫光),二类烟,129.3,150.0,1.52,1.504,4.86168,32325.0,544.436,98.947368,3.125349,1.176858,129.3,2.544,2.54,842.0,842.0,381.0,45.25,45.25,99.84,381.0,31.27,100.0,,,0.0,,1.5,1.52,98.95,842.0,266.0,35.42,31.59,95.0,0.0,0.0,0.0,35.71,0.0,0.0,0.0,7.0,2026-02-01,2,2026,1.160092807424594,0.24206817396455546,361.9920212765958,-97.947368,-0.2892249527410208,0.00577396674584323,1.0,5,高档
202602,6901028942881,双喜(硬精品好日子),三类烟,93.28,110.0,0.004,0.0,0.0,,93.668,0.0,0.0,0.0,93.28,,,842.0,,,,,,,,,,,,,,,,,,,,,,,,,,,,,2026-02-01,2,2026,1.179245283018868,,,1.0,,0.0,,4,中高档
202602,6901028204835,芙蓉王(硬中支),一类烟,263.0,300.0,,,,,71.428,,,,263.0,0.036,0.036,842.0,47.0,9.0,1.07,19.15,100.0,9.0,10.59,100.0,,,0.0,,,,,,,,,,,,,,,,,,2026-02-01,2,2026,1.1406844106463878,,,,,,0.055819477434679333,5,高档
202602,6901028339957,云烟(细支云龙),二类烟,129.3,150.0,2.66,2.64,8.5338,32325.0,2762.86,99.24812,5.485943,2.065777,129.3,10.332,10.008,842.0,842.0,811.0,96.32,96.32,96.86,806.0,65.19,99.38,,,0.0,,2.64,2.66,99.25,842.0,542.0,59.34,64.37,118.0,0.0,0.0,0.0,21.77,0.0,0.0,0.0,12.0,2026-02-01,2,2026,1.160092807424594,0.24207000398415715,1046.5378787878788,-98.24812,-0.6455424274973147,0.010135154394299286,1.0,5,高档
202602,6901028124058,黄山(黑马细支),一类烟,225.0,260.0,1.516,1.488,8.37,56250.0,349.916,98.153034,5.101236,2.305853,225.0,0.104,0.104,842.0,103.0,25.0,2.97,24.27,100.0,25.0,17.57,100.0,,,0.0,,1.49,1.52,98.15,842.0,130.0,87.85,15.44,67.0,0.0,0.0,0.0,51.54,0.0,0.0,0.0,18.0,2026-02-01,2,2026,1.1555555555555554,0.27549020310633215,235.15860215053763,-97.153034,-0.5261146496815288,0.009940617577197148,0.12232779097387174,5,高档
202602,6901028111270,南京(炫赫门),二类烟,155.0,180.0,0.004,0.0,0.0,,349.328,0.0,0.0,0.0,155.0,0.056,0.056,842.0,15.0,14.0,1.66,93.33,100.0,14.0,93.33,100.0,,,0.0,,,,,,,,,,,,,,,,,,2026-02-01,2,2026,1.1612903225806452,,,1.0,-1.0,0.0,0.017814726840855107,5,高档
202602,6901028177214,冬虫夏草(和润),一类烟,424.0,500.0,,,,,105.152,,,,424.0,0.004,0.0,842.0,,,,,0.0,,,,,,,,,,,,,,,,,,,,,,,,2026-02-01,2,2026,1.179245283018868,,,,,,,5,高档
202602,6901028218757,黄鹤楼(硬蓝),一类烟,175.0,200.0,2.808,2.792,12.215,43750.0,347.092,99.430199,7.44417,3.365609,175.0,,,842.0,,,,,,,,,,,,,2.79,2.81,99.43,842.0,448.0,31.66,53.21,73.0,0.0,0.0,0.0,16.29,0.0,0.0,0.0,448.0,2026-02-01,2,2026,1.1428571428571428,0.275530822758903,124.31661891117479,-98.430199,,0.014507125890736342,,5,高档
202602,6901028102094,贵烟(红中支),一类烟,263.0,300.0,,,,,22.532,,,,,,,,,,,,,,,,,,,,,,,,,,,,,,,,,,,,2026-02-01,2,2026,1.1406844106463878,,,,,,,5,高档
202602,6901028162876,黄金叶(喜满堂),三类烟,88.0,100.0,26.264,25.672,56.4784,22000.0,2795.288,97.745964,36.306641,13.674252,88.0,1.44,1.408,842.0,842.0,278.0,33.02,33.02,97.78,278.0,25.66,100.0,,,0.0,,25.67,26.26,97.75,842.0,833.0,87.85,98.93,749.0,0.0,0.0,0.0,89.92,0.0,0.0,0.0,2.0,2026-02-01,2,2026,1.1363636363636365,0.24211471996373835,108.88469928326582,-96.745964,0.3661132396764579,0.06707648456057007,1.0,4,中高档
202602,6901028100274,长白山(777),二类烟,121.9,150.0,,,,,147.284,,,,,,,,,,,,,,,,,,,,,,,,,,,,,,,,,,,,2026-02-01,2,2026,1.2305168170631664,,,,,,,5,高档
202602,6901028221450,贵烟(跨越),一类烟,201.4,230.0,1.052,1.048,5.27668,50350.0,735.372,99.619772,3.215806,1.45382,201.4,0.056,0.056,842.0,15.0,14.0,1.66,93.33,100.0,14.0,46.67,100.0,,,0.0,,1.05,1.05,99.62,842.0,262.0,27.12,31.12,0.0,0.0,0.0,0.0,0.0,0.0,0.0,0.0,35.0,2026-02-01,2,2026,1.1420059582919562,0.2755179393103239,701.6908396946565,-98.619772,-0.5640599001663893,0.006266840855106888,0.017814726840855107,5,高档
202602,6901028107150,钻石(双中支荷花),一类烟,381.6,450.0,,,,,9.464,,,,,,,,,,,,,,,,,,,,,,,,,,,,,,,,,,,,2026-02-01,2,2026,1.1792452830188678,,,,,,,5,高档
202602,6901028075053,牡丹(软),二类烟,121.9,140.0,3.88,3.832,11.67802,30475.0,614.404,98.762887,7.506888,2.827853,121.9,0.008,0.008,842.0,2.0,2.0,0.24,100.0,100.0,2.0,50.0,100.0,,,0.0,,3.83,3.88,98.76,842.0,428.0,39.88,50.83,253.0,0.0,0.0,0.0,59.11,0.0,0.0,0.0,,2026-02-01,2,2026,1.1484823625922886,0.2421517517524375,160.33507306889354,-97.762887,1.1336302895322938,0.013869382422802851,0.0023752969121140144,5,高档
202602,6901028065504,兰州(硬珍品),二类烟,155.0,180.0,0.056,0.056,0.217,38750.0,188.636,100.0,0.139496,0.052542,155.0,1.088,1.08,842.0,842.0,270.0,32.07,32.07,99.26,270.0,22.17,100.0,,,0.0,,0.06,0.06,100.0,842.0,14.0,1.3,1.66,0.0,0.0,0.0,0.0,0.0,0.0,0.0,0.0,,2026-02-01,2,2026,1.1612903225806452,0.2421290322580645,3368.5,-99.0,-0.65,0.00025771971496437053,1.0,5,高档
202602,6901028179270,红金龙(软精品),三类烟,90.1,110.0,92.78,92.628,208.64457,22525.0,3533.492,99.836172,134.125344,50.516081,90.1,0.028,0.0,842.0,,,,,0.0,,,,,,,,92.63,92.78,99.84,842.0,841.0,87.85,99.88,804.0,0.0,0.0,0.0,95.6,0.0,0.0,0.0,,2026-02-01,2,2026,1.2208657047724751,0.24211548376264957,38.14712613896446,-98.836172,-0.03837049956397154,0.24779640142517814,,4,中高档
202602,6901028268950,娇子(格调中支),一类烟,175.0,200.0,0.224,0.224,0.98,43750.0,145.072,100.0,0.59724,0.270032,175.0,,,842.0,,,,,,,,,,,,,0.22,0.22,100.0,842.0,56.0,4.8,6.65,0.0,0.0,0.0,0.0,0.0,0.0,0.0,0.0,56.0,2026-02-01,2,2026,1.1428571428571428,0.27554285714285714,647.6428571428571,-99.0,0.47368421052631593,0.001163895486935867,,5,高档
202602,6901028314459,玉溪(硬和谐),一类烟,339.2,400.0,,,,,0.004,,,,,,,,,,,,,,,,,,,,,,,,,,,,,,,,,,,,2026-02-01,2,2026,1.179245283018868,,,,,,,5,高档
202602,6901028118828,利群(长嘴),一类烟,190.8,220.0,0.92,0.896,4.27392,47700.0,315.356,97.391304,2.604673,1.177567,190.8,0.048,0.044,842.0,15.0,11.0,1.31,73.33,91.67,11.0,73.33,100.0,,,0.0,,0.9,0.92,97.39,842.0,197.0,21.89,23.4,23.0,0.0,0.0,0.0,11.68,0.0,0.0,0.0,17.0,2026-02-01,2,2026,1.1530398322851152,0.27552387503743636,351.9598214285714,-96.391304,-0.5447154471544715,0.0050759144893111645,0.017814726840855107,5,高档
202602,6901028211352,七匹狼(纯境),二类烟,143.1,160.0,2.784,2.716,9.71649,35775.0,800.644,97.557471,6.246123,2.352638,143.1,0.004,0.0,842.0,,,,,0.0,,,,,,,,2.72,2.78,97.56,842.0,489.0,34.56,58.08,0.0,0.0,0.0,0.0,0.0,0.0,0.0,0.0,,2026-02-01,2,2026,1.1180992313067786,0.24212838175102322,294.7879234167894,-96.557471,-0.7387456714120816,0.01153977434679335,,5,高档
202602,6901028062015,苏烟(五星红杉树),一类烟,188.68,220.0,1.708,1.692,7.981164,47170.0,293.824,99.063232,4.864085,2.198746,188.68,,,842.0,,,,,,,,,,,,,1.69,1.71,99.06,842.0,423.0,35.16,50.24,0.0,0.0,0.0,0.0,0.0,0.0,0.0,0.0,8.0,2026-02-01,2,2026,1.165995336018656,0.27549189566835114,173.6548463356974,-98.063232,-0.8276985743380856,0.009478817102137767,,5,高档
202602,6901028227285,天子(金),一类烟,167.48,200.0,1.088,1.08,4.52196,41870.0,1250.592,99.264706,2.906822,1.094848,167.48,1.316,1.312,842.0,842.0,211.0,25.06,25.06,99.7,211.0,16.15,100.0,,,0.0,,1.08,1.09,99.26,842.0,270.0,52.68,32.07,0.0,0.0,0.0,0.0,0.0,0.0,0.0,0.0,18.0,2026-02-01,2,2026,1.1941724385001196,0.2421180196198109,1157.9555555555555,-98.264706,-0.7431018078020932,0.005370498812351544,1.0,5,高档
202602,6901028314985,红塔山(硬经典),三类烟,75.0,85.0,10.332,10.008,18.765,18750.0,315.868,96.864112,12.062142,4.544148,75.0,,,842.0,,,,,,,,,,,,,10.01,10.33,96.86,842.0,811.0,52.68,96.32,0.0,0.0,0.0,0.0,0.0,0.0,0.0,0.0,2.0,2026-02-01,2,2026,1.1333333333333333,0.24216083133493205,31.56155075939249,-95.864112,0.036454018227009,0.022286223277909738,,4,中高档
202602,8888075056014,555 (金天越),二类烟,119.09,140.0,0.008,0.0,0.0,,3.36,0.0,0.0,0.0,119.09,,,842.0,,,,,,,,,,,,,,,,,,,,,,,,,,,,,2026-02-01,2,2026,1.175581492988496,,,1.0,,0.0,,5,高档
202602,6901028190602,黄鹤楼(软雪之景),二类烟,121.9,140.0,17.684,17.412,53.06307,30475.0,1208.568,98.461886,34.110108,12.84828,121.9,0.008,0.008,842.0,2.0,2.0,0.24,100.0,100.0,2.0,100.0,100.0,,,0.0,,17.41,17.68,98.46,842.0,790.0,52.68,93.82,0.0,0.0,0.0,0.0,0.0,0.0,0.0,0.0,2.0,2026-02-01,2,2026,1.1484823625922886,0.242132239992899,69.41006202618884,-97.461886,0.035196195005945174,0.0630202731591449,0.0023752969121140144,5,高档
202602,6901028180009,黄鹤楼(软珍品),一类烟,530.0,650.0,6.688,6.612,87.609,132500.0,1131.924,98.863636,50.468165,27.062035,530.0,67.832,67.624,842.0,842.0,835.0,99.17,99.17,99.69,818.0,69.02,97.96,,,0.0,,6.61,6.69,98.86,842.0,689.0,78.24,81.83,307.0,0.0,0.0,0.0,44.56,0.0,0.0,0.0,114.0,2026-02-01,2,2026,1.2264150943396226,0.3088956043328882,171.19237749546278,-97.863636,-0.48600746268656714,0.10404869358669833,1.0,5,高档
202602,6901028271547,黄鹤楼(1916小蜜蜂),一类烟,678.4,800.0,0.892,0.884,14.99264,169600.0,106.232,99.103139,8.63668,4.631072,678.4,,,842.0,,,,,,,,,,,,,0.88,0.89,99.1,842.0,119.0,13.15,14.13,85.0,0.0,0.0,0.0,71.43,0.0,0.0,0.0,48.0,2026-02-01,2,2026,1.179245283018868,0.3088896952104499,120.17194570135746,-98.103139,-0.1088709677419355,0.01780598574821853,,5,高档
202602,6901028936750,好猫(长乐),二类烟,121.9,140.0,0.172,0.172,0.52417,30475.0,88.004,100.0,0.336948,0.126936,121.9,1.472,1.456,842.0,842.0,232.0,27.55,27.55,98.91,232.0,17.92,100.0,,,0.0,,0.17,0.17,100.0,842.0,43.0,4.58,5.11,0.0,0.0,0.0,0.0,0.0,0.0,0.0,0.0,,2026-02-01,2,2026,1.1484823625922886,0.24216570959803116,511.65116279069775,-99.0,-0.9022727272727273,0.0006225296912114014,1.0,5,高档
202602,6901028178648,黄鹤楼(珍品细支),一类烟,381.6,450.0,0.16,0.152,1.45008,95400.0,187.468,95.0,0.835364,0.447896,381.6,28.196,27.784,842.0,795.0,791.0,93.94,99.5,98.54,788.0,82.49,99.62,,,0.0,,0.15,0.16,95.0,842.0,34.0,1.56,4.04,0.0,0.0,0.0,0.0,0.0,0.0,0.0,0.0,1.0,2026-02-01,2,2026,1.1792452830188678,0.3088767516274964,1233.342105263158,-94.0,-0.5308641975308642,0.001722185273159145,0.9441805225653207,5,高档
202602,6901028172509,黄金叶(商鼎),一类烟,175.0,200.0,2.272,2.256,9.87,43750.0,758.384,99.295775,6.015079,2.719589,175.0,0.108,0.108,842.0,47.0,27.0,3.21,57.45,100.0,27.0,43.55,100.0,,,0.0,,2.26,2.27,99.3,842.0,346.0,87.85,41.09,218.0,0.0,0.0,0.0,63.01,0.0,0.0,0.0,17.0,2026-02-01,2,2026,1.1428571428571428,0.2755409321175279,336.1631205673759,-98.295775,-0.7615221987315011,0.01172209026128266,0.055819477434679333,5,高档
202602,6901028136686,金圣(硬滕王阁),三类烟,97.0,110.0,10.404,10.34,25.0745,24250.0,989.932,99.384852,16.117491,6.072149,97.0,1.52,1.504,842.0,431.0,266.0,31.59,61.72,98.95,266.0,43.93,100.0,,,0.0,,10.34,10.4,99.38,842.0,790.0,87.85,93.82,712.0,0.0,0.0,0.0,90.13,0.0,0.0,0.0,9.0,2026-02-01,2,2026,1.134020618556701,0.24216431035514166,95.73810444874275,-98.384852,2.4147952443857332,0.029779691211401425,0.5118764845605701,4,中高档
202602,6901028180603,红金龙(硬神州腾龙),三类烟,57.24,65.0,0.028,0.0,0.0,,3618.132,0.0,0.0,0.0,57.24,0.008,0.0,842.0,,,,,0.0,,,,,,,,,,,,,,,,,,,,,,,,2026-02-01,2,2026,1.1355695317959469,,,1.0,-1.0,0.0,,3,中档
202602,6901028042963,娇子(五粮醇香),一类烟,201.4,230.0,,,,,289.128,,,,,,,,,,,,,,,,,,,,,,,,,,,,,,,,,,,,2026-02-01,2,2026,1.1420059582919562,,,,,,,5,高档
202602,6901028145473,娇子(五粮浓香中支),一类烟,424.0,500.0,,,,,76.684,,,,424.0,0.224,0.224,842.0,88.0,56.0,6.65,63.64,100.0,56.0,50.45,100.0,,,0.0,,,,,,,,,,,,,,,,,,2026-02-01,2,2026,1.179245283018868,,,,,,0.10451306413301663,5,高档
202602,6901028001625,双喜(硬经典1906),二类烟,150.52,170.0,,,,,1169.604,,,,150.52,0.736,0.736,842.0,301.0,184.0,21.85,61.13,100.0,184.0,38.49,100.0,,,0.0,,,,,,,,,,,,,,,,,,2026-02-01,2,2026,1.1294180175391975,,,,,,0.35748218527315917,5,高档
202602,6901028121736,利群(楼外楼),一类烟,175.0,200.0,,,,,45.664,,,,,,,,,,,,,,,,,,,,,,,,,,,,,,,,,,,,2026-02-01,2,2026,1.1428571428571428,,,,,,,5,高档
202602,6901028125970,黄山(徽商新概念细支),一类烟,339.2,400.0,0.104,0.104,0.88192,84800.0,328.192,100.0,0.508046,0.272421,339.2,1.032,1.024,842.0,842.0,256.0,30.4,30.4,99.22,256.0,16.85,100.0,,,0.0,,0.1,0.1,100.0,842.0,25.0,6.31,2.97,0.0,0.0,0.0,0.0,0.0,0.0,0.0,0.0,19.0,2026-02-01,2,2026,1.179245283018868,0.308895364658926,3155.692307692308,-99.0,-0.36585365853658547,0.0010474109263657958,1.0,5,高档
202602,6901028143554,七匹狼(锋芒),一类烟,158.0,180.0,0.812,0.796,3.1442,39500.0,510.904,98.029557,2.021244,0.761174,158.0,2.784,2.716,842.0,506.0,489.0,58.08,96.64,97.56,489.0,61.28,100.0,,,0.0,,0.8,0.81,98.03,842.0,199.0,52.68,23.63,0.0,0.0,0.0,0.0,0.0,0.0,0.0,0.0,13.0,2026-02-01,2,2026,1.139240506329114,0.24208828954901088,641.8391959798995,-97.029557,-0.837152209492635,0.003734204275534442,0.6009501187648456,5,高档
202602,6901028229074,天子(中支),一类烟,201.4,230.0,1.316,1.312,6.60592,50350.0,418.848,99.696049,4.025872,1.820072,201.4,,,842.0,,,,,,,,,,,,,1.31,1.32,99.7,842.0,211.0,87.85,25.06,117.0,0.0,0.0,0.0,55.45,0.0,0.0,0.0,17.0,2026-02-01,2,2026,1.1420059582919562,0.2755213505461767,319.2439024390244,-98.696049,-0.6888045540796963,0.007845510688836104,,5,高档
202602,6901028182560,红金龙(硬红龙),三类烟,47.7,55.0,0.016,0.0,0.0,,558.624,0.0,0.0,0.0,47.7,0.064,0.0,842.0,,,,,0.0,,,,,,,,,,,,,,,,,,,,,,,,2026-02-01,2,2026,1.1530398322851152,,,1.0,-1.0,0.0,,3,中档
202602,6901028077910,钻石(软荷花),一类烟,339.2,400.0,0.06,0.06,0.5088,84800.0,47.836,100.0,0.293103,0.157167,339.2,3.052,3.032,842.0,431.0,423.0,50.24,98.14,99.34,422.0,98.44,99.76,,,0.0,,0.06,0.06,100.0,842.0,15.0,0.65,1.78,0.0,0.0,0.0,0.0,0.0,0.0,0.0,0.0,,2026-02-01,2,2026,1.179245283018868,0.3088974056603773,797.2666666666667,-99.0,-0.8706896551724138,0.0006042755344418053,0.5118764845605701,5,高档
202602,6901028324830,红塔山(细支传奇),二类烟,155.0,180.0,0.308,0.304,1.178,38750.0,725.92,98.701299,0.75727,0.285222,155.0,3.196,3.172,842.0,842.0,334.0,39.67,39.67,99.25,327.0,27.88,97.9,,,0.0,,0.3,0.31,98.7,842.0,76.0,10.03,9.03,0.0,0.0,0.0,0.0,0.0,0.0,0.0,0.0,6.0,2026-02-01,2,2026,1.1612903225806452,0.24212393887945668,2387.894736842105,-97.701299,-0.745819397993311,0.0013990498812351544,1.0,5,高档
202602,6901028160285,黄金叶(乐途),二类烟,121.9,140.0,2.772,2.748,8.37453,30475.0,844.444,99.134199,5.383481,2.027875,121.9,26.264,25.672,842.0,842.0,833.0,98.93,98.93,97.75,831.0,71.87,99.76,,,0.0,,2.75,2.77,99.13,842.0,458.0,63.93,54.39,229.0,0.0,0.0,0.0,50.0,0.0,0.0,0.0,25.0,2026-02-01,2,2026,1.1484823625922886,0.2421479175547762,307.2940320232896,-98.134199,-0.29466119096509236,0.009945997624703088,1.0,5,高档
202602,6901028080224,钻石(硬特醇),四类烟,44.5,50.0,,,,,796.224,,,,,,,,,,,,,,,,,,,,,,,,,,,,,,,,,,,,2026-02-01,2,2026,1.1235955056179776,,,,,,,3,中档
202602,6901028184304,黄鹤楼(硬平安),一类烟,720.8,1000.0,0.796,0.776,13.98352,180200.0,345.648,97.487437,8.05958,4.315264,720.8,54.08,53.884,842.0,842.0,833.0,98.93,98.93,99.64,822.0,79.94,98.68,,,0.0,,0.78,0.8,97.49,842.0,162.0,7.14,19.24,0.0,0.0,0.0,0.0,0.0,0.0,0.0,0.0,17.0,2026-02-01,2,2026,1.3873473917869035,0.3085964049109237,445.42268041237116,-96.487437,-0.38801261829653,0.01660750593824228,1.0,5,高档
202602,6901028150378,泰山(望岳),一类烟,167.48,190.0,,,,,126.86,,,,,,,,,,,,,,,,,,,,,,,,,,,,,,,,,,,,2026-02-01,2,2026,1.1344638165751135,,,,,,,5,高档
202602,6901028187343,黄鹤楼(硬8度),一类烟,158.0,180.0,4.06,4.056,16.0212,39500.0,340.04,99.901478,10.299199,3.878791,158.0,0.5,0.492,842.0,76.0,76.0,9.03,100.0,98.4,76.0,59.13,100.0,,,0.0,,4.06,4.06,99.9,842.0,523.0,63.75,62.11,247.0,0.0,0.0,0.0,47.23,0.0,0.0,0.0,226.0,2026-02-01,2,2026,1.139240506329114,0.24210365016353333,83.83629191321499,-98.901478,1.1437632135306557,0.01902755344418052,0.09026128266033254,5,高档
202602,6901028062350,南京(十二钗薄荷),一类烟,188.68,220.0,0.164,0.16,0.75472,47170.0,21.268,97.560976,0.45996,0.20792,188.68,0.004,0.0,842.0,842.0,,,0.0,0.0,,0.0,,,,,,0.16,0.16,97.56,842.0,40.0,3.68,4.75,0.0,0.0,0.0,0.0,0.0,0.0,0.0,0.0,14.0,2026-02-01,2,2026,1.165995336018656,0.2754928980284079,132.925,-96.560976,0.025641025641025772,0.0008963420427553444,1.0,5,高档
202602,6901028218603,黄鹤楼(硬1916如意),一类烟,763.2,900.0,2.86,2.84,54.1872,190800.0,825.244,99.300699,31.213882,16.73951,763.2,1.056,1.044,842.0,264.0,261.0,31.0,98.86,98.86,261.0,98.86,100.0,,,0.0,,2.84,2.86,99.3,842.0,466.0,40.18,55.34,184.0,0.0,0.0,0.0,39.48,0.0,0.0,0.0,,2026-02-01,2,2026,1.1792452830188678,0.3089200032479995,290.57887323943663,-98.300699,-0.7853688029020556,0.06435534441805225,0.31353919239904987,5,高档
202602,6901028155557,泰山(颜悦),一类烟,167.48,190.0,,,,,163.168,,,,167.48,,,842.0,,,,,,,,,,,,,,,,,,,,,,,,,,,,,2026-02-01,2,2026,1.1344638165751135,,,,,,,5,高档
202602,6901028937535,好猫(金猴王),三类烟,71.0,80.0,,,,,597.668,,,,,,,,,,,,,,,,,,,,,,,,,,,,,,,,,,,,2026-02-01,2,2026,1.1267605633802817,,,,,,,4,中高档
202602,6901028179324,黄鹤楼(硬珍品),一类烟,339.2,400.0,28.196,27.784,235.60832,84800.0,3752.108,98.5388,135.725323,72.777623,339.2,15.624,15.32,842.0,760.0,638.0,75.77,83.95,98.05,625.0,66.16,97.96,,,0.0,,27.78,28.2,98.54,842.0,791.0,79.37,93.94,646.0,0.0,0.0,0.0,81.67,0.0,0.0,0.0,1.0,2026-02-01,2,2026,1.179245283018868,0.30889241517447263,135.04563777713793,-97.5388,-0.6584046424707386,0.27981985748218524,0.9026128266033254,5,高档
202602,6901028227438,龙凤呈祥(软魅力朝天门),三类烟,97.0,110.0,,,,,169.712,,,,97.0,,,842.0,,,,,,,,,,,,,,,,,,,,,,,,,,,,,2026-02-01,2,2026,1.134020618556701,,,,,,,4,中高档
202602,6901028059114,好猫(细支长乐吉祥),一类烟,225.0,260.0,0.124,0.12,0.675,56250.0,,,,,225.0,0.172,0.172,842.0,61.0,43.0,5.11,70.49,100.0,43.0,40.57,100.0,,,0.0,,0.12,0.12,96.77,842.0,30.0,3.03,3.56,0.0,0.0,0.0,0.0,0.0,0.0,0.0,0.0,17.0,2026-02-01,2,2026,1.1555555555555554,,,,-0.2682926829268293,0.0008016627078384799,0.07244655581947744,5,高档
202603,6901028942881,双喜(硬精品好日子),三类烟,93.28,110.0,0.008,0.0,0.0,,36.516,0.0,0.0,0.0,93.28,,,839.0,,,0.0,,,,,,,,,,,,,,,,,,,,,,,,,,2026-03-01,3,2026,1.179245283018868,,,1.0,,0.0,,4,中高档
202603,6901028204835,芙蓉王(硬中支),一类烟,263.0,300.0,,,,,35.912,,,,263.0,0.104,0.104,839.0,20.0,13.0,1.55,65.0,100.0,13.0,65.0,100.0,,,0.0,,,,,,,,,,,,,,,,,,2026-03-01,3,2026,1.1406844106463878,,,,,,0.023837902264600714,5,高档
202603,6901028169967,黄金叶(天叶),一类烟,678.4,1000.0,,,,,78.344,,,,678.4,0.588,0.576,839.0,141.0,71.0,8.46,50.35,97.96,69.0,48.65,97.18,,,0.0,,,,,,,,,,,,,,,,,,2026-03-01,3,2026,1.474056603773585,,,,,,0.16805721096543505,5,高档
202603,6901028145077,娇子(宽窄好运细支),一类烟,225.0,260.0,0.32,0.32,1.8,56250.0,489.54,100.0,1.09704,0.495883,225.0,,,839.0,,,0.0,,,,,,,,,,0.32,0.32,100.0,839.0,42.0,4.85,5.01,1.0,0.0,0.0,0.0,2.38,0.0,0.0,0.0,,2026-03-01,3,2026,1.1555555555555554,0.27549055555555557,1529.8125,-99.0,-0.6460176991150443,0.0021454112038140644,,5,高档
202603,6901028339957,云烟(细支云龙),二类烟,129.3,150.0,2.26,2.252,7.27959,32325.0,2456.28,99.646018,4.679676,1.762446,129.3,5.796,5.78,839.0,753.0,724.0,86.29,96.15,99.72,721.0,95.95,99.59,,,0.0,,2.25,2.26,99.65,839.0,276.0,20.14,32.9,11.0,0.0,0.0,0.0,3.99,0.0,0.0,0.0,,2026-03-01,3,2026,1.160092807424594,0.2421078659649788,1090.7104795737125,-98.646018,-0.14696969696969708,0.008676507747318235,0.8974970202622169,5,高档
202603,6901028124058,黄山(黑马细支),一类烟,225.0,260.0,1.58,1.532,8.6175,56250.0,259.092,96.962025,5.252079,2.374042,225.0,0.308,0.308,839.0,107.0,38.0,4.53,35.51,100.0,35.0,35.0,92.11,,,0.0,,1.53,1.58,96.96,839.0,87.0,100.0,10.37,35.0,5.0,0.0,0.0,40.23,5.75,0.0,0.0,9.0,2026-03-01,3,2026,1.1555555555555554,0.275490803597331,169.12010443864227,-95.962025,0.029569892473118253,0.010271156138259832,0.12753277711561384,5,高档
202603,6901028111270,南京(炫赫门),二类烟,155.0,180.0,3.496,3.484,13.5005,38750.0,908.728,99.656751,8.678645,3.268859,155.0,,,839.0,,,0.0,,,,,,,,,,3.48,3.5,99.66,839.0,319.0,23.44,38.02,108.0,5.0,0.0,0.0,33.86,1.57,0.0,0.0,,2026-03-01,3,2026,1.1612903225806452,0.24212873597274173,260.82893226176805,-98.656751,inf,0.0160911799761621,,5,高档
202603,6901028009805,双喜(百年经典),一类烟,175.0,200.0,0.932,0.904,3.955,43750.0,291.18,96.995708,2.410327,1.089655,175.0,0.64,0.62,839.0,839.0,62.0,7.39,7.39,96.88,49.0,5.48,79.03,,,0.0,,0.9,0.93,97.0,839.0,62.0,89.4,7.39,25.0,0.0,0.0,0.0,40.32,0.0,0.0,0.0,7.0,2026-03-01,3,2026,1.1428571428571428,0.2755132743362832,322.10176991150445,-95.995708,-0.2541254125412541,0.004713945172824792,1.0,5,高档
202603,6901028154628,泰山(儒风细支),一类烟,263.0,300.0,,,,,23.696,,,,,,,,,,,,,,,,,,,,,,,,,,,,,,,,,,,,2026-03-01,3,2026,1.1406844106463878,,,,,,,5,高档
202603,6901028104241,哈尔滨(老巴夺),三类烟,97.0,110.0,,,,,0.0,,,,,,,,,,,,,,,,,,,,,,,,,,,,,,,,,,,,2026-03-01,3,2026,1.134020618556701,,,,,,,4,中高档
202603,6901028133081,金圣(青瓷中支),一类烟,175.0,200.0,,,,,9.12,,,,,,,,,,,,,,,,,,,,,,,,,,,,,,,,,,,,2026-03-01,3,2026,1.1428571428571428,,,,,,,5,高档
202603,6901028224642,金圣(青瓷),一类烟,158.0,180.0,0.136,0.136,0.5372,39500.0,600.208,100.0,0.345338,0.130067,158.0,0.104,0.1,839.0,35.0,12.0,1.43,34.29,96.15,11.0,34.72,91.67,,,0.0,,0.14,0.14,100.0,839.0,17.0,1.76,2.03,0.0,0.0,0.0,0.0,0.0,0.0,0.0,0.0,,2026-03-01,3,2026,1.139240506329114,0.24212025316455693,4413.294117647059,-99.0,-0.9464566929133859,0.0006402860548271752,0.041716328963051254,5,高档
202603,6901028164177,红旗渠(雪茄),四类烟,44.5,50.0,0.004,0.0,0.0,,0.02,0.0,0.0,0.0,44.5,0.488,0.488,839.0,86.0,61.0,7.27,70.93,100.0,61.0,70.93,100.0,,,0.0,,,,,,,,,,,,,,,,,,2026-03-01,3,2026,1.1235955056179776,,,1.0,,0.0,0.10250297973778308,3,中档
202603,6901028075015,中华(硬),一类烟,381.6,450.0,1.156,1.144,10.91376,95400.0,474.688,98.961938,6.286853,3.37136,381.6,0.524,0.508,839.0,55.0,54.0,6.44,98.18,96.95,53.0,94.78,98.15,,,0.0,,1.14,1.16,98.96,839.0,102.0,5.97,12.16,9.0,0.0,0.0,0.0,8.82,0.0,0.0,0.0,,2026-03-01,3,2026,1.1792452830188678,0.308909120229875,414.93706293706293,-97.961938,-0.7187807276302851,0.013008057210965434,0.06555423122765197,5,高档
202603,6901028191142,白沙(硬),三类烟,71.0,80.0,0.008,0.0,0.0,,131.204,0.0,0.0,0.0,71.0,0.032,0.032,839.0,4.0,4.0,0.48,100.0,100.0,4.0,100.0,100.0,,,0.0,,,,,,,,,,,,,,,,,,2026-03-01,3,2026,1.1267605633802817,,,1.0,,0.0,0.004767580452920143,4,中高档
202603,6901028221351,贵烟(新贵),三类烟,93.28,110.0,,,,,177.78,,,,,,,,,,,,,,,,,,,,,,,,,,,,,,,,,,,,2026-03-01,3,2026,1.179245283018868,,,,,,,4,中高档
202603,6901028193504,芙蓉王(硬),一类烟,218.36,250.0,0.668,0.668,3.646612,54590.0,896.864,100.0,2.222598,1.00451,218.36,,,839.0,,,0.0,,,,,,,,,,0.68,0.68,100.0,839.0,86.0,4.58,10.25,1.0,0.0,0.0,0.0,1.16,0.0,0.0,0.0,,2026-03-01,3,2026,1.1448983330280271,0.2754639100622715,1342.6107784431138,-99.0,-0.7641242937853108,0.0043463790226460075,,5,高档
202603,6901028179324,黄鹤楼(硬珍品),一类烟,339.2,400.0,9.516,9.456,80.18688,84800.0,1160.788,99.369483,46.192724,24.768954,339.2,5.148,5.116,839.0,735.0,535.0,63.77,72.79,99.38,525.0,69.44,98.13,,,0.0,,9.46,9.52,99.37,839.0,749.0,44.43,89.27,25.0,0.0,0.0,0.0,3.34,0.0,0.0,0.0,,2026-03-01,3,2026,1.179245283018868,0.30889035712575424,122.75676818950932,-98.369483,-0.659660236107112,0.09557435041716329,0.8760429082240763,5,高档
202603,6901028227285,天子(金),一类烟,167.48,200.0,0.368,0.368,1.540816,41870.0,1225.852,100.0,0.990472,0.37306,167.48,0.128,0.128,839.0,33.0,16.0,1.91,48.48,100.0,14.0,47.06,87.5,,,0.0,,0.37,0.37,100.0,839.0,45.0,4.85,5.36,2.0,0.0,0.0,0.0,4.44,0.0,0.0,0.0,,2026-03-01,3,2026,1.1941724385001196,0.24211846190589922,3331.1195652173915,-99.0,-0.6592592592592592,0.0018364910607866507,0.03933253873659118,5,高档
202603,6901028062015,苏烟(五星红杉树),一类烟,188.68,220.0,1.192,1.184,5.584928,47170.0,358.68,99.328859,3.403705,1.538753,188.68,,,839.0,,,0.0,,,,,,,,,,1.18,1.19,99.33,839.0,140.0,11.35,16.69,10.0,0.0,0.0,0.0,7.14,0.0,0.0,0.0,,2026-03-01,3,2026,1.165995336018656,0.2755188607623948,302.9391891891892,-98.328859,-0.30023640661938533,0.006656648390941597,,5,高档
202603,6901028180634,红金龙(软虹之彩),五类烟,19.08,25.0,0.016,0.0,0.0,,0.0,0.0,0.0,0.0,19.08,4.516,4.488,839.0,484.0,474.0,56.5,97.93,99.38,471.0,98.77,99.37,,,0.0,,,,,,,,,,,,,,,,,,2026-03-01,3,2026,1.310272536687631,,,1.0,,0.0,0.5768772348033373,2,中低档
202603,6901028136891,金圣(硬红·十二生肖),三类烟,61.5,70.0,,,,,760.748,,,,,,,,,,,,,,,,,,,,,,,,,,,,,,,,,,,,2026-03-01,3,2026,1.1382113821138211,,,,,,,3,中档
202603,6901028000833,双喜(软经典),三类烟,97.0,110.0,9.952,9.924,24.0657,24250.0,1148.056,99.71865,15.469035,5.827869,97.0,3.484,3.424,839.0,839.0,184.0,21.93,21.93,98.28,140.0,8.18,76.09,,,0.0,,9.92,9.95,99.72,839.0,792.0,55.3,94.4,183.0,0.0,0.0,0.0,23.11,0.0,0.0,0.0,,2026-03-01,3,2026,1.134020618556701,0.24216494845360825,115.68480451430875,-98.71865,-0.36498592270284114,0.02868379022646007,1.0,4,中高档
202603,6901028071536,中南海(5mg细支),二类烟,121.9,140.0,0.008,0.008,0.02438,30475.0,23.488,100.0,0.015672,0.005903,121.9,,,839.0,,,0.0,,,,,,,,,,0.01,0.01,100.0,839.0,1.0,0.16,0.12,0.0,0.0,0.0,0.0,0.0,0.0,0.0,0.0,,2026-03-01,3,2026,1.1484823625922886,0.24212469237079576,2936.0,-99.0,-0.972972972972973,2.905840286054827e-05,,5,高档
202603,6901028920858,金圣(智圣出山双中支),一类烟,510.0,600.0,,,,,0.0,,,,,,,,,,,,,,,,,,,,,,,,,,,,,,,,,,,,2026-03-01,3,2026,1.1764705882352942,,,,,,,5,高档
202603,6901028180818,黄鹤楼(天下名楼),二类烟,139.92,160.0,2.736,2.688,9.402624,34980.0,955.748,98.245614,6.04468,2.276343,139.92,1.108,1.1,839.0,146.0,134.0,15.97,91.78,99.28,132.0,90.46,98.51,,,0.0,,2.69,2.74,98.25,839.0,218.0,24.56,25.98,107.0,0.0,0.0,0.0,49.08,0.0,0.0,0.0,1.0,2026-03-01,3,2026,1.1435105774728418,0.2420965679367802,355.5610119047619,-97.245614,1.0613496932515338,0.01120694159713945,0.17401668653158522,5,高档
202603,6901028181815,红金龙(硬蓝爱你),三类烟,97.0,110.0,4.456,4.428,10.7379,24250.0,935.808,99.371634,6.902149,2.600339,97.0,39.164,38.764,839.0,839.0,836.0,99.64,99.64,98.98,836.0,98.15,100.0,,,0.0,,4.49,4.52,99.38,839.0,474.0,29.41,56.5,68.0,0.0,0.0,0.0,14.35,0.0,0.0,0.0,1.0,2026-03-01,3,2026,1.134020618556701,0.24216457594129207,211.33875338753387,-98.371634,0.37174721189591065,0.0127984505363528,1.0,4,中高档
202603,6901028178259,黄鹤楼(1916中支),一类烟,1000.0,1200.0,0.004,0.0,0.0,,7.18,0.0,0.0,0.0,1000.0,0.004,0.0,839.0,,,0.0,,0.0,,,,,,,,,,,,,,,,,,,,,,,,2026-03-01,3,2026,1.2,,,1.0,,0.0,,5,高档
202603,6901028084321,娇子(软阳光),三类烟,88.0,100.0,7.164,7.14,15.708,22000.0,780.42,99.664992,10.097745,3.802946,88.0,0.284,0.284,839.0,37.0,24.0,2.86,64.86,100.0,23.0,64.55,95.83,,,0.0,,7.14,7.16,99.66,839.0,599.0,49.33,71.39,297.0,0.0,0.0,0.0,49.58,0.0,0.0,0.0,,2026-03-01,3,2026,1.1363636363636365,0.242102495543672,109.30252100840336,-98.664992,5.092150170648464,0.018722288438617403,0.04410011918951132,4,中高档
202603,6901028188081,黄鹤楼(硬银紫),二类烟,114.5,130.0,3.592,3.584,10.2592,28625.0,1098.9,99.777283,6.594561,2.484161,114.5,,,839.0,,,0.0,,,,,,,,,,3.6,3.6,99.78,839.0,426.0,25.63,50.77,27.0,0.0,0.0,0.0,6.34,0.0,0.0,0.0,,2026-03-01,3,2026,1.1353711790393013,0.24213983546475357,306.6127232142857,-98.777283,-0.7380116959064327,0.012227890345649584,,5,高档
202603,6901028207508,利群(软红长嘴),一类烟,190.8,220.0,0.596,0.576,2.74752,47700.0,448.38,96.644295,1.674892,0.756548,190.8,0.728,0.728,839.0,141.0,89.0,10.61,63.12,100.0,87.0,61.49,97.75,,,0.0,,0.58,0.6,96.64,839.0,71.0,4.74,8.46,2.0,0.0,0.0,0.0,2.82,0.0,0.0,0.0,1.0,2026-03-01,3,2026,1.1530398322851152,0.27535668530165386,778.4375,-95.644295,-0.5247524752475248,0.003274755661501788,0.16805721096543505,5,高档
202603,6901028218634,黄鹤楼(硬1916红爆),一类烟,720.8,1000.0,0.16,0.144,2.59488,180200.0,181.364,90.0,1.494811,0.801539,720.8,0.756,0.756,839.0,117.0,96.0,11.44,82.05,100.0,93.0,80.77,96.88,,,0.0,,0.14,0.16,90.0,839.0,15.0,0.85,1.79,0.0,0.0,0.0,0.0,0.0,0.0,0.0,0.0,,2026-03-01,3,2026,1.3873473917869035,0.3088925114070786,1259.4722222222224,-89.0,-0.8620689655172413,0.003092824791418355,0.1394517282479142,5,高档
202603,6901028079990,钻石(荷花),一类烟,275.6,320.0,4.236,4.22,29.0758,68900.0,284.06,99.622285,16.749185,8.981735,275.6,0.004,0.0,839.0,,,0.0,,0.0,,,,,,,,4.22,4.24,99.62,839.0,456.0,30.05,54.35,68.0,0.0,0.0,0.0,14.91,0.0,0.0,0.0,29.0,2026-03-01,3,2026,1.1611030478955007,0.30890757949910236,67.31279620853081,-98.622285,0.39182058047493395,0.034655303933253875,,5,高档
202603,6901028010115,中南海(典8),三类烟,97.0,110.0,0.104,0.1,0.2425,24250.0,205.816,96.153846,0.155876,0.058724,97.0,0.14,0.14,839.0,19.0,17.0,2.03,89.47,100.0,16.0,87.5,94.12,,,0.0,,0.1,0.1,96.15,839.0,12.0,1.92,1.43,1.0,0.0,0.0,0.0,8.33,0.0,0.0,0.0,2.0,2026-03-01,3,2026,1.134020618556701,0.24216082474226805,2058.16,-95.153846,1.272727272727273,0.0002890345649582837,0.02264600715137068,4,中高档
202603,6901028940504,红金龙(硬新版),四类烟,44.5,50.0,11.012,10.976,12.2108,11125.0,3507.828,99.673084,8.155168,2.650704,44.5,0.612,0.6,839.0,63.0,58.0,6.91,92.06,98.04,58.0,93.75,100.0,,,0.0,,11.04,11.07,99.67,839.0,832.0,71.34,99.17,389.0,112.0,0.0,0.0,46.75,13.46,0.0,0.0,,2026-03-01,3,2026,1.1235955056179776,0.21707865168539325,319.5907434402332,-98.673084,inf,0.014553992848629321,0.07508939213349225,3,中档
202603,6901028005036,双喜(硬金五叶神),二类烟,121.9,140.0,0.872,0.856,2.60866,30475.0,517.116,98.165138,1.676918,0.631609,121.9,1.636,1.608,839.0,839.0,140.0,16.69,16.69,98.29,123.0,14.2,87.86,,,0.0,,0.86,0.87,98.17,839.0,98.0,10.66,11.68,11.0,0.0,0.0,0.0,11.22,0.0,0.0,0.0,,2026-03-01,3,2026,1.1484823625922886,0.2421200923079282,604.107476635514,-97.165138,0.16304347826086962,0.003109249106078665,1.0,5,高档
202603,6901028937832,好猫(长乐九美),一类烟,175.0,200.0,0.5,0.5,2.1875,43750.0,231.768,100.0,1.333125,0.602691,175.0,0.008,0.0,839.0,,,0.0,,0.0,,,,,,,,0.5,0.5,100.0,839.0,63.0,16.89,7.51,3.0,0.0,0.0,0.0,4.76,0.0,0.0,0.0,1.0,2026-03-01,3,2026,1.1428571428571428,0.2755158857142857,463.536,-99.0,-0.6565934065934066,0.0026072705601907034,,5,高档
202603,6901028042758,娇子(宽窄逍遥),一类烟,678.4,800.0,,,,,0.012,,,,,,,,,,,,,,,,,,,,,,,,,,,,,,,,,,,,2026-03-01,3,2026,1.179245283018868,,,,,,,5,高档
202603,6901028317177,玉溪(软),一类烟,201.4,230.0,3.42,3.38,17.0183,50350.0,2042.784,98.830409,10.371567,4.688868,201.4,0.264,0.264,839.0,19.0,17.0,2.03,89.47,100.0,17.0,89.19,100.0,,,0.0,,3.38,3.42,98.83,839.0,277.0,100.0,33.02,146.0,14.0,0.0,0.0,52.71,5.05,0.0,0.0,16.0,2026-03-01,3,2026,1.1420059582919562,0.2755191764159758,604.3739644970415,-97.830409,0.06557377049180313,0.02028402860548272,0.02264600715137068,5,高档
202603,6901028937535,好猫(金猴王),三类烟,71.0,80.0,,,,,475.588,,,,,,,,,,,,,,,,,,,,,,,,,,,,,,,,,,,,2026-03-01,3,2026,1.1267605633802817,,,,,,,4,中高档
202603,6901028155557,泰山(颜悦),一类烟,167.48,190.0,1.304,1.296,5.426352,41870.0,268.756,99.386503,3.488184,1.31382,167.48,,,839.0,,,0.0,,,,,,,,,,1.3,1.3,99.39,839.0,102.0,14.12,12.16,60.0,3.0,0.0,0.0,58.82,2.94,0.0,0.0,1.0,2026-03-01,3,2026,1.1344638165751135,0.24211846190589922,207.37345679012344,-98.386503,,0.0064676424314660304,,5,高档
202603,6901028218603,黄鹤楼(硬1916如意),一类烟,763.2,900.0,2.224,2.208,42.12864,190800.0,405.792,99.280576,24.267502,13.014577,763.2,0.16,0.144,839.0,16.0,15.0,1.79,93.75,90.0,15.0,94.74,100.0,,,0.0,,2.21,2.22,99.28,839.0,196.0,15.18,23.36,80.0,0.0,0.0,0.0,40.82,0.0,0.0,0.0,,2026-03-01,3,2026,1.1792452830188678,0.3089246887627989,183.78260869565216,-98.280576,-0.22253521126760556,0.05021292014302741,0.01907032181168057,5,高档
202603,6901028227438,龙凤呈祥(软魅力朝天门),三类烟,97.0,110.0,,,,,100.632,,,,97.0,0.128,0.128,839.0,36.0,15.0,1.79,41.67,100.0,15.0,43.24,100.0,,,0.0,,,,,,,,,,,,,,,,,,2026-03-01,3,2026,1.134020618556701,,,,,,0.04290822407628129,4,中高档
202603,6901028177153,云烟(硬苁蓉),二类烟,114.5,130.0,,,,,76.836,,,,,,,,,,,,,,,,,,,,,,,,,,,,,,,,,,,,2026-03-01,3,2026,1.1353711790393013,,,,,,,5,高档
202603,6901028187855,黄鹤楼(软1916),一类烟,848.0,1000.0,,,,,112.772,,,,848.0,3.296,3.28,839.0,271.0,222.0,26.46,81.92,99.51,218.0,80.23,98.2,,,0.0,,,,,,,,,,,,,,,,,,2026-03-01,3,2026,1.179245283018868,,,,,,0.3230035756853397,5,高档
202603,6901028212229,中华(细支),一类烟,424.0,500.0,0.124,0.124,1.3144,106000.0,47.984,100.0,0.757264,0.405918,424.0,,,839.0,,,0.0,,,,,,,,,,0.12,0.12,100.0,839.0,15.0,0.96,1.79,1.0,0.0,0.0,0.0,6.67,0.0,0.0,0.0,,2026-03-01,3,2026,1.179245283018868,0.3088237979306147,386.9677419354839,-99.0,-0.2790697674418604,0.001566626936829559,,5,高档
202603,6901028010771,中南海(冰耀中支),一类烟,201.4,230.0,0.14,0.14,0.7049,50350.0,129.876,100.0,0.42959,0.194215,201.4,,,839.0,,,0.0,,,,,,,,,,0.14,0.14,100.0,839.0,17.0,1.07,2.03,1.0,0.0,0.0,0.0,5.88,0.0,0.0,0.0,13.0,2026-03-01,3,2026,1.1420059582919562,0.27552135054617677,927.6857142857142,-99.0,2.5000000000000004,0.0008401668653158522,,5,高档
202603,6901028024976,娇子(X),三类烟,97.0,110.0,0.488,0.488,1.1834,24250.0,743.6,100.0,0.76089,0.286358,97.0,,,839.0,,,0.0,,,,,,,,,,0.49,0.49,100.0,839.0,61.0,4.58,7.27,0.0,0.0,0.0,0.0,0.0,0.0,0.0,0.0,,2026-03-01,3,2026,1.134020618556701,0.24197904343417273,1523.7704918032787,-99.0,-0.6013071895424837,0.0014104886769964243,,4,中高档
202603,6901028211352,七匹狼(纯境),二类烟,143.1,160.0,9.648,9.62,34.41555,35775.0,623.408,99.709784,22.1236,8.332235,143.1,0.032,0.032,839.0,5.0,4.0,0.48,80.0,100.0,4.0,80.0,100.0,,,0.0,,9.62,9.65,99.71,839.0,556.0,59.56,66.27,453.0,79.0,0.0,0.0,81.47,14.21,0.0,0.0,,2026-03-01,3,2026,1.1180992313067786,0.24210669305008928,64.80332640332641,-98.709784,2.541973490427098,0.04101972586412396,0.0059594755661501785,5,高档
202603,6901028314985,红塔山(硬经典),三类烟,75.0,85.0,5.796,5.78,10.8375,18750.0,448.76,99.723948,6.966345,2.62412,75.0,0.008,0.0,839.0,,,0.0,,0.0,,,,,,,,5.78,5.8,99.72,839.0,724.0,40.12,86.29,0.0,0.0,0.0,0.0,0.0,0.0,0.0,0.0,2.0,2026-03-01,3,2026,1.1333333333333333,0.24213333333333334,77.6401384083045,-98.723948,-0.4224620303756994,0.012917163289630513,,4,中高档
202603,6901028936750,好猫(长乐),二类烟,121.9,140.0,1.484,1.472,4.48592,30475.0,122.02,99.191375,2.883648,1.086162,121.9,0.5,0.5,839.0,312.0,63.0,7.51,20.19,100.0,56.0,19.72,88.89,,,0.0,,1.47,1.48,99.19,839.0,191.0,31.65,22.77,3.0,0.0,0.0,0.0,1.57,0.0,0.0,0.0,33.0,2026-03-01,3,2026,1.1484823625922886,0.24212692156792812,82.89402173913044,-98.191375,7.558139534883722,0.0053467461263408825,0.37187127532777114,5,高档
202603,6901028190602,黄鹤楼(软雪之景),二类烟,121.9,140.0,4.96,4.936,15.04246,30475.0,1261.216,99.516129,9.669624,3.642153,121.9,0.252,0.248,839.0,33.0,31.0,3.69,93.94,98.41,31.0,93.94,100.0,,,0.0,,4.94,4.96,99.52,839.0,580.0,35.43,69.13,39.0,0.0,0.0,0.0,6.72,0.0,0.0,0.0,1.0,2026-03-01,3,2026,1.1484823625922886,0.2421248253277722,255.51377633711505,-98.516129,-0.7165173443602113,0.017929034564958285,0.03933253873659118,5,高档
202603,6901028180580,黄鹤楼(软蓝),一类烟,164.3,190.0,33.0,32.964,135.39963,41075.0,11260.184,99.890909,87.046048,32.776535,164.3,0.192,0.192,839.0,21.0,21.0,2.5,100.0,100.0,21.0,100.0,100.0,,,0.0,,32.96,33.0,99.89,839.0,809.0,100.0,96.42,774.0,179.0,0.0,0.0,95.67,22.13,0.0,0.0,,2026-03-01,3,2026,1.1564211807668898,0.24207255957789547,341.59034097803664,-98.890909,-0.5125399266532592,0.16138215733015496,0.025029797377830752,5,高档
202603,6901028315432,红塔山(硬经典100),三类烟,97.0,110.0,0.008,0.0,0.0,,1388.232,0.0,0.0,0.0,97.0,0.6,0.588,839.0,178.0,72.0,8.58,40.45,98.0,65.0,39.1,90.28,,,0.0,,,,,,,,,,,,,,,,,,2026-03-01,3,2026,1.134020618556701,,,1.0,,0.0,0.21215733015494637,4,中高档
202603,6901028180009,黄鹤楼(软珍品),一类烟,530.0,650.0,0.844,0.828,10.971,132500.0,776.172,98.104265,6.319927,3.388907,530.0,33.0,32.964,839.0,839.0,809.0,96.42,96.42,99.89,802.0,91.75,99.13,,,0.0,,0.83,0.84,98.1,839.0,60.0,4.9,7.15,28.0,0.0,0.0,0.0,46.67,0.0,0.0,0.0,,2026-03-01,3,2026,1.2264150943396226,0.3088968188861544,937.4057971014494,-97.104265,-0.8747731397459165,0.013076281287246722,1.0,5,高档
202603,6901028018630,中华(金中支),一类烟,678.4,800.0,,,,,24.732,,,,678.4,,,839.0,,,0.0,,,,,,,,,,,,,,,,,,,,,,,,,,2026-03-01,3,2026,1.179245283018868,,,,,,,5,高档
202603,6901028159548,泰山(硬红八喜),三类烟,57.24,65.0,5.616,5.608,8.025048,14310.0,611.884,99.85755,5.15936,1.94247,57.24,0.444,0.444,839.0,80.0,55.0,6.56,68.75,100.0,52.0,66.87,94.55,,,0.0,,5.61,5.62,99.86,839.0,702.0,42.35,83.67,0.0,0.0,0.0,0.0,0.0,0.0,0.0,0.0,3.0,2026-03-01,3,2026,1.1355695317959469,0.2420508886675818,109.10912981455066,-98.85755,-0.6418901660280971,0.009565015494636472,0.09535160905840286,3,中档
202603,6901028218184,黄鹤楼(感恩中支),一类烟,225.0,260.0,,,,,280.672,,,,225.0,2.224,2.208,839.0,204.0,196.0,23.36,96.08,99.28,195.0,96.5,99.49,,,0.0,,0.01,0.01,100.0,839.0,1.0,0.0,0.12,0.0,0.0,0.0,0.0,0.0,0.0,0.0,0.0,1.0,2026-03-01,3,2026,1.1555555555555554,,,,,,0.2431466030989273,5,高档
202603,6901028080521,钻石(细支荷花),一类烟,360.4,420.0,0.004,0.0,0.0,,94.468,0.0,0.0,0.0,360.4,0.112,0.112,839.0,17.0,14.0,1.67,82.35,100.0,14.0,82.35,100.0,,,0.0,,,,,,,,,,,,,,,,,,2026-03-01,3,2026,1.165371809100999,,,1.0,,0.0,0.02026221692491061,5,高档
202603,6901028196024,白沙(软和天下),一类烟,720.8,1000.0,0.032,0.032,0.57664,180200.0,36.772,100.0,0.332723,0.177577,720.8,0.024,0.024,839.0,3.0,3.0,0.36,100.0,100.0,3.0,100.0,100.0,,,0.0,,0.03,0.03,100.0,839.0,4.0,0.21,0.48,0.0,0.0,0.0,0.0,0.0,0.0,0.0,0.0,4.0,2026-03-01,3,2026,1.3873473917869035,0.3079512347391787,1149.125,-99.0,inf,0.0006872943980929678,0.003575685339690107,5,高档
202603,6901028084925,长城(醇雅薄荷),一类烟,158.4,180.0,1.008,1.008,4.4352,44000.0,339.7248,100.0,2.6712,1.253722,158.4,,,839.0,,,0.0,,,,,,,,,,1.01,1.01,100.0,839.0,81.0,89.4,9.65,31.0,0.0,0.0,0.0,38.27,0.0,0.0,0.0,6.0,2026-03-01,3,2026,1.1363636363636362,0.28267541486291486,337.02857142857147,-99.0,-0.04436860068259385,0.005286293206197855,,5,高档
202603,6901028114455,苏烟(软金砂),一类烟,381.6,450.0,,,,,0.0,,,,,,,,,,,,,,,,,,,,,,,,,,,,,,,,,,,,2026-03-01,3,2026,1.1792452830188678,,,,,,,5,高档
202603,6901028045919,云烟(软珍品),一类烟,206.7,230.0,1.312,1.292,6.67641,51675.0,792.292,98.47561,4.06895,1.839366,206.7,6.424,6.344,839.0,839.0,638.0,76.04,76.04,98.75,630.0,74.25,98.75,,,0.0,,1.29,1.31,98.48,839.0,160.0,27.97,19.07,8.0,0.0,0.0,0.0,5.0,0.0,0.0,0.0,7.0,2026-03-01,3,2026,1.1127237542331883,0.27550225345657325,613.2291021671826,-97.47561,0.059016393442623105,0.007957580452920143,1.0,5,高档
202603,6901028063371,白沙(硬新精品二代),三类烟,97.0,110.0,2.42,2.42,5.8685,24250.0,770.44,100.0,3.772175,1.421145,97.0,0.136,0.136,839.0,17.0,17.0,2.03,100.0,100.0,17.0,100.0,100.0,,,0.0,,2.42,2.42,100.0,839.0,303.0,18.43,36.11,0.0,0.0,0.0,0.0,0.0,0.0,0.0,0.0,5.0,2026-03-01,3,2026,1.134020618556701,0.24216494845360825,318.3636363636364,-99.0,inf,0.006994636471990465,0.02026221692491061,4,中高档
202603,6901028179270,红金龙(软精品),三类烟,90.1,110.0,47.352,47.188,106.29097,22525.0,2854.416,99.653658,68.328224,25.735075,90.1,0.04,0.04,839.0,,3.0,0.36,,100.0,3.0,,100.0,,,0.0,,47.26,47.42,99.65,839.0,837.0,100.0,99.76,832.0,199.0,0.0,0.0,99.4,23.78,0.0,0.0,,2026-03-01,3,2026,1.2208657047724751,0.24211910945962764,60.49029414257862,-98.653658,-0.49056440817031566,0.12668768772348032,,4,中高档
202603,6901028120708,利群(软长嘴),一类烟,318.0,360.0,0.26,0.256,2.0352,79500.0,169.564,98.461538,1.17251,0.628547,318.0,0.144,0.144,839.0,19.0,17.0,2.03,89.47,100.0,17.0,90.0,100.0,,,0.0,,0.26,0.26,98.46,839.0,32.0,1.92,3.81,1.0,0.0,0.0,0.0,3.13,0.0,0.0,0.0,1.0,2026-03-01,3,2026,1.1320754716981132,0.30883795204402514,662.359375,-97.461538,-0.7509727626459144,0.002425744934445769,0.02264600715137068,5,高档
202603,6901028126007,黄山(新一品),三类烟,71.0,80.0,,,,,202.88,,,,,,,,,,,,,,,,,,,,,,,,,,,,,,,,,,,,2026-03-01,3,2026,1.1267605633802817,,,,,,,4,中高档
202603,6901028179348,黄鹤楼(软红),一类烟,227.9,260.0,5.108,5.076,28.92051,56975.0,3220.92,99.373532,17.625144,7.968067,227.9,0.844,0.828,839.0,63.0,60.0,7.15,95.24,98.1,59.0,95.83,98.33,,,0.0,,5.12,5.15,99.38,839.0,535.0,47.68,63.77,90.0,0.0,0.0,0.0,16.82,0.0,0.0,0.0,1.0,2026-03-01,3,2026,1.1408512505484862,0.2755161302480489,634.5390070921986,-98.373532,-0.668668407310705,0.034470214541120384,0.07508939213349225,5,高档
202603,6901028219174,黄鹤楼(硬奇景),一类烟,238.5,300.0,4.084,4.076,24.30315,59625.0,1760.592,99.804114,14.811238,6.695777,238.5,0.168,0.168,839.0,19.0,19.0,2.26,100.0,100.0,19.0,100.0,100.0,,,0.0,,4.08,4.08,99.8,839.0,386.0,39.42,46.01,126.0,1.0,0.0,0.0,32.64,0.26,0.0,0.0,3.0,2026-03-01,3,2026,1.2578616352201257,0.2755106642554566,431.9411187438666,-98.804114,-0.2996563573883162,0.028966805721096542,0.02264600715137068,5,高档
202603,6901028125970,黄山(徽商新概念细支),一类烟,339.2,400.0,0.308,0.308,2.61184,84800.0,209.624,100.0,1.504596,0.806753,339.2,5.004,5.004,839.0,679.0,451.0,53.75,66.42,100.0,438.0,61.81,97.12,,,0.0,,0.31,0.31,100.0,839.0,38.0,5.86,4.53,2.0,0.0,0.0,0.0,5.26,0.0,0.0,0.0,18.0,2026-03-01,3,2026,1.179245283018868,0.3088830096790003,680.5974025974026,-99.0,1.9615384615384617,0.0031130393325387367,0.8092967818831943,5,高档
202603,6901028121736,利群(楼外楼),一类烟,175.0,200.0,,,,,140.292,,,,,,,,,,,,,,,,,,,,,,,,,,,,,,,,,,,,2026-03-01,3,2026,1.1428571428571428,,,,,,,5,高档
202603,6901028143554,七匹狼(锋芒),一类烟,158.0,180.0,0.448,0.448,1.7696,39500.0,317.012,100.0,1.137585,0.428453,158.0,9.648,9.62,839.0,565.0,556.0,66.27,98.41,99.71,555.0,97.29,99.82,,,0.0,,0.45,0.45,100.0,839.0,50.0,16.94,5.96,7.0,1.0,0.0,0.0,14.0,2.0,0.0,0.0,4.0,2026-03-01,3,2026,1.139240506329114,0.24211855786618441,707.6160714285714,-99.0,-0.4371859296482412,0.0021091775923718714,0.6734207389749702,5,高档
202603,6901028077910,钻石(软荷花),一类烟,339.2,400.0,0.024,0.024,0.20352,84800.0,72.424,100.0,0.11724,0.062865,339.2,4.236,4.22,839.0,491.0,456.0,54.35,92.87,99.62,451.0,92.54,98.9,,,0.0,,0.02,0.02,100.0,839.0,3.0,0.16,0.36,0.0,0.0,0.0,0.0,0.0,0.0,0.0,0.0,2.0,2026-03-01,3,2026,1.179245283018868,0.3088885613207547,3017.666666666667,-99.0,-0.6,0.00024257449344457688,0.5852205005959475,5,高档
202603,6901028182560,红金龙(硬红龙),三类烟,47.7,55.0,39.164,38.764,46.22607,11925.0,441.52,98.978654,29.712606,11.195182,47.7,,,839.0,,,0.0,,,,,,,,,,38.76,39.16,98.98,839.0,836.0,100.0,99.64,823.0,189.0,0.0,0.0,98.44,22.61,0.0,0.0,,2026-03-01,3,2026,1.1530398322851152,0.24218329613570871,11.389949437622535,-97.978654,inf,0.05509662693682956,,3,中档
202603,6901028229074,天子(中支),一类烟,201.4,230.0,0.128,0.128,0.64448,50350.0,276.62,100.0,0.392768,0.177568,201.4,0.252,0.248,839.0,35.0,32.0,3.81,91.43,98.41,28.0,86.11,87.5,,,0.0,,0.13,0.13,100.0,839.0,16.0,1.81,1.91,1.0,0.0,0.0,0.0,6.25,0.0,0.0,0.0,,2026-03-01,3,2026,1.1420059582919562,0.27552135054617677,2161.09375,-99.0,-0.9024390243902439,0.0007681525625744935,0.041716328963051254,5,高档
202603,6901028001625,双喜(硬经典1906),二类烟,150.52,170.0,3.484,3.424,12.884512,37630.0,969.12,98.277842,8.282687,3.119593,150.52,0.872,0.856,839.0,183.0,98.0,11.68,53.55,98.17,95.0,53.5,96.94,,,0.0,,3.42,3.48,98.28,839.0,184.0,100.0,21.93,79.0,10.0,0.0,0.0,42.93,5.43,0.0,0.0,12.0,2026-03-01,3,2026,1.1294180175391975,0.24211960841046987,283.0373831775701,-97.277842,,0.015356986889153755,0.21811680572109654,5,高档
202603,6901028118828,利群(长嘴),一类烟,190.8,220.0,0.224,0.224,1.06848,47700.0,320.388,100.0,0.651168,0.294392,190.8,0.024,0.024,839.0,3.0,3.0,0.36,100.0,100.0,3.0,100.0,100.0,,,0.0,,0.22,0.22,100.0,839.0,28.0,2.02,3.34,1.0,0.0,0.0,0.0,3.57,0.0,0.0,0.0,,2026-03-01,3,2026,1.1530398322851152,0.275524109014675,1430.3035714285713,-99.0,-0.75,0.0012735160905840287,0.003575685339690107,5,高档
202603,6901028314459,玉溪(硬和谐),一类烟,339.2,400.0,,,,,0.004,,,,,,,,,,,,,,,,,,,,,,,,,,,,,,,,,,,,2026-03-01,3,2026,1.179245283018868,,,,,,,5,高档
202603,6901028012003,真龙(凌云),二类烟,121.9,150.0,1.448,1.44,4.3884,30475.0,174.596,99.447514,2.820963,1.062539,121.9,0.532,0.528,839.0,231.0,52.0,6.2,22.51,99.25,46.0,24.91,88.46,,,0.0,,1.44,1.45,99.45,839.0,177.0,11.67,21.1,5.0,0.0,0.0,0.0,2.82,0.0,0.0,0.0,55.0,2026-03-01,3,2026,1.2305168170631664,0.24212446449731106,121.24722222222223,-98.447514,1.7692307692307692,0.0052305125148986885,0.27532777115613827,5,高档
202603,6901028141147,七匹狼(蓝),三类烟,71.0,80.0,5.168,5.144,9.1306,17750.0,1623.512,99.535604,5.863919,2.216019,71.0,0.448,0.448,839.0,280.0,50.0,5.96,17.86,100.0,47.0,17.61,94.0,,,0.0,,5.16,5.18,99.54,839.0,334.0,36.87,39.81,311.0,2.0,0.0,0.0,93.11,0.6,0.0,0.0,1.0,2026-03-01,3,2026,1.1267605633802817,0.24270245109850397,315.6127527216174,-98.535604,0.6529562982005142,0.010882717520858164,0.33373063170441003,4,中高档
202603,6901028102094,贵烟(红中支),一类烟,263.0,300.0,,,,,9.464,,,,,,,,,,,,,,,,,,,,,,,,,,,,,,,,,,,,2026-03-01,3,2026,1.1406844106463878,,,,,,,5,高档
202603,6901028218757,黄鹤楼(硬蓝),一类烟,175.0,200.0,0.756,0.756,3.3075,43750.0,321.5,100.0,2.015685,0.911265,175.0,0.008,0.008,839.0,1.0,1.0,0.12,100.0,100.0,1.0,100.0,100.0,,,0.0,,0.76,0.76,100.0,839.0,96.0,6.23,11.44,0.0,0.0,0.0,0.0,0.0,0.0,0.0,0.0,1.0,2026-03-01,3,2026,1.1428571428571428,0.2755147392290249,425.2645502645503,-99.0,-0.7292263610315186,0.003942193087008343,0.0011918951132300357,5,高档
202603,6901028162876,黄金叶(喜满堂),三类烟,88.0,100.0,11.668,11.652,25.6344,22000.0,1601.056,99.862873,16.478841,6.206149,88.0,1.392,1.368,839.0,695.0,175.0,20.86,25.18,98.28,153.0,23.49,87.43,,,0.0,,11.68,11.69,99.86,839.0,768.0,80.07,91.54,599.0,95.0,0.0,0.0,77.99,12.37,0.0,0.0,,2026-03-01,3,2026,1.1363636363636365,0.24210237025247325,137.40611053896328,-98.862873,-0.5461202866936741,0.03055351609058403,0.8283671036948749,4,中高档
202603,6901028242066,黄鹤楼(硬峡谷情),一类烟,339.2,400.0,0.564,0.56,4.7488,84800.0,87.84,99.29078,2.735634,1.466818,339.2,0.056,0.056,839.0,4.0,4.0,0.48,100.0,100.0,4.0,100.0,100.0,,,0.0,,0.56,0.56,99.29,839.0,55.0,4.26,6.56,13.0,0.0,0.0,0.0,23.64,0.0,0.0,0.0,,2026-03-01,3,2026,1.179245283018868,0.3088818227762803,156.85714285714286,-98.29078,-0.6325459317585301,0.005660071513706794,0.004767580452920143,5,高档
202603,6901028936996,好猫(招财猫1600),一类烟,158.0,180.0,,,,,66.82,,,,,,,,,,,,,,,,,,,,,,,,,,,,,,,,,,,,2026-03-01,3,2026,1.139240506329114,,,,,,,5,高档
202603,4891132530116,红双喜(南洋经典),三类烟,67.95,80.0,0.004,0.0,0.0,,2.792,0.0,0.0,0.0,67.95,,,839.0,,,0.0,,,,,,,,,,,,,,,,,,,,,,,,,,2026-03-01,3,2026,1.177336276674025,,,1.0,,0.0,,4,中高档
202603,6901028025645,娇子(时代阳光),三类烟,71.0,80.0,,,,,590.464,,,,71.0,0.908,0.892,839.0,839.0,61.0,7.27,7.27,98.24,47.0,3.8,77.05,,,0.0,,,,,,,,,,,,,,,,,,2026-03-01,3,2026,1.1267605633802817,,,,,,1.0,4,中高档
202603,6901028178648,黄鹤楼(珍品细支),一类烟,381.6,450.0,0.004,0.0,0.0,,101.692,0.0,0.0,0.0,381.6,9.516,9.456,839.0,808.0,749.0,89.27,92.7,99.37,739.0,93.66,98.66,,,0.0,,,,,,,,,,,,,,,,,,2026-03-01,3,2026,1.1792452830188678,,,1.0,-1.0,0.0,0.9630512514898689,5,高档
202603,6901028039758,贵烟(硬黄精品),二类烟,114.5,130.0,0.832,0.828,2.37015,28625.0,166.744,99.519231,1.52383,0.573598,114.5,1.124,1.108,839.0,203.0,129.0,15.38,63.55,98.58,125.0,61.01,96.9,,,0.0,,0.83,0.83,99.52,839.0,104.0,7.51,12.4,0.0,0.0,0.0,0.0,0.0,0.0,0.0,0.0,56.0,2026-03-01,3,2026,1.1353711790393013,0.242009155538679,201.3816425120773,-98.519231,,0.0028249702026221695,0.24195470798569726,5,高档
202603,6901028188029,黄鹤楼(硬峡谷情细支),一类烟,263.0,300.0,3.296,3.28,21.566,65750.0,977.86,99.514563,12.423513,6.661529,263.0,3.604,3.596,839.0,454.0,426.0,50.77,93.83,99.78,422.0,93.45,99.06,,,0.0,,3.28,3.3,99.51,839.0,222.0,24.4,26.46,133.0,14.0,0.0,0.0,59.91,6.31,0.0,0.0,2.0,2026-03-01,3,2026,1.1406844106463878,0.308890336641009,298.1280487804878,-98.514563,-0.4518716577540107,0.02570441001191895,0.5411203814064363,5,高档
202603,6901028151634,泰山(白将军),二类烟,114.5,130.0,0.98,0.968,2.7709,28625.0,219.324,98.77551,1.781125,0.670942,114.5,1.304,1.296,839.0,146.0,102.0,12.16,69.86,99.39,99.0,61.13,97.06,,,0.0,,0.97,0.98,98.78,839.0,118.0,8.58,14.06,5.0,0.0,0.0,0.0,4.24,0.0,0.0,0.0,,2026-03-01,3,2026,1.1353711790393013,0.24213865531054893,226.57438016528928,-97.77551,-0.7979966611018364,0.0033026221692491063,0.17401668653158522,5,高档
202603,6901028042635,娇子(宽窄好运),一类烟,263.0,300.0,0.908,0.892,5.8649,65750.0,640.276,98.237885,3.378808,1.811388,263.0,7.164,7.14,839.0,614.0,599.0,71.39,97.56,99.66,595.0,96.38,99.33,,,0.0,,0.89,0.91,98.24,839.0,61.0,89.4,7.27,24.0,0.0,0.0,0.0,39.34,0.0,0.0,0.0,15.0,2026-03-01,3,2026,1.1406844106463878,0.3088523248478235,717.7982062780269,-97.237885,0.8278688524590165,0.0069903456495828365,0.7318235995232419,5,高档
202603,6901028118187,利群(新版),二类烟,143.1,160.0,10.704,10.68,38.2077,35775.0,1858.448,99.775785,24.56133,9.250266,143.1,0.224,0.224,839.0,37.0,28.0,3.34,75.68,100.0,26.0,73.68,92.86,,,0.0,,10.7,10.73,99.78,839.0,699.0,69.47,83.31,500.0,89.0,0.0,0.0,71.53,12.73,0.0,0.0,,2026-03-01,3,2026,1.1180992313067786,0.24210475898837144,174.0119850187266,-98.775785,-0.43420216147488877,0.04553957091775924,0.04410011918951132,5,高档
202603,6901028184250,黄鹤楼(硬1916),一类烟,848.0,1000.0,,,,,0.0,,,,848.0,1.512,1.492,839.0,143.0,133.0,15.85,93.01,98.68,133.0,94.19,100.0,,,0.0,,,,,,,,,,,,,,,,,,2026-03-01,3,2026,1.179245283018868,,,,,,0.17044100119189512,5,高档
202603,6901028179492,红金龙(软蓝九州腾龙),四类烟,38.16,45.0,,,,,0.224,,,,38.16,41.488,41.304,839.0,839.0,834.0,99.4,99.4,99.56,832.0,97.73,99.76,,,0.0,,0.04,0.04,100.0,839.0,3.0,0.0,0.36,0.0,0.0,0.0,0.0,0.0,0.0,0.0,0.0,,2026-03-01,3,2026,1.179245283018868,,,,,,1.0,3,中档
202603,6901028095891,黄果树(长征),三类烟,61.5,70.0,0.008,0.0,0.0,,376.884,0.0,0.0,0.0,61.5,0.832,0.828,839.0,141.0,104.0,12.4,73.76,99.52,103.0,73.4,99.04,,,0.0,,,,,,,,,,,,,,,,,,2026-03-01,3,2026,1.1382113821138211,,,1.0,,0.0,0.16805721096543505,3,中档
202603,6901028936477,好猫(猴王磨砂),三类烟,106.0,120.0,,,,,21.656,,,,,,,,,,,,,,,,,,,,,,,,,,,,,,,,,,,,2026-03-01,3,2026,1.1320754716981132,,,,,,,5,高档
202603,6901028145473,娇子(五粮浓香中支),一类烟,424.0,500.0,,,,,86.356,,,,424.0,0.008,0.008,839.0,1.0,1.0,0.12,100.0,100.0,1.0,100.0,100.0,,,0.0,,,,,,,,,,,,,,,,,,2026-03-01,3,2026,1.179245283018868,,,,,,0.0011918951132300357,5,高档
202603,6901028180603,红金龙(硬神州腾龙),三类烟,57.24,65.0,41.488,41.304,59.106024,14310.0,6148.492,99.556498,37.99968,14.306666,57.24,0.016,0.0,839.0,,,0.0,,0.0,,,,,,,,41.3,41.49,99.56,839.0,834.0,100.0,99.4,821.0,192.0,0.0,0.0,98.44,23.02,0.0,0.0,,2026-03-01,3,2026,1.1355695317959469,0.24205089484618353,148.8594809219446,-98.556498,inf,0.0704481811680572,,3,中档
202603,6901028042963,娇子(五粮醇香),一类烟,201.4,230.0,,,,,326.52,,,,,,,,,,,,,,,,,,,,,,,,,,,,,,,,,,,,2026-03-01,3,2026,1.1420059582919562,,,,,,,5,高档
202603,6901028172509,黄金叶(商鼎),一类烟,175.0,200.0,0.588,0.576,2.52,43750.0,631.588,97.959184,1.535764,0.694293,175.0,0.152,0.152,839.0,33.0,20.0,2.38,60.61,100.0,18.0,57.58,90.0,,,0.0,,0.58,0.59,97.96,839.0,71.0,7.88,8.46,2.0,0.0,0.0,0.0,2.82,0.0,0.0,0.0,1.0,2026-03-01,3,2026,1.1428571428571428,0.27551309523809525,1096.5069444444446,-96.959184,-0.7446808510638299,0.00300357568533969,0.03933253873659118,5,高档
202603,6901028165860,黄金叶(天叶细支),一类烟,848.0,1000.0,0.04,0.04,0.848,212000.0,61.74,100.0,0.488507,0.261933,848.0,,,839.0,,,0.0,,,,,,,,,,0.04,0.04,100.0,839.0,5.0,0.91,0.6,0.0,0.0,0.0,0.0,0.0,0.0,0.0,0.0,1.0,2026-03-01,3,2026,1.179245283018868,0.3088832547169812,1543.5,-99.0,4.0,0.0010107270560190704,,5,高档
202603,6901028136686,金圣(硬滕王阁),三类烟,97.0,110.0,8.4,8.388,20.3409,24250.0,1574.54,99.857143,13.074796,4.925852,97.0,0.524,0.524,839.0,101.0,62.0,7.39,61.39,100.0,59.0,61.79,95.16,,,0.0,,8.41,8.42,99.86,839.0,733.0,64.04,87.37,319.0,3.0,0.0,0.0,43.52,0.41,0.0,0.0,1.0,2026-03-01,3,2026,1.134020618556701,0.2421648992915751,187.71340009537434,-98.857143,-0.18878143133462277,0.024244219308700837,0.12038140643623362,4,中高档
202603,6901028216166,利群(软蓝),一类烟,159.0,180.0,0.728,0.728,2.8938,39750.0,464.216,100.0,1.860222,0.7007,159.0,,,839.0,,,0.0,,,,,,,,,,0.73,0.73,100.0,839.0,89.0,7.88,10.61,3.0,0.0,0.0,0.0,3.37,0.0,0.0,0.0,,2026-03-01,3,2026,1.1320754716981132,0.2421383647798742,637.6593406593407,-99.0,-0.25409836065573765,0.0034491060786650775,,5,高档
202603,6901028046893,云烟(紫),二类烟,114.5,130.0,6.424,6.344,18.1597,28625.0,1429.512,98.75467,11.67296,4.397218,114.5,0.032,0.032,839.0,4.0,4.0,0.48,100.0,100.0,4.0,100.0,100.0,,,0.0,,6.34,6.42,98.75,839.0,638.0,55.3,76.04,130.0,0.0,0.0,0.0,20.38,0.0,0.0,0.0,3.0,2026-03-01,3,2026,1.1353711790393013,0.24214155520190309,225.33291298865066,-97.75467,inf,0.02164445768772348,0.004767580452920143,5,高档
202603,6901028062329,南京(十二钗烤烟),一类烟,243.8,280.0,0.392,0.388,2.36486,60950.0,116.848,98.979592,1.441226,0.651549,243.8,0.512,0.508,839.0,86.0,65.0,7.75,75.58,99.22,62.0,73.84,95.38,,,0.0,,0.39,0.39,98.98,839.0,50.0,3.36,5.96,0.0,0.0,0.0,0.0,0.0,0.0,0.0,0.0,,2026-03-01,3,2026,1.1484823625922886,0.27551271534044297,301.1546391752577,-97.979592,1.5526315789473686,0.0028186650774731825,0.10250297973778308,5,高档
202603,6901028123266,黄山(硬记忆),三类烟,88.0,100.0,,,,,174.408,,,,,,,,,,,,,,,,,,,,,,,,,,,,,,,,,,,,2026-03-01,3,2026,1.1363636363636365,,,,,,,4,中高档
202603,6901028181457,黄鹤楼(硬峡谷柔情),一类烟,263.0,300.0,1.096,1.088,7.1536,65750.0,766.096,99.270073,4.121445,2.209215,263.0,,,839.0,,,0.0,,,,,,,,,,1.1,1.11,99.28,839.0,134.0,7.94,15.97,3.0,0.0,0.0,0.0,2.24,0.0,0.0,0.0,,2026-03-01,3,2026,1.1406844106463878,0.3088256262581078,704.1323529411765,-98.270073,-0.747914735866543,0.008526340882002383,,5,高档
202603,6901028225175,黄山(新制皖烟),二类烟,121.9,140.0,5.004,5.004,15.24969,30475.0,1059.496,100.0,9.802982,3.692185,121.9,,,839.0,,,0.0,,,,,,,,,,5.0,5.0,100.0,839.0,451.0,43.31,53.75,82.0,0.0,0.0,0.0,18.18,0.0,0.0,0.0,,2026-03-01,3,2026,1.1484823625922886,0.24211541349365134,211.72981614708237,-99.0,3.886718749999999,0.018176030989272944,,5,高档
202603,6901028071475,中南海(5mg),二类烟,114.5,130.0,0.008,0.008,0.0229,28625.0,269.432,100.0,0.01472,0.005545,114.5,0.008,0.008,839.0,3.0,1.0,0.12,33.33,100.0,1.0,33.33,100.0,,,0.0,,0.01,0.01,100.0,839.0,1.0,0.16,0.12,0.0,0.0,0.0,0.0,0.0,0.0,0.0,0.0,,2026-03-01,3,2026,1.1353711790393013,0.24213973799126637,33679.0,-99.0,-0.875,2.7294398092967818e-05,0.003575685339690107,5,高档
202603,6901028075022,中华(软),一类烟,583.0,700.0,0.524,0.508,7.4041,145750.0,297.02,96.946565,4.265324,2.286987,583.0,,,839.0,,,0.0,,,,,,,,,,0.51,0.52,96.95,839.0,54.0,3.14,6.44,4.0,0.0,0.0,0.0,7.41,0.0,0.0,0.0,7.0,2026-03-01,3,2026,1.2006861063464838,0.3088811604381356,584.6850393700787,-95.946565,-0.8426270136307311,0.008824910607866507,,5,高档
202603,6901028009744,双喜(勿忘我),一类烟,175.0,200.0,1.636,1.608,7.035,43750.0,118.192,98.288509,4.28733,1.938255,175.0,0.932,0.904,839.0,839.0,62.0,7.39,7.39,97.0,49.0,3.85,79.03,,,0.0,,1.61,1.64,98.29,839.0,140.0,75.39,16.69,67.0,6.0,0.0,0.0,47.86,4.29,0.0,0.0,7.0,2026-03-01,3,2026,1.1428571428571428,0.27551599147121536,73.50248756218905,-97.288509,-0.30086956521739117,0.008384982121573301,1.0,5,高档
202603,6901028185912,黄鹤楼(硬红),一类烟,190.8,220.0,30.864,30.78,146.8206,47700.0,5295.876,99.727838,89.477464,40.452555,190.8,0.588,0.588,839.0,68.0,52.0,6.2,76.47,100.0,49.0,75.77,94.23,,,0.0,,30.82,30.9,99.73,839.0,827.0,94.19,98.57,704.0,175.0,0.0,0.0,85.13,21.16,0.0,0.0,,2026-03-01,3,2026,1.1530398322851152,0.27552370035267526,172.05575048732945,-98.727838,-0.4287729196050776,0.1749947556615018,0.08104886769964244,5,高档
202603,6901028075053,牡丹(软),二类烟,121.9,140.0,3.0,2.992,9.11812,30475.0,768.592,99.733333,5.861328,2.207722,121.9,0.032,0.032,839.0,4.0,4.0,0.48,100.0,100.0,4.0,100.0,100.0,,,0.0,,3.0,3.01,99.73,839.0,252.0,18.33,30.04,87.0,4.0,0.0,0.0,34.52,1.59,0.0,0.0,,2026-03-01,3,2026,1.1484823625922886,0.24212469237079576,256.88235294117646,-98.733333,-0.21920668058455117,0.010867842669845054,0.004767580452920143,5,高档
202603,6901028221450,贵烟(跨越),一类烟,201.4,230.0,1.124,1.108,5.57878,50350.0,842.672,98.576512,3.399903,1.537068,201.4,0.144,0.144,839.0,19.0,17.0,2.03,89.47,100.0,17.0,90.0,100.0,,,0.0,,1.11,1.12,98.58,839.0,129.0,12.09,15.38,12.0,0.0,0.0,0.0,9.3,0.0,0.0,0.0,4.0,2026-03-01,3,2026,1.1420059582919562,0.2755204542928741,760.5342960288808,-97.576512,0.057251908396946716,0.006649320619785459,0.02264600715137068,5,高档
202603,6901028160285,黄金叶(乐途),二类烟,121.9,140.0,3.124,3.092,9.42287,30475.0,885.468,98.975672,6.057238,2.281511,121.9,11.692,11.676,839.0,789.0,768.0,91.54,97.34,99.86,767.0,97.11,99.87,,,0.0,,3.09,3.12,98.98,839.0,356.0,53.54,42.43,42.0,0.0,0.0,0.0,11.8,0.0,0.0,0.0,10.0,2026-03-01,3,2026,1.1484823625922886,0.24212485155796484,286.3738680465718,-97.975672,0.12518195050946135,0.011231072705601907,0.9404052443384983,5,高档
202603,6901028324830,红塔山(细支传奇),二类烟,155.0,180.0,0.6,0.588,2.2785,38750.0,498.856,98.0,1.46472,0.551679,155.0,3.42,3.38,839.0,839.0,277.0,33.02,33.02,98.83,257.0,22.51,92.78,,,0.0,,0.59,0.6,98.0,839.0,72.0,10.02,8.58,5.0,0.0,0.0,0.0,6.94,0.0,0.0,0.0,5.0,2026-03-01,3,2026,1.1612903225806452,0.24212376563528637,848.3945578231293,-97.0,0.9342105263157894,0.0027157330154946365,1.0,5,高档
202603,6901028187343,黄鹤楼(硬8度),一类烟,158.0,180.0,0.588,0.588,2.3226,39500.0,396.644,100.0,1.493079,0.562326,158.0,,,839.0,,,0.0,,,,,,,,,,0.59,0.59,100.0,839.0,52.0,3.62,6.2,0.0,0.0,0.0,0.0,0.0,0.0,0.0,0.0,,2026-03-01,3,2026,1.139240506329114,0.24211056574528544,674.5646258503402,-99.0,-0.8550295857988166,0.002768295589988081,,5,高档
202603,6901028184304,黄鹤楼(硬平安),一类烟,720.8,1000.0,1.512,1.492,26.88584,180200.0,148.736,98.677249,15.495997,8.296741,720.8,30.904,30.82,839.0,839.0,827.0,98.57,98.57,99.73,822.0,94.98,99.4,,,0.0,,1.49,1.51,98.68,839.0,133.0,10.55,15.85,51.0,3.0,0.0,0.0,38.35,2.26,0.0,0.0,13.0,2026-03-01,3,2026,1.3873473917869035,0.3085914741737658,99.68900804289544,-97.677249,0.9226804123711339,0.03204510131108463,1.0,5,高档
202603,6901028080224,钻石(硬特醇),四类烟,44.5,50.0,,,,,1028.508,,,,,,,,,,,,,,,,,,,,,,,,,,,,,,,,,,,,2026-03-01,3,2026,1.1235955056179776,,,,,,,3,中档
202603,6901028062350,南京(十二钗薄荷),一类烟,188.68,220.0,0.512,0.508,2.396236,47170.0,20.692,99.21875,1.460373,0.660208,188.68,3.496,3.484,839.0,324.0,319.0,38.02,98.46,99.66,318.0,98.09,99.69,,,0.0,,0.51,0.51,99.22,839.0,65.0,4.58,7.75,0.0,0.0,0.0,0.0,0.0,0.0,0.0,0.0,29.0,2026-03-01,3,2026,1.165995336018656,0.27551877194066027,40.732283464566926,-98.21875,2.175,0.002856061978545888,0.38617401668653156,5,高档
202603,6901028252959,黄金叶(大成),一类烟,263.0,300.0,0.152,0.152,0.9994,65750.0,97.628,100.0,0.5757,0.30873,263.0,0.004,0.0,839.0,,,0.0,,0.0,,,,,,,,0.15,0.15,100.0,839.0,20.0,1.76,2.38,0.0,0.0,0.0,0.0,0.0,0.0,0.0,0.0,1.0,2026-03-01,3,2026,1.1406844106463878,0.30891534920952574,642.2894736842105,-99.0,0.40740740740740744,0.0011911799761620977,,5,高档
202603,6901028312356,云烟(细支大重九),一类烟,848.0,1000.0,0.016,0.016,0.3392,212000.0,78.068,100.0,0.195444,0.104732,848.0,,,839.0,,,0.0,,,,,,,,,,0.02,0.02,100.0,839.0,2.0,0.16,0.24,0.0,0.0,0.0,0.0,0.0,0.0,0.0,0.0,,2026-03-01,3,2026,1.179245283018868,0.3087617924528302,4879.25,-99.0,1.0,0.00040429082240762813,,5,高档
202603,6901028092432,人民大会堂(红细支),一类烟,225.0,260.0,0.008,0.008,0.045,56250.0,115.324,100.0,0.027426,0.012397,225.0,0.284,0.268,839.0,37.0,33.0,3.93,89.19,94.37,32.0,88.16,96.97,,,0.0,,0.01,0.01,100.0,839.0,1.0,0.05,0.12,0.0,0.0,0.0,0.0,0.0,0.0,0.0,0.0,,2026-03-01,3,2026,1.1555555555555554,0.2754888888888889,14415.5,-99.0,inf,5.363528009535161e-05,0.04410011918951132,5,高档
202603,6901028104302,龙烟(老巴夺传琦),一类烟,225.0,260.0,0.932,0.888,4.995,56250.0,165.336,95.27897,3.044286,1.376072,225.0,,,839.0,,,0.0,,,,,,,,,,0.89,0.93,95.28,839.0,54.0,89.4,6.44,19.0,0.0,0.0,0.0,35.19,0.0,0.0,0.0,9.0,2026-03-01,3,2026,1.1555555555555554,0.27548988988988987,186.1891891891892,-94.27897,2.46875,0.005953516090584029,,5,高档
202603,6901028178105,黄鹤楼(硬天下胜景),一类烟,212.0,260.0,0.612,0.6,3.18,53000.0,273.224,98.039216,1.938,0.87615,212.0,0.004,0.0,839.0,,,0.0,,0.0,,,,,,,,0.6,0.61,98.04,839.0,58.0,3.36,6.91,0.0,0.0,0.0,0.0,0.0,0.0,0.0,0.0,,2026-03-01,3,2026,1.2264150943396226,0.2755188679245283,455.37333333333333,-97.039216,0.5306122448979591,0.0037902264600715137,,5,高档
202603,6901028230186,天子(C位),一类烟,201.4,230.0,0.252,0.248,1.24868,50350.0,57.888,98.412698,0.760988,0.344038,201.4,,,839.0,,,0.0,,,,,,,,,,0.25,0.25,98.41,839.0,32.0,1.92,3.81,1.0,0.0,0.0,0.0,3.13,0.0,0.0,0.0,18.0,2026-03-01,3,2026,1.1420059582919562,0.27552135054617677,233.41935483870967,-97.412698,2.263157894736842,0.0014882955899880811,,5,高档
202603,6901028119009,利群(西子阳光),一类烟,275.6,310.0,0.024,0.024,0.16536,68900.0,58.756,100.0,0.095256,0.051081,275.6,0.26,0.256,839.0,35.0,32.0,3.81,91.43,98.46,30.0,88.89,93.75,,,0.0,,0.02,0.02,100.0,839.0,3.0,0.16,0.36,0.0,0.0,0.0,0.0,0.0,0.0,0.0,0.0,3.0,2026-03-01,3,2026,1.1248185776487662,0.30890783744557326,2448.1666666666665,-99.0,-0.4545454545454545,0.0001970917759237187,0.041716328963051254,5,高档
202603,6901028241410,黄鹤楼(视窗),一类烟,300.0,350.0,0.168,0.168,1.26,75000.0,64.616,100.0,0.725802,0.389236,300.0,0.564,0.56,839.0,63.0,55.0,6.56,87.3,99.29,55.0,84.34,100.0,,,0.0,,0.17,0.17,100.0,839.0,19.0,1.07,2.26,1.0,0.0,0.0,0.0,5.26,0.0,0.0,0.0,,2026-03-01,3,2026,1.1666666666666667,0.3089174603174603,384.6190476190476,-99.0,9.5,0.001501787842669845,0.07508939213349225,5,高档
202603,6901028057080,双喜(硬晶彩好日子),一类烟,158.0,180.0,0.532,0.528,2.0856,39500.0,214.532,99.24812,1.340724,0.504963,158.0,0.008,0.0,839.0,,,0.0,,0.0,,,,,,,,0.53,0.53,99.25,839.0,52.0,14.12,6.2,16.0,1.0,0.0,0.0,30.77,1.92,0.0,0.0,7.0,2026-03-01,3,2026,1.139240506329114,0.24211881472957425,406.31060606060606,-98.24812,-0.6442048517520216,0.0024858164481525624,,5,高档
202603,6901028138536,七匹狼(软灰),一类烟,185.5,210.0,0.112,0.112,0.5194,46375.0,161.68,100.0,0.316549,0.143099,185.5,5.18,5.156,839.0,346.0,334.0,39.81,96.53,99.54,334.0,93.14,100.0,,,0.0,,0.11,0.11,100.0,839.0,14.0,0.91,1.67,0.0,0.0,0.0,0.0,0.0,0.0,0.0,0.0,2.0,2026-03-01,3,2026,1.1320754716981132,0.27550827878321144,1443.5714285714287,-99.0,1.1538461538461542,0.0006190703218116805,0.4123957091775924,5,高档
202603,6901028059114,好猫(细支长乐吉祥),一类烟,225.0,260.0,0.176,0.168,0.945,56250.0,82.924,95.454545,0.575946,0.260337,225.0,1.484,1.472,839.0,591.0,191.0,22.77,32.32,99.19,171.0,30.98,89.53,,,0.0,,0.17,0.18,95.45,839.0,20.0,2.4,2.38,1.0,0.0,0.0,0.0,5.0,0.0,0.0,0.0,3.0,2026-03-01,3,2026,1.1555555555555554,0.2754888888888889,493.59523809523813,-94.454545,0.40000000000000013,0.0011263408820023837,0.7044100119189511,5,高档
202603,6901028325257,玉溪(细支缤果爆),一类烟,225.0,260.0,0.264,0.264,1.485,56250.0,115.284,100.0,0.905058,0.409101,225.0,10.728,10.704,839.0,708.0,699.0,83.31,98.73,99.78,698.0,98.75,99.86,,,0.0,,0.26,0.26,100.0,839.0,17.0,1.97,2.03,15.0,1.0,0.0,0.0,88.24,5.88,0.0,0.0,3.0,2026-03-01,3,2026,1.1555555555555554,0.27548888888888884,436.6818181818182,-99.0,1.8695652173913047,0.0017699642431466033,0.8438617401668653,5,高档
202603,6901028268981,娇子(宽窄锦上细支),一类烟,263.0,300.0,0.304,0.304,1.9988,65750.0,107.156,100.0,1.1514,0.617461,263.0,0.008,0.008,839.0,1.0,1.0,0.12,100.0,100.0,1.0,100.0,100.0,,,0.0,,0.3,0.3,100.0,839.0,26.0,2.66,3.1,13.0,0.0,0.0,0.0,50.0,0.0,0.0,0.0,11.0,2026-03-01,3,2026,1.1406844106463878,0.30891584950970585,352.4868421052632,-99.0,0.33333333333333326,0.0023823599523241953,0.0011918951132300357,5,高档
202603,6901028275668,芙蓉王(硬中支),一类烟,263.0,300.0,0.104,0.104,0.6838,65750.0,211.616,100.0,0.3939,0.211237,263.0,,,839.0,,,0.0,,,,,,,,,,0.1,0.1,100.0,839.0,13.0,1.07,1.55,0.0,0.0,0.0,0.0,0.0,0.0,0.0,0.0,12.0,2026-03-01,3,2026,1.1406844106463878,0.30891634980988597,2034.769230769231,-99.0,1.8888888888888888,0.0008150178784266984,,5,高档
202603,6901028224079,金圣(滕王阁·紫光),二类烟,129.3,150.0,0.524,0.524,1.69383,32325.0,602.032,100.0,1.088883,0.410083,129.3,0.136,0.136,839.0,33.0,17.0,2.03,51.52,100.0,17.0,51.52,100.0,,,0.0,,0.52,0.52,100.0,839.0,62.0,5.65,7.39,5.0,0.0,0.0,0.0,8.06,0.0,0.0,0.0,,2026-03-01,3,2026,1.160092807424594,0.24210398918427467,1148.9160305343512,-99.0,-0.6515957446808511,0.0020188676996424314,0.03933253873659118,5,高档
202603,6901028218900,黄鹤楼(3mg),一类烟,424.0,500.0,0.008,0.008,0.0848,106000.0,28.9,100.0,0.04885,0.026194,424.0,4.084,4.076,839.0,529.0,386.0,46.01,72.97,99.8,381.0,68.76,98.7,,,0.0,,0.01,0.01,100.0,839.0,1.0,0.05,0.12,0.0,0.0,0.0,0.0,0.0,0.0,0.0,0.0,,2026-03-01,3,2026,1.179245283018868,0.30889150943396226,3612.4999999999995,-99.0,-0.9666666666666667,0.00010107270560190703,0.6305125148986889,5,高档
202603,6901028058148,好猫(细支长乐),二类烟,139.92,160.0,1.044,1.044,3.651912,34980.0,297.296,100.0,2.347746,0.884083,139.92,0.176,0.168,839.0,44.0,20.0,2.38,45.45,95.45,20.0,46.67,100.0,,,0.0,,1.04,1.04,100.0,839.0,126.0,18.01,15.02,8.0,0.0,0.0,0.0,6.35,0.0,0.0,0.0,14.0,2026-03-01,3,2026,1.1435105774728418,0.24208770638503885,284.7662835249042,-99.0,4.673913043478261,0.0043526960667461265,0.052443384982121574,5,高档
202603,6901028177214,冬虫夏草(和润),一类烟,424.0,500.0,0.036,0.036,0.3816,106000.0,100.556,100.0,0.219825,0.117873,424.0,0.008,0.008,839.0,1.0,1.0,0.12,100.0,100.0,1.0,100.0,100.0,,,0.0,,0.04,0.04,100.0,839.0,5.0,1.76,0.6,0.0,0.0,0.0,0.0,0.0,0.0,0.0,0.0,,2026-03-01,3,2026,1.179245283018868,0.30889150943396226,2793.222222222222,-99.0,,0.0004548271752085816,0.0011918951132300357,5,高档
202603,6901028098335,长白山(蓝尚),一类烟,158.0,180.0,0.284,0.268,1.0586,39500.0,141.068,94.366197,0.680519,0.256308,158.0,0.932,0.888,839.0,839.0,54.0,6.44,6.44,95.28,45.0,2.21,83.33,,,0.0,,0.27,0.28,94.37,839.0,33.0,2.02,3.93,1.0,0.0,0.0,0.0,3.03,0.0,0.0,0.0,,2026-03-01,3,2026,1.139240506329114,0.2421197808426223,526.3731343283582,-93.366197,-0.7713310580204777,0.0012617401668653157,1.0,5,高档
202603,6901028084772,娇子(格调细支),二类烟,129.3,150.0,0.284,0.284,0.91803,32325.0,769.556,100.0,0.590156,0.222261,129.3,0.32,0.32,839.0,88.0,42.0,5.01,47.73,100.0,36.0,43.96,85.71,,,0.0,,0.28,0.28,100.0,839.0,24.0,2.93,2.86,11.0,1.0,0.0,0.0,45.83,4.17,0.0,0.0,,2026-03-01,3,2026,1.160092807424594,0.24210646710891798,2709.704225352113,-99.0,-0.7427536231884058,0.0010941954707985697,0.10488676996424315,5,高档
202603,6901028159753,泰山(心悦),二类烟,139.92,160.0,0.444,0.444,1.553112,34980.0,164.596,100.0,0.998445,0.376011,139.92,,,839.0,470.0,,0.0,0.0,,,0.0,,,,,,0.44,0.44,100.0,839.0,55.0,4.42,6.56,2.0,0.0,0.0,0.0,3.64,0.0,0.0,0.0,4.0,2026-03-01,3,2026,1.1435105774728418,0.2421016642714756,370.7117117117117,-99.0,,0.0018511466030989273,0.5601907032181168,5,高档
202603,6901028112505,南京(大观园爆冰),一类烟,263.0,300.0,0.12,0.12,0.789,65750.0,102.324,100.0,0.456952,0.241283,263.0,,,839.0,,,0.0,,,,,,,,,,0.12,0.12,100.0,839.0,15.0,0.91,1.79,0.0,0.0,0.0,0.0,0.0,0.0,0.0,0.0,2.0,2026-03-01,3,2026,1.1406844106463878,0.30580861850443597,852.7,-99.0,6.5,0.0009404052443384983,,5,高档
202603,6901028133333,金圣(青瓷细支),一类烟,225.0,260.0,0.728,0.692,3.8925,56250.0,8.692,95.054945,2.372349,1.072348,225.0,8.424,8.412,839.0,839.0,733.0,87.37,87.37,99.86,728.0,87.48,99.32,,,0.0,,0.69,0.73,95.05,839.0,94.0,44.7,11.2,0.0,0.0,0.0,0.0,0.0,0.0,0.0,0.0,36.0,2026-03-01,3,2026,1.1555555555555554,0.2754908156711625,12.560693641618498,-94.054945,0.4297520661157024,0.004639451728247914,1.0,5,高档
202603,6901028180788,黄鹤楼(硬15),一类烟,848.0,1000.0,0.192,0.192,4.0704,212000.0,43.572,100.0,2.344952,1.257163,848.0,2.736,2.688,839.0,307.0,218.0,25.98,71.01,98.25,213.0,70.29,97.71,,,0.0,,0.19,0.19,100.0,839.0,21.0,1.12,2.5,0.0,0.0,0.0,0.0,0.0,0.0,0.0,0.0,,2026-03-01,3,2026,1.179245283018868,0.30885490369496854,226.9375,-99.0,-0.1428571428571429,0.004851489868891538,0.36591179976162097,5,高档
202603,6901028268950,娇子(格调中支),一类烟,175.0,200.0,0.008,0.008,0.035,43750.0,107.292,100.0,0.02133,0.009643,175.0,0.304,0.304,839.0,33.0,26.0,3.1,78.79,100.0,24.0,76.0,92.31,,,0.0,,0.01,0.01,100.0,839.0,1.0,0.05,0.12,0.0,0.0,0.0,0.0,0.0,0.0,0.0,0.0,,2026-03-01,3,2026,1.1428571428571428,0.2755142857142857,13411.5,-99.0,-0.9642857142857143,4.1716328963051256e-05,0.03933253873659118,5,高档
202603,6901028247375,双喜(春天·咖路里),一类烟,225.0,260.0,0.64,0.62,3.4875,56250.0,146.004,96.875,2.125515,0.960775,225.0,0.008,0.008,839.0,1.0,1.0,0.12,100.0,100.0,1.0,100.0,100.0,,,0.0,,0.62,0.64,96.88,839.0,62.0,75.39,7.39,21.0,2.0,0.0,0.0,33.87,3.23,0.0,0.0,6.0,2026-03-01,3,2026,1.1555555555555554,0.2754910394265233,235.49032258064514,-95.875,-0.359504132231405,0.004156734207389749,0.0011918951132300357,5,高档
202603,6901028165242,黄金叶(爱尚),二类烟,139.92,160.0,1.392,1.368,4.785264,34980.0,269.524,98.275862,3.07629,1.158513,139.92,0.04,0.04,839.0,17.0,5.0,0.6,29.41,100.0,5.0,29.41,100.0,,,0.0,,1.37,1.39,98.28,839.0,175.0,38.79,20.86,8.0,0.0,0.0,0.0,4.57,0.0,0.0,0.0,14.0,2026-03-01,3,2026,1.1435105774728418,0.24210012237569337,197.0204678362573,-97.275862,-0.02840909090909083,0.005703532777115614,0.02026221692491061,5,高档
202603,6901028149921,哈德门(纯香),三类烟,47.7,55.0,8.324,8.316,9.91683,11925.0,118.604,99.903892,6.374214,2.401538,47.7,0.98,0.968,839.0,151.0,118.0,14.06,78.15,98.78,114.0,75.16,96.61,,,0.0,,8.32,8.32,99.9,839.0,748.0,44.7,89.15,0.0,0.0,0.0,0.0,0.0,0.0,0.0,0.0,748.0,2026-03-01,3,2026,1.1530398322851152,0.24216791051172604,14.26214526214526,-98.903892,inf,0.011819821215733014,0.1799761620977354,3,中档
202603,6901028218153,黄鹤楼(金典中支),一类烟,381.6,450.0,0.252,0.248,2.36592,95400.0,39.516,98.412698,1.362884,0.730856,381.6,0.008,0.008,839.0,,1.0,0.12,,100.0,1.0,,100.0,,,0.0,,0.25,0.25,98.41,839.0,31.0,1.76,3.69,0.0,0.0,0.0,0.0,0.0,0.0,0.0,0.0,29.0,2026-03-01,3,2026,1.1792452830188678,0.30890985324947584,159.33870967741936,-97.412698,30.0,0.0028199284862932064,,5,高档
202603,6901028271004,黄鹤楼(冰咖),一类烟,225.0,260.0,0.056,0.056,0.315,56250.0,66.856,100.0,0.191982,0.086779,225.0,,,839.0,,,0.0,,,,,,,,,,0.06,0.06,100.0,839.0,4.0,0.21,0.48,0.0,0.0,0.0,0.0,0.0,0.0,0.0,0.0,,2026-03-01,3,2026,1.1555555555555554,0.2754888888888889,1193.8571428571427,-99.0,-0.5,0.00037544696066746125,,5,高档
202603,6901028011785,真龙(起源),一类烟,212.0,250.0,0.128,0.128,0.6784,53000.0,133.544,100.0,0.41344,0.186912,212.0,1.448,1.44,839.0,214.0,177.0,21.1,82.71,99.45,173.0,82.19,97.74,,,0.0,,0.13,0.13,100.0,839.0,15.0,1.97,1.79,1.0,0.0,0.0,0.0,6.67,0.0,0.0,0.0,3.0,2026-03-01,3,2026,1.179245283018868,0.2755188679245283,1043.3125,-99.0,,0.0008085816448152563,0.2550655542312277,5,高档
202603,6901028065504,兰州(硬珍品),二类烟,155.0,180.0,0.144,0.144,0.558,38750.0,185.372,100.0,0.358704,0.135108,155.0,0.368,0.368,839.0,88.0,45.0,5.36,51.14,100.0,43.0,50.55,95.56,,,0.0,,0.14,0.14,100.0,839.0,17.0,1.07,2.03,1.0,0.0,0.0,0.0,5.88,0.0,0.0,0.0,1.0,2026-03-01,3,2026,1.1612903225806452,0.2421290322580645,1287.3055555555557,-99.0,1.5714285714285712,0.00066507747318236,0.10488676996424315,5,高档
202603,6901028121828,利群(江南韵),一类烟,225.0,260.0,0.144,0.144,0.81,56250.0,148.952,100.0,0.493668,0.223146,225.0,0.596,0.576,839.0,86.0,71.0,8.46,82.56,96.64,69.0,80.9,97.18,,,0.0,,0.14,0.14,100.0,839.0,17.0,1.07,2.03,1.0,0.0,0.0,0.0,5.88,0.0,0.0,0.0,,2026-03-01,3,2026,1.1555555555555554,0.2754888888888889,1034.388888888889,-99.0,-0.8144329896907216,0.000965435041716329,0.10250297973778308,5,高档
202603,6901028051989,云烟(软大重九),一类烟,720.8,980.0,0.032,0.032,0.57664,180200.0,,,,,720.8,0.016,0.016,839.0,3.0,2.0,0.24,66.67,100.0,2.0,66.67,100.0,,,0.0,,0.03,0.03,100.0,839.0,4.0,0.21,0.48,0.0,0.0,0.0,0.0,0.0,0.0,0.0,0.0,,2026-03-01,3,2026,1.3596004439511655,,,,3.0,0.0006872943980929678,0.003575685339690107,5,高档
202604,6901028149921,哈德门(纯香),三类烟,47.7,55.0,10.436,10.424,12.43062,11925.0,221.896,99.885013,7.990002,3.010213,47.7,2.484,2.46,832.0,669.0,315.0,37.86,47.09,99.03,300.0,45.9,95.24,,,0.0,,10.42,10.44,99.89,832.0,731.0,56.79,87.86,0.0,0.0,0.0,0.0,0.0,0.0,0.0,0.0,43.0,2026-04-01,4,2026,1.1530398322851152,0.24216113114229218,21.287029930928625,-98.885013,0.2534872534872532,0.014940649038461538,0.8040865384615384,3,中档
202604,6901028151634,泰山(白将军),二类烟,114.5,130.0,2.484,2.46,7.04175,28625.0,182.428,99.033816,4.526464,1.705031,114.5,1.048,1.032,832.0,320.0,133.0,15.99,41.56,98.47,125.0,40.19,93.98,,,0.0,,2.46,2.48,99.03,832.0,315.0,45.73,37.86,0.0,0.0,0.0,0.0,0.0,0.0,0.0,0.0,9.0,2026-04-01,4,2026,1.1353711790393013,0.24213171441758083,74.15772357723577,-98.033816,1.5413223140495869,0.008463641826923078,0.38461538461538464,5,高档
202604,6901028204026,万宝路(硬冰爵2.0),一类烟,225.0,260.0,0.064,0.064,0.36,56250.0,75.06,100.0,0.222672,0.095912,225.0,0.072,0.072,832.0,8.0,7.0,0.84,87.5,100.0,7.0,90.0,100.0,,,0.0,,0.06,0.06,100.0,832.0,8.0,0.55,0.96,0.0,0.0,0.0,0.0,0.0,0.0,0.0,0.0,8.0,2026-04-01,4,2026,1.1555555555555554,0.2664222222222222,1172.8125,-99.0,,0.00043269230769230765,0.009615384615384616,5,高档
202604,6901028218634,黄鹤楼(硬1916红爆),一类烟,720.8,1000.0,0.596,0.588,10.59576,180200.0,71.364,98.657718,6.103736,3.273027,720.8,,,832.0,,,0.0,,,,,,,,,,0.59,0.6,98.66,832.0,66.0,5.05,7.93,0.0,0.0,0.0,0.0,0.0,0.0,0.0,0.0,2.0,2026-04-01,4,2026,1.3873473917869035,0.3088996919522526,121.36734693877553,-97.657718,3.083333333333333,0.012735288461538461,,5,高档
202604,6901028207508,利群(软红长嘴),一类烟,190.8,220.0,0.588,0.576,2.74752,47700.0,326.508,97.959184,1.675273,0.756167,190.8,1.052,1.028,832.0,283.0,133.0,15.99,47.0,97.72,124.0,45.25,93.23,,,0.0,,0.58,0.59,97.96,832.0,73.0,7.37,8.77,0.0,0.0,0.0,0.0,0.0,0.0,0.0,0.0,8.0,2026-04-01,4,2026,1.1530398322851152,0.2752180147915211,566.8541666666666,-96.959184,0.0,0.0033023076923076925,0.3401442307692308,5,高档
202604,6901028190374,黄鹤楼(硬15细支),一类烟,848.0,1000.0,,,,,8.888,,,,848.0,4.18,4.164,832.0,544.0,460.0,55.29,84.56,99.62,457.0,84.77,99.35,,,0.0,,,,,,,,,,,,,,,,,,2026-04-01,4,2026,1.179245283018868,,,,,,0.6538461538461539,5,高档
202604,6901028005036,双喜(硬金五叶神),二类烟,121.9,140.0,1.296,1.28,3.9008,30475.0,519.848,98.765432,2.507541,0.944466,121.9,0.96,0.924,832.0,689.0,89.0,10.7,12.92,96.25,78.0,9.47,87.64,,,0.0,,1.28,1.3,98.77,832.0,167.0,36.04,20.07,0.0,0.0,0.0,0.0,0.0,0.0,0.0,0.0,3.0,2026-04-01,4,2026,1.1484823625922886,0.24212110336341267,406.13124999999997,-97.765432,0.4953271028037385,0.004688461538461538,0.828125,5,高档
202604,6901028062015,苏烟(五星红杉树),一类烟,188.68,220.0,1.8,1.772,8.358524,47170.0,271.324,98.444444,5.094058,2.302927,188.68,,,832.0,,,0.0,,,,,,,,,,1.77,1.8,98.44,832.0,229.0,41.37,27.52,0.0,0.0,0.0,0.0,0.0,0.0,0.0,0.0,6.0,2026-04-01,4,2026,1.165995336018656,0.2755183809964535,153.117381489842,-97.444444,0.4966216216216217,0.010046302884615384,,5,高档
202604,6901028227285,天子(金),一类烟,167.48,200.0,0.588,0.588,2.461956,41870.0,1143.992,100.0,1.583529,0.595158,167.48,0.076,0.076,832.0,17.0,10.0,1.2,58.82,100.0,9.0,55.88,90.0,,,0.0,,0.59,0.59,100.0,832.0,77.0,13.86,9.25,0.0,0.0,0.0,0.0,0.0,0.0,0.0,0.0,2.0,2026-04-01,4,2026,1.1941724385001196,0.2417419320247803,1945.5646258503402,-99.0,0.5978260869565217,0.0029590817307692304,0.020432692307692308,5,高档
202604,6901028114455,苏烟(软金砂),一类烟,381.6,450.0,,,,,0.0,,,,,,,,,,,,,,,,,,,,,,,,,,,,,,,,,,,,2026-04-01,4,2026,1.1792452830188678,,,,,,,5,高档
202604,6901028133333,金圣(青瓷细支),一类烟,225.0,260.0,0.044,0.04,0.225,56250.0,39.508,90.909091,0.13713,0.06199,225.0,0.008,0.0,832.0,,,0.0,,0.0,,,,,,,,0.04,0.04,90.91,832.0,10.0,31.67,1.2,0.0,0.0,0.0,0.0,0.0,0.0,0.0,0.0,3.0,2026-04-01,4,2026,1.1555555555555554,0.2755111111111111,987.7,-89.909091,-0.9421965317919075,0.0002704326923076923,,5,高档
202604,6901028145077,娇子(宽窄好运细支),一类烟,225.0,260.0,0.408,0.4,2.25,56250.0,376.324,98.039216,1.3713,0.619851,225.0,,,832.0,,,0.0,,,,,,,,,,0.4,0.41,98.04,832.0,51.0,16.31,6.13,0.0,0.0,0.0,0.0,0.0,0.0,0.0,0.0,1.0,2026-04-01,4,2026,1.1555555555555554,0.27548933333333336,940.81,-97.039216,0.25,0.002704326923076923,,5,高档
202604,6901028018722,中华(双中支),一类烟,424.0,500.0,,,,,97.072,,,,424.0,2.384,2.376,832.0,387.0,303.0,36.42,78.29,99.66,291.0,76.55,96.04,,,0.0,,,,,,,,,,,,,,,,,,2026-04-01,4,2026,1.179245283018868,,,,,,0.4651442307692308,5,高档
202604,6901028063371,白沙(硬新精品二代),三类烟,97.0,110.0,,,,,332.168,,,,97.0,,,832.0,,,0.0,,,,,,,,,,,,,,,,,,,,,,,,,,2026-04-01,4,2026,1.134020618556701,,,,,,,4,中高档
202604,6901028188029,黄鹤楼(硬峡谷情细支),一类烟,263.0,300.0,3.152,3.132,20.5929,65750.0,697.016,99.365482,11.86294,6.360909,263.0,5.916,5.896,832.0,388.0,360.0,43.27,92.78,99.66,356.0,87.43,98.89,,,0.0,,3.13,3.15,99.37,832.0,204.0,32.29,24.52,91.0,0.0,0.0,0.0,44.61,0.0,0.0,0.0,,2026-04-01,4,2026,1.1406844106463878,0.3088884518450534,222.5466155810983,-98.365482,-0.045121951219512124,0.02475108173076923,0.46634615384615385,5,高档
202604,6901028039758,贵烟(硬黄精品),二类烟,114.5,130.0,,,,,247.3,,,,114.5,2.48,2.46,832.0,388.0,203.0,24.4,52.32,99.19,192.0,48.73,94.58,,,0.0,,,,,,,,,,,,,,,,,,2026-04-01,4,2026,1.1353711790393013,,,,,,0.46634615384615385,5,高档
202604,6901028179492,红金龙(软蓝九州腾龙),四类烟,38.16,45.0,,,,,0.024,,,,,,,,,,,,,,,,,,,,,,,,,,,,,,,,,,,,2026-04-01,4,2026,1.179245283018868,,,,,,,3,中档
202604,6901028042635,娇子(宽窄好运),一类烟,263.0,300.0,0.1,0.1,0.6575,65750.0,580.104,100.0,0.378818,0.203032,263.0,,,832.0,,,0.0,,,,,,,,,,0.1,0.1,100.0,832.0,25.0,56.79,3.0,0.0,0.0,0.0,0.0,0.0,0.0,0.0,0.0,8.0,2026-04-01,4,2026,1.1406844106463878,0.3087939163498099,5801.04,-99.0,-0.8878923766816144,0.000790264423076923,,5,高档
202604,6901028118187,利群(新版),二类烟,143.1,160.0,8.008,7.976,28.53414,35775.0,1982.468,99.6004,18.342826,6.908401,143.1,0.632,0.624,832.0,147.0,82.0,9.86,55.78,98.73,74.0,53.06,90.24,,,0.0,,7.98,8.01,99.6,832.0,627.0,55.77,75.36,158.0,0.0,0.0,0.0,25.2,0.0,0.0,0.0,,2026-04-01,4,2026,1.1180992313067786,0.24211001277767613,248.5541624874624,-98.6004,-0.25318352059925087,0.03429584134615385,0.17668269230769232,5,高档
202604,6901028184250,黄鹤楼(硬1916),一类烟,848.0,1000.0,,,,,0.0,,,,848.0,0.388,0.376,832.0,32.0,31.0,3.73,96.88,96.91,31.0,95.92,100.0,,,0.0,,,,,,,,,,,,,,,,,,2026-04-01,4,2026,1.179245283018868,,,,,,0.038461538461538464,5,高档
202604,6901028045919,云烟(软珍品),一类烟,206.7,230.0,0.908,0.896,4.63008,51675.0,614.252,98.678414,2.821865,1.275543,206.7,8.048,8.016,832.0,832.0,593.0,71.27,71.27,99.6,582.0,63.78,98.15,,,0.0,,0.9,0.91,98.68,832.0,119.0,52.63,14.3,0.0,0.0,0.0,0.0,0.0,0.0,0.0,0.0,11.0,2026-04-01,4,2026,1.1127237542331883,0.2754904882852996,685.5491071428571,-97.678414,-0.3065015479876161,0.0055650000000000005,1.0,5,高档
202604,6901028057080,双喜(硬晶彩好日子),一类烟,158.0,180.0,1.556,1.536,6.0672,39500.0,205.324,98.714653,3.900607,1.468657,158.0,,,832.0,,,0.0,,,,,,,,,,1.54,1.56,98.71,832.0,155.0,100.07,18.63,53.0,0.0,0.0,0.0,34.19,0.0,0.0,0.0,24.0,2026-04-01,4,2026,1.139240506329114,0.24206503823839665,133.67447916666669,-97.714653,1.9090909090909092,0.007292307692307692,,5,高档
202604,6901028119009,利群(西子阳光),一类烟,275.6,310.0,0.084,0.084,0.57876,68900.0,50.364,100.0,0.333396,0.178783,275.6,0.3,0.3,832.0,47.0,38.0,4.57,80.85,100.0,37.0,79.79,97.37,,,0.0,,0.08,0.08,100.0,832.0,11.0,1.5,1.32,0.0,0.0,0.0,0.0,0.0,0.0,0.0,0.0,5.0,2026-04-01,4,2026,1.1248185776487662,0.308906973529615,599.5714285714286,-99.0,2.5,0.0006956250000000001,0.056490384615384616,5,高档
202604,6901028141147,七匹狼(蓝),三类烟,71.0,80.0,,,,,997.224,,,,71.0,0.548,0.54,832.0,634.0,76.0,9.13,11.99,98.54,59.0,10.65,77.63,,,0.0,,,,,,,,,,,,,,,,,,2026-04-01,4,2026,1.1267605633802817,,,,,,0.7620192307692307,4,中高档
202604,6901028012003,真龙(凌云),二类烟,121.9,150.0,0.468,0.468,1.42623,30475.0,143.136,100.0,0.916812,0.345326,121.9,1.556,1.536,832.0,832.0,155.0,18.63,18.63,98.71,129.0,13.1,83.23,,,0.0,,0.47,0.47,100.0,832.0,59.0,4.71,7.09,0.0,0.0,0.0,0.0,0.0,0.0,0.0,0.0,2.0,2026-04-01,4,2026,1.2305168170631664,0.24212504294538748,305.8461538461538,-99.0,-0.675,0.00171421875,1.0,5,高档
202604,6901028312356,云烟(细支大重九),一类烟,848.0,1000.0,0.016,0.016,0.3392,212000.0,73.428,100.0,0.195444,0.104732,848.0,,,832.0,,,0.0,,,,,,,,,,0.02,0.02,100.0,832.0,2.0,0.34,0.24,0.0,0.0,0.0,0.0,0.0,0.0,0.0,0.0,,2026-04-01,4,2026,1.179245283018868,0.3087617924528302,4589.25,-99.0,0.0,0.0004076923076923077,,5,高档
202604,6901028314985,红塔山(硬经典),三类烟,75.0,85.0,0.008,0.0,0.0,,316.24,0.0,0.0,0.0,75.0,,,832.0,,,0.0,,,,,,,,,,,,,,,,,,,,,,,,,,2026-04-01,4,2026,1.1333333333333333,,,1.0,-1.0,0.0,,4,中高档
202604,6901028211352,七匹狼(纯境),二类烟,143.1,160.0,3.2,3.192,11.41938,35775.0,421.948,99.75,7.340814,2.764691,143.1,0.444,0.444,832.0,69.0,57.0,6.85,82.61,100.0,54.0,80.43,94.74,,,0.0,,3.19,3.2,99.75,832.0,369.0,26.01,44.35,0.0,0.0,0.0,0.0,0.0,0.0,0.0,0.0,1.0,2026-04-01,4,2026,1.1180992313067786,0.24210517558746622,132.18922305764409,-98.75,-0.6681912681912682,0.013725216346153847,0.0829326923076923,5,高档
202604,6901028936750,好猫(长乐),二类烟,121.9,140.0,0.476,0.476,1.45061,30475.0,105.492,100.0,0.932494,0.35122,121.9,0.272,0.272,832.0,284.0,36.0,4.33,12.68,100.0,32.0,11.93,88.89,,,0.0,,0.48,0.48,100.0,832.0,61.0,13.99,7.33,0.0,0.0,0.0,0.0,0.0,0.0,0.0,0.0,5.0,2026-04-01,4,2026,1.1484823625922886,0.24211883276690496,221.62184873949582,-99.0,-0.6766304347826086,0.0017435216346153846,0.34134615384615385,5,高档
202604,6901028190602,黄鹤楼(软雪之景),二类烟,121.9,140.0,4.18,4.164,12.68979,30475.0,682.848,99.617225,8.157294,3.072495,121.9,,,832.0,,,0.0,,,,,,,,,,4.16,4.18,99.62,832.0,460.0,41.91,55.29,62.0,0.0,0.0,0.0,13.48,0.0,0.0,0.0,1.0,2026-04-01,4,2026,1.1484823625922886,0.24212339211287184,163.98847262247838,-98.617225,-0.15640194489465165,0.015252151442307692,,5,高档
202604,6901028180009,黄鹤楼(软珍品),一类烟,530.0,650.0,3.072,3.044,40.333,132500.0,504.372,99.088542,23.234091,12.458813,530.0,36.388,36.296,832.0,832.0,763.0,91.71,91.71,99.75,715.0,84.25,93.71,,,0.0,,3.04,3.07,99.09,832.0,243.0,22.8,29.21,0.0,0.0,0.0,0.0,0.0,0.0,0.0,0.0,,2026-04-01,4,2026,1.2264150943396226,0.3088987429648179,165.69382391590014,-98.088542,2.6763285024154593,0.04847716346153846,1.0,5,高档
202604,6901028224079,金圣(滕王阁·紫光),二类烟,129.3,150.0,1.324,1.316,4.25397,32325.0,604.976,99.39577,2.73466,1.029917,129.3,0.956,0.94,832.0,387.0,125.0,15.02,32.3,98.33,110.0,30.28,88.0,,,0.0,,1.32,1.32,99.4,832.0,170.0,28.33,20.43,0.0,0.0,0.0,0.0,0.0,0.0,0.0,0.0,3.0,2026-04-01,4,2026,1.160092807424594,0.24210725510523112,459.70820668693005,-98.39577,1.5114503816793894,0.005112944711538461,0.4651442307692308,5,高档
202604,6901028942881,双喜(硬精品好日子),三类烟,93.28,110.0,,,,,22.52,,,,93.28,,,832.0,,,0.0,,,,,,,,,,,,,,,,,,,,,,,,,,2026-04-01,4,2026,1.179245283018868,,,,,,,4,中高档
202604,6901028204835,芙蓉王(硬中支),一类烟,263.0,300.0,,,,,15.168,,,,263.0,1.648,1.64,832.0,169.0,148.0,17.79,87.57,99.51,145.0,86.13,97.97,,,0.0,,,,,,,,,,,,,,,,,,2026-04-01,4,2026,1.1406844106463878,,,,,,0.203125,5,高档
202604,6901028339957,云烟(细支云龙),二类烟,129.3,150.0,4.28,4.272,13.80924,32325.0,2523.604,99.813084,8.877515,3.343068,129.3,0.008,0.0,832.0,,,0.0,,0.0,,,,,,,,4.27,4.28,99.81,832.0,448.0,66.21,53.85,93.0,0.0,0.0,0.0,20.76,0.0,0.0,0.0,14.0,2026-04-01,4,2026,1.160092807424594,0.2420892098334159,590.7312734082396,-98.813084,0.8969804618117232,0.016597644230769232,,5,高档
202604,6901028124058,黄山(黑马细支),一类烟,225.0,260.0,0.468,0.456,2.565,56250.0,232.856,97.435897,1.563282,0.706634,225.0,0.764,0.752,832.0,258.0,80.0,9.62,31.01,98.43,64.0,23.8,80.0,,,0.0,,0.46,0.47,97.44,832.0,46.0,100.07,5.53,16.0,0.0,0.0,0.0,34.78,0.0,0.0,0.0,8.0,2026-04-01,4,2026,1.1555555555555554,0.2754908382066277,510.64912280701753,-96.435897,-0.7023498694516972,0.003082932692307692,0.31009615384615385,5,高档
202604,6901028111270,南京(炫赫门),二类烟,155.0,180.0,8.06,8.02,31.0775,38750.0,883.12,99.503722,19.978053,7.52451,155.0,0.132,0.132,832.0,25.0,17.0,2.04,68.0,100.0,16.0,66.0,94.12,,,0.0,,8.02,8.06,99.5,832.0,613.0,69.62,73.68,368.0,0.0,0.0,0.0,60.03,0.0,0.0,0.0,2.0,2026-04-01,4,2026,1.1612903225806452,0.24212082696484596,110.11471321695761,-98.503722,1.3019517795637197,0.037352764423076924,0.030048076923076924,5,高档
202604,6901028169967,黄金叶(天叶),一类烟,678.4,1000.0,0.048,0.048,0.81408,169600.0,27.44,100.0,0.469303,0.251123,678.4,1.12,1.104,832.0,335.0,110.0,13.22,32.84,98.57,105.0,31.36,95.45,,,0.0,,0.05,0.05,100.0,832.0,6.0,0.55,0.72,0.0,0.0,0.0,0.0,0.0,0.0,0.0,0.0,4.0,2026-04-01,4,2026,1.474056603773585,0.30847459709119496,571.6666666666666,-99.0,,0.0009784615384615385,0.4026442307692308,5,高档
202604,6901028051989,云烟(软大重九),一类烟,720.8,980.0,0.016,0.016,0.28832,180200.0,94.92,100.0,0.166203,0.088947,720.8,0.016,0.016,832.0,5.0,2.0,0.24,40.0,100.0,2.0,40.0,100.0,,,0.0,,0.02,0.02,100.0,832.0,2.0,0.14,0.24,0.0,0.0,0.0,0.0,0.0,0.0,0.0,0.0,,2026-04-01,4,2026,1.3596004439511655,0.3085009711431742,5932.5,-99.0,-0.5,0.00034653846153846155,0.006009615384615385,5,高档
202604,6901028058148,好猫(细支长乐),二类烟,139.92,160.0,0.744,0.728,2.546544,34980.0,494.884,97.849462,1.637124,0.616488,139.92,0.064,0.064,832.0,17.0,8.0,0.96,47.06,100.0,8.0,47.06,100.0,,,0.0,,0.73,0.74,97.85,832.0,94.0,27.85,11.3,0.0,0.0,0.0,0.0,0.0,0.0,0.0,0.0,8.0,2026-04-01,4,2026,1.1435105774728418,0.24208810057866664,679.7857142857143,-96.849462,-0.30268199233716475,0.00306075,0.020432692307692308,5,高档
202604,6901028242066,黄鹤楼(硬峡谷情),一类烟,339.2,400.0,0.196,0.152,1.28896,84800.0,126.072,77.55102,0.742886,0.397779,339.2,0.868,0.86,832.0,111.0,85.0,10.22,76.58,99.08,84.0,79.04,98.82,,,0.0,,0.15,0.2,77.55,832.0,19.0,1.71,2.28,0.0,0.0,0.0,0.0,0.0,0.0,0.0,0.0,,2026-04-01,4,2026,1.179245283018868,0.30860461146971196,829.421052631579,-76.55102,-0.7285714285714286,0.0015492307692307693,0.13341346153846154,5,高档
202604,4891132530116,红双喜(南洋经典),三类烟,67.95,80.0,0.008,0.0,0.0,,0.544,0.0,0.0,0.0,67.95,,,832.0,,,0.0,,,,,,,,,,,,,,,,,,,,,,,,,,2026-04-01,4,2026,1.177336276674025,,,1.0,,0.0,,4,中高档
202604,6901028025645,娇子(时代阳光),三类烟,71.0,80.0,0.008,0.0,0.0,,430.716,0.0,0.0,0.0,71.0,0.1,0.1,832.0,831.0,25.0,3.0,3.01,100.0,25.0,3.0,100.0,,,0.0,,,,,,,,,,,,,,,,,,2026-04-01,4,2026,1.1267605633802817,,,1.0,,0.0,0.9987980769230769,4,中高档
202604,6901028936996,好猫(招财猫1600),一类烟,158.0,180.0,,,,,72.244,,,,,,,,,,,,,,,,,,,,,,,,,,,,,,,,,,,,2026-04-01,4,2026,1.139240506329114,,,,,,,5,高档
202604,6901028079990,钻石(荷花),一类烟,275.6,320.0,3.712,3.704,25.52056,68900.0,352.792,99.784483,14.701472,7.883203,275.6,,,832.0,,,0.0,,,,,,,,,,3.7,3.71,99.78,832.0,436.0,33.58,52.4,0.0,0.0,0.0,0.0,0.0,0.0,0.0,0.0,46.0,2026-04-01,4,2026,1.1611030478955007,0.30889616058581787,95.2462203023758,-98.784483,-0.12227488151658761,0.03067375,,5,高档
202604,6901028317177,玉溪(软),一类烟,201.4,230.0,1.78,1.776,8.94216,50350.0,1289.916,99.775281,5.449977,2.463435,201.4,0.144,0.144,832.0,22.0,18.0,2.16,81.82,100.0,18.0,81.82,100.0,,,0.0,,1.78,1.78,99.78,832.0,166.0,100.07,19.95,70.0,0.0,0.0,0.0,42.17,0.0,0.0,0.0,7.0,2026-04-01,4,2026,1.1420059582919562,0.2754854531790977,726.3040540540541,-98.775281,-0.4745562130177514,0.010747788461538461,0.026442307692307692,5,高档
202604,6901028937832,好猫(长乐九美),一类烟,175.0,200.0,0.272,0.272,1.19,43750.0,290.556,100.0,0.72522,0.327864,175.0,0.004,0.0,832.0,,,0.0,,0.0,,,,,,,,0.27,0.27,100.0,832.0,36.0,19.45,4.33,0.0,0.0,0.0,0.0,0.0,0.0,0.0,0.0,2.0,2026-04-01,4,2026,1.1428571428571428,0.2755159663865546,1068.220588235294,-99.0,-0.45599999999999996,0.0014302884615384616,,5,高档
202604,6901028940504,红金龙(硬新版),四类烟,44.5,50.0,22.008,21.948,24.41715,11125.0,2692.368,99.727372,16.307395,5.300411,44.5,2.36,2.36,832.0,387.0,277.0,33.29,71.58,100.0,268.0,71.43,96.75,,,0.0,,21.95,22.01,99.73,832.0,827.0,88.46,99.4,460.0,0.0,0.0,0.0,55.62,0.0,0.0,0.0,,2026-04-01,4,2026,1.1235955056179776,0.2170773820859519,122.67031164570803,-98.727372,0.9996355685131195,0.029347536057692306,0.4651442307692308,3,中档
202604,6901028010115,中南海(典8),三类烟,97.0,110.0,0.092,0.092,0.2231,24250.0,132.46,100.0,0.143406,0.054026,97.0,0.14,0.14,832.0,22.0,18.0,2.16,81.82,100.0,17.0,79.55,94.44,,,0.0,,0.09,0.09,100.0,832.0,12.0,1.5,1.44,0.0,0.0,0.0,0.0,0.0,0.0,0.0,0.0,3.0,2026-04-01,4,2026,1.134020618556701,0.24216046615867323,1439.7826086956522,-99.0,-0.08000000000000007,0.00026814903846153845,0.026442307692307692,4,中高档
202604,6901028221351,贵烟(新贵),三类烟,93.28,110.0,,,,,176.456,,,,,,,,,,,,,,,,,,,,,,,,,,,,,,,,,,,,2026-04-01,4,2026,1.179245283018868,,,,,,,4,中高档
202604,6901028193504,芙蓉王(硬),一类烟,218.36,250.0,0.532,0.528,2.882352,54590.0,1091.916,99.24812,1.76603,0.784738,218.36,,,832.0,,,0.0,,,,,,,,,,0.53,0.53,99.25,832.0,66.0,5.05,7.93,0.0,0.0,0.0,0.0,0.0,0.0,0.0,0.0,2.0,2026-04-01,4,2026,1.1448983330280271,0.27225612971628727,2068.022727272727,-98.24812,-0.20958083832335328,0.0034643653846153847,,5,高档
202604,6901028121828,利群(江南韵),一类烟,225.0,260.0,0.236,0.236,1.3275,56250.0,145.528,100.0,0.809067,0.365712,225.0,0.588,0.576,832.0,108.0,73.0,8.77,67.59,97.96,71.0,66.67,97.26,,,0.0,,0.24,0.24,100.0,832.0,19.0,2.73,2.28,11.0,0.0,0.0,0.0,57.89,0.0,0.0,0.0,,2026-04-01,4,2026,1.1555555555555554,0.27548926553672315,616.6440677966102,-99.0,0.6388888888888888,0.0015955528846153845,0.12980769230769232,5,高档
202604,6901028112505,南京(大观园爆冰),一类烟,263.0,300.0,0.2,0.2,1.315,65750.0,76.32,100.0,0.758605,0.405119,263.0,,,832.0,,,0.0,,,,,,,,,,0.2,0.2,100.0,832.0,26.0,2.32,3.13,0.0,0.0,0.0,0.0,0.0,0.0,0.0,0.0,14.0,2026-04-01,4,2026,1.1406844106463878,0.30807528517110266,381.59999999999997,-99.0,0.6666666666666667,0.001580528846153846,,5,高档
202604,6901028009805,双喜(百年经典),一类烟,175.0,200.0,0.072,0.072,0.315,43750.0,238.136,100.0,0.191987,0.086779,175.0,0.276,0.26,832.0,689.0,25.0,3.0,3.63,94.2,21.0,2.67,84.0,,,0.0,,0.07,0.07,100.0,832.0,18.0,56.79,2.16,0.0,0.0,0.0,0.0,0.0,0.0,0.0,0.0,1.0,2026-04-01,4,2026,1.1428571428571428,0.2754888888888889,3307.444444444445,-99.0,-0.9203539823008849,0.0003786057692307692,0.828125,5,高档
202604,6901028230186,天子(C位),一类烟,201.4,230.0,0.276,0.276,1.38966,50350.0,53.132,100.0,0.846906,0.382881,201.4,,,832.0,,,0.0,,,,,,,,,,0.28,0.28,100.0,832.0,36.0,3.21,4.33,0.0,0.0,0.0,0.0,0.0,0.0,0.0,0.0,14.0,2026-04-01,4,2026,1.1420059582919562,0.2755213505461768,192.50724637681157,-99.0,0.11290322580645173,0.001670264423076923,,5,高档
202604,6901028178105,黄鹤楼(硬天下胜景),一类烟,212.0,260.0,2.36,2.36,12.508,53000.0,285.784,100.0,7.6228,3.44619,212.0,,,832.0,,,0.0,,,,,,,,,,2.36,2.36,100.0,832.0,277.0,26.48,33.29,0.0,0.0,0.0,0.0,0.0,0.0,0.0,0.0,33.0,2026-04-01,4,2026,1.2264150943396226,0.27551886792452834,121.09491525423729,-99.0,2.933333333333333,0.015033653846153846,,5,高档
202604,6901028080521,钻石(细支荷花),一类烟,360.4,420.0,,,,,69.256,,,,360.4,0.1,0.1,832.0,25.0,14.0,1.68,56.0,100.0,11.0,50.0,78.57,,,0.0,,,,,,,,,,,,,,,,,,2026-04-01,4,2026,1.165371809100999,,,,,,0.030048076923076924,5,高档
202604,6901028196024,白沙(软和天下),一类烟,720.8,1000.0,0.016,0.016,0.28832,180200.0,27.08,100.0,0.166362,0.088788,720.8,,,832.0,,,0.0,,,,,,,,,,0.02,0.02,100.0,832.0,2.0,0.14,0.24,0.0,0.0,0.0,0.0,0.0,0.0,0.0,0.0,,2026-04-01,4,2026,1.3873473917869035,0.30794950055493897,1692.4999999999998,-99.0,-0.5,0.00034653846153846155,,5,高档
202604,6901028092838,人民大会堂(硬红细支),二类烟,139.92,160.0,,,,,91.932,,,,,,,,,,,,,,,,,,,,,,,,,,,,,,,,,,,,2026-04-01,4,2026,1.1435105774728418,,,,,,,5,高档
202604,6901028084925,长城(醇雅薄荷),一类烟,158.4,180.0,0.1584,0.1548,0.68112,44000.0,318.3876,97.727273,0.41022,0.192554,158.4,,,832.0,,,0.0,,,,,,,,,,0.15,0.16,97.73,832.0,43.0,56.79,5.17,0.0,0.0,0.0,0.0,0.0,0.0,0.0,0.0,2.0,2026-04-01,4,2026,1.1363636363636362,0.28270202020202023,2056.767441860465,-96.727273,-0.8464285714285714,0.0008186538461538461,,5,高档
202604,6901028143448,万宝路(软红2.0),二类烟,143.1,160.0,0.064,0.064,0.22896,35775.0,27.736,100.0,0.150448,0.052168,143.1,0.064,0.064,832.0,8.0,8.0,0.96,100.0,100.0,8.0,100.0,100.0,,,0.0,,0.06,0.06,100.0,832.0,8.0,0.55,0.96,0.0,0.0,0.0,0.0,0.0,0.0,0.0,0.0,8.0,2026-04-01,4,2026,1.1180992313067786,0.22784765897973444,433.375,-99.0,,0.00027519230769230767,0.009615384615384616,5,高档
202604,6901028159548,泰山(硬红八喜),三类烟,57.24,65.0,0.004,0.0,0.0,,443.804,0.0,0.0,0.0,57.24,1.344,1.336,832.0,527.0,176.0,21.15,33.4,99.4,158.0,31.63,89.77,,,0.0,,,,,,,,,,,,,,,,,,2026-04-01,4,2026,1.1355695317959469,,,1.0,-1.0,0.0,0.6334134615384616,3,中档
202604,6901028180788,黄鹤楼(硬15),一类烟,848.0,1000.0,0.184,0.184,3.9008,212000.0,26.864,100.0,2.247104,1.20492,848.0,0.888,0.88,832.0,192.0,113.0,13.58,58.85,99.1,107.0,56.99,94.69,,,0.0,,0.18,0.18,100.0,832.0,23.0,1.71,2.76,0.0,0.0,0.0,0.0,0.0,0.0,0.0,0.0,3.0,2026-04-01,4,2026,1.179245283018868,0.3088904840032814,146.0,-99.0,-0.04166666666666674,0.004688461538461538,0.23076923076923078,5,高档
202604,6901028241410,黄鹤楼(视窗),一类烟,300.0,350.0,0.488,0.488,3.66,75000.0,53.296,100.0,2.108456,1.130468,300.0,0.196,0.152,832.0,25.0,19.0,2.28,76.0,77.55,19.0,76.0,100.0,,,0.0,,0.49,0.49,100.0,832.0,47.0,3.75,5.65,7.0,0.0,0.0,0.0,14.89,0.0,0.0,0.0,,2026-04-01,4,2026,1.1666666666666667,0.30887103825136614,109.21311475409836,-99.0,1.9047619047619047,0.004399038461538462,0.030048076923076924,5,高档
202604,6901028180603,红金龙(硬神州腾龙),三类烟,57.24,65.0,57.132,57.024,81.601344,14310.0,5622.572,99.810964,52.462111,19.751648,57.24,0.008,0.0,832.0,,,0.0,,0.0,,,,,,,,57.02,57.13,99.81,832.0,824.0,100.07,99.04,612.0,0.0,0.0,0.0,74.27,0.0,0.0,0.0,,2026-04-01,4,2026,1.1355695317959469,0.24205052308942362,98.60009820426487,-98.810964,0.38059267867518876,0.09807853846153845,,3,中档
202604,6901028178648,黄鹤楼(珍品细支),一类烟,381.6,450.0,,,,,84.588,,,,381.6,9.248,9.164,832.0,689.0,616.0,74.04,89.4,99.09,604.0,86.98,98.05,,,0.0,,,,,,,,,,,,,,,,,,2026-04-01,4,2026,1.1792452830188678,,,,,,0.828125,5,高档
202604,6901028165860,黄金叶(天叶细支),一类烟,848.0,1000.0,0.024,0.024,0.5088,212000.0,52.092,100.0,0.293104,0.15716,848.0,0.048,0.048,832.0,8.0,6.0,0.72,75.0,100.0,6.0,75.0,100.0,,,0.0,,0.02,0.02,100.0,832.0,3.0,0.2,0.36,0.0,0.0,0.0,0.0,0.0,0.0,0.0,0.0,,2026-04-01,4,2026,1.179245283018868,0.3088836477987421,2170.5,-99.0,-0.4,0.0006115384615384615,0.009615384615384616,5,高档
202604,6901028172509,黄金叶(商鼎),一类烟,175.0,200.0,1.12,1.104,4.83,43750.0,617.704,98.571429,2.943648,1.33063,175.0,0.248,0.248,832.0,74.0,33.0,3.97,44.59,100.0,29.0,41.89,87.88,,,0.0,,1.1,1.12,98.57,832.0,110.0,30.03,13.22,32.0,0.0,0.0,0.0,29.09,0.0,0.0,0.0,,2026-04-01,4,2026,1.1428571428571428,0.2754927536231884,559.5144927536231,-97.571429,0.916666666666667,0.0058052884615384616,0.0889423076923077,5,高档
202604,6901028136686,金圣(硬滕王阁),三类烟,97.0,110.0,0.008,0.0,0.0,,1554.06,0.0,0.0,0.0,97.0,1.324,1.316,832.0,414.0,170.0,20.43,41.06,99.4,159.0,39.64,93.53,,,0.0,,,,,,,,,,,,,,,,,,2026-04-01,4,2026,1.134020618556701,,,1.0,-1.0,0.0,0.49759615384615385,4,中高档
202604,6901028216166,利群(软蓝),一类烟,159.0,180.0,1.052,1.028,4.0863,39750.0,509.052,97.718631,2.626908,0.989339,159.0,,,832.0,,,0.0,,,,,,,,,,1.03,1.05,97.72,832.0,133.0,19.39,15.99,0.0,0.0,0.0,0.0,0.0,0.0,0.0,0.0,22.0,2026-04-01,4,2026,1.1320754716981132,0.24211120084183738,495.18677042801556,-96.718631,0.4120879120879122,0.004911418269230769,,5,高档
202604,6901028107150,钻石(双中支荷花),一类烟,381.6,450.0,,,,,7.852,,,,,,,,,,,,,,,,,,,,,,,,,,,,,,,,,,,,2026-04-01,4,2026,1.1792452830188678,,,,,,,5,高档
202604,6901028314459,玉溪(硬和谐),一类烟,339.2,400.0,,,,,0.004,,,,,,,,,,,,,,,,,,,,,,,,,,,,,,,,,,,,2026-04-01,4,2026,1.179245283018868,,,,,,,5,高档
202604,6901028179270,红金龙(软精品),三类烟,90.1,110.0,56.848,56.68,127.6717,22525.0,3317.096,99.704475,82.073645,30.910479,90.1,57.132,57.024,832.0,832.0,824.0,99.04,99.04,99.81,810.0,95.32,98.3,,,0.0,,56.68,56.85,99.7,832.0,828.0,100.07,99.52,627.0,0.0,0.0,0.0,75.72,0.0,0.0,0.0,,2026-04-01,4,2026,1.2208657047724751,0.24210908917168017,58.523218066337336,-98.704475,0.2011528354666441,0.1534515625,1.0,4,中高档
202604,6901028118828,利群(长嘴),一类烟,190.8,220.0,0.632,0.624,2.97648,47700.0,313.16,98.734177,1.813999,0.820061,190.8,0.084,0.084,832.0,22.0,11.0,1.32,50.0,100.0,10.0,47.73,90.91,,,0.0,,0.62,0.63,98.73,832.0,82.0,10.03,9.86,0.0,0.0,0.0,0.0,0.0,0.0,0.0,0.0,5.0,2026-04-01,4,2026,1.1530398322851152,0.275513694027845,501.8589743589744,-97.734177,1.7857142857142856,0.0035775,0.026442307692307692,5,高档
202604,6901028138536,七匹狼(软灰),一类烟,185.5,210.0,0.1,0.1,0.46375,46375.0,114.652,100.0,0.282639,0.127761,185.5,,,832.0,,,0.0,,,,,,,,,,0.1,0.1,100.0,832.0,14.0,1.71,1.68,0.0,0.0,0.0,0.0,0.0,0.0,0.0,0.0,4.0,2026-04-01,4,2026,1.1320754716981132,0.27549541778975745,1146.52,-99.0,-0.1071428571428571,0.000557391826923077,,5,高档
202604,6901028185912,黄鹤楼(硬红),一类烟,190.8,220.0,39.728,39.612,188.94924,47700.0,4003.568,99.708015,115.153557,52.058393,190.8,0.264,0.264,832.0,50.0,33.0,3.97,66.0,100.0,33.0,66.0,100.0,,,0.0,,39.61,39.73,99.71,832.0,783.0,100.07,94.11,570.0,0.0,0.0,0.0,72.8,0.0,0.0,0.0,,2026-04-01,4,2026,1.1530398322851152,0.27551522832269665,101.06957487630011,-98.708015,0.2869395711500975,0.22710245192307693,0.06009615384615385,5,高档
202604,6901028009744,双喜(勿忘我),一类烟,175.0,200.0,0.96,0.924,4.0425,43750.0,94.58,96.25,2.463615,1.113774,175.0,0.072,0.072,832.0,831.0,18.0,2.16,2.17,100.0,18.0,2.16,100.0,,,0.0,,0.92,0.96,96.25,832.0,89.0,83.21,10.7,34.0,0.0,0.0,0.0,38.2,0.0,0.0,0.0,3.0,2026-04-01,4,2026,1.1428571428571428,0.2755161410018553,102.35930735930735,-95.25,-0.4253731343283582,0.004858774038461539,0.9987980769230769,5,高档
202604,6901028162876,黄金叶(喜满堂),三类烟,88.0,100.0,3.432,3.424,7.5328,22000.0,1285.032,99.7669,4.842394,1.823706,88.0,0.732,0.712,832.0,449.0,91.0,10.94,20.27,97.27,87.0,19.82,95.6,,,0.0,,3.42,3.43,99.77,832.0,428.0,30.85,51.44,0.0,0.0,0.0,0.0,0.0,0.0,0.0,0.0,2.0,2026-04-01,4,2026,1.1363636363636365,0.2421020072217502,375.30140186915884,-98.7669,-0.7061448678338482,0.009053846153846154,0.5396634615384616,4,中高档
202604,6901028080224,钻石(硬特醇),四类烟,44.5,50.0,,,,,711.24,,,,,,,,,,,,,,,,,,,,,,,,,,,,,,,,,,,,2026-04-01,4,2026,1.1235955056179776,,,,,,,3,中档
202604,6901028184304,黄鹤楼(硬平安),一类烟,720.8,1000.0,0.388,0.376,6.77552,180200.0,82.036,96.907216,3.90421,2.091815,720.8,39.728,39.612,832.0,832.0,783.0,94.11,94.11,99.71,750.0,88.99,95.79,,,0.0,,0.38,0.39,96.91,832.0,31.0,3.34,3.73,16.0,0.0,0.0,0.0,51.61,0.0,0.0,0.0,,2026-04-01,4,2026,1.3873473917869035,0.3087312855692257,218.18085106382978,-95.907216,-0.7479892761394102,0.008143653846153846,1.0,5,高档
202604,6901028225175,黄山(新制皖烟),二类烟,121.9,140.0,6.324,6.268,19.10173,30475.0,1432.192,99.114485,12.279317,4.624703,121.9,,,832.0,,,0.0,,,,,,,,,,6.27,6.32,99.11,832.0,381.0,69.76,45.79,142.0,0.0,0.0,0.0,37.27,0.0,0.0,0.0,6.0,2026-04-01,4,2026,1.1484823625922886,0.2421091178652405,228.49266113592853,-98.114485,0.2525979216626699,0.022958810096153845,,5,高档
202604,6901028181457,黄鹤楼(硬峡谷柔情),一类烟,263.0,300.0,4.956,4.924,32.3753,65750.0,443.84,99.354318,18.650793,10.000094,263.0,,,832.0,,,0.0,,,,,,,,,,4.92,4.96,99.35,832.0,415.0,44.44,49.88,183.0,0.0,0.0,0.0,44.1,0.0,0.0,0.0,,2026-04-01,4,2026,1.1406844106463878,0.3088803501434736,90.13809910641753,-98.354318,3.5257352941176467,0.03891262019230769,,5,高档
202604,6901028247375,双喜(春天·咖路里),一类烟,225.0,260.0,0.276,0.26,1.4625,56250.0,128.524,94.202899,0.891364,0.402886,225.0,0.12,0.12,832.0,17.0,13.0,1.56,76.47,100.0,13.0,75.0,100.0,,,0.0,,0.26,0.28,94.2,832.0,25.0,83.21,3.0,10.0,0.0,0.0,0.0,40.0,0.0,0.0,0.0,5.0,2026-04-01,4,2026,1.1555555555555554,0.27547760683760686,494.3230769230769,-93.202899,-0.5806451612903225,0.0017578124999999998,0.020432692307692308,5,高档
202604,6901028075022,中华(软),一类烟,583.0,700.0,1.98,1.96,28.567,145750.0,248.048,98.989899,16.45703,8.82354,583.0,,,832.0,,,0.0,,,,,,,,,,1.96,1.98,98.99,832.0,250.0,26.48,30.05,0.0,0.0,0.0,0.0,0.0,0.0,0.0,0.0,12.0,2026-04-01,4,2026,1.2006861063464838,0.30887177512514435,126.55510204081634,-97.989899,2.858267716535433,0.03433533653846154,,5,高档
202604,6901028071475,中南海(5mg),二类烟,114.5,130.0,0.2,0.18,0.51525,28625.0,175.724,90.0,0.3312,0.124765,114.5,0.072,0.072,832.0,47.0,10.0,1.2,21.28,100.0,8.0,19.15,80.0,,,0.0,,0.18,0.2,90.0,832.0,25.0,10.17,3.0,0.0,0.0,0.0,0.0,0.0,0.0,0.0,0.0,7.0,2026-04-01,4,2026,1.1353711790393013,0.24214459000485203,976.2444444444444,-89.0,21.5,0.0006192908653846154,0.056490384615384616,5,高档
202604,6901028046893,云烟(紫),二类烟,114.5,130.0,8.048,8.016,22.9458,28625.0,1560.084,99.602386,14.749567,5.556058,114.5,0.016,0.016,832.0,2.0,2.0,0.24,100.0,100.0,2.0,100.0,100.0,,,0.0,,8.02,8.05,99.6,832.0,593.0,100.07,71.27,330.0,0.0,0.0,0.0,55.65,0.0,0.0,0.0,8.0,2026-04-01,4,2026,1.1353711790393013,0.2421383434005352,194.62125748502996,-98.602386,0.2635561160151323,0.027579086538461535,0.002403846153846154,5,高档
202604,6901028084772,娇子(格调细支),二类烟,129.3,150.0,1.044,1.032,3.33594,32325.0,807.108,98.850575,2.144511,0.807649,129.3,0.408,0.4,832.0,238.0,51.0,6.13,21.43,98.04,49.0,20.92,96.08,,,0.0,,1.03,1.04,98.85,832.0,134.0,26.14,16.11,0.0,0.0,0.0,0.0,0.0,0.0,0.0,0.0,5.0,2026-04-01,4,2026,1.160092807424594,0.24210537359784648,782.0813953488372,-97.850575,2.633802816901409,0.004009543269230769,0.2860576923076923,5,高档
202604,6901028062329,南京(十二钗烤烟),一类烟,243.8,280.0,0.504,0.504,3.07188,60950.0,74.456,100.0,1.872108,0.846342,243.8,0.572,0.572,832.0,111.0,73.0,8.77,65.77,100.0,70.0,64.41,95.89,,,0.0,,0.5,0.5,100.0,832.0,66.0,7.58,7.93,0.0,0.0,0.0,0.0,0.0,0.0,0.0,0.0,14.0,2026-04-01,4,2026,1.1484823625922886,0.27551271534044297,147.73015873015873,-99.0,0.2989690721649485,0.0036921634615384616,0.13341346153846154,5,高档
202604,6901028123266,黄山(硬记忆),三类烟,88.0,100.0,,,,,136.324,,,,,,,,,,,,,,,,,,,,,,,,,,,,,,,,,,,,2026-04-01,4,2026,1.1363636363636365,,,,,,,4,中高档
202604,6901028095891,黄果树(长征),三类烟,61.5,70.0,0.004,0.0,0.0,,356.544,0.0,0.0,0.0,61.5,,,832.0,,,0.0,,,,,,,,,,,,,,,,,,,,,,,,,,2026-04-01,4,2026,1.1382113821138211,,,1.0,,0.0,,3,中档
202604,6901028071536,中南海(5mg细支),二类烟,121.9,140.0,0.072,0.072,0.21942,30475.0,16.196,100.0,0.141048,0.053128,121.9,,,832.0,,,0.0,,,,,,,,,,0.07,0.07,100.0,832.0,10.0,3.21,1.2,0.0,0.0,0.0,0.0,0.0,0.0,0.0,0.0,1.0,2026-04-01,4,2026,1.1484823625922886,0.24212924984048856,224.94444444444449,-99.0,8.0,0.00026372596153846156,,5,高档
202604,6901028180818,黄鹤楼(天下名楼),二类烟,139.92,160.0,0.888,0.88,3.07824,34980.0,859.92,99.099099,1.978913,0.745234,139.92,4.956,4.924,832.0,440.0,415.0,49.88,94.32,99.35,411.0,91.46,99.04,,,0.0,,0.88,0.89,99.1,832.0,113.0,13.17,13.58,0.0,0.0,0.0,0.0,0.0,0.0,0.0,0.0,1.0,2026-04-01,4,2026,1.1435105774728418,0.242097432298976,977.1818181818181,-98.099099,-0.6726190476190477,0.0036998076923076923,0.5288461538461539,5,高档
202604,6901028301695,南京(软九五),一类烟,720.8,1000.0,0.024,0.024,0.43248,180200.0,14.884,100.0,0.249317,0.133408,720.8,1.8,1.772,832.0,606.0,229.0,27.52,37.79,98.44,214.0,36.55,93.45,,,0.0,,0.02,0.02,100.0,832.0,3.0,0.2,0.36,0.0,0.0,0.0,0.0,0.0,0.0,0.0,0.0,1.0,2026-04-01,4,2026,1.3873473917869035,0.30847206807251204,620.1666666666666,-99.0,,0.0005198076923076922,0.7283653846153846,5,高档
202604,6901028104241,哈尔滨(老巴夺),三类烟,97.0,110.0,,,,,0.0,,,,,,,,,,,,,,,,,,,,,,,,,,,,,,,,,,,,2026-04-01,4,2026,1.134020618556701,,,,,,,4,中高档
202604,6901028178259,黄鹤楼(1916中支),一类烟,1000.0,1200.0,,,,,4.848,,,,1000.0,,,832.0,,,0.0,,,,,,,,,,,,,,,,,,,,,,,,,,2026-04-01,4,2026,1.2,,,,,,,5,高档
202604,6901028136891,金圣(硬红·十二生肖),三类烟,61.5,70.0,,,,,404.428,,,,,,,,,,,,,,,,,,,,,,,,,,,,,,,,,,,,2026-04-01,4,2026,1.1382113821138211,,,,,,,3,中档
202604,6901028000833,双喜(软经典),三类烟,97.0,110.0,6.756,6.348,15.3939,24250.0,532.92,93.960924,9.894947,3.727861,97.0,1.0,0.972,832.0,832.0,101.0,12.14,12.14,97.2,88.0,8.29,87.13,,,0.0,,6.35,6.76,93.96,832.0,588.0,43.28,70.67,0.0,0.0,0.0,0.0,0.0,0.0,0.0,0.0,1.0,2026-04-01,4,2026,1.134020618556701,0.2421648185320159,83.95085066162571,-92.960924,-0.3603385731559855,0.018502283653846156,1.0,4,中高档
202604,6901028181815,红金龙(硬蓝爱你),三类烟,97.0,110.0,2.072,2.064,5.0052,24250.0,880.644,99.6139,3.217363,1.211981,97.0,32.536,32.484,832.0,832.0,825.0,99.16,99.16,99.84,823.0,98.41,99.76,,,0.0,,2.06,2.07,99.61,832.0,258.0,17.88,31.01,0.0,0.0,0.0,0.0,0.0,0.0,0.0,0.0,,2026-04-01,4,2026,1.134020618556701,0.24214436985535043,426.6686046511628,-98.6139,-0.5338753387533874,0.006015865384615385,1.0,4,中高档
202604,6901028188081,黄鹤楼(硬银紫),二类烟,114.5,130.0,5.916,5.896,16.8773,28625.0,634.668,99.661934,10.850202,4.085309,114.5,,,832.0,,,0.0,,,,,,,,,,5.9,5.92,99.66,832.0,360.0,40.89,43.27,175.0,0.0,0.0,0.0,48.61,0.0,0.0,0.0,,2026-04-01,4,2026,1.1353711790393013,0.24205939338638285,107.6438263229308,-98.661934,0.6450892857142856,0.020285216346153847,,5,高档
202604,6901028084321,娇子(软阳光),三类烟,88.0,100.0,,,,,800.876,,,,88.0,1.044,1.032,832.0,382.0,134.0,16.11,35.08,98.85,124.0,33.68,92.54,,,0.0,,,,,,,,,,,,,,,,,,2026-04-01,4,2026,1.1363636363636365,,,,,,0.45913461538461536,4,中高档
202604,6901028179324,黄鹤楼(硬珍品),一类烟,339.2,400.0,9.248,9.164,77.71072,84800.0,1261.456,99.091696,44.766152,24.00422,339.2,5.932,5.904,832.0,659.0,432.0,51.92,65.55,99.53,416.0,66.97,96.3,,,0.0,,9.16,9.25,99.09,832.0,616.0,59.45,74.04,157.0,0.0,0.0,0.0,25.49,0.0,0.0,0.0,,2026-04-01,4,2026,1.179245283018868,0.30889200357428165,137.65342645133128,-98.091696,-0.03087986463620984,0.09340230769230769,0.7920673076923077,5,高档
202604,6901028098335,长白山(蓝尚),一类烟,158.0,180.0,0.476,0.46,1.817,39500.0,139.232,96.638655,1.168055,0.439932,158.0,0.104,0.1,832.0,831.0,25.0,3.0,3.01,96.15,25.0,3.0,100.0,,,0.0,,0.46,0.48,96.64,832.0,52.0,6.76,6.25,6.0,0.0,0.0,0.0,11.54,0.0,0.0,0.0,2.0,2026-04-01,4,2026,1.139240506329114,0.2421199779856907,302.6782608695652,-95.638655,0.7164179104477613,0.0021838942307692306,0.9987980769230769,5,高档
202604,6901028104302,龙烟(老巴夺传琦),一类烟,225.0,260.0,0.104,0.1,0.5625,56250.0,140.632,96.153846,0.342825,0.154975,225.0,0.064,0.064,832.0,8.0,8.0,0.96,100.0,100.0,8.0,100.0,100.0,,,0.0,,0.1,0.1,96.15,832.0,25.0,56.79,3.0,0.0,0.0,0.0,0.0,0.0,0.0,0.0,0.0,7.0,2026-04-01,4,2026,1.1555555555555554,0.2755111111111111,1406.32,-95.153846,-0.8873873873873874,0.0006760817307692308,0.009615384615384616,5,高档
202604,6901028075015,中华(硬),一类烟,381.6,450.0,2.384,2.376,22.66704,95400.0,628.784,99.66443,13.057308,7.002072,381.6,1.98,1.96,832.0,387.0,250.0,30.05,64.6,98.99,240.0,63.14,96.0,,,0.0,,2.38,2.38,99.66,832.0,303.0,26.48,36.42,0.0,0.0,0.0,0.0,0.0,0.0,0.0,0.0,2.0,2026-04-01,4,2026,1.1792452830188678,0.3089098532494759,264.63973063973066,-98.66443,1.076923076923077,0.027244038461538462,0.4651442307692308,5,高档
202604,6901028224642,金圣(青瓷),一类烟,158.0,180.0,0.956,0.94,3.713,39500.0,464.672,98.32636,2.386895,0.898985,158.0,0.092,0.092,832.0,22.0,12.0,1.44,54.55,100.0,11.0,52.27,91.67,,,0.0,,0.94,0.96,98.33,832.0,125.0,26.48,15.02,0.0,0.0,0.0,0.0,0.0,0.0,0.0,0.0,6.0,2026-04-01,4,2026,1.139240506329114,0.2421182332345812,494.33191489361707,-97.32636,5.911764705882352,0.0044627403846153844,0.026442307692307692,5,高档
202604,6901028164177,红旗渠(雪茄),四类烟,44.5,50.0,0.004,0.0,0.0,,0.02,0.0,0.0,0.0,44.5,,,832.0,,,0.0,,,,,,,,,,,,,,,,,,,,,,,,,,2026-04-01,4,2026,1.1235955056179776,,,1.0,,0.0,,3,中档
202604,6901028191142,白沙(硬),三类烟,71.0,80.0,,,,,586.012,,,,71.0,0.016,0.016,832.0,2.0,2.0,0.24,100.0,100.0,2.0,100.0,100.0,,,0.0,,,,,,,,,,,,,,,,,,2026-04-01,4,2026,1.1267605633802817,,,,,,0.002403846153846154,4,中高档
202604,6901028111546,南京(雨花石),一类烟,455.8,530.0,0.132,0.132,1.50414,113950.0,52.144,100.0,0.866481,0.464623,455.8,0.2,0.2,832.0,34.0,26.0,3.13,76.47,100.0,24.0,73.53,92.31,,,0.0,,0.13,0.13,100.0,832.0,17.0,1.71,2.04,0.0,0.0,0.0,0.0,0.0,0.0,0.0,0.0,6.0,2026-04-01,4,2026,1.1627906976744187,0.30889611339370004,395.030303030303,-99.0,1.3571428571428572,0.001807860576923077,0.040865384615384616,5,高档
202604,6901028229074,天子(中支),一类烟,201.4,230.0,0.076,0.076,0.38266,50350.0,258.852,100.0,0.233206,0.105431,201.4,0.276,0.276,832.0,47.0,36.0,4.33,76.6,100.0,33.0,73.4,91.67,,,0.0,,0.08,0.08,100.0,832.0,10.0,1.16,1.2,0.0,0.0,0.0,0.0,0.0,0.0,0.0,0.0,,2026-04-01,4,2026,1.1420059582919562,0.27552135054617677,3405.9473684210525,-99.0,-0.40625,0.00045992788461538464,0.056490384615384616,5,高档
202604,6901028182560,红金龙(硬红龙),三类烟,47.7,55.0,32.536,32.484,38.73717,11925.0,349.66,99.840177,24.898986,9.381505,47.7,,,832.0,,,0.0,,,,,,,,,,32.48,32.54,99.84,832.0,825.0,100.07,99.16,619.0,0.0,0.0,0.0,75.03,0.0,0.0,0.0,,2026-04-01,4,2026,1.1530398322851152,0.24218354102790682,10.764068464474818,-98.840177,-0.16200598493447527,0.04655909855769231,,3,中档
202604,6901028001625,双喜(硬经典1906),二类烟,150.52,170.0,1.0,0.972,3.657636,37630.0,859.756,97.2,2.351277,0.885595,150.52,1.296,1.28,832.0,527.0,167.0,20.07,31.69,98.77,153.0,30.3,91.62,,,0.0,,0.97,1.0,97.2,832.0,101.0,100.07,12.14,30.0,0.0,0.0,0.0,29.7,0.0,0.0,0.0,13.0,2026-04-01,4,2026,1.1294180175391975,0.24212223414248984,884.522633744856,-96.2,-0.7161214953271028,0.004396197115384615,0.6334134615384616,5,高档
202604,6901028120708,利群(软长嘴),一类烟,318.0,360.0,0.3,0.3,2.385,79500.0,179.94,100.0,1.374006,0.736607,318.0,0.236,0.236,832.0,23.0,19.0,2.28,82.61,100.0,18.0,73.75,94.74,,,0.0,,0.3,0.3,100.0,832.0,38.0,3.21,4.57,0.0,0.0,0.0,0.0,0.0,0.0,0.0,0.0,,2026-04-01,4,2026,1.1320754716981132,0.3088498951781971,599.8000000000001,-99.0,0.171875,0.0028665865384615383,0.027644230769230768,5,高档
202604,6901028126007,黄山(新一品),三类烟,71.0,80.0,,,,,322.588,,,,,,,,,,,,,,,,,,,,,,,,,,,,,,,,,,,,2026-04-01,4,2026,1.1267605633802817,,,,,,,4,中高档
202604,6901028011785,真龙(起源),一类烟,212.0,250.0,0.416,0.412,2.1836,53000.0,115.736,99.038462,1.330761,0.601622,212.0,0.468,0.468,832.0,69.0,59.0,7.09,85.51,100.0,58.0,84.78,98.31,,,0.0,,0.41,0.42,99.04,832.0,54.0,11.19,6.49,0.0,0.0,0.0,0.0,0.0,0.0,0.0,0.0,20.0,2026-04-01,4,2026,1.179245283018868,0.27551840996519505,280.91262135922335,-98.038462,2.2187499999999996,0.002624519230769231,0.0829326923076923,5,高档
202604,6901028077910,钻石(软荷花),一类烟,339.2,400.0,0.168,0.168,1.42464,84800.0,40.44,100.0,0.820681,0.440054,339.2,3.712,3.704,832.0,492.0,436.0,52.4,88.62,99.78,431.0,88.53,98.85,,,0.0,,0.17,0.17,100.0,832.0,21.0,1.5,2.52,0.0,0.0,0.0,0.0,0.0,0.0,0.0,0.0,2.0,2026-04-01,4,2026,1.179245283018868,0.3088878593890387,240.7142857142857,-99.0,6.0,0.0017123076923076922,0.5913461538461539,5,高档
202604,6901028121736,利群(楼外楼),一类烟,175.0,200.0,,,,,66.936,,,,,,,,,,,,,,,,,,,,,,,,,,,,,,,,,,,,2026-04-01,4,2026,1.1428571428571428,,,,,,,5,高档
202604,6901028125970,黄山(徽商新概念细支),一类烟,339.2,400.0,0.764,0.752,6.37696,84800.0,157.792,98.429319,3.673556,1.969744,339.2,6.324,6.268,832.0,711.0,381.0,45.79,53.59,99.11,352.0,47.31,92.39,,,0.0,,0.75,0.76,98.43,832.0,80.0,26.96,9.62,24.0,0.0,0.0,0.0,30.0,0.0,0.0,0.0,52.0,2026-04-01,4,2026,1.179245283018868,0.3088844841429145,209.82978723404256,-97.429319,1.4415584415584415,0.007664615384615385,0.8545673076923077,5,高档
202604,6901028143554,七匹狼(锋芒),一类烟,158.0,180.0,0.548,0.54,2.133,39500.0,381.132,98.540146,1.371195,0.516434,158.0,3.2,3.192,832.0,381.0,369.0,44.35,96.85,99.75,367.0,96.84,99.46,,,0.0,,0.54,0.55,98.54,832.0,76.0,43.28,9.13,0.0,0.0,0.0,0.0,0.0,0.0,0.0,0.0,6.0,2026-04-01,4,2026,1.139240506329114,0.24211626816690104,705.8,-97.540146,0.20535714285714302,0.002563701923076923,0.4579326923076923,5,高档
202604,6901028180634,红金龙(软虹之彩),五类烟,19.08,25.0,0.008,0.0,0.0,,0.0,0.0,0.0,0.0,19.08,2.072,2.064,832.0,261.0,258.0,31.01,98.85,99.61,258.0,98.47,100.0,,,0.0,,,,,,,,,,,,,,,,,,2026-04-01,4,2026,1.310272536687631,,,1.0,,0.0,0.3137019230769231,2,中低档
202604,6901028177153,云烟(硬苁蓉),二类烟,114.5,130.0,,,,,114.068,,,,,,,,,,,,,,,,,,,,,,,,,,,,,,,,,,,,2026-04-01,4,2026,1.1353711790393013,,,,,,,5,高档
202604,6901028212229,中华(细支),一类烟,424.0,500.0,0.104,0.104,1.1024,106000.0,46.808,100.0,0.635124,0.340448,424.0,,,832.0,,,0.0,,,,,,,,,,0.1,0.1,100.0,832.0,14.0,1.16,1.68,0.0,0.0,0.0,0.0,0.0,0.0,0.0,0.0,2.0,2026-04-01,4,2026,1.179245283018868,0.3088243831640058,450.0769230769231,-99.0,-0.16129032258064524,0.001325,,5,高档
202604,6901028187855,黄鹤楼(软1916),一类烟,848.0,1000.0,0.624,0.62,13.144,212000.0,99.16,99.358974,7.571754,4.060082,848.0,3.152,3.132,832.0,306.0,204.0,24.52,66.67,99.37,194.0,62.34,95.1,,,0.0,,0.62,0.62,99.36,832.0,62.0,5.05,7.45,0.0,0.0,0.0,0.0,0.0,0.0,0.0,0.0,16.0,2026-04-01,4,2026,1.179245283018868,0.30889242239805237,159.93548387096774,-98.358974,,0.01579807692307692,0.36778846153846156,5,高档
202604,6901028010771,中南海(冰耀中支),一类烟,201.4,230.0,0.14,0.14,0.7049,50350.0,91.916,100.0,0.42959,0.194215,201.4,,,832.0,,,0.0,,,,,,,,,,0.14,0.14,100.0,832.0,18.0,1.5,2.16,0.0,0.0,0.0,0.0,0.0,0.0,0.0,0.0,5.0,2026-04-01,4,2026,1.1420059582919562,0.27552135054617677,656.5428571428571,-99.0,0.0,0.0008472355769230769,,5,高档
202604,6901028024976,娇子(X),三类烟,97.0,110.0,,,,,561.648,,,,97.0,0.008,0.0,832.0,,,0.0,,0.0,,,,,,,,,,,,,,,,,,,,,,,,2026-04-01,4,2026,1.134020618556701,,,,,,,4,中高档
202604,6901028221450,贵烟(跨越),一类烟,201.4,230.0,2.48,2.46,12.3861,50350.0,935.788,99.193548,7.548767,3.412378,201.4,0.16,0.16,832.0,22.0,20.0,2.4,90.91,100.0,20.0,90.91,100.0,,,0.0,,2.46,2.48,99.19,832.0,203.0,43.07,24.4,113.0,0.0,0.0,0.0,55.67,0.0,0.0,0.0,20.0,2026-04-01,4,2026,1.1420059582919562,0.27550060148069205,380.4016260162602,-98.193548,1.2202166064981945,0.014887139423076925,0.026442307692307692,5,高档
202604,6901028936477,好猫(猴王磨砂),三类烟,106.0,120.0,,,,,3.752,,,,,,,,,,,,,,,,,,,,,,,,,,,,,,,,,,,,2026-04-01,4,2026,1.1320754716981132,,,,,,,5,高档
202604,6901028075053,牡丹(软),二类烟,121.9,140.0,0.576,0.568,1.73098,30475.0,587.968,98.611111,1.112712,0.419113,121.9,0.016,0.016,832.0,2.0,2.0,0.24,100.0,100.0,2.0,100.0,100.0,,,0.0,,0.57,0.58,98.61,832.0,69.0,4.71,8.29,0.0,0.0,0.0,0.0,0.0,0.0,0.0,0.0,2.0,2026-04-01,4,2026,1.1484823625922886,0.24212469237079576,1035.1549295774648,-97.611111,-0.8101604278074866,0.0020805048076923075,0.002403846153846154,5,高档
202604,6901028065504,兰州(硬珍品),二类烟,155.0,180.0,0.16,0.16,0.62,38750.0,184.48,100.0,0.39856,0.15012,155.0,0.588,0.588,832.0,202.0,77.0,9.25,38.12,100.0,70.0,36.21,90.91,,,0.0,,0.16,0.16,100.0,832.0,20.0,1.5,2.4,0.0,0.0,0.0,0.0,0.0,0.0,0.0,0.0,2.0,2026-04-01,4,2026,1.1612903225806452,0.24212903225806454,1153.0,-99.0,0.11111111111111116,0.0007451923076923077,0.24278846153846154,5,高档
202604,6901028942911,双喜(软珍品好日子),二类烟,137.8,160.0,,,,,161.56,,,,137.8,,,832.0,,,0.0,,,,,,,,,,,,,,,,,,,,,,,,,,2026-04-01,4,2026,1.1611030478955007,,,,,,,5,高档
202604,6901028102094,贵烟(红中支),一类烟,263.0,300.0,,,,,5.208,,,,,,,,,,,,,,,,,,,,,,,,,,,,,,,,,,,,2026-04-01,4,2026,1.1406844106463878,,,,,,,5,高档
202604,6901028219174,黄鹤楼(硬奇景),一类烟,238.5,300.0,1.284,1.276,7.60815,59625.0,1378.396,99.376947,4.636683,2.096144,238.5,0.488,0.488,832.0,48.0,47.0,5.65,97.92,100.0,47.0,98.39,100.0,,,0.0,,1.28,1.28,99.38,832.0,108.0,14.47,12.98,41.0,0.0,0.0,0.0,37.96,0.0,0.0,0.0,,2026-04-01,4,2026,1.2578616352201257,0.2755129696443945,1080.2476489028213,-98.376947,-0.6869479882237488,0.009144411057692307,0.057692307692307696,5,高档
202604,6901028107297,钻石(玫瑰二代),三类烟,97.0,110.0,,,,,214.104,,,,,,,,,,,,,,,,,,,,,,,,,,,,,,,,,,,,2026-04-01,4,2026,1.134020618556701,,,,,,,4,中高档
202604,6901028159753,泰山(心悦),二类烟,139.92,160.0,1.344,1.336,4.673328,34980.0,121.428,99.404762,3.004331,1.131415,139.92,,,832.0,86.0,,0.0,0.0,,,0.0,,,,,,1.34,1.34,99.4,832.0,176.0,36.04,21.15,0.0,0.0,0.0,0.0,0.0,0.0,0.0,0.0,50.0,2026-04-01,4,2026,1.1435105774728418,0.2421004902716009,90.88922155688623,-98.404762,2.0090090090090094,0.005616980769230769,0.10336538461538461,5,高档
202604,6901028150378,泰山(望岳),一类烟,167.48,190.0,,,,,125.592,,,,,,,,,,,,,,,,,,,,,,,,,,,,,,,,,,,,2026-04-01,4,2026,1.1344638165751135,,,,,,,5,高档
202604,6901028187343,黄鹤楼(硬8度),一类烟,158.0,180.0,0.264,0.264,1.0428,39500.0,283.056,100.0,0.670421,0.252424,158.0,0.624,0.62,832.0,74.0,62.0,7.45,83.78,99.36,61.0,84.24,98.39,,,0.0,,0.26,0.26,100.0,832.0,33.0,3.41,3.97,0.0,0.0,0.0,0.0,0.0,0.0,0.0,0.0,1.0,2026-04-01,4,2026,1.139240506329114,0.24206367472190257,1072.181818181818,-99.0,-0.5510204081632653,0.0012533653846153845,0.0889423076923077,5,高档
202604,6901028062350,南京(十二钗薄荷),一类烟,188.68,220.0,0.572,0.572,2.698124,47170.0,60.704,100.0,1.644357,0.743384,188.68,8.06,8.02,832.0,639.0,613.0,73.68,95.93,99.5,609.0,96.02,99.35,,,0.0,,0.57,0.57,100.0,832.0,73.0,7.58,8.77,0.0,0.0,0.0,0.0,0.0,0.0,0.0,0.0,22.0,2026-04-01,4,2026,1.165995336018656,0.27551884198057613,106.12587412587413,-99.0,0.12598425196850394,0.0032429375,0.7680288461538461,5,高档
202604,6901028160285,黄金叶(乐途),二类烟,121.9,140.0,3.544,3.532,10.76377,30475.0,741.26,99.6614,6.919367,2.606007,121.9,3.432,3.424,832.0,452.0,428.0,51.44,94.69,99.77,428.0,94.69,100.0,,,0.0,,3.53,3.54,99.66,832.0,310.0,95.02,37.26,143.0,0.0,0.0,0.0,46.13,0.0,0.0,0.0,15.0,2026-04-01,4,2026,1.1484823625922886,0.24210913090859432,209.86976217440542,-98.6614,0.14230271668822758,0.012937223557692307,0.5432692307692307,5,高档
202604,6901028324830,红塔山(细支传奇),二类烟,155.0,180.0,0.844,0.82,3.1775,38750.0,371.124,97.156398,2.042637,0.769348,155.0,1.78,1.776,832.0,832.0,166.0,19.95,19.95,99.78,145.0,15.14,87.35,,,0.0,,0.82,0.84,97.16,832.0,116.0,51.06,13.94,0.0,0.0,0.0,0.0,0.0,0.0,0.0,0.0,66.0,2026-04-01,4,2026,1.1612903225806452,0.2421236821400472,452.59024390243906,-96.156398,0.3945578231292517,0.003819110576923077,1.0,5,高档
202604,6901028218603,黄鹤楼(硬1916如意),一类烟,763.2,900.0,1.688,1.672,31.90176,190800.0,289.156,99.052133,18.376143,9.855561,763.2,0.596,0.588,832.0,74.0,66.0,7.93,89.19,98.66,65.0,89.63,98.48,,,0.0,,1.67,1.69,99.05,832.0,152.0,14.88,18.27,42.0,0.0,0.0,0.0,27.63,0.0,0.0,0.0,,2026-04-01,4,2026,1.1792452830188678,0.3089347108121934,172.94019138755982,-98.052133,-0.24275362318840588,0.038343461538461535,0.0889423076923077,5,高档
202604,6901028218900,黄鹤楼(3mg),一类烟,424.0,500.0,0.136,0.136,1.4416,106000.0,9.008,100.0,0.83045,0.445298,424.0,1.284,1.276,832.0,143.0,108.0,12.98,75.52,99.38,104.0,69.65,96.3,,,0.0,,0.14,0.14,100.0,832.0,8.0,1.02,0.96,6.0,0.0,0.0,0.0,75.0,0.0,0.0,0.0,,2026-04-01,4,2026,1.179245283018868,0.30889150943396226,66.23529411764704,-99.0,16.0,0.0017326923076923077,0.171875,5,高档
202604,6901028155557,泰山(颜悦),一类烟,167.48,190.0,1.048,1.032,4.320984,41870.0,204.044,98.473282,2.777628,1.04619,167.48,,,832.0,,,0.0,,,,,,,,,,1.03,1.05,98.47,832.0,133.0,21.91,15.99,0.0,0.0,0.0,0.0,0.0,0.0,0.0,0.0,13.0,2026-04-01,4,2026,1.1344638165751135,0.2421184619058992,197.7170542635659,-97.473282,-0.20370370370370372,0.005193490384615385,,5,高档
202604,6901028937535,好猫(金猴王),三类烟,71.0,80.0,,,,,666.496,,,,,,,,,,,,,,,,,,,,,,,,,,,,,,,,,,,,2026-04-01,4,2026,1.1267605633802817,,,,,,,4,中高档
202604,6901028227438,龙凤呈祥(软魅力朝天门),三类烟,97.0,110.0,,,,,230.888,,,,97.0,0.416,0.412,832.0,164.0,54.0,6.49,32.93,99.04,49.0,31.4,90.74,,,0.0,,,,,,,,,,,,,,,,,,2026-04-01,4,2026,1.134020618556701,,,,,,0.1971153846153846,4,中高档
202604,6901028165242,黄金叶(爱尚),二类烟,139.92,160.0,0.732,0.712,2.490576,34980.0,218.412,97.26776,1.60111,0.602973,139.92,0.024,0.024,832.0,3.0,3.0,0.36,100.0,100.0,3.0,100.0,100.0,,,0.0,,0.71,0.73,97.27,832.0,91.0,30.65,10.94,0.0,0.0,0.0,0.0,0.0,0.0,0.0,0.0,12.0,2026-04-01,4,2026,1.1435105774728418,0.24210182704723726,306.7584269662922,-96.26776,-0.47953216374269014,0.002993480769230769,0.003605769230769231,5,高档
202604,6901028179348,黄鹤楼(软红),一类烟,227.9,260.0,5.932,5.904,33.63804,56975.0,3104.012,99.527984,20.500165,9.26795,227.9,3.072,3.044,832.0,333.0,243.0,29.21,72.97,99.09,227.0,70.59,93.42,,,0.0,,5.9,5.93,99.53,832.0,432.0,61.57,51.92,167.0,0.0,0.0,0.0,38.66,0.0,0.0,0.0,3.0,2026-04-01,4,2026,1.1408512505484862,0.2755199173316876,525.7472899728998,-98.527984,0.16312056737588665,0.040430336538461537,0.40024038461538464,5,高档
202604,6901028172936,黄金叶(乐途硬),一类烟,175.0,200.0,,,,,287.556,,,,,,,,,,,,,,,,,,,,,,,,,,,,,,,,,,,,2026-04-01,4,2026,1.1428571428571428,,,,,,,5,高档
202604,6901028180580,黄鹤楼(软蓝),一类烟,164.3,190.0,36.388,36.296,149.08582,41075.0,8738.304,99.747169,95.842047,36.092355,164.3,0.184,0.184,832.0,25.0,23.0,2.76,92.0,100.0,23.0,92.0,100.0,,,0.0,,36.3,36.39,99.75,832.0,763.0,100.07,91.71,532.0,0.0,0.0,0.0,69.72,0.0,0.0,0.0,,2026-04-01,4,2026,1.1564211807668898,0.24209113247658293,240.75115715230328,-98.747169,0.10107996602354086,0.17918968750000003,0.030048076923076924,5,高档
202604,6901028315432,红塔山(硬经典100),三类烟,97.0,110.0,,,,,1439.356,,,,97.0,0.844,0.82,832.0,748.0,116.0,13.94,15.51,97.16,89.0,13.7,76.72,,,0.0,,,,,,,,,,,,,,,,,,2026-04-01,4,2026,1.134020618556701,,,,,,0.8990384615384616,4,中高档
202604,8888075074865,建牌(薄荷紫冰),一类烟,257.75,300.0,0.004,0.0,0.0,,0.628,0.0,0.0,0.0,257.75,,,832.0,,,0.0,,,,,,,,,,,,,,,,,,,,,,,,,,2026-04-01,4,2026,1.1639185257032008,,,1.0,,0.0,,5,高档
202604,6901028252959,黄金叶(大成),一类烟,263.0,300.0,0.248,0.248,1.6306,65750.0,111.984,100.0,0.9393,0.503717,263.0,0.004,0.0,832.0,,,0.0,,0.0,,,,,,,,0.25,0.25,100.0,832.0,33.0,5.05,3.97,0.0,0.0,0.0,0.0,0.0,0.0,0.0,0.0,15.0,2026-04-01,4,2026,1.1406844106463878,0.30891512326750886,451.54838709677415,-99.0,0.631578947368421,0.0019598557692307693,,5,高档
202604,6901028092432,人民大会堂(红细支),一类烟,225.0,260.0,0.16,0.156,0.8775,56250.0,97.488,97.5,0.534807,0.241742,225.0,0.476,0.46,832.0,69.0,52.0,6.25,75.36,96.64,51.0,58.08,98.08,,,0.0,,0.16,0.16,97.5,832.0,15.0,1.71,1.8,5.0,0.0,0.0,0.0,33.33,0.0,0.0,0.0,2.0,2026-04-01,4,2026,1.1555555555555554,0.27548945868945873,624.9230769230769,-96.5,18.5,0.0010546874999999999,0.0829326923076923,5,高档
202604,6901028059114,好猫(细支长乐吉祥),一类烟,225.0,260.0,0.064,0.064,0.36,56250.0,73.016,100.0,0.219408,0.099176,225.0,0.476,0.476,832.0,204.0,61.0,7.33,29.9,100.0,58.0,29.02,95.08,,,0.0,,0.06,0.06,100.0,832.0,8.0,1.16,0.96,0.0,0.0,0.0,0.0,0.0,0.0,0.0,0.0,1.0,2026-04-01,4,2026,1.1555555555555554,0.2754888888888889,1140.875,-99.0,-0.6190476190476191,0.00043269230769230765,0.24519230769230768,5,高档
202604,6901028325257,玉溪(细支缤果爆),一类烟,225.0,260.0,0.144,0.144,0.81,56250.0,70.704,100.0,0.493687,0.223127,225.0,8.008,7.976,832.0,654.0,627.0,75.36,95.87,99.6,622.0,96.05,99.2,,,0.0,,0.14,0.14,100.0,832.0,18.0,1.5,2.16,0.0,0.0,0.0,0.0,0.0,0.0,0.0,0.0,5.0,2026-04-01,4,2026,1.1555555555555554,0.2754654320987654,491.0,-99.0,-0.4545454545454546,0.0009735576923076924,0.7860576923076923,5,高档
202604,6901028268981,娇子(宽窄锦上细支),一类烟,263.0,300.0,0.064,0.056,0.3682,65750.0,138.1,87.5,0.2121,0.113743,263.0,0.04,0.032,832.0,3.0,2.0,0.24,66.67,80.0,2.0,80.0,100.0,,,0.0,,0.06,0.06,87.5,832.0,7.0,0.55,0.84,0.0,0.0,0.0,0.0,0.0,0.0,0.0,0.0,,2026-04-01,4,2026,1.1406844106463878,0.3089163498098859,2466.0714285714284,-86.5,-0.8157894736842105,0.000442548076923077,0.003605769230769231,5,高档
202604,6901028275668,芙蓉王(硬中支),一类烟,263.0,300.0,1.648,1.64,10.783,65750.0,192.664,99.514563,6.2115,3.331043,263.0,,,832.0,,,0.0,,,,,,,,,,1.64,1.65,99.51,832.0,148.0,16.25,17.79,59.0,0.0,0.0,0.0,39.86,0.0,0.0,0.0,98.0,2026-04-01,4,2026,1.1406844106463878,0.30891616433274605,117.47804878048781,-98.514563,14.769230769230768,0.012960336538461539,,5,高档
202604,6901028271547,黄鹤楼(1916小蜜蜂),一类烟,678.4,800.0,0.392,0.392,6.64832,169600.0,29.956,100.0,3.82984,2.053639,678.4,,,832.0,,,0.0,,,,,,,,,,0.39,0.39,100.0,832.0,49.0,3.41,5.89,0.0,0.0,0.0,0.0,0.0,0.0,0.0,0.0,1.0,2026-04-01,4,2026,1.179245283018868,0.3088959316037736,76.41836734693877,-99.0,-0.5565610859728507,0.00799076923076923,,5,高档
202604,6901028268950,娇子(格调中支),一类烟,175.0,200.0,0.052,0.052,0.2275,43750.0,143.472,100.0,0.138645,0.06268,175.0,0.064,0.056,832.0,8.0,7.0,0.84,87.5,87.5,7.0,87.5,100.0,,,0.0,,0.05,0.05,100.0,832.0,7.0,0.48,0.84,0.0,0.0,0.0,0.0,0.0,0.0,0.0,0.0,,2026-04-01,4,2026,1.1428571428571428,0.2755164835164835,2759.0769230769233,-99.0,5.5,0.0002734375,0.009615384615384616,5,高档
202604,6901028271004,黄鹤楼(冰咖),一类烟,225.0,260.0,0.868,0.86,4.8375,56250.0,,,,,225.0,0.392,0.392,832.0,50.0,49.0,5.89,98.0,100.0,49.0,98.0,100.0,,,0.0,,0.86,0.87,99.08,832.0,85.0,8.74,10.22,15.0,0.0,0.0,0.0,17.65,0.0,0.0,0.0,61.0,2026-04-01,4,2026,1.1555555555555554,,,,14.357142857142856,0.005814302884615385,0.06009615384615385,5,高档
202605,6901028080521,钻石(细支荷花),一类烟,360.4,420.0,0.204,0.2,1.802,90100.0,74.624,98.039216,1.03805,0.55665,360.4,0.784,0.78,830.0,827.0,99.0,11.93,11.97,99.49,76.0,10.94,76.77,,,0.0,,0.2,0.2,98.04,830.0,25.0,1.69,3.01,0.0,0.0,0.0,0.0,0.0,0.0,0.0,0.0,14.0,2026-05-01,5,2026,1.165371809100999,0.3089067702552719,373.11999999999995,-97.039216,,0.0021710843373493978,0.9963855421686747,5,高档
202605,6901028114455,苏烟(软金砂),一类烟,381.6,450.0,,,,,0.0,,,,,,,,,,,,,,,,,,,,,,,,,,,,,,,,,,,,2026-05-01,5,2026,1.1792452830188678,,,,,,,5,高档
202605,6901028138536,七匹狼(软灰),一类烟,185.5,210.0,0.784,0.78,3.61725,46375.0,150.428,99.489796,2.20452,0.9966,185.5,5.812,5.808,830.0,825.0,728.0,87.71,88.24,99.93,724.0,88.0,99.45,,,0.0,,0.78,0.78,99.49,830.0,99.0,53.84,11.93,11.0,0.0,0.0,0.0,11.11,0.0,0.0,0.0,78.0,2026-05-01,5,2026,1.1320754716981132,0.27551316607920384,192.85641025641024,-98.489796,6.8,0.004358132530120482,0.9939759036144579,5,高档
202605,6901028180009,黄鹤楼(软珍品),一类烟,530.0,650.0,1.428,1.412,18.709,132500.0,622.556,98.879552,10.777443,5.779175,530.0,30.472,30.4,830.0,830.0,781.0,94.1,94.1,99.76,755.0,88.0,96.67,,,0.0,,1.41,1.43,98.88,830.0,97.0,11.78,11.69,45.0,0.0,0.0,0.0,46.39,0.0,0.0,0.0,,2026-05-01,5,2026,1.2264150943396226,0.3088981238975894,440.9036827195468,-97.879552,-0.5361366622864652,0.022540963855421686,1.0,5,高档
202605,6901028084925,长城(醇雅薄荷),一类烟,158.4,180.0,0.2052,0.198,0.8712,44000.0,287.5428,96.491228,0.5247,0.24629,158.4,,,830.0,,,,,,,,,,,,,0.2,0.21,96.49,830.0,44.0,77.76,5.3,11.0,0.0,0.0,0.0,25.0,0.0,0.0,0.0,8.0,2026-05-01,5,2026,1.1363636363636362,0.28270202020202023,1452.2363636363636,-95.491228,0.2790697674418605,0.0010496385542168674,,5,高档
202605,6901028133333,金圣(青瓷细支),一类烟,225.0,260.0,,,,,25.868,,,,225.0,2.956,2.928,830.0,429.0,367.0,44.22,85.55,99.05,365.0,85.31,99.46,,,0.0,,,,,,,,,,,,,,,,,,2026-05-01,5,2026,1.1555555555555554,,,,,,0.516867469879518,5,高档
202605,6901028159548,泰山(硬红八喜),三类烟,57.24,65.0,0.008,0.0,0.0,,306.492,0.0,0.0,0.0,57.24,1.188,1.188,830.0,620.0,156.0,18.8,25.16,100.0,141.0,23.95,90.38,,,0.0,,,,,,,,,,,,,,,,,,2026-05-01,5,2026,1.1355695317959469,,,1.0,,0.0,0.7469879518072289,3,中档
202605,6901028018630,中华(金中支),一类烟,678.4,800.0,,,,,16.368,,,,678.4,0.048,0.048,830.0,6.0,6.0,0.72,100.0,100.0,6.0,100.0,100.0,,,0.0,,,,,,,,,,,,,,,,,,2026-05-01,5,2026,1.179245283018868,,,,,,0.007228915662650603,5,高档
202605,6901028104241,哈尔滨(老巴夺),三类烟,97.0,110.0,,,,,0.0,,,,,,,,,,,,,,,,,,,,,,,,,,,,,,,,,,,,2026-05-01,5,2026,1.134020618556701,,,,,,,4,中高档
202605,6901028075015,中华(硬),一类烟,381.6,450.0,3.56,3.544,33.80976,95400.0,635.168,99.550562,19.476052,10.444168,381.6,2.66,2.648,830.0,590.0,257.0,30.96,43.56,99.55,241.0,43.96,93.77,,,0.0,,3.54,3.56,99.55,830.0,359.0,43.32,43.25,94.0,0.0,0.0,0.0,26.18,0.0,0.0,0.0,26.0,2026-05-01,5,2026,1.1792452830188678,0.3089098532494759,179.2234762979684,-98.550562,0.49158249158249157,0.04073465060240963,0.7108433734939759,5,高档
202605,6901028224642,金圣(青瓷),一类烟,158.0,180.0,1.632,1.62,6.399,39500.0,461.084,99.264706,4.113585,1.549318,158.0,0.308,0.304,830.0,163.0,41.0,4.94,25.15,98.7,35.0,23.31,85.37,,,0.0,,1.62,1.63,99.26,830.0,172.0,56.5,20.72,40.0,0.0,0.0,0.0,23.26,0.0,0.0,0.0,7.0,2026-05-01,5,2026,1.139240506329114,0.24211876855758713,284.61975308641973,-98.264706,0.7234042553191491,0.007709638554216867,0.1963855421686747,5,高档
202605,6901028164177,红旗渠(雪茄),四类烟,44.5,50.0,,,,,0.0,,,,44.5,4.884,4.84,830.0,676.0,383.0,46.14,56.66,99.1,360.0,50.33,93.99,,,0.0,,0.02,0.02,100.0,830.0,3.0,0.0,0.36,0.0,0.0,0.0,0.0,0.0,0.0,0.0,0.0,3.0,2026-05-01,5,2026,1.1235955056179776,,,,,,0.8144578313253013,3,中档
202605,6901028191142,白沙(硬),三类烟,71.0,80.0,,,,,233.36,,,,71.0,0.048,0.048,830.0,6.0,6.0,0.72,100.0,100.0,6.0,100.0,100.0,,,0.0,,,,,,,,,,,,,,,,,,2026-05-01,5,2026,1.1267605633802817,,,,,,0.007228915662650603,4,中高档
202605,6901028013611,真龙(海韵),一类烟,445.2,500.0,,,,,6.456,,,,,,,,,,,,,,,,,,,,,,,,,,,,,,,,,,,,2026-05-01,5,2026,1.1230907457322552,,,,,,,5,高档
202605,6901028058148,好猫(细支长乐),二类烟,139.92,160.0,1.132,1.128,3.945744,34980.0,403.676,99.646643,2.536625,0.955231,139.92,0.056,0.052,830.0,33.0,7.0,0.84,21.21,92.86,6.0,19.7,85.71,,,0.0,,1.13,1.13,99.65,830.0,135.0,72.33,16.27,15.0,0.0,0.0,0.0,11.11,0.0,0.0,0.0,30.0,2026-05-01,5,2026,1.1435105774728418,0.24209147881869683,357.8687943262412,-98.646643,0.5494505494505493,0.00475390843373494,0.03975903614457831,5,高档
202605,6901028242066,黄鹤楼(硬峡谷情),一类烟,339.2,400.0,0.088,0.064,0.54272,84800.0,183.984,72.727273,0.312669,0.167611,339.2,0.476,0.472,830.0,60.0,50.0,6.02,83.33,99.16,50.0,84.29,100.0,,,0.0,,0.06,0.09,72.73,830.0,8.0,0.6,0.96,0.0,0.0,0.0,0.0,0.0,0.0,0.0,0.0,,2026-05-01,5,2026,1.179245283018868,0.30883512676886793,2874.75,-71.727273,-0.5789473684210527,0.0006538795180722892,0.07228915662650602,5,高档
202605,6901028936996,好猫(招财猫1600),一类烟,158.0,180.0,,,,,177.704,,,,,,,,,,,,,,,,,,,,,,,,,,,,,,,,,,,,2026-05-01,5,2026,1.139240506329114,,,,,,,5,高档
202605,6901028025645,娇子(时代阳光),三类烟,71.0,80.0,0.004,0.0,0.0,,379.876,0.0,0.0,0.0,71.0,0.16,0.16,830.0,829.0,29.0,3.49,3.5,100.0,29.0,3.11,100.0,,,0.0,,,,,,,,,,,,,,,,,,2026-05-01,5,2026,1.1267605633802817,,,1.0,,0.0,0.9987951807228915,4,中高档
202605,4891132530116,红双喜(南洋经典),三类烟,67.95,80.0,0.008,0.0,0.0,,0.54,0.0,0.0,0.0,67.95,,,830.0,,,,,,,,,,,,,,,,,,,,,,,,,,,,,2026-05-01,5,2026,1.177336276674025,,,1.0,,0.0,,4,中高档
202605,6901028071475,中南海(5mg),二类烟,114.5,130.0,0.624,0.616,1.7633,28625.0,174.584,98.717949,1.13344,0.426973,114.5,0.12,0.12,830.0,163.0,15.0,1.81,9.2,100.0,13.0,8.57,86.67,,,0.0,,0.62,0.62,98.72,830.0,79.0,51.54,9.52,6.0,0.0,0.0,0.0,7.59,0.0,0.0,0.0,43.0,2026-05-01,5,2026,1.1353711790393013,0.24214427493903476,283.4155844155844,-97.717949,2.4222222222222225,0.0021244578313253013,0.1963855421686747,5,高档
202605,6901028075022,中华(软),一类烟,583.0,700.0,2.66,2.648,38.5946,145750.0,280.488,99.548872,22.233093,11.921473,583.0,,,830.0,,,,,,,,,,,,,2.65,2.66,99.55,830.0,257.0,45.5,30.96,85.0,0.0,0.0,0.0,33.07,0.0,0.0,0.0,45.0,2026-05-01,5,2026,1.2006861063464838,0.30888966332077544,105.92447129909365,-98.548872,0.3510204081632653,0.04649951807228916,,5,高档
202605,6901028107150,钻石(双中支荷花),一类烟,381.6,450.0,,,,,5.224,,,,,,,,,,,,,,,,,,,,,,,,,,,,,,,,,,,,2026-05-01,5,2026,1.1792452830188678,,,,,,,5,高档
202605,6901028179270,红金龙(软精品),三类烟,90.1,110.0,23.712,23.604,53.16801,22525.0,2347.644,99.544534,34.178811,12.872809,90.1,73.9,73.796,830.0,830.0,819.0,98.67,98.67,99.86,805.0,93.15,98.29,,,0.0,,23.62,23.72,99.54,830.0,826.0,100.0,99.52,813.0,3.0,0.0,0.0,98.43,0.36,0.0,0.0,1.0,2026-05-01,5,2026,1.2208657047724751,0.2421156819674086,99.45958312150482,-98.544534,-0.5835568101623148,0.06405784337349398,1.0,4,中高档
202605,6901028118828,利群(长嘴),一类烟,190.8,220.0,0.248,0.248,1.18296,47700.0,393.888,100.0,0.720945,0.325925,190.8,0.04,0.04,830.0,6.0,5.0,0.6,83.33,100.0,5.0,83.33,100.0,,,0.0,,0.25,0.25,100.0,830.0,25.0,3.38,3.01,6.0,0.0,0.0,0.0,24.0,0.0,0.0,0.0,,2026-05-01,5,2026,1.1530398322851152,0.27551650098059105,1588.258064516129,-99.0,-0.6025641025641026,0.0014252530120481928,0.007228915662650603,5,高档
202605,6901028314459,玉溪(硬和谐),一类烟,339.2,400.0,,,,,0.004,,,,,,,,,,,,,,,,,,,,,,,,,,,,,,,,,,,,2026-05-01,5,2026,1.179245283018868,,,,,,,5,高档
202605,6901028062015,苏烟(五星红杉树),一类烟,188.68,220.0,4.476,4.42,20.84914,47170.0,204.408,98.748883,12.706396,5.744231,188.68,,,830.0,,,,,,,,,,,,,4.42,4.48,98.75,830.0,258.0,100.0,31.08,128.0,0.0,0.0,0.0,49.61,0.0,0.0,0.0,9.0,2026-05-01,5,2026,1.165995336018656,0.2755140499799992,46.246153846153845,-97.748883,1.4943566591422122,0.025119445783132528,,5,高档
202605,6901028227285,天子(金),一类烟,167.48,200.0,2.316,2.148,8.993676,41870.0,1144.216,92.746114,5.782618,2.176259,167.48,0.216,0.216,830.0,76.0,28.0,3.37,36.84,100.0,26.0,35.53,92.86,,,0.0,,2.17,2.34,92.81,830.0,194.0,100.0,23.37,93.0,1.0,0.0,0.0,47.94,0.52,0.0,0.0,22.0,2026-05-01,5,2026,1.1941724385001196,0.24197658443555226,532.6890130353817,-91.746114,2.653061224489796,0.010835754216867471,0.09156626506024096,5,高档
202605,8888075056014,555 (金天越),二类烟,119.09,140.0,,,,,3.36,,,,119.09,,,830.0,,,,,,,,,,,,,,,,,,,,,,,,,,,,,2026-05-01,5,2026,1.175581492988496,,,,,,,5,高档
202605,6901028314985,红塔山(硬经典),三类烟,75.0,85.0,5.276,5.256,9.855,18750.0,300.584,99.620925,6.334794,2.386224,75.0,,,830.0,,,,,,,,,,,,,5.26,5.28,99.62,830.0,660.0,42.05,79.52,0.0,0.0,0.0,0.0,0.0,0.0,0.0,0.0,1.0,2026-05-01,5,2026,1.1333333333333333,0.2421333333333333,57.18873668188736,-98.620925,inf,0.011873493975903615,,4,中高档
202605,6901028936750,好猫(长乐),二类烟,121.9,140.0,1.496,1.204,3.66919,30475.0,123.352,80.481283,2.358659,0.888391,121.9,0.892,0.732,830.0,830.0,82.0,9.88,9.88,82.06,58.0,5.53,70.73,,,0.0,,1.2,1.5,80.48,830.0,130.0,100.0,15.66,33.0,0.0,0.0,0.0,25.38,0.0,0.0,0.0,23.0,2026-05-01,5,2026,1.1484823625922886,0.24212183070377932,102.45182724252493,-79.481283,1.5294117647058822,0.004420710843373494,1.0,5,高档
202605,6901028211352,七匹狼(纯境),二类烟,143.1,160.0,4.916,4.896,17.51544,35775.0,314.88,99.593165,11.259753,4.240399,143.1,0.884,0.884,830.0,163.0,106.0,12.77,65.03,100.0,103.0,65.38,97.17,,,0.0,,4.9,4.92,99.59,830.0,418.0,35.77,50.36,160.0,0.0,0.0,0.0,38.28,0.0,0.0,0.0,1.0,2026-05-01,5,2026,1.1180992313067786,0.24209491739859232,64.31372549019608,-98.593165,0.5338345864661653,0.021102939759036148,0.1963855421686747,5,高档
202605,6901028190602,黄鹤楼(软雪之景),二类烟,121.9,140.0,8.068,8.036,24.48971,30475.0,215.92,99.603371,15.742539,5.929553,121.9,0.264,0.26,830.0,44.0,33.0,3.98,75.0,98.48,32.0,73.86,96.97,,,0.0,,8.04,8.07,99.6,830.0,722.0,68.82,86.99,287.0,1.0,0.0,0.0,39.75,0.14,0.0,0.0,2.0,2026-05-01,5,2026,1.1484823625922886,0.24212426361929157,26.869089099054257,-98.603371,0.9298751200768491,0.02950567469879518,0.05301204819277108,5,高档
202605,6901028224079,金圣(滕王阁·紫光),二类烟,129.3,150.0,2.804,2.792,9.02514,32325.0,542.74,99.57204,5.801784,2.185067,129.3,1.632,1.62,830.0,827.0,172.0,20.72,20.8,99.26,159.0,21.66,92.44,,,0.0,,2.79,2.8,99.57,830.0,256.0,77.76,30.84,107.0,0.0,0.0,0.0,41.8,0.0,0.0,0.0,32.0,2026-05-01,5,2026,1.160092807424594,0.2421089312741963,194.39111747851004,-98.57204,1.1215805471124618,0.01087366265060241,0.9963855421686747,5,高档
202605,6901028942881,双喜(硬精品好日子),三类烟,93.28,110.0,0.008,0.0,0.0,,10.528,0.0,0.0,0.0,93.28,,,830.0,,,,,,,,,,,,,,,,,,,,,,,,,,,,,2026-05-01,5,2026,1.179245283018868,,,1.0,,0.0,,4,中高档
202605,6901028145077,娇子(宽窄好运细支),一类烟,225.0,260.0,0.568,0.548,3.0825,56250.0,285.66,96.478873,1.878682,0.8492,225.0,,,830.0,,,,,,,,,,,,,0.55,0.57,96.48,830.0,75.0,50.15,9.04,0.0,0.0,0.0,0.0,0.0,0.0,0.0,0.0,9.0,2026-05-01,5,2026,1.1555555555555554,0.2754906731549067,521.2773722627737,-95.478873,0.3700000000000001,0.003713855421686747,,5,高档
202605,6901028219174,黄鹤楼(硬奇景),一类烟,238.5,300.0,2.36,2.348,13.99995,59625.0,1141.976,99.491525,8.532047,3.857175,238.5,0.564,0.56,830.0,75.0,70.0,8.43,93.33,99.29,70.0,93.33,100.0,,,0.0,,2.35,2.36,99.49,830.0,233.0,32.81,28.07,67.0,0.0,0.0,0.0,28.76,0.0,0.0,0.0,1.0,2026-05-01,5,2026,1.2578616352201257,0.2755134839767285,486.36115843270875,-98.491525,0.8401253918495297,0.016867409638554216,0.09036144578313253,5,高档
202605,6901028159753,泰山(心悦),二类烟,139.92,160.0,1.188,1.188,4.155624,34980.0,85.992,100.0,2.671515,1.00608,139.92,,,830.0,,,,,,,,,,,,,1.19,1.19,100.0,830.0,156.0,37.46,18.8,0.0,0.0,0.0,0.0,0.0,0.0,0.0,0.0,25.0,2026-05-01,5,2026,1.1435105774728418,0.2421008252912198,72.3838383838384,-99.0,-0.1107784431137725,0.005006775903614458,,5,高档
202605,6901028107297,钻石(玫瑰二代),三类烟,97.0,110.0,,,,,79.176,,,,,,,,,,,,,,,,,,,,,,,,,,,,,,,,,,,,2026-05-01,5,2026,1.134020618556701,,,,,,,4,中高档
202605,6901028181815,红金龙(硬蓝爱你),三类烟,97.0,110.0,1.088,1.064,2.5802,24250.0,738.9,97.794118,1.658517,0.624827,97.0,8.892,8.844,830.0,830.0,709.0,85.42,85.42,99.46,700.0,87.05,98.73,,,0.0,,1.06,1.09,97.79,830.0,133.0,8.04,16.02,0.0,0.0,0.0,0.0,0.0,0.0,0.0,0.0,,2026-05-01,5,2026,1.134020618556701,0.24216223548562127,694.4548872180451,-96.794118,-0.4844961240310077,0.0031086746987951806,1.0,4,中高档
202605,6901028136891,金圣(硬红·十二生肖),三类烟,61.5,70.0,,,,,295.832,,,,,,,,,,,,,,,,,,,,,,,,,,,,,,,,,,,,2026-05-01,5,2026,1.1382113821138211,,,,,,,3,中档
202605,6901028000833,双喜(软经典),三类烟,97.0,110.0,0.052,0.0,0.0,,691.264,0.0,0.0,0.0,97.0,1.616,1.516,830.0,830.0,106.0,12.77,12.77,93.81,68.0,3.82,64.15,,,0.0,,,,,,,,,,,,,,,,,,2026-05-01,5,2026,1.134020618556701,,,1.0,-1.0,0.0,1.0,4,中高档
202605,6901028180818,黄鹤楼(天下名楼),二类烟,139.92,160.0,2.556,2.5,8.745,34980.0,850.564,97.809077,5.621907,2.117126,139.92,4.692,4.66,830.0,618.0,544.0,65.54,88.03,99.32,538.0,87.99,98.9,,,0.0,,2.5,2.56,97.81,830.0,199.0,33.05,23.98,99.0,0.0,0.0,0.0,49.75,0.0,0.0,0.0,5.0,2026-05-01,5,2026,1.1435105774728418,0.24209559748427673,340.2256,-96.809077,1.8409090909090908,0.010536144578313252,0.744578313253012,5,高档
202605,6901028178259,黄鹤楼(1916中支),一类烟,1000.0,1200.0,,,,,3.404,,,,1000.0,0.1,0.096,830.0,16.0,12.0,1.45,75.0,96.0,12.0,75.0,100.0,,,0.0,,,,,,,,,,,,,,,,,,2026-05-01,5,2026,1.2,,,,,,0.01927710843373494,5,高档
202605,6901028098335,长白山(蓝尚),一类烟,158.0,180.0,0.484,0.48,1.896,39500.0,93.328,99.173554,1.21884,0.459058,158.0,0.228,0.22,830.0,830.0,21.0,2.53,2.53,96.49,12.0,1.11,57.14,,,0.0,,0.48,0.48,99.17,830.0,62.0,5.98,7.47,0.0,0.0,0.0,0.0,0.0,0.0,0.0,0.0,1.0,2026-05-01,5,2026,1.139240506329114,0.2421191983122363,194.43333333333334,-98.173554,0.04347826086956519,0.0022843373493975903,1.0,5,高档
202605,6901028104302,龙烟(老巴夺传琦),一类烟,225.0,260.0,0.228,0.22,1.2375,56250.0,123.704,96.491228,0.754215,0.340922,225.0,0.048,0.048,830.0,6.0,6.0,0.72,100.0,100.0,6.0,100.0,100.0,,,0.0,,0.22,0.23,96.49,830.0,21.0,100.0,2.53,6.0,0.0,0.0,0.0,28.57,0.0,0.0,0.0,2.0,2026-05-01,5,2026,1.1555555555555554,0.27549252525252527,562.290909090909,-95.491228,1.1999999999999997,0.0014909638554216867,0.007228915662650603,5,高档
202605,6901028084321,娇子(软阳光),三类烟,88.0,100.0,16.132,16.104,35.4288,22000.0,583.192,99.826432,22.775082,8.577396,88.0,3.072,2.796,830.0,830.0,261.0,31.45,31.45,91.02,234.0,21.12,89.66,,,0.0,,16.1,16.13,99.83,830.0,744.0,72.33,89.64,307.0,0.0,0.0,0.0,41.26,0.0,0.0,0.0,2.0,2026-05-01,5,2026,1.1363636363636365,0.24210235740414576,36.21410829607551,-98.826432,,0.04268530120481928,1.0,4,中高档
202605,6901028188081,黄鹤楼(硬银紫),二类烟,114.5,130.0,3.188,3.188,9.12565,28625.0,656.704,100.0,5.865989,2.209615,114.5,0.004,0.0,830.0,,,0.0,,0.0,,,,,,,,3.19,3.19,100.0,830.0,400.0,28.88,48.19,0.0,0.0,0.0,0.0,0.0,0.0,0.0,0.0,5.0,2026-05-01,5,2026,1.1353711790393013,0.242132341257883,205.99247176913423,-99.0,-0.45929443690637717,0.010994759036144578,,5,高档
202605,6901028095891,黄果树(长征),三类烟,61.5,70.0,0.004,0.0,0.0,,111.284,0.0,0.0,0.0,61.5,1.056,1.044,830.0,277.0,135.0,16.27,48.74,98.86,126.0,47.11,93.33,,,0.0,,,,,,,,,,,,,,,,,,2026-05-01,5,2026,1.1382113821138211,,,1.0,,0.0,0.3337349397590361,3,中档
202605,6901028123266,黄山(硬记忆),三类烟,88.0,100.0,,,,,64.24,,,,,,,,,,,,,,,,,,,,,,,,,,,,,,,,,,,,2026-05-01,5,2026,1.1363636363636365,,,,,,,4,中高档
202605,6901028046893,云烟(紫),二类烟,114.5,130.0,5.896,5.868,16.79715,28625.0,1020.356,99.525102,10.797173,4.067212,114.5,0.04,0.04,830.0,6.0,5.0,0.6,83.33,100.0,5.0,83.33,100.0,,,0.0,,5.87,5.9,99.53,830.0,501.0,72.93,60.36,240.0,0.0,0.0,0.0,47.9,0.0,0.0,0.0,3.0,2026-05-01,5,2026,1.1353711790393013,0.24213702919840568,173.88479890933877,-98.525102,-0.26796407185628734,0.020237530120481927,0.007228915662650603,5,高档
202605,6901028084772,娇子(格调细支),二类烟,129.3,150.0,3.072,2.796,9.03807,32325.0,742.38,91.015625,5.810128,2.188159,129.3,0.568,0.548,830.0,830.0,75.0,9.04,9.04,96.48,62.0,8.25,82.67,,,0.0,,2.8,3.07,91.02,830.0,261.0,100.0,31.45,109.0,0.0,0.0,0.0,41.76,0.0,0.0,0.0,29.0,2026-05-01,5,2026,1.160092807424594,0.24210467500251717,265.51502145922746,-90.015625,1.7093023255813953,0.01088924096385542,1.0,5,高档
202605,6901028125888,黄山(徽商新视界细支),一类烟,678.4,800.0,,,,,0.0,,,,,,,,,,,,,,,,,,,,,,,,,,,,,,,,,,,,2026-05-01,5,2026,1.179245283018868,,,,,,,5,高档
202605,6901028181457,黄鹤楼(硬峡谷柔情),一类烟,263.0,300.0,4.692,4.66,30.6395,65750.0,423.156,99.317988,17.650384,9.464365,263.0,,,830.0,,,,,,,,,,,,,4.66,4.69,99.32,830.0,544.0,37.34,65.54,0.0,0.0,0.0,0.0,0.0,0.0,0.0,0.0,2.0,2026-05-01,5,2026,1.1406844106463878,0.3088942378302518,90.80600858369098,-98.317988,-0.053614947197400564,0.03691506024096386,,5,高档
202605,6901028225175,黄山(新制皖烟),二类烟,121.9,140.0,6.132,6.016,18.33376,30475.0,947.46,98.108284,11.785853,4.438562,121.9,,,830.0,,,,,,,,,,,,,6.02,6.13,98.11,830.0,387.0,100.0,46.63,195.0,0.0,0.0,0.0,50.39,0.0,0.0,0.0,10.0,2026-05-01,5,2026,1.1484823625922886,0.24209774754332988,157.4900265957447,-97.108284,-0.04020421186981493,0.02208886746987952,,5,高档
202605,6901028009805,双喜(百年经典),一类烟,175.0,200.0,0.1,0.092,0.4025,43750.0,203.244,92.0,0.245321,0.11088,175.0,0.224,0.22,830.0,830.0,19.0,2.29,2.29,98.21,12.0,1.11,63.16,,,0.0,,0.09,0.1,92.0,830.0,20.0,77.76,2.41,3.0,0.0,0.0,0.0,15.0,0.0,0.0,0.0,4.0,2026-05-01,5,2026,1.1428571428571428,0.27547826086956523,2209.1739130434785,-91.0,0.2777777777777779,0.00048493975903614463,1.0,5,高档
202605,6901028204835,芙蓉王(硬中支),一类烟,263.0,300.0,,,,,11.084,,,,263.0,0.312,0.312,830.0,44.0,39.0,4.7,88.64,100.0,39.0,88.64,100.0,,,0.0,,,,,,,,,,,,,,,,,,2026-05-01,5,2026,1.1406844106463878,,,,,,0.05301204819277108,5,高档
202605,6901028124058,黄山(黑马细支),一类烟,225.0,260.0,0.54,0.504,2.835,56250.0,201.38,93.333333,1.727838,0.781018,225.0,0.464,0.46,830.0,129.0,43.0,5.18,33.33,99.14,37.0,25.33,86.05,,,0.0,,0.5,0.54,93.33,830.0,32.0,100.0,3.86,13.0,0.0,0.0,0.0,40.63,0.0,0.0,0.0,3.0,2026-05-01,5,2026,1.1555555555555554,0.2754913580246914,399.56349206349205,-92.333333,0.10526315789473673,0.0034156626506024095,0.15542168674698795,5,高档
202605,6901028339957,云烟(细支云龙),二类烟,129.3,150.0,7.28,7.248,23.42916,32325.0,2185.7,99.56044,15.062133,5.671655,129.3,5.276,5.256,830.0,696.0,660.0,79.52,94.83,99.62,654.0,94.4,99.09,,,0.0,,7.28,7.31,99.56,830.0,465.0,82.72,56.02,233.0,2.0,0.0,0.0,50.11,0.43,0.0,0.0,12.0,2026-05-01,5,2026,1.160092807424594,0.2420767539254502,301.5590507726269,-98.56044,0.696629213483146,0.02822790361445783,0.8385542168674699,5,高档
202605,6901028111270,南京(炫赫门),二类烟,155.0,180.0,8.608,8.58,33.2475,38750.0,436.816,99.674721,21.372851,8.05008,155.0,0.048,0.048,830.0,10.0,6.0,0.72,60.0,100.0,6.0,60.0,100.0,,,0.0,,8.58,8.61,99.67,830.0,711.0,69.61,85.66,328.0,0.0,0.0,0.0,46.13,0.0,0.0,0.0,13.0,2026-05-01,5,2026,1.1612903225806452,0.24212587412587408,50.910955710955704,-98.674721,0.06982543640897765,0.04005722891566265,0.012048192771084338,5,高档
202605,6901028102094,贵烟(红中支),一类烟,263.0,300.0,,,,,1.98,,,,,,,,,,,,,,,,,,,,,,,,,,,,,,,,,,,,2026-05-01,5,2026,1.1406844106463878,,,,,,,5,高档
202605,6901028218757,黄鹤楼(硬蓝),一类烟,175.0,200.0,0.348,0.348,1.5225,43750.0,255.012,100.0,0.927855,0.419474,175.0,0.004,0.004,830.0,,1.0,0.12,,100.0,1.0,,100.0,,,0.0,,0.35,0.35,100.0,830.0,43.0,2.66,5.18,0.0,0.0,0.0,0.0,0.0,0.0,0.0,0.0,1.0,2026-05-01,5,2026,1.1428571428571428,0.27551658456486045,732.7931034482759,-99.0,-0.5396825396825398,0.0018343373493975904,,5,高档
202605,6901028100274,长白山(777),二类烟,121.9,150.0,,,,,6.26,,,,,,,,,,,,,,,,,,,,,,,,,,,,,,,,,,,,2026-05-01,5,2026,1.2305168170631664,,,,,,,5,高档
202605,6901028162876,黄金叶(喜满堂),三类烟,88.0,100.0,7.976,7.952,17.4944,22000.0,510.056,99.699097,11.246229,4.235322,88.0,1.548,1.508,830.0,827.0,119.0,14.34,14.39,97.42,98.0,8.3,82.35,,,0.0,,7.97,8.0,99.7,830.0,776.0,63.81,93.49,219.0,2.0,0.0,0.0,28.22,0.26,0.0,0.0,1.0,2026-05-01,5,2026,1.1363636363636365,0.24209587067861718,64.14185110663983,-98.699097,1.3224299065420562,0.021077590361445783,0.9963855421686747,4,中高档
202605,6901028324830,红塔山(细支传奇),二类烟,155.0,180.0,1.076,1.032,3.999,38750.0,360.996,95.910781,2.570733,0.968253,155.0,1.944,1.924,830.0,830.0,155.0,18.67,18.67,98.97,136.0,11.89,87.74,,,0.0,,1.03,1.08,95.91,830.0,114.0,100.0,13.73,33.0,0.0,0.0,0.0,28.95,0.0,0.0,0.0,36.0,2026-05-01,5,2026,1.1612903225806452,0.24212378094523632,349.80232558139534,-94.910781,0.25853658536585367,0.004818072289156626,1.0,5,高档
202605,6901028160285,黄金叶(乐途),二类烟,121.9,140.0,4.18,4.092,12.47037,30475.0,794.008,97.894737,8.016607,3.019023,121.9,7.996,7.972,830.0,827.0,776.0,93.49,93.83,99.7,776.0,94.37,100.0,,,0.0,,4.09,4.18,97.89,830.0,270.0,100.0,32.53,128.0,0.0,0.0,0.0,47.41,0.0,0.0,0.0,11.0,2026-05-01,5,2026,1.1484823625922886,0.24209570365594602,194.039100684262,-96.894737,0.1585503963759909,0.0150245421686747,0.9963855421686747,5,高档
202605,6901028180634,红金龙(软虹之彩),五类烟,19.08,25.0,0.008,0.0,0.0,,0.0,0.0,0.0,0.0,19.08,1.088,1.064,830.0,133.0,133.0,16.02,100.0,97.79,133.0,100.0,100.0,,,0.0,,,,,,,,,,,,,,,,,,2026-05-01,5,2026,1.310272536687631,,,1.0,,0.0,0.1602409638554217,2,中低档
202605,6901028077910,钻石(软荷花),一类烟,339.2,400.0,0.048,0.048,0.40704,84800.0,70.288,100.0,0.23448,0.12573,339.2,3.672,3.656,830.0,489.0,434.0,52.29,88.75,99.56,427.0,88.39,98.39,,,0.0,,0.05,0.05,100.0,830.0,6.0,0.36,0.72,0.0,0.0,0.0,0.0,0.0,0.0,0.0,0.0,,2026-05-01,5,2026,1.179245283018868,0.3088885613207547,1464.3333333333333,-99.0,-0.7142857142857143,0.0004904096385542169,0.5891566265060241,5,高档
202605,6901028145473,娇子(五粮浓香中支),一类烟,424.0,500.0,,,,,63.66,,,,424.0,0.476,0.476,830.0,164.0,66.0,7.95,40.24,100.0,53.0,36.28,80.3,,,0.0,,,,,,,,,,,,,,,,,,2026-05-01,5,2026,1.179245283018868,,,,,,0.19759036144578312,5,高档
202605,6901028042963,娇子(五粮醇香),一类烟,201.4,230.0,,,,,257.728,,,,201.4,16.132,16.104,830.0,830.0,744.0,89.64,89.64,99.83,729.0,87.37,97.98,,,0.0,,0.02,0.02,100.0,830.0,1.0,0.0,0.12,0.0,0.0,0.0,0.0,0.0,0.0,0.0,0.0,1.0,2026-05-01,5,2026,1.1420059582919562,,,,,,1.0,5,高档
202605,6901028180603,红金龙(硬神州腾龙),三类烟,57.24,65.0,73.9,73.796,105.602076,14310.0,6010.808,99.859269,67.892332,25.56106,57.24,0.008,0.0,830.0,,,0.0,,0.0,,,,,,,,73.8,73.9,99.86,830.0,819.0,100.0,98.67,789.0,0.0,0.0,0.0,96.34,0.0,0.0,0.0,1.0,2026-05-01,5,2026,1.1355695317959469,0.24205073392685955,81.45167759770176,-98.859269,0.29412177328844,0.1272314168674699,,3,中档
202605,6901028080224,钻石(硬特醇),四类烟,44.5,50.0,,,,,728.096,,,,,,,,,,,,,,,,,,,,,,,,,,,,,,,,,,,,2026-05-01,5,2026,1.1235955056179776,,,,,,,3,中档
202605,6901028184304,黄鹤楼(硬平安),一类烟,720.8,1000.0,0.552,0.544,9.80288,180200.0,247.292,98.550725,5.647006,3.028096,720.8,32.084,31.952,830.0,830.0,802.0,96.63,96.63,99.59,779.0,91.44,97.13,,,0.0,,0.54,0.55,98.55,830.0,70.0,5.2,8.43,0.0,0.0,0.0,0.0,0.0,0.0,0.0,0.0,10.0,2026-05-01,5,2026,1.3873473917869035,0.3088986093882614,454.58088235294116,-97.550725,0.44680851063829796,0.011810698795180723,1.0,5,高档
202605,6901028187343,黄鹤楼(硬8度),一类烟,158.0,180.0,1.908,1.888,7.4576,39500.0,423.092,98.951782,4.794311,1.805422,158.0,0.048,0.048,830.0,6.0,6.0,0.72,100.0,100.0,6.0,100.0,100.0,,,0.0,,1.9,1.92,98.96,830.0,205.0,28.64,24.7,39.0,1.0,0.0,0.0,19.02,0.49,0.0,0.0,1.0,2026-05-01,5,2026,1.139240506329114,0.24209155760566403,224.09533898305085,-97.951782,6.1515151515151505,0.008985060240963856,0.007228915662650603,5,高档
202605,6901028177153,云烟(硬苁蓉),二类烟,114.5,130.0,,,,,203.24,,,,,,,,,,,,,,,,,,,,,,,,,,,,,,,,,,,,2026-05-01,5,2026,1.1353711790393013,,,,,,,5,高档
202605,6901028024976,娇子(X),三类烟,97.0,110.0,4.884,4.84,11.737,24250.0,743.628,99.099099,7.544542,2.842098,97.0,0.004,0.0,830.0,,,0.0,,0.0,,,,,,,,4.84,4.88,99.1,830.0,383.0,50.45,46.14,74.0,0.0,0.0,0.0,19.32,0.0,0.0,0.0,22.0,2026-05-01,5,2026,1.134020618556701,0.24214858992928345,153.6421487603306,-98.099099,,0.014140963855421686,,4,中高档
202605,6901028010771,中南海(冰耀中支),一类烟,201.4,230.0,0.168,0.168,0.84588,50350.0,61.228,100.0,0.515508,0.233058,201.4,0.016,0.016,830.0,2.0,2.0,0.24,100.0,100.0,2.0,100.0,100.0,,,0.0,,0.17,0.17,100.0,830.0,12.0,1.57,1.45,9.0,0.0,0.0,0.0,75.0,0.0,0.0,0.0,1.0,2026-05-01,5,2026,1.1420059582919562,0.27552135054617677,364.45238095238096,-99.0,0.19999999999999996,0.0010191325301204819,0.0024096385542168677,5,高档
202605,6901028212229,中华(细支),一类烟,424.0,500.0,0.228,0.228,2.4168,106000.0,27.924,100.0,1.392388,0.746366,424.0,,,830.0,,,,,,,,,,,,,0.23,0.23,100.0,830.0,23.0,2.05,2.77,6.0,0.0,0.0,0.0,26.09,0.0,0.0,0.0,6.0,2026-05-01,5,2026,1.179245283018868,0.30882406487917907,122.47368421052632,-99.0,1.1923076923076925,0.0029118072289156627,,5,高档
202605,6901028216166,利群(软蓝),一类烟,159.0,180.0,1.536,1.516,6.0261,39750.0,377.704,98.697917,3.873932,1.458977,159.0,,,830.0,,,,,,,,,,,,,1.52,1.54,98.7,830.0,158.0,27.61,19.04,37.0,0.0,0.0,0.0,23.42,0.0,0.0,0.0,31.0,2026-05-01,5,2026,1.1320754716981132,0.24210965632830522,249.14511873350924,-97.697917,0.47470817120622555,0.007260361445783132,,5,高档
202605,6901028126007,黄山(新一品),三类烟,71.0,80.0,,,,,267.944,,,,71.0,6.132,6.016,830.0,830.0,387.0,46.63,46.63,98.11,354.0,29.58,91.47,,,0.0,,0.02,0.02,100.0,830.0,2.0,0.0,0.24,0.0,0.0,0.0,0.0,0.0,0.0,0.0,0.0,2.0,2026-05-01,5,2026,1.1267605633802817,,,,,,1.0,4,中高档
202605,6901028011785,真龙(起源),一类烟,212.0,250.0,0.444,0.436,2.3108,53000.0,126.008,98.198198,1.40828,0.636669,212.0,1.932,1.924,830.0,382.0,244.0,29.4,63.87,99.59,237.0,62.96,97.13,,,0.0,,0.44,0.44,98.2,830.0,62.0,23.08,7.47,0.0,0.0,0.0,0.0,0.0,0.0,0.0,0.0,22.0,2026-05-01,5,2026,1.179245283018868,0.27551886792452834,289.0091743119266,-97.198198,0.058252427184465994,0.0027840963855421687,0.4602409638554217,5,高档
202605,6901028120708,利群(软长嘴),一类烟,318.0,360.0,0.272,0.272,2.1624,79500.0,192.86,100.0,1.24571,0.667912,318.0,0.072,0.072,830.0,18.0,9.0,1.08,50.0,100.0,9.0,50.0,100.0,,,0.0,,0.27,0.27,100.0,830.0,34.0,2.72,4.1,0.0,0.0,0.0,0.0,0.0,0.0,0.0,0.0,3.0,2026-05-01,5,2026,1.1320754716981132,0.3088753237143914,709.0441176470588,-99.0,-0.09333333333333327,0.002605301204819277,0.021686746987951807,5,高档
202605,6901028182560,红金龙(硬红龙),三类烟,47.7,55.0,8.892,8.844,10.54647,11925.0,1049.888,99.460189,6.778926,2.554105,47.7,0.012,0.012,830.0,,3.0,0.36,,100.0,3.0,,100.0,,,0.0,,8.84,8.89,99.46,830.0,709.0,50.15,85.42,0.0,0.0,0.0,0.0,0.0,0.0,0.0,0.0,1.0,2026-05-01,5,2026,1.1530398322851152,0.24217629216221162,118.71189507010402,-98.460189,-0.7277428888067972,0.012706590361445782,,3,中档
202605,6901028229074,天子(中支),一类烟,201.4,230.0,0.216,0.216,1.08756,50350.0,257.76,100.0,0.662796,0.299646,201.4,0.36,0.36,830.0,61.0,41.0,4.94,67.21,100.0,38.0,67.16,92.68,,,0.0,,0.22,0.22,100.0,830.0,28.0,4.59,3.37,0.0,0.0,0.0,0.0,0.0,0.0,0.0,0.0,1.0,2026-05-01,5,2026,1.1420059582919562,0.27552135054617677,1193.3333333333333,-99.0,1.8421052631578947,0.0013103132530120484,0.07349397590361446,5,高档
202605,6901028143554,七匹狼(锋芒),一类烟,158.0,180.0,1.8,1.66,6.557,39500.0,334.4,92.222222,4.215155,1.587488,158.0,4.916,4.896,830.0,429.0,418.0,50.36,97.44,99.59,418.0,97.76,100.0,,,0.0,,1.66,1.8,92.22,830.0,103.0,100.0,12.41,43.0,0.0,0.0,0.0,41.75,0.0,0.0,0.0,11.0,2026-05-01,5,2026,1.139240506329114,0.24210584108586242,201.44578313253012,-91.222222,2.0740740740740735,0.0079,0.516867469879518,5,高档
202605,6901028125970,黄山(徽商新概念细支),一类烟,339.2,400.0,0.464,0.46,3.9008,84800.0,235.928,99.137931,2.247115,1.204903,339.2,0.024,0.024,830.0,,2.0,0.24,,100.0,2.0,,100.0,,,0.0,,0.46,0.46,99.14,830.0,43.0,13.72,5.18,20.0,0.0,0.0,0.0,46.51,0.0,0.0,0.0,6.0,2026-05-01,5,2026,1.179245283018868,0.30888612592288767,512.8869565217391,-98.137931,-0.38829787234042545,0.004699759036144578,,5,高档
202605,6901028178648,黄鹤楼(珍品细支),一类烟,381.6,450.0,0.1,0.096,0.91584,95400.0,62.244,96.0,0.527568,0.282912,381.6,2.284,2.256,830.0,294.0,258.0,31.08,87.76,98.77,254.0,88.13,98.45,,,0.0,,0.1,0.1,96.0,830.0,12.0,0.97,1.45,0.0,0.0,0.0,0.0,0.0,0.0,0.0,0.0,1.0,2026-05-01,5,2026,1.1792452830188678,0.3089098532494759,648.375,-95.0,,0.0011034216867469879,0.3542168674698795,5,高档
202605,6901028001625,双喜(硬经典1906),二类烟,150.52,170.0,1.616,1.516,5.704708,37630.0,818.808,93.811881,3.667218,1.381215,150.52,2.476,2.456,830.0,830.0,225.0,27.11,27.11,99.19,208.0,18.55,92.44,,,0.0,,1.52,1.62,93.81,830.0,106.0,100.0,12.77,35.0,0.0,0.0,0.0,33.02,0.0,0.0,0.0,6.0,2026-05-01,5,2026,1.1294180175391975,0.24211843971680935,540.1108179419525,-92.811881,0.5596707818930042,0.006873142168674699,1.0,5,高档
202605,6901028063371,白沙(硬新精品二代),三类烟,97.0,110.0,2.236,2.156,5.2283,24250.0,508.98,96.422182,3.360768,1.266008,97.0,,,830.0,,,,,,,,,,,,,2.16,2.24,96.42,830.0,270.0,18.97,32.53,0.0,0.0,0.0,0.0,0.0,0.0,0.0,0.0,,2026-05-01,5,2026,1.134020618556701,0.242145247977354,236.07606679035248,-95.422182,,0.006299156626506024,,4,中高档
202605,6901028172509,黄金叶(商鼎),一类烟,175.0,200.0,1.892,1.88,8.225,43750.0,530.836,99.365751,5.012883,2.265786,175.0,0.332,0.332,830.0,380.0,47.0,5.66,12.37,100.0,32.0,9.98,68.09,,,0.0,,1.92,1.93,99.38,830.0,173.0,84.71,20.84,76.0,1.0,0.0,0.0,43.93,0.58,0.0,0.0,10.0,2026-05-01,5,2026,1.1428571428571428,0.27547550151975686,282.35957446808516,-98.365751,0.7028985507246375,0.009909638554216867,0.4578313253012048,5,高档
202605,6901028136686,金圣(硬滕王阁),三类烟,97.0,110.0,2.956,2.928,7.1004,24250.0,1311.932,99.052774,4.564098,1.71939,97.0,2.804,2.792,830.0,827.0,256.0,30.84,30.96,99.57,239.0,27.12,93.36,,,0.0,,2.93,2.96,99.05,830.0,367.0,25.92,44.22,0.0,0.0,0.0,0.0,0.0,0.0,0.0,0.0,2.0,2026-05-01,5,2026,1.134020618556701,0.24215396315700524,448.06420765027326,-98.052774,inf,0.008554698795180723,0.9963855421686747,4,中高档
202605,6901028180580,黄鹤楼(软蓝),一类烟,164.3,190.0,30.412,30.34,124.62155,41075.0,7927.18,99.763251,80.113316,30.171172,164.3,0.112,0.112,830.0,16.0,14.0,1.69,87.5,100.0,14.0,87.5,100.0,,,0.0,,30.4,30.47,99.76,830.0,781.0,100.0,94.1,707.0,3.0,0.0,0.0,90.52,0.38,0.0,0.0,1.0,2026-05-01,5,2026,1.1564211807668898,0.24210236512063923,261.27818061964405,-98.763251,-0.16409521710381303,0.15014644578313252,0.01927710843373494,5,高档
202605,6901028315432,红塔山(硬经典100),三类烟,97.0,110.0,,,,,1021.496,,,,97.0,1.076,1.032,830.0,830.0,114.0,13.73,13.73,95.91,86.0,7.79,75.44,,,0.0,,,,,,,,,,,,,,,,,,2026-05-01,5,2026,1.134020618556701,,,,,,1.0,4,中高档
202605,6901028942911,双喜(软珍品好日子),二类烟,137.8,160.0,,,,,133.124,,,,137.8,0.184,0.172,830.0,830.0,22.0,2.65,2.65,93.48,14.0,1.3,63.64,,,0.0,,,,,,,,,,,,,,,,,,2026-05-01,5,2026,1.1611030478955007,,,,,,1.0,5,高档
202605,6901028221351,贵烟(新贵),三类烟,93.28,110.0,,,,,120.408,,,,,,,,,,,,,,,,,,,,,,,,,,,,,,,,,,,,2026-05-01,5,2026,1.179245283018868,,,,,,,4,中高档
202605,6901028179492,红金龙(软蓝九州腾龙),四类烟,38.16,45.0,,,,,0.024,,,,,,,,,,,,,,,,,,,,,,,,,,,,,,,,,,,,2026-05-01,5,2026,1.179245283018868,,,,,,,3,中档
202605,6901028188029,黄鹤楼(硬峡谷情细支),一类烟,263.0,300.0,1.36,1.336,8.7842,65750.0,1043.484,98.235294,5.060309,2.713348,263.0,3.188,3.188,830.0,478.0,400.0,48.19,83.68,100.0,397.0,83.37,99.25,,,0.0,,1.34,1.36,98.24,830.0,86.0,14.8,10.36,59.0,0.0,0.0,0.0,68.6,0.0,0.0,0.0,1.0,2026-05-01,5,2026,1.1406844106463878,0.3088895972313927,781.0508982035927,-97.235294,-0.5734355044699873,0.010583373493975904,0.5759036144578313,5,高档
202605,6901028039758,贵烟(硬黄精品),二类烟,114.5,130.0,1.056,1.044,2.98845,28625.0,102.308,98.863636,1.920992,0.723595,114.5,4.232,4.188,830.0,830.0,253.0,30.48,30.48,98.96,219.0,22.15,86.56,,,0.0,,1.04,1.06,98.86,830.0,135.0,16.74,16.27,0.0,0.0,0.0,0.0,0.0,0.0,0.0,0.0,57.0,2026-05-01,5,2026,1.1353711790393013,0.242130535896535,97.99616858237547,-97.863636,,0.0036005421686746988,1.0,5,高档
202605,6901028151634,泰山(白将军),二类烟,114.5,130.0,1.344,1.324,3.78995,28625.0,124.324,98.511905,2.4362,0.917663,114.5,1.64,1.636,830.0,382.0,142.0,17.11,37.17,99.76,127.0,31.13,89.44,,,0.0,,1.32,1.34,98.51,830.0,115.0,17.34,13.86,56.0,0.0,0.0,0.0,48.7,0.0,0.0,0.0,,2026-05-01,5,2026,1.1353711790393013,0.24213063496879905,93.90030211480362,-97.511905,-0.46178861788617886,0.004566204819277109,0.4602409638554217,5,高档
202605,6901028042635,娇子(宽窄好运),一类烟,263.0,300.0,0.14,0.14,0.9205,65750.0,537.084,100.0,0.530352,0.284238,263.0,0.02,0.02,830.0,,1.0,0.12,,100.0,1.0,,100.0,,,0.0,,0.16,0.16,100.0,830.0,29.0,77.76,3.49,7.0,0.0,0.0,0.0,24.14,0.0,0.0,0.0,5.0,2026-05-01,5,2026,1.1406844106463878,0.3087865290602933,3836.314285714285,-99.0,0.40000000000000013,0.0011090361445783132,,5,高档
202605,6901028118187,利群(新版),二类烟,143.1,160.0,9.22,9.196,32.89869,35775.0,2042.216,99.739696,21.148541,7.965087,143.1,0.248,0.248,830.0,45.0,25.0,3.01,55.56,100.0,25.0,55.36,100.0,,,0.0,,9.2,9.22,99.74,830.0,785.0,57.82,94.58,126.0,0.0,0.0,0.0,16.05,0.0,0.0,0.0,1.0,2026-05-01,5,2026,1.1180992313067786,0.2421095490428342,222.07655502392345,-98.739696,0.15295887662988972,0.03963697590361446,0.05421686746987952,5,高档
202605,6901028184250,黄鹤楼(硬1916),一类烟,848.0,1000.0,,,,,0.0,,,,848.0,0.552,0.544,830.0,86.0,70.0,8.43,81.4,98.55,66.0,79.07,94.29,,,0.0,,,,,,,,,,,,,,,,,,2026-05-01,5,2026,1.179245283018868,,,,,,0.10361445783132531,5,高档
202605,6901028172936,黄金叶(乐途硬),一类烟,175.0,200.0,,,,,244.992,,,,,,,,,,,,,,,,,,,,,,,,,,,,,,,,,,,,2026-05-01,5,2026,1.1428571428571428,,,,,,,5,高档
202605,6901028179348,黄鹤楼(软红),一类烟,227.9,260.0,4.944,4.888,27.84938,56975.0,1452.684,98.867314,16.972358,7.67297,227.9,1.428,1.412,830.0,134.0,97.0,11.69,72.39,98.88,95.0,72.04,97.94,,,0.0,,4.92,4.98,98.88,830.0,396.0,51.96,47.71,196.0,1.0,0.0,0.0,49.49,0.25,0.0,0.0,3.0,2026-05-01,5,2026,1.1408512505484862,0.2755167260456068,297.1939443535188,-97.867314,-0.17208672086720866,0.03355346987951807,0.1614457831325301,5,高档
202605,6901028936477,好猫(猴王磨砂),三类烟,106.0,120.0,,,,,3.72,,,,,,,,,,,,,,,,,,,,,,,,,,,,,,,,,,,,2026-05-01,5,2026,1.1320754716981132,,,,,,,5,高档
202605,6901028221450,贵烟(跨越),一类烟,201.4,230.0,4.232,4.188,21.08658,50350.0,813.02,98.960302,12.851377,5.809304,201.4,0.272,0.272,830.0,34.0,25.0,3.01,73.53,100.0,23.0,75.56,92.0,,,0.0,,4.19,4.23,98.96,830.0,253.0,100.0,30.48,138.0,0.0,0.0,0.0,54.55,0.0,0.0,0.0,62.0,2026-05-01,5,2026,1.1420059582919562,0.2754976862061083,194.1308500477555,-97.960302,0.7024390243902439,0.02540551807228916,0.04096385542168675,5,高档
202605,6901028185912,黄鹤楼(硬红),一类烟,190.8,220.0,32.084,31.952,152.41104,47700.0,2408.472,99.58858,92.885157,41.992223,190.8,1.92,1.9,830.0,382.0,205.0,24.7,53.66,98.96,195.0,50.11,95.12,,,0.0,,31.95,32.08,99.59,830.0,802.0,100.0,96.63,741.0,0.0,0.0,0.0,92.39,0.0,0.0,0.0,1.0,2026-05-01,5,2026,1.1530398322851152,0.27551956209996337,75.37781672508764,-98.58858,-0.19337574472382102,0.1836277590361446,0.4602409638554217,5,高档
202605,6901028009744,双喜(勿忘我),一类烟,175.0,200.0,0.772,0.748,3.2725,43750.0,161.76,96.891192,1.994355,0.901627,175.0,0.1,0.092,830.0,829.0,20.0,2.41,2.41,92.0,20.0,1.79,100.0,,,0.0,,0.75,0.77,96.89,830.0,72.0,100.0,8.67,28.0,0.0,0.0,0.0,38.89,0.0,0.0,0.0,6.0,2026-05-01,5,2026,1.1428571428571428,0.2755162719633308,216.2566844919786,-95.891192,-0.19047619047619047,0.003942771084337349,0.9987951807228915,5,高档
202605,6901028075053,牡丹(软),二类烟,121.9,140.0,7.412,7.356,22.41741,30475.0,549.876,99.244468,14.41064,5.427583,121.9,0.08,0.08,830.0,10.0,10.0,1.2,100.0,100.0,10.0,100.0,100.0,,,0.0,,7.36,7.41,99.24,830.0,591.0,54.08,71.2,256.0,0.0,0.0,0.0,43.32,0.0,0.0,0.0,195.0,2026-05-01,5,2026,1.1484823625922886,0.24211463322480162,74.75203915171288,-98.244468,11.950704225352114,0.027008927710843372,0.012048192771084338,5,高档
202605,6901028065504,兰州(硬珍品),二类烟,155.0,180.0,0.272,0.272,1.054,38750.0,222.0,100.0,0.677653,0.255103,155.0,2.336,2.168,830.0,830.0,194.0,23.37,23.37,92.81,170.0,16.37,87.63,,,0.0,,0.27,0.27,100.0,830.0,25.0,2.72,3.01,10.0,0.0,0.0,0.0,40.0,0.0,0.0,0.0,7.0,2026-05-01,5,2026,1.1612903225806452,0.24203320683111956,816.1764705882352,-99.0,0.7000000000000002,0.0012698795180722893,1.0,5,高档
202605,6901028057080,双喜(硬晶彩好日子),一类烟,158.0,180.0,0.56,0.552,2.1804,39500.0,258.248,98.571429,1.401673,0.527905,158.0,0.008,0.0,830.0,,,0.0,,0.0,,,,,,,,0.55,0.56,98.57,830.0,76.0,49.85,9.16,0.0,0.0,0.0,0.0,0.0,0.0,0.0,0.0,4.0,2026-05-01,5,2026,1.139240506329114,0.24211383232434414,467.8405797101449,-97.571429,-0.640625,0.002626987951807229,,5,高档
202605,6901028045919,云烟(软珍品),一类烟,206.7,230.0,0.612,0.584,3.01782,51675.0,676.496,95.424837,1.839268,0.831364,206.7,5.896,5.868,830.0,827.0,501.0,60.36,60.58,99.53,488.0,60.77,97.41,,,0.0,,0.58,0.61,95.42,830.0,78.0,37.46,9.4,0.0,0.0,0.0,0.0,0.0,0.0,0.0,0.0,3.0,2026-05-01,5,2026,1.1127237542331883,0.2754849527142109,1158.3835616438357,-94.424837,-0.3482142857142858,0.0036359277108433735,0.9963855421686747,5,高档
202605,6901028207508,利群(软红长嘴),一类烟,190.8,220.0,0.244,0.244,1.16388,47700.0,162.984,100.0,0.70956,0.320425,190.8,1.536,1.516,830.0,382.0,158.0,19.04,41.36,98.7,149.0,41.47,94.3,,,0.0,,0.24,0.24,100.0,830.0,31.0,2.72,3.73,0.0,0.0,0.0,0.0,0.0,0.0,0.0,0.0,,2026-05-01,5,2026,1.1530398322851152,0.27530759184795683,667.9672131147541,-99.0,-0.5763888888888888,0.0014022650602409639,0.4602409638554217,5,高档
202605,6901028218634,黄鹤楼(硬1916红爆),一类烟,720.8,1000.0,0.008,0.0,0.0,,4.8,0.0,0.0,0.0,720.8,0.348,0.348,830.0,44.0,43.0,5.18,97.73,100.0,40.0,94.57,93.02,,,0.0,,,,,,,,,,,,,,,,,,2026-05-01,5,2026,1.3873473917869035,,,1.0,-1.0,0.0,0.05301204819277108,5,高档
202605,6901028010115,中南海(典8),三类烟,97.0,110.0,0.308,0.304,0.7372,24250.0,86.588,98.701299,0.473861,0.178523,97.0,0.168,0.168,830.0,16.0,12.0,1.45,75.0,100.0,12.0,80.77,100.0,,,0.0,,0.3,0.31,98.7,830.0,41.0,9.85,4.94,0.0,0.0,0.0,0.0,0.0,0.0,0.0,0.0,29.0,2026-05-01,5,2026,1.134020618556701,0.24216359196961476,284.82894736842104,-97.701299,2.3043478260869565,0.0008881927710843373,0.01927710843373494,4,中高档
202605,6901028940504,红金龙(硬新版),四类烟,44.5,50.0,8.336,8.312,9.2471,11125.0,2218.344,99.712092,6.175826,2.007338,44.5,2.084,2.064,830.0,235.0,188.0,22.65,80.0,99.04,182.0,82.43,96.81,,,0.0,,8.31,8.34,99.71,830.0,341.0,40.79,41.08,328.0,0.0,0.0,0.0,96.19,0.0,0.0,0.0,,2026-05-01,5,2026,1.1235955056179776,0.21707757026527236,266.8845043310876,-98.712092,-0.6212866776016038,0.011141084337349397,0.28313253012048195,3,中档
202605,6901028005036,双喜(硬金五叶神),二类烟,121.9,140.0,2.476,2.456,7.48466,30475.0,332.532,99.192246,4.811344,1.812192,121.9,0.772,0.748,830.0,830.0,72.0,8.67,8.67,96.89,63.0,5.65,87.5,,,0.0,,2.46,2.48,99.19,830.0,225.0,100.0,27.11,93.0,0.0,0.0,0.0,41.33,0.0,0.0,0.0,33.0,2026-05-01,5,2026,1.1484823625922886,0.24212081777929792,135.3957654723127,-98.192246,0.91875,0.00901766265060241,1.0,5,高档
202605,6901028012003,真龙(凌云),二类烟,121.9,150.0,1.932,1.924,5.86339,30475.0,101.628,99.585921,3.769245,1.419546,121.9,0.56,0.552,830.0,825.0,76.0,9.16,9.21,98.57,62.0,8.36,81.58,,,0.0,,1.92,1.93,99.59,830.0,244.0,23.08,29.4,0.0,0.0,0.0,0.0,0.0,0.0,0.0,0.0,94.0,2026-05-01,5,2026,1.2305168170631664,0.2421032883707207,52.82120582120582,-98.585921,3.1111111111111107,0.0070643253012048195,0.9939759036144579,5,高档
202605,6901028042758,娇子(宽窄逍遥),一类烟,678.4,800.0,,,,,0.0,,,,,,,,,,,,,,,,,,,,,,,,,,,,,,,,,,,,2026-05-01,5,2026,1.179245283018868,,,,,,,5,高档
202605,6901028317177,玉溪(软),一类烟,201.4,230.0,1.944,1.924,9.68734,50350.0,1154.72,98.971193,5.904643,2.66822,201.4,0.12,0.12,830.0,16.0,15.0,1.81,93.75,100.0,15.0,93.75,100.0,,,0.0,,1.92,1.94,98.97,830.0,155.0,100.0,18.67,68.0,0.0,0.0,0.0,43.87,0.0,0.0,0.0,12.0,2026-05-01,5,2026,1.1420059582919562,0.27543371038902315,600.1663201663202,-97.971193,0.08333333333333326,0.011671493975903615,0.01927710843373494,5,高档
202605,6901028141147,七匹狼(蓝),三类烟,71.0,80.0,5.812,5.808,10.3092,17750.0,756.092,99.931177,6.626924,2.495992,71.0,1.8,1.66,830.0,830.0,103.0,12.41,12.41,92.22,57.0,6.27,55.34,,,0.0,,5.81,5.81,99.93,830.0,728.0,49.85,87.71,0.0,0.0,0.0,0.0,0.0,0.0,0.0,0.0,2.0,2026-05-01,5,2026,1.1267605633802817,0.24211306405928687,130.18112947658403,-98.931177,,0.012420722891566266,1.0,4,中高档
202605,6901028079990,钻石(荷花),一类烟,275.6,320.0,3.672,3.656,25.18984,68900.0,146.916,99.56427,14.511094,7.780905,275.6,0.204,0.2,830.0,28.0,25.0,3.01,89.29,98.04,25.0,89.29,100.0,,,0.0,,3.66,3.67,99.56,830.0,434.0,31.24,52.29,27.0,0.0,0.0,0.0,6.22,0.0,0.0,0.0,,2026-05-01,5,2026,1.1611030478955007,0.30889060827698783,40.18490153172866,-98.56427,-0.01295896328293733,0.03034920481927711,0.033734939759036145,5,高档
202605,6901028179324,黄鹤楼(硬珍品),一类烟,339.2,400.0,2.284,2.256,19.13088,84800.0,1352.82,98.774081,11.02056,5.909328,339.2,4.98,4.924,830.0,561.0,396.0,47.71,70.59,98.88,384.0,68.69,96.97,,,0.0,,2.26,2.28,98.77,830.0,258.0,18.37,31.08,10.0,0.0,0.0,0.0,3.88,0.0,0.0,0.0,,2026-05-01,5,2026,1.179245283018868,0.30888950220794864,599.654255319149,-97.774081,-0.753819292885203,0.023049253012048194,0.6759036144578313,5,高档
202605,6901028218603,黄鹤楼(硬1916如意),一类烟,763.2,900.0,3.48,3.464,66.09312,190800.0,452.22,99.54023,38.071103,20.418524,763.2,0.008,0.0,830.0,,,0.0,,0.0,,,,,,,,3.46,3.48,99.54,830.0,247.0,32.63,29.76,179.0,0.0,0.0,0.0,72.47,0.0,0.0,0.0,,2026-05-01,5,2026,1.1792452830188678,0.308935695576181,130.54849884526558,-98.54023,1.07177033492823,0.07963026506024096,,5,高档
202605,6901028155557,泰山(颜悦),一类烟,167.48,190.0,1.64,1.636,6.849932,41870.0,167.024,99.756098,4.403294,1.658495,167.48,,,830.0,,,,,,,,,,,,,1.64,1.64,99.76,830.0,142.0,39.7,17.11,73.0,0.0,0.0,0.0,51.41,0.0,0.0,0.0,15.0,2026-05-01,5,2026,1.1344638165751135,0.24211846190589922,102.09290953545234,-98.756098,0.5852713178294573,0.008252930120481927,,5,高档
202605,6901028937535,好猫(金猴王),三类烟,71.0,80.0,,,,,519.668,,,,,,,,,,,,,,,,,,,,,,,,,,,,,,,,,,,,2026-05-01,5,2026,1.1267605633802817,,,,,,,4,中高档
202605,6901028196024,白沙(软和天下),一类烟,720.8,1000.0,0.048,0.048,0.86496,180200.0,35.852,100.0,0.499085,0.266365,720.8,0.048,0.048,830.0,6.0,6.0,0.72,100.0,100.0,6.0,100.0,100.0,,,0.0,,0.05,0.05,100.0,830.0,6.0,0.36,0.72,0.0,0.0,0.0,0.0,0.0,0.0,0.0,0.0,3.0,2026-05-01,5,2026,1.3873473917869035,0.3079506566777655,746.9166666666666,-99.0,2.0,0.0010421204819277107,0.007228915662650603,5,高档
202605,6901028119009,利群(西子阳光),一类烟,275.6,310.0,0.04,0.04,0.2756,68900.0,86.02,100.0,0.15876,0.085135,275.6,0.272,0.272,830.0,45.0,34.0,4.1,75.56,100.0,34.0,75.56,100.0,,,0.0,,0.04,0.04,100.0,830.0,5.0,0.36,0.6,0.0,0.0,0.0,0.0,0.0,0.0,0.0,0.0,,2026-05-01,5,2026,1.1248185776487662,0.30890783744557326,2150.5,-99.0,-0.5238095238095238,0.00033204819277108435,0.05421686746987952,5,高档
202605,6901028149921,哈德门(纯香),三类烟,47.7,55.0,15.772,15.74,18.76995,11925.0,149.964,99.797109,12.064717,4.545676,47.7,1.344,1.324,830.0,189.0,115.0,13.86,60.85,98.51,108.0,57.67,93.91,,,0.0,,15.74,15.78,99.8,830.0,755.0,72.33,90.96,71.0,1.0,0.0,0.0,9.4,0.13,0.0,0.0,14.0,2026-05-01,5,2026,1.1530398322851152,0.2421783755417569,9.527573062261753,-98.797109,0.5099769762087492,0.02261439759036145,0.22771084337349398,3,中档
202605,8888075034777,555(老版细支),一类烟,212.28,250.0,0.004,0.0,0.0,,2.74,0.0,0.0,0.0,212.28,,,830.0,,,,,,,,,,,,,,,,,,,,,,,,,,,,,2026-05-01,5,2026,1.1776898436027887,,,1.0,,0.0,,5,高档
202605,6901028241410,黄鹤楼(视窗),一类烟,300.0,350.0,0.564,0.56,4.2,75000.0,71.024,99.29078,2.419345,1.297445,300.0,0.088,0.064,830.0,10.0,8.0,0.96,80.0,72.73,8.0,80.0,100.0,,,0.0,,0.56,0.56,99.29,830.0,70.0,4.53,8.43,0.0,0.0,0.0,0.0,0.0,0.0,0.0,0.0,1.0,2026-05-01,5,2026,1.1666666666666667,0.30891547619047616,126.82857142857142,-98.29078,0.14754098360655754,0.005060240963855422,0.012048192771084338,5,高档
202605,6901028143448,万宝路(软红2.0),二类烟,143.1,160.0,0.048,0.048,0.17172,35775.0,21.892,100.0,0.112836,0.039126,143.1,0.016,0.016,830.0,2.0,2.0,0.24,100.0,100.0,2.0,100.0,100.0,,,0.0,,0.05,0.05,100.0,830.0,6.0,0.36,0.72,0.0,0.0,0.0,0.0,0.0,0.0,0.0,0.0,1.0,2026-05-01,5,2026,1.1180992313067786,0.22784765897973444,456.0833333333333,-99.0,-0.25,0.00020689156626506024,0.0024096385542168677,5,高档
202605,6901028180788,黄鹤楼(硬15),一类烟,848.0,1000.0,0.112,0.112,2.3744,212000.0,16.676,100.0,1.3678,0.733432,848.0,2.556,2.5,830.0,313.0,199.0,23.98,63.58,97.81,190.0,54.35,95.48,,,0.0,,0.11,0.11,100.0,830.0,14.0,0.97,1.69,0.0,0.0,0.0,0.0,0.0,0.0,0.0,0.0,1.0,2026-05-01,5,2026,1.179245283018868,0.30889150943396226,148.89285714285714,-99.0,-0.3913043478260869,0.0028607228915662653,0.37710843373493974,5,高档
202605,6901028062329,南京(十二钗烤烟),一类烟,243.8,280.0,0.496,0.492,2.99874,60950.0,103.552,99.193548,1.827534,0.826191,243.8,0.32,0.308,830.0,44.0,33.0,3.98,75.0,96.25,28.0,71.3,84.85,,,0.0,,0.49,0.5,99.19,830.0,64.0,8.7,7.71,3.0,0.0,0.0,0.0,4.69,0.0,0.0,0.0,14.0,2026-05-01,5,2026,1.1484823625922886,0.27551271534044297,210.47154471544718,-98.193548,-0.023809523809523836,0.0036129397590361446,0.05301204819277108,5,高档
202605,6901028189057,黄鹤楼(硬雪之景),二类烟,121.9,140.0,0.004,0.0,0.0,,0.744,0.0,0.0,0.0,121.9,,,830.0,,,,,,,,,,,,,,,,,,,,,,,,,,,,,2026-05-01,5,2026,1.1484823625922886,,,1.0,,0.0,,5,高档
202605,6901028071536,中南海(5mg细支),二类烟,121.9,140.0,0.12,0.12,0.3657,30475.0,28.776,100.0,0.23508,0.088546,121.9,,,830.0,,,,,,,,,,,,,0.12,0.12,100.0,830.0,15.0,10.57,1.81,1.0,0.0,0.0,0.0,6.67,0.0,0.0,0.0,4.0,2026-05-01,5,2026,1.1484823625922886,0.2421274268526114,239.8,-99.0,0.6666666666666667,0.00044060240963855426,,5,高档
202605,6901028111546,南京(雨花石),一类烟,455.8,530.0,0.048,0.048,0.54696,113950.0,28.84,100.0,0.315084,0.168954,455.8,0.148,0.14,830.0,16.0,14.0,1.69,87.5,94.59,13.0,79.55,92.86,,,0.0,,0.05,0.05,100.0,830.0,6.0,0.6,0.72,0.0,0.0,0.0,0.0,0.0,0.0,0.0,0.0,,2026-05-01,5,2026,1.1627906976744187,0.3088964458095656,600.8333333333334,-99.0,-0.6363636363636364,0.0006589879518072289,0.01927710843373494,5,高档
202605,6901028121828,利群(江南韵),一类烟,225.0,260.0,0.072,0.072,0.405,56250.0,191.864,100.0,0.246834,0.111573,225.0,0.244,0.244,830.0,45.0,31.0,3.73,68.89,100.0,30.0,67.78,96.77,,,0.0,,0.07,0.07,100.0,830.0,9.0,1.09,1.08,0.0,0.0,0.0,0.0,0.0,0.0,0.0,0.0,3.0,2026-05-01,5,2026,1.1555555555555554,0.2754888888888889,2664.777777777778,-99.0,-0.6949152542372881,0.0004879518072289157,0.05421686746987952,5,高档
202605,6901028178105,黄鹤楼(硬天下胜景),一类烟,212.0,260.0,2.084,2.064,10.9392,53000.0,180.456,99.040307,6.66672,3.013956,212.0,,,830.0,,,,,,,,,,,,,2.06,2.08,99.04,830.0,188.0,16.86,22.65,40.0,0.0,0.0,0.0,21.28,0.0,0.0,0.0,2.0,2026-05-01,5,2026,1.2264150943396226,0.2755188679245283,87.43023255813952,-98.040307,-0.12542372881355923,0.013179759036144578,,5,高档
202605,6901028230186,天子(C位),一类烟,201.4,230.0,0.36,0.36,1.8126,50350.0,48.98,100.0,1.10466,0.49941,201.4,,,830.0,,,,,,,,,,,,,0.36,0.36,100.0,830.0,41.0,4.05,4.94,6.0,0.0,0.0,0.0,14.63,0.0,0.0,0.0,12.0,2026-05-01,5,2026,1.1420059582919562,0.27552135054617677,136.05555555555554,-99.0,0.3043478260869563,0.002183855421686747,,5,高档
202605,6901028165860,黄金叶(天叶细支),一类烟,848.0,1000.0,0.56,0.528,11.1936,212000.0,22.568,94.285714,6.448296,3.457526,848.0,,,830.0,,,,,,,,,,,,,0.53,0.56,94.29,830.0,42.0,76.07,5.06,13.0,0.0,0.0,0.0,30.95,0.0,0.0,0.0,35.0,2026-05-01,5,2026,1.179245283018868,0.30888418381932536,42.74242424242424,-93.285714,21.0,0.013486265060240964,,5,高档
202605,6901028204026,万宝路(硬冰爵2.0),一类烟,225.0,260.0,0.016,0.016,0.09,56250.0,101.068,100.0,0.055668,0.023978,225.0,,,830.0,,,,,,,,,,,,,0.02,0.02,100.0,830.0,2.0,0.12,0.24,0.0,0.0,0.0,0.0,0.0,0.0,0.0,0.0,,2026-05-01,5,2026,1.1555555555555554,0.2664222222222222,6316.75,-99.0,-0.75,0.00010843373493975903,,5,高档
202605,6901028177214,冬虫夏草(和润),一类烟,424.0,500.0,0.184,0.172,1.8232,106000.0,77.408,93.478261,1.050275,0.563171,424.0,0.32,0.312,830.0,60.0,41.0,4.94,68.33,97.5,37.0,65.0,90.24,,,0.0,,0.17,0.18,93.48,830.0,22.0,100.0,2.65,4.0,0.0,0.0,0.0,18.18,0.0,0.0,0.0,7.0,2026-05-01,5,2026,1.179245283018868,0.30889150943396226,450.046511627907,-92.478261,3.7777777777777777,0.0021966265060240965,0.07228915662650602,5,高档
202605,6901028187855,黄鹤楼(软1916),一类烟,848.0,1000.0,0.048,0.048,1.0176,212000.0,53.824,100.0,0.5862,0.314328,848.0,1.36,1.336,830.0,128.0,86.0,10.36,67.19,98.24,84.0,59.43,97.67,,,0.0,,0.05,0.05,100.0,830.0,6.0,0.36,0.72,0.0,0.0,0.0,0.0,0.0,0.0,0.0,0.0,,2026-05-01,5,2026,1.179245283018868,0.30889150943396226,1121.3333333333333,-99.0,-0.9225806451612903,0.0012260240963855422,0.15421686746987953,5,高档
202605,6901028193504,芙蓉王(硬),一类烟,218.36,250.0,0.344,0.344,1.877896,54590.0,1606.58,100.0,1.144949,0.516915,218.36,,,830.0,,,,,,,,,,,,,0.34,0.34,100.0,830.0,43.0,2.66,5.18,0.0,0.0,0.0,0.0,0.0,0.0,0.0,0.0,2.0,2026-05-01,5,2026,1.1448983330280271,0.27526284735682915,4670.290697674419,-99.0,-0.3484848484848486,0.0022625253012048194,,5,高档
202605,6901028937832,好猫(长乐九美),一类烟,175.0,200.0,0.892,0.732,3.2025,43750.0,260.952,82.06278,1.951695,0.882348,175.0,0.004,0.0,830.0,,,0.0,,0.0,,,,,,,,0.73,0.89,82.06,830.0,82.0,100.0,9.88,23.0,0.0,0.0,0.0,28.05,0.0,0.0,0.0,15.0,2026-05-01,5,2026,1.1428571428571428,0.27551850117096016,356.4918032786885,-81.06278,1.691176470588235,0.0038584337349397593,,5,高档
202605,6901028218153,黄鹤楼(金典中支),一类烟,381.6,450.0,0.264,0.26,2.4804,95400.0,11.576,98.484848,1.42883,0.76622,381.6,,,830.0,,,,,,,,,,,,,0.26,0.26,98.48,830.0,33.0,2.66,3.98,0.0,0.0,0.0,0.0,0.0,0.0,0.0,0.0,21.0,2026-05-01,5,2026,1.1792452830188678,0.3089098532494759,44.52307692307692,-97.484848,0.048387096774193505,0.0029884337349397588,,5,高档
202605,6901028051989,云烟(软大重九),一类烟,720.8,980.0,0.04,0.04,0.7208,180200.0,89.736,100.0,0.415507,0.222368,720.8,,,830.0,,,,,,,,,,,,,0.04,0.04,100.0,830.0,5.0,0.36,0.6,0.0,0.0,0.0,0.0,0.0,0.0,0.0,0.0,1.0,2026-05-01,5,2026,1.3596004439511655,0.30850166481687014,2243.4,-99.0,1.5,0.0008684337349397591,,5,高档
202605,6901028062350,南京(十二钗薄荷),一类烟,188.68,220.0,0.32,0.308,1.452836,47170.0,44.276,96.25,0.885423,0.400282,188.68,8.608,8.58,830.0,813.0,711.0,85.66,87.45,99.67,707.0,90.28,99.44,,,0.0,,0.31,0.32,96.25,830.0,33.0,3.26,3.98,8.0,0.0,0.0,0.0,24.24,0.0,0.0,0.0,,2026-05-01,5,2026,1.165995336018656,0.27551767715007064,143.75324675324677,-95.25,-0.46153846153846145,0.0017504048192771085,0.9795180722891567,5,高档
202605,6901028018722,中华(双中支),一类烟,424.0,500.0,0.048,0.048,0.5088,106000.0,77.82,100.0,0.293103,0.157161,424.0,3.56,3.544,830.0,590.0,359.0,43.25,60.85,99.55,344.0,61.79,95.82,,,0.0,,0.05,0.05,100.0,830.0,6.0,0.36,0.72,0.0,0.0,0.0,0.0,0.0,0.0,0.0,0.0,2.0,2026-05-01,5,2026,1.179245283018868,0.30888561320754715,1621.2499999999998,-99.0,,0.0006130120481927711,0.7108433734939759,5,高档
202605,6901028247375,双喜(春天·咖路里),一类烟,225.0,260.0,0.224,0.22,1.2375,56250.0,133.72,98.214286,0.75425,0.340887,225.0,0.036,0.036,830.0,10.0,5.0,0.6,50.0,100.0,4.0,45.0,80.0,,,0.0,,0.22,0.22,98.21,830.0,19.0,100.0,2.29,7.0,0.0,0.0,0.0,36.84,0.0,0.0,0.0,3.0,2026-05-01,5,2026,1.1555555555555554,0.2754642424242424,607.8181818181818,-97.214286,-0.15384615384615385,0.0014909638554216867,0.012048192771084338,5,高档
202605,6901028218900,黄鹤楼(3mg),一类烟,424.0,500.0,0.032,0.032,0.3392,106000.0,11.864,100.0,0.1954,0.104776,424.0,2.36,2.348,830.0,418.0,233.0,28.07,55.74,99.49,222.0,54.05,95.28,,,0.0,,0.03,0.03,100.0,830.0,2.0,0.24,0.24,2.0,0.0,0.0,0.0,100.0,0.0,0.0,0.0,,2026-05-01,5,2026,1.179245283018868,0.30889150943396226,370.75,-99.0,-0.7647058823529411,0.0004086746987951807,0.5036144578313253,5,高档
202605,6901028112505,南京(大观园爆冰),一类烟,263.0,300.0,0.148,0.14,0.9205,65750.0,49.36,94.594595,0.530442,0.284165,263.0,,,830.0,,,,,,,,,,,,,0.14,0.15,94.59,830.0,14.0,1.33,1.69,4.0,0.0,0.0,0.0,28.57,0.0,0.0,0.0,,2026-05-01,5,2026,1.1406844106463878,0.3087072243346008,352.57142857142856,-93.594595,-0.29999999999999993,0.0011090361445783132,,5,高档
202605,6901028165242,黄金叶(爱尚),二类烟,139.92,160.0,1.548,1.508,5.274984,34980.0,448.72,97.416021,3.391115,1.277042,139.92,0.56,0.528,830.0,827.0,42.0,5.06,5.08,94.29,36.0,3.17,85.71,,,0.0,,1.51,1.55,97.42,830.0,119.0,87.31,14.34,41.0,0.0,0.0,0.0,34.45,0.0,0.0,0.0,19.0,2026-05-01,5,2026,1.1435105774728418,0.2420940044557481,297.55968169761275,-96.416021,1.1179775280898876,0.006355402409638554,0.9963855421686747,5,高档
202605,6901028252959,黄金叶(大成),一类烟,263.0,300.0,0.332,0.332,2.1829,65750.0,105.372,100.0,1.25745,0.674326,263.0,0.02,0.02,830.0,,3.0,0.36,,100.0,3.0,,100.0,,,0.0,,0.33,0.33,100.0,830.0,47.0,25.14,5.66,2.0,0.0,0.0,0.0,4.26,0.0,0.0,0.0,29.0,2026-05-01,5,2026,1.1406844106463878,0.3089129140134683,317.3855421686747,-99.0,0.338709677419355,0.00263,,5,高档
202605,6901028092432,人民大会堂(红细支),一类烟,225.0,260.0,0.32,0.312,1.755,56250.0,135.732,97.5,1.069614,0.483485,225.0,0.484,0.48,830.0,99.0,62.0,7.47,62.63,99.17,58.0,60.61,93.55,,,0.0,,0.31,0.32,97.5,830.0,41.0,3.63,4.94,0.0,0.0,0.0,0.0,0.0,0.0,0.0,0.0,19.0,2026-05-01,5,2026,1.1555555555555554,0.2754900284900285,435.03846153846155,-96.5,1.0,0.0021144578313253013,0.11927710843373494,5,高档
202605,6901028059114,好猫(细支长乐吉祥),一类烟,225.0,260.0,0.056,0.052,0.2925,56250.0,68.46,92.857143,0.178269,0.080581,225.0,1.496,1.204,830.0,830.0,130.0,15.66,15.66,80.48,114.0,9.09,87.69,,,0.0,,0.05,0.06,92.86,830.0,7.0,1.99,0.84,0.0,0.0,0.0,0.0,0.0,0.0,0.0,0.0,5.0,2026-05-01,5,2026,1.1555555555555554,0.2754905982905983,1316.5384615384614,-91.857143,-0.1875,0.00035240963855421686,1.0,5,高档
202605,6901028325257,玉溪(细支缤果爆),一类烟,225.0,260.0,0.12,0.12,0.675,56250.0,59.644,100.0,0.411404,0.185941,225.0,9.22,9.196,830.0,830.0,785.0,94.58,94.58,99.74,782.0,95.87,99.62,,,0.0,,0.12,0.12,100.0,830.0,15.0,0.97,1.81,0.0,0.0,0.0,0.0,0.0,0.0,0.0,0.0,1.0,2026-05-01,5,2026,1.1555555555555554,0.27546814814814813,497.03333333333336,-99.0,-0.16666666666666663,0.0008132530120481928,1.0,5,高档
202605,6901028268981,娇子(宽窄锦上细支),一类烟,263.0,300.0,0.376,0.368,2.4196,65750.0,87.208,97.87234,1.3938,0.747451,263.0,0.072,0.072,830.0,16.0,10.0,1.2,62.5,100.0,8.0,56.25,80.0,,,0.0,,0.37,0.38,97.87,830.0,42.0,5.56,5.06,7.0,0.0,0.0,0.0,16.67,0.0,0.0,0.0,20.0,2026-05-01,5,2026,1.1406844106463878,0.3089151099355265,236.97826086956522,-96.87234,5.571428571428571,0.0029151807228915663,0.01927710843373494,5,高档
202605,6901028275668,芙蓉王(硬中支),一类烟,263.0,300.0,0.312,0.312,2.0514,65750.0,382.812,100.0,1.1817,0.633711,263.0,,,830.0,,,,,,,,,,,,,0.31,0.31,100.0,830.0,39.0,2.66,4.7,0.0,0.0,0.0,0.0,0.0,0.0,0.0,0.0,,2026-05-01,5,2026,1.1406844106463878,0.3089163498098859,1226.9615384615386,-99.0,-0.8097560975609757,0.0024715662650602412,,5,高档
202605,6901028271547,黄鹤楼(1916小蜜蜂),一类烟,678.4,800.0,0.048,0.048,0.81408,169600.0,8.292,100.0,0.46896,0.251466,678.4,,,830.0,,,,,,,,,,,,,0.05,0.05,100.0,830.0,6.0,0.36,0.72,0.0,0.0,0.0,0.0,0.0,0.0,0.0,0.0,,2026-05-01,5,2026,1.179245283018868,0.3088959316037736,172.75,-99.0,-0.8775510204081632,0.0009808192771084338,,5,高档
202605,6901028268950,娇子(格调中支),一类烟,175.0,200.0,0.476,0.476,2.0825,43750.0,111.372,100.0,1.269135,0.573765,175.0,0.376,0.368,830.0,76.0,42.0,5.06,55.26,97.87,38.0,50.0,90.48,,,0.0,,0.48,0.48,100.0,830.0,66.0,9.91,7.95,0.0,0.0,0.0,0.0,0.0,0.0,0.0,0.0,28.0,2026-05-01,5,2026,1.1428571428571428,0.2755174069627851,233.9747899159664,-99.0,8.153846153846153,0.0025090361445783134,0.09156626506024096,5,高档
202605,6901028271004,黄鹤楼(冰咖),一类烟,225.0,260.0,0.476,0.472,2.655,56250.0,,,,,225.0,0.048,0.048,830.0,6.0,6.0,0.72,100.0,100.0,6.0,100.0,100.0,,,0.0,,0.47,0.48,99.16,830.0,50.0,3.63,6.02,0.0,0.0,0.0,0.0,0.0,0.0,0.0,0.0,2.0,2026-05-01,5,2026,1.1555555555555554,,,,-0.4511627906976744,0.0031987951807228914,0.007228915662650603,5,高档
202606,6901028133333,金圣(青瓷细支),一类烟,225.0,260.0,,,,,17.86,,,,225.0,6.008,5.952,829.0,778.0,594.0,71.65,76.35,99.07,588.0,73.7,98.99,,,0.0,,,,,,,,,,,,,,,,,,2026-06-01,6,2026,1.1555555555555554,,,,,,0.9384800965018094,5,高档
202606,6901028120708,利群(软长嘴),一类烟,318.0,360.0,0.888,0.856,6.8052,79500.0,94.036,96.396396,3.920269,2.102076,318.0,0.168,0.168,829.0,46.0,26.0,3.14,56.52,100.0,26.0,67.74,100.0,,,0.0,,0.86,0.89,96.4,829.0,96.0,16.45,11.58,49.0,26.0,0.0,0.0,51.04,27.08,0.0,0.0,10.0,2026-06-01,6,2026,1.1320754716981132,0.3088926115323576,109.85514018691589,-95.396396,2.1470588235294117,0.008208926417370326,0.05548854041013269,5,高档
202606,6901028126007,黄山(新一品),三类烟,71.0,80.0,,,,,120.528,,,,,,,,,,,,,,,,,,,,,,,,,,,,,,,,,,,,2026-06-01,6,2026,1.1267605633802817,,,,,,,4,中高档
202606,6901028011785,真龙(起源),一类烟,212.0,250.0,0.432,0.428,2.2684,53000.0,117.4,99.074074,1.38244,0.624987,212.0,1.004,1.004,829.0,262.0,166.0,20.02,63.36,100.0,166.0,66.76,100.0,,,0.0,,0.43,0.43,99.07,829.0,61.0,59.35,7.36,22.0,6.0,0.0,0.0,36.07,9.84,0.0,0.0,22.0,2026-06-01,6,2026,1.179245283018868,0.2755188679245283,274.2990654205608,-98.074074,-0.01834862385321101,0.002736308805790109,0.316043425814234,5,高档
202606,6901028077910,钻石(软荷花),一类烟,339.2,400.0,0.024,0.024,0.20352,84800.0,106.584,100.0,0.11724,0.062868,339.2,5.744,5.676,829.0,626.0,524.0,63.21,83.71,98.82,509.0,77.5,97.14,,,0.0,,0.02,0.02,100.0,829.0,6.0,0.2,0.72,0.0,0.0,0.0,0.0,0.0,0.0,0.0,0.0,,2026-06-01,6,2026,1.179245283018868,0.30890330188679244,4441.0,-99.0,-0.5,0.0002455006031363088,0.7551266586248492,5,高档
202606,6901028125970,黄山(徽商新概念细支),一类烟,339.2,400.0,0.336,0.204,1.72992,84800.0,386.784,60.714286,0.996542,0.534367,339.2,4.524,4.472,829.0,829.0,252.0,30.4,30.4,98.85,197.0,13.53,78.17,,,0.0,,0.2,0.34,60.71,829.0,29.0,20.39,3.5,11.0,2.0,0.0,0.0,37.93,6.9,0.0,0.0,4.0,2026-06-01,6,2026,1.179245283018868,0.3088969432112468,1896.0,-59.714286,-0.5565217391304349,0.0020867551266586246,1.0,5,高档
202606,6901028143554,七匹狼(锋芒),一类烟,158.0,180.0,1.164,1.136,4.4872,39500.0,666.664,97.594502,2.884588,1.086387,158.0,6.376,6.312,829.0,556.0,522.0,62.97,93.88,99.0,519.0,95.46,99.43,,,0.0,,1.14,1.16,97.59,829.0,82.0,84.47,9.89,26.0,10.0,0.0,0.0,31.71,12.2,0.0,0.0,11.0,2026-06-01,6,2026,1.139240506329114,0.24210799607773223,586.8521126760564,-96.594502,-0.3156626506024096,0.005412786489746683,0.6706875753920386,5,高档
202606,6901028229074,天子(中支),一类烟,201.4,230.0,0.264,0.236,1.18826,50350.0,498.224,89.393939,0.724166,0.327391,201.4,0.344,0.336,829.0,141.0,46.0,5.55,32.62,97.67,45.0,34.85,97.83,,,0.0,,0.24,0.26,89.39,829.0,28.0,4.66,3.38,12.0,0.0,0.0,0.0,42.86,0.0,0.0,0.0,,2026-06-01,6,2026,1.1420059582919562,0.2755213505461767,2111.1186440677966,-88.393939,0.09259259259259256,0.0014333655006031364,0.1700844390832328,5,高档
202606,6901028182560,红金龙(硬红龙),三类烟,47.7,55.0,29.528,29.42,35.08335,11925.0,176.88,99.634245,22.55043,8.496381,47.7,,,829.0,,,0.0,,,,,,,,,,29.42,29.53,99.63,829.0,821.0,56.15,99.03,798.0,0.0,0.0,0.0,97.2,0.0,0.0,0.0,2.0,2026-06-01,6,2026,1.1530398322851152,0.24217701559286667,6.012236573759347,-98.634245,2.32654907281773,0.042320084439083236,,3,中档
202606,6901028001625,双喜(硬经典1906),二类烟,150.52,170.0,1.092,1.028,3.868364,37630.0,971.136,94.139194,2.48674,0.936587,150.52,1.452,1.424,829.0,829.0,132.0,15.92,15.92,98.07,119.0,9.83,90.15,,,0.0,,1.03,1.09,94.14,829.0,71.0,84.47,8.56,24.0,8.0,0.0,0.0,33.8,11.27,0.0,0.0,13.0,2026-06-01,6,2026,1.1294180175391975,0.24211449594712386,944.6848249027237,-93.139194,-0.32189973614775724,0.004666301568154403,1.0,5,高档
202606,6901028104241,哈尔滨(老巴夺),三类烟,97.0,110.0,,,,,0.0,,,,,,,,,,,,,,,,,,,,,,,,,,,,,,,,,,,,2026-06-01,6,2026,1.134020618556701,,,,,,,4,中高档
202606,6901028071536,中南海(5mg细支),二类烟,121.9,140.0,0.296,0.272,0.82892,30475.0,54.68,91.891892,0.532848,0.200714,121.9,0.004,0.004,829.0,4.0,1.0,0.12,25.0,100.0,1.0,25.0,100.0,,,0.0,,0.27,0.3,91.89,829.0,40.0,84.47,4.83,5.0,1.0,0.0,0.0,12.5,2.5,0.0,0.0,30.0,2026-06-01,6,2026,1.1484823625922886,0.24213916903923177,201.02941176470586,-90.891892,1.266666666666667,0.0009999034981905911,0.0048250904704463205,5,高档
202606,6901028180818,黄鹤楼(天下名楼),二类烟,139.92,160.0,1.54,1.516,5.302968,34980.0,737.896,98.441558,3.409109,1.283788,139.92,4.528,4.504,829.0,263.0,238.0,28.71,90.49,99.47,236.0,81.48,99.16,,,0.0,,1.52,1.54,98.44,829.0,135.0,17.91,16.28,67.0,24.0,0.0,0.0,49.63,17.78,0.0,0.0,6.0,2026-06-01,6,2026,1.1435105774728418,0.24208858133784703,486.7387862796833,-97.441558,-0.39359999999999995,0.006396825090470446,0.3172496984318456,5,高档
202606,6901028181815,红金龙(硬蓝爱你),三类烟,97.0,110.0,0.6,0.588,1.4259,24250.0,202.576,98.0,0.916545,0.345303,97.0,29.528,29.42,829.0,826.0,821.0,99.03,99.39,99.63,818.0,97.87,99.63,,,0.0,,0.59,0.6,98.0,829.0,147.0,5.11,17.73,0.0,0.0,0.0,0.0,0.0,0.0,0.0,0.0,,2026-06-01,6,2026,1.134020618556701,0.24216494845360828,344.5170068027211,-97.0,-0.44736842105263164,0.0017200241254523522,0.9963811821471653,4,中高档
202606,6901028000833,双喜(软经典),三类烟,97.0,110.0,25.44,25.332,61.4301,24250.0,142.664,99.575472,39.486257,14.876215,97.0,1.092,1.028,829.0,829.0,71.0,8.56,8.56,94.14,37.0,1.95,52.11,,,0.0,,25.33,25.44,99.58,829.0,787.0,56.15,94.93,722.0,0.0,0.0,0.0,91.74,0.0,0.0,0.0,6.0,2026-06-01,6,2026,1.134020618556701,0.24216491589627884,5.631770093162797,-98.575472,inf,0.07410144752714114,1.0,4,中高档
202606,6901028136891,金圣(硬红·十二生肖),三类烟,61.5,70.0,,,,,59.656,,,,,,,,,,,,,,,,,,,,,,,,,,,,,,,,,,,,2026-06-01,6,2026,1.1382113821138211,,,,,,,3,中档
202606,6901028080521,钻石(细支荷花),一类烟,360.4,420.0,0.204,0.196,1.76596,90100.0,186.768,96.078431,1.017289,0.545517,360.4,0.752,0.744,829.0,829.0,66.0,7.96,7.96,98.94,32.0,2.25,48.48,,,0.0,,0.2,0.2,96.08,829.0,35.0,1.7,4.22,4.0,0.0,0.0,0.0,11.43,0.0,0.0,0.0,13.0,2026-06-01,6,2026,1.165371809100999,0.30890677025527197,952.8979591836735,-95.078431,-0.020000000000000018,0.002130229191797346,1.0,5,高档
202606,6901028196024,白沙(软和天下),一类烟,720.8,1000.0,0.048,0.048,0.86496,180200.0,20.112,100.0,0.499085,0.266367,720.8,0.06,0.06,829.0,6.0,5.0,0.6,83.33,100.0,5.0,83.33,100.0,,,0.0,,0.05,0.05,100.0,829.0,4.0,0.27,0.48,4.0,0.0,0.0,0.0,100.0,0.0,0.0,0.0,,2026-06-01,6,2026,1.3873473917869035,0.30795296892341845,418.99999999999994,-99.0,0.0,0.0010433775633293123,0.007237635705669481,5,高档
202606,6901028218184,黄鹤楼(感恩中支),一类烟,225.0,260.0,,,,,455.804,,,,225.0,3.788,3.752,829.0,464.0,326.0,39.32,70.26,99.05,320.0,64.38,98.16,,,0.0,,,,,,,,,,,,,,,,,,2026-06-01,6,2026,1.1555555555555554,,,,,,0.5597104945717732,5,高档
202606,6901028018630,中华(金中支),一类烟,678.4,800.0,0.004,0.004,0.06784,169600.0,49.252,100.0,0.039125,0.02091,678.4,0.06,0.056,829.0,17.0,14.0,1.69,82.35,93.33,14.0,82.35,100.0,,,0.0,,0.0,0.0,100.0,829.0,1.0,0.14,0.12,0.0,0.0,0.0,0.0,0.0,0.0,0.0,0.0,1.0,2026-06-01,6,2026,1.179245283018868,0.30822523584905664,12313.0,-99.0,,8.18335343787696e-05,0.020506634499396863,5,高档
202606,6901028143448,万宝路(软红2.0),二类烟,143.1,160.0,0.004,0.0,0.0,,18.764,0.0,0.0,0.0,143.1,0.1,0.1,829.0,17.0,12.0,1.45,70.59,100.0,11.0,75.76,91.67,,,0.0,,,,,,,,,,,,,,,,,,2026-06-01,6,2026,1.1180992313067786,,,1.0,-1.0,0.0,0.020506634499396863,5,高档
202606,6901028159548,泰山(硬红八喜),三类烟,57.24,65.0,0.004,0.0,0.0,,120.92,0.0,0.0,0.0,57.24,0.652,0.636,829.0,376.0,90.0,10.86,23.94,97.55,85.0,24.65,94.44,,,0.0,,,,,,,,,,,,,,,,,,2026-06-01,6,2026,1.1355695317959469,,,1.0,,0.0,0.45355850422195415,3,中档
202606,6901028084925,长城(醇雅薄荷),一类烟,158.4,180.0,0.198,0.1872,0.82368,44000.0,275.5404,94.545455,0.49611,0.232826,158.4,,,829.0,,,0.0,,,,,,,,,,0.19,0.2,94.55,829.0,36.0,84.47,4.34,11.0,5.0,0.0,0.0,30.56,13.89,0.0,0.0,11.0,2026-06-01,6,2026,1.1363636363636362,0.2826655982905983,1471.903846153846,-93.545455,-0.054545454545454564,0.0009935826296743064,,5,高档
202606,6901028133081,金圣(青瓷中支),一类烟,175.0,200.0,,,,,0.704,,,,,,,,,,,,,,,,,,,,,,,,,,,,,,,,,,,,2026-06-01,6,2026,1.1428571428571428,,,,,,,5,高档
202606,6901028178105,黄鹤楼(硬天下胜景),一类烟,212.0,260.0,0.972,0.972,5.1516,53000.0,387.348,100.0,3.13956,1.419363,212.0,,,829.0,,,0.0,,,,,,,,,,0.97,0.97,100.0,829.0,112.0,7.56,13.51,54.0,15.0,0.0,0.0,48.21,13.39,0.0,0.0,4.0,2026-06-01,6,2026,1.2264150943396226,0.2755188679245283,398.5061728395062,-99.0,-0.5290697674418605,0.006214234016887817,,5,高档
202606,6901028230186,天子(C位),一类烟,201.4,230.0,0.344,0.336,1.69176,50350.0,87.364,97.674419,1.031016,0.466116,201.4,,,829.0,,,0.0,,,,,,,,,,0.34,0.34,97.67,829.0,46.0,6.64,5.55,16.0,2.0,0.0,0.0,34.78,4.35,0.0,0.0,18.0,2026-06-01,6,2026,1.1420059582919562,0.27552135054617677,260.01190476190476,-96.674419,-0.06666666666666654,0.002040723763570567,,5,高档
202606,6901028204026,万宝路(硬冰爵2.0),一类烟,225.0,260.0,0.1,0.1,0.5625,56250.0,116.148,100.0,0.347925,0.149868,225.0,0.016,0.016,829.0,6.0,4.0,0.48,66.67,100.0,4.0,66.67,100.0,,,0.0,,0.1,0.1,100.0,829.0,12.0,0.85,1.45,6.0,0.0,0.0,0.0,50.0,0.0,0.0,0.0,5.0,2026-06-01,6,2026,1.1555555555555554,0.266432,1161.4799999999998,-99.0,5.25,0.0006785283474065139,0.007237635705669481,5,高档
202606,6901028018722,中华(双中支),一类烟,424.0,500.0,0.06,0.056,0.5936,106000.0,126.876,93.333333,0.34195,0.183358,424.0,4.368,4.332,829.0,829.0,433.0,52.23,52.23,99.18,428.0,46.5,98.85,,,0.0,,0.06,0.06,93.33,829.0,14.0,0.58,1.69,0.0,0.0,0.0,0.0,0.0,0.0,0.0,0.0,5.0,2026-06-01,6,2026,1.179245283018868,0.30889150943396226,2265.6428571428573,-92.333333,0.16666666666666674,0.000716043425814234,1.0,5,高档
202606,6901028063371,白沙(硬新精品二代),三类烟,97.0,110.0,5.408,5.32,12.901,24250.0,887.876,98.372781,8.292567,3.124153,97.0,0.784,0.776,829.0,262.0,155.0,18.7,59.16,98.98,155.0,63.4,100.0,,,0.0,,5.32,5.41,98.37,829.0,645.0,30.2,77.8,52.0,0.0,0.0,0.0,8.06,0.0,0.0,0.0,18.0,2026-06-01,6,2026,1.134020618556701,0.24216363072630032,166.893984962406,-97.372781,1.4675324675324677,0.015562123039806997,0.316043425814234,4,中高档
202606,6901028138536,七匹狼(软灰),一类烟,185.5,210.0,0.752,0.744,3.4503,46375.0,263.86,98.93617,2.102758,0.950618,185.5,,,829.0,,,0.0,,,,,,,,,,0.74,0.75,98.94,829.0,66.0,84.47,7.96,14.0,4.0,0.0,0.0,21.21,6.06,0.0,0.0,28.0,2026-06-01,6,2026,1.1320754716981132,0.2755174912326464,354.65053763440864,-97.93617,-0.04615384615384621,0.0041620024125452355,,5,高档
202606,6901028180580,黄鹤楼(软蓝),一类烟,164.3,190.0,38.508,38.384,157.66228,41075.0,10296.188,99.677989,101.353417,38.170713,164.3,0.1,0.1,829.0,8.0,8.0,0.97,100.0,100.0,8.0,96.15,100.0,,,0.0,,38.38,38.51,99.68,829.0,793.0,88.12,95.66,753.0,681.0,80.0,0.0,94.96,85.88,10.09,0.0,5.0,2026-06-01,6,2026,1.1564211807668898,0.24210428137916054,268.24166319299707,-98.677989,0.2651285431773236,0.19018369119420991,0.009650180940892641,5,高档
202606,6901028315432,红塔山(硬经典100),三类烟,97.0,110.0,0.008,0.0,0.0,,937.468,0.0,0.0,0.0,97.0,0.628,0.552,829.0,829.0,48.0,5.79,5.79,87.9,19.0,1.39,39.58,,,0.0,,,,,,,,,,,,,,,,,,2026-06-01,6,2026,1.134020618556701,,,1.0,,0.0,1.0,4,中高档
202606,6901028013611,真龙(海韵),一类烟,445.2,500.0,,,,,3.04,,,,,,,,,,,,,,,,,,,,,,,,,,,,,,,,,,,,2026-06-01,6,2026,1.1230907457322552,,,,,,,5,高档
202606,6901028936477,好猫(猴王磨砂),三类烟,106.0,120.0,,,,,3.72,,,,,,,,,,,,,,,,,,,,,,,,,,,,,,,,,,,,2026-06-01,6,2026,1.1320754716981132,,,,,,,5,高档
202606,6901028045919,云烟(软珍品),一类烟,206.7,230.0,0.46,0.456,2.35638,51675.0,1127.112,99.130435,1.436075,0.649213,206.7,14.944,14.692,829.0,829.0,524.0,63.21,63.21,98.31,450.0,39.05,85.88,,,0.0,,0.46,0.46,99.13,829.0,70.0,31.12,8.44,19.0,0.0,0.0,0.0,27.14,0.0,0.0,0.0,6.0,2026-06-01,6,2026,1.1127237542331883,0.2755128629507974,2471.7368421052633,-98.130435,-0.2191780821917807,0.0028424366706875756,1.0,5,高档
202606,6901028057080,双喜(硬晶彩好日子),一类烟,158.0,180.0,0.964,0.932,3.6814,39500.0,275.684,96.680498,2.366586,0.891304,158.0,0.004,0.0,829.0,,,0.0,,0.0,,,,,,,,0.93,0.96,96.68,829.0,77.0,76.88,9.29,28.0,9.0,0.0,0.0,36.36,11.69,0.0,0.0,11.0,2026-06-01,6,2026,1.139240506329114,0.24211006682240452,295.79828326180257,-95.680498,0.6884057971014492,0.004440772014475272,,5,高档
202606,6901028012003,真龙(凌云),二类烟,121.9,150.0,1.004,1.004,3.05969,30475.0,46.604,100.0,1.966853,0.740899,121.9,0.964,0.932,829.0,829.0,77.0,9.29,9.29,96.68,58.0,3.77,75.32,,,0.0,,1.0,1.0,100.0,829.0,166.0,11.24,20.02,34.0,15.0,0.0,0.0,20.48,9.04,0.0,0.0,6.0,2026-06-01,6,2026,1.2305168170631664,0.24214838758174848,46.418326693227094,-99.0,-0.4781704781704782,0.003690820265379976,1.0,5,高档
202606,6901028141147,七匹狼(蓝),三类烟,71.0,80.0,,,,,574.7,,,,71.0,1.164,1.136,829.0,829.0,82.0,9.89,9.89,97.59,47.0,3.44,57.32,,,0.0,,,,,,,,,,,,,,,,,,2026-06-01,6,2026,1.1267605633802817,,,,,,1.0,4,中高档
202606,6901028119009,利群(西子阳光),一类烟,275.6,310.0,0.24,0.236,1.62604,68900.0,77.412,98.333333,0.936684,0.502279,275.6,0.888,0.856,829.0,207.0,96.0,11.58,46.38,96.4,91.0,35.91,94.79,,,0.0,,0.24,0.24,98.33,829.0,41.0,9.23,4.95,6.0,0.0,0.0,0.0,14.63,0.0,0.0,0.0,35.0,2026-06-01,6,2026,1.1248185776487662,0.30889707510270353,328.0169491525424,-97.333333,4.8999999999999995,0.001961447527141134,0.24969843184559712,5,高档
202606,6901028312356,云烟(细支大重九),一类烟,848.0,1000.0,0.176,0.172,3.6464,212000.0,72.816,97.727273,2.101028,1.125864,848.0,,,829.0,,,0.0,,,,,,,,,,0.17,0.18,97.73,829.0,26.0,33.03,3.14,4.0,0.0,0.0,0.0,15.38,0.0,0.0,0.0,24.0,2026-06-01,6,2026,1.179245283018868,0.30876042123738484,423.34883720930236,-96.727273,9.749999999999998,0.004398552472858866,,5,高档
202606,6901028046893,云烟(紫),二类烟,114.5,130.0,14.944,14.692,42.05585,28625.0,2198.56,98.313705,27.033293,10.184271,114.5,0.276,0.264,829.0,829.0,41.0,4.95,4.95,95.65,40.0,6.38,97.56,,,0.0,,14.69,14.94,98.31,829.0,524.0,84.37,63.21,334.0,191.0,0.0,0.0,63.74,36.45,0.0,0.0,9.0,2026-06-01,6,2026,1.1353711790393013,0.24216062688068368,149.64334331609038,-97.313705,1.503749147920927,0.05073082026537998,1.0,5,高档
202606,6901028084772,娇子(格调细支),二类烟,129.3,150.0,2.948,2.832,9.15444,32325.0,1233.716,96.065129,5.884925,2.21629,129.3,0.688,0.668,829.0,829.0,77.0,9.29,9.29,97.09,66.0,6.65,85.71,,,0.0,,2.83,2.95,96.07,829.0,179.0,84.47,21.59,74.0,29.0,0.0,0.0,41.34,16.2,0.0,0.0,16.0,2026-06-01,6,2026,1.160092807424594,0.24210000830198244,435.63418079096044,-95.065129,0.012875536480686733,0.011042750301568153,1.0,5,高档
202606,6901028118187,利群(新版),二类烟,143.1,160.0,14.284,14.212,50.84343,35775.0,1859.228,99.49594,32.684056,12.310268,143.1,0.392,0.38,829.0,206.0,64.0,7.72,31.07,96.94,64.0,31.67,100.0,,,0.0,,14.21,14.28,99.5,829.0,810.0,92.31,97.71,788.0,657.0,304.0,0.0,97.28,81.11,37.53,0.0,6.0,2026-06-01,6,2026,1.1180992313067786,0.24212111574691167,130.82099634112018,-98.49594,0.5454545454545454,0.06133103739445114,0.24849215922798554,5,高档
202606,6901028184250,黄鹤楼(硬1916),一类烟,848.0,1000.0,0.016,0.0,0.0,,0.0,0.0,0.0,0.0,848.0,0.976,0.936,829.0,115.0,90.0,10.86,78.26,95.9,90.0,68.02,100.0,,,0.0,,,,,,,,,,,,,,,,,,2026-06-01,6,2026,1.179245283018868,,,1.0,,0.0,0.13872135102533173,5,高档
202606,6901028188029,黄鹤楼(硬峡谷情细支),一类烟,263.0,300.0,4.996,4.92,32.349,65750.0,2137.8,98.478783,18.634988,9.992415,263.0,3.968,3.936,829.0,427.0,401.0,48.37,93.91,99.19,401.0,84.9,100.0,,,0.0,,4.92,5.0,98.48,829.0,418.0,60.06,50.42,236.0,61.0,0.0,0.0,56.46,14.59,0.0,0.0,62.0,2026-06-01,6,2026,1.1406844106463878,0.30889409255309286,434.51219512195127,-97.478783,2.682634730538922,0.03902171290711701,0.5150784077201448,5,高档
202606,6901028039758,贵烟(硬黄精品),二类烟,114.5,130.0,1.184,1.164,3.33195,28625.0,115.664,98.310811,2.141762,0.806941,114.5,3.504,3.432,829.0,829.0,162.0,19.54,19.54,97.95,103.0,8.66,63.58,,,0.0,,1.16,1.18,98.31,829.0,199.0,56.45,24.0,92.0,0.0,0.0,0.0,46.23,0.0,0.0,0.0,98.0,2026-06-01,6,2026,1.1353711790393013,0.24218280586443375,99.36769759450172,-97.310811,0.11494252873563204,0.0040192400482509045,1.0,5,高档
202606,6901028325257,玉溪(细支缤果爆),一类烟,225.0,260.0,0.244,0.244,1.3725,56250.0,76.24,100.0,0.836494,0.378138,225.0,14.284,14.212,829.0,829.0,810.0,97.71,97.71,99.5,810.0,94.77,100.0,,,0.0,,0.24,0.24,100.0,829.0,48.0,2.79,5.79,13.0,0.0,0.0,0.0,27.08,0.0,0.0,0.0,25.0,2026-06-01,6,2026,1.1555555555555554,0.27551038251366117,312.4590163934426,-99.0,1.0333333333333332,0.0016556091676718939,1.0,5,高档
202606,6901028042635,娇子(宽窄好运),一类烟,263.0,300.0,0.216,0.196,1.2887,65750.0,564.456,90.740741,0.74249,0.397936,263.0,13.74,13.68,829.0,826.0,726.0,87.58,87.89,99.56,716.0,80.77,98.62,,,0.0,,0.2,0.22,90.74,829.0,32.0,84.47,3.86,12.0,5.0,0.0,0.0,37.5,15.63,0.0,0.0,4.0,2026-06-01,6,2026,1.1406844106463878,0.3087887017925041,2879.877551020408,-89.740741,0.3999999999999999,0.0015545235223160434,0.9963811821471653,5,高档
202606,6901028149921,哈德门(纯香),三类烟,47.7,55.0,15.768,15.732,18.76041,11925.0,22.048,99.771689,12.058578,4.543161,47.7,1.004,0.988,829.0,747.0,247.0,29.79,33.07,98.41,247.0,33.07,100.0,,,0.0,,15.73,15.77,99.77,829.0,780.0,47.53,94.09,513.0,0.0,0.0,0.0,65.77,0.0,0.0,0.0,13.0,2026-06-01,6,2026,1.1530398322851152,0.24216746862142136,1.4014747012458681,-98.771689,-0.0005082592121983254,0.022630168878166466,0.9010856453558505,3,中档
202606,6901028151634,泰山(白将军),二类烟,114.5,130.0,1.004,0.988,2.82815,28625.0,74.704,98.406374,1.81792,0.684931,114.5,0.848,0.844,829.0,606.0,117.0,14.11,19.31,99.53,113.0,22.69,96.58,,,0.0,,0.99,1.0,98.41,829.0,247.0,25.43,29.79,0.0,0.0,0.0,0.0,0.0,0.0,0.0,0.0,7.0,2026-06-01,6,2026,1.1353711790393013,0.24218340611353711,75.61133603238866,-97.406374,-0.2537764350453172,0.0034115199034981903,0.7310012062726177,5,高档
202606,6901028145077,娇子(宽窄好运细支),一类烟,225.0,260.0,0.688,0.668,3.7575,56250.0,690.332,97.093023,2.290116,1.035136,225.0,,,829.0,,,0.0,,,,,,,,,,0.67,0.69,97.09,829.0,77.0,57.27,9.29,35.0,3.0,0.0,0.0,45.45,3.9,0.0,0.0,13.0,2026-06-01,6,2026,1.1555555555555554,0.27548529607451766,1033.4311377245508,-96.093023,0.21897810218978098,0.004532569360675512,,5,高档
202606,6901028179492,红金龙(软蓝九州腾龙),四类烟,38.16,45.0,,,,,0.024,,,,,,,,,,,,,,,,,,,,,,,,,,,,,,,,,,,,2026-06-01,6,2026,1.179245283018868,,,,,,,3,中档
202606,6901028179348,黄鹤楼(软红),一类烟,227.9,260.0,8.676,8.648,49.27198,56975.0,3501.78,99.677271,30.028018,13.575275,227.9,1.972,1.94,829.0,196.0,142.0,17.13,72.45,98.38,140.0,59.07,98.59,,,0.0,,8.65,8.68,99.68,829.0,565.0,67.72,68.15,450.0,205.0,0.0,0.0,79.65,36.28,0.0,0.0,13.0,2026-06-01,6,2026,1.1408512505484862,0.27551713976178754,404.92368177613326,-98.677271,0.7692307692307692,0.059435440289505426,0.23642943305186973,5,高档
202606,6901028172936,黄金叶(乐途硬),一类烟,175.0,200.0,,,,,397.012,,,,,,,,,,,,,,,,,,,,,,,,,,,,,,,,,,,,2026-06-01,6,2026,1.1428571428571428,,,,,,,5,高档
202606,6901028165242,黄金叶(爱尚),二类烟,139.92,160.0,0.98,0.928,3.246144,34980.0,1242.168,94.693878,2.08684,0.785862,139.92,0.128,0.108,829.0,829.0,11.0,1.33,1.33,84.38,11.0,1.07,100.0,,,0.0,,0.93,0.98,94.69,829.0,68.0,84.47,8.2,21.0,5.0,0.0,0.0,30.88,7.35,0.0,0.0,17.0,2026-06-01,6,2026,1.1435105774728418,0.24209092387768377,1338.5431034482756,-93.693878,-0.3846153846153846,0.0039157346200241255,1.0,5,高档
202606,6901028114455,苏烟(软金砂),一类烟,381.6,450.0,,,,,0.0,,,,,,,,,,,,,,,,,,,,,,,,,,,,,,,,,,,,2026-06-01,6,2026,1.1792452830188678,,,,,,,5,高档
202606,6901028242066,黄鹤楼(硬峡谷情),一类烟,339.2,400.0,0.028,0.0,0.0,,575.9,0.0,0.0,0.0,339.2,0.404,0.404,829.0,64.0,54.0,6.51,84.38,100.0,54.0,82.79,100.0,,,0.0,,,,,,,,,,,,,,,,,,2026-06-01,6,2026,1.179245283018868,,,1.0,-1.0,0.0,0.07720144752714113,5,高档
202606,6901028058148,好猫(细支长乐),二类烟,139.92,160.0,0.752,0.74,2.58852,34980.0,919.052,98.404255,1.664083,0.626654,139.92,0.184,0.18,829.0,829.0,27.0,3.26,3.26,97.83,27.0,3.7,100.0,,,0.0,,0.74,0.75,98.4,829.0,67.0,84.47,8.08,24.0,7.0,0.0,0.0,35.82,10.45,0.0,0.0,18.0,2026-06-01,6,2026,1.1435105774728418,0.24208968831610345,1241.9621621621623,-97.404255,-0.34397163120567376,0.0031224607961399275,1.0,5,高档
202606,4891132530116,红双喜(南洋经典),三类烟,67.95,80.0,0.008,0.0,0.0,,76.536,0.0,0.0,0.0,67.95,,,829.0,1.0,,0.0,0.0,,,0.0,,,,,,,,,,,,,,,,,,,,,,2026-06-01,6,2026,1.177336276674025,,,1.0,,0.0,0.0012062726176115801,4,中高档
202606,6901028025645,娇子(时代阳光),三类烟,71.0,80.0,0.016,0.0,0.0,,389.616,0.0,0.0,0.0,71.0,0.216,0.196,829.0,829.0,32.0,3.86,3.86,90.74,32.0,1.98,100.0,,,0.0,,,,,,,,,,,,,,,,,,2026-06-01,6,2026,1.1267605633802817,,,1.0,,0.0,1.0,4,中高档
202606,6901028936996,好猫(招财猫1600),一类烟,158.0,180.0,,,,,330.396,,,,,,,,,,,,,,,,,,,,,,,,,,,,,,,,,,,,2026-06-01,6,2026,1.139240506329114,,,,,,,5,高档
202606,6901028252959,黄金叶(大成),一类烟,263.0,300.0,0.372,0.36,2.367,65750.0,211.524,96.774194,1.3635,0.731191,263.0,0.008,0.0,829.0,,,0.0,,0.0,,,,,,,,0.36,0.37,96.77,829.0,40.0,69.19,4.83,13.0,6.0,0.0,0.0,32.5,15.0,0.0,0.0,19.0,2026-06-01,6,2026,1.1406844106463878,0.3089104351499789,587.5666666666667,-95.774194,0.0843373493975903,0.0028552472858866104,,5,高档
202606,6901028218757,黄鹤楼(硬蓝),一类烟,175.0,200.0,0.02,0.02,0.0875,43750.0,514.536,100.0,0.053325,0.02411,175.0,0.064,0.064,829.0,8.0,8.0,0.97,100.0,100.0,8.0,100.0,100.0,,,0.0,,0.02,0.02,100.0,829.0,5.0,0.2,0.6,0.0,0.0,0.0,0.0,0.0,0.0,0.0,0.0,,2026-06-01,6,2026,1.1428571428571428,0.27554285714285714,25726.799999999996,-99.0,-0.9425287356321839,0.00010554885404101326,0.009650180940892641,5,高档
202606,6901028102094,贵烟(红中支),一类烟,263.0,300.0,,,,,12.428,,,,,,,,,,,,,,,,,,,,,,,,,,,,,,,,,,,,2026-06-01,6,2026,1.1406844106463878,,,,,,,5,高档
202606,6901028180634,红金龙(软虹之彩),五类烟,19.08,25.0,0.012,0.0,0.0,,0.0,0.0,0.0,0.0,19.08,0.6,0.588,829.0,150.0,147.0,17.73,98.0,98.0,147.0,98.0,100.0,,,0.0,,,,,,,,,,,,,,,,,,2026-06-01,6,2026,1.310272536687631,,,1.0,,0.0,0.18094089264173704,2,中低档
202606,6901028212229,中华(细支),一类烟,424.0,500.0,0.16,0.152,1.6112,106000.0,61.972,95.0,0.928164,0.497672,424.0,0.04,0.04,829.0,6.0,6.0,0.72,100.0,100.0,6.0,100.0,100.0,,,0.0,,0.15,0.16,95.0,829.0,36.0,7.12,4.34,0.0,0.0,0.0,0.0,0.0,0.0,0.0,0.0,26.0,2026-06-01,6,2026,1.179245283018868,0.30888282025819264,407.7105263157895,-94.0,-0.33333333333333337,0.001943546441495778,0.007237635705669481,5,高档
202606,6901028187855,黄鹤楼(软1916),一类烟,848.0,1000.0,0.292,0.292,6.1904,212000.0,285.876,100.0,3.56605,1.912162,848.0,4.996,4.92,829.0,829.0,418.0,50.42,50.42,98.48,395.0,38.0,94.5,,,0.0,,0.29,0.29,100.0,829.0,34.0,2.35,4.1,15.0,2.0,0.0,0.0,44.12,5.88,0.0,0.0,4.0,2026-06-01,6,2026,1.179245283018868,0.3088915094339622,979.0273972602739,-99.0,5.083333333333333,0.007467310012062726,1.0,5,高档
202606,6901028218153,黄鹤楼(金典中支),一类烟,381.6,450.0,0.408,0.408,3.89232,95400.0,3.744,100.0,2.242164,1.202376,381.6,,,829.0,,,0.0,,,,,,,,,,0.41,0.41,100.0,829.0,79.0,5.48,9.53,11.0,0.0,0.0,0.0,13.92,0.0,0.0,0.0,41.0,2026-06-01,6,2026,1.1792452830188678,0.3089098532494759,9.176470588235295,-99.0,0.569230769230769,0.004695199034981906,,5,高档
202606,6901028010771,中南海(冰耀中支),一类烟,201.4,230.0,0.136,0.132,0.66462,50350.0,79.004,97.058824,0.405042,0.183117,201.4,0.164,0.164,829.0,64.0,26.0,3.14,40.63,100.0,26.0,51.25,100.0,,,0.0,,0.13,0.14,97.06,829.0,21.0,1.5,2.53,8.0,0.0,0.0,0.0,38.1,0.0,0.0,0.0,5.0,2026-06-01,6,2026,1.1420059582919562,0.27552135054617677,598.5151515151515,-96.058824,-0.2142857142857143,0.0008017129071170085,0.07720144752714113,5,高档
202606,6901028024976,娇子(X),三类烟,97.0,110.0,4.584,4.552,11.0386,24250.0,1655.464,99.30192,7.095445,2.673147,97.0,0.016,0.0,829.0,,,0.0,,0.0,,,,,,,,4.55,4.58,99.3,829.0,381.0,51.62,45.96,195.0,28.0,0.0,0.0,51.18,7.35,0.0,0.0,22.0,2026-06-01,6,2026,1.134020618556701,0.24216358958563586,363.67838312829525,-98.30192,-0.05950413223140505,0.01331556091676719,,4,中高档
202606,6901028177153,云烟(硬苁蓉),二类烟,114.5,130.0,,,,,295.284,,,,,,,,,,,,,,,,,,,,,,,,,,,,,,,,,,,,2026-06-01,6,2026,1.1353711790393013,,,,,,,5,高档
202606,6901028107150,钻石(双中支荷花),一类烟,381.6,450.0,,,,,20.428,,,,,,,,,,,,,,,,,,,,,,,,,,,,,,,,,,,,2026-06-01,6,2026,1.1792452830188678,,,,,,,5,高档
202606,6901028179270,红金龙(软精品),三类烟,90.1,110.0,31.74,31.632,71.25108,22525.0,427.208,99.659735,45.803148,17.250999,90.1,68.024,67.852,829.0,829.0,817.0,98.55,98.55,99.75,807.0,94.02,98.78,,,0.0,,31.63,31.74,99.66,829.0,829.0,84.37,100.0,821.0,797.0,0.0,0.0,99.03,96.14,0.0,0.0,5.0,2026-06-01,6,2026,1.2208657047724751,0.2421156142475314,13.505563985837128,-98.659735,0.3401118454499239,0.08594822677925211,1.0,4,中高档
202606,6901028314459,玉溪(硬和谐),一类烟,339.2,400.0,,,,,0.004,,,,,,,,,,,,,,,,,,,,,,,,,,,,,,,,,,,,2026-06-01,6,2026,1.179245283018868,,,,,,,5,高档
202606,6901028118828,利群(长嘴),一类烟,190.8,220.0,0.392,0.38,1.8126,47700.0,470.788,96.938776,1.10466,0.499415,190.8,0.24,0.236,829.0,207.0,41.0,4.95,19.81,98.33,39.0,18.61,95.12,,,0.0,,0.38,0.39,96.94,829.0,64.0,8.99,7.72,12.0,7.0,0.0,0.0,18.75,10.94,0.0,0.0,8.0,2026-06-01,6,2026,1.1530398322851152,0.27552410901467506,1238.9157894736843,-95.938776,0.532258064516129,0.00218648974668275,0.24969843184559712,5,高档
202606,6901028075015,中华(硬),一类烟,381.6,450.0,4.368,4.332,41.32728,95400.0,1121.724,99.175824,23.806506,12.766404,381.6,2.196,2.148,829.0,824.0,255.0,30.76,30.95,97.81,237.0,28.66,92.94,,,0.0,,4.33,4.37,99.18,829.0,433.0,59.62,52.23,247.0,108.0,0.0,0.0,57.04,24.94,0.0,0.0,33.0,2026-06-01,6,2026,1.1792452830188678,0.3089098532494759,258.93905817174516,-98.175824,0.22234762979683964,0.04985196622436671,0.9939686369119421,5,高档
202606,6901028224642,金圣(青瓷),一类烟,158.0,180.0,1.812,1.78,7.031,39500.0,1181.08,98.233996,4.519865,1.702282,158.0,0.8,0.772,829.0,829.0,94.0,11.34,11.34,96.5,82.0,10.56,87.23,,,0.0,,1.78,1.81,98.23,829.0,181.0,67.21,21.83,82.0,25.0,0.0,0.0,45.3,13.81,0.0,0.0,6.0,2026-06-01,6,2026,1.139240506329114,0.2421109372777699,663.5280898876404,-97.233996,0.09876543209876543,0.00848130277442702,1.0,5,高档
202606,6901028164177,红旗渠(雪茄),四类烟,44.5,50.0,0.008,0.0,0.0,,0.048,0.0,0.0,0.0,44.5,4.584,4.552,829.0,829.0,381.0,45.96,45.96,99.3,362.0,38.64,95.01,,,0.0,,,,,,,,,,,,,,,,,,2026-06-01,6,2026,1.1235955056179776,,,1.0,,0.0,1.0,3,中档
202606,6901028191142,白沙(硬),三类烟,71.0,80.0,0.008,0.0,0.0,,203.524,0.0,0.0,0.0,71.0,0.048,0.048,829.0,4.0,4.0,0.48,100.0,100.0,4.0,100.0,100.0,,,0.0,,,,,,,,,,,,,,,,,,2026-06-01,6,2026,1.1267605633802817,,,1.0,,0.0,0.0048250904704463205,4,中高档
202606,6901028180603,红金龙(硬神州腾龙),三类烟,57.24,65.0,68.024,67.852,97.096212,14310.0,2067.924,99.747148,62.42384,23.501723,57.24,0.012,0.0,829.0,,,0.0,,0.0,,,,,,,,67.85,68.02,99.75,829.0,817.0,84.37,98.55,796.0,742.0,0.0,0.0,97.43,90.82,0.0,0.0,5.0,2026-06-01,6,2026,1.1355695317959469,0.2420457247086014,30.476979307905438,-98.747148,-0.08054637107702323,0.11712450180940892,,3,中档
202606,6901028145473,娇子(五粮浓香中支),一类烟,424.0,500.0,,,,,80.316,,,,424.0,0.404,0.4,829.0,606.0,72.0,8.69,11.88,99.01,72.0,13.16,100.0,,,0.0,,,,,,,,,,,,,,,,,,2026-06-01,6,2026,1.179245283018868,,,,,,0.7310012062726177,5,高档
202606,6901028216166,利群(软蓝),一类烟,159.0,180.0,2.3,2.232,8.8722,39750.0,287.708,97.043478,5.703342,2.148276,159.0,,,829.0,,,0.0,,,,,,,,,,2.23,2.3,97.04,829.0,239.0,54.38,28.83,84.0,20.0,0.0,0.0,35.15,8.37,0.0,0.0,110.0,2026-06-01,6,2026,1.1320754716981132,0.24213565970108883,128.90143369175627,-96.043478,0.47229551451187346,0.010702291917973462,,5,高档
202606,6901028178648,黄鹤楼(珍品细支),一类烟,381.6,450.0,0.556,0.552,5.26608,95400.0,183.16,99.280576,3.033516,1.626744,381.6,10.632,10.496,829.0,829.0,688.0,82.99,82.99,98.72,681.0,72.07,98.98,,,0.0,,0.55,0.56,99.28,829.0,113.0,7.73,13.63,11.0,0.0,0.0,0.0,9.73,0.0,0.0,0.0,73.0,2026-06-01,6,2026,1.1792452830188678,0.3089098532494759,331.8115942028985,-98.280576,4.75,0.00635232810615199,1.0,5,高档
202606,6901028165860,黄金叶(天叶细支),一类烟,848.0,1000.0,0.128,0.108,2.2896,212000.0,17.724,84.375,1.31897,0.707218,848.0,0.024,0.024,829.0,8.0,6.0,0.72,75.0,100.0,6.0,75.0,100.0,,,0.0,,0.11,0.13,84.38,829.0,11.0,57.51,1.33,5.0,3.0,0.0,0.0,45.45,27.27,0.0,0.0,4.0,2026-06-01,6,2026,1.179245283018868,0.3088827742837177,164.11111111111111,-83.375,-0.7954545454545454,0.002761881785283474,0.009650180940892641,5,高档
202606,6901028172509,黄金叶(商鼎),一类烟,175.0,200.0,1.804,1.764,7.7175,43750.0,616.788,97.782705,4.703414,2.126217,175.0,0.372,0.36,829.0,829.0,40.0,4.83,4.83,96.77,31.0,2.99,77.5,,,0.0,,1.76,1.8,97.78,829.0,140.0,84.47,16.89,59.0,19.0,0.0,0.0,42.14,13.57,0.0,0.0,9.0,2026-06-01,6,2026,1.1428571428571428,0.27550592808551994,349.6530612244898,-96.782705,-0.06170212765957439,0.00930940892641737,1.0,5,高档
202606,6901028136686,金圣(硬滕王阁),三类烟,97.0,110.0,6.008,5.952,14.4336,24250.0,881.644,99.067909,9.277697,3.495295,97.0,3.412,3.376,829.0,829.0,214.0,25.81,25.81,98.94,173.0,12.23,80.84,,,0.0,,5.95,6.01,99.07,829.0,594.0,33.88,71.65,136.0,0.0,0.0,0.0,22.9,0.0,0.0,0.0,8.0,2026-06-01,6,2026,1.134020618556701,0.24216377064626982,148.12567204301075,-98.067909,1.0327868852459017,0.017410856453558506,1.0,4,中高档
202606,6901028185912,黄鹤楼(硬红),一类烟,190.8,220.0,42.848,42.632,203.35464,47700.0,4493.564,99.495892,123.931313,56.028979,190.8,1.82,1.812,829.0,318.0,149.0,17.97,46.86,99.56,135.0,34.01,90.6,,,0.0,,42.63,42.85,99.5,829.0,809.0,95.34,97.59,781.0,720.0,275.0,0.0,96.54,89.0,33.99,0.0,5.0,2026-06-01,6,2026,1.1530398322851152,0.2755234844899531,105.40354663163822,-98.495892,0.33425137706559815,0.24530113389626054,0.3835946924004825,5,高档
202606,6901028009744,双喜(勿忘我),一类烟,175.0,200.0,0.848,0.78,3.4125,43750.0,258.32,91.981132,2.079675,0.940246,175.0,0.12,0.108,829.0,829.0,15.0,1.81,1.81,90.0,15.0,1.09,100.0,,,0.0,,0.78,0.85,91.98,829.0,58.0,84.47,7.0,22.0,9.0,0.0,0.0,37.93,15.52,0.0,0.0,11.0,2026-06-01,6,2026,1.1428571428571428,0.2755299633699634,331.1794871794872,-90.981132,0.04278074866310155,0.004116405307599518,1.0,5,高档
202606,6901028314985,红塔山(硬经典),三类烟,75.0,85.0,4.892,4.876,9.1425,18750.0,970.936,99.672935,5.876799,2.213704,75.0,0.008,0.0,829.0,,,0.0,,0.0,,,,,,,,4.88,4.89,99.67,829.0,687.0,34.32,82.87,261.0,0.0,0.0,0.0,37.99,0.0,0.0,0.0,2.0,2026-06-01,6,2026,1.1333333333333333,0.2421333333333333,199.12551271534045,-98.672935,-0.07229832572298323,0.011028347406513872,,4,中高档
202606,6901028062015,苏烟(五星红杉树),一类烟,188.68,220.0,2.392,2.364,11.150988,47170.0,445.408,98.829431,6.795909,3.072244,188.68,0.04,0.04,829.0,4.0,4.0,0.48,100.0,100.0,4.0,100.0,100.0,,,0.0,,2.36,2.39,98.83,829.0,174.0,67.08,20.99,67.0,28.0,0.0,0.0,38.51,16.09,0.0,0.0,3.0,2026-06-01,6,2026,1.165995336018656,0.2755131652908245,188.4128595600677,-97.829431,-0.465158371040724,0.01345113148371532,0.0048250904704463205,5,高档
202606,6901028227285,天子(金),一类烟,167.48,200.0,2.376,2.324,9.730588,41870.0,2383.452,97.811448,6.255565,2.355481,167.48,0.264,0.236,829.0,85.0,28.0,3.38,32.94,89.39,26.0,26.58,92.86,,,0.0,,2.32,2.38,97.81,829.0,173.0,84.47,20.87,83.0,31.0,0.0,0.0,47.98,17.92,0.0,0.0,16.0,2026-06-01,6,2026,1.1941724385001196,0.24206974953620483,1025.581755593804,-96.811448,0.08193668528864051,0.01173774185765983,0.10253317249698432,5,高档
202606,6901028211352,七匹狼(纯境),二类烟,143.1,160.0,6.376,6.312,22.58118,35775.0,218.356,98.996236,14.516722,5.466545,143.1,2.148,2.132,829.0,724.0,300.0,36.19,41.44,99.26,300.0,40.02,100.0,,,0.0,,6.31,6.38,99.0,829.0,522.0,25.09,62.97,168.0,0.0,0.0,0.0,32.18,0.0,0.0,0.0,4.0,2026-06-01,6,2026,1.1180992313067786,0.24208411606479377,34.59378960709759,-97.996236,0.2892156862745099,0.027239059107358264,0.873341375150784,5,高档
202606,6901028936750,好猫(长乐),二类烟,121.9,140.0,1.108,1.0,3.0475,30475.0,299.268,90.252708,1.959006,0.737897,121.9,0.604,0.544,829.0,829.0,43.0,5.19,5.19,90.07,22.0,1.65,51.16,,,0.0,,1.0,1.11,90.25,829.0,81.0,84.47,9.77,24.0,5.0,0.0,0.0,29.63,6.17,0.0,0.0,9.0,2026-06-01,6,2026,1.1484823625922886,0.2421319114027892,299.268,-89.252708,-0.16943521594684385,0.0036761158021712905,1.0,5,高档
202606,6901028180009,黄鹤楼(软珍品),一类烟,530.0,650.0,1.972,1.94,25.705,132500.0,2090.38,98.377282,14.807535,7.940258,530.0,38.508,38.384,829.0,829.0,793.0,95.66,95.66,99.68,779.0,86.36,98.23,,,0.0,,1.94,1.97,98.38,829.0,142.0,16.07,17.13,95.0,43.0,0.0,0.0,66.9,30.28,0.0,0.0,1.0,2026-06-01,6,2026,1.2264150943396226,0.3088993581015367,1077.515463917526,-97.377282,0.3739376770538243,0.03100723763570567,1.0,5,高档
202606,6901028190602,黄鹤楼(软雪之景),二类烟,121.9,140.0,5.264,5.244,15.98109,30475.0,81.588,99.620061,10.272997,3.869448,121.9,0.408,0.408,829.0,141.0,79.0,9.53,56.03,100.0,78.0,56.35,98.73,,,0.0,,5.24,5.26,99.62,829.0,603.0,27.1,72.74,67.0,0.0,0.0,0.0,11.11,0.0,0.0,0.0,1.0,2026-06-01,6,2026,1.1484823625922886,0.2421266634503654,15.558352402745994,-98.620061,-0.34743653558984566,0.01927755126658625,0.1700844390832328,5,高档
202606,6901028150378,泰山(望岳),一类烟,167.48,190.0,,,,,179.744,,,,,,,,,,,,,,,,,,,,,,,,,,,,,,,,,,,,2026-06-01,6,2026,1.1344638165751135,,,,,,,5,高档
202606,6901028187343,黄鹤楼(硬8度),一类烟,158.0,180.0,1.82,1.812,7.1574,39500.0,373.516,99.56044,4.601138,1.732863,158.0,0.292,0.292,829.0,49.0,34.0,4.1,69.39,100.0,34.0,76.84,100.0,,,0.0,,1.81,1.82,99.56,829.0,149.0,25.26,17.97,77.0,37.0,0.0,0.0,51.68,24.83,0.0,0.0,2.0,2026-06-01,6,2026,1.139240506329114,0.2421078883393411,206.1346578366446,-98.56044,-0.040254237288135486,0.008633775633293124,0.05910735826296743,5,高档
202606,6901028062350,南京(十二钗薄荷),一类烟,188.68,220.0,1.04,1.024,4.830208,47170.0,63.268,98.461538,2.943744,1.330713,188.68,3.168,3.148,829.0,263.0,260.0,31.36,98.86,99.37,260.0,98.5,100.0,,,0.0,,1.02,1.04,98.46,829.0,157.0,41.54,18.94,69.0,5.0,0.0,0.0,43.95,3.18,0.0,0.0,97.0,2026-06-01,6,2026,1.165995336018656,0.27549807378895486,61.78515625,-97.461538,2.324675324675325,0.005826547647768396,0.3172496984318456,5,高档
202606,6901028160285,黄金叶(乐途),二类烟,121.9,140.0,3.64,3.56,10.8491,30475.0,1065.804,97.802198,6.974091,2.626882,121.9,0.008,0.0,829.0,,,0.0,,0.0,,,,,,,,3.56,3.64,97.8,829.0,212.0,84.47,25.57,101.0,38.0,0.0,0.0,47.64,17.92,0.0,0.0,13.0,2026-06-01,6,2026,1.1484823625922886,0.24212902452738017,299.38314606741574,-96.802198,-0.13000977517106538,0.013086972255729796,,5,高档
202606,6901028324830,红塔山(细支传奇),二类烟,155.0,180.0,0.628,0.552,2.139,38750.0,851.788,87.898089,1.375043,0.51789,155.0,2.32,2.228,829.0,829.0,134.0,16.16,16.16,96.03,85.0,4.49,63.43,,,0.0,,0.55,0.63,87.9,829.0,48.0,84.47,5.79,12.0,2.0,0.0,0.0,25.0,4.17,0.0,0.0,14.0,2026-06-01,6,2026,1.1612903225806452,0.2421178120617111,1543.0942028985505,-86.898089,-0.4651162790697674,0.0025802171290711697,1.0,5,高档
202606,6901028080224,钻石(硬特醇),四类烟,44.5,50.0,,,,,241.396,,,,,,,,,,,,,,,,,,,,,,,,,,,,,,,,,,,,2026-06-01,6,2026,1.1235955056179776,,,,,,,3,中档
202606,6901028184304,黄鹤楼(硬平安),一类烟,720.8,1000.0,0.976,0.936,16.86672,180200.0,475.076,95.901639,9.716152,5.210161,720.8,42.848,42.632,829.0,829.0,809.0,97.59,97.59,99.5,803.0,90.61,99.26,,,0.0,,0.94,0.98,95.9,829.0,90.0,7.49,10.86,42.0,14.0,0.0,0.0,46.67,15.56,0.0,0.0,18.0,2026-06-01,6,2026,1.3873473917869035,0.3089018493222156,507.55982905982904,-94.901639,0.7205882352941175,0.020345862484921592,1.0,5,高档
202606,6901028062329,南京(十二钗烤烟),一类烟,243.8,280.0,0.644,0.632,3.85204,60950.0,94.952,98.136646,2.347564,1.061286,243.8,1.04,1.024,829.0,829.0,157.0,18.94,18.94,98.46,156.0,20.14,99.36,,,0.0,,0.63,0.64,98.14,829.0,104.0,26.69,12.55,22.0,8.0,0.0,0.0,21.15,7.69,0.0,0.0,52.0,2026-06-01,6,2026,1.1484823625922886,0.27551271534044297,150.2405063291139,-97.136646,0.2845528455284554,0.0046466103739445114,1.0,5,高档
202606,6901028123266,黄山(硬记忆),三类烟,88.0,100.0,,,,,30.148,,,,,,,,,,,,,,,,,,,,,,,,,,,,,,,,,,,,2026-06-01,6,2026,1.1363636363636365,,,,,,,4,中高档
202606,6901028225175,黄山(新制皖烟),二类烟,121.9,140.0,4.524,4.472,13.62842,30475.0,904.836,98.850575,8.760831,3.299703,121.9,,,829.0,,,0.0,,,,,,,,,,4.47,4.52,98.85,829.0,252.0,84.47,30.4,106.0,39.0,0.0,0.0,42.06,15.48,0.0,0.0,6.0,2026-06-01,6,2026,1.1484823625922886,0.24211926254107227,202.33363148479427,-97.850575,-0.25664893617021267,0.016439589867310013,,5,高档
202606,6901028181457,黄鹤楼(硬峡谷柔情),一类烟,263.0,300.0,4.528,4.504,29.6138,65750.0,560.112,99.469965,17.063129,9.143762,263.0,0.016,0.0,829.0,,,0.0,,0.0,,,,,,,,4.5,4.53,99.47,829.0,238.0,22.03,28.71,180.0,113.0,0.0,0.0,75.63,47.48,0.0,0.0,1.0,2026-06-01,6,2026,1.1406844106463878,0.3087669262303386,124.35879218472469,-98.469965,-0.033476394849785485,0.035722316043425816,,5,高档
202606,6901028247375,双喜(春天·咖路里),一类烟,225.0,260.0,0.168,0.12,0.675,56250.0,131.916,71.428571,0.411404,0.185946,225.0,0.036,0.036,829.0,17.0,9.0,1.09,52.94,100.0,9.0,52.94,100.0,,,0.0,,0.12,0.17,71.43,829.0,12.0,84.47,1.45,1.0,1.0,0.0,0.0,8.33,8.33,0.0,0.0,5.0,2026-06-01,6,2026,1.1555555555555554,0.27547555555555553,1099.3,-70.428571,-0.4545454545454546,0.0008142340168878167,0.020506634499396863,5,高档
202606,6901028180788,黄鹤楼(硬15),一类烟,848.0,1000.0,0.1,0.1,2.12,212000.0,31.788,100.0,1.22125,0.65485,848.0,1.54,1.516,829.0,269.0,135.0,16.28,50.19,98.44,132.0,42.58,97.78,,,0.0,,0.1,0.1,100.0,829.0,8.0,0.68,0.97,8.0,4.0,0.0,0.0,100.0,50.0,0.0,0.0,,2026-06-01,6,2026,1.179245283018868,0.30889150943396226,317.88,-99.0,-0.1071428571428571,0.0025572979493365504,0.32448733413751507,5,高档
202606,6901028241410,黄鹤楼(视窗),一类烟,300.0,350.0,0.42,0.416,3.12,75000.0,186.32,99.047619,1.797565,0.963508,300.0,0.028,0.0,829.0,,,0.0,,0.0,,,,,,,,0.42,0.42,99.05,829.0,77.0,3.13,9.29,4.0,0.0,0.0,0.0,5.19,0.0,0.0,0.0,,2026-06-01,6,2026,1.1666666666666667,0.3088166666666667,447.8846153846154,-98.047619,-0.25714285714285723,0.0037635705669481303,,5,高档
202606,6901028095891,黄果树(长征),三类烟,61.5,70.0,12.872,12.824,19.7169,15375.0,318.104,99.627098,12.674679,4.773507,61.5,1.184,1.164,829.0,829.0,199.0,24.0,24.0,98.31,199.0,17.55,100.0,,,0.0,,12.82,12.87,99.63,829.0,731.0,56.35,88.18,583.0,0.0,0.0,0.0,79.75,0.0,0.0,0.0,731.0,2026-06-01,6,2026,1.1382113821138211,0.2421023081721772,24.80536494073612,-98.627098,inf,0.023783956574185763,1.0,3,中档
202606,6901028075022,中华(软),一类烟,583.0,700.0,2.196,2.148,31.3071,145750.0,243.532,97.814208,18.034708,9.670733,583.0,,,829.0,,,0.0,,,,,,,,,,2.15,2.2,97.81,829.0,255.0,35.04,30.76,51.0,0.0,0.0,0.0,20.0,0.0,0.0,0.0,64.0,2026-06-01,6,2026,1.2006861063464838,0.3088990356820019,113.37616387337057,-96.814208,-0.18882175226586106,0.0377648974668275,,5,高档
202606,6901028071475,中南海(5mg),二类烟,114.5,130.0,0.464,0.448,1.2824,28625.0,210.24,96.551724,0.82432,0.310547,114.5,0.296,0.272,829.0,829.0,40.0,4.83,4.83,91.89,26.0,1.65,65.0,,,0.0,,0.45,0.46,96.55,829.0,71.0,69.05,8.56,11.0,1.0,0.0,0.0,15.49,1.41,0.0,0.0,34.0,2026-06-01,6,2026,1.1353711790393013,0.24216079226450407,469.2857142857143,-95.551724,-0.2727272727272727,0.0015469240048250905,1.0,5,高档
202606,6901028112505,南京(大观园爆冰),一类烟,263.0,300.0,0.236,0.236,1.5517,65750.0,61.976,100.0,0.893901,0.479265,263.0,,,829.0,,,0.0,,,,,,,,,,0.24,0.24,100.0,829.0,42.0,4.53,5.07,17.0,0.0,0.0,0.0,40.48,0.0,0.0,0.0,24.0,2026-06-01,6,2026,1.1406844106463878,0.3088644712251079,262.6101694915254,-99.0,0.6857142857142855,0.0018717732207478891,,5,高档
202606,6901028193504,芙蓉王(硬),一类烟,218.36,250.0,3.956,3.948,21.552132,54590.0,3110.104,99.797776,13.135179,5.937609,218.36,0.012,0.0,829.0,,,0.0,,0.0,,,,,,,,3.95,3.96,99.8,829.0,441.0,38.07,53.2,220.0,60.0,0.0,0.0,49.89,13.61,0.0,0.0,160.0,2026-06-01,6,2026,1.1448983330280271,0.27549984382055565,787.7669706180344,-98.797776,10.476744186046512,0.025997746682750303,,5,高档
202606,6901028121828,利群(江南韵),一类烟,225.0,260.0,0.168,0.168,0.945,56250.0,317.3,100.0,0.575946,0.260352,225.0,0.348,0.332,829.0,141.0,61.0,7.36,43.26,95.4,61.0,47.7,100.0,,,0.0,,0.17,0.17,100.0,829.0,26.0,1.91,3.14,6.0,4.0,0.0,0.0,23.08,15.38,0.0,0.0,1.0,2026-06-01,6,2026,1.1555555555555554,0.27550476190476186,1888.6904761904761,-99.0,1.3333333333333335,0.0011399276236429433,0.1700844390832328,5,高档
202606,6901028271004,黄鹤楼(冰咖),一类烟,225.0,260.0,0.404,0.404,2.2725,56250.0,59.2,100.0,1.385014,0.62608,225.0,0.116,0.116,829.0,30.0,24.0,2.9,80.0,100.0,24.0,82.86,100.0,,,0.0,,0.4,0.4,100.0,829.0,54.0,3.27,6.51,20.0,8.0,0.0,0.0,37.04,14.81,0.0,0.0,7.0,2026-06-01,6,2026,1.1555555555555554,0.2755027502750275,146.53465346534654,-99.0,-0.14406779661016944,0.002741254523522316,0.03618817852834741,5,高档
202606,6901028009805,双喜(百年经典),一类烟,175.0,200.0,0.12,0.108,0.4725,43750.0,233.744,90.0,0.287986,0.130163,175.0,0.168,0.12,829.0,829.0,12.0,1.45,1.45,71.43,7.0,0.36,58.33,,,0.0,,0.11,0.12,90.0,829.0,15.0,84.47,1.81,9.0,3.0,0.0,0.0,60.0,20.0,0.0,0.0,1.0,2026-06-01,6,2026,1.1428571428571428,0.2754772486772487,2164.2962962962965,-89.0,0.17391304347826098,0.0005699638118214716,1.0,5,高档
202606,6901028221450,贵烟(跨越),一类烟,201.4,230.0,3.504,3.432,17.28012,50350.0,983.848,97.945205,10.531301,4.760833,201.4,0.016,0.016,829.0,4.0,4.0,0.48,100.0,100.0,4.0,100.0,100.0,,,0.0,,3.43,3.5,97.95,829.0,162.0,84.47,19.54,86.0,36.0,0.0,0.0,53.09,22.22,0.0,0.0,12.0,2026-06-01,6,2026,1.1420059582919562,0.2755092557227612,286.66899766899763,-96.945205,-0.1805157593123209,0.02084453558504222,0.0048250904704463205,5,高档
202606,6901028162876,黄金叶(喜满堂),三类烟,88.0,100.0,0.008,0.0,0.0,,119.032,0.0,0.0,0.0,88.0,0.98,0.928,829.0,829.0,68.0,8.2,8.2,94.69,33.0,2.34,48.53,,,0.0,,,,,,,,,,,,,,,,,,2026-06-01,6,2026,1.1363636363636365,,,1.0,-1.0,0.0,1.0,4,中高档
202606,6901028075053,牡丹(软),二类烟,121.9,140.0,5.388,5.332,16.24927,30475.0,1408.784,98.960653,10.445405,3.93467,121.9,0.032,0.032,829.0,8.0,8.0,0.97,100.0,100.0,8.0,100.0,100.0,,,0.0,,5.33,5.39,98.96,829.0,734.0,37.39,88.54,231.0,8.0,0.0,0.0,31.47,1.09,0.0,0.0,148.0,2026-06-01,6,2026,1.1484823625922886,0.24214441633377995,264.2130532633158,-97.960653,-0.27514953779227846,0.019601049457177323,0.009650180940892641,5,高档
202606,6901028065504,兰州(硬珍品),二类烟,155.0,180.0,0.016,0.016,0.062,38750.0,149.604,100.0,0.039859,0.015009,155.0,2.376,2.324,829.0,829.0,173.0,20.87,20.87,97.81,142.0,8.78,82.08,,,0.0,,0.02,0.02,100.0,829.0,4.0,0.14,0.48,0.0,0.0,0.0,0.0,0.0,0.0,0.0,0.0,,2026-06-01,6,2026,1.1612903225806452,0.24208064516129033,9350.25,-99.0,-0.9411764705882353,7.478890229191797e-05,1.0,5,高档
202606,6901028188081,黄鹤楼(硬银紫),二类烟,114.5,130.0,3.968,3.936,11.2668,28625.0,1066.004,99.193548,7.242241,2.728443,114.5,,,829.0,,,0.0,,,,,,,,,,3.94,3.97,99.19,829.0,401.0,28.02,48.37,296.0,16.0,0.0,0.0,73.82,3.99,0.0,0.0,,2026-06-01,6,2026,1.1353711790393013,0.24216663116412823,270.8343495934959,-98.193548,0.23462986198243407,0.013590832328106152,,5,高档
202606,6901028084321,娇子(软阳光),三类烟,88.0,100.0,13.74,13.68,30.096,22000.0,436.928,99.563319,19.34694,7.286517,88.0,2.948,2.832,829.0,829.0,179.0,21.59,21.59,96.07,122.0,8.57,68.16,,,0.0,,13.68,13.74,99.56,829.0,726.0,56.15,87.58,613.0,0.0,0.0,0.0,84.44,0.0,0.0,0.0,3.0,2026-06-01,6,2026,1.1363636363636365,0.24210915071770334,31.939181286549708,-98.563319,-0.15052160953800298,0.03630398069963812,1.0,4,中高档
202606,6901028098335,长白山(蓝尚),一类烟,158.0,180.0,0.44,0.376,1.4852,39500.0,54.808,85.454545,0.954758,0.35955,158.0,0.144,0.12,829.0,829.0,11.0,1.33,1.33,83.33,3.0,0.36,27.27,,,0.0,,0.38,0.44,85.45,829.0,68.0,6.4,8.2,26.0,0.0,0.0,0.0,38.24,0.0,0.0,0.0,5.0,2026-06-01,6,2026,1.139240506329114,0.2420886075949367,145.7659574468085,-84.454545,-0.21666666666666667,0.001791556091676719,1.0,5,高档
202606,6901028104302,龙烟(老巴夺传琦),一类烟,225.0,260.0,0.144,0.12,0.675,56250.0,136.28,83.333333,0.41139,0.185959,225.0,0.004,0.0,829.0,,,0.0,,0.0,,,,,,,,0.12,0.14,83.33,829.0,11.0,84.47,1.33,3.0,3.0,0.0,0.0,27.27,27.27,0.0,0.0,4.0,2026-06-01,6,2026,1.1555555555555554,0.2754948148148148,1135.6666666666667,-82.333333,-0.4545454545454546,0.0008142340168878167,,5,高档
202606,6901028224079,金圣(滕王阁·紫光),二类烟,129.3,150.0,3.412,3.376,10.91292,32325.0,1119.116,98.9449,7.015331,2.642038,129.3,1.812,1.78,829.0,829.0,181.0,21.83,21.83,98.23,175.0,14.27,96.69,,,0.0,,3.38,3.41,98.94,829.0,214.0,84.47,25.81,122.0,49.0,0.0,0.0,57.01,22.9,0.0,0.0,18.0,2026-06-01,6,2026,1.160092807424594,0.24210183892120532,331.4917061611375,-97.9449,0.20916905444126077,0.013163956574185766,1.0,5,高档
202606,6901028942881,双喜(硬精品好日子),三类烟,93.28,110.0,0.004,0.0,0.0,,8.324,0.0,0.0,0.0,93.28,,,829.0,,,0.0,,,,,,,,,,,,,,,,,,,,,,,,,,2026-06-01,6,2026,1.179245283018868,,,1.0,,0.0,,4,中高档
202606,6901028339957,云烟(细支云龙),二类烟,129.3,150.0,9.312,9.112,29.45454,32325.0,3215.216,97.852234,18.935094,7.130689,129.3,4.892,4.876,829.0,720.0,687.0,82.87,95.42,99.67,686.0,94.06,99.85,,,0.0,,9.11,9.31,97.85,829.0,421.0,84.47,50.78,257.0,138.0,0.0,0.0,61.05,32.78,0.0,0.0,16.0,2026-06-01,6,2026,1.160092807424594,0.24209133804160582,352.8551360842844,-96.852234,0.2571743929359822,0.035530205066344994,0.8685162846803377,5,高档
202606,6901028124058,黄山(黑马细支),一类烟,225.0,260.0,0.372,0.372,2.0925,56250.0,204.836,100.0,1.275309,0.576475,225.0,0.336,0.204,829.0,318.0,29.0,3.5,9.12,60.71,26.0,5.57,89.66,,,0.0,,0.37,0.37,100.0,829.0,33.0,84.47,3.98,10.0,5.0,0.0,0.0,30.3,15.15,0.0,0.0,4.0,2026-06-01,6,2026,1.1555555555555554,0.2754958183990442,550.6344086021505,-99.0,-0.26190476190476186,0.0025241254523522315,0.3835946924004825,5,高档
202606,6901028204835,芙蓉王(硬中支),一类烟,263.0,300.0,0.012,0.0,0.0,,11.084,0.0,0.0,0.0,263.0,2.556,2.548,829.0,524.0,278.0,33.53,53.05,99.69,268.0,49.8,96.4,,,0.0,,0.0,0.01,0.0,829.0,,0.0,0.0,127.0,25.0,0.0,0.0,,,,,154.0,2026-06-01,6,2026,1.1406844106463878,,,1.0,,0.0,0.632086851628468,5,高档
202606,6901028111270,南京(炫赫门),二类烟,155.0,180.0,3.168,3.148,12.1985,38750.0,123.16,99.368687,7.841677,2.953594,155.0,,,829.0,,,0.0,,,,,,,,,,3.15,3.17,99.37,829.0,260.0,17.5,31.36,202.0,44.0,0.0,0.0,77.69,16.92,0.0,0.0,1.0,2026-06-01,6,2026,1.1612903225806452,0.2421276386440956,39.12325285895807,-98.368687,-0.6331002331002331,0.01471471652593486,,5,高档
202606,6901028177214,冬虫夏草(和润),一类烟,424.0,500.0,0.164,0.1,1.06,106000.0,83.924,60.97561,0.610625,0.327427,424.0,0.336,0.316,829.0,64.0,33.0,3.98,51.56,94.05,31.0,41.15,93.94,,,0.0,,0.1,0.16,60.98,829.0,7.0,84.47,0.84,1.0,1.0,0.0,0.0,14.29,14.29,0.0,0.0,2.0,2026-06-01,6,2026,1.179245283018868,0.3088933962264151,839.24,-59.97561,-0.41860465116279066,0.0012786489746682752,0.07720144752714113,5,高档
202606,6901028051989,云烟(软大重九),一类烟,720.8,980.0,0.276,0.264,4.75728,180200.0,112.832,95.652174,2.742343,1.467649,720.8,0.176,0.172,829.0,829.0,26.0,3.14,3.14,97.73,25.0,3.87,96.15,,,0.0,,0.26,0.28,95.65,829.0,41.0,33.06,4.95,9.0,0.0,0.0,0.0,21.95,0.0,0.0,0.0,37.0,2026-06-01,6,2026,1.3596004439511655,0.3085059109407056,427.3939393939394,-94.652174,5.6000000000000005,0.005738576598311218,1.0,5,高档
202606,6901028218603,黄鹤楼(硬1916如意),一类烟,763.2,900.0,3.788,3.752,71.58816,190800.0,1140.236,99.04963,41.236356,22.116074,763.2,0.052,0.032,829.0,8.0,8.0,0.97,100.0,61.54,8.0,100.0,100.0,,,0.0,,3.75,3.79,99.05,829.0,326.0,27.78,39.32,154.0,50.0,0.0,0.0,47.24,15.34,0.0,0.0,6.0,2026-06-01,6,2026,1.1792452830188678,0.3089348015090764,303.9008528784649,-98.04963,0.08314087759815236,0.08635483715319663,0.009650180940892641,5,高档
202606,6901028218900,黄鹤楼(3mg),一类烟,424.0,500.0,0.064,0.064,0.6784,106000.0,29.084,100.0,0.3908,0.209552,424.0,2.744,2.728,829.0,466.0,247.0,29.79,53.0,99.42,242.0,41.56,97.98,,,0.0,,0.06,0.06,100.0,829.0,8.0,0.27,0.97,0.0,0.0,0.0,0.0,0.0,0.0,0.0,0.0,2.0,2026-06-01,6,2026,1.179245283018868,0.30889150943396226,454.4375,-99.0,1.0,0.000818335343787696,0.5621230398069964,5,高档
202606,6901028179324,黄鹤楼(硬珍品),一类烟,339.2,400.0,10.632,10.496,89.00608,84800.0,3470.952,98.720843,51.27296,27.493417,339.2,8.676,8.648,829.0,829.0,565.0,68.15,68.15,99.68,554.0,61.06,98.05,,,0.0,,10.5,10.63,98.72,829.0,688.0,64.39,82.99,442.0,252.0,22.0,0.0,64.24,36.63,3.2,0.0,7.0,2026-06-01,6,2026,1.179245283018868,0.30889369580145537,330.6928353658537,-97.720843,3.6524822695035466,0.10736559710494571,1.0,5,高档
202606,6901028155557,泰山(颜悦),一类烟,167.48,190.0,0.848,0.844,3.533828,41870.0,956.648,99.528302,2.271626,0.855605,167.48,,,829.0,,,0.0,,,,,,,,,,0.84,0.85,99.53,829.0,117.0,26.15,14.11,42.0,0.0,0.0,0.0,35.9,0.0,0.0,0.0,10.0,2026-06-01,6,2026,1.1344638165751135,0.2421184619058992,1133.4691943127962,-98.528302,-0.4841075794621027,0.004262759951749096,,5,高档
202606,6901028937535,好猫(金猴王),三类烟,71.0,80.0,,,,,506.62,,,,,,,,,,,,,,,,,,,,,,,,,,,,,,,,,,,,2026-06-01,6,2026,1.1267605633802817,,,,,,,4,中高档
202606,6901028219174,黄鹤楼(硬奇景),一类烟,238.5,300.0,2.744,2.728,16.2657,59625.0,1880.984,99.41691,9.91287,4.481477,238.5,0.42,0.416,829.0,88.0,77.0,9.29,87.5,99.05,76.0,88.89,98.7,,,0.0,,2.73,2.74,99.42,829.0,247.0,33.27,29.79,161.0,29.0,0.0,0.0,65.18,11.74,0.0,0.0,1.0,2026-06-01,6,2026,1.2578616352201257,0.27551700818286334,689.5102639296186,-98.41691,0.16183986371379921,0.019620868516284678,0.10615199034981906,5,高档
202606,6901028159753,泰山(心悦),二类烟,139.92,160.0,0.652,0.636,2.224728,34980.0,103.684,97.546012,1.430205,0.538559,139.92,,,829.0,,,0.0,,,,,,,,,,0.64,0.65,97.55,829.0,90.0,19.78,10.86,29.0,14.0,0.0,0.0,32.22,15.56,0.0,0.0,7.0,2026-06-01,6,2026,1.1435105774728418,0.24207858219072176,163.0251572327044,-96.546012,-0.46464646464646464,0.0026836284680337753,,5,高档
202606,6901028221351,贵烟(新贵),三类烟,93.28,110.0,,,,,42.584,,,,,,,,,,,,,,,,,,,,,,,,,,,,,,,,,,,,2026-06-01,6,2026,1.179245283018868,,,,,,,4,中高档
202606,6901028169967,黄金叶(天叶),一类烟,678.4,1000.0,0.024,0.024,0.40704,169600.0,29.108,100.0,0.234503,0.125707,678.4,1.804,1.764,829.0,829.0,140.0,16.89,16.89,97.78,112.0,6.66,80.0,,,0.0,,0.02,0.02,100.0,829.0,6.0,0.27,0.72,0.0,0.0,0.0,0.0,0.0,0.0,0.0,0.0,1.0,2026-06-01,6,2026,1.474056603773585,0.3088320558176101,1212.8333333333333,-99.0,-0.5,0.0004910012062726176,1.0,5,高档
202606,6901028092432,人民大会堂(红细支),一类烟,225.0,260.0,0.336,0.316,1.7775,56250.0,168.328,94.047619,1.083327,0.489693,225.0,0.44,0.376,829.0,142.0,68.0,8.2,47.89,85.45,68.0,50.0,100.0,,,0.0,,0.32,0.34,94.05,829.0,33.0,4.36,3.98,18.0,0.0,0.0,0.0,54.55,0.0,0.0,0.0,5.0,2026-06-01,6,2026,1.1555555555555554,0.275495358649789,532.6835443037975,-93.047619,0.012820512820512775,0.002144149577804584,0.1712907117008444,5,高档
202606,6901028218634,黄鹤楼(硬1916红爆),一类烟,720.8,1000.0,0.052,0.032,0.57664,180200.0,86.032,61.538462,0.332176,0.178128,720.8,0.02,0.02,829.0,6.0,5.0,0.6,83.33,100.0,5.0,83.33,100.0,,,0.0,,0.03,0.05,61.54,829.0,8.0,0.27,0.97,0.0,0.0,0.0,0.0,0.0,0.0,0.0,0.0,,2026-06-01,6,2026,1.3873473917869035,0.3089067702552719,2688.5,-60.538462,inf,0.0006955850422195416,0.007237635705669481,5,高档
202606,6901028207508,利群(软红长嘴),一类烟,190.8,220.0,0.348,0.332,1.58364,47700.0,187.016,95.402299,0.965148,0.436307,190.8,2.3,2.232,829.0,829.0,239.0,28.83,28.83,97.04,219.0,22.24,91.63,,,0.0,,0.33,0.35,95.4,829.0,61.0,5.65,7.36,10.0,6.0,0.0,0.0,16.39,9.84,0.0,0.0,10.0,2026-06-01,6,2026,1.1530398322851152,0.2755089540552146,563.301204819277,-94.402299,0.3606557377049182,0.0019103015681544027,1.0,5,高档
202606,6901028079990,钻石(荷花),一类烟,275.6,320.0,5.744,5.676,39.10764,68900.0,394.832,98.816156,22.528083,12.080318,275.6,0.204,0.196,829.0,46.0,35.0,4.22,76.09,96.08,35.0,81.67,100.0,,,0.0,,5.68,5.74,98.82,829.0,524.0,34.8,63.21,244.0,30.0,6.0,0.0,46.56,5.73,1.15,0.0,38.0,2026-06-01,6,2026,1.1611030478955007,0.30889918184784354,69.5616631430585,-97.816156,0.5525164113785557,0.047174475271411345,0.05548854041013269,5,高档
202606,6901028940504,红金龙(硬新版),四类烟,44.5,50.0,4.784,4.764,5.29995,11125.0,1770.852,99.58194,3.539652,1.150506,44.5,0.972,0.972,829.0,141.0,112.0,13.51,79.43,100.0,110.0,82.65,98.21,,,0.0,,4.76,4.78,99.58,829.0,341.0,23.22,41.13,335.0,0.0,0.0,0.0,98.24,0.0,0.0,0.0,,2026-06-01,6,2026,1.1235955056179776,0.21707865168539325,371.7153652392947,-98.58194,-0.4268527430221366,0.006393184559710495,0.1700844390832328,3,中档
202606,6901028010115,中南海(典8),三类烟,97.0,110.0,0.8,0.772,1.8721,24250.0,31.236,96.5,1.203356,0.453356,97.0,0.136,0.132,829.0,36.0,21.0,2.53,58.33,97.06,21.0,68.75,100.0,,,0.0,,0.77,0.8,96.5,829.0,94.0,31.12,11.34,9.0,0.0,0.0,0.0,9.57,0.0,0.0,0.0,77.0,2026-06-01,6,2026,1.134020618556701,0.2421644142941082,40.461139896373055,-95.5,1.5394736842105265,0.0022582629674306395,0.04342581423401689,4,中高档
202606,6901028005036,双喜(硬金五叶神),二类烟,121.9,140.0,1.452,1.424,4.33964,30475.0,366.256,98.071625,2.78962,1.050758,121.9,0.848,0.78,829.0,829.0,58.0,7.0,7.0,91.98,37.0,2.36,63.79,,,0.0,,1.42,1.45,98.07,829.0,132.0,67.08,15.92,54.0,20.0,0.0,0.0,40.91,15.15,0.0,0.0,18.0,2026-06-01,6,2026,1.1484823625922886,0.2421302227834567,257.2022471910112,-97.071625,-0.42019543973941365,0.005234788902291918,1.0,5,高档
202606,6901028317177,玉溪(软),一类烟,201.4,230.0,2.32,2.228,11.21798,50350.0,2824.128,96.034483,6.836872,3.090539,201.4,0.244,0.244,829.0,65.0,48.0,5.79,73.85,100.0,48.0,74.39,100.0,,,0.0,,2.23,2.32,96.03,829.0,134.0,84.47,16.16,56.0,18.0,0.0,0.0,41.79,13.43,0.0,0.0,14.0,2026-06-01,6,2026,1.1420059582919562,0.2754987083236019,1267.5619389587073,-95.034483,0.15800415800415823,0.013531942098914356,0.07840772014475271,5,高档
202606,6901028937832,好猫(长乐九美),一类烟,175.0,200.0,0.604,0.544,2.38,43750.0,429.796,90.066225,1.45044,0.655757,175.0,12.872,12.824,829.0,829.0,731.0,88.18,88.18,99.63,729.0,80.15,99.73,,,0.0,,0.54,0.6,90.07,829.0,43.0,84.47,5.19,14.0,5.0,0.0,0.0,32.56,11.63,0.0,0.0,7.0,2026-06-01,6,2026,1.1428571428571428,0.27552815126050423,790.0661764705882,-89.066225,-0.2568306010928961,0.0028709288299155608,1.0,5,高档
202606,6901028059114,好猫(细支长乐吉祥),一类烟,225.0,260.0,0.184,0.18,1.0125,56250.0,81.552,97.826087,0.617085,0.278951,225.0,1.108,1.0,829.0,829.0,81.0,9.77,9.77,90.25,42.0,3.02,51.85,,,0.0,,0.18,0.18,97.83,829.0,27.0,41.2,3.26,10.0,4.0,0.0,0.0,37.04,14.81,0.0,0.0,17.0,2026-06-01,6,2026,1.1555555555555554,0.2755071604938272,453.0666666666667,-96.826087,2.4615384615384617,0.0012213510253317249,1.0,5,高档
202606,6901028268981,娇子(宽窄锦上细支),一类烟,263.0,300.0,0.22,0.22,1.4465,65750.0,174.824,100.0,0.83325,0.446832,263.0,0.12,0.12,829.0,64.0,17.0,2.05,26.56,100.0,17.0,25.0,100.0,,,0.0,,0.22,0.22,100.0,829.0,28.0,2.96,3.38,11.0,4.0,0.0,0.0,39.29,14.29,0.0,0.0,1.0,2026-06-01,6,2026,1.1406844106463878,0.3089056342896647,794.6545454545455,-99.0,-0.40217391304347827,0.0017448733413751507,0.07720144752714113,5,高档
202606,6901028275668,芙蓉王(硬中支),一类烟,263.0,300.0,2.556,2.548,16.7531,65750.0,613.26,99.687011,9.65055,5.175195,263.0,,,829.0,,,0.0,,,,,,,,,,2.55,2.56,99.69,829.0,278.0,30.06,33.53,127.0,25.0,0.0,0.0,45.68,8.99,0.0,0.0,154.0,2026-06-01,6,2026,1.1406844106463878,0.3089096943252294,240.6828885400314,-98.687011,7.166666666666666,0.020208805790108565,,5,高档
202606,6901028271547,黄鹤楼(1916小蜜蜂),一类烟,678.4,800.0,0.116,0.116,1.96736,169600.0,74.4,100.0,1.13332,0.607699,678.4,,,829.0,,,0.0,,,,,,,,,,0.12,0.12,100.0,829.0,24.0,1.06,2.9,1.0,0.0,0.0,0.0,4.17,0.0,0.0,0.0,3.0,2026-06-01,6,2026,1.179245283018868,0.3088905945022772,641.3793103448276,-99.0,1.4166666666666665,0.0023731724969843185,,5,高档
202606,6901028268950,娇子(格调中支),一类烟,175.0,200.0,0.404,0.4,1.75,43750.0,230.064,99.009901,1.0665,0.482195,175.0,0.22,0.22,829.0,64.0,28.0,3.38,43.75,100.0,28.0,52.88,100.0,,,0.0,,0.4,0.4,99.01,829.0,72.0,25.67,8.69,19.0,4.0,0.0,0.0,26.39,5.56,0.0,0.0,30.0,2026-06-01,6,2026,1.1428571428571428,0.27554,575.16,-98.009901,-0.15966386554621836,0.0021109770808202654,0.07720144752714113,5,高档
202607,6901028221351,贵烟(新贵),三类烟,93.28,110.0,,,,,25.228,,,,,,,,,,,,,,,,,,,,,,,,,,,,,,,,,,,,2026-07-01,7,2026,1.179245283018868,,,,,,,4,中高档
202607,6901028001625,双喜(硬经典1906),二类烟,150.52,170.0,0.672,0.592,2.227696,37630.0,953.304,88.095238,1.432051,0.539352,150.52,0.588,0.556,829.0,828.0,59.0,7.12,7.13,94.56,52.0,4.32,88.14,,,0.0,,0.59,0.67,88.1,829.0,53.0,81.68,6.39,15.0,0.0,0.0,0.0,28.3,0.0,0.0,0.0,5.0,2026-07-01,7,2026,1.1294180175391975,0.24211202964856968,1610.3108108108108,-87.095238,-0.4241245136186771,0.0026872086851628466,0.9987937273823885,5,高档
202607,6901028018630,中华(金中支),一类烟,678.4,800.0,,,,,19.384,,,,678.4,,,829.0,,,0.0,,,,,,,,,,,,,,,,,,,,,,,,,,2026-07-01,7,2026,1.179245283018868,,,,,,,5,高档
202607,6901028159548,泰山(硬红八喜),三类烟,57.24,65.0,5.752,5.708,8.168148,14310.0,359.876,99.235049,5.251453,1.977014,57.24,0.036,0.036,829.0,46.0,6.0,0.72,13.04,100.0,3.0,7.83,50.0,,,0.0,,5.71,5.75,99.24,829.0,322.0,36.2,38.84,256.0,0.0,0.0,0.0,79.5,0.0,0.0,0.0,3.0,2026-07-01,7,2026,1.1355695317959469,0.24203944394739174,63.04765241765942,-98.235049,inf,0.009853013268998794,0.05548854041013269,3,中档
202607,6901028143448,万宝路(软红2.0),二类烟,143.1,160.0,0.024,0.024,0.08586,35775.0,60.504,100.0,0.056418,0.019563,143.1,0.036,0.036,829.0,11.0,5.0,0.6,45.45,100.0,4.0,40.91,80.0,,,0.0,,0.02,0.02,100.0,829.0,3.0,0.35,0.36,0.0,0.0,0.0,0.0,0.0,0.0,0.0,0.0,1.0,2026-07-01,7,2026,1.1180992313067786,0.22784765897973444,2521.0,-99.0,inf,0.00010357056694813029,0.013268998793727383,5,高档
202607,6901028216166,利群(软蓝),一类烟,159.0,180.0,0.772,0.764,3.0369,39750.0,278.884,98.963731,1.952212,0.735339,159.0,,,829.0,,,0.0,,,,,,,,,,0.76,0.77,98.96,829.0,96.0,50.37,11.58,15.0,0.0,0.0,0.0,15.63,0.0,0.0,0.0,11.0,2026-07-01,7,2026,1.1320754716981132,0.24213474266521778,365.0314136125655,-97.963731,-0.6577060931899642,0.003663329312424608,,5,高档
202607,6901028942911,双喜(软珍品好日子),二类烟,137.8,160.0,,,,,162.808,,,,137.8,0.032,0.024,829.0,828.0,2.0,0.24,0.24,75.0,,0.09,0.0,,,0.0,,,,,,,,,,,,,,,,,,2026-07-01,7,2026,1.1611030478955007,,,,,,0.9987937273823885,5,高档
202607,6901028118828,利群(长嘴),一类烟,190.8,220.0,0.516,0.5,2.385,47700.0,219.784,96.899225,1.4535,0.657125,190.8,0.004,0.004,829.0,2.0,1.0,0.12,50.0,100.0,1.0,50.0,100.0,,,0.0,,0.5,0.52,96.9,829.0,56.0,18.86,6.76,22.0,0.0,0.0,0.0,39.29,0.0,0.0,0.0,6.0,2026-07-01,7,2026,1.1530398322851152,0.27552410901467506,439.568,-95.899225,0.3157894736842106,0.0028769601930036188,0.0024125452352231603,5,高档
202607,8888075034715,555(国际版),一类烟,254.92,300.0,0.064,0.064,0.407872,63730.0,100.804,100.0,0.269012,0.091939,254.92,0.052,0.052,829.0,48.0,8.0,0.97,16.67,100.0,5.0,13.54,62.5,,,0.0,,0.06,0.06,100.0,829.0,9.0,3.01,1.09,0.0,0.0,0.0,0.0,0.0,0.0,0.0,0.0,9.0,2026-07-01,7,2026,1.1768397928761964,0.22541140357759298,1575.0625,-99.0,,0.0004920048250904704,0.05790108564535585,5,高档
202607,6901028000833,双喜(软经典),三类烟,97.0,110.0,7.608,7.58,18.3815,24250.0,165.276,99.631966,11.818378,4.448302,97.0,0.672,0.592,829.0,829.0,53.0,6.39,6.39,88.1,29.0,1.41,54.72,,,0.0,,7.58,7.61,99.63,829.0,688.0,43.56,82.99,47.0,0.0,0.0,0.0,6.83,0.0,0.0,0.0,2.0,2026-07-01,7,2026,1.134020618556701,0.2419988575469902,21.804221635883906,-98.631966,-0.7007737249328911,0.02217310012062726,1.0,4,中高档
202607,6901028136891,金圣(硬红·十二生肖),三类烟,61.5,70.0,,,,,196.628,,,,,,,,,,,,,,,,,,,,,,,,,,,,,,,,,,,,2026-07-01,7,2026,1.1382113821138211,,,,,,,3,中档
202607,6901028071536,中南海(5mg细支),二类烟,121.9,140.0,0.092,0.068,0.20723,30475.0,55.732,73.913043,0.133212,0.05018,121.9,,,829.0,,,0.0,,,,,,,,,,0.07,0.09,73.91,829.0,12.0,81.68,1.45,0.0,0.0,0.0,0.0,0.0,0.0,0.0,0.0,8.0,2026-07-01,7,2026,1.1484823625922886,0.2421464073734498,819.5882352941176,-72.913043,-0.75,0.0002499758745476478,,5,高档
202607,6901028180818,黄鹤楼(天下名楼),二类烟,139.92,160.0,0.68,0.664,2.322672,34980.0,820.696,97.647059,1.49317,0.56232,139.92,3.424,3.388,829.0,515.0,333.0,40.17,64.66,98.95,315.0,63.78,94.59,,,0.0,,0.66,0.68,97.65,829.0,58.0,11.06,7.0,30.0,0.0,0.0,0.0,51.72,0.0,0.0,0.0,3.0,2026-07-01,7,2026,1.1435105774728418,0.24210047738122303,1235.987951807229,-96.647059,-0.5620052770448549,0.002801775633293124,0.6212303980699638,5,高档
202607,6901028920858,金圣(智圣出山双中支),一类烟,510.0,600.0,,,,,0.0,,,,,,,,,,,,,,,,,,,,,,,,,,,,,,,,,,,,2026-07-01,7,2026,1.1764705882352942,,,,,,,5,高档
202607,6901028181815,红金龙(硬蓝爱你),三类烟,97.0,110.0,1.556,1.552,3.7636,24250.0,340.296,99.742931,2.419214,0.911378,97.0,0.008,0.0,829.0,,,0.0,,0.0,,,,,,,,1.55,1.56,99.74,829.0,195.0,10.37,23.52,0.0,0.0,0.0,0.0,0.0,0.0,0.0,0.0,7.0,2026-07-01,7,2026,1.134020618556701,0.24215591454989904,219.26288659793812,-98.742931,1.6394557823129254,0.004539927623642943,,4,中高档
202607,6901028218634,黄鹤楼(硬1916红爆),一类烟,720.8,1000.0,0.26,0.252,4.54104,180200.0,44.912,96.923077,2.615886,1.402727,720.8,1.34,1.332,829.0,507.0,175.0,21.11,34.52,99.4,158.0,32.84,90.29,,,0.0,,0.25,0.26,96.92,829.0,32.0,5.83,3.86,0.0,0.0,0.0,0.0,0.0,0.0,0.0,0.0,19.0,2026-07-01,7,2026,1.3873473917869035,0.30889994362524886,178.22222222222223,-95.923077,6.875,0.00547773220747889,0.6115802171290712,5,高档
202607,6901028207508,利群(软红长嘴),一类烟,190.8,220.0,0.484,0.48,2.2896,47700.0,109.564,99.173554,1.395361,0.630839,190.8,0.772,0.764,829.0,823.0,96.0,11.58,11.66,98.96,81.0,8.55,84.38,,,0.0,,0.48,0.48,99.17,829.0,66.0,13.58,7.96,15.0,0.0,0.0,0.0,22.73,0.0,0.0,0.0,10.0,2026-07-01,7,2026,1.1530398322851152,0.27552367225716284,228.25833333333333,-98.173554,0.44578313253012025,0.002761881785283474,0.9927623642943305,5,高档
202607,6901028190374,黄鹤楼(硬15细支),一类烟,848.0,1000.0,0.064,0.064,1.3568,212000.0,21.824,100.0,0.781603,0.419101,848.0,7.668,7.604,829.0,642.0,524.0,63.21,81.62,99.17,513.0,78.49,97.9,,,0.0,,0.06,0.06,100.0,829.0,6.0,0.4,0.72,2.0,0.0,0.0,0.0,33.33,0.0,0.0,0.0,2.0,2026-07-01,7,2026,1.179245283018868,0.3088892983490566,341.0,-99.0,,0.001636670687575392,0.7744270205066345,5,高档
202607,6901028079990,钻石(荷花),一类烟,275.6,320.0,2.216,2.188,15.07532,68900.0,229.672,98.736462,8.684173,4.656771,275.6,0.004,0.0,829.0,,,0.0,,0.0,,,,,,,,2.19,2.22,98.74,829.0,334.0,28.1,40.29,52.0,0.0,0.0,0.0,15.57,0.0,0.0,0.0,3.0,2026-07-01,7,2026,1.1611030478955007,0.30890030858383105,104.9689213893967,-97.736462,-0.6145172656800564,0.018184945717732208,,5,高档
202607,6901028005036,双喜(硬金五叶神),二类烟,121.9,140.0,0.588,0.556,1.69441,30475.0,433.364,94.557823,1.089204,0.41028,121.9,0.36,0.256,829.0,829.0,32.0,3.86,3.86,71.11,9.0,0.59,28.13,,,0.0,,0.56,0.59,94.56,829.0,59.0,70.32,7.12,22.0,0.0,0.0,0.0,37.29,0.0,0.0,0.0,4.0,2026-07-01,7,2026,1.1484823625922886,0.24213738115332178,779.4316546762589,-93.557823,-0.6095505617977528,0.0020439203860072377,1.0,5,高档
202607,6901028317177,玉溪(软),一类烟,201.4,230.0,0.576,0.54,2.7189,50350.0,2523.548,93.75,1.657036,0.749069,201.4,0.172,0.156,829.0,18.0,18.0,2.17,100.0,90.7,17.0,97.5,94.44,,,0.0,,0.54,0.58,93.75,829.0,51.0,81.68,6.15,15.0,0.0,0.0,0.0,29.41,0.0,0.0,0.0,2.0,2026-07-01,7,2026,1.1420059582919562,0.27550443193938723,4673.237037037036,-92.75,-0.7576301615798923,0.0032797346200241257,0.021712907117008445,5,高档
202607,6901028937832,好猫(长乐九美),一类烟,175.0,200.0,0.248,0.228,0.9975,43750.0,384.972,91.935484,0.607905,0.274836,175.0,0.272,0.272,829.0,158.0,41.0,4.95,25.95,100.0,27.0,21.52,65.85,,,0.0,,0.23,0.25,91.94,829.0,27.0,81.68,3.26,5.0,0.0,0.0,0.0,18.52,0.0,0.0,0.0,2.0,2026-07-01,7,2026,1.1428571428571428,0.2755248120300752,1688.4736842105262,-90.935484,-0.5808823529411764,0.0012032569360675514,0.19059107358262967,5,高档
202607,6901028940504,红金龙(硬新版),四类烟,44.5,50.0,19.304,19.228,21.39115,11125.0,961.404,99.606299,14.287617,4.642349,44.5,0.576,0.548,829.0,54.0,44.0,5.31,81.48,95.14,43.0,81.55,97.73,,,0.0,,19.23,19.3,99.61,829.0,823.0,80.1,99.28,770.0,0.0,0.0,0.0,93.56,0.0,0.0,0.0,5.0,2026-07-01,7,2026,1.1235955056179776,0.2170219459916835,50.00020802995631,-98.606299,3.0361041141897562,0.025803558504221953,0.06513872135102533,3,中档
202607,6901028010115,中南海(典8),三类烟,97.0,110.0,0.268,0.256,0.6208,24250.0,58.692,95.522388,0.39904,0.150336,97.0,0.048,0.048,829.0,12.0,6.0,0.72,50.0,100.0,6.0,50.0,100.0,,,0.0,,0.26,0.27,95.52,829.0,33.0,40.74,3.98,0.0,0.0,0.0,0.0,0.0,0.0,0.0,0.0,12.0,2026-07-01,7,2026,1.134020618556701,0.24216494845360823,229.265625,-94.522388,-0.6683937823834196,0.000748854041013269,0.014475271411338963,4,中高档
202607,6901028118187,利群(新版),二类烟,143.1,160.0,4.524,4.504,16.11306,35775.0,341.612,99.557913,10.360142,3.899246,143.1,0.516,0.5,829.0,205.0,56.0,6.76,27.32,96.9,54.0,18.55,96.43,,,0.0,,4.5,4.52,99.56,829.0,620.0,45.63,74.79,214.0,8.0,0.0,0.0,34.52,1.29,0.0,0.0,,2026-07-01,7,2026,1.1180992313067786,0.24199289272180455,75.84635879218473,-98.557913,-0.6830847171404447,0.01943674306393245,0.24728588661037396,5,高档
202607,6901028184250,黄鹤楼(硬1916),一类烟,848.0,1000.0,,,,,0.0,,,,848.0,0.184,0.18,829.0,32.0,18.0,2.17,56.25,97.83,16.0,52.33,88.89,,,0.0,,,,,,,,,,,,,,,,,,2026-07-01,7,2026,1.179245283018868,,,,,,0.038600723763570564,5,高档
202607,6901028149921,哈德门(纯香),三类烟,47.7,55.0,0.004,0.0,0.0,,1.26,0.0,0.0,0.0,47.7,1.564,1.564,829.0,824.0,194.0,23.4,23.54,100.0,184.0,17.81,94.85,,,0.0,,,,,,,,,,,,,,,,,,2026-07-01,7,2026,1.1530398322851152,,,1.0,-1.0,0.0,0.9939686369119421,3,中档
202607,6901028151634,泰山(白将军),二类烟,114.5,130.0,1.564,1.564,4.47695,28625.0,79.016,100.0,2.87776,1.084123,114.5,0.264,0.252,829.0,827.0,28.0,3.38,3.39,95.45,9.0,2.09,32.14,,,0.0,,1.56,1.56,100.0,829.0,194.0,58.81,23.4,45.0,0.0,0.0,0.0,23.2,0.0,0.0,0.0,8.0,2026-07-01,7,2026,1.1353711790393013,0.24215660215101795,50.52173913043478,-99.0,0.5829959514170042,0.005400422195416164,0.9975874547647768,5,高档
202607,6901028188029,黄鹤楼(硬峡谷情细支),一类烟,263.0,300.0,4.204,4.084,26.8523,65750.0,1578.8,97.145576,15.46825,8.294822,263.0,3.436,3.424,829.0,528.0,433.0,52.23,82.01,99.65,423.0,81.06,97.69,,,0.0,,4.08,4.2,97.15,829.0,237.0,70.37,28.59,68.0,0.0,0.0,0.0,28.69,0.0,0.0,0.0,10.0,2026-07-01,7,2026,1.1406844106463878,0.3089054568882368,386.58178256611166,-96.145576,-0.16991869918699198,0.032391194209891436,0.6369119420989143,5,高档
202607,6901028039758,贵烟(硬黄精品),二类烟,114.5,130.0,0.94,0.924,2.64495,28625.0,33.484,98.297872,1.700161,0.640497,114.5,1.052,1.012,829.0,829.0,91.0,10.98,10.98,96.2,56.0,5.08,61.54,,,0.0,,0.92,0.94,98.3,829.0,130.0,68.89,15.68,36.0,0.0,0.0,0.0,27.69,0.0,0.0,0.0,27.0,2026-07-01,7,2026,1.1353711790393013,0.24215845290081095,36.23809523809524,-97.297872,-0.2061855670103092,0.003190530759951749,1.0,5,高档
202607,6901028042635,娇子(宽窄好运),一类烟,263.0,300.0,0.132,0.116,0.7627,65750.0,533.744,87.878788,0.439431,0.235527,263.0,16.104,15.98,829.0,824.0,537.0,64.78,65.17,99.23,415.0,44.48,77.28,,,0.0,,0.12,0.13,87.88,829.0,12.0,81.68,1.45,1.0,0.0,0.0,0.0,8.33,0.0,0.0,0.0,1.0,2026-07-01,7,2026,1.1406844106463878,0.308806870329094,4601.241379310345,-86.878788,-0.40816326530612246,0.0009200241254523523,0.9939686369119421,5,高档
202607,6901028063371,白沙(硬新精品二代),三类烟,97.0,110.0,,,,,1290.432,,,,97.0,0.2,0.2,829.0,46.0,28.0,3.38,60.87,100.0,22.0,54.35,78.57,,,0.0,,,,,,,,,,,,,,,,,,2026-07-01,7,2026,1.134020618556701,,,,,,0.05548854041013269,4,中高档
202607,6901028325257,玉溪(细支缤果爆),一类烟,225.0,260.0,0.172,0.156,0.8775,56250.0,73.396,90.697674,0.534807,0.241742,225.0,4.524,4.504,829.0,668.0,620.0,74.79,92.81,99.56,617.0,91.4,99.52,,,0.0,,0.16,0.17,90.7,829.0,18.0,0.99,2.17,2.0,0.0,0.0,0.0,11.11,0.0,0.0,0.0,1.0,2026-07-01,7,2026,1.1555555555555554,0.27548945868945873,470.4871794871795,-89.697674,-0.360655737704918,0.0010585042219541615,0.8057901085645356,5,高档
202607,6901028179492,红金龙(软蓝九州腾龙),四类烟,38.16,45.0,,,,,0.416,,,,,,,,,,,,,,,,,,,,,,,,,,,,,,,,,,,,2026-07-01,7,2026,1.179245283018868,,,,,,,3,中档
202607,6901028229074,天子(中支),一类烟,201.4,230.0,0.292,0.292,1.47022,50350.0,462.608,100.0,0.896002,0.405077,201.4,0.46,0.452,829.0,795.0,65.0,7.84,8.18,98.26,48.0,7.09,73.85,,,0.0,,0.29,0.29,100.0,829.0,38.0,40.74,4.58,0.0,0.0,0.0,0.0,0.0,0.0,0.0,0.0,3.0,2026-07-01,7,2026,1.1420059582919562,0.27552135054617677,1584.2739726027398,-99.0,0.23728813559322037,0.0017734861278648976,0.9589867310012062,5,高档
202607,6901028182560,红金龙(硬红龙),三类烟,47.7,55.0,0.008,0.0,0.0,,1.14,0.0,0.0,0.0,47.7,,,829.0,,,0.0,,,,,,,,,,,,,,,,,,,,,,,,,,2026-07-01,7,2026,1.1530398322851152,,,1.0,-1.0,0.0,,3,中档
202607,6901028268981,娇子(宽窄锦上细支),一类烟,263.0,300.0,0.296,0.284,1.8673,65750.0,133.624,95.945946,1.07565,0.576833,263.0,0.12,0.112,829.0,159.0,18.0,2.17,11.32,93.33,14.0,11.34,77.78,,,0.0,,0.28,0.3,95.95,829.0,34.0,8.3,4.1,8.0,0.0,0.0,0.0,23.53,0.0,0.0,0.0,9.0,2026-07-01,7,2026,1.1406844106463878,0.30891286884806946,470.50704225352115,-94.945946,0.2909090909090908,0.002252472858866104,0.19179734620024125,5,高档
202607,6901028125970,黄山(徽商新概念细支),一类烟,339.2,400.0,0.192,0.188,1.59424,84800.0,338.484,97.916667,0.918381,0.492444,339.2,1.532,1.456,829.0,829.0,97.0,11.7,11.7,95.04,70.0,4.51,72.16,,,0.0,,0.19,0.19,97.92,829.0,21.0,29.14,2.53,5.0,0.0,0.0,0.0,23.81,0.0,0.0,0.0,3.0,2026-07-01,7,2026,1.179245283018868,0.3088895022079486,1800.4468085106382,-96.916667,-0.07843137254901955,0.0019230880579010857,1.0,5,高档
202607,6901028143554,七匹狼(锋芒),一类烟,158.0,180.0,0.492,0.46,1.817,39500.0,658.768,93.495935,1.168055,0.439913,158.0,0.08,0.08,829.0,12.0,8.0,0.97,66.67,100.0,7.0,50.0,87.5,,,0.0,,0.46,0.49,93.5,829.0,44.0,81.68,5.31,11.0,0.0,0.0,0.0,25.0,0.0,0.0,0.0,7.0,2026-07-01,7,2026,1.139240506329114,0.24210952118877271,1432.104347826087,-92.495935,-0.5950704225352113,0.0021917973462002413,0.014475271411338963,5,高档
202607,6901028120708,利群(软长嘴),一类烟,318.0,360.0,0.324,0.312,2.4804,79500.0,86.624,96.296296,1.428882,0.766161,318.0,0.6,0.592,829.0,258.0,72.0,8.69,27.91,98.67,70.0,27.46,97.22,,,0.0,,0.31,0.32,96.3,829.0,39.0,5.33,4.7,6.0,0.0,0.0,0.0,15.38,0.0,0.0,0.0,,2026-07-01,7,2026,1.1320754716981132,0.3088860667634252,277.64102564102564,-95.296296,-0.6355140186915889,0.0029920386007237635,0.3112183353437877,5,高档
202607,6901028126007,黄山(新一品),三类烟,71.0,80.0,,,,,301.772,,,,,,,,,,,,,,,,,,,,,,,,,,,,,,,,,,,,2026-07-01,7,2026,1.1267605633802817,,,,,,,4,中高档
202607,6901028011785,真龙(起源),一类烟,212.0,250.0,0.144,0.136,0.7208,53000.0,108.12,94.444444,0.43928,0.198594,212.0,,,829.0,,,0.0,,,,,,,,,,0.14,0.14,94.44,829.0,21.0,41.09,2.53,0.0,0.0,0.0,0.0,0.0,0.0,0.0,0.0,6.0,2026-07-01,7,2026,1.179245283018868,0.2755188679245283,795.0,-93.444444,-0.6822429906542056,0.000869481302774427,,5,高档
202607,6901028179324,黄鹤楼(硬珍品),一类烟,339.2,400.0,2.78,2.716,23.03168,84800.0,2570.156,97.697842,13.270654,7.111324,339.2,14.072,13.964,829.0,829.0,423.0,51.03,51.03,99.23,315.0,23.42,74.47,,,0.0,,2.72,2.78,97.7,829.0,229.0,16.69,27.62,24.0,0.0,0.0,0.0,10.48,0.0,0.0,0.0,,2026-07-01,7,2026,1.179245283018868,0.30876271292411145,946.301914580265,-96.697842,-0.741234756097561,0.02778248492159228,1.0,5,高档
202607,6901028077910,钻石(软荷花),一类烟,339.2,400.0,0.192,0.18,1.5264,84800.0,16.14,93.75,0.8793,0.471488,339.2,2.216,2.188,829.0,483.0,334.0,40.29,69.15,98.74,328.0,63.75,98.2,,,0.0,,0.18,0.19,93.75,829.0,23.0,1.43,2.77,0.0,0.0,0.0,0.0,0.0,0.0,0.0,0.0,13.0,2026-07-01,7,2026,1.179245283018868,0.3088888888888889,89.66666666666667,-92.75,6.5,0.001841254523522316,0.5826296743063932,5,高档
202607,6901028145077,娇子(宽窄好运细支),一类烟,225.0,260.0,0.436,0.428,2.4075,56250.0,639.172,98.165138,1.46731,0.663238,225.0,,,829.0,,,0.0,,,,,,,,,,0.43,0.44,98.17,829.0,55.0,78.52,6.63,15.0,1.0,0.0,0.0,27.27,1.82,0.0,0.0,4.0,2026-07-01,7,2026,1.1555555555555554,0.27548826583592934,1493.3925233644861,-97.165138,-0.35928143712574856,0.0029041013268998796,,5,高档
202607,6901028219174,黄鹤楼(硬奇景),一类烟,238.5,300.0,3.108,3.068,18.29295,59625.0,1108.752,98.712999,11.148345,5.040053,238.5,0.368,0.368,829.0,54.0,46.0,5.55,85.19,100.0,46.0,85.19,100.0,,,0.0,,3.07,3.11,98.71,829.0,197.0,49.04,23.76,78.0,0.0,0.0,0.0,39.59,0.0,0.0,0.0,2.0,2026-07-01,7,2026,1.2578616352201257,0.2755188747577619,361.3924380704041,-97.712999,0.12463343108504388,0.022066284680337757,0.06513872135102533,5,高档
202607,6901028107297,钻石(玫瑰二代),三类烟,97.0,110.0,,,,,28.14,,,,,,,,,,,,,,,,,,,,,,,,,,,,,,,,,,,,2026-07-01,7,2026,1.134020618556701,,,,,,,4,中高档
202607,6901028159753,泰山(心悦),二类烟,139.92,160.0,0.036,0.036,0.125928,34980.0,154.404,100.0,0.080955,0.030484,139.92,,,829.0,,,0.0,,,,,,,,,,0.04,0.04,100.0,829.0,6.0,3.41,0.72,2.0,0.0,0.0,0.0,33.33,0.0,0.0,0.0,,2026-07-01,7,2026,1.1435105774728418,0.24207483641445904,4289.0,-99.0,-0.9433962264150944,0.0001519034981905911,,5,高档
202607,6901028225175,黄山(新制皖烟),二类烟,121.9,140.0,1.532,1.456,4.43716,30475.0,303.792,95.039164,2.852407,1.074282,121.9,0.608,0.592,829.0,699.0,76.0,9.17,10.87,97.37,59.0,9.59,77.63,,,0.0,,1.46,1.53,95.04,829.0,97.0,81.68,11.7,23.0,0.0,0.0,0.0,23.71,0.0,0.0,0.0,1.0,2026-07-01,7,2026,1.1484823625922886,0.24211026873044916,208.64835164835165,-94.039164,-0.6744186046511629,0.0053524246079614,0.8431845597104946,5,高档
202607,6901028181457,黄鹤楼(硬峡谷柔情),一类烟,263.0,300.0,3.424,3.388,22.2761,65750.0,653.828,98.948598,12.834873,6.878552,263.0,,,829.0,,,0.0,,,,,,,,,,3.39,3.42,98.95,829.0,333.0,25.53,40.17,0.0,0.0,0.0,0.0,0.0,0.0,0.0,0.0,,2026-07-01,7,2026,1.1406844106463878,0.30878618788746687,192.98347107438016,-97.948598,-0.24777975133214913,0.02687104945717732,,5,高档
202607,6901028247375,双喜(春天·咖路里),一类烟,225.0,260.0,0.116,0.06,0.3375,56250.0,127.6,51.724138,0.2057,0.092974,225.0,0.032,0.032,829.0,6.0,4.0,0.48,66.67,100.0,4.0,66.67,100.0,,,0.0,,0.06,0.12,51.72,829.0,8.0,81.68,0.97,0.0,0.0,0.0,0.0,0.0,0.0,0.0,0.0,3.0,2026-07-01,7,2026,1.1555555555555554,0.2754785185185185,2126.6666666666665,-50.724138,-0.5,0.00040711700844390836,0.007237635705669481,5,高档
202607,8888075005524,555金·锐,二类烟,137.8,160.0,0.136,0.136,0.46852,34450.0,72.416,100.0,0.304384,0.110232,137.8,0.024,0.024,829.0,17.0,3.0,0.36,17.65,100.0,3.0,17.65,100.0,,,0.0,,0.14,0.14,100.0,829.0,20.0,4.44,2.41,0.0,0.0,0.0,0.0,0.0,0.0,0.0,0.0,20.0,2026-07-01,7,2026,1.1611030478955007,0.23527704260223684,532.470588235294,-99.0,,0.0005651628468033775,0.020506634499396863,5,高档
202607,6901028218184,黄鹤楼(感恩中支),一类烟,225.0,260.0,0.02,0.0,0.0,,471.3,0.0,0.0,0.0,225.0,1.604,1.596,829.0,424.0,169.0,20.39,39.86,99.5,147.0,38.44,86.98,,,0.0,,,,,,,,,,,,,,,,,,2026-07-01,7,2026,1.1555555555555554,,,1.0,,0.0,0.51145958986731,5,高档
202607,6901028133333,金圣(青瓷细支),一类烟,225.0,260.0,0.004,0.0,0.0,,13.572,0.0,0.0,0.0,225.0,4.036,4.004,829.0,829.0,480.0,57.9,57.9,99.21,465.0,53.73,96.88,,,0.0,,,,,,,,,,,,,,,,,,2026-07-01,7,2026,1.1555555555555554,,,1.0,,0.0,1.0,5,高档
202607,6901028080521,钻石(细支荷花),一类烟,360.4,420.0,0.004,0.0,0.0,,112.96,0.0,0.0,0.0,360.4,0.22,0.208,829.0,829.0,29.0,3.5,3.5,94.55,9.0,0.88,31.03,,,0.0,,,,,,,,,,,,,,,,,,2026-07-01,7,2026,1.165371809100999,,,1.0,-1.0,0.0,1.0,5,高档
202607,6901028178105,黄鹤楼(硬天下胜景),一类烟,212.0,260.0,0.576,0.548,2.9044,53000.0,177.592,95.138889,1.77004,0.800217,212.0,0.004,0.0,829.0,,,0.0,,0.0,,,,,,,,0.55,0.58,95.14,829.0,44.0,3.75,5.31,18.0,0.0,0.0,0.0,40.91,0.0,0.0,0.0,1.0,2026-07-01,7,2026,1.2264150943396226,0.2755188679245283,324.0729927007299,-94.138889,-0.4362139917695472,0.0035034981905910736,,5,高档
202607,6901028230186,天子(C位),一类烟,201.4,230.0,0.46,0.452,2.27582,50350.0,75.232,98.26087,1.386962,0.627037,201.4,0.116,0.116,829.0,75.0,16.0,1.93,21.33,100.0,13.0,19.33,81.25,,,0.0,,0.45,0.46,98.26,829.0,65.0,39.36,7.84,0.0,0.0,0.0,0.0,0.0,0.0,0.0,0.0,39.0,2026-07-01,7,2026,1.1420059582919562,0.27552135054617677,166.44247787610618,-97.26087,0.3452380952380951,0.0027452593486127865,0.09047044632086852,5,高档
202607,6901028084925,长城(醇雅薄荷),一类烟,158.4,180.0,0.0792,0.072,0.3168,44000.0,260.1756,90.909091,0.190818,0.089538,158.4,,,829.0,,,0.0,,,,,,,,,,0.07,0.08,90.91,829.0,16.0,81.68,1.93,0.0,0.0,0.0,0.0,0.0,0.0,0.0,0.0,4.0,2026-07-01,7,2026,1.1363636363636362,0.2826325757575758,3613.5499999999997,-89.909091,-0.6153846153846154,0.00038214716525934863,,5,高档
202607,6901028178648,黄鹤楼(珍品细支),一类烟,381.6,450.0,0.048,0.048,0.45792,95400.0,135.636,100.0,0.263958,0.141282,381.6,2.78,2.716,829.0,308.0,229.0,27.62,74.35,97.7,216.0,71.47,94.32,,,0.0,,0.05,0.05,100.0,829.0,6.0,0.44,0.72,1.0,0.0,0.0,0.0,16.67,0.0,0.0,0.0,,2026-07-01,7,2026,1.1792452830188678,0.3085298742138365,2825.75,-99.0,-0.9130434782608696,0.0005523763570566948,0.3715319662243667,5,高档
202607,6901028165860,黄金叶(天叶细支),一类烟,848.0,1000.0,0.032,0.024,0.5088,212000.0,14.632,75.0,0.293104,0.15716,848.0,0.008,0.008,829.0,8.0,1.0,0.12,12.5,100.0,1.0,12.5,100.0,,,0.0,,0.02,0.03,75.0,829.0,3.0,40.94,0.36,0.0,0.0,0.0,0.0,0.0,0.0,0.0,0.0,2.0,2026-07-01,7,2026,1.179245283018868,0.3088836477987421,609.6666666666666,-74.0,-0.7777777777777778,0.0006137515078407721,0.009650180940892641,5,高档
202607,6901028172509,黄金叶(商鼎),一类烟,175.0,200.0,0.892,0.884,3.8675,43750.0,424.252,99.103139,2.356999,1.065547,175.0,0.172,0.148,829.0,829.0,18.0,2.17,2.17,86.05,12.0,0.84,66.67,,,0.0,,0.88,0.89,99.1,829.0,80.0,81.68,9.65,30.0,0.0,0.0,0.0,37.5,0.0,0.0,0.0,1.0,2026-07-01,7,2026,1.1428571428571428,0.2755131221719457,479.9230769230769,-98.103139,-0.4988662131519275,0.004665259348612787,1.0,5,高档
202607,6901028180603,红金龙(硬神州腾龙),三类烟,57.24,65.0,53.308,53.184,76.106304,14310.0,3104.112,99.76739,48.929431,18.421431,57.24,0.004,0.0,829.0,,,0.0,,0.0,,,,,,,,53.18,53.31,99.77,829.0,789.0,81.68,95.17,711.0,0.0,0.0,0.0,90.11,0.0,0.0,0.0,,2026-07-01,7,2026,1.1355695317959469,0.2420486875830943,58.36552346570397,-98.76739,-0.21617638389435834,0.09180495054282267,,3,中档
202607,6901028042963,娇子(五粮醇香),一类烟,201.4,230.0,,,,,338.828,,,,,,,,,,,,,,,,,,,,,,,,,,,,,,,,,,,,2026-07-01,7,2026,1.1420059582919562,,,,,,,5,高档
202607,6901028145473,娇子(五粮浓香中支),一类烟,424.0,500.0,,,,,77.604,,,,424.0,0.172,0.164,829.0,397.0,23.0,2.77,5.79,95.35,23.0,7.48,100.0,,,0.0,,,,,,,,,,,,,,,,,,2026-07-01,7,2026,1.179245283018868,,,,,,0.47889022919179736,5,高档
202607,6901028936477,好猫(猴王磨砂),三类烟,106.0,120.0,,,,,9.376,,,,,,,,,,,,,,,,,,,,,,,,,,,,,,,,,,,,2026-07-01,7,2026,1.1320754716981132,,,,,,,5,高档
202607,6901028136686,金圣(硬滕王阁),三类烟,97.0,110.0,4.036,4.004,9.7097,24250.0,706.212,99.207136,6.243785,2.348799,97.0,1.504,1.472,829.0,829.0,103.0,12.42,12.42,97.87,50.0,3.4,48.54,,,0.0,,4.0,4.04,99.21,829.0,480.0,48.3,57.9,47.0,0.0,0.0,0.0,9.79,0.0,0.0,0.0,6.0,2026-07-01,7,2026,1.134020618556701,0.24190232447964408,176.3766233766234,-98.207136,-0.32728494623655924,0.01171254523522316,1.0,4,中高档
202607,6901028075053,牡丹(软),二类烟,121.9,140.0,3.844,3.816,11.62926,30475.0,191.82,99.271592,7.476642,2.814641,121.9,,,829.0,,,0.0,,,,,,,,,,3.82,3.84,99.27,829.0,464.0,26.81,55.97,15.0,0.0,0.0,0.0,3.23,0.0,0.0,0.0,1.0,2026-07-01,7,2026,1.1484823625922886,0.24203096327711307,50.26729559748428,-98.271592,-0.2843210802700675,0.014028057901085645,,5,高档
202607,6901028065504,兰州(硬珍品),二类烟,155.0,180.0,0.024,0.024,0.093,38750.0,263.856,100.0,0.059784,0.022518,155.0,0.608,0.596,829.0,829.0,80.0,9.65,9.65,98.03,65.0,4.05,81.25,,,0.0,,0.02,0.02,100.0,829.0,3.0,0.35,0.36,0.0,0.0,0.0,0.0,0.0,0.0,0.0,0.0,,2026-07-01,7,2026,1.1612903225806452,0.2421290322580645,10994.0,-99.0,0.5,0.00011218335343787695,1.0,5,高档
202607,6901028221450,贵烟(跨越),一类烟,201.4,230.0,1.052,1.012,5.09542,50350.0,1277.888,96.197719,3.105363,1.403856,201.4,0.084,0.084,829.0,12.0,8.0,0.97,66.67,100.0,7.0,52.5,87.5,,,0.0,,1.01,1.05,96.2,829.0,91.0,81.68,10.98,29.0,0.0,0.0,0.0,31.87,0.0,0.0,0.0,1.0,2026-07-01,7,2026,1.1420059582919562,0.2755133041044703,1262.7351778656125,-95.197719,-0.7051282051282051,0.006146465621230398,0.014475271411338963,5,高档
202607,6901028185912,黄鹤楼(硬红),一类烟,190.8,220.0,81.46,81.128,386.98056,47700.0,3781.248,99.592438,235.839165,106.621605,190.8,1.416,1.408,829.0,674.0,142.0,17.13,21.07,99.44,110.0,14.65,77.46,,,0.0,,81.13,81.46,99.59,829.0,756.0,94.02,91.19,665.0,192.0,0.0,0.0,87.96,25.4,0.0,0.0,,2026-07-01,7,2026,1.1530398322851152,0.2755218634238371,46.60842126023075,-98.592438,0.9029836742353163,0.4668040530759952,0.8130277442702051,5,高档
202607,6901028009744,双喜(勿忘我),一类烟,175.0,200.0,0.36,0.256,1.12,43750.0,232.936,71.111111,0.68256,0.308589,175.0,0.304,0.096,829.0,829.0,7.0,0.84,0.84,31.58,5.0,0.32,71.43,,,0.0,,0.26,0.36,71.11,829.0,32.0,81.68,3.86,4.0,0.0,0.0,0.0,12.5,0.0,0.0,0.0,2.0,2026-07-01,7,2026,1.1428571428571428,0.27552589285714285,909.90625,-70.111111,-0.6717948717948719,0.00135102533172497,1.0,5,高档
202607,6901028162876,黄金叶(喜满堂),三类烟,88.0,100.0,4.82,4.808,10.5776,22000.0,117.24,99.751037,6.799875,2.560701,88.0,0.256,0.236,829.0,829.0,29.0,3.5,3.5,92.19,13.0,1.17,44.83,,,0.0,,4.81,4.82,99.75,829.0,602.0,33.23,72.62,0.0,0.0,0.0,0.0,0.0,0.0,0.0,0.0,3.0,2026-07-01,7,2026,1.1363636363636365,0.24208714642262893,24.384359400998335,-98.751037,inf,0.012759469240048251,1.0,4,中高档
202607,6901028218757,黄鹤楼(硬蓝),一类烟,175.0,200.0,1.34,1.332,5.8275,43750.0,320.008,99.402985,3.55155,1.605463,175.0,0.048,0.048,829.0,5.0,5.0,0.6,100.0,100.0,5.0,85.71,100.0,,,0.0,,1.33,1.34,99.4,829.0,175.0,25.04,21.11,0.0,0.0,0.0,0.0,0.0,0.0,0.0,0.0,26.0,2026-07-01,7,2026,1.1428571428571428,0.27549772629772634,240.24624624624622,-98.402985,65.60000000000001,0.007029553679131484,0.006031363088057901,5,高档
202607,6901028180580,黄鹤楼(软蓝),一类烟,164.3,190.0,66.388,66.136,271.65362,41075.0,8767.852,99.620413,174.63211,65.76932,164.3,0.024,0.024,829.0,2.0,2.0,0.24,100.0,100.0,1.0,75.0,50.0,,,0.0,,66.14,66.39,99.62,829.0,727.0,86.27,87.7,603.0,34.0,0.0,0.0,82.94,4.68,0.0,0.0,,2026-07-01,7,2026,1.1564211807668898,0.24210728353261038,132.573061570098,-98.620413,0.7230095873280533,0.3276883232810615,0.0024125452352231603,5,高档
202607,6901028315432,红塔山(硬经典100),三类烟,97.0,110.0,0.008,0.0,0.0,,470.908,0.0,0.0,0.0,97.0,0.212,0.196,829.0,829.0,30.0,3.62,3.62,92.45,18.0,1.33,60.0,,,0.0,,,,,,,,,,,,,,,,,,2026-07-01,7,2026,1.134020618556701,,,1.0,,0.0,1.0,4,中高档
202607,8888075074865,建牌(薄荷紫冰),一类烟,257.75,300.0,0.024,0.024,0.15465,64437.5,67.628,100.0,0.102,0.034857,257.75,,,829.0,,,0.0,,,,,,,,,,0.02,0.02,100.0,829.0,3.0,0.35,0.36,0.0,0.0,0.0,0.0,0.0,0.0,0.0,0.0,3.0,2026-07-01,7,2026,1.1639185257032008,0.22539282250242482,2817.8333333333335,-99.0,inf,0.0001865500603136309,,5,高档
202607,6901028172936,黄金叶(乐途硬),一类烟,175.0,200.0,,,,,312.256,,,,,,,,,,,,,,,,,,,,,,,,,,,,,,,,,,,,2026-07-01,7,2026,1.1428571428571428,,,,,,,5,高档
202607,6901028179348,黄鹤楼(软红),一类烟,227.9,260.0,14.072,13.964,79.55989,56975.0,3480.44,99.232518,48.486499,21.920485,227.9,0.672,0.592,829.0,88.0,52.0,6.27,59.09,88.1,50.0,61.16,96.15,,,0.0,,13.96,14.07,99.23,829.0,423.0,81.68,51.03,270.0,0.0,0.0,0.0,63.83,0.0,0.0,0.0,3.0,2026-07-01,7,2026,1.1408512505484862,0.2755218113046662,249.24376969349757,-98.232518,0.614708603145236,0.09597091676718938,0.10615199034981906,5,高档
202607,6901028046893,云烟(紫),二类烟,114.5,130.0,3.932,3.872,11.0836,28625.0,2022.292,98.474059,7.124494,2.68398,114.5,,,829.0,,,0.0,,,,,,,,,,3.87,3.93,98.47,829.0,305.0,81.68,36.79,135.0,0.0,0.0,0.0,44.26,0.0,0.0,0.0,,2026-07-01,7,2026,1.1353711790393013,0.24215778266989063,522.2861570247934,-97.474059,-0.7364552137217533,0.01336984318455971,,5,高档
202607,6901028084772,娇子(格调细支),二类烟,129.3,150.0,1.1,1.044,3.37473,32325.0,1229.864,94.909091,2.169472,0.817005,129.3,0.436,0.428,829.0,829.0,55.0,6.63,6.63,98.17,43.0,3.84,78.18,,,0.0,,1.04,1.1,94.91,829.0,89.0,81.68,10.74,21.0,0.0,0.0,0.0,23.6,0.0,0.0,0.0,9.0,2026-07-01,7,2026,1.160092807424594,0.2420949231494075,1178.0306513409962,-93.909091,-0.6313559322033898,0.004070844390832328,1.0,5,高档
202607,6901028165242,黄金叶(爱尚),二类烟,139.92,160.0,0.256,0.236,0.825528,34980.0,1013.708,92.1875,0.530705,0.199847,139.92,0.032,0.024,829.0,829.0,3.0,0.36,0.36,75.0,3.0,0.36,100.0,,,0.0,,0.24,0.26,92.19,829.0,29.0,81.68,3.5,4.0,0.0,0.0,0.0,13.79,0.0,0.0,0.0,4.0,2026-07-01,7,2026,1.1435105774728418,0.24208385421209214,4295.372881355932,-91.1875,-0.7456896551724138,0.0009958118214716527,1.0,5,高档
202607,6901028062329,南京(十二钗烤烟),一类烟,243.8,280.0,0.436,0.404,2.46238,60950.0,140.692,92.66055,1.500658,0.678417,243.8,0.94,0.924,829.0,823.0,97.0,11.7,11.79,98.3,79.0,9.94,81.44,,,0.0,,0.4,0.44,92.66,829.0,53.0,48.99,6.39,8.0,0.0,0.0,0.0,15.09,0.0,0.0,0.0,11.0,2026-07-01,7,2026,1.1484823625922886,0.275512715340443,348.2475247524753,-91.66055,-0.360759493670886,0.0029703015681544027,0.9927623642943305,5,高档
202607,6901028123266,黄山(硬记忆),三类烟,88.0,100.0,,,,,50.772,,,,,,,,,,,,,,,,,,,,,,,,,,,,,,,,,,,,2026-07-01,7,2026,1.1363636363636365,,,,,,,4,中高档
202607,6901028075022,中华(软),一类烟,583.0,700.0,,,,,215.888,,,,583.0,,,829.0,,,0.0,,,,,,,,,,,,,,,,,,,,,,,,,,2026-07-01,7,2026,1.2006861063464838,,,,,,,5,高档
202607,6901028071475,中南海(5mg),二类烟,114.5,130.0,0.052,0.036,0.10305,28625.0,208.108,69.230769,0.06624,0.024955,114.5,0.092,0.068,829.0,829.0,12.0,1.45,1.45,73.91,9.0,0.46,75.0,,,0.0,,0.04,0.05,69.23,829.0,3.0,43.51,0.36,0.0,0.0,0.0,0.0,0.0,0.0,0.0,0.0,,2026-07-01,7,2026,1.1353711790393013,0.24216399805919459,5780.777777777778,-68.230769,-0.9196428571428572,0.00012430639324487335,1.0,5,高档
202607,6901028180788,黄鹤楼(硬15),一类烟,848.0,1000.0,0.024,0.024,0.5088,212000.0,34.88,100.0,0.2931,0.157165,848.0,0.68,0.664,829.0,146.0,58.0,7.0,39.73,97.65,53.0,37.05,91.38,,,0.0,,0.02,0.02,100.0,829.0,2.0,0.1,0.24,0.0,0.0,0.0,0.0,0.0,0.0,0.0,0.0,,2026-07-01,7,2026,1.179245283018868,0.3088934748427673,1453.3333333333335,-99.0,-0.76,0.0006137515078407721,0.17611580217129072,5,高档
202607,6901028241410,黄鹤楼(视窗),一类烟,300.0,350.0,0.368,0.368,2.76,75000.0,72.192,100.0,1.589863,0.852599,300.0,0.096,0.072,829.0,6.0,6.0,0.72,100.0,75.0,6.0,100.0,100.0,,,0.0,,0.37,0.37,100.0,829.0,46.0,2.67,5.55,0.0,0.0,0.0,0.0,0.0,0.0,0.0,0.0,,2026-07-01,7,2026,1.1666666666666667,0.30891268115942033,196.17391304347825,-99.0,-0.11538461538461531,0.0033293124246079613,0.007237635705669481,5,高档
202607,6901028095891,黄果树(长征),三类烟,61.5,70.0,7.016,7.004,10.76865,15375.0,213.284,99.828962,6.921785,2.608027,61.5,0.94,0.924,829.0,828.0,130.0,15.68,15.7,98.3,127.0,10.54,97.69,,,0.0,,7.0,7.02,99.83,829.0,381.0,34.96,45.96,117.0,0.0,0.0,0.0,30.71,0.0,0.0,0.0,6.0,2026-07-01,7,2026,1.1382113821138211,0.24218699651302625,30.451741861793263,-98.828962,-0.4538365564566438,0.012989927623642943,0.9987937273823885,3,中档
202607,6901028178259,黄鹤楼(1916中支),一类烟,1000.0,1200.0,0.004,0.0,0.0,,19.184,0.0,0.0,0.0,1000.0,0.048,0.048,829.0,6.0,6.0,0.72,100.0,100.0,5.0,66.67,83.33,,,0.0,,,,,,,,,,,,,,,,,,2026-07-01,7,2026,1.2,,,1.0,,0.0,0.007237635705669481,5,高档
202607,6901028012003,真龙(凌云),二类烟,121.9,150.0,,,,,35.356,,,,121.9,0.296,0.284,829.0,829.0,44.0,5.31,5.31,95.95,35.0,2.41,79.55,,,0.0,,,,,,,,,,,,,,,,,,2026-07-01,7,2026,1.2305168170631664,,,,,,1.0,5,高档
202607,6901028204026,万宝路(硬冰爵2.0),一类烟,225.0,260.0,0.036,0.036,0.2025,56250.0,145.284,100.0,0.125253,0.053951,225.0,,,829.0,,,0.0,,,,,,,,,,0.04,0.04,100.0,829.0,5.0,0.54,0.6,0.0,0.0,0.0,0.0,0.0,0.0,0.0,0.0,,2026-07-01,7,2026,1.1555555555555554,0.26642469135802466,4035.666666666667,-99.0,-0.6400000000000001,0.000244270205066345,,5,高档
202607,6901028062015,苏烟(五星红杉树),一类烟,188.68,220.0,1.276,1.24,5.84908,47170.0,147.448,97.178683,3.56469,1.611476,188.68,0.1,0.084,829.0,14.0,10.0,1.21,71.43,84.0,8.0,55.26,80.0,,,0.0,,1.24,1.28,97.18,829.0,111.0,81.68,13.39,44.0,0.0,0.0,0.0,39.64,0.0,0.0,0.0,3.0,2026-07-01,7,2026,1.165995336018656,0.27550931086598235,118.90967741935485,-96.178683,-0.4754653130287648,0.007055585042219542,0.016887816646562123,5,高档
202607,6901028227285,天子(金),一类烟,167.48,200.0,0.608,0.596,2.495452,41870.0,2147.704,98.026316,1.604182,0.604149,167.48,0.292,0.292,829.0,823.0,38.0,4.58,4.62,100.0,22.0,3.06,57.89,,,0.0,,0.6,0.61,98.03,829.0,80.0,81.68,9.65,18.0,0.0,0.0,0.0,22.5,0.0,0.0,0.0,4.0,2026-07-01,7,2026,1.1941724385001196,0.24210002837161368,3603.5302013422825,-97.026316,-0.7435456110154905,0.0030101954161640527,0.9927623642943305,5,高档
202607,6901028177153,云烟(硬苁蓉),二类烟,114.5,130.0,,,,,184.688,,,,,,,,,,,,,,,,,,,,,,,,,,,,,,,,,,,,2026-07-01,7,2026,1.1353711790393013,,,,,,,5,高档
202607,6901028180634,红金龙(软虹之彩),五类烟,19.08,25.0,0.004,0.0,0.0,,0.0,0.0,0.0,0.0,19.08,1.556,1.552,829.0,210.0,195.0,23.52,92.86,99.74,193.0,92.38,98.97,,,0.0,,,,,,,,,,,,,,,,,,2026-07-01,7,2026,1.310272536687631,,,1.0,,0.0,0.25331724969843183,2,中低档
202607,6901028187855,黄鹤楼(软1916),一类烟,848.0,1000.0,0.088,0.084,1.7808,212000.0,248.584,95.454545,1.02585,0.550077,848.0,4.204,4.084,829.0,829.0,237.0,28.59,28.59,97.15,142.0,16.96,59.92,,,0.0,,0.08,0.09,95.45,829.0,7.0,0.49,0.84,1.0,0.0,0.0,0.0,14.29,0.0,0.0,0.0,,2026-07-01,7,2026,1.179245283018868,0.30889319407008087,2959.333333333333,-94.454545,-0.7123287671232876,0.002148130277442702,1.0,5,高档
202607,6901028218153,黄鹤楼(金典中支),一类烟,381.6,450.0,0.032,0.032,0.30528,95400.0,0.2,100.0,0.175856,0.094304,381.6,0.02,0.0,829.0,,,0.0,,0.0,,,,,,,,0.03,0.03,100.0,829.0,4.0,0.3,0.48,0.0,0.0,0.0,0.0,0.0,0.0,0.0,0.0,,2026-07-01,7,2026,1.1792452830188678,0.3089098532494759,6.25,-99.0,-0.9215686274509803,0.0003682509047044632,,5,高档
202607,6901028010771,中南海(冰耀中支),一类烟,201.4,230.0,0.048,0.048,0.24168,50350.0,62.004,100.0,0.147288,0.066588,201.4,0.028,0.028,829.0,29.0,4.0,0.48,13.79,100.0,3.0,12.07,75.0,,,0.0,,0.05,0.05,100.0,829.0,6.0,0.59,0.72,0.0,0.0,0.0,0.0,0.0,0.0,0.0,0.0,,2026-07-01,7,2026,1.1420059582919562,0.2755213505461767,1291.75,-99.0,-0.6363636363636364,0.0002915319662243667,0.03498190591073583,5,高档
202607,6901028024976,娇子(X),三类烟,97.0,110.0,1.0,1.0,2.425,24250.0,2186.54,100.0,1.55875,0.58725,97.0,14.392,14.336,829.0,824.0,576.0,69.48,69.9,99.61,490.0,63.73,85.07,,,0.0,,1.0,1.0,100.0,829.0,77.0,18.12,9.29,0.0,0.0,0.0,0.0,0.0,0.0,0.0,0.0,1.0,2026-07-01,7,2026,1.134020618556701,0.24216494845360828,2186.54,-99.0,-0.7803163444639718,0.0029252110977080817,0.9939686369119421,4,中高档
202607,6901028314459,玉溪(硬和谐),一类烟,339.2,400.0,,,,,0.004,,,,,,,,,,,,,,,,,,,,,,,,,,,,,,,,,,,,2026-07-01,7,2026,1.179245283018868,,,,,,,5,高档
202607,6901028138536,七匹狼(软灰),一类烟,185.5,210.0,0.22,0.208,0.9646,46375.0,310.18,94.545455,0.587865,0.265767,185.5,12.86,12.8,829.0,652.0,490.0,59.11,75.15,99.53,458.0,67.71,93.47,,,0.0,,0.21,0.22,94.55,829.0,29.0,81.68,3.5,2.0,0.0,0.0,0.0,6.9,0.0,0.0,0.0,9.0,2026-07-01,7,2026,1.1320754716981132,0.27552042297325313,1491.25,-93.545455,-0.7204301075268817,0.0011635705669481302,0.7864897466827503,5,高档
202607,6901028107150,钻石(双中支荷花),一类烟,381.6,450.0,,,,,21.176,,,,,,,,,,,,,,,,,,,,,,,,,,,,,,,,,,,,2026-07-01,7,2026,1.1792452830188678,,,,,,,5,高档
202607,6901028179270,红金龙(软精品),三类烟,90.1,110.0,43.724,43.54,98.07385,22525.0,2077.06,99.579178,63.04592,23.745292,90.1,53.308,53.184,829.0,829.0,789.0,95.17,95.17,99.77,749.0,87.13,94.93,,,0.0,,43.54,43.72,99.58,829.0,825.0,81.68,99.52,803.0,0.0,0.0,0.0,97.33,0.0,0.0,0.0,,2026-07-01,7,2026,1.2208657047724751,0.24211644592314874,47.70463941203491,-98.579178,0.3764542235710673,0.11830379975874547,1.0,4,中高档
202607,6901028160285,黄金叶(乐途),二类烟,121.9,140.0,1.556,1.488,4.53468,30475.0,845.028,95.62982,2.915003,1.097987,121.9,4.82,4.808,829.0,673.0,602.0,72.62,89.45,99.75,600.0,89.3,99.67,,,0.0,,1.49,1.56,95.63,829.0,130.0,81.68,15.68,47.0,0.0,0.0,0.0,36.15,0.0,0.0,0.0,6.0,2026-07-01,7,2026,1.1484823625922886,0.24213108752988086,567.8951612903226,-94.62982,-0.5820224719101124,0.0054700603136308805,0.8118214716525934,5,高档
202607,6901028324830,红塔山(细支传奇),二类烟,155.0,180.0,0.212,0.196,0.7595,38750.0,728.316,92.45283,0.48824,0.183892,155.0,0.576,0.54,829.0,829.0,51.0,6.15,6.15,93.75,31.0,2.72,60.78,,,0.0,,0.2,0.21,92.45,829.0,30.0,81.68,3.62,4.0,0.0,0.0,0.0,13.33,0.0,0.0,0.0,6.0,2026-07-01,7,2026,1.1612903225806452,0.24212244897959184,3715.8979591836733,-91.45283,-0.644927536231884,0.0009161640530759951,1.0,5,高档
202607,6901028059114,好猫(细支长乐吉祥),一类烟,225.0,260.0,0.1,0.052,0.2925,56250.0,74.46,52.0,0.178269,0.080583,225.0,0.304,0.292,829.0,829.0,39.0,4.7,4.7,96.05,31.0,0.77,79.49,,,0.0,,0.05,0.1,52.0,829.0,9.0,52.25,1.09,0.0,0.0,0.0,0.0,0.0,0.0,0.0,0.0,4.0,2026-07-01,7,2026,1.1555555555555554,0.2754974358974359,1431.923076923077,-51.0,-0.7111111111111111,0.0003528347406513872,1.0,5,高档
202607,6901028155557,泰山(颜悦),一类烟,167.48,190.0,0.264,0.252,1.055124,41870.0,506.572,95.454545,0.678258,0.255474,167.48,5.172,5.132,829.0,824.0,345.0,41.62,41.87,99.23,285.0,31.82,82.61,,,0.0,,0.25,0.26,95.45,829.0,28.0,60.69,3.38,0.0,0.0,0.0,0.0,0.0,0.0,0.0,0.0,7.0,2026-07-01,7,2026,1.1344638165751135,0.24212699170903135,2010.2063492063492,-94.454545,-0.7014218009478672,0.001272767189384801,0.9939686369119421,5,高档
202607,6901028937535,好猫(金猴王),三类烟,71.0,80.0,,,,,279.328,,,,,,,,,,,,,,,,,,,,,,,,,,,,,,,,,,,,2026-07-01,7,2026,1.1267605633802817,,,,,,,4,中高档
202607,6901028227438,龙凤呈祥(软魅力朝天门),三类烟,97.0,110.0,,,,,162.376,,,,97.0,0.144,0.136,829.0,823.0,21.0,2.53,2.55,94.44,14.0,2.05,66.67,,,0.0,,,,,,,,,,,,,,,,,,2026-07-01,7,2026,1.134020618556701,,,,,,0.9927623642943305,4,中高档
202607,8888075018616,555·双冰,一类烟,271.07,320.0,0.024,0.024,0.162642,67767.5,439.012,100.0,0.107273,0.036658,271.07,0.156,0.156,829.0,339.0,22.0,2.65,6.49,100.0,17.0,5.72,77.27,,,0.0,,0.02,0.02,100.0,829.0,3.0,0.94,0.36,0.0,0.0,0.0,0.0,0.0,0.0,0.0,0.0,3.0,2026-07-01,7,2026,1.180506880141661,0.22539073548038022,18292.166666666668,-99.0,,0.00019619059107358263,0.4089264173703257,5,高档
202607,6901028218603,黄鹤楼(硬1916如意),一类烟,763.2,900.0,1.604,1.596,30.45168,190800.0,972.82,99.501247,17.560815,9.387628,763.2,0.26,0.252,829.0,118.0,32.0,3.86,27.12,96.92,31.0,26.69,96.88,,,0.0,,1.6,1.6,99.5,829.0,169.0,22.96,20.39,15.0,0.0,0.0,0.0,8.88,0.0,0.0,0.0,1.0,2026-07-01,7,2026,1.1792452830188678,0.3082794775197953,609.5363408521304,-98.501247,-0.5746268656716418,0.0367330277442702,0.14234016887816647,5,高档
202607,6901028218900,黄鹤楼(3mg),一类烟,424.0,500.0,0.048,0.048,0.5088,106000.0,25.324,100.0,0.2931,0.157164,424.0,3.108,3.068,829.0,598.0,197.0,23.76,32.94,98.71,148.0,22.9,75.13,,,0.0,,0.05,0.05,100.0,829.0,5.0,0.35,0.6,1.0,0.0,0.0,0.0,20.0,0.0,0.0,0.0,,2026-07-01,7,2026,1.179245283018868,0.30889150943396226,527.5833333333334,-99.0,-0.25,0.0006137515078407721,0.721351025331725,5,高档
202607,6901028314985,红塔山(硬经典),三类烟,75.0,85.0,7.164,7.112,13.335,18750.0,302.868,99.274149,8.571768,3.22907,75.0,0.008,0.0,829.0,,,0.0,,0.0,,,,,,,,7.11,7.16,99.27,829.0,640.0,39.36,77.2,0.0,0.0,0.0,0.0,0.0,0.0,0.0,0.0,3.0,2026-07-01,7,2026,1.1333333333333333,0.24214998125234344,42.58548931383577,-98.274149,0.4585726004922066,0.016085645355850425,,4,中高档
202607,8888075056014,555 (金天越),二类烟,119.09,140.0,0.04,0.032,0.095272,29772.5,85.98,80.0,0.062839,0.021473,119.09,,,829.0,,,0.0,,,,,,,,,,0.03,0.04,80.0,829.0,4.0,0.2,0.48,0.0,0.0,0.0,0.0,0.0,0.0,0.0,0.0,4.0,2026-07-01,7,2026,1.175581492988496,0.22538626249055335,2686.875,-79.0,,0.00011492400482509047,,5,高档
202607,6901028936750,好猫(长乐),二类烟,121.9,140.0,0.304,0.292,0.88987,30475.0,264.012,96.052632,0.572029,0.215476,121.9,0.248,0.228,829.0,829.0,27.0,3.26,3.26,91.94,19.0,0.6,70.37,,,0.0,,0.29,0.3,96.05,829.0,39.0,81.68,4.7,7.0,0.0,0.0,0.0,17.95,0.0,0.0,0.0,4.0,2026-07-01,7,2026,1.1484823625922886,0.24214323440502544,904.1506849315069,-95.052632,-0.708,0.001073425814234017,1.0,5,高档
202607,6901028190602,黄鹤楼(软雪之景),二类烟,121.9,140.0,7.668,7.604,23.17319,30475.0,399.936,99.165363,14.8968,5.610245,121.9,0.032,0.032,829.0,6.0,4.0,0.48,66.67,100.0,4.0,66.67,100.0,,,0.0,,7.6,7.67,99.17,829.0,524.0,51.06,63.21,299.0,0.0,0.0,0.0,57.06,0.0,0.0,0.0,,2026-07-01,7,2026,1.1484823625922886,0.24210067755022072,52.59547606522882,-98.165363,0.4500381388253243,0.027953184559710496,0.007237635705669481,5,高档
202607,6901028180009,黄鹤楼(软珍品),一类烟,530.0,650.0,0.672,0.592,7.844,132500.0,1101.36,88.095238,4.519527,2.422067,530.0,66.388,66.136,829.0,829.0,727.0,87.7,87.7,99.62,534.0,49.55,73.45,,,0.0,,0.59,0.67,88.1,829.0,52.0,4.35,6.27,0.0,0.0,0.0,0.0,0.0,0.0,0.0,0.0,,2026-07-01,7,2026,1.2264150943396226,0.30877957674655787,1860.4054054054054,-87.095238,-0.6948453608247422,0.009462002412545236,1.0,5,高档
202607,6901028045919,云烟(软珍品),一类烟,206.7,230.0,0.264,0.26,1.34355,51675.0,1050.972,98.484848,0.818805,0.370175,206.7,3.932,3.872,829.0,829.0,305.0,36.79,36.79,98.47,277.0,21.08,90.82,,,0.0,,0.26,0.26,98.48,829.0,38.0,40.74,4.58,0.0,0.0,0.0,0.0,0.0,0.0,0.0,0.0,3.0,2026-07-01,7,2026,1.1127237542331883,0.27552007740686985,4042.2,-97.484848,-0.4298245614035088,0.0016206875753920387,1.0,5,高档
202607,6901028057080,双喜(硬晶彩好日子),一类烟,158.0,180.0,0.296,0.284,1.1218,39500.0,310.624,95.945946,0.721148,0.271594,158.0,,,829.0,,,0.0,,,,,,,,,,0.28,0.3,95.95,829.0,44.0,81.68,5.31,7.0,0.0,0.0,0.0,15.91,0.0,0.0,0.0,6.0,2026-07-01,7,2026,1.139240506329114,0.2421055446603673,1093.7464788732395,-94.945946,-0.6952789699570816,0.0013531966224366707,,5,高档
202607,6901028312356,云烟(细支大重九),一类烟,848.0,1000.0,0.008,0.008,0.1696,212000.0,74.576,100.0,0.097707,0.052381,848.0,0.016,0.0,829.0,,,0.0,,0.0,,,,,,,,0.01,0.01,100.0,829.0,1.0,1.14,0.12,0.0,0.0,0.0,0.0,0.0,0.0,0.0,0.0,,2026-07-01,7,2026,1.179245283018868,0.3088502358490566,9321.999999999998,-99.0,-0.9534883720930233,0.000204583835946924,,5,高档
202607,6901028119009,利群(西子阳光),一类烟,275.6,310.0,0.004,0.004,0.02756,68900.0,59.584,100.0,0.015876,0.008513,275.6,0.324,0.312,829.0,85.0,39.0,4.7,45.88,96.3,37.0,40.41,94.87,,,0.0,,0.0,0.0,100.0,829.0,1.0,0.1,0.12,0.0,0.0,0.0,0.0,0.0,0.0,0.0,0.0,,2026-07-01,7,2026,1.1248185776487662,0.3088896952104499,14896.0,-99.0,-0.9830508474576272,3.324487334137515e-05,0.10253317249698432,5,高档
202607,6901028141147,七匹狼(蓝),三类烟,71.0,80.0,12.86,12.8,22.72,17750.0,618.124,99.533437,14.605552,5.500442,71.0,0.492,0.46,829.0,829.0,44.0,5.31,5.31,93.5,18.0,1.95,40.91,,,0.0,,12.8,12.86,99.53,829.0,490.0,41.83,59.11,133.0,0.0,0.0,0.0,27.14,0.0,0.0,0.0,5.0,2026-07-01,7,2026,1.1267605633802817,0.2420969190140845,48.2909375,-98.533437,,0.0274065138721351,1.0,4,中高档
202607,6901028104241,哈尔滨(老巴夺),三类烟,97.0,110.0,,,,,0.012,,,,,,,,,,,,,,,,,,,,,,,,,,,,,,,,,,,,2026-07-01,7,2026,1.134020618556701,,,,,,,4,中高档
202607,6901028187343,黄鹤楼(硬8度),一类烟,158.0,180.0,1.416,1.408,5.5616,39500.0,495.964,99.435028,3.575265,1.346537,158.0,0.088,0.084,829.0,8.0,7.0,0.84,87.5,95.45,6.0,70.0,85.71,,,0.0,,1.41,1.42,99.44,829.0,142.0,41.19,17.13,22.0,0.0,0.0,0.0,15.49,0.0,0.0,0.0,5.0,2026-07-01,7,2026,1.139240506329114,0.2421132407940161,352.2471590909091,-98.435028,-0.22295805739514352,0.006708805790108565,0.009650180940892641,5,高档
202607,6901028062350,南京(十二钗薄荷),一类烟,188.68,220.0,0.94,0.924,4.358508,47170.0,74.304,98.297872,2.656402,1.200701,188.68,6.78,6.76,829.0,366.0,298.0,35.95,81.42,99.71,291.0,75.45,97.65,,,0.0,,0.92,0.94,98.3,829.0,97.0,51.95,11.7,28.0,0.0,0.0,0.0,28.87,0.0,0.0,0.0,11.0,2026-07-01,7,2026,1.165995336018656,0.2754844088848753,80.41558441558442,-97.297872,-0.09765625,0.005257548854041013,0.44149577804583834,5,高档
202607,6901028080224,钻石(硬特醇),四类烟,44.5,50.0,,,,,418.692,,,,,,,,,,,,,,,,,,,,,,,,,,,,,,,,,,,,2026-07-01,7,2026,1.1235955056179776,,,,,,,3,中档
202607,6901028184304,黄鹤楼(硬平安),一类烟,720.8,1000.0,0.184,0.18,3.2436,180200.0,387.828,97.826087,1.868806,1.001633,720.8,81.46,81.128,829.0,829.0,756.0,91.19,91.19,99.59,616.0,52.45,81.48,,,0.0,,0.18,0.18,97.83,829.0,18.0,1.88,2.17,3.0,0.0,0.0,0.0,16.67,0.0,0.0,0.0,,2026-07-01,7,2026,1.3873473917869035,0.30880287335059814,2154.6,-96.826087,-0.8076923076923077,0.003912665862484921,1.0,5,高档
202607,8888075024037,555(冰炫),一类烟,216.05,240.0,0.156,0.156,0.842595,54012.5,293.748,100.0,0.555767,0.189891,216.05,0.064,0.064,829.0,59.0,9.0,1.09,15.25,100.0,7.0,13.56,77.78,,,0.0,,0.16,0.16,100.0,829.0,22.0,16.94,2.65,0.0,0.0,0.0,0.0,0.0,0.0,0.0,0.0,22.0,2026-07-01,7,2026,1.11085396898866,0.2253644989585744,1883.0,-99.0,,0.0010163992762364294,0.07117008443908324,5,高档
202607,6901028211352,七匹狼(纯境),二类烟,143.1,160.0,0.796,0.788,2.81907,35775.0,117.432,98.994975,1.812212,0.6825,143.1,1.196,1.196,829.0,413.0,187.0,22.56,45.28,100.0,186.0,48.07,99.47,,,0.0,,0.79,0.8,98.99,829.0,68.0,4.94,8.2,29.0,0.0,0.0,0.0,42.65,0.0,0.0,0.0,,2026-07-01,7,2026,1.1180992313067786,0.2421011184539582,149.0253807106599,-97.994975,-0.8751584283903675,0.0034005669481302772,0.49819059107358266,5,高档
202607,6901028224079,金圣(滕王阁·紫光),二类烟,129.3,150.0,1.504,1.472,4.75824,32325.0,1087.256,97.87234,3.058816,1.152,129.3,1.62,1.612,829.0,829.0,124.0,14.96,14.96,99.51,99.0,4.22,79.84,,,0.0,,1.47,1.5,97.87,829.0,103.0,81.68,12.42,34.0,0.0,0.0,0.0,33.01,0.0,0.0,0.0,4.0,2026-07-01,7,2026,1.160092807424594,0.24210632502774135,738.6250000000001,-96.87234,-0.5639810426540284,0.005739734620024126,1.0,5,高档
202607,6901028942881,双喜(硬精品好日子),三类烟,93.28,110.0,,,,,17.756,,,,93.28,,,829.0,,,0.0,,,,,,,,,,,,,,,,,,,,,,,,,,2026-07-01,7,2026,1.179245283018868,,,,,,,4,中高档
202607,6901028169967,黄金叶(天叶),一类烟,678.4,1000.0,0.008,0.008,0.13568,169600.0,71.552,100.0,0.07816,0.041911,678.4,0.892,0.884,829.0,829.0,80.0,9.65,9.65,99.1,45.0,4.46,56.25,,,0.0,,0.01,0.01,100.0,829.0,1.0,0.4,0.12,0.0,0.0,0.0,0.0,0.0,0.0,0.0,0.0,,2026-07-01,7,2026,1.474056603773585,0.3088959316037736,8944.0,-99.0,-0.6666666666666667,0.0001636670687575392,1.0,5,高档
202607,6901028092432,人民大会堂(红细支),一类烟,225.0,260.0,0.2,0.192,1.08,56250.0,187.916,96.0,0.658224,0.297531,225.0,,,829.0,,,0.0,,,,,,,,,,0.19,0.2,96.0,829.0,27.0,9.63,3.26,0.0,0.0,0.0,0.0,0.0,0.0,0.0,0.0,17.0,2026-07-01,7,2026,1.1555555555555554,0.27549166666666663,978.7291666666666,-95.0,-0.3924050632911392,0.0013027744270205067,,5,高档
202607,6901028339957,云烟(细支云龙),二类烟,129.3,150.0,4.964,4.864,15.72288,32325.0,2205.044,97.985496,10.107467,3.806583,129.3,7.164,7.112,829.0,795.0,640.0,77.2,80.5,99.27,623.0,80.45,97.34,,,0.0,,4.86,4.96,97.99,829.0,291.0,81.68,35.1,127.0,0.0,0.0,0.0,43.64,0.0,0.0,0.0,4.0,2026-07-01,7,2026,1.160092807424594,0.24210469074368055,453.33963815789474,-96.985496,-0.466198419666374,0.018966079613992763,0.9589867310012062,5,高档
202607,6901028124058,黄山(黑马细支),一类烟,225.0,260.0,0.264,0.232,1.305,56250.0,209.152,87.878788,0.795354,0.359519,225.0,0.192,0.188,829.0,339.0,21.0,2.53,6.19,97.92,16.0,3.98,76.19,,,0.0,,0.23,0.26,87.88,829.0,19.0,81.68,2.29,9.0,0.0,0.0,0.0,47.37,0.0,0.0,0.0,,2026-07-01,7,2026,1.1555555555555554,0.2754934865900383,901.5172413793102,-86.878788,-0.3763440860215054,0.001574185765983112,0.4089264173703257,5,高档
202607,6901028204835,芙蓉王(硬中支),一类烟,263.0,300.0,0.004,0.0,0.0,,6.144,0.0,0.0,0.0,263.0,1.576,1.484,829.0,388.0,198.0,23.88,51.03,94.16,192.0,41.59,96.97,,,0.0,,0.0,0.0,0.0,829.0,,0.0,0.0,51.0,23.0,0.0,0.0,,,,,57.0,2026-07-01,7,2026,1.1406844106463878,,,1.0,,0.0,0.4680337756332931,5,高档
202607,6901028111270,南京(炫赫门),二类烟,155.0,180.0,6.78,6.76,26.195,38750.0,332.816,99.705015,16.83934,6.342139,155.0,0.04,0.04,829.0,18.0,5.0,0.6,27.78,100.0,5.0,27.78,100.0,,,0.0,,6.76,6.78,99.71,829.0,298.0,35.6,35.95,258.0,0.0,0.0,0.0,86.58,0.0,0.0,0.0,,2026-07-01,7,2026,1.1612903225806452,0.2421125787364001,49.233136094674556,-98.705015,1.1473951715374842,0.03159831121833535,0.021712907117008445,5,高档
202607,6901028177214,冬虫夏草(和润),一类烟,424.0,500.0,0.032,0.024,0.2544,106000.0,78.612,75.0,0.14655,0.078582,424.0,0.2,0.192,829.0,195.0,27.0,3.26,13.85,96.0,21.0,12.31,77.78,,,0.0,,0.02,0.03,75.0,829.0,2.0,63.6,0.24,1.0,0.0,0.0,0.0,50.0,0.0,0.0,0.0,,2026-07-01,7,2026,1.179245283018868,0.30889150943396226,3275.4999999999995,-74.0,-0.76,0.00030687575392038605,0.23522316043425814,5,高档
202607,6901028075015,中华(硬),一类烟,381.6,450.0,1.304,1.3,12.402,95400.0,977.4,99.693252,7.14415,3.8311,381.6,,,829.0,,,0.0,,,,,,,,,,1.3,1.3,99.69,829.0,129.0,29.28,15.56,75.0,0.0,0.0,0.0,58.14,0.0,0.0,0.0,,2026-07-01,7,2026,1.1792452830188678,0.3089098532494759,751.8461538461538,-98.693252,-0.6999076638965835,0.014960193003618817,,5,高档
202607,6901028224642,金圣(青瓷),一类烟,158.0,180.0,1.62,1.612,6.3674,39500.0,976.012,99.506173,4.093271,1.541607,158.0,0.268,0.256,829.0,823.0,33.0,3.98,4.01,95.52,31.0,3.88,93.94,,,0.0,,1.61,1.62,99.51,829.0,124.0,81.68,14.96,53.0,0.0,0.0,0.0,42.74,0.0,0.0,0.0,6.0,2026-07-01,7,2026,1.139240506329114,0.2421093381914125,605.4665012406947,-98.506173,-0.09438202247191008,0.0076808202653799755,0.9927623642943305,5,高档
202607,6901028164177,红旗渠(雪茄),四类烟,44.5,50.0,0.008,0.0,0.0,,0.012,0.0,0.0,0.0,44.5,1.0,1.0,829.0,365.0,77.0,9.29,21.1,100.0,51.0,17.03,66.23,,,0.0,,,,,,,,,,,,,,,,,,2026-07-01,7,2026,1.1235955056179776,,,1.0,,0.0,0.44028950542822676,3,中档
202607,6901028191142,白沙(硬),三类烟,71.0,80.0,,,,,696.9,,,,71.0,,,829.0,,,0.0,,,,,,,,,,,,,,,,,,,,,,,,,,2026-07-01,7,2026,1.1267605633802817,,,,,,,4,中高档
202607,4891132530116,红双喜(南洋经典),三类烟,67.95,80.0,0.076,0.076,0.129105,16987.5,49.148,100.0,0.085147,0.029109,67.95,,,829.0,4.0,,0.0,0.0,,,0.0,,,,,,0.08,0.08,100.0,829.0,10.0,0.74,1.21,0.0,0.0,0.0,0.0,0.0,0.0,0.0,0.0,10.0,2026-07-01,7,2026,1.177336276674025,0.22546764261647495,646.6842105263158,-99.0,inf,0.00015573582629674305,0.0048250904704463205,4,中高档
202607,6901028025645,娇子(时代阳光),三类烟,71.0,80.0,14.392,14.336,25.4464,17750.0,549.168,99.610895,16.358258,6.160547,71.0,0.132,0.116,829.0,829.0,12.0,1.45,1.45,87.88,5.0,0.38,41.67,,,0.0,,14.34,14.39,99.61,829.0,576.0,40.69,69.48,0.0,0.0,0.0,0.0,0.0,0.0,0.0,0.0,6.0,2026-07-01,7,2026,1.1267605633802817,0.2420989609532193,38.306919642857146,-98.610895,inf,0.030695295536791317,1.0,4,中高档
202607,6901028112505,南京(大观园爆冰),一类烟,263.0,300.0,0.148,0.136,0.8942,65750.0,45.932,91.891892,0.515101,0.276228,263.0,,,829.0,,,0.0,,,,,,,,,,0.14,0.15,91.89,829.0,18.0,2.42,2.17,3.0,0.0,0.0,0.0,16.67,0.0,0.0,0.0,2.0,2026-07-01,7,2026,1.1406844106463878,0.30891075821963765,337.7352941176471,-90.891892,-0.423728813559322,0.001078648974668275,,5,高档
202607,6901028193504,芙蓉王(硬),一类烟,218.36,250.0,2.564,2.54,13.86586,54590.0,2629.116,99.063963,8.45059,3.82015,218.36,0.004,0.0,829.0,,,0.0,,0.0,,,,,,,,2.54,2.56,99.06,829.0,338.0,43.75,40.77,83.0,0.0,0.0,0.0,24.56,0.0,0.0,0.0,53.0,2026-07-01,7,2026,1.1448983330280271,0.2755076136640641,1035.0850393700787,-98.063963,-0.3566362715298885,0.016726007237635704,,5,高档
202607,6901028121828,利群(江南韵),一类烟,225.0,260.0,0.6,0.592,3.33,56250.0,189.82,98.666667,2.029524,0.917384,225.0,0.484,0.48,829.0,204.0,66.0,7.96,32.35,99.17,60.0,25.05,90.91,,,0.0,,0.59,0.6,98.67,829.0,72.0,13.88,8.69,8.0,0.0,0.0,0.0,11.11,0.0,0.0,0.0,10.0,2026-07-01,7,2026,1.1555555555555554,0.27549069069069065,320.6418918918919,-97.666667,2.5238095238095233,0.004016887816646562,0.24607961399276237,5,高档
202607,6901028271004,黄鹤楼(冰咖),一类烟,225.0,260.0,0.476,0.46,2.5875,56250.0,84.64,96.638655,1.576995,0.712828,225.0,0.116,0.116,829.0,18.0,13.0,1.57,72.22,100.0,13.0,72.5,100.0,,,0.0,,0.46,0.48,96.64,829.0,46.0,3.01,5.55,7.0,0.0,0.0,0.0,15.22,0.0,0.0,0.0,4.0,2026-07-01,7,2026,1.1555555555555554,0.27548908212560386,184.0,-95.638655,0.13861386138613851,0.0031212303980699637,0.021712907117008445,5,高档
202607,6901028009805,双喜(百年经典),一类烟,175.0,200.0,0.304,0.096,0.42,43750.0,235.308,31.578947,0.255987,0.115692,175.0,0.116,0.06,829.0,829.0,8.0,0.97,0.97,51.72,2.0,0.14,25.0,,,0.0,,0.1,0.3,31.58,829.0,7.0,81.68,0.84,3.0,0.0,0.0,0.0,42.86,0.0,0.0,0.0,,2026-07-01,7,2026,1.1428571428571428,0.2754571428571429,2451.125,-30.578947,-0.11111111111111105,0.0005066344993968637,1.0,5,高档
202607,6901028114455,苏烟(软金砂),一类烟,381.6,450.0,,,,,0.0,,,,,,,,,,,,,,,,,,,,,,,,,,,,,,,,,,,,2026-07-01,7,2026,1.1792452830188678,,,,,,,5,高档
202607,6901028013611,真龙(海韵),一类烟,445.2,500.0,,,,,1.168,,,,,,,,,,,,,,,,,,,,,,,,,,,,,,,,,,,,2026-07-01,7,2026,1.1230907457322552,,,,,,,5,高档
202607,6901028242066,黄鹤楼(硬峡谷情),一类烟,339.2,400.0,0.096,0.072,0.61056,84800.0,497.404,75.0,0.352452,0.187863,339.2,0.476,0.46,829.0,54.0,46.0,5.55,85.19,96.64,45.0,87.12,97.83,,,0.0,,0.07,0.1,75.0,829.0,6.0,0.44,0.72,3.0,0.0,0.0,0.0,50.0,0.0,0.0,0.0,,2026-07-01,7,2026,1.179245283018868,0.30768966194968556,6908.38888888889,-74.0,inf,0.0007365018094089264,0.06513872135102533,5,高档
202607,6901028252959,黄金叶(大成),一类烟,263.0,300.0,0.172,0.148,0.9731,65750.0,206.036,86.046512,0.56055,0.300597,263.0,0.016,0.0,829.0,,,0.0,,0.0,,,,,,,,0.15,0.17,86.05,829.0,18.0,77.04,2.17,4.0,0.0,0.0,0.0,22.22,0.0,0.0,0.0,3.0,2026-07-01,7,2026,1.1406844106463878,0.3089065871955606,1392.1351351351352,-85.046512,-0.5888888888888889,0.0011738238841978287,,5,高档
202607,6901028058148,好猫(细支长乐),二类烟,139.92,160.0,0.42,0.408,1.427184,34980.0,631.668,97.142857,0.917491,0.345504,139.92,0.1,0.052,829.0,827.0,9.0,1.09,1.09,52.0,3.0,0.15,33.33,,,0.0,,0.41,0.42,97.14,829.0,44.0,81.68,5.31,15.0,0.0,0.0,0.0,34.09,0.0,0.0,0.0,7.0,2026-07-01,7,2026,1.1435105774728418,0.24208791578380923,1548.2058823529412,-96.142857,-0.44864864864864873,0.0017215729794933655,0.9975874547647768,5,高档
202607,8888075034777,555(老版细支),一类烟,212.28,250.0,0.052,0.052,0.275964,53070.0,163.264,100.0,0.182023,0.062195,212.28,0.04,0.032,829.0,4.0,4.0,0.48,100.0,80.0,4.0,100.0,100.0,,,0.0,,0.05,0.05,100.0,829.0,8.0,2.47,0.97,0.0,0.0,0.0,0.0,0.0,0.0,0.0,0.0,8.0,2026-07-01,7,2026,1.1776898436027887,0.22537359945500138,3139.692307692308,-99.0,inf,0.0003328878166465621,0.0048250904704463205,5,高档
202607,6901028111546,南京(雨花石),一类烟,455.8,530.0,0.04,0.04,0.4558,113950.0,29.564,100.0,0.262999,0.140366,455.8,0.148,0.136,829.0,41.0,18.0,2.17,43.9,91.89,18.0,45.33,100.0,,,0.0,,0.04,0.04,100.0,829.0,5.0,0.89,0.6,0.0,0.0,0.0,0.0,0.0,0.0,0.0,0.0,1.0,2026-07-01,7,2026,1.1627906976744187,0.3079552435278631,739.1,-99.0,-0.16666666666666663,0.0005498190591073582,0.04945717732207479,5,高档
202607,6901028188081,黄鹤楼(硬银紫),二类烟,114.5,130.0,3.436,3.424,9.8012,28625.0,421.892,99.650757,6.301241,2.372184,114.5,,,829.0,,,0.0,,,,,,,,,,3.42,3.44,99.65,829.0,433.0,26.07,52.23,0.0,0.0,0.0,0.0,0.0,0.0,0.0,0.0,1.0,2026-07-01,7,2026,1.1353711790393013,0.24202995551565112,123.2161214953271,-98.650757,-0.13008130081300817,0.011822919179734619,,5,高档
202607,6901028084321,娇子(软阳光),三类烟,88.0,100.0,16.104,15.98,35.156,22000.0,1202.312,99.230005,22.599759,8.511648,88.0,1.1,1.044,829.0,829.0,89.0,10.74,10.74,94.91,35.0,3.02,39.33,,,0.0,,15.98,16.1,99.23,829.0,537.0,58.81,64.78,188.0,0.0,0.0,0.0,35.01,0.0,0.0,0.0,1.0,2026-07-01,7,2026,1.1363636363636365,0.2421108203436113,75.23854818523154,-98.230005,0.16812865497076035,0.04240772014475271,1.0,4,中高档
202607,6901028098335,长白山(蓝尚),一类烟,158.0,180.0,,,,,46.332,,,,158.0,0.064,0.036,829.0,829.0,4.0,0.48,0.48,56.25,1.0,0.12,25.0,,,0.0,,,,,,,,,,,,,,,,,,2026-07-01,7,2026,1.139240506329114,,,,,,1.0,5,高档
202607,6901028104302,龙烟(老巴夺传琦),一类烟,225.0,260.0,0.064,0.036,0.2025,56250.0,131.316,56.25,0.123417,0.055788,225.0,0.024,0.024,829.0,7.0,3.0,0.36,42.86,100.0,3.0,42.86,100.0,,,0.0,,0.04,0.06,56.25,829.0,4.0,81.68,0.48,0.0,0.0,0.0,0.0,0.0,0.0,0.0,0.0,1.0,2026-07-01,7,2026,1.1555555555555554,0.27549629629629624,3647.666666666667,-55.25,-0.7,0.000244270205066345,0.008443908323281062,5,高档
202607,6901028275668,芙蓉王(硬中支),一类烟,263.0,300.0,1.576,1.484,9.7573,65750.0,349.304,94.162437,5.621095,3.013658,263.0,0.064,0.048,829.0,8.0,6.0,0.72,75.0,75.0,6.0,75.0,100.0,,,0.0,,1.48,1.58,94.16,829.0,198.0,28.94,23.88,51.0,23.0,0.0,0.0,25.76,11.62,0.0,0.0,57.0,2026-07-01,7,2026,1.1406844106463878,0.3088618777735644,235.3800539083558,-93.162437,-0.41758241758241765,0.011769963811821472,0.009650180940892641,5,高档
202607,6901028271547,黄鹤楼(1916小蜜蜂),一类烟,678.4,800.0,0.116,0.116,1.96736,169600.0,61.284,100.0,1.13332,0.607709,678.4,,,829.0,,,0.0,,,,,,,,,,0.12,0.12,100.0,829.0,13.0,0.99,1.57,2.0,0.0,0.0,0.0,15.38,0.0,0.0,0.0,,2026-07-01,7,2026,1.179245283018868,0.3088956774560833,528.3103448275862,-99.0,0.0,0.0023731724969843185,,5,高档
202607,6901028268950,娇子(格调中支),一类烟,175.0,200.0,0.172,0.164,0.7175,43750.0,187.132,95.348837,0.437265,0.19769,175.0,0.296,0.284,829.0,127.0,34.0,4.1,26.77,95.95,28.0,22.68,82.35,,,0.0,,0.16,0.17,95.35,829.0,23.0,22.57,2.77,6.0,0.0,0.0,0.0,26.09,0.0,0.0,0.0,4.0,2026-07-01,7,2026,1.1428571428571428,0.27552613240418117,1141.0487804878048,-94.348837,-0.5900000000000001,0.0008655006031363089,0.15319662243667068,5,高档
