code,ym,T,Y,tau_oot,dr_score,propensity_test,lag_S,lag_inventory_ratio
4891132530116,202509,0,3.521215136299759,23.118189277189423,3.156247799575386,0.03,39.83981805714251,319.5907434402332
4891132601014,202509,0,1.246749520650539,5.204388257639931,5.606503368032211,0.03,42.73981915367784,319.5907434402332
6901028000833,202509,0,-5.183721519679338,12.095892371470429,9.31302331120889,0.0852842577771018,50.422466615665705,118.54176755447942
6901028001625,202509,0,3.942399333208464,6.346731274731331,-4.428630589372336,0.055518914785020496,48.64658132364801,495.195020746888
6901028005036,202509,0,8.2176428905533,2.9176091077784365,-5.9871643955286284,0.03,43.017465391142224,1147.3177570093458
6901028009744,202509,1,15.895500403196904,3.149202825672045,188.5998196927121,0.05860744371652402,40.36890019466527,116.6625
6901028009805,202509,0,-3.1375774974545934,5.3443065052717005,15.880156636395835,0.03,50.15109989717315,1142.8684210526317
6901028010115,202509,0,11.921803013466231,13.588486857655239,-2.758752429478375,0.03,37.84856726160181,319.5907434402332
6901028011785,202509,0,2.240234692259349,-2.4540017112568018,3.7478743187977077,0.03,58.05124661456588,1786.6666666666667
6901028012003,202509,0,-0.0129702943058944,-18.299273627457275,-8.320121205503462,0.034139651291549854,61.13361169435174,259.1284046692607
6901028013611,202509,0,14.085464931362338,22.814926881672346,-56.9441877473416,0.6846201381554413,62.02744822350239,109.5068493150685
6901028018722,202509,0,11.183795286674211,6.988921814523036,-5.977382478931823,0.03,37.285725681914094,319.5907434402332
6901028024976,202509,0,-10.233015694550147,3.565212243615637,13.09810250705696,0.03,58.39702002008214,231.88190954773867
6901028025645,202509,0,-5.336416133807013,0.9904630076616394,6.274823821441839,0.09520069332898494,54.656009287169226,196.17406143344712
6901028039758,202509,0,-14.875983956763696,9.148035708383228,26.23922623078016,0.22234836731139562,52.06732431075682,541.1052631578948
6901028042215,202509,0,0.0,-2.7795542163552525,4.55600531635135,0.03,55.37069531383868,319.5907434402332
6901028042635,202509,0,-1.6921441399007475,-0.13096120347747006,3.09925311993742,0.04350080246850543,65.41832562890164,166.7041095890411
6901028042758,202509,0,0.0,-0.5987743893193065,0.6462660566783454,0.03,59.84434666066839,319.5907434402332
6901028042963,202509,0,-2.785507749972247,10.23321320553913,10.152263765807056,0.09108249798612011,59.67354197380743,141.41608391608392
6901028045919,202509,0,-17.597906669116277,6.210008664861189,27.272911101486486,0.03,55.05589509343606,1563.1833333333334
6901028046893,202509,0,-0.2530770417728547,5.307240568032355,3.780333443814617,0.1377849011833184,52.39614359433386,610.440340909091
6901028057080,202509,1,12.331091892532127,4.941009883152498,34.066263441982784,0.3079133295320751,45.67145174059053,3530.7499999999995
6901028058148,202509,1,9.13175637655241,10.4363347800143,143.0276983187202,0.050275386774720876,51.96901446096227,716.8529411764706
6901028062015,202509,0,6.627947438251916,15.097220252970292,0.2021625742601474,0.03,39.31846716271499,319.5907434402332
6901028062329,202509,0,-4.483013231023918,16.184042840668116,9.157405392933992,0.2813137670647387,49.16417846793141,319.5907434402332
6901028063371,202509,0,0.2154877173433007,4.824678782600717,5.233475816321946,0.19087311532923842,52.91996664185361,167.72513703993738
6901028065504,202509,0,-4.719007125047995,8.968896652351889,11.256598053299847,0.03,36.591554073652304,319.5907434402332
6901028071536,202509,0,8.537163269438281,11.101625894215148,-4.6084881011117975,0.03,34.998343930892275,1746.4999999999998
6901028075015,202509,0,-13.672503384416755,8.103640976299976,17.001119215418257,0.3280853894822622,62.25356650347557,725.8813559322034
6901028075022,202509,0,21.9078671360658,19.5686070035859,-15.653975925327332,0.03,40.91322589467523,319.5907434402332
6901028075053,202509,0,-5.924580119852344,8.999014189017494,10.311189018721187,0.03,41.25685237042101,3471.366666666667
6901028077910,202509,0,-8.98162568590088,9.215259895503037,14.836775645336113,0.03,39.26775860531086,319.5907434402332
6901028079990,202509,0,-6.064011560051725,-4.016744928001062,-0.042980094673428226,0.0935019025271469,73.82313555544536,196.9535714285714
6901028080224,202509,0,-0.0080436715630298,7.296383636664954,4.56263699798313,0.1021704705289814,48.69522171576208,113.5204081632653
6901028080521,202509,0,0.0,15.097220252970292,7.0314559238779974,0.03,39.28980319857845,319.5907434402332
6901028084321,202509,0,8.959507735102399,0.854645558707013,0.369534679520406,0.03,34.718534275035175,319.5907434402332
6901028084772,202509,0,-1.303782279738492,14.571172834332799,3.5173114842290825,0.03,52.56657730026599,1477.0258620689656
6901028084925,202509,0,0.2235313258507787,5.864363818381555,7.956553560870985,0.06037365414089981,58.24559961278709,361.7164179104477
6901028092838,202509,0,0.0,0.5205059125566455,10.156700033612573,0.03,33.96287801305309,319.5907434402332
6901028095891,202509,0,-11.401406320697369,-2.732232577110747,22.44049533458445,0.03,33.86558140565072,319.5907434402332
6901028098335,202509,0,5.971917644282769,3.0375717317703255,-6.019799031865842,0.041911764963759736,44.91742097498583,317.3064516129032
6901028100274,202509,0,0.0,4.640080219061936,9.296429908125052,0.03134558351797511,38.76375463214811,319.5907434402332
6901028104241,202509,0,0.2358347505154157,5.926931168525458,7.637816356091536,0.03,24.76937956325535,1083.625
6901028104302,202509,0,-3.0706849639271,19.019403917097186,12.719072593266072,0.08299393565298016,50.36203137282773,375.44444444444446
6901028104692,202509,0,0.0,7.5819936788924265,5.589325140737749,0.03,54.49024274954024,319.5907434402332
6901028107150,202509,0,0.0,20.114829570986476,6.841085535653813,0.03,39.92757640061646,319.5907434402332
6901028107297,202509,0,15.443118913222207,13.588486857655239,-6.388975006546391,0.03,37.84856726160181,319.5907434402332
6901028111270,202509,0,-0.2561456596389746,-5.727795969305491,1.9616622637169627,0.04136044258940493,54.88188642701643,113.90338897319172
6901028112505,202509,0,0.0,7.497484175165823,8.719045370742922,0.03,38.154906397993685,319.5907434402332
6901028114455,202509,0,-0.6681213630752509,20.114829570986476,7.52987044604067,0.03,39.92757640061646,319.5907434402332
6901028118187,202509,0,-2.766261180892037,-4.353800915686642,6.102527521753499,0.03,52.73217472538207,114.53612303290416
6901028118828,202509,0,0.823407197307283,18.47262490074563,8.154639909775435,0.15255293305834589,38.72289368565576,319.5907434402332
6901028119009,202509,0,0.7591817015133344,2.5023176239117024,9.198707149863745,0.03,33.90473338050059,319.5907434402332
6901028121736,202509,0,-1.387411999028231,0.6690953127085568,10.719774502505414,0.03,34.733978713084525,319.5907434402332
6901028123266,202509,0,0.5800555706529167,-0.8001049922878207,11.029454085970526,0.03,33.99885780984246,319.5907434402332
6901028124058,202509,0,-15.11061589596912,17.851531196707388,27.08069962023273,0.03,52.53938604149768,1087.625
6901028125970,202509,0,5.93052449433128,20.114829570986476,0.7271427579926995,0.03,39.92757640061647,319.5907434402332
6901028126007,202509,0,-3.8258954535278136,15.764170718926161,11.52582320043686,0.03,48.826387738618656,319.5907434402332
6901028129725,202509,0,0.0,8.65612503104225,6.896103509661067,0.03,53.65877777152609,319.5907434402332
6901028136686,202509,0,-16.821790779592,10.765604198319043,24.91871421670359,0.03,43.05728656891436,319.5907434402332
6901028136891,202509,0,-1.9043904584741755,14.202040331100628,5.099360817389186,0.03186093661303736,53.832006654927646,132.47058823529412
6901028138536,202509,0,-15.301706167511604,10.428648934586297,22.00823196687319,0.03,51.658563745787966,319.5907434402332
6901028141147,202509,0,-5.770873614403911,8.915927613856784,11.452588121779563,0.09291052905349492,49.848314471858615,62.33391434262949
6901028143448,202509,0,3.521215136299759,6.239780783488276,5.824505182631959,0.03,37.11665006570816,319.5907434402332
6901028143554,202509,0,-0.5113999254644099,-4.4953270194965675,-5.1468905687960245,0.48608884729435226,53.8578720108952,185.07857142857145
6901028143585,202509,0,10.384009975974736,13.54423601163813,-4.960734230663125,0.05475237528149504,48.51724556203235,319.5907434402332
6901028145077,202509,0,-7.817245314257072,16.56910905895935,17.33561656888822,0.07126499070072823,38.83854322629199,319.5907434402332
6901028145473,202509,0,13.848828154886135,-0.8682577888680133,-8.997793751739742,0.03,41.28974034108449,319.5907434402332
6901028150378,202509,0,9.848777130515424,6.419060524879894,-0.9681413500071194,0.03,36.12429387917426,319.5907434402332
6901028151634,202509,0,-0.7976748021354823,9.257122792585626,7.47197441275868,0.5648151478195991,53.22699268883797,170.42168674698797
6901028154628,202509,0,7.761101870324481,3.5294115627706257,1.5912972416138187,0.03,36.54418829531275,319.5907434402332
6901028155557,202509,0,1.4427607626319343,4.979095517696075,-3.6101981835784156,0.19853185774644524,52.622727295866056,184.9045801526717
6901028159548,202509,0,0.2024886199303637,16.971161864985557,9.887021412129592,0.04663332835357576,49.150752149283775,37.59344030202926
6901028159753,202509,0,0.2297943462307685,-8.419416485328004,1.8947562706871732,0.03,43.26339987903825,1987.625
6901028160285,202509,0,-15.787348373387587,6.4954554608794774,17.506801643107014,0.03,53.71088228614408,260.78752719361853
6901028162876,202509,0,-7.902435828874545,6.847966718723645,9.890541235234341,0.051703887781395196,51.529751831573776,824.7116883116884
6901028164177,202509,0,-7.676077686962834,9.217394822553404,15.54757680164806,0.03,41.95738186394746,319.5907434402332
6901028165242,202509,0,-10.64226484462356,2.2040500167890786,10.83030210601542,0.08446760205217352,53.02683768504946,200.88834951456312
6901028165365,202509,0,5.9577408607214295,18.645412572973914,0.7894532245122234,0.03,41.1882908697614,319.5907434402332
6901028165921,202509,0,0.0,8.89922310220854,6.816851228103441,0.03,53.95650256149349,319.5907434402332
6901028172509,202509,1,3.167217908158669,12.28122987893682,-22.226557684745934,0.1981454232065327,59.36055134194672,527.1525423728814
6901028172936,202509,0,6.291567090537384,0.5443251796954457,3.975404402533403,0.03,33.41837597537855,319.5907434402332
6901028177153,202509,0,11.711904572403183,6.761643111236184,-2.603267553729019,0.03,37.91065346211894,319.5907434402332
6901028177214,202509,0,-0.5981295336974313,8.08834205242176,-8.823256207903295,0.661250928850542,61.43691196581384,240.4647887323944
6901028177771,202509,0,0.0,7.5819936788924265,5.589325140737749,0.03,54.49024274954024,319.5907434402332
6901028178105,202509,0,6.344060718316946,19.47432796621239,0.3900653691460809,0.03,42.09600528754574,319.5907434402332
6901028178259,202509,0,0.0,19.5686070035859,6.906670238817035,0.03,40.88168511086535,319.5907434402332
6901028178648,202509,0,3.3931951651827603,20.114829570986476,3.342946190104576,0.03,39.92757640061646,319.5907434402332
6901028179270,202509,0,-8.465400161558101,4.9267579332667015,6.830766143324446,0.03,70.52410064223149,447.7381974248927
6901028179348,202509,0,-0.1107151200586855,-14.40422610257147,-0.9086583606508194,0.03,60.13080795026098,125.97520288548242
6901028179492,202509,0,-11.811909447991752,-5.6025139073383885,10.15782897031633,0.03,66.11730557842176,14.79954376960365
6901028180009,202509,0,-1.1599744666385448,16.91030646767052,5.346655734118717,0.03,56.314803675637215,319.5907434402332
6901028180580,202509,0,-0.0258532821767829,-11.584163299134005,5.281386456045697,0.03,54.87800749116602,172.8784032651436
6901028180603,202509,0,-0.0072904736627279,5.522314332437519,3.682636072462633,0.03,52.57787203576847,201.99361331527
6901028180634,202509,0,5.832505220648457,-0.24330392775689016,-0.38360264175008574,0.03,43.95227996672343,319.5907434402332
6901028180818,202509,0,-8.622854732165912,-8.580217388900433,4.075633304097811,0.03,55.28426810355914,230.4418604651163
6901028181457,202509,0,-0.1923052756172723,8.22502832781557,-6.882521358623584,0.35438518167564814,65.3745316573926,243.2988313856428
6901028181815,202509,0,0.5083327586005737,11.63436689001787,3.1506835034578904,0.03,64.69169409474607,1479.7933333333333
6901028182560,202509,0,0.3654265869013926,-6.39622120261812,3.233671438168985,0.03,65.28636782213582,16.892078681552366
6901028184250,202509,0,0.0,20.114829570986476,6.841085535653813,0.03,39.92757640061647,319.5907434402332
6901028184304,202509,0,-0.807352080605412,3.5264087057113866,3.0405962003990488,0.03,63.78944448530039,319.5907434402332
6901028185912,202509,0,-1.5245502131271422,-20.98389753183785,1.4752742647683386,0.03,60.05738953788574,57.21543408360129
6901028187343,202509,0,4.716768638865794,7.617336409315308,-5.407455529904528,0.042570701124294535,53.433722539849896,324.8529411764705
6901028188029,202509,0,-11.625084706067554,9.13255721483821,10.258187105913763,0.04055602116735377,72.79327606076448,1260.5232558139537
6901028188081,202509,0,-0.2422877688846796,12.626014065370482,8.505910417094514,0.03,53.35545927035952,95.369696969697
6901028189057,202509,0,0.0,8.89922310220854,6.816851228103441,0.03,53.95650256149349,319.5907434402332
6901028189989,202509,0,0.0,-3.5927273858238804,4.511359653251463,0.03,56.05690698691757,319.5907434402332
6901028190602,202509,0,0.0851429556664484,4.935963166147546,3.79880148269026,0.03,53.58419821334615,136.86410256410255
6901028191142,202509,0,0.0,10.108011300522184,9.423352013802443,0.03,37.51481749825854,319.5907434402332
6901028193504,202509,0,-0.4863713665924578,13.888369660938466,7.586321838748079,0.07461516652167097,55.574752862825136,959.4496855345913
6901028204026,202509,0,-3.8149730943024167,16.56910905895935,13.026236412136772,0.07126499070072823,38.83854322629199,319.5907434402332
6901028204835,202509,0,-1.0244725189155162,3.660027291491207,1.2288916601671036,0.06903971279120154,64.65604117785944,1057.0333333333333
6901028207089,202509,0,0.0,5.403854028390234,8.371102205619952,0.03,52.55976897893037,319.5907434402332
6901028207508,202509,1,20.00052242875617,10.91888214685224,325.362619851147,0.03,43.42247822999148,1121.875
6901028211352,202509,0,-0.1634950292496952,3.410806219203801,3.2657269869587147,0.03,52.60327779376692,110.5646004480956
6901028216166,202509,0,1.1823840304428472,11.097883408921767,-0.4557510653170387,0.03,52.02171899417093,484.66
6901028218153,202509,0,3.243838532212933,20.114829570986476,3.496922100382748,0.03,39.92757640061646,319.5907434402332
6901028218634,202509,0,0.0,3.7771374048479767,6.819224032595006,0.0745409272248633,49.49417443118679,319.5907434402332
6901028218757,202509,0,-5.431572673184114,8.13787059855266,14.326183684127262,0.03067932785037411,38.25478840212817,319.5907434402332
6901028219174,202509,0,-13.537505373995174,5.204388257639931,20.848003259419542,0.03,43.54162454549857,319.5907434402332
6901028219839,202509,0,0.0,-3.5927273858238804,4.511359653251463,0.03,56.05690698691757,319.5907434402332
6901028221351,202509,0,3.303979695133457,11.313069303156588,4.215519983912159,0.03,37.07875688761382,319.5907434402332
6901028221450,202509,0,-0.5388111214713049,1.7562084227641164,4.052909595246187,0.03,59.53590584541553,483.8189655172413
6901028224079,202509,0,10.833012439953045,4.129880206185875,-14.014780825014713,0.14270557856249355,49.097249847080064,231.6475849731664
6901028224642,202509,0,0.778781616989896,-3.4515255943473027,3.670392618072631,0.03,43.7926227125934,395.7241379310345
6901028225113,202509,0,0.0,6.0516888696271876,8.399995290529928,0.03,53.05399778506808,319.5907434402332
6901028225175,202509,0,-0.4862465396319848,10.235425018136384,7.986167215302592,0.03,53.990047367694096,156.76273653566233
6901028227285,202509,0,0.027505113579167,-3.9284000003132062,3.350291666658685,0.03,52.42793919652225,524.8447653429603
6901028229074,202509,0,-0.2247140585021441,4.170581965253029,8.293522148423534,0.03,57.93317510464251,597.8611111111112
6901028241410,202509,0,1.0938195933827046,17.103299691767685,5.910348210542225,0.03,39.34932869743534,319.5907434402332
6901028242066,202509,0,2.7341080632364125,9.644029921253372,3.0061854618094577,0.03,37.518331737975,319.5907434402332
6901028247375,202509,0,-1.9307694525209769,10.222626313790201,8.26705954407328,0.03,56.79885778316235,207.6176470588235
6901028252959,202509,0,-1.3471929720513174,8.248369195203155,2.0628466467079107,0.08743780727911704,61.90759830228127,408.75
6901028300063,202509,0,0.0,6.761643111236184,9.470860871428902,0.03,37.91065346211894,319.5907434402332
6901028314459,202509,0,-4.962522082325847,10.875665008340528,11.294931526689794,0.03,39.003187017307454,319.5907434402332
6901028314985,202509,0,-3.972574299011619,12.288363722056664,10.711097565365376,0.03,52.852029560728,34.204565030146426
6901028315432,202509,0,-17.78771071185972,7.837845951697356,27.70951260821413,0.03,33.995610329446855,319.5907434402332
6901028317177,202509,0,5.692908607976705,13.797916716604199,-11.061831881992743,0.5755449618040132,72.82547593928695,701.9794392523364
6901028324830,202509,0,4.870953400174216,5.976509900681244,-7.573250527473025,0.2843639132819153,49.440178771849205,284.47727272727275
6901028331296,202509,0,0.0,-10.6186330333598,0.10584948816112205,0.03,63.71411202757852,319.5907434402332
6901028339957,202509,0,4.991897472155358,4.675612748806911,-10.162765082035097,0.03,68.2367213146671,469.7520510483136
6901028340618,202509,0,0.0,-8.45447571620085,4.525925856027818,0.03,59.35072301769621,319.5907434402332
6901028936477,202509,0,-1.9886645562633944,2.97366103396302,12.235598577720353,0.03,34.20710651515232,319.5907434402332
6901028936750,202509,0,-0.2100915778707559,10.012613255816095,2.7474583546730713,0.03,53.0380772647154,753.2432432432433
6901028936996,202509,0,0.0,10.660910883015225,7.091116087955157,0.03,53.53164802998727,319.5907434402332
6901028937535,202509,0,10.85375648902746,6.821787448654295,-3.0684625932557417,0.03,28.05035895529497,319.5907434402332
6901028937832,202509,0,-0.270337535826421,14.95728499344249,9.817310306465686,0.03,58.234654724466886,373.9148936170213
6901028940504,202509,0,-2.956127995088586,2.507227262077818,5.143149213516841,0.03,49.11214110921791,226.9810650887574
6901028942881,202509,0,-1.2684225033368932,9.644746823606448,11.867552652163809,0.03,35.67910820824499,319.5907434402332
6901028942911,202509,0,-0.4136692556778953,-0.9361574639202898,-0.15693248741462718,0.03,54.68382126161104,886.7777777777778
8888075005524,202509,0,-3.201643834924269,12.610324773927939,10.677564977776601,0.03,39.093565290259065,319.5907434402332
8888075056014,202509,0,10.910191542633854,14.478720232581525,-4.207694717187493,0.03,39.759149436101424,319.5907434402332
8888075074865,202509,0,-1.8701581247712584,15.097220252970292,8.977721160326457,0.03,39.22299475452403,319.5907434402332
4891132530116,202510,0,8.414324205953541,14.356695805990578,1.5728955409620369,0.03,36.31860292084275,319.5907434402332
4891132601014,202510,0,-1.2029381876472414,0.8698030421527436,-0.30387283637884455,0.8430727395413504,56.9361885462495,94.0
6901028000833,202510,1,2.8045853311251534,1.8524129313067643,41.90394756250922,0.09596533850534314,59.14036194457317,209.4811320754717
6901028001625,202510,0,-2.450597687256426,5.746066420742396,4.428061084484464,0.03,48.46463009151351,269.1717337715694
6901028005036,202510,0,4.625563776969074,9.828166101323413,3.003332301539917,0.03,45.69893576845915,977.304054054054
6901028009744,202510,0,4.734067038469554,9.44148320834241,9.661773204342364,0.03,40.63271591700762,440.8157894736843
6901028009805,202510,0,12.890108009896744,10.219299104573542,-0.8521484829399313,0.03,51.76389688299443,442.55
6901028010115,202510,0,3.521315899755976,7.8349840365487005,6.75772274038758,0.03,37.84856726160181,319.5907434402332
6901028010771,202510,0,10.755417432472951,-3.5331563427889345,0.6259775932960476,0.03,32.01818196426624,319.5907434402332
6901028011785,202510,0,-1.8207525504509905,-0.976715648603409,5.476319683381228,0.27691368280106954,51.42969645747115,319.5907434402332
6901028012003,202510,0,-7.102615586832542,-0.5815186037396861,9.900019123674216,0.03,57.0934687259814,369.58682634730536
6901028018722,202510,0,-6.640923832105969,8.748283444927054,14.230271483966408,0.03,52.26450996054304,319.5907434402332
6901028024976,202510,0,-3.0203928704934957,-4.0783025727598865,2.6215401294942473,0.030359548619870065,65.77575571563953,98.96041308089502
6901028025645,202510,0,-11.187669340584309,9.396797737252838,37.176737217011436,0.7083466808790192,42.83921488273924,35.365075107296136
6901028039758,202510,0,14.467402710528129,10.191344269728784,-17.092125123473238,0.1731762490759493,53.333650249297634,217.7777777777778
6901028042215,202510,0,0.0,1.6832788399898106,4.693361034127898,0.03,55.37069531383868,319.5907434402332
6901028042635,202510,0,-15.091317104294925,4.843764157150927,24.814769381646816,0.29969635819938906,65.36744864358901,720.6176470588235
6901028042963,202510,0,2.225737364152714,9.203625153613556,4.815292381100331,0.03,53.65877777152609,319.5907434402332
6901028051989,202510,0,8.624658757904605,-2.9630818027150205,-7.374642074331931,0.03,63.66174694033296,319.5907434402332
6901028057080,202510,0,0.4309970449632914,9.058355830856971,22.417426588587873,0.8309053874798088,41.13676831080304,1719.0
6901028058148,202510,0,1.3379013345423232,13.166417730554636,6.622886241360373,0.03589278410088141,43.30588208006144,3112.4
6901028062015,202510,0,14.404113318551431,9.103942427496516,-6.232366836924912,0.03,39.31846716271499,319.5907434402332
6901028062329,202510,0,5.877584874653948,0.6703514930319922,-4.0537750167426125,0.03,64.37223272545826,319.5907434402332
6901028063371,202510,0,-0.0930322553312024,5.326365998938354,4.487151835382256,0.044864166330156156,52.809623440710894,275.6569343065694
6901028065504,202510,0,-3.6250961026952666,12.367095673221359,6.338821073132259,0.03,55.06365178605358,539.4574468085107
6901028071475,202510,0,6.7908972340542775,5.599340157472794,3.159644262142227,0.03,33.866489336381626,1052.9199999999998
6901028071536,202510,0,-0.2621724047386706,13.032706487717423,7.8050965071495,0.030389306607884067,45.52560014173663,361.6666666666667
6901028075022,202510,0,3.4918785920184376,13.195169821819848,5.187719097562711,0.03,40.91322589467523,319.5907434402332
6901028075053,202510,0,-8.406254462478842,4.687748821985948,15.288468042693353,0.03,53.95374964221349,134.84532924961715
6901028077910,202510,0,-1.5077902344273184,-3.4757714817164014,-5.249337312653383,0.4970536250220586,65.86011123416688,4255.833333333333
6901028080224,202510,0,-11.925680519663324,8.015984659780878,19.415453591789074,0.03,49.30304179265661,81.61549295774648
6901028080521,202510,0,-15.443118913222207,6.033379504500395,21.098608315423615,0.03,54.73292211180066,319.5907434402332
6901028084321,202510,0,7.773927107223024,4.627501843482984,1.1053656115596873,0.03,42.41892553371351,319.5907434402332
6901028084772,202510,0,2.461233483034043,-1.1110774153616791,2.2529423138816607,0.10857000984794464,48.8603005788688,120.1693344566133
6901028084925,202510,0,-0.3282520007532241,-5.193824464608284,0.5396579571411636,0.03,60.21897409718184,84.97510373443983
6901028092432,202510,0,3.5257799857184797,15.854967928554894,6.316820190316069,0.03,38.83854322629199,319.5907434402332
6901028092838,202510,0,0.0,7.495138728350093,6.347229123473516,0.03,53.72794615707408,319.5907434402332
6901028095891,202510,0,-4.625957853633743,15.225660930574486,18.782682694823567,0.03,49.442625884716826,319.5907434402332
6901028098335,202510,0,1.7817340798035772,8.016652734399184,3.174809370874814,0.6229851951485661,45.84713612810504,251.8823529411765
6901028100274,202510,0,0.0,-3.740112152934967,4.6441251424173835,0.03,57.72768323441396,319.5907434402332
6901028102094,202510,0,0.0,4.446672295151956,9.878947932014428,0.03,38.154906397993685,319.5907434402332
6901028104241,202510,1,0.0,-3.363496186450942,-79.1610455657381,0.09371309660949473,37.61273251108639,0.3333333333333333
6901028104692,202510,0,0.0,6.107729743079454,5.268160958162402,0.03,54.49024274954024,319.5907434402332
6901028107150,202510,0,0.0,1.3030687935263787,5.195179004135271,0.03,55.37069531383867,319.5907434402332
6901028107297,202510,0,0.0,7.8349840365487005,10.387945317455596,0.03,37.84856726160181,319.5907434402332
6901028111270,202510,0,0.242855587522591,5.7598448113627425,2.2629648961138478,0.036965692007672364,54.7355049176476,75.09097035040432
6901028111546,202510,0,10.075930172388183,9.743988174928516,-1.6378653577702629,0.03,39.17114771912953,319.5907434402332
6901028112505,202510,0,9.832716533498823,8.699218166751788,-3.0237435146105893,0.03,53.59802531121588,319.5907434402332
6901028114455,202510,0,0.0,15.649609712192333,8.661730372287078,0.03,40.59569776369171,319.5907434402332
6901028118187,202510,0,4.747259607027431,-6.57983283736511,3.9426426786186193,0.03,47.3058658542102,128.85388002201432
6901028118828,202510,0,-1.6522150735077616,19.328414072289974,11.647850353108161,0.03,58.19419639010673,1490.1527777777778
6901028119009,202510,0,3.4786929577784065,20.398574549115313,11.131597101688513,0.03,48.630787323474685,319.5907434402332
6901028120708,202510,0,-11.94134673628986,2.5828859360078398,20.076174541012904,0.050602088234772746,64.90880770861247,852.375
6901028121736,202510,0,2.055533362103482,9.300926519349087,4.979070416426714,0.03,53.69790731535038,319.5907434402332
6901028123266,202510,0,-1.0339020603892486,1.0581958842176908,12.703236869199069,0.03,30.576143217843143,319.5907434402332
6901028124058,202510,0,9.31707607777993,9.057862770058323,-2.6848579216115454,0.03790454899611406,60.02930744795534,808.0769230769232
6901028125970,202510,0,3.220592945109672,1.3030687935263787,1.8749800916510728,0.03,55.37069531383868,319.5907434402332
6901028126007,202510,0,9.07454918483841,5.129060616007864,0.12453632034789486,0.03,43.199531333088025,319.5907434402332
6901028129725,202510,0,0.0,8.64798995252339,6.614244191081813,0.03,53.65877777152609,319.5907434402332
6901028133333,202510,0,17.952169478503812,15.854967928554894,-8.555746297091494,0.03,38.83854322629199,319.5907434402332
6901028136686,202510,1,-6.114291001158378,7.218842441383096,-278.95862017484933,0.03660916156963378,56.69217446864205,130.29310344827587
6901028136891,202510,0,-4.317605403996801,5.78618661180087,5.376924056117559,0.038381753862487704,55.44204879512332,178.6447931526391
6901028138536,202510,0,14.28548848020123,15.116932266479667,-11.197240843651262,0.10529377623880669,66.63234275613898,319.5907434402332
6901028141147,202510,0,0.1766091105554181,-8.727767676140111,2.9578816923308535,0.03,50.72081591885368,33.206967476539404
6901028143448,202510,0,0.0,16.355969951831234,12.14776387376603,0.03,49.038553842630606,319.5907434402332
6901028143554,202510,0,-0.2993539138975691,-7.677499151654318,2.6079778277008403,0.03,53.966709539478245,82.11908646003262
6901028143585,202510,0,3.5498390773508888,2.8616194407048754,7.575388941301414,0.03,43.77105564308203,319.5907434402332
6901028145077,202510,0,16.06010731538312,12.361619935788788,-12.52679882410007,0.14563236409975572,54.57627003246222,818.7614678899083
6901028145473,202510,0,1.160841806705747,-4.563562825377853,8.255968551654174,0.48868745914892403,54.24972863016302,103.79746835443036
6901028150378,202510,0,0.5077212531775928,3.7276393734101907,9.282047962955314,0.03,39.43442343007225,319.5907434402332
6901028151634,202510,0,-3.3980826585149373,-1.1231388285819361,6.380047103328538,0.16861761207382706,53.06111607568822,41.74404015056462
6901028155557,202510,0,-0.494408676956418,7.808451243195365,0.9213751277419377,0.03,52.44980882625953,210.91056910569105
6901028159548,202510,0,-1.3275443968604534,-12.541397698830034,10.818803979874135,0.03,48.56104033708451,18.76336345535304
6901028159753,202510,1,-11.38150828456662,0.4146502902394948,-26.592311457463946,0.49810328061106396,50.26610793531241,109.63963963963964
6901028160285,202510,0,7.393369063591926,5.750438599150965,-6.345909232138737,0.03,54.60232007852317,305.45510835913313
6901028162876,202510,0,0.5699353228153328,5.038375058107851,3.225346974734974,0.03,54.07037379748978,594.1842410196987
6901028164177,202510,0,6.620459011089302,0.8103804989998177,2.830429219301001,0.03,41.6105657587235,319.5907434402332
6901028165242,202510,0,10.36570000588042,-2.7866357960586314,-6.544340353555671,0.03,54.083687154039104,96.7509842519685
6901028165365,202510,0,-5.9577408607214295,2.7563065807878027,11.414787366238698,0.03,56.6314097829836,319.5907434402332
6901028165860,202510,0,-0.3446461682518702,1.6832788399898106,5.048666362222609,0.03,55.37069531383868,319.5907434402332
6901028165921,202510,0,0.0,9.80802129507367,6.290917341015746,0.03,53.95650256149349,319.5907434402332
6901028172509,202510,0,0.2596941976343103,18.531836980201557,13.295468598315244,0.14121305507080623,56.11868783171828,972.4121212121212
6901028172936,202510,0,0.0,16.611051306634348,12.234634152476264,0.03,47.40634022481299,319.5907434402332
6901028177153,202510,0,3.7312143408190224,6.96654314930369,6.415119943378224,0.03,37.91065346211894,319.5907434402332
6901028177214,202510,0,-9.087622540433578,7.905511429354596,22.52874874297426,0.7422904270269735,64.98492211177815,5598.75
6901028177771,202510,0,0.0,6.107729743079454,5.268160958162402,0.03,54.49024274954024,319.5907434402332
6901028178105,202510,0,-1.01219002484261,2.7455503533288197,6.3125458928076705,0.03,57.53912420076794,319.5907434402332
6901028178648,202510,0,0.6681213630752509,18.339033696279238,9.70303701047429,0.03,36.5343812354337,319.5907434402332
6901028179270,202510,0,-0.1111214424504751,-20.173518133334326,-0.20247605534366508,0.03,65.44616288824396,89.7375918094814
6901028179324,202510,1,-2.225163044452863,-4.040891396408166,-154.18254133569346,0.03,75.32043931821337,3572.6874999999995
6901028179348,202510,0,-0.1233408624125615,-16.1242411552342,1.044732697584573,0.03,60.26917720066764,109.481843096951
6901028179492,202510,1,0.0200198846099084,-0.2079637329120227,56.180465013133386,0.03,65.45259651530573,9.858644245927485
6901028180009,202510,0,-1.237901226356385,13.440866267355633,5.224933803866943,0.03,55.6988480713479,319.5907434402332
6901028180580,202510,0,-0.0509227349630094,-12.328938420344082,6.234790543469716,0.03,54.94365327991123,119.09072589289542
6901028180603,202510,0,-0.0726780264109194,-9.142930848699972,6.524829315606162,0.03,52.64437807919155,108.77370091233638
6901028180634,202510,0,-7.226461255244068,0.0008176219583321473,13.460528630027376,0.03,53.70566104830646,319.5907434402332
6901028180818,202510,0,0.8836945937039431,-20.107555472614152,-1.6652344305606026,0.03,61.30376823309398,118.68129527055817
6901028181815,202510,0,-0.1345450263177241,2.980858657582766,1.0664360915499813,0.03,66.37801922042658,156.0429762668377
6901028182560,202510,0,-0.2240074275122197,-12.514701411704879,4.583118990242028,0.03,67.48644492110272,7.481501894591801
6901028184250,202510,0,0.6681213630752438,15.649609712192333,7.969877127810061,0.03,39.92757640061647,319.5907434402332
6901028184304,202510,0,-1.1910949748178083,7.693707993645729,2.8344577819146655,0.03,63.085542970556304,319.5907434402332
6901028185912,202510,0,4.005206791403602,-12.206446307636291,3.6433055547920716,0.03,58.00272420690358,66.80196547144755
6901028187343,202510,0,0.0504178716030025,7.335681070238383,5.81730652076714,0.483846364566408,48.76446151951847,313.5348101265823
6901028187855,202510,0,3.380072068131668,9.309963536970304,-8.560028943968264,0.248556545422521,74.98557790696891,820.75
6901028188081,202510,0,-15.183256881639744,-10.787299841679676,22.89361355732883,0.06146611767427417,53.33619811264336,58.76720142602496
6901028189057,202510,0,0.0,9.80802129507367,6.290917341015746,0.03,53.95650256149349,319.5907434402332
6901028189989,202510,0,0.0,1.6832788399898106,4.733008018605121,0.03,56.05690698691757,319.5907434402332
6901028190602,202510,0,-0.4995631776847418,-11.848594510952731,6.600471087634385,0.03,54.06555370293492,40.3764450867052
6901028191142,202510,0,0.0,7.987857358874335,10.25267903293734,0.03,37.51481749825854,319.5907434402332
6901028193504,202510,0,-3.88790423537732,8.843772521829965,12.178560909117662,0.07669575988612425,57.2702264349387,500.9648562300319
6901028196024,202510,0,-15.443118913222214,4.744583109378355,24.48825350562698,0.03,49.49417443118679,319.5907434402332
6901028204026,202510,0,0.0,24.92262796745882,3.2538026518228333,0.518987914767741,58.096635233816606,1779.375
6901028204835,202510,0,-0.3774008093738814,-1.4020324012732361,-4.411339795576681,0.049124114380163036,66.84850706487086,477.8211009174312
6901028207089,202510,0,0.0,3.237111447282979,6.904114453116623,0.03,52.55976897893037,319.5907434402332
6901028207508,202510,0,0.2549152251484585,16.27240986371134,9.699113396598849,0.0479203528911313,35.50309061777768,319.5907434402332
6901028211352,202510,0,0.1601999706062002,5.5634333564148015,4.043017129109357,0.11527111050931584,52.75303375105245,121.93762711864406
6901028212137,202510,0,21.435638879053883,15.649609712192333,-13.439934744332867,0.03,39.92757640061647,319.5907434402332
6901028212229,202510,0,-5.830062054918997,-5.615196577294565,6.927564570247263,0.03,61.69502390318279,319.5907434402332
6901028216166,202510,0,0.2576815986418737,5.954737045421438,2.0199644134615777,0.03,52.12384120442744,290.49051490514904
6901028218153,202510,0,-15.443118913222207,14.056262744295765,23.75651058576871,0.03,52.12685678162573,319.5907434402332
6901028218603,202510,1,0.0,7.753927968462699,-22.793014995091,0.17910384433757234,68.84520651959856,777.4473684210526
6901028218634,202510,0,0.0,4.744583109378355,8.567512357975211,0.03,49.49417443118679,319.5907434402332
6901028218757,202510,0,3.2016438349242837,5.09892772008531,1.6182279358678304,0.03,55.92783615361021,319.5907434402332
6901028218788,202510,0,0.0,2.13902229665681,4.748486762612711,0.03,56.32480402408755,319.5907434402332
6901028219174,202510,1,2.866755334299576,-3.8172586760118152,22.285948555470956,0.40156419423126377,69.65549349841638,241.0997899159664
6901028219839,202510,0,0.0,1.6832788399898106,4.733008018605121,0.03,56.05690698691757,319.5907434402332
6901028221351,202510,0,-5.406561036459422,-1.1730349156047806,15.207199560516164,0.03,51.53332115592579,319.5907434402332
6901028221450,202510,0,3.0393065483460973,2.3245731576593758,7.652460343907364,0.04828654965600422,55.81204351775554,720.3529411764706
6901028224079,202510,0,-3.337226304352889,-2.32908881617699,4.986748857109924,0.16001702995050637,49.59653967245033,53.33848614072495
6901028224642,202510,0,-0.182345437651854,7.037526630579414,4.295225629226563,0.03,53.17569200364678,602.1032608695652
6901028225113,202510,0,0.0,7.676982019086632,6.98594723978779,0.03,53.05399778506808,319.5907434402332
6901028225175,202510,0,0.4024106923655139,-13.627657088453123,5.649145189092273,0.03,54.001351647726594,91.67501789549031
6901028227285,202510,0,9.525575116518723,-3.0482358767361646,-11.376822436640072,0.03923511371718264,52.315434041879016,307.1788617886179
6901028227438,202510,0,3.521315899755976,12.221853819474633,3.8996899844150916,0.03,57.27834522969557,319.5907434402332
6901028229074,202510,0,-0.033788468873837,-0.9073177469500685,0.8959595834204616,0.04326158134857216,60.04961641074556,188.27
6901028241410,202510,0,-12.27455867114334,3.5422080819406228,32.798987155535464,0.7308178443676411,65.97318668841817,2145.125
6901028242066,202510,0,-14.619910422866637,8.063260064512052,23.35998554112515,0.03,37.19346833738006,319.5907434402332
6901028247375,202510,0,10.268308970792448,-8.58064020993027,-10.009246128126355,0.030089371691235916,65.88586760452968,253.896551724138
6901028300063,202510,0,0.0,6.701703856524521,6.988732277355549,0.03,53.35377237534114,319.5907434402332
6901028314985,202510,0,-14.982104345939554,-1.542749298692598,18.242095532614933,0.05528716738203989,56.77165092895648,9.10252935862692
6901028315432,202510,1,7.769464219760447,3.9108196177174017,8.862479927364554,0.4531322852850247,47.86681375370108,150.56068204613842
6901028317177,202510,0,-0.8134978146851637,-2.694696133656269,-2.835662535088356,0.07340081191844444,67.943686933267,327.44349315068496
6901028324830,202510,0,-0.7477499612724046,-1.7272017278100438,0.14874879672024788,0.06341757538780012,49.67433995025268,223.8928571428571
6901028331296,202510,0,0.0,-6.099391155303456,2.001399322429643,0.03,60.29894278413247,319.5907434402332
6901028339957,202510,0,-13.03965399192461,-4.2519037698305775,9.268500448831034,0.03,62.44938034520955,214.08065915004337
6901028340618,202510,0,0.0,-1.748666270119171,4.727335377975444,0.03,59.35072301769621,319.5907434402332
6901028920858,202510,0,0.0,16.170047021671476,8.651434614858527,0.03,39.80002176020887,319.5907434402332
6901028936477,202510,0,1.2386063450398197,8.122212166992991,10.956030601427335,0.03,48.523348099746414,319.5907434402332
6901028936750,202510,0,-1.5269094320912586,6.364946067628461,3.5213867755931325,0.03,53.81725646919706,460.97169811320754
6901028936996,202510,0,0.0,8.699218166751788,7.107922158348308,0.03,53.53164802998727,319.5907434402332
6901028937535,202510,0,-1.7635932971633466,-2.2806113803365227,11.328142675083923,0.03,35.39800006135055,319.5907434402332
6901028937832,202510,0,-1.749275016516755,6.225611594734518,10.212254023279142,0.03474456436294166,59.68522749351549,115.604206500956
6901028940504,202510,0,-0.3404898419485178,5.115997087315214,8.954493860982836,0.03,49.27706328517788,109.87485218762318
6901028942881,202510,0,11.618318208235188,12.809688536221087,-3.5129180520696845,0.03,35.67558517626086,319.5907434402332
6901028942911,202510,0,11.879897048560537,-1.0604837519423125,-8.511191756648483,0.03,46.0397772761906,91.65503875968992
8888075005524,202510,0,3.201643834924269,6.68475367170968,2.45621887322479,0.03,54.53668420348127,319.5907434402332
8888075018616,202510,0,5.892393616879978,15.649609712192333,2.5810821173883416,0.03,39.98557289388477,319.5907434402332
8888075024037,202510,0,-11.577229041529968,-4.5673632981637615,22.360689511408893,0.03,37.11665006570816,319.5907434402332
8888075034715,202510,0,-14.89620660861376,16.170047021671476,24.00834864435725,0.03,39.81699435318951,319.5907434402332
8888075034777,202510,0,19.77217497488996,16.267519530432775,-11.741068584013286,0.03,39.85607177366855,319.5907434402332
8888075056014,202510,0,4.532927370588361,11.062851769982847,3.828670485851691,0.03,39.759149436101424,319.5907434402332
8888075074865,202510,0,1.8701581247712584,6.640705778307473,3.256532739916714,0.03,54.66611366774623,319.5907434402332
6901028000833,202511,0,-7.069780380090009,14.480554729485284,12.294093531306181,0.16806765968013768,53.95664042489384,844.6490384615386
6901028001625,202511,0,-3.8792118911356814,8.623811993089042,2.450036784145463,0.03,52.407029424721976,199.74277978339347
6901028005036,202511,0,-9.772866898884502,-7.81190563284914,10.309333251995632,0.03,53.91657865901245,186.1898148148148
6901028009744,202511,0,-8.307804776940031,16.302789419267327,12.847089232647246,0.10885320148575824,56.52821632020453,33.3475935828877
6901028009805,202511,0,-18.07686627341413,18.942694286803935,31.870867502303305,0.06766058346793861,48.62631938553984,319.67808219178085
6901028010115,202511,0,0.0,11.609020343927327,9.156773094145805,0.03,49.77037027506804,319.5907434402332
6901028010771,202511,0,0.3116427056564959,21.37568400785219,8.08469637575845,0.4520744209144059,46.7711985136618,3395.0
6901028011785,202511,0,9.6180807909237,15.607052695759094,-2.597824369718385,0.12388842096997425,53.6699311497305,4052.875
6901028024976,202511,0,-17.172593647399204,15.829993299556236,25.245324275038428,0.05364296452210786,55.54274002108939,706.4928909952606
6901028025645,202511,1,3.392164568309425,11.804034588653304,-4.190761090436743,0.24488877469213013,37.50279874893222,69.4751461988304
6901028039758,202511,0,-14.480420220611164,5.864097585562873,25.089383444223976,0.03,38.457666292533936,319.5907434402332
6901028042215,202511,0,0.0,8.366397707476192,4.417717285996608,0.03,55.37069531383868,319.5907434402332
6901028042635,202511,0,10.729179433697771,-5.2168310080876,-10.990692814135445,0.12155545477378996,63.67530450368827,2855.0333333333333
6901028042963,202511,0,-7.768321030646469,8.04551535699287,16.58389241525049,0.03,50.87327002155384,319.5907434402332
6901028045919,202511,0,8.504721713547696,3.8896276447275637,-0.38238368695415037,0.03,39.47855433421607,319.5907434402332
6901028051989,202511,0,-8.624658757904605,2.2176436226623095,8.980681483141034,0.03,63.66174694033296,319.5907434402332
6901028057080,202511,0,-15.263415826924948,0.9365349393296338,18.63428537036611,0.03434890409887956,53.46786020333517,842.95
6901028058148,202511,0,-0.0475936340820908,4.089142101431148,3.0579310584146793,0.10748090650480083,52.43763845661385,1506.6136363636365
6901028062015,202511,0,0.4221363639831423,-1.7406329782921919,7.335926204506147,0.03,45.9464146009669,91.90712074303406
6901028062329,202511,0,-11.810301807594795,18.05728064225049,16.048405986417936,0.039675737659346934,59.88921949443434,472.6111111111112
6901028063371,202511,0,0.359607272101023,10.382739545676689,6.618029384311061,0.051387624622914976,53.0251111580542,208.4475627769572
6901028071475,202511,0,-11.6976379962818,2.4977840071563158,18.638744053388912,0.032802018264516314,42.81739422434646,592.8372093023256
6901028071536,202511,0,0.1559115550572585,3.3241835014137764,1.2570758733351504,0.03,54.062763411174906,182.0232558139535
6901028075015,202511,0,-5.163860712956875,14.447049393687477,4.519771202218022,0.15024096869981435,67.5966457045622,1460.9305555555557
6901028075053,202511,1,12.675854355443208,6.163694700720203,168.7016543150294,0.03655221448445019,48.02916952236114,373.42193308550185
6901028077910,202511,0,-2.477814213230843,13.548541521185289,8.225093314287147,0.03,56.878485548266,319.5907434402332
6901028080224,202511,1,10.53116869533195,0.01176205108037065,109.73323568310686,0.03,49.29499812109358,138.775069637883
6901028080521,202511,0,15.443118913222207,9.06168575057856,-9.915550207935748,0.03,54.73292211180066,319.5907434402332
6901028084321,202511,0,-10.632807456896757,10.800315525241023,12.02239738235701,0.0879082263999421,51.378433268815904,1348.1031746031745
6901028084772,202511,0,-7.111663328296409,3.492056290928225,10.582267167949697,0.032469607143546936,47.5565182991303,298.8507992895204
6901028084925,202511,0,-15.428300300389225,-1.3131726622127828,18.280520220285418,0.40295878849072037,60.44250542303262,192.42260061919504
6901028092838,202511,0,0.0,8.351793415159586,7.36835353621836,0.03,53.72794615707408,319.5907434402332
6901028095891,202511,0,1.5515545583512065,7.2357030348865,8.605872167058557,0.03,38.04121956401946,319.5907434402332
6901028098335,202511,0,-12.687708100343675,12.122108102658185,19.860636681378708,0.09117731836703652,51.81905377238781,1116.8461538461538
6901028102094,202511,0,-14.896206608613753,6.943880357512414,23.599839972065865,0.03,53.59802531121588,319.5907434402332
6901028104241,202511,0,0.0,10.777633631823528,10.6106061547942,0.03,37.84856726160181,319.5907434402332
6901028104302,202511,0,0.0,12.151686287642747,6.311458279516216,0.36491786016527844,57.35234710344129,4263.499999999999
6901028104692,202511,0,0.0,8.619901925497471,6.684068155776304,0.03,54.49024274954024,319.5907434402332
6901028107150,202511,0,0.0,8.366397707476192,4.417717285996608,0.03,55.37069531383867,319.5907434402332
6901028107297,202511,0,0.0,5.4201177194023895,8.54270369314978,0.03,53.291686174824015,319.5907434402332
6901028111270,202511,0,0.4033532500125432,-2.6943547576969804,-1.8509883668617806,0.03,54.47935925800862,98.81994459833795
6901028114455,202511,0,15.443118913222207,18.978151431181235,-8.314736073662495,0.03,39.92757640061646,319.5907434402332
6901028118187,202511,0,-7.361801977266836,-2.7387615202262126,12.591041640609468,0.03,44.53960467331816,228.3360809291869
6901028118828,202511,0,-12.820193892839626,11.634419240320408,21.92306236754059,0.09629133307064644,59.017603587414015,1721.1999999999998
6901028119009,202511,0,-4.58156061711977,15.363864299502982,16.097272864915517,0.03,49.38996902498802,319.5907434402332
6901028120708,202511,0,3.525102922746313,-2.7786218356947443,-4.598688960800506,0.37136362897661984,65.14361316319926,1469.9166666666663
6901028121736,202511,0,3.560766037282704,12.820155378017937,8.24636370815892,0.03,52.31049531632215,319.5907434402332
6901028123266,202511,0,0.2767264067457873,4.492537703551055,10.702140744488695,0.03,31.15619878849606,319.5907434402332
6901028124058,202511,0,6.040418051920092,24.184181408205635,5.413867691960942,0.3278839653786435,44.91869155198622,354.6748768472906
6901028125888,202511,0,0.0,18.978151431181235,7.606005073989266,0.03,39.92757640061647,319.5907434402332
6901028126007,202511,0,-9.978016454550025,9.526397942146467,18.580657790220926,0.03,39.37363587956021,319.5907434402332
6901028129725,202511,0,0.0,6.943880357512414,8.240029820148079,0.03,53.65877777152609,319.5907434402332
6901028133081,202511,0,0.0,-2.657474610369788,9.820165715690027,0.03,38.25478840212817,319.5907434402332
6901028136686,202511,0,21.466868841464944,10.843855907052433,-14.062899038002385,0.03,39.87038368905005,319.5907434402332
6901028136891,202511,0,2.944189653530721,4.996965382860238,-0.637274003568737,0.05428345002437493,53.537658336649145,169.40696278511408
6901028138536,202511,0,-12.413858641919203,7.525020610115008,20.784125031960954,0.06544063205700505,51.33063658862738,319.5907434402332
6901028141147,202511,0,-2.21391761045404,11.705325406293206,8.272410730242523,0.09715837071520629,44.94994230444977,78.64255602396273
6901028143554,202511,0,-1.2597579770890377,11.204258475560358,3.771287004894054,0.1113518146499029,53.45530961401384,553.6691176470588
6901028143585,202511,0,-9.583340779817815,12.540457495276753,20.329826523798637,0.03,54.15506561905677,319.5907434402332
6901028145077,202511,0,-20.715221292598223,24.4823480591511,68.78906755532633,0.6233875668262695,46.75902471820515,813.2689075630252
6901028145473,202511,0,-17.174836376523835,-5.0713957640139515,20.709989835631042,0.03,68.09855678504915,613.4137931034483
6901028150378,202511,0,4.952824752531193,11.409808943813138,3.974638963484052,0.03,49.28320056058767,319.5907434402332
6901028151634,202511,0,4.110785753930948,16.094026801715593,3.3046221291211726,0.1634214432537384,52.263441273552736,760.796875
6901028154628,202511,0,-12.85367369380571,14.550691933902991,21.094553489113853,0.03,51.96232961500782,319.5907434402332
6901028155557,202511,0,0.0878049180254336,2.2835663701064632,4.038519289498019,0.03,53.89256958889146,127.0549898167006
6901028159548,202511,0,-19.167717295541674,8.910168304358747,26.821207858812542,0.03,48.76352895701488,113.47227626459144
6901028159753,202511,0,11.998330831116036,11.64781518928457,-11.392362889686297,0.21662780497616768,50.49590228154318,840.0588235294117
6901028162876,202511,0,0.0348146946834333,7.405415316725729,5.265695187786616,0.07708038715396205,46.167937968615234,794.9502487562188
6901028164177,202511,0,-7.334569457070096,14.607786063029549,18.751781841256882,0.03,33.93448807176067,319.5907434402332
6901028165242,202511,0,2.675304232639377,3.3312654584169854,2.6328926309935916,0.1045528908309494,43.44142230941554,550.6577181208054
6901028165365,202511,0,-3.5414747070494386,14.60856612002585,3.1670987065943574,0.19120436213604564,62.58915064370503,802.8666666666667
6901028165921,202511,0,0.0,8.595976905513119,7.536017168458233,0.03,53.95650256149349,319.5907434402332
6901028172509,202511,0,2.547434531143189,10.373592869493157,-0.9788070853197854,0.12642440554943793,59.28590573987695,504.4736842105264
6901028172936,202511,0,-14.246630802654336,8.351793415159586,22.532277750229436,0.03,53.69790731535038,319.5907434402332
6901028177153,202511,0,0.0,10.673362066830528,9.966506670309231,0.03,49.62255803452212,319.5907434402332
6901028177214,202511,0,0.0715252761915437,9.058453203982156,-7.647283356084537,0.3731814224563002,64.38679257808072,6276.25
6901028177771,202511,0,0.0,8.619901925497471,6.684068155776304,0.03,54.49024274954024,319.5907434402332
6901028178105,202511,0,0.6752953336333647,-2.2725878991302477,-3.8249098209673433,0.3373098884244266,63.88318491908489,251.2575757575757
6901028178259,202511,0,-2.518792024837872,18.9203836281314,10.212075386941233,0.03,40.88168511086535,319.5907434402332
6901028178648,202511,0,-14.18071590177478,18.978151431181235,22.22529981808698,0.03,39.92757640061646,319.5907434402332
6901028179270,202511,0,0.0011111430838752,0.8091235849815646,1.4359147372090444,0.03,56.98076272668586,87.11624588364435
6901028179324,202511,0,-5.01442187408388,7.891727704658746,8.939317885055988,0.03,50.9830497765849,319.5907434402332
6901028179348,202511,0,-5.504807575584522,-15.300102998411353,11.079150337358636,0.03,60.15846208060896,151.5207756232687
6901028179492,202511,0,-10.765148735301551,20.534030649591326,16.081786601198438,0.03,53.640687067313976,319.5907434402332
6901028180009,202511,0,-4.488173644402053,16.934252037311172,11.131302256419831,0.03,54.53887360470936,319.5907434402332
6901028180580,202511,0,-14.873990796433477,-5.246088311644031,17.4107434371654,0.03,54.91779999773445,124.719393182554
6901028180603,202511,0,-0.5463220288253652,1.5857240829108235,4.543398404890607,0.03,52.63708760552882,162.6783341243474
6901028180634,202511,0,-6.425251439823683,7.356309422350261,12.51972990043246,0.03,59.53816626895492,319.5907434402332
6901028180818,202511,0,-14.94698144567218,-1.0812988702712267,18.584748335461573,0.1165328367367253,52.68091350092807,350.06324472960586
6901028181457,202511,1,0.0,2.1443930853869904,49.29128999042564,0.12421167592089077,65.68337293528079,232.7014492753624
6901028181815,202511,0,-5.605272101779384,1.5129416965926796,7.2322667482127105,0.3351862509640544,66.88635197902715,177.28516868236792
6901028182560,202511,0,-6.88800648338966,3.398952336517014,8.042932789172578,0.03,67.85187150800411,12.221187427240976
6901028184250,202511,0,-0.6681213630752438,18.978151431181235,8.294789984376115,0.03,39.92757640061647,319.5907434402332
6901028184304,202511,0,-4.926317849742745,14.502195590653576,9.803356250170141,0.03,62.27819088995089,319.5907434402332
6901028185912,202511,0,-14.316334807663452,-10.096823818818725,19.05793985664723,0.03,56.47817399377644,52.38447899618113
6901028187343,202511,0,0.0,-4.257463360112118,3.5305282362544763,0.07661829275588314,53.48123015838426,483.172131147541
6901028187855,202511,0,-14.916264890100685,10.730578467795702,21.31492706246122,0.03,51.99062324570701,319.5907434402332
6901028188029,202511,1,0.0,-25.0,41.05298505117572,0.18245118457458057,79.52246780702654,141.95296523517385
6901028188081,202511,1,0.6533440022941619,7.603094256605748,-8.577947117676738,0.08715358153641312,53.09391034375868,152.73714285714286
6901028189057,202511,0,0.0,8.595976905513119,7.536017168458233,0.03,53.95650256149349,319.5907434402332
6901028189989,202511,0,0.0,7.394884082822289,2.9710046448797836,0.03,56.05690698691757,319.5907434402332
6901028190602,202511,0,0.5274451988842017,8.152467403808084,1.8116997114570408,0.03,54.15069665860137,31.156771799628945
6901028191142,202511,0,0.0,24.671964472312887,10.4720906265872,0.03,37.51481749825854,319.5907434402332
6901028193504,202511,0,0.8957914078630012,18.22465286717138,4.015716705147258,0.08277412499935713,56.78385506834624,962.6119402985074
6901028204026,202511,0,-0.1531875313786415,8.867558297834524,7.7580446140326575,0.03,54.28166213951419,319.5907434402332
6901028204835,202511,0,-11.848608425365583,-1.751846760458813,10.782136328554149,0.196276847435462,65.82403454595534,303.13986013986016
6901028207089,202511,0,0.0,0.480395540734468,8.226730420099361,0.03,52.55976897893037,319.5907434402332
6901028207508,202511,1,-3.1216449420376198,10.89004248956629,-15.047070148818781,0.25787122212115077,55.50361304653385,31.123076923076923
6901028211352,202511,0,-15.633088626700795,-8.429028930641174,17.556738474217397,0.07027004275413554,52.589538721802754,155.07083333333333
6901028212137,202511,0,-20.483468835187463,16.87873810697413,29.1515508449407,0.03,51.21783982072557,319.5907434402332
6901028216166,202511,0,-0.2060380231166121,-7.119780490385572,1.202200387279283,0.03,53.30622523487028,689.4537037037037
6901028218603,202511,0,0.0,18.978151431181235,7.606005073989266,0.03,39.92757640061646,319.5907434402332
6901028218634,202511,0,0.0,10.429347567372261,4.479276803410506,0.03,49.49417443118679,319.5907434402332
6901028218757,202511,0,0.0,14.609422091176109,9.201687586215748,0.03,50.496263480426094,319.5907434402332
6901028219174,202511,0,-14.640770534168048,16.9799444285615,21.596219659635928,0.035345039864303034,56.1179881244212,4122.131578947368
6901028219839,202511,0,0.0,7.394884082822289,2.9710046448797836,0.03,56.05690698691757,319.5907434402332
6901028221351,202511,0,0.2106652571433045,10.012531168192886,3.834342188890652,0.03,54.83730085105925,319.5907434402332
6901028221450,202511,0,1.2391716834161812,3.4427048722782416,1.6167242068130792,0.030757741338319797,55.27323239628424,249.9723404255319
6901028224079,202511,0,-5.449990916796878,-8.657223493138416,2.9508773306679146,0.03,60.42955211240337,319.5337301587301
6901028224642,202511,0,-12.71532216314862,-6.686905835672407,18.503021066359537,0.13631360247780097,53.95447362063668,133.69179004037684
6901028225113,202511,0,0.0,5.22022715379125,8.357115271516307,0.03,53.05399778506808,319.5907434402332
6901028225175,202511,0,0.0641320082412235,1.1251593603410275,0.7627409684316384,0.03,53.51510510809461,465.185975609756
6901028227285,202511,0,-18.90496334562834,0.5852647767409471,15.889446092242768,0.03,52.34293915545818,580.0786516853932
6901028227438,202511,0,15.443118913222207,21.769717595792873,-5.276897531973001,0.03,34.32725136184583,319.5907434402332
6901028229074,202511,0,-1.4059391861270851,6.4482397149276895,1.3480402006208578,0.3199518464792777,59.82490235224341,258.2116182572614
6901028241410,202511,0,0.0,3.7706896334514663,-9.571030302035254,0.4159202745149238,67.06700628180087,900.75
6901028247375,202511,0,-14.24079118828864,-5.084324298030123,19.48336242861626,0.03,63.9550981520087,402.5161290322581
6901028300063,202511,0,0.0,7.132546683458894,8.37393569867859,0.03,53.35377237534114,319.5907434402332
6901028312356,202511,0,-7.798925887918514,8.366397707476192,12.457847067355901,0.03,55.37069531383868,319.5907434402332
6901028314459,202511,0,5.613085426422558,-3.0436294263086703,-4.879508732095353,0.03,61.65916441387718,319.5907434402332
6901028314985,202511,1,0.0,2.499525675520731,-210.3736032876647,0.03,52.799076629944864,36.67814652473388
6901028315432,202511,0,-13.0560665899676,25.0,23.572192140711344,0.03,30.07910304184136,319.5907434402332
6901028317177,202511,0,-15.36590195522858,11.580711804314339,11.971378058629746,0.03,73.63659554124371,516.1839557399724
6901028339957,202511,0,-0.6787303581613173,-10.727504384696417,-7.611488340659128,0.03,67.4412778173649,1109.129909365559
6901028340618,202511,0,0.0,4.225304637991749,2.973845114265772,0.03,59.35072301769621,319.5907434402332
6901028936477,202511,0,-4.973905201947694,11.854572374922602,14.485711553862387,0.03,46.53468354348302,319.5907434402332
6901028936750,202511,1,-15.05691240437421,-1.2457764321334877,-522.9132876339451,0.03385305323160203,53.60716489132631,699.0677966101695
6901028936996,202511,0,-14.896206608613753,6.990089581558369,23.372862759300254,0.03,53.53164802998727,319.5907434402332
6901028937535,202511,0,-2.666844147242209,17.425133687040287,13.855942008387709,0.03,46.25175655037801,319.5907434402332
6901028937832,202511,1,0.0075982168888941,8.625514041819033,-7.718166235414821,0.12073997314440374,59.41488995768906,332.7719298245614
6901028940504,202511,0,-0.957149225946594,5.407897137518324,7.185348060227128,0.058273573371971144,46.320935290089295,106.3261127094263
6901028942881,202511,0,-9.336734305941796,6.625719272149303,18.531589832362812,0.03,34.40716267292397,319.5907434402332
6901028942911,202511,0,-4.045757494238458,12.461478270347909,7.778764280470194,0.03,45.6261080205127,139.50318471337582
8888075005524,202511,0,-13.159396398294575,14.353616752806632,22.562347781307892,0.03,51.335040368557,319.5907434402332
8888075018616,202511,0,0.0,11.463082036739838,-1.8636778030010468,0.6501271530712212,49.536298190227,211.6842105263158
4891132530116,202512,1,14.896206608613756,9.836740919107218,22.39541952037212,0.6952417536582227,48.25414226309605,10.953488372093023
6901028000833,202512,0,9.4822265391116,11.012821548121057,-5.5851341038682385,0.03984000895166156,56.76122575601899,188.3041025641025
6901028001625,202512,0,11.89622721755245,2.8299934173895602,-10.888918578250719,0.03,49.95643173746555,494.8307984790874
6901028005036,202512,0,8.481852049139107,-2.2040660116956277,-14.323958985269133,0.03,58.542142435981525,482.9815498154981
6901028009744,202512,1,11.308027821308514,-4.441420439206981,60.77409578929285,0.21541633231514784,61.26228335867408,17.925445705024313
6901028009805,202512,0,16.96915408124967,5.510261066221836,-27.230753649340187,0.19859761240629256,61.51642739543658,253.57327586206893
6901028010115,202512,0,-6.606102287226271,16.189112302517668,15.18837979617524,0.03,53.291686174824015,319.5907434402332
6901028012003,202512,0,-2.792741546751216,-4.520938237018022,-0.19683569008268637,0.04452424735314295,57.08049843167551,1036.4528301886794
6901028039758,202512,0,14.309998089487928,5.873242863611919,-26.6397671347735,0.4299872091822868,52.92506900306206,285.18333333333334
6901028042635,202512,0,5.57824994293459,9.882220643708434,0.8409608588306767,0.03643058538762644,48.583987399393344,3016.208333333333
6901028045919,202512,0,10.11164644861438,3.782716226862731,-1.0770528212083406,0.03565459314391897,54.52870151561049,3346.938461538461
6901028046893,202512,0,-3.3752281609578816,11.567563946317781,15.332447243734176,0.03,29.596029869714645,319.5907434402332
6901028051989,202512,0,10.037213657007634,-9.608110871216008,-15.712076306389134,0.24378626230828335,72.28640569823756,139.2336448598131
6901028057080,202512,0,15.383147213045092,-8.193891442566281,-18.33534639717927,0.056151073322838585,53.89885724829846,137.2354948805461
6901028058148,202512,0,-4.982378810907541,7.774212934291319,5.14906440443447,0.0909361617333592,53.77553979115617,363.3282051282051
6901028062015,202512,0,0.1785047550165259,-0.07639370959614084,-6.800702314014427,0.1375760846779644,60.350527919518335,688.6825396825396
6901028062329,202512,0,2.2425576311929376,-8.309889199983969,-4.300993338698143,0.03458902793347171,65.76680436908829,196.1760563380282
6901028063371,202512,0,-3.458684672615675,7.5933875348580235,8.450588195746958,0.34472132216742596,52.93207890272299,59.27174929840973
6901028065504,202512,0,14.0674445158932,4.422227504073378,-18.230776153535423,0.09941797655738241,50.34464466100559,482.3023255813954
6901028071536,202512,0,-3.86348383531562,-13.645838538066414,-0.9409681715698612,0.16875076641188663,53.80059100643624,16.898203592814372
6901028075015,202512,0,15.265071326018855,-5.029367635532151,-172.83951692095252,0.8794582655646859,66.00272685686475,415.5297297297297
6901028075022,202512,0,17.05497280496595,7.897961236726367,-16.806000987609618,0.05643622133963162,66.31297162275946,1921.6944444444448
6901028075053,202512,0,1.239356633272493,22.020359356395176,8.608252130476018,0.13726857707381104,39.6229150598823,4808.11111111111
6901028079990,202512,0,-1.6477340344527818,-4.623765209051754,-6.338449420676495,0.2602473027487244,76.83820919118199,167.74493927125505
6901028080224,202512,0,-13.817301793939556,10.143604595179927,25.822391183658194,0.03,37.369317601430254,319.5907434402332
6901028080521,202512,0,12.941580644516025,16.294516988446475,-3.427380111486526,0.03,39.28980319857845,319.5907434402332
6901028084321,202512,0,7.223644196483704,13.366542160084117,-5.594562901786501,0.0744109391089722,59.15236037603893,745.9391891891893
6901028084772,202512,0,17.145279759763433,5.572704771923198,-16.063319862439457,0.03,50.017751782164346,206.7643979057592
6901028084925,202512,0,15.544118917639928,-0.7832823340019088,-18.92221048480944,0.09596056092022326,60.1142534222794,343.3980582524272
6901028092838,202512,0,0.0,7.728920753815231,6.7185777774776305,0.03,53.72794615707408,319.5907434402332
6901028095891,202512,0,3.0744032952825364,4.797560378383897,7.3660919930222315,0.03,33.415261710385714,319.5907434402332
6901028098335,202512,0,12.166982135241753,-13.776564071480806,-15.741436616770123,0.13278251729920287,53.60078785219138,705.5925925925926
6901028100274,202512,0,0.0,-1.331290145393005,4.48954792030093,0.03,57.72768323441396,319.5907434402332
6901028102094,202512,0,14.896206608613753,7.9184933947235265,-8.103716990292906,0.03,53.59802531121588,319.5907434402332
6901028104241,202512,0,4.055064313509028,11.613837647218023,7.692945220245932,0.03,37.84856726160181,319.5907434402332
6901028104302,202512,0,6.527043880770528,6.762491146851059,0.6481633362017156,0.03,54.28166213951419,319.5907434402332
6901028107150,202512,0,0.0,-0.3268443952110237,5.22825375348678,0.03,55.37069531383867,319.5907434402332
6901028107297,202512,0,0.0,16.189112302517668,8.377965067075992,0.03,53.291686174824015,319.5907434402332
6901028111270,202512,0,-3.498976627352292,-0.72110936871568,-0.3834043901850892,0.03,54.72221484553121,232.67064439140813
6901028112505,202512,1,20.94581571638051,1.3126503903860807,400.58590561399444,0.04926664640916446,63.4307418447147,255.34615384615387
6901028114455,202512,0,-15.443118913222207,13.728929387367915,24.421437777503847,0.03,39.92757640061646,319.5907434402332
6901028118187,202512,0,13.975874471911965,10.615734482746952,-7.168296585964047,0.03,49.28686428034559,231.1024451939292
6901028118828,202512,0,8.58918857811473,13.586934071389418,0.5322867428620306,0.04899176894272501,57.365388513906254,3649.714285714285
6901028119009,202512,0,11.736786015930548,4.153046944939978,-3.7704455952545644,0.03,52.868661982766426,319.5907434402332
6901028120708,202512,0,9.166195954623618,4.865711521511782,-1.078576300994154,0.03,53.20226642690941,319.5907434402332
6901028121736,202512,0,-4.874558589106528,4.175886677805213,12.551181725488302,0.03,54.36602867842563,319.5907434402332
6901028123266,202512,0,11.999920336324609,5.288626674827762,-1.0668842216499144,0.03,30.12229672810681,319.5907434402332
6901028124058,202512,0,-6.360942964129187,15.612555700337156,17.945111553933817,0.03,54.23576762976615,3003.851851851852
6901028126007,202512,0,12.86023107168178,24.203676175973552,-4.500178599757268,0.03,48.44818506439862,319.5907434402332
6901028133081,202512,0,0.0,8.623513758247377,6.779113924415318,0.03,53.69790731535038,319.5907434402332
6901028133333,202512,0,13.484403602970708,16.48155205073303,-3.3108383293019905,0.03,38.83854322629199,319.5907434402332
6901028136686,202512,0,-2.406325789951943,23.076238539608404,14.430256772423643,0.03,33.75609268789167,319.5907434402332
6901028136891,202512,0,-10.508364001116846,11.022616894558974,18.271931877958707,0.03,49.22005293265234,96.44030322173089
6901028138536,202512,0,19.180495933517903,5.3877561508612075,-16.089316576295356,0.03,65.61612506882861,319.5907434402332
6901028141147,202512,0,16.154215323132817,2.818654009801902,-8.186313001962077,0.03,45.12655141500519,58.65298854134407
6901028143448,202512,0,-5.575235988910549,9.0618752564526,14.101567236868501,0.03,52.55976897893037,319.5907434402332
6901028143554,202512,0,1.9273670110455183,3.4604603228836677,-1.5326143742379834,0.13481576977755305,53.155955700116266,760.1041666666666
6901028143585,202512,0,5.232208458751309,13.518132009081421,2.049080968851107,0.03,57.70490469640765,319.5907434402332
6901028145077,202512,0,18.671806274876182,-2.767444772886335,-55.233268708884644,0.5745700343686467,62.81913203358827,299.7119341563786
6901028150378,202512,0,6.301215511265966,12.576472211565022,1.8337485343289597,0.03,49.79092181376527,319.5907434402332
6901028151634,202512,0,0.2265283470688359,-9.041710672835736,3.8435325732760695,0.24211519880616633,48.8653586150378,384.7361111111112
6901028154628,202512,0,8.815738328596936,5.764654913085266,-21.48292914003894,0.5270374341210082,59.7234314853323,1221.7499999999998
6901028155557,202512,0,0.303740445516766,1.3915067045269531,0.27967638647574855,0.03904229142237039,53.39816091193504,696.5625
6901028159753,202512,1,6.239814660181594,-1.8075661477062062,50.26038973171771,0.04022948723934722,39.11439399697656,304.59375
6901028160285,202512,0,-2.9355957975793388,-0.6603890046254212,7.521494261706355,0.03,38.814971705135584,581.3104265402843
6901028162876,202512,0,3.646696752760569,5.012173314498261,7.121309791457436,0.03572915140554109,46.73787329143057,457.0827067669173
6901028164177,202512,0,12.15581065354445,20.876174749918377,-2.2165919858651773,0.03,40.55494708284997,319.5907434402332
6901028165242,202512,0,-3.634513008658097,0.5846019722712331,-0.28374369764694984,0.24903471242161443,53.80712231529596,261.4891774891775
6901028165860,202512,0,-7.086526611272902,13.061446682209123,1.7672028230890762,0.2823320061452907,74.42321283529697,660.9285714285714
6901028165921,202512,0,0.0,6.172897918151907,7.686486257107779,0.03,53.95650256149349,319.5907434402332
6901028172509,202512,0,-2.32450743381888,13.014511901386873,7.97826422641783,0.035520086043851255,59.54559993751126,389.935866983373
6901028172936,202512,0,8.742922361406599,8.623513758247377,-2.2342080976533403,0.03,53.69790731535038,319.5907434402332
6901028177153,202512,0,-19.29585902242965,7.795843519332715,28.03542016074986,0.03,53.35377237534114,319.5907434402332
6901028177214,202512,0,13.93287864840508,-3.9086962215866152,-24.981411791900655,0.30239247895832866,55.29917003764714,249.23684210526315
6901028177771,202512,0,0.0,5.739015073861443,6.828951008964904,0.03,54.49024274954024,319.5907434402332
6901028178105,202512,0,0.3387300620588576,4.45811452752626,3.1531295955543257,0.06869813724448161,62.87099489424228,1030.871212121212
6901028179270,202512,0,0.1320136885091827,-15.605185687555782,-2.1750541644732353,0.03,56.869641284235385,95.55539631793629
6901028179348,202512,0,13.722795331100272,-16.228722699925235,-19.583069830448036,0.058448463528710956,60.0351212181964,253.27207001522072
6901028179492,202512,0,12.470429354389474,13.015080420910271,-9.628816882358597,0.03,53.660706951923885,319.5907434402332
6901028180580,202512,0,13.164781904568244,2.5904263627393407,-13.948759257845257,0.03,54.86687726277144,177.970094381036
6901028180603,202512,0,0.6094211634759787,0.6229186157676285,0.23332334565448787,0.03,52.5644095791179,219.9041728965611
6901028180634,202512,0,-2.355754270161249,6.198370188053452,7.8552028637653395,0.03,52.31170501371085,319.5907434402332
6901028181815,202512,0,-2.7860729762955074,-5.52680980099845,2.3660700394231613,0.2347031118593149,66.75180695270943,137.99017681728878
6901028182560,202512,0,7.86056381719041,2.1862353582528056,-8.011599640223263,0.03,67.62786408049189,21.343219713737643
6901028184250,202512,0,-0.3381891956555307,13.268083432070371,8.865499083324936,0.03,40.59569776369172,319.5907434402332
6901028185912,202512,0,16.84674471327333,3.7144254202278066,-15.467915152903716,0.03,60.48338078518004,53.9556810403833
6901028187343,202512,0,0.0556772358810704,7.959901888144139,7.0695434708808715,0.03,53.53164802998727,319.5907434402332
6901028188081,202512,0,12.99832904921206,4.62395037538471,-1.58939848779411,0.03,37.91065346211894,319.5907434402332
6901028189057,202512,0,-15.443118913222207,6.172897918151907,23.60722740475954,0.03,53.95650256149349,319.5907434402332
6901028190602,202512,0,-0.1610927921694482,3.4322495972197737,-0.2753625357152478,0.057365469632125646,53.65113348091663,414.25396825396825
6901028191142,202512,0,0.0,16.817924303859566,11.703330470957203,0.03,37.51481749825854,319.5907434402332
6901028193504,202512,0,4.844982216844961,10.932707951771174,2.6882382911755833,0.047034466916284504,52.89595083296892,3237.52427184466
6901028204835,202512,0,-2.602551903720162,3.1977837351757823,7.831574367878999,0.08974390641796834,65.44663373658146,764.5657894736843
6901028207508,202512,0,6.858845468568077,11.914422916419655,-2.6831290675051207,0.03,55.75852827168231,286.9107142857143
6901028211352,202512,1,15.619507152246436,1.6207740556816472,356.5301245656105,0.04518304081902587,52.74973869240896,163.15824468085106
6901028216166,202512,0,-0.0882578803559113,-1.314690514380613,-4.004184264436166,0.054028855130785675,53.56390683351216,173.16387959866222
6901028218184,202512,0,12.182423400296685,20.139288247736776,-4.196059377950315,0.12895189899388568,63.59460445318741,559.475
6901028218757,202512,0,-3.0084282381845924,8.623513758247377,9.880586334914899,0.03,53.69790731535038,319.5907434402332
6901028221351,202512,0,7.25045748896251,5.792812930420373,-2.395886131171181,0.03,49.43073981459983,319.5907434402332
6901028221450,202512,0,-3.9883891733675862,13.094806028805412,10.347905760074724,0.04027811456879962,58.31253894463033,1912.032258064516
6901028224079,202512,0,10.82914138150536,5.604334701768573,-14.927020490378286,0.03,57.09232580805048,861.2107279693487
6901028224642,202512,0,13.014484194531896,7.217651995471027,-12.381483395436167,0.03,53.77212818298482,391.7164750957854
6901028225175,202512,0,0.028953911020757,5.049904250683191,5.8795641598203225,0.053087620444815374,53.91751580046012,181.01501976284587
6901028227285,202512,0,19.706831906723515,-1.3763676597317984,-23.99984824897143,0.03,61.868514271976906,402.6310975609756
6901028227438,202512,0,-21.054515307439296,11.613837647218023,33.579109777924614,0.03,37.84856726160181,319.5907434402332
6901028229074,202512,0,-1.7152281259236375,-4.151453000826635,3.4271519564257487,0.03,59.791113883369576,188.70188679245285
6901028241410,202512,0,10.31383317134285,3.834304569197192,-4.2853611394497175,0.03,54.79244761065753,319.5907434402332
6901028242066,202512,0,2.647694261372713,13.918659854405545,5.862170914772758,0.03,39.92757640061647,319.5907434402332
6901028252959,202512,0,0.3972576082744297,6.961962190417206,-7.050264284146367,0.1794676390422297,65.92421719452913,345.4375
6901028300063,202512,0,0.0,7.795843519332715,8.142781993296614,0.03,53.35377237534114,319.5907434402332
6901028314985,202512,0,15.008837085848953,14.88543865032827,-3.817693016527656,0.03,37.81697228400531,319.5907434402332
6901028315432,202512,0,11.123538130833133,11.613837647218023,0.4058588106334522,0.03,37.84856726160181,319.5907434402332
6901028317177,202512,0,-0.8127892298740349,-0.6265241578010916,-1.004149166404637,0.03,72.82309772655854,1302.3651804670912
6901028324830,202512,0,0.1258355883318813,5.284979684174884,6.683431011280174,0.03,54.545293350426896,319.5907434402332
6901028339957,202512,0,14.02233270511232,-3.7143238120277746,-15.920824635242056,0.03,54.401623825440296,292.18524930747924
6901028936477,202512,0,18.559777815044,20.485725249074,-8.390593223514967,0.03,47.77328988852284,319.5907434402332
6901028936750,202512,0,16.922543862155834,11.779671116712992,-13.354484742617696,0.05310319198248544,52.08025545923505,1531.2083333333337
6901028936996,202512,0,14.896206608613753,7.959901888144139,-8.229971346369314,0.03,53.53164802998727,319.5907434402332
6901028937535,202512,0,1.3461184190373672,21.593385579462396,8.841606655005375,0.03,44.488163253214665,319.5907434402332
6901028937832,202512,0,2.0044374319368075,12.108779778510707,7.578099791181036,0.03,57.66561494117231,1470.155172413793
6901028940504,202512,0,8.242509429486766,2.803582816753314,-2.5278646018765354,0.03,45.98044544814078,71.07944526083762
6901028942881,202512,0,3.2388298253991152,16.39113042539673,4.194824085333934,0.03,46.025480881159154,319.5907434402332
6901028942911,202512,1,5.4367479397927525,-0.8867954349258733,247.2495125023376,0.03,57.50600506907324,33.133790737564325
8888075018616,202512,0,0.0,2.8378417871180353,4.598720592655126,0.03,55.42869180710698,319.5907434402332
8888075024037,202512,0,14.89620660861376,6.070477119422906,-10.726860676779378,0.10621244602070454,49.24079141184657,171.63157894736844
8888075034715,202512,0,14.89620660861376,3.7288472804203465,-9.015509160124235,0.03,55.26011326641172,319.5907434402332
8888075056014,202512,0,0.0,10.15149595160381,3.5295316254176896,0.2828891244328567,50.66934097873528,551.4411764705882
4891132530116,202601,0,0.0,10.21924987808781,9.247353359902815,0.03,24.943611448528756,319.5907434402332
6901028000833,202601,0,-6.386169235061097,1.7522720760717791,8.019778774880503,0.0839276672185158,49.69144537592898,292.9089635854342
6901028001625,202601,0,-8.6327342958406,4.218207726980178,16.200729245794683,0.03,46.07721984632987,1839.607142857143
6901028005036,202601,0,1.0200577963589623,12.184522556873516,7.554329063946115,0.06959387394291149,48.76927553709702,266.2598870056497
6901028009744,202601,0,-1.8407692912633,8.901290290190362,12.767817354314099,0.08291259692748576,52.95447858173405,479.9166666666667
6901028009805,202601,0,2.980687874258855,7.3594279586379425,8.953588271627275,0.03,43.43956112202245,1553.9
6901028010115,202601,0,1.326348204099176,8.58308710336954,6.112272241596747,0.03,53.291686174824015,319.5907434402332
6901028010771,202601,0,1.5585925070067432,0.9447585165995801,3.1350129542089475,0.03,57.526615946134754,319.5907434402332
6901028011785,202601,0,-11.713248616969224,14.362578383773164,17.35734024294068,0.03,51.84917859927951,319.5907434402332
6901028012003,202601,0,-0.2371565560114703,-11.293744454570485,1.0446771990595827,0.03,60.520424781165175,319.5907434402332
6901028013611,202601,0,-7.145073710334408,15.577066300813117,20.0983622632654,0.03,45.84884113218066,319.5907434402332
6901028018630,202601,0,10.250396092914649,13.19244235029959,-2.446029836675587,0.03,39.92757640061647,319.5907434402332
6901028018722,202601,0,-7.458651366687448,3.645354939340633,10.97796646947819,0.03,56.80738141511128,319.5907434402332
6901028024976,202601,0,-14.296273014355949,4.108772121587422,16.367101378246776,0.06298698520788894,52.52234715059589,260.7822222222222
6901028025645,202601,0,-17.418663401916092,20.929525015646032,30.605988961130834,0.03,26.315129408347914,319.5907434402332
6901028042758,202601,0,0.0,2.5835575773180177,3.0974478501378533,0.03,55.37069531383868,319.5907434402332
6901028042963,202601,0,-14.837820622131645,-1.0156287765497347,25.238065679662878,0.03,45.33068635506009,319.5907434402332
6901028045919,202601,0,-14.791773354282732,1.4792546904089485,16.82647702649706,0.08834131697268235,63.03342322915819,1477.711267605634
6901028046893,202601,0,-11.772570116949916,6.439241244971331,12.655843681745921,0.05181079133605408,53.05845174002673,388.0459770114943
6901028057080,202601,0,-0.2951555349226851,12.340790775735627,11.946446900472905,0.03,38.63544142137352,319.5907434402332
6901028058148,202601,0,-5.314042012638325,5.317499110333341,11.108487102989354,0.03,53.72794615707408,319.5907434402332
6901028059114,202601,0,-14.53291068445175,7.901692556063103,21.41046040912732,0.03,53.78232217350979,319.5907434402332
6901028062015,202601,0,-0.1284685950997044,0.6367793587610703,0.2211941310549903,0.031127722548372552,60.77266428350148,444.9289940828402
6901028062329,202601,0,-4.770240119916579,4.980515994884794,10.534816757731368,0.03,53.95650256149349,319.5907434402332
6901028062350,202601,0,-8.854939306649442,7.901692556063103,15.556881669124941,0.03,53.78232217350979,319.5907434402332
6901028063371,202601,0,-18.030644521382587,8.58308710336954,26.067934845186194,0.03,53.291686174824015,319.5907434402332
6901028065504,202601,0,-2.439242901263817,9.239259054467784,12.581663866759294,0.03,46.71954855831032,319.5907434402332
6901028071475,202601,1,7.468303876377163,0.8998287434269456,46.140146787223074,0.1902312186396263,49.608291458400736,82.22838137472284
6901028075015,202601,0,-6.243653485148954,-5.601497119976945,-0.03230126350039697,0.079890099495026,60.83886614390788,1892.12987012987
6901028075022,202601,0,-0.8520079983064051,3.509082133262533,2.5229219664262903,0.07270968129858565,55.08392765757058,2533.796875
6901028075053,202601,0,-8.590931398658817,7.844106382745818,12.646899674263377,0.03,52.29876941532551,1171.141176470588
6901028077910,202601,0,-3.326408527924144,1.921042219158459,7.135478406356937,0.03,52.89288110060784,319.5907434402332
6901028079990,202601,0,0.2601535765616347,-9.346035737625044,-4.684107842523879,0.03272386095729666,68.54028326474057,778.2068965517242
6901028080224,202601,1,18.72925201182981,6.278317322224167,156.31093443462734,0.07874915480784252,47.9004862967622,1123.4170040485828
6901028084321,202601,0,-1.3864749268182948,9.86392857155142,9.525124659981406,0.28466145478720895,48.51955291914217,50.02263493905977
6901028084772,202601,0,-0.1159471206192037,0.360046282852269,1.9141924639279195,0.03,42.90608845386794,347.66395663956644
6901028084925,202601,0,-0.0621508679502511,9.313109247996955,9.54156445813745,0.03,44.68595312189017,1103.2195121951218
6901028092432,202601,1,-21.98637757917502,16.04421385822784,-252.78129180399952,0.10864263330941641,57.29914081974853,217.63636363636363
6901028092838,202601,0,0.0,6.29664148453456,6.466654520215558,0.03,53.72794615707408,319.5907434402332
6901028095891,202601,0,0.0,3.756765771316639,11.704683223291342,0.03,34.96681626873692,319.5907434402332
6901028098335,202601,0,0.4636354236868243,0.08591044781707123,9.526173174581524,0.03,40.9130797518477,319.5907434402332
6901028100274,202601,0,0.0,1.0881041120723016,3.633630736487489,0.03,57.72768323441396,319.5907434402332
6901028102094,202601,0,0.0,12.376374309063612,11.957480663791337,0.03,38.701818702602125,319.5907434402332
6901028104241,202601,0,11.38805459971318,18.970038524876244,0.5849818554641484,0.03,37.84856726160181,319.5907434402332
6901028104302,202601,0,-1.1554905034303076,4.216866392582467,6.814864113092748,0.03,54.28166213951419,319.5907434402332
6901028107150,202601,0,0.0,2.5835575773180177,3.0974478501378533,0.03,55.37069531383867,319.5907434402332
6901028111270,202601,0,-16.523543269987364,1.0763730939534883,18.679224431425702,0.06404535495489459,55.12556809554376,19.64451827242525
6901028111546,202601,0,0.3104822310012736,5.9759649206404495,5.326035355776979,0.03,54.61426663235173,319.5907434402332
6901028112505,202601,0,-4.122093276718161,11.37255804905722,16.350517755251303,0.03,38.154906397993685,319.5907434402332
6901028114455,202601,0,15.443118913222207,2.5835575773180177,-12.823293297513908,0.03,55.37069531383867,319.5907434402332
6901028118187,202601,0,-6.484984280473029,-2.067019337863283,14.625341732171819,0.03,41.925062303078754,353.83839779005524
6901028118828,202601,0,0.4942810036707925,18.24308742215781,12.098349150004873,0.15408359279890835,44.54519462106663,5973.857142857143
6901028119009,202601,1,1.4785550155167255,11.930776132213262,-40.75445998829004,0.08771935658896846,48.287101365646656,2771.25
6901028120708,202601,0,-3.372531076145279,-4.664189165246241,8.379404634945148,0.03,56.72736934965572,319.5907434402332
6901028121736,202601,0,0.6456711887485724,5.1245821316696025,3.2810459594984107,0.2622027239561436,57.92679471570833,971.2
6901028121828,202601,0,-5.473805334124265,7.901692556063103,12.071176542810328,0.03,53.78232217350979,319.5907434402332
6901028123266,202601,0,11.000452854543958,8.3631394293682,-0.6854655824361977,0.03,30.3990231348526,319.5907434402332
6901028124058,202601,0,-3.5959909230587783,-5.036823516974639,9.201022145725123,0.11728249900690002,60.27618568168624,952.029411764706
6901028125970,202601,1,6.562126993965535,7.564282201783978,30.115696127962263,0.39504548203964546,64.52181275327963,4969.375
6901028126007,202601,0,1.6275367299503642,3.6242782443980515,8.934936849247169,0.03,38.4701686098486,319.5907434402332
6901028133333,202601,0,1.6085481656213858,3.8046167869398846,2.5142422197724184,0.03,56.7907127047958,319.5907434402332
6901028136686,202601,0,-0.1256381537935951,-11.186296199779871,-1.6214978927209014,0.05977716733481711,55.22296152935662,212.76763485477176
6901028136891,202601,1,11.828459892175443,3.3688522162167875,412.0195329939054,0.03,52.164242586183065,160.623595505618
6901028138536,202601,0,-1.9383376158778844,6.59278162928703,9.532406080327736,0.03,53.20226642690941,319.5907434402332
6901028141147,202601,0,-1.4463163087648852,9.913934538202266,12.671871589247438,0.03,42.91263380455115,319.5907434402332
6901028143554,202601,0,2.541191079982518,1.987394850660514,-1.9002997292690829,0.0417624588842524,51.89619772302723,2644.5348837209303
6901028145077,202601,0,-0.6965068859982608,16.629955956333625,13.52808727519613,0.03,42.103910740990045,4655.0
6901028145473,202601,0,-3.739037002717872,11.70108705148165,0.9162235303188866,0.06982824863870037,69.2593985917549,362.0
6901028149921,202601,0,9.481339524863133,9.0149348937439,-3.295797622114951,0.03,53.78232217350979,319.5907434402332
6901028150378,202601,0,-7.732901782960397,3.2816444365941813,13.615770508395256,0.03,54.74374656629646,319.5907434402332
6901028151634,202601,0,0.2146373906801244,8.819007727932917,-1.6043193322698266,0.39327780192133377,52.97614436896875,114.43661971830986
6901028154628,202601,0,-2.0874708089076464,9.16037233891906,13.616306131016596,0.03,46.86975779152659,319.5907434402332
6901028155557,202601,0,-0.4776459808752165,-13.961941860529679,-1.6778531959331215,0.03,53.48596582996048,723.8378378378378
6901028159548,202601,0,-0.5540572573968987,17.9207558770238,13.415026995901783,0.03,28.26826726461275,319.5907434402332
6901028159753,202601,0,-1.1768320568049973,5.1487147137064335,6.912584138002984,0.16077152868852929,51.1127248280926,693.8571428571429
6901028160285,202601,0,11.35963992890872,-7.270385015554967,-8.91316295021634,0.03,56.74924410824471,319.5907434402332
6901028162876,202601,0,8.78229892025189,5.002850639327079,-3.0407582616628623,0.11455063346336393,46.772687986114,65.30555555555556
6901028164177,202601,0,-6.094211676130023,14.790186444432809,15.586629212328685,0.03,33.220377625779875,319.5907434402332
6901028165242,202601,0,-14.24045193174269,-10.790525361385624,11.136236098068576,0.14741215900282006,56.48242654793534,259.39259259259256
6901028165365,202601,0,3.5414747070494386,5.96536036115045,-0.02084171491655562,0.03,56.6314097829836,319.5907434402332
6901028165860,202601,0,6.652830855054134,-8.154114824855741,-15.058346560186244,0.1851817060453835,74.0785666670451,1051.4
6901028169967,202601,0,8.171669376416645,-4.8152202287900225,-5.6664523812924426,0.03,63.45894043586904,319.5907434402332
6901028172509,202601,0,-8.905914253674517,-19.01710690077377,9.93704978784539,0.03,62.09303446865445,720.521186440678
6901028172936,202601,0,5.503708441247738,12.740574538678887,5.197350599944067,0.03,39.45127651269604,319.5907434402332
6901028177153,202601,0,19.29585902242965,5.0352708567601,-12.998313666331704,0.03,53.35377237534114,319.5907434402332
6901028177214,202601,0,-13.93287864840508,2.5835575773180177,17.46124027117402,0.03,55.37069531383868,319.5907434402332
6901028178105,202601,0,-0.2656220881488167,-4.523673259306061,-3.6225489199256824,0.05441114022505559,63.546290227875645,766.3194444444445
6901028178259,202601,0,-0.8513343478650413,13.19244235029959,9.008506096932273,0.03,40.88168511086535,319.5907434402332
6901028178648,202601,0,-3.224465109449852,13.306712820584657,11.444234819477845,0.03,40.59569776369171,319.5907434402332
6901028179270,202601,0,0.1002947959417639,4.234375256243557,1.6197035770399069,0.04387421744531007,56.87075242731926,196.41491596638656
6901028179324,202601,0,-2.060264590598578,7.353005482366572,9.837278117294705,0.03,48.75788673213204,319.5907434402332
6901028179348,202601,0,-1.0074444079845222,-4.8797689905809385,1.6564234878924355,0.03,54.53031364261187,738.1558073654392
6901028179492,202601,0,0.0047077428268735,12.60370460848539,8.3598251694739,0.03,42.895558216622334,319.5907434402332
6901028180009,202601,0,-3.647961170222743,18.39044028855614,8.66398320435244,0.03,53.300972378352974,319.5907434402332
6901028180580,202601,0,-6.3448050113563,2.3203885814449348,17.762221802501536,0.03,39.99288646633797,275.51511819681144
6901028180603,202601,0,-14.707736838086554,-1.6439608424296634,14.979441370340727,0.03,52.018087550292535,899.0468319559228
6901028180634,202601,0,5.842102607113617,5.822251254906115,2.223994989962824,0.03,45.88645357388717,319.5907434402332
6901028180788,202601,0,-2.695398148637324,4.697643853897556,6.168721691549736,0.03,56.35372368592799,319.5907434402332
6901028180818,202601,0,-14.278029069861397,-5.036038357132437,15.222126433834617,0.03,53.564608094632014,503.5255354200988
6901028181457,202601,0,-1.2933679061188457,11.37255804905722,13.434306032983967,0.03,38.154906397993685,319.5907434402332
6901028181815,202601,1,-5.498300349178884,-8.105359486150185,-31.932697758913736,0.06649846843176316,61.146534850930045,399.1802325581396
6901028184250,202601,0,15.549278864134957,13.19244235029959,-7.908795580201678,0.03,39.92757640061647,319.5907434402332
6901028184304,202601,0,-2.392837501048916,12.823163452650753,6.693736403657059,0.03,61.08709591513309,319.5907434402332
6901028185912,202601,0,4.973606921136863,0.7265764304506297,7.999737854114985,0.03,46.16704597751659,114.98623680241326
6901028187343,202601,0,-5.805318602965151,5.378610126289043,12.1044710593617,0.03,53.53164802998727,319.5907434402332
6901028187855,202601,0,13.545878733720158,13.283163396623026,-4.733363871775747,0.03,40.454430423738,319.5907434402332
6901028188029,202601,0,-3.476753139903224,11.37255804905722,15.685218645132812,0.03,38.154906397993685,319.5907434402332
6901028188081,202601,0,-5.47355588445442,13.534150564315144,17.497574812614396,0.03,38.5639974644131,319.5907434402332
6901028190374,202601,0,-2.877875263242956,6.676569420282088,4.797700091465016,0.03,64.30389580695629,319.5907434402332
6901028190602,202601,0,-3.699410849941458,7.130112910311046,7.341015897567927,0.03,54.17857867980083,34.96089790007241
6901028191142,202601,0,15.443118913222207,24.409995029502443,-3.7217808279691837,0.03,37.51481749825854,319.5907434402332
6901028193504,202601,0,1.433182943876382,5.804666962476512,4.313123012462423,0.03,53.79174224083192,319.5907434402332
6901028204835,202601,0,-9.569255359589016,5.543127434615733,16.303978947708128,0.03,53.59802531121588,319.5907434402332
6901028207508,202601,0,-1.04126137748257,5.5067046124341505,4.555697502876546,0.03,52.63688332964469,114.37037037037038
6901028211352,202601,0,-0.3979839548927515,23.408258930193078,12.591702148277339,0.03,37.11665006570816,319.5907434402332
6901028212229,202601,1,5.115301584187975,3.0374298568103075,18.39089373886887,0.24863690428199833,70.39814180058221,917.3333333333331
6901028216166,202601,0,-0.0557052863660914,-18.578936994863742,-1.7374958326359762,0.03,53.35786881039554,617.7785714285714
6901028218153,202601,0,21.479128836898845,4.216146753889255,-18.30960883829961,0.03,55.37069531383867,319.5907434402332
6901028218184,202601,0,5.2908973916551005,-0.9212351785342019,4.686488951567086,0.03,40.04533205655183,319.5907434402332
6901028218603,202601,0,1.5903848698997365,13.19244235029959,6.48181678498927,0.03,39.92757640061646,319.5907434402332
6901028218634,202601,0,6.242416082193401,8.033515178274447,-0.32317231908388955,0.03,49.49417443118679,319.5907434402332
6901028218757,202601,0,9.02805656945234,5.804666962476512,-3.268789522463692,0.03,53.69790731535038,319.5907434402332
6901028218900,202601,0,-10.29019318623756,7.901692556063103,17.036524843958055,0.03,53.78232217350979,319.5907434402332
6901028219174,202601,0,-12.162499354657804,1.3001296699057212,16.149844442962802,0.03,58.98474345872078,319.5907434402332
6901028221351,202601,0,-1.521167246866959,3.8160842006373272,5.9982333712058225,0.03,49.64140507174313,319.5907434402332
6901028221450,202601,0,-5.037653080590765,-2.4693039524137936,8.993383132965986,0.1077935876434704,59.551710628046514,741.1524390243902
6901028224079,202601,0,-1.0763460238161784,1.6044131904602896,-3.1776151958133707,0.03,51.6423348912536,432.5037878787879
6901028224642,202601,0,-10.882258264302363,-3.248079543431202,15.565933253020578,0.03,41.0568060198362,601.0
6901028225175,202601,0,-0.1988880913456157,0.6806762482895807,4.158464690771555,0.07375105481951812,53.98164780870135,131.55876685934487
6901028227285,202601,0,-1.5018034298095273,8.009913232330522,7.212588504112027,0.03,42.96355092634857,2276.3576642335765
6901028227438,202601,0,21.054515307439296,8.58308710336954,-14.226044359784819,0.03,53.291686174824015,319.5907434402332
6901028229074,202601,0,3.203872941888463,11.431922746774623,3.7807906788857126,0.03,58.38517469724249,1563.8023255813955
6901028230186,202601,0,0.3335757916038346,7.901692556063103,6.084185691544245,0.03,53.78232217350979,319.5907434402332
6901028241410,202601,0,-0.5440973313698692,4.137983968118452,4.750357597544188,0.03,54.79244761065753,319.5907434402332
6901028242066,202601,0,1.4405016426353685,2.5835575773180177,1.6123946103075766,0.03,55.37069531383868,319.5907434402332
6901028247375,202601,1,0.5944394367507471,-6.09908329711511,-74.72440804628394,0.04063664226575204,74.22340712280115,30.027355623100306
6901028252959,202601,0,0.3170065901669545,13.957978861246136,-3.2409587163778673,0.06642839808466934,64.57702422247782,1871.4
6901028268950,202601,0,3.852641432968007,7.901692556063103,2.456282968488397,0.03,53.78232217350979,319.5907434402332
6901028268981,202601,0,7.492950728084317,7.901692556063103,-1.2966132120438818,0.03,53.78232217350979,319.5907434402332
6901028271004,202601,0,3.785908533578123,7.901692556063103,2.5250797719831226,0.03,53.78232217350979,319.5907434402332
6901028271547,202601,0,0.5096836999206857,7.901692556063103,5.902631146887698,0.03,53.78232217350979,319.5907434402332
6901028275668,202601,0,-7.640502066784592,7.901692556063103,14.304884514625098,0.03,53.78232217350979,319.5907434402332
6901028300063,202601,0,0.0,6.014413230961327,7.734728642439425,0.03,53.35377237534114,319.5907434402332
6901028301695,202601,0,-16.50389547566003,-2.8698403915940927,18.705343225608413,0.03,64.937293344409,319.5907434402332
6901028314459,202601,0,-6.939032444135208,1.452503750722802,10.566966245755156,0.03,56.69664233155133,319.5907434402332
6901028314985,202601,0,-0.5031413786164478,18.970038524876244,12.85569612794238,0.03,37.81697228400531,319.5907434402332
6901028315432,202601,0,10.728898065464628,13.090846154243405,0.5574625823783652,0.03,24.79250067163421,319.5907434402332
6901028317177,202601,0,2.6741304053816464,13.01630991147108,0.9951364216021528,0.15461093658128106,57.45719577132997,2921.172727272727
6901028324830,202601,0,5.255277733513893,17.66900772671274,0.4440086500463991,0.03,53.79754338915449,319.5907434402332
6901028325257,202601,0,0.62968226977992,7.901692556063103,5.778921281053435,0.03,53.78232217350979,319.5907434402332
6901028331296,202601,0,0.0,-2.6830129046808184,2.368469693993502,0.03,60.29894278413247,319.5907434402332
6901028339957,202601,0,-3.3774929933023685,1.8767656242619293,2.7270013294854762,0.03,53.72289346727898,987.5429936305732
6901028936477,202601,0,-8.156896074709742,11.046932505428085,20.020502660096234,0.03,42.799384686575145,319.5907434402332
6901028936750,202601,0,5.489402050693215,10.57385869055,3.477358514765978,0.03,37.02334305486084,2610.4999999999995
6901028936996,202601,0,0.0,12.340790775735627,11.64216284385158,0.03,38.63544142137352,319.5907434402332
6901028937535,202601,0,9.79049888647092,10.730422896906775,1.1110777260320255,0.03,41.82131910597246,319.5907434402332
6901028937832,202601,0,-0.1260831688271153,12.159584563129277,8.117231613116907,0.04803459354438429,57.6732131580612,2564.885714285714
6901028940504,202601,0,-20.36096857421464,2.9516652612421663,25.043057377195353,0.07049762187567386,45.02329622219418,864.6799431009958
6901028942881,202601,0,0.0,3.7166616728498387,7.6633141045321285,0.03,36.68874657521736,319.5907434402332
6901028942911,202601,0,-4.360311311146269,9.686533827792461,1.7188988257287667,0.20755190586214553,53.46024757483478,17.527272727272727
8888075018616,202601,0,-19.155356898127685,2.5835575773180177,22.752294241627204,0.03,55.42869180710698,319.5907434402332
8888075024037,202601,0,-18.62769083755017,13.994015357565239,31.0002244732698,0.03,37.663562370316605,319.5907434402332
8888075034715,202601,0,0.0,13.398569357957621,10.17007066081537,0.03,40.36390665779796,319.5907434402332
8888075034777,202601,0,-15.443118913222207,9.84622682202981,26.639766369318984,0.03,35.5270157120008,319.5907434402332
8888075056014,202601,0,-15.443118913222214,3.3118242155031523,20.10083770758545,0.03,55.20226834932364,319.5907434402332
8888075074865,202601,0,-15.4431189132222,0.5429794513436117,29.440873143106785,0.543826472302865,52.79595554297497,1240.625
4891132530116,202602,0,0.0,12.578741925596317,10.30768594872871,0.03,39.83981805714251,319.5907434402332
6901028000833,202602,0,0.5159377053059231,10.831122692342474,0.6356439575242854,0.03351424932445414,59.17367191504058,81.99921660791226
6901028001625,202602,0,-1.4552460872709574,-1.1014777925262573,2.4036687309865044,0.03,57.97344706388232,479.4015267175572
6901028005036,202602,0,-1.9304369438915143,4.1386049473806645,0.6750325983513342,0.03,57.25112758623613,309.0938166311301
6901028009744,202602,0,-2.6141287323083446,3.6070754548139465,1.7559656933468633,0.05019033064796846,64.26250640304256,67.31516587677726
6901028009805,202602,0,-3.883206937781523,3.0488851746915473,8.53648182095007,0.03,60.40871520327212,577.0327868852459
6901028010115,202602,0,-2.9468462986877317,8.423522860943043,13.499868204258249,0.07770880684468119,46.685583887597744,1840.1538461538464
6901028011785,202602,0,10.052289132400633,4.162786160904846,-8.784190562686732,0.036856680612775534,61.46725939020321,447.7307692307692
6901028012003,202602,0,-8.520986059785962,0.503135911752074,11.511010082640002,0.03,57.72768323441396,319.5907434402332
6901028018630,202602,0,-6.964262994307035,6.408858724024563,13.165184065369006,0.03,52.08456221523107,319.5907434402332
6901028018722,202602,0,-15.089560065612789,-4.14283957769392,13.77467852703411,0.04560390424087718,79.4658938761591,2108.8
6901028024976,202602,0,-0.4106511146014568,4.079054569917589,-1.9407308749060102,0.2710831871155355,66.59940559301587,95.25432180851062
6901028025645,202602,1,13.158534836799925,17.05125647537687,60.90906229579508,0.238270777972304,57.12040405600067,28.71655221406583
6901028039758,202602,0,-3.4999125307978503,5.780021217775795,12.861214630461879,0.1643264130234561,38.4446487824509,181.9
6901028042635,202602,0,10.985985512235471,-2.246548219713563,-13.782274976547011,0.04083987434008704,64.89141677602571,1196.3037974683543
6901028042963,202602,0,0.0,9.89360212249378,3.632236077348052,0.03,68.49659839365773,319.5907434402332
6901028045919,202602,0,11.436976905086643,-5.19265757064916,-14.158634978626335,0.08223692400041883,73.14506967777257,372.66231884057976
6901028046893,202602,1,11.65879765884403,-5.693553365631173,314.7750555703499,0.03,49.68322357906885,77.53693552597232
6901028058148,202602,0,2.1529914285851746,-2.64468053361665,2.4128832964929803,0.06494870666908639,48.74556734616654,353.5479115479116
6901028059114,202602,0,13.853064548392858,5.074896644265558,-6.51378234695753,0.04109045121418578,60.24386783371385,458.2195121951219
6901028062015,202602,0,-0.0572257569537413,-2.829653679142532,6.873524828734782,0.03,60.951169038518,50.32993890020367
6901028062329,202602,0,3.712410778654189,7.55419456789161,4.835434973972383,0.03,56.19906019268643,705.9634146341464
6901028062350,202602,0,0.4467582119988407,5.449500898076117,5.963114035042583,0.2657726890143073,72.48572111019892,325.2564102564103
6901028063371,202602,1,17.943210174526225,5.459898954708457,60.427875814192326,0.24527857393411612,49.83300150220834,218.99207397622192
6901028065504,202602,0,-12.10228693391447,-0.8965689951062165,12.114526609321642,0.035310209181682504,60.78699307420352,1596.0
6901028071475,202602,0,-10.539232884041644,-3.5495959518684863,25.101891831064428,0.03,37.91065346211894,319.5907434402332
6901028071536,202602,0,1.539163906715892,-4.02549875552458,3.6423278975838165,0.03,53.95650256149349,319.5907434402332
6901028075015,202602,0,-4.333810706657999,5.002146075042519,4.046008682070815,0.06497679395807511,76.10393746992673,66.62903752039152
6901028075022,202602,1,0.4094040511601946,-4.200995758805605,3.230053931808969,0.14826254107937,72.13890046253653,124.93503937007874
6901028075053,202602,0,5.47692891334966,6.4496775906375445,-3.2106510138789153,0.08927440211533141,53.538126048598,343.0779510022272
6901028077910,202602,0,-1.4284263730199598,1.8628712677751555,-9.513476564301609,0.17269375873574352,76.95687375731744,293.5862068965517
6901028079990,202602,0,0.0310088226750195,-15.11502563755012,-6.71121414671634,0.03259108856359778,66.89254923028778,117.619449128724
6901028080224,202602,0,0.0,4.802919390451814,12.645137874936964,0.03,34.08318450282265,319.5907434402332
6901028080521,202602,1,4.22192136654629,-4.758272427346667,15.858756691315612,0.03,54.73292211180066,319.5907434402332
6901028084321,202602,0,-8.639059868551946,-0.5025335372617135,12.885316551450291,0.03,55.74319711562588,29.69038488851016
6901028084772,202602,0,-17.83861056957094,-0.5775599485681326,18.37671532647321,0.03,60.05136821363137,431.24577861163226
6901028084925,202602,0,0.3298130518226969,5.452171857437912,-2.8879712595366662,0.06887967049246731,60.2300720395301,440.1705069124424
6901028092432,202602,1,9.623686462067395,5.6389780803883305,145.8330719151974,0.03,60.82492080546701,382.1692307692308
6901028092838,202602,0,0.0,7.525869979953896,6.216340120965955,0.03,53.72794615707408,319.5907434402332
6901028095891,202602,0,-3.598413215420201,0.6894628416973749,17.024737503013775,0.03,38.04121956401946,319.5907434402332
6901028100274,202602,0,0.0,0.503135911752074,2.7264883715204524,0.03,57.72768323441396,319.5907434402332
6901028102094,202602,0,0.0,7.724831401642478,7.828895637861226,0.03,53.59802531121588,319.5907434402332
6901028104241,202602,0,0.0,-3.5843745714253687,8.820413074131299,0.03,41.90363157511084,319.5907434402332
6901028104302,202602,1,0.3640025782107656,0.9068860822761622,9.683893000276758,0.12017918785251985,60.80870602028472,91.07962529274003
6901028107150,202602,0,0.0,0.5303394069858032,3.985035550175612,0.03,55.37069531383867,319.5907434402332
6901028107297,202602,0,0.0,-2.6495574387221654,8.716239238554992,0.03,53.291686174824015,319.5907434402332
6901028111270,202602,1,19.80902635762661,3.26905483369589,583.7108127041078,0.03,51.62659146819146,30.128446536650973
6901028111546,202602,0,-2.9206642388490422,10.40489541198917,6.121949806973941,0.037594402662385173,64.69019680473991,500.63265306122446
6901028112505,202602,0,10.001651242127124,1.6530282818304851,-1.811475280126042,0.03,59.10072211437419,1219.8620689655172
6901028114455,202602,0,0.0,15.745856369322915,10.293833697776401,0.03,39.92757640061646,319.5907434402332
6901028118187,202602,0,-3.483899049140597,8.67069168682944,9.703829861023666,0.03,55.90093677499072,102.16784914115011
6901028118828,202602,0,2.1636252273794483,3.579151608386308,2.8955479790134255,0.03171122888757765,53.13438319918136,195.0650406504065
6901028119009,202602,0,-3.212157473049693,2.293329191813652,9.524092996188237,0.15882646639897,60.0238873815772,1272.1999999999998
6901028120708,202602,0,-1.198412071328164,-3.447794948248916,-1.2890780815465226,0.1298140041087852,65.89356530427933,252.765243902439
6901028121736,202602,0,0.0,12.280028260507954,6.691082280888388,0.03,53.052236126601805,319.5907434402332
6901028121828,202602,0,-1.396051701020312,4.504776582074116,4.8834310859402805,0.1074361642136234,62.75049391959641,91.54878048780488
6901028123266,202602,0,0.0,-7.065163692502938,8.520381387233964,0.03,42.398943471177205,319.5907434402332
6901028124058,202602,0,0.3242666173763879,-3.8444420543720756,3.300504546042772,0.03,53.91524271755706,147.43821656050957
6901028125970,202602,0,3.022186057321008,2.8984183286598886,-8.426840107400057,0.37941983272426927,65.10569914699713,2317.5365853658536
6901028126007,202602,0,0.0,-9.5859331342471,4.07693117408658,0.03,51.33039968153038,319.5907434402332
6901028133081,202602,0,0.0,-2.2993125464136814,6.499894331205377,0.03,53.69790731535038,319.5907434402332
6901028133333,202602,0,1.2144576202904744,-2.5588896255853957,4.936641774733678,0.3659953930112293,70.27511630776651,1379.1666666666667
6901028136686,202602,0,-6.036800101414457,1.6382834399023252,7.407667431242035,0.07084887545702642,52.816635739404674,217.36063408190225
6901028136891,202602,0,0.0,-7.038877297487041,10.35394113671623,0.03,41.65587858506622,319.5907434402332
6901028138536,202602,0,-9.049123847239514,17.786856421300385,12.929132719546772,0.03,72.38276236042731,1111.873015873016
6901028141147,202602,0,-12.795849512669989,8.066380688918352,15.153109826230459,0.03,59.066849127683966,101.57712269047126
6901028143554,202602,0,5.467338670664667,-1.8060497880327242,-6.616174242173194,0.031064065296397433,53.82356473407275,116.26923076923076
6901028145077,202602,0,-0.3131661025573535,7.4134172664946485,1.6609453340931368,0.16156609284421591,60.77571701586623,186.92392392392392
6901028145473,202602,0,3.483695394276033,6.408858724024563,2.3940929431184212,0.03,52.08456221523107,319.5907434402332
6901028149921,202602,0,1.6668466942034217,12.931173808954291,11.082190505829702,0.10810059334143114,38.72289368565576,319.5907434402332
6901028150378,202602,0,0.0,6.665733760890455,6.087828776629964,0.03,61.04496207756242,319.5907434402332
6901028151634,202602,0,-5.495321414845357,-1.327148623490325,10.936714367245983,0.26848503833150344,53.20267271603758,147.99070385126163
6901028155557,202602,0,0.5083704900643795,-3.2899758988954013,-0.40261178686321664,0.038840923770161025,53.78970627547724,77.49544072948328
6901028159548,202602,0,-6.438403771010712,16.044132389294855,10.448871378382764,0.053954970560324764,53.27198563427753,105.35186846038864
6901028159753,202602,0,-7.1645073288087815,-13.203094024764523,0.9455398927145886,0.09403325143036752,57.35253948827419,124.25157232704404
6901028160285,202602,0,1.6303511401985131,-2.2003562218378874,-3.2440870286620163,0.06102349000957159,53.81364831066537,215.66735112936345
6901028162876,202602,0,-5.2618281310165855,2.1268822429327785,9.864466458739402,0.03,50.41938473887457,109.81502767134948
6901028164177,202602,0,-6.781386992175541,4.935361314663312,18.316377818615585,0.03,45.376188279324325,319.5907434402332
6901028165242,202602,0,4.286196318805494,7.698239867741654,-5.561100819972248,0.03,52.84791353927724,1534.2
6901028172509,202602,0,-1.5842761327251509,-2.481857033396457,6.552228192535663,0.03,59.76852703483557,117.55771670190272
6901028172936,202602,0,0.0,9.289587443206145,10.59767106386297,0.03,48.19419887410264,319.5907434402332
6901028177153,202602,0,0.0,-1.2269096526847996,13.289647451959631,0.03,34.0579133529115,319.5907434402332
6901028177214,202602,0,8.549606735166634,1.0111441166707054,-15.55112021527147,0.08776373141578982,69.30357396224376,391.0857142857143
6901028178105,202602,0,-0.1868959862282864,-3.391559665452546,1.245320546307109,0.03,63.8850202899345,110.7435582822086
6901028178259,202602,0,3.370126372702913,7.894108028217313,5.668179301483022,0.03,38.36289308602748,319.5907434402332
6901028179270,202602,0,0.6128307380223532,-2.505216689727348,2.001369265336023,0.03,57.00276611582844,44.11706324488186
6901028179324,202602,0,0.0780186153329083,-12.979067127788873,-3.1435433088432996,0.20306826654852056,79.24948581279148,137.1245696862398
6901028179348,202602,0,-10.456710444660471,-9.935504061185203,14.211575260297394,0.12760585613785613,68.25310897371214,116.1940961337513
6901028179492,202602,0,14.156850935066586,-3.851761077673375,-12.45787824166761,0.03,55.36598757101181,319.5907434402332
6901028180009,202602,0,1.8232508759677015,-23.19871052992671,-6.14683362222313,0.7716262849336182,87.3891610614754,396.55161691542287
6901028180580,202602,0,4.798163423301659,-3.8093256308927175,-2.9144073645040405,0.03,53.15766837090621,95.45911247010858
6901028180603,202602,1,14.704930974832813,2.4215417873480463,273.93894094561523,0.03,52.62750871376851,59.13892429263319
6901028180634,202602,0,3.1365892380055413,3.213119056378885,5.928313363958644,0.03,43.53069930372592,319.5907434402332
6901028180788,202602,0,-2.458523595948492,2.3916274383843814,7.037822764772859,0.4872306743509771,79.35079456507071,824.8039215686275
6901028180818,202602,0,-1.2888303965477943,-5.833799893553526,-0.05593254145458629,0.03,67.3503939412516,724.4530271398747
6901028181457,202602,1,0.6696873947803113,-11.94284227850549,38.1595223054569,0.0765534583535795,66.07267694188351,50.78852152214597
6901028181815,202602,0,14.340386614756476,9.519383381397281,-12.088807025416195,0.04063919749171719,58.36046187463454,5676.287878787878
6901028182560,202602,1,14.611406726198588,-0.5584449334946557,335.65725530365563,0.06331636866174026,60.73985759710223,91.21763869132292
6901028184250,202602,0,-0.9199908583958276,8.190413669796765,10.144105429192178,0.03,39.58938720496094,319.5907434402332
6901028184304,202602,0,2.283436668362313,-20.07297812762934,-0.5326617902350046,0.34585569301726427,96.5585028162696,464.2271293375394
6901028185912,202602,0,-13.401076794405888,-8.875256722740765,18.512378474874197,0.03,63.01379069078992,46.55974973536973
6901028187343,202602,0,5.852180194091531,-2.1425732862514124,-4.412887251881022,0.03,53.58732526586834,443.9260042283298
6901028188029,202602,0,-4.832529901113887,-10.199236059971808,-4.735138453598081,0.08504455045686463,79.4615432116611,192.83351082712105
6901028188081,202602,0,7.131665402697976,1.479752876780541,-1.2189652611054207,0.043298371145946375,51.56232651362516,92.72355289421158
6901028190602,202602,0,0.0393653355710981,1.3532141282875676,6.404927722130035,0.03,54.01748588763138,56.805707491082046
6901028191142,202602,0,-18.96362197975811,-1.557243084703092,33.55087250323634,0.03,37.51481749825854,319.5907434402332
6901028193504,202602,0,-0.7123423647527787,8.71187640321479,3.4310026803013156,0.04277236304955516,58.63672445767688,1874.0970873786407
6901028204835,202602,0,5.248204978482455,6.348786438725495,2.229296914448009,0.03,50.99547340749572,319.5907434402332
6901028207508,202602,0,-4.348531530748957,2.2716542739605354,5.512702334993127,0.056973198838202566,59.49572879821277,47.59051724137931
6901028211352,202602,0,-5.014510629673808,8.232194143388723,9.959174445657165,0.03,52.73615721795459,74.82724124663332
6901028212229,202602,0,-0.1080675944447193,8.519627736467868,6.142292565797787,0.03,64.56807974566321,415.8823529411765
6901028216166,202602,0,0.139907264365938,2.6607186750066236,3.605357253646249,0.03,53.26961093003963,236.53909465020573
6901028218184,202602,0,-2.923560206788565,0.7738822356545149,5.496202317828944,0.03,52.22775545684851,319.5907434402332
6901028218603,202602,0,-5.666218346041219,-6.5296704385836595,17.707114556985992,0.6827900559180528,73.94172580631673,129.67261185006046
6901028218634,202602,0,-12.523355688113938,4.138835255556436,9.693316361706499,0.06629070558763549,82.51500930618263,178.31463414634146
6901028218757,202602,0,-3.6968948627932434,5.676666714606575,11.553228262414402,0.03,50.689479077165785,319.5907434402332
6901028219174,202602,1,0.9555169724091924,0.18538008004645704,126.65028889150717,0.03,73.57377945790644,104.81230769230768
6901028221351,202602,0,0.0,5.046096478641069,1.2505078973121742,0.03,56.89186256070564,319.5907434402332
6901028221450,202602,0,4.468256982454086,-0.8416578034397018,-3.865497578901489,0.1021701092833144,55.56332145467893,217.69883527454243
6901028224079,202602,0,-15.653283031944454,-2.6584908996792267,13.270847736314657,0.03,62.47147627275896,255.0037807183365
6901028224642,202602,0,-4.236613488294658,-2.756994351055488,6.444887931455493,0.03,54.0712902143681,101.1951219512195
6901028225175,202602,0,0.2241028157847324,3.3827266559760325,3.437985345047777,0.03,54.0106017197221,86.73296573454115
6901028227285,202602,0,-18.114800029612677,-2.9787757278113514,17.97599442985264,0.03,62.67038283307208,318.44148430066605
6901028227438,202602,0,-8.90913855135274,-0.2796593519435984,21.572252175273412,0.03,32.23717086738472,319.5907434402332
6901028229074,202602,0,-8.217096301531498,11.001914321324316,15.367070513414877,0.17198499643520299,56.66994657131885,104.32163187855788
6901028241410,202602,0,-0.962538892981584,-14.134707828180344,-7.669903259613357,0.03,65.10628078200038,63.40605686032138
6901028242066,202602,0,5.651673367932226,-10.093707472872582,-7.823328208418761,0.04268442496472549,58.018389575211394,1822.9081632653065
6901028247375,202602,0,-3.828582017418867,0.05909037853952107,5.026548067615145,0.08662096134895628,59.98261593451251,191.45794392523365
6901028252959,202602,0,0.3708535963451425,12.965111181892977,2.466859668876567,0.10569653508468703,64.97428183075225,706.4426229508198
6901028268950,202602,0,-14.336283777573511,25.0,20.76614823100087,0.03,55.5176409389854,755.0
6901028271004,202602,0,3.9935599276150313,3.4030855521944376,-1.4000017119376755,0.09266227289524623,52.28290676145184,319.5907434402332
6901028271547,202602,0,0.2172352358865339,-2.884473146660279,-7.740820575247228,0.46480922028348814,72.18274843100917,369.6612903225807
6901028301695,202602,0,10.349678836365529,-3.2726134663688855,-12.189455529064885,0.15817201067989592,90.12775124457288,3702.0
6901028314459,202602,0,0.0,-10.075988338426292,2.0032272299008085,0.03,62.30972775797389,319.5907434402332
6901028314985,202602,0,0.5212765341175967,7.956721756557801,7.636425806922874,0.1553084323957282,52.82580936985426,20.265120132560067
6901028315432,202602,0,-16.890333760573284,0.987612656792546,28.35490075199266,0.03,35.91603880246734,319.5907434402332
6901028317177,202602,0,-4.223393176072911,7.381087790590415,9.159162904105681,0.21571773135646355,56.64440654145593,331.6904296875
6901028324830,202602,0,-0.3010993204819669,0.6648916659427533,0.4246359004422662,0.03,53.92337897748637,660.6822742474917
6901028339957,202602,0,1.527776205878851,3.8716478260835596,-4.317639388472391,0.05607354336132475,67.7452261723913,484.406552094522
6901028936750,202602,0,-12.9869066168905,-1.6598836295249624,12.667777999249648,0.03,53.94588691701667,70.65681818181818
6901028936996,202602,0,0.0,-1.4141615623072237,6.694853830709735,0.03,53.53164802998727,319.5907434402332
6901028937535,202602,0,0.0,-6.253939561119209,8.796384564351197,0.03,43.167437525009824,319.5907434402332
6901028937832,202602,0,-0.0230566002130032,8.690415880298904,7.030663374819807,0.03,59.67765058999801,151.95838751625487
6901028940504,202602,1,13.34155064945118,10.656668814840963,269.1942462367098,0.037680302081934305,53.26580565168095,71.13487738419619
6901028942881,202602,0,0.0,12.010668371781543,10.311062204989152,0.03,39.92757640061647,319.5907434402332
6901028942911,202602,0,0.0,9.065723222588545,0.44664650660546057,0.03,58.896995514627534,319.5907434402332
8888075034715,202602,0,-20.949381386658736,4.681038825322697,26.117241049960366,0.03,55.26011326641172,319.5907434402332
8888075056014,202602,0,15.443118913222214,4.329226370948025,-11.410252331474997,0.03,55.20226834932364,319.5907434402332
4891132530116,202603,0,0.0,16.657012200638945,9.991522375107992,0.03,39.83981805714251,319.5907434402332
6901028000833,202603,0,0.940178796434374,6.340514989737683,6.856008489662251,0.11122551837683074,52.78750267997948,88.01638085487586
6901028001625,202603,0,3.2850903099974644,20.488185246884306,6.919206577866431,0.03,49.34071276804172,319.5907434402332
6901028005036,202603,0,-3.3557500180900064,-1.0699136451884639,4.735276432768826,0.03,58.27118538259509,954.6358695652174
6901028009744,202603,0,3.244325370874691,-0.18619678515422616,0.9816954110589641,0.3039647302135779,62.42173711177927,37.99652173913044
6901028009805,202603,0,-4.529223948878027,-13.709522868635288,9.999203623868546,0.07270397708707067,63.38940307753098,296.2772277227723
6901028010115,202603,1,0.5840488499617251,16.988487605608487,2.502585429344606,0.8875546781031525,48.01193209169692,5952.909090909091
6901028010771,202603,0,0.23937793462472,11.799444551082866,8.230902898059881,0.10228941673143549,57.83825865179125,2693.1
6901028011785,202603,0,-2.2418858131844037,5.540074400261102,10.991207707152228,0.03,49.75401077323399,319.5907434402332
6901028012003,202603,0,10.796281135717678,3.885080309456398,-16.753467511877382,0.04537630558324753,57.49052667840249,239.08461538461532
6901028018630,202603,0,-3.4760739577291986,6.609385544236912,10.17118865434161,0.16576766398504908,62.33495830814572,4170.0
6901028024976,202603,0,1.3992047107655452,7.615151664363358,5.060790677559553,0.17302242980771015,52.30313257865993,731.640522875817
6901028025645,202603,0,-11.308368296437926,9.449663432394113,21.97280879769629,0.03,39.70174065408458,319.5907434402332
6901028039758,202603,0,2.419257812816632,9.387706941017978,7.694142546842766,0.03,52.75464687193882,319.5907434402332
6901028042635,202603,0,-13.240127333690944,0.6408190276914164,10.221999515198267,0.07107703017486464,63.34282826522941,1427.5819672131147
6901028042758,202603,0,0.0,2.9312965882393094,2.8962403172552422,0.03,55.37069531383868,319.5907434402332
6901028042963,202603,0,12.718623165403116,6.67693295156744,-5.985018070439625,0.03,53.65877777152609,319.5907434402332
6901028045919,202603,0,-1.2574578625575583,23.188020838735927,7.045589753980155,0.03,58.35329632348984,781.7803278688525
6901028046893,202603,0,0.1735072882498087,5.783406497866452,13.025555709070456,0.03,37.91065346211894,319.5907434402332
6901028051989,202603,0,3.969221188277494,-1.4484799883127382,-1.465723993446427,0.03,63.66174694033296,319.5907434402332
6901028057080,202603,0,0.1264572325904183,5.690750159064908,2.060777472102023,0.03954432382294943,54.018588634418606,112.80323450134772
6901028058148,202603,0,-1.310626572613458,6.497899028322642,7.480248679326039,0.06335208448711097,43.43152533352821,2324.1304347826085
6901028059114,202603,0,-7.144522837577448,14.908161949122436,18.363662319631658,0.03,45.7109571492621,319.5907434402332
6901028062015,202603,0,-0.0429529454627655,8.76147144603277,3.5215171193627355,0.33136411553471673,60.8227004434183,173.6548463356974
6901028062329,202603,0,-0.0198823711856022,6.198672561920721,11.663259341458646,0.05613585858964738,51.42882007276985,924.7894736842106
6901028062350,202603,0,6.705311627054741,-11.240669226834719,-6.354277537987508,0.10512511371328884,63.63078180354948,132.925
6901028063371,202603,0,3.5461190194720373,2.5374165884791213,8.96330929755831,0.03,31.802356980825756,319.5907434402332
6901028065504,202603,0,0.2129627471992492,5.416317845337548,-3.713632052006772,0.06785459943568949,58.347750172939705,3368.5
6901028071536,202603,0,2.3941782951688357,13.402328094732164,-1.5115110437185408,0.1966131803279777,50.093018726177874,85.10810810810811
6901028075015,202603,0,3.699853151628844,-6.265575873046164,-7.473647734049171,0.09857829929124519,69.86028398477778,128.59882005899706
6901028075022,202603,0,0.8076134305412239,5.192967666735394,-11.826332832097357,0.7023856115153735,71.28689246423012,108.98636926889714
6901028075053,202603,0,-0.9303086006861534,15.987463660974177,11.386445981147276,0.034104661020540473,44.94719464993919,160.33507306889354
6901028077910,202603,0,2.123508318295194,12.291705967146937,-9.093755015931908,0.2120968051499876,73.6304652293933,797.2666666666667
6901028079990,202603,0,0.0056354077623836,5.882777072105803,-6.752883098244387,0.43233493472983764,67.15270280684942,36.96569920844327
6901028080224,202603,0,0.0,10.343108064158347,11.030962092856019,0.03,52.81243651465246,319.5907434402332
6901028080521,202603,0,8.195012882447742,13.219418070052187,1.7938854026538351,0.03,29.93734254958988,319.5907434402332
6901028084321,202603,0,3.883350448057677,15.113403044477286,-2.0446014144751548,0.09890568278656163,54.35672218880758,727.6450511945393
6901028084772,202603,0,4.194262587098201,9.281104945023612,-8.323447811307144,0.03496718798634519,59.93542109301217,726.5760869565216
6901028084925,202603,0,-1.9640988019828711,12.06273860746303,5.489764161439631,0.045236653643369804,60.16792117157985,335.66211604095565
6901028095891,202603,0,3.598413215420201,8.571415563580578,8.823008223819432,0.03,38.04121956401946,319.5907434402332
6901028098335,202603,0,3.79173450187983,-4.244693341588261,-3.932287025901049,0.1268754664010686,53.08006188708946,135.3754266211604
6901028102094,202603,0,0.0,6.406515888801975,6.610540733151687,0.03,53.59802531121588,319.5907434402332
6901028104241,202603,0,0.0,9.971002887414096,10.16557084754097,0.03,53.291686174824015,319.5907434402332
6901028104302,202603,0,-4.333538151244937,8.21437138850544,12.27856223500341,0.05096886762076594,59.65321551685441,656.9374999999999
6901028111270,202603,0,-7.68981298239121,12.350246049471552,18.04343630397246,0.03,35.1030481982041,319.5907434402332
6901028114455,202603,0,0.0,2.9312965882393094,2.8962403172552422,0.03,55.37069531383867,319.5907434402332
6901028118187,202603,0,-0.3984772155317557,13.442905268237086,8.958143339362374,0.03,49.41595249451769,80.44458571731299
6901028118828,202603,0,-6.297029367334496,14.259060464275318,12.706344247346813,0.03,53.62866420285215,351.9598214285714
6901028119009,202603,0,1.5933917087750586,10.751359976356216,2.8922003338597344,0.08098762423909928,61.50244239709393,1710.0909090909092
6901028120708,202603,0,-2.260065012251971,10.141982571845935,3.061158174449775,0.05325320303064921,62.521034228134056,138.85603112840465
6901028121736,202603,0,0.0,7.270459728496743,7.156305374472278,0.03,53.69790731535038,319.5907434402332
6901028121828,202603,0,-0.6470339819683204,-0.04750724848384754,-0.8559298113382012,0.14877840847978885,57.276688585472144,68.97422680412372
6901028123266,202603,0,0.0,7.340895361273094,6.427760105981387,0.03,53.39939632572116,319.5907434402332
6901028124058,202603,0,-0.3498217155939542,15.363044572733005,7.604666786835438,0.14477273325796577,50.31925179449828,235.15860215053763
6901028125970,202603,0,-1.50479450746262,0.04589722552874574,-4.693048937351845,0.4865684484224398,71.66782614096266,3155.692307692308
6901028126007,202603,0,0.0,9.378650362263333,10.02261794331919,0.03,52.957936411480745,319.5907434402332
6901028133081,202603,0,0.0,7.270459728496743,7.156305374472278,0.03,53.69790731535038,319.5907434402332
6901028133333,202603,1,-14.650519304883929,3.4364550113292047,-42.75426031475641,0.3274149143067643,71.8836644733879,49.32231404958678
6901028136686,202603,0,-11.088641632940371,11.973586972080431,21.252890817069407,0.10412083707328093,52.69099758561108,95.73810444874276
6901028136891,202603,0,0.0,8.144206786950528,6.628111637489809,0.03,53.484338477241664,319.5907434402332
6901028138536,202603,0,-2.842843640076495,13.0202444300831,9.333780769993567,0.07203781420997296,70.44442474454942,2812.307692307693
6901028141147,202603,0,4.580459686522843,12.0141156442852,-4.6071953651348165,0.042257869070179394,57.62053281891908,553.7197943444729
6901028143554,202603,0,-4.292324291881883,6.8584228917301955,1.9335352910273405,0.03,56.36475581405527,641.8391959798995
6901028145077,202603,0,0.1314982139473031,12.560049314707669,2.2581406186957755,0.03,60.07921012986797,693.066371681416
6901028145473,202603,0,-6.9620757975510585,5.325815957095833,18.489817256130934,0.03,48.3455252125132,319.5907434402332
6901028149921,202603,0,7.8734258847389,-6.6275906595069465,1.11653113967893,0.03,48.204233210518886,319.5907434402332
6901028151634,202603,0,1.1747973260332143,8.308756164101693,-0.0929367048246954,0.09822471825847424,53.41731010671771,44.95492487479133
6901028155557,202603,0,-0.1723256614311026,7.892618007595185,6.763681654101245,0.03,53.31206029460203,319.5907434402332
6901028159548,202603,0,-9.743757040673875,7.997404894299477,19.53167051496858,0.03,52.71792837688063,67.08837803320561
6901028159753,202603,0,-8.117095265135127,-6.231258430438034,12.682284327609823,0.03,56.17570743146919,319.5907434402332
6901028160285,202603,0,-7.20287278687919,2.7861919543238853,6.104803574294673,0.03,65.17328823957409,307.2940320232896
6901028162876,202603,0,-4.323210061245682,7.572302421792231,10.69538228707493,0.031466801410767874,59.20168365912646,108.88469928326582
6901028164177,202603,0,4.868727990411493,11.566801452159934,6.990906405857741,0.03,39.2819766031943,319.5907434402332
6901028165242,202603,0,6.9609248403845925,9.47292148812061,3.4075478152909042,0.03,38.60746160753455,270.2301136363636
6901028169967,202603,0,19.09794476106876,-3.6220408643625848,-18.136678996645447,0.03,73.03402866818125,319.5907434402332
6901028172509,202603,0,-0.5841634557498878,17.279347214428388,7.2741400441223485,0.18298298852673486,50.862612781161054,336.1631205673759
6901028177153,202603,0,0.0,7.892618007595185,6.588278580821354,0.03,53.35377237534114,319.5907434402332
6901028177214,202603,0,-3.534462748934118,2.9312965882393094,6.540016347084229,0.03,55.37069531383868,319.5907434402332
6901028178105,202603,0,0.683423210509666,-5.895949836651119,2.495654575783211,0.049445416922178305,63.619398201785685,683.5102040816325
6901028178259,202603,0,15.4431189132222,4.4411499319068515,-6.94508601733677,0.03,37.51155873816244,319.5907434402332
6901028178648,202603,1,12.17963153091626,-10.259782271882754,112.17055824862958,0.13152956772492852,78.82995461587183,1233.342105263158
6901028179270,202603,0,12.971030107706746,14.807053172908358,-4.554862341297651,0.03,57.10306091177021,38.14712613896446
6901028179324,202603,0,-2.1864420200002144,-10.61646910809308,-2.805682245956378,0.03249913711272627,77.1892212221929,135.04563777713793
6901028179348,202603,0,2.3865472664891243,-1.0770722040078293,-1.0968085407218435,0.04679602802939389,67.24566456572762,240.9060052219321
6901028179492,202603,0,-14.156850935066586,2.6795169950201014,17.512328530309976,0.03,55.37069531383868,319.5907434402332
6901028180009,202603,0,-0.9283037730303648,-3.3699059580409894,-2.8750517169775702,0.2215010228317867,83.74119989125266,171.19237749546278
6901028180580,202603,0,-0.702421637617249,9.183610549018729,12.126096467167681,0.03,46.81286335954991,171.73003667337042
6901028180603,202603,0,0.0947054655880066,5.531626904647244,12.437248126223968,0.03,37.91977187568196,319.5907434402332
6901028180634,202603,0,-4.666199320518629,0.30331914100904345,11.251478107713803,0.03,49.372801910839534,319.5907434402332
6901028180788,202603,0,-4.344499138923069,-4.3001625855852055,-2.314010567335936,0.16780032570083736,76.65539641643339,281.1428571428571
6901028180818,202603,0,6.23035612008961,9.228710071980455,-5.201563326821708,0.03,53.0723648713902,1073.5521472392638
6901028181457,202603,0,0.5674918251302756,-0.207719139569406,-4.078104191906339,0.539652205821066,64.77930903576467,366.6802594995367
6901028181815,202603,0,-0.161879438459735,4.042181877562824,3.5153593799194427,0.2476153727362469,52.86216152545565,348.2205700123916
6901028182560,202603,0,0.1706518556940039,15.391966151017323,11.963231710843852,0.06107772320918048,38.72289368565576,319.5907434402332
6901028184250,202603,0,-2.1971116173699485,7.768976364818614,4.593212343069816,0.03,55.1386660690959,319.5907434402332
6901028184304,202603,0,-1.7414048338957857,-14.584989887832293,-2.374263770495811,0.03451701095689116,94.16566531522068,445.4226804123712
6901028185912,202603,0,-0.3003323418382067,10.1701278719092,4.27310453205829,0.03,67.98739761192678,108.2716205181501
6901028187343,202603,0,-4.344574032062525,-9.430201531104808,14.67493520083573,0.0317355138551344,47.78200666290319,83.83629191321499
6901028187855,202603,0,17.690145162996757,-3.384374748289808,-26.84739677041582,0.1165270204254768,78.91593771146026,304.4715447154472
6901028188029,202603,0,-1.9887979369086963,-17.465352163618874,-3.8706210120097913,0.0731325300919426,75.98479007175787,235.427807486631
6901028188081,202603,0,0.1399617023396402,19.152983611535024,9.418434939650055,0.03190727891733596,46.08877062917074,123.9154970760234
6901028190602,202603,0,3.645996074275935,14.678350846848428,6.280333331123688,0.07550236117916485,50.31807503768992,69.41006202618884
6901028191142,202603,0,15.422147272708663,9.378650362263333,-5.876502956380463,0.03,52.957936411480745,319.5907434402332
6901028193504,202603,0,-1.3019182862359813,11.51247192789939,3.3713106971453524,0.03,60.06990740155327,480.361581920904
6901028196024,202603,0,3.061480048427555,-1.0589872292894769,-0.10725990881970571,0.03,64.937293344409,319.5907434402332
6901028204835,202603,0,5.123370405200767,10.070657163368171,7.671236915151851,0.03,41.4262180479067,319.5907434402332
6901028207508,202603,1,0.9570995685416932,8.788564833513462,-3.086764338846881,0.19972470493910463,58.4544674207302,46.161716171617165
6901028211352,202603,0,0.4114349115541387,9.437703719432497,4.475883638231098,0.07144954328528984,52.33817326306184,294.7879234167894
6901028212229,202603,0,-0.0556222976964733,1.5616225333451201,-0.24878144981052275,0.06692058651601751,69.68338132985119,264.6046511627908
6901028216166,202603,0,-0.3303526603066444,2.0455797578784405,0.4713098288952773,0.03,53.21390564367354,523.6844262295082
6901028218153,202603,0,-0.5524682987041274,12.789706898162587,9.420525670420687,0.03,39.92757640061646,319.5907434402332
6901028218184,202603,0,2.029416054075384,7.711632246234156,2.83419491275616,0.03,57.51865284850361,319.5907434402332
6901028218603,202603,0,0.3975095722359612,3.4035357752599085,-9.658147554762106,0.43534164956850385,75.53211067621646,290.57887323943663
6901028218634,202603,1,6.445402913309778,4.819198940335308,185.81913241953706,0.055386000508520696,88.75742538837603,395.6015325670498
6901028218757,202603,0,3.938389972998195,6.43594244923838,0.9986550807360635,0.03,59.71753564661813,124.3166189111748
6901028218900,202603,0,-5.496297496679517,-3.3553370736851287,3.0995935965621344,0.1810283613298916,81.21831917461695,200.2
6901028219174,202603,0,-0.1963453132130723,-1.6505922424660733,5.2779274083132925,0.1955389808880574,61.41128010324864,390.4481099656357
6901028221351,202603,0,0.0,2.9312965882393094,2.820339870232031,0.03,55.37069531383868,319.5907434402332
6901028221450,202603,0,0.6205794361345056,12.642071568908646,9.10117703806418,0.03,50.52566837408816,701.6908396946565
6901028224079,202603,0,3.6833889334640375,-7.122733091464221,-9.68006670027452,0.14889987814465577,61.39513024894279,361.9920212765958
6901028224642,202603,0,4.731395806465166,7.517744206443023,3.8900623760756172,0.03,43.18903195006573,320.7968503937008
6901028225175,202603,0,-0.1911690674129218,5.144125699661737,-1.039369541672447,0.13173912367946494,53.81171362837649,300.14843749999994
6901028227285,202603,0,2.22833938154664,10.085773009927319,-6.157183866867465,0.03,61.16857940326256,1157.9555555555555
6901028227438,202603,0,-0.1957316580195183,9.971002887414096,10.367356061994082,0.03,53.291686174824015,319.5907434402332
6901028229074,202603,0,-1.422363664891094,15.776215429344402,7.617879222710623,0.041385432559357734,59.87381951320732,319.2439024390244
6901028230186,202603,0,0.3504623967169351,7.653498087236739,7.737080158836318,0.04643385147511874,59.36186382537723,967.3157894736844
6901028241410,202603,0,-1.469566203202568,7.876207428436423,-2.905627665691513,0.08936349260573659,64.56218345063051,3948.25
6901028242066,202603,0,-5.083394941680979,-10.420891087575358,3.9549317448655255,0.04825418429921935,59.45889121784676,132.61417322834646
6901028247375,202603,0,-3.1327566436288663,15.284490484272581,5.471503785873074,0.0766230998115246,60.577055371263256,158.46280991735537
6901028252959,202603,0,0.1683953906678681,-1.0909036053047454,-0.9158298349953413,0.30807722377412655,65.2912884209192,1059.4814814814815
6901028268981,202603,0,-6.482759967324206,8.460904806178903,8.506090130968012,0.11766219401860117,54.88356826167391,518.6842105263158
6901028271004,202603,0,-8.425513002721743,5.714671975255752,14.934316730920758,0.056602290081557705,56.06881529502997,844.7499999999999
6901028275668,202603,0,1.5965426356478076,-0.7441246109475764,-4.940574107370685,0.052866282091545355,62.5662765358536,892.5806451612904
6901028312356,202603,0,0.2560259258630992,-2.1995334582768575,1.9580568427077671,0.03667758784827945,83.65867291348799,130.48780487804876
6901028314459,202603,0,0.0,2.9312965882393094,2.8962403172552422,0.03,55.37069531383868,319.5907434402332
6901028314985,202603,0,-15.0269722413501,5.536885945885409,22.964496012343393,0.0906751471599738,52.322667991237815,31.56155075939249
6901028317177,202603,0,-0.6464709045773986,15.006427067130126,6.684218107253667,0.03,59.318536946837575,847.4464060529633
6901028324830,202603,0,-1.6104098205258524,-1.3941415484213537,-2.8454642474638634,0.03,59.178656711000265,2387.894736842105
6901028325257,202603,0,-1.5061883083851484,-5.897590853618863,7.295487833488684,0.2548764566198915,71.56728375313229,1356.4347826086955
6901028339957,202603,0,-11.613077260255425,5.852745398831802,10.630751474443988,0.03,64.36773317908893,1046.5378787878788
6901028920858,202603,0,0.0,7.54357935584238,3.0057725100499444,0.03,55.24314067343107,319.5907434402332
6901028936477,202603,0,0.0,11.127702581847366,4.321419735207378,0.03,61.359162501619146,319.5907434402332
6901028936750,202603,0,-1.348683990128535,3.206666989053639,1.5476923239847538,0.07097213986317936,59.43528896770989,511.65116279069775
6901028936996,202603,0,0.0,6.406515888801975,6.610540733151687,0.03,53.53164802998727,319.5907434402332
6901028937535,202603,0,0.0,9.378650362263333,10.02261794331919,0.03,52.957936411480745,319.5907434402332
6901028937832,202603,0,-0.533831700476938,10.125722604661672,3.834593013779511,0.03228206626697273,59.551567421170894,198.48076923076923
6901028940504,202603,0,4.234948347393285,6.622443890418944,8.445715271066208,0.03,32.90483707746631,319.5907434402332
6901028942881,202603,0,15.443118913222207,12.394002235621086,-5.930829128396256,0.03,39.92757640061647,319.5907434402332
4891132530116,202604,0,0.0,14.594860169721708,9.621093643071253,0.03,39.83981805714251,319.5907434402332
6901028000833,202604,1,-18.87501968160747,9.361211140678849,-150.6718030470797,0.1781289328763661,53.303440385285406,115.68480451430877
6901028001625,202604,0,5.143208930394714,16.13784810255677,1.7062520065114368,0.05631076397932594,47.88546668077076,283.0373831775701
6901028005036,202604,0,2.991108771456318,-0.3859906355089608,-3.7657034137779855,0.03,56.34074843870358,604.107476635514
6901028009744,202604,1,-0.0132208866169918,4.687507531352748,-12.478429503480033,0.34263664271092154,59.80760837947092,73.50248756218905
6901028009805,202604,0,-1.5330070952908486,-11.404191325326584,8.508715058213156,0.07989379157172435,59.506196139749456,322.10176991150445
6901028010115,202604,0,1.7919575758757702,14.54477664118982,9.535961589614601,0.037578682885908606,45.06508579300919,2058.16
6901028010771,202604,0,-3.28360320842026,3.248049517746838,9.795240015677868,0.03,59.39685115879799,927.6857142857142
6901028011785,202604,0,4.082937189983049,-3.524388674382819,-0.23547765909850016,0.045390838776899915,59.80629990563462,1043.3125
6901028012003,202604,0,-0.7833198558997481,-2.3001739997759243,4.320604448034217,0.45812292809566874,48.96954061861653,121.24722222222223
6901028018722,202604,0,15.938913278601888,-0.08667760861260197,-21.415972293181554,0.07300428231307794,72.00724250947165,1402.7333333333331
6901028024976,202604,0,-0.3409077622039334,1.664050602536252,-1.4648212275656514,0.27981823840146514,51.89248146405847,1523.770491803279
6901028025645,202604,0,0.0117250569255489,-13.325501176191315,6.696191639140595,0.03,52.8602754908845,319.5907434402332
6901028039758,202604,0,5.173049579161123,6.428364253253733,-4.541315127180488,0.10524859086069213,49.254734341140974,201.3816425120773
6901028042635,202604,0,2.40149511117977,16.359966244163715,-5.899923067022183,0.03,74.32881377746489,717.7982062780269
6901028045919,202604,0,-1.5869484234779063,-1.0060824429118602,6.724316728543631,0.03758256951362815,69.79027322857648,613.2291021671826
6901028046893,202604,0,-1.71660883380747,13.532109959062085,12.14519591980445,0.07208715987728827,49.56945112096297,225.33291298865063
6901028051989,202604,0,13.179110092233174,6.28198361894375,-11.15211534292269,0.03,62.5843798722365,319.5907434402332
6901028057080,202604,0,-0.3155843161410203,4.213660647443712,0.1610262063410679,0.03,53.72343309949592,406.31060606060606
6901028058148,202604,1,-4.581214997984581,-3.9332911794657024,-232.48252361732352,0.03,45.58451676211339,284.7662835249042
6901028059114,202604,0,8.555725954112688,4.796848718153585,1.6421575378445725,0.03,59.56402169765496,493.5952380952381
6901028062015,202604,0,0.1539489090619454,7.241750635721645,1.6141121284902875,0.5030828501264685,60.76547468646456,302.9391891891892
6901028062329,202604,0,-2.96936343106627,2.0645017259257425,6.305129838209111,0.3940668805180326,55.14123085142404,301.1546391752577
6901028062350,202604,0,2.4435849289691163,-0.5420306681417169,-4.517440097612752,0.18682540420056865,64.07754001554832,40.732283464566926
6901028063371,202604,0,-0.9443448277280736,7.184012479863799,9.743631814818386,0.0982410176019868,49.74556715535198,318.3636363636364
6901028065504,202604,0,11.219856179462704,6.301400028605747,-10.588473480414908,0.03163164568985973,46.245463239025234,1287.3055555555557
6901028071475,202604,1,4.963426820483903,15.875990737054963,-241.79228070093177,0.03,45.3789573384961,3430.625
6901028071536,202604,0,-0.0134065039101187,19.339744538567906,-0.9004853380951712,0.10913609349448489,51.632182632893766,2936.0
6901028075015,202604,0,2.02219520201227,-11.801949453661493,-10.998574984249842,0.5147988323603604,65.52647327811978,414.9370629370629
6901028075022,202604,0,0.1317690499067083,8.463326920723878,-0.224621473425743,0.28290405310563943,71.69629651539032,584.6850393700787
6901028075053,202604,0,1.12410261296354,7.516762453534158,5.178895130394328,0.13506673374681893,50.424123563288845,256.88235294117646
6901028077910,202604,0,-1.2196964133062664,0.5975705789471049,-1.767964716648478,0.25819637299311443,72.20203885637333,3017.666666666667
6901028079990,202604,0,-4.140189427722532,-3.6421440031866403,4.908829705909071,0.26145288774545994,67.18371162952444,67.31279620853081
6901028080224,202604,0,0.0,10.364694598280542,7.9543005496989965,0.03,52.81243651465246,319.5907434402332
6901028084321,202604,0,7.677522301019046,2.0417034008033137,1.2413278016267224,0.0530209019644662,45.717662320255634,109.30252100840336
6901028084772,202604,0,7.956323591853604,1.359202284693208,-5.687665173209505,0.03,42.09681052344123,2709.704225352113
6901028084925,202604,1,0.2889274368854941,-13.380394498141799,-55.82343502142454,0.05257843411566463,60.49773422340255,337.02857142857147
6901028092432,202604,1,0.2573259199337059,16.297428741996843,-261.3088876119368,0.04370286013031452,38.83854322629199,319.5907434402332
6901028095891,202604,0,-4.478020051390359,6.917152848119137,16.94213060226752,0.03,34.442806348599255,319.5907434402332
6901028098335,202604,0,-6.776489573271363,-8.788856903936646,10.583091512942623,0.03,53.54369731077628,526.3731343283582
6901028102094,202604,0,0.0,5.273778273630621,8.079930384789245,0.03,53.59802531121588,319.5907434402332
6901028104241,202604,0,0.0,7.317072544700914,7.712230491362639,0.03,53.291686174824015,319.5907434402332
6901028104302,202604,0,0.7659155971018521,1.9259587055744223,0.9613878387355062,0.11166268491831377,60.017218095065175,186.1891891891892
6901028107150,202604,0,0.0,5.236530096351205,3.12012742419268,0.03,55.37069531383867,319.5907434402332
6901028107297,202604,0,0.0,7.317072544700914,7.712230491362639,0.03,53.291686174824015,319.5907434402332
6901028111270,202604,0,0.2064904492306283,2.15859273223826,-0.2796659649085709,0.04574028643642247,54.91207455583071,260.82893226176805
6901028111546,202604,0,0.1748783033448617,7.059928630348329,-2.0734469187867823,0.38652530422144815,65.00067903574119,1166.642857142857
6901028112505,202604,0,-0.9438566089515632,-6.370736245557415,3.91649629132809,0.04648442236378059,64.98028007978316,852.7
6901028114455,202604,0,0.0,5.236530096351205,3.12012742419268,0.03,55.37069531383867,319.5907434402332
6901028118187,202604,0,-0.1094198195396742,6.677512852123691,9.507236753692155,0.03,45.93205344537709,174.0119850187266
6901028118828,202604,0,4.436962879744534,8.114768072431215,0.5360577739894525,0.03256064937714897,55.7922894302316,1430.303571428571
6901028119009,202604,0,-1.3768954169708394,-9.111298391319854,2.5470950719578074,0.3779137596857039,58.29028492404424,2448.1666666666665
6901028120708,202604,0,-1.770490499252901,7.976414480054927,7.980048917262199,0.12231584286230815,61.32262215680589,662.359375
6901028121828,202604,0,-3.1444550813017003,-5.018879530881547,9.166808954123562,0.10663313670072162,55.88063688445183,1034.388888888889
6901028123266,202604,0,0.0,6.046504646784984,7.7199380306188665,0.03,53.39939632572116,319.5907434402332
6901028124058,202604,0,-2.224201895562828,13.068446092142823,9.390257040764027,0.08849323103424116,50.643518411874666,169.12010443864227
6901028125970,202604,0,-4.229930898018992,-4.489679215420402,-1.538492174518547,0.07350079559791321,74.69001219828367,680.5974025974026
6901028126007,202604,0,5.327924710384068,8.107969316872495,2.3114999852349936,0.03,52.957936411480745,319.5907434402332
6901028133333,202604,1,-0.1152466345766711,-7.47540099628346,1.9037503125145832,0.8480841162059395,73.09812209367837,12.560693641618498
6901028136891,202604,0,0.0,6.046504646784984,7.964924062119743,0.03,53.484338477241664,319.5907434402332
6901028138536,202604,0,13.692788777852286,8.971429534171282,-5.653045762670519,0.05900509554291888,61.39530089730991,1443.571428571429
6901028141147,202604,0,0.2957493281795038,12.54887678723207,5.442667907186119,0.23014707527565897,44.82468330624909,315.6127527216174
6901028143448,202604,0,-0.1285264682285216,12.891567146405341,7.516077281172923,0.03,52.55976897893037,319.5907434402332
6901028143554,202604,0,0.4545606736638845,-5.10066320637443,-1.6763760298541763,0.03,61.83209448471993,707.6160714285714
6901028145077,202604,0,0.0615932824767924,5.837407456264144,4.735657405724501,0.09741425276004367,59.76604402731061,1529.8125
6901028149921,202604,0,-9.402917492231666,4.714705478044537,17.580803664763717,0.093458423423122,49.87107990472231,14.26214526214526
6901028150378,202604,0,0.0,5.367178052516781,7.874169902829944,0.03,53.31206029460203,319.5907434402332
6901028151634,202604,0,-0.5650581176115992,17.93575750890272,4.571234632009905,0.23842553321248278,47.92198869187235,226.57438016528928
6901028155557,202604,0,0.3384655656637889,-5.193707348734209,-4.043153783168297,0.07468489763577621,53.82043078466641,207.37345679012344
6901028159548,202604,1,1.3405930282274383,2.5588178119131175,-197.95298292743394,0.03,46.27952460586992,109.10912981455066
6901028159753,202604,0,13.24979207049995,-21.8500683663872,-14.0222204768877,0.07135997886315419,49.01120010266041,370.7117117117117
6901028160285,202604,0,7.806825048183263,5.9037472102387305,-12.019814823250183,0.03,66.8036393797726,286.3738680465718
6901028162876,202604,0,4.821954005964884,3.240330990243904,2.9988520078456347,0.12636634562997018,53.939855528109874,137.40611053896328
6901028164177,202604,0,20.109289048520964,6.9197513797937455,-10.717389220599712,0.03,32.50058961101876,319.5907434402332
6901028165242,202604,0,4.948072550402053,12.931308003925567,-0.484520753347665,0.05267039742843384,42.89365792634005,197.0204678362573
6901028165860,202604,0,6.85660030383832,-14.262602980688644,-16.04142029722773,0.39438749969319614,73.64487091082633,1543.5
6901028169967,202604,0,4.773486992006411,-0.4114734091091555,-1.1736885468038052,0.03,58.34517544062904,319.5907434402332
6901028172509,202604,0,-0.0165191950466905,10.942479836948431,12.947467934425719,0.05282799105449856,49.278336648435904,1096.5069444444446
6901028172936,202604,0,0.0,7.137103831944995,8.123928526672051,0.03,53.69790731535038,319.5907434402332
6901028177153,202604,0,0.0,5.253011178659233,7.873911778284477,0.03,53.35377237534114,319.5907434402332
6901028178105,202604,0,-0.1603331361180409,-3.9455838508633088,0.36749417246951666,0.10181508534435847,63.4325022155574,455.3733333333333
6901028178259,202604,0,-5.935261452753345,14.133802655686818,14.784761787278406,0.03,40.88168511086535,319.5907434402332
6901028178648,202604,0,4.329966876793336,3.657609874959507,-0.2507429523845115,0.10203741312333994,52.77838581845322,319.5907434402332
6901028179270,202604,0,-0.3009443140309287,9.493097756461017,8.98688034188106,0.03,57.71589164979256,60.49029414257862
6901028179324,202604,0,-2.2600267942882795,1.5146776408158424,0.15619402325300102,0.03,77.2672398375258,122.75676818950932
6901028179348,202604,0,-3.24927828031818,2.073401631263268,2.6790684894680785,0.08508187874928695,56.78895412106715,634.5390070921986
6901028179492,202604,0,0.0,-14.398959177994742,1.4812496575658392,0.03,69.52754624890527,319.5907434402332
6901028180009,202604,0,0.6641742898648317,1.5784190851108533,-6.512458757683242,0.18279031098682932,85.56445076722036,937.4057971014494
6901028180580,202604,0,-0.6893673595166661,-3.097214954137689,5.115424210056075,0.03,51.61102678285157,341.59034097803664
6901028180603,202604,0,0.0247392777721984,12.016072950972852,10.625528090229327,0.03,52.62470285051477,148.8594809219446
6901028180634,202604,0,-2.6062834940187187,1.4970184733510992,8.911290033583136,0.03,52.50939114884508,319.5907434402332
6901028180788,202604,0,2.502520210922114,-14.255609414095925,-9.105637801260983,0.07026197333479217,74.1968728204849,226.9375
6901028180818,202604,0,3.8033136716129543,7.234479028645406,-0.8156251016888749,0.2713119037820266,51.783534474842405,355.5610119047619
6901028181457,202604,0,-0.0055651206904485,11.069774471695993,-0.5329605305182779,0.09557728756012915,65.44899643054498,704.1323529411765
6901028181815,202604,0,-2.000606157509281,-6.292465086178034,-0.5592710321077541,0.03,67.20254814021213,211.33875338753387
6901028182560,202604,0,0.5042500959012557,10.661901129213557,11.500310037190687,0.0385923611276251,53.33430041185434,11.389949437622535
6901028184250,202604,0,-1.6834521304203562,7.668145715501898,6.8745081244494095,0.03,54.21867521070007,319.5907434402332
6901028184304,202604,0,0.653506863768385,3.8061936613792957,-3.2315903911618773,0.03,96.449101983583,99.68900804289544
6901028185912,202604,0,4.619348815618899,9.978791824137106,2.3971259891591834,0.03,54.58632081752089,172.05575048732945
6901028187343,202604,0,1.055573481166178,-12.599536106340707,-2.0518149403949546,0.03,53.63418685699472,674.5646258503402
6901028187855,202604,0,-4.413632105471976,5.820643164730856,8.741455580488383,0.03,55.14518949424816,319.5907434402332
6901028188029,202604,0,0.8927440556656734,3.989626021075426,-5.982909908120142,0.2567664718176962,71.15226017064398,298.1280487804878
6901028188081,202604,0,-0.0082208328974147,4.44083493389755,2.082766963181072,0.04811104127988329,53.22043603186872,306.6127232142857
6901028190374,202604,0,20.572950947393863,-8.102556568389803,-28.574769085875374,0.1538596588884562,85.09438259369534,126.02702702702705
6901028190602,202604,0,-5.889991102753619,3.63977262525912,9.210318332309459,0.06656058643994589,50.35744037326102,255.51377633711505
6901028191142,202604,0,0.0654007493202613,13.407359256457745,9.858322266985358,0.03,33.99431443172264,319.5907434402332
6901028193504,202604,0,-1.6680463504969651,-0.5583883933359767,5.43383637530494,0.0982640234841912,59.35756503680049,1342.6107784431138
6901028196024,202604,0,-2.64108284018765,14.538518623916945,8.325406263586443,0.03,78.34490486418623,1149.125
6901028204026,202604,0,-0.0376519100538246,4.943329074970037,6.158912175143036,0.03,54.28166213951419,319.5907434402332
6901028204835,202604,0,-2.065696758167121,9.093793629680954,13.3323100934749,0.03,46.67442302638916,319.5907434402332
6901028207508,202604,0,2.29011375213625,10.586185139083824,6.600160268587874,0.07640199390123407,54.10593588998124,778.4375
6901028211352,202604,0,0.9129518726454506,10.203455640049686,12.045825971816555,0.03,47.32366263338803,64.80332640332641
6901028212229,202604,0,0.2891730102204946,-2.79584807031373,0.2168638284852329,0.11655930000439786,69.57531373540647,386.9677419354839
6901028216166,202604,1,0.4109046355060357,-9.840748991051807,117.6544832025698,0.03,53.35381290803948,637.6593406593407
6901028218603,202604,0,3.52640663717726,19.273144795050904,-2.8334566764327107,0.11631671539217393,69.86589233017524,183.78260869565216
6901028218900,202604,0,3.860549585421751,-5.450629697419351,-6.8530725562315205,0.08704138817098045,70.92812598837939,3612.5
6901028219174,202604,0,0.5950314457715535,-0.46210267554760526,2.8195070210236692,0.10376743340944862,62.36679707565783,431.9411187438666
6901028221351,202604,0,0.0,5.236530096351205,2.975211398008857,0.03,55.37069531383868,319.5907434402332
6901028221450,202604,0,-2.742283638881446,16.96991556306407,12.477765364790747,0.052728340059741516,54.99392535654225,760.5342960288808
6901028224079,202604,0,9.75652841243116,-2.184243662420007,-7.85159089648876,0.03,45.74184721699833,1148.9160305343512
6901028224642,202604,0,-0.8264792267730527,-1.2701523937867185,4.825031037750803,0.03,38.952418461771074,4413.294117647059
6901028225175,202604,0,-0.1383965973694572,-9.781692035147158,2.583462238958335,0.03,54.03581644416122,211.7298161470824
6901028227285,202604,0,-0.5178238979653358,-0.778572347185196,3.393293420999509,0.03,43.05377937364988,3331.1195652173915
6901028227438,202604,0,6.770548358201012,8.017560406881875,3.867051110726962,0.03,44.38254762347128,319.5907434402332
6901028229074,202604,0,1.7789238356761956,2.0432628395414154,6.345593566259325,0.1476083015244339,51.65672321167582,2161.09375
6901028230186,202604,0,0.0498382634794722,9.245296045480021,-0.20882471593196858,0.07883863713022417,59.69543961698106,233.4193548387097
6901028241410,202604,0,-0.0459097163509554,-0.719883186377736,-4.9259837200913195,0.07023322245678834,63.59964455764893,384.6190476190476
6901028242066,202604,1,-3.047286771830535,10.134863271602779,-0.892258073477785,0.7555844104785644,65.11056458577899,156.85714285714286
6901028247375,202604,1,-6.368101333777879,6.0444616588257825,-62.04961411444295,0.07892040321214706,56.74847335384439,235.4903225806452
6901028252959,202604,0,0.7865192265233958,2.8121322444372434,-2.5290658733283164,0.0840027959702778,65.66214201726434,642.2894736842105
6901028268950,202604,0,-2.065977352095849,-5.989407325125342,6.0566481348107635,0.03,59.37028237195341,647.6428571428571
6901028268981,202604,1,-1.9347231915892775,16.810357270053064,-43.46692735616209,0.05715942727708422,62.37651898975823,352.4868421052632
6901028271004,202604,0,-0.7401634086459978,6.125502814499941,6.9353043449502,0.31538347778211767,60.062375222645,1193.857142857143
6901028271547,202604,0,-0.085046191172097,2.5094306167295732,-2.842203354919916,0.23092483422703017,72.69243213092986,120.17194570135746
6901028275668,202604,0,-0.8833712137774086,11.914034763420688,-0.6028881029305793,0.03,64.43279402052873,2034.769230769231
6901028312356,202604,0,3.227556308657384,-0.939624396031096,-12.256464294765017,0.618066783272544,70.6805014482301,4879.25
6901028314459,202604,0,0.0,5.236530096351205,3.12012742419268,0.03,55.37069531383868,319.5907434402332
6901028314985,202604,1,15.024625439621444,3.4535883768309588,185.09359128391208,0.056251375803631584,52.84394452535541,77.6401384083045
6901028315432,202604,0,0.9530776112374824,10.849545566600177,10.217375673337104,0.03,29.754603107358683,319.5907434402332
6901028317177,202604,0,1.0918215421474642,19.22602556736424,8.621590780718506,0.03,55.095143770764665,604.3739644970415
6901028324830,202604,0,-0.431794100704657,-1.913350992148752,-0.6626293828462622,0.03,58.8775573905183,848.3945578231293
6901028325257,202604,0,3.915301905096897,-1.916559654372241,-3.775742439404408,0.11664572547167674,72.1969660229122,436.6818181818182
6901028339957,202604,0,10.965519385548872,2.3660315122938465,-13.603881921816434,0.03,65.89550938496778,1090.7104795737123
6901028936477,202604,0,0.0,7.835892737345736,8.04760382296533,0.03,53.20226642690941,319.5907434402332
6901028936750,202604,0,4.08757693853169,3.639549348713086,-2.104029467818533,0.2601693651239594,46.44838235081939,82.89402173913044
6901028936996,202604,0,0.0,5.217118365846077,7.873900928403044,0.03,53.53164802998727,319.5907434402332
6901028937535,202604,0,0.0,8.107969316872495,7.804205872228879,0.03,52.957936411480745,319.5907434402332
6901028937832,202604,0,-2.923465110923587,-7.863979460070279,9.457410445846657,0.14827044361872146,59.52851082095789,463.536
6901028940504,202604,0,-2.2269808855498425,7.642843475338397,6.6911345264639515,0.03,46.24638772691749,319.5907434402332
6901028942881,202604,0,-15.443118913222207,12.974145226364836,24.42426236568613,0.03,39.92757640061647,319.5907434402332
6901028942911,202604,0,-2.844044697076548,4.943329074970037,8.4159663666602,0.03,54.53668420348127,319.5907434402332
8888075074865,202604,0,12.177425709252368,5.62318739765636,-7.478750002204874,0.03,54.66611366774623,319.5907434402332
4891132530116,202605,0,-14.91626489010068,7.143947361099524,22.81746221498215,0.03,39.83981805714251,319.5907434402332
6901028000833,202605,1,14.550521684188674,-5.400231652633807,135.2756091205878,0.10850307445187295,54.24361918171978,83.95085066162571
6901028001625,202605,1,-1.6498950260735228,16.05790810580636,-113.9633254155706,0.03,51.17055699076823,884.522633744856
6901028005036,202605,0,-5.062785411348415,0.8019778706429695,7.028272109190187,0.03,52.98499842061357,406.13125
6901028009744,202605,0,-1.1248397684172955,-8.320668951711644,1.0044234662271623,0.24110889858438245,63.05193375034561,102.35930735930737
6901028009805,202605,1,-0.8206438022630351,0.9428792798759849,-128.06571715836765,0.04534205192638784,54.97697219087143,3307.444444444445
6901028010115,202605,0,-1.0711035521719126,14.007186273600935,6.7743563109235705,0.10113386131371113,45.649134642970914,1439.7826086956522
6901028010771,202605,0,-4.680140117709833,4.308938469941205,6.274038130559165,0.046447652814646495,59.63622909342271,656.5428571428571
6901028011785,202605,0,-1.4790943658983051,8.03957292539601,-0.37794750618390144,0.03,57.56441409245021,280.9126213592233
6901028012003,202605,0,-1.4449384880601954,-25.0,-1.9246641386671097,0.23970577171897484,59.765821754334205,305.8461538461538
6901028013611,202605,0,0.0,14.973422820136033,4.627441954397421,0.03,59.934306063543,319.5907434402332
6901028018630,202605,0,7.833326345428901,1.268823151178369,-5.904064221012524,0.03,55.37069531383868,319.5907434402332
6901028018722,202605,0,2.25433141298781,5.721745066976563,2.4854174916655003,0.03,56.91768244385887,319.5907434402332
6901028024976,202605,0,-0.1428672933626487,5.3091066210648235,8.035134635891739,0.03,53.291686174824015,319.5907434402332
6901028025645,202605,0,-0.0992373866687614,6.517866535545595,5.610736034099461,0.03,41.55190719444658,319.5907434402332
6901028039758,202605,0,-5.79431218421572,13.935807153896363,13.549924425529094,0.03,51.673992153957606,319.5907434402332
6901028042635,202605,0,10.407904449477506,8.285397963560596,-10.391998895796476,0.18907017718734154,61.088686443773945,5801.04
6901028042963,202605,0,-12.718623165403116,7.0588764212358255,19.57207460997541,0.03,53.65877777152609,319.5907434402332
6901028045919,202605,1,-4.812649568570031,-12.066465968438694,-230.36307752766788,0.03,68.53281536601892,685.5491071428571
6901028046893,202605,0,9.015806444172256,11.079166434788558,-3.1754903987484386,0.13213130522087063,49.742958409212775,194.62125748503
6901028051989,202605,0,4.183204795028573,6.830289161419584,-1.263903425469299,0.12493425463964046,66.553601060514,5932.5
6901028057080,202605,0,-0.2231872608917768,1.882484846573696,0.8017828054870016,0.03,53.84989033208634,133.67447916666669
6901028058148,202605,0,17.23459899316981,10.28821069550415,-9.296316309454236,0.04204892911855061,44.27389018949993,679.7857142857143
6901028059114,202605,1,-3.8187813269075193,6.417674539857423,-71.89624249700984,0.1201487801075298,52.41949886007751,1140.875
6901028062015,202605,0,-3.629166510098401,2.151422162233926,4.545399672568311,0.10267341309228152,60.72252174100179,153.117381489842
6901028062329,202605,0,14.142285548957162,-3.2448304140066098,-17.619742317102315,0.07527439766380688,55.12134848023844,147.7301587301587
6901028062350,202605,1,-10.46368804218362,10.339898107267558,-350.4287725278116,0.03,70.78285164260306,106.12587412587412
6901028063371,202605,0,-1.3700569419292634,5.3091066210648235,9.300278603486188,0.03,53.291686174824015,319.5907434402332
6901028065504,202605,0,-9.126246818157668,-0.5704295541424417,10.139598012128348,0.03,46.45842598622448,1153.0
6901028071475,202605,0,9.169045325296809,6.890011306635583,0.3720046781665953,0.03,35.753732118234346,976.2444444444444
6901028071536,202605,0,-13.119060413732932,-9.230533601853647,10.411014558740277,0.08553497942711381,54.0263609280626,224.94444444444449
6901028075015,202605,0,3.1745152763676003,-4.80687614485145,-7.738247934253457,0.1245877098897017,69.22632642974862,264.63973063973066
6901028075022,202605,0,-0.3486072767186954,2.378613189714577,0.9845231358405391,0.22749108007739957,72.50390994593154,126.55510204081634
6901028075053,202605,0,-0.2619977689518507,3.551433919353446,6.047102996149599,0.03650632159898099,49.49381496260269,1035.1549295774648
6901028077910,202605,0,-1.026701705559887,7.4061106316675644,-8.45131090941919,0.05330797314317873,74.32554717466853,240.7142857142857
6901028079990,202605,0,-0.5958967547117666,8.5034814315469,-0.6921762069168005,0.1272389763581498,67.18934703728682,95.2462203023758
6901028080224,202605,0,0.0,10.591515425887607,9.895509322849605,0.03,52.81243651465246,319.5907434402332
6901028080521,202605,0,-4.664742843845019,12.953701798570668,16.572362339344984,0.03,42.35427679858391,319.5907434402332
6901028084321,202605,0,-5.365013466216404,15.156663260746202,12.275944280943285,0.03,49.60101276831331,319.5907434402332
6901028084772,202605,1,1.239659162275501,14.13596399389937,-100.14687968759708,0.03255708880207313,46.29107311053943,782.0813953488372
6901028084925,202605,0,-0.4085169221457505,4.047439239225358,5.781750251705365,0.03,58.53363542141968,2056.767441860465
6901028092432,202605,0,0.2260841326555791,1.135902603219735,5.541048926138221,0.03,53.11696893922837,624.9230769230769
6901028098335,202605,0,-2.759082512696864,-10.794214648467756,2.152298058430156,0.038520796997962625,57.33543181265611,302.6782608695652
6901028102094,202605,0,0.0,6.254005860056537,6.39342471734873,0.03,53.59802531121588,319.5907434402332
6901028104241,202605,0,0.0,7.92778297722326,8.722988277081225,0.03,53.291686174824015,319.5907434402332
6901028104302,202605,0,0.3644969206293353,11.325148702316314,6.09420501255312,0.041935235963699906,55.68367994382024,1406.32
6901028107150,202605,0,0.0,2.446631995238627,3.5636337203438253,0.03,55.37069531383867,319.5907434402332
6901028107297,202605,0,0.0,7.92778297722326,8.722988277081225,0.03,53.291686174824015,319.5907434402332
6901028111270,202605,0,7.621832510783662,18.668133225498863,0.5939537408186544,0.03198629229085406,47.2222615734395,110.1147132169576
6901028111546,202605,0,-2.071751638969012,-2.7184300088076747,0.15100966979954755,0.16382278298714512,62.080014796892144,395.030303030303
6901028112505,202605,1,1.175015288695306,5.5726239266344395,9.545723847557934,0.15771486972928855,65.75839395906962,381.6
6901028114455,202605,0,0.0,2.446631995238627,3.5636337203438253,0.03,55.37069531383867,319.5907434402332
6901028118187,202605,0,1.0045582824265082,17.090205939785875,0.8727544117587606,0.04709108406975541,45.53357622984534,248.5541624874624
6901028118828,202605,0,-3.751208495793797,12.916435896673555,12.884270008581666,0.09726572462357366,49.4952600628971,501.8589743589744
6901028119009,202605,0,-0.4024183580940317,-7.402115623962212,-2.6101086486385165,0.05977879530905192,59.883676632819295,599.5714285714286
6901028120708,202605,0,2.327624359466455,2.2394942420092456,-1.3812647382049632,0.04940871359101297,59.06255714455392,599.8000000000001
6901028121828,202605,0,1.226344938029257,-0.04933486308380068,-0.37203491720580173,0.05822448955345944,55.23360290248351,616.6440677966102
6901028123266,202605,0,0.0,6.327549719604779,7.074783392032225,0.03,53.39939632572116,319.5907434402332
6901028124058,202605,1,3.857928321423678,12.761807249327997,-64.2879703235205,0.04706151052138738,50.29369669628071,510.64912280701753
6901028125970,202605,0,-8.34562343687982,2.3738774527740043,4.503586107754897,0.08337403296449598,73.18521769082105,209.82978723404256
6901028126007,202605,0,-5.327924710384068,8.380512976127033,13.784982405095867,0.03,52.957936411480745,319.5907434402332
6901028133333,202605,0,6.280532422295245,9.29320590605885,2.7951494308534164,0.06734787767733266,58.44760278879444,987.7
6901028136686,202605,0,-3.573823073246324,15.01848584359872,12.450793173537534,0.03,35.56555585125625,319.5907434402332
6901028136891,202605,0,0.0,6.327549719604779,6.657815823257251,0.03,53.484338477241664,319.5907434402332
6901028138536,202605,0,-13.200837971870008,12.545232906831021,22.19063725119343,0.03529270155260072,58.55245725723341,1146.52
6901028141147,202605,0,0.1696686539193166,13.94397460460245,9.04837951973812,0.03,49.405142992771935,319.5907434402332
6901028143448,202605,0,-17.1107783387351,5.808719099653543,55.34918620210025,0.6656184765047537,46.984532990019815,433.375
6901028143554,202605,1,3.148960636627507,2.8644364843831385,16.522768209620484,0.03,57.53977019283805,705.8
6901028145077,202605,0,-0.3313892543702437,5.850051371249771,5.622828981128295,0.1177071557626398,59.89754224125792,940.81
6901028145473,202605,0,10.794485734827106,6.158094876065557,-1.6045648470144815,0.032261494699261976,51.82922060678923,319.5907434402332
6901028149921,202605,0,10.640028457177864,13.28939992660051,-8.229893019541192,0.10225096152153362,57.74450578946121,21.287029930928625
6901028151634,202605,0,5.307244823746103,12.639706661771042,0.6782725807760288,0.29132440693988754,49.096786017905565,74.15772357723577
6901028155557,202605,0,-0.9556603605120132,-5.970701802882213,-3.260968168985525,0.03,53.6481051232353,197.7170542635659
6901028159548,202605,0,-4.471240032615079,12.569017566395178,13.166251485396874,0.03,36.53576756519604,319.5907434402332
6901028159753,202605,0,-0.5695552729623401,4.8052846818808135,2.6224561819313217,0.057912433450431115,40.89410483752528,90.88922155688624
6901028160285,202605,0,-13.882229087439384,7.183389321875616,12.915205290068641,0.03,59.60076659289341,209.86976217440545
6901028162876,202605,0,-19.687470853959844,7.206186090052835,22.461906563440568,0.041285403190862435,49.61664546686419,375.3014018691589
6901028164177,202605,0,-13.157003202094614,18.779659522260854,23.33179300274264,0.03,37.369317601430254,319.5907434402332
6901028165242,202605,0,1.0231757393703305,8.514910792677288,2.2042312575723546,0.1075802939670563,49.85458276672464,306.7584269662922
6901028165860,202605,1,-8.179090622107864,-2.851382131075602,-45.815481558355984,0.17735583109765155,66.9817245640867,2170.5
6901028172509,202605,0,10.409495818980552,10.36380188701431,2.5364686711864888,0.04979226519982203,48.694173192686016,559.5144927536231
6901028172936,202605,0,0.0,7.0588764212358255,6.195207654351242,0.03,53.69790731535038,319.5907434402332
6901028177153,202605,0,0.0,6.326067053318772,7.660993893332691,0.03,53.35377237534114,319.5907434402332
6901028177214,202605,1,-8.560956168140244,3.838800479494576,-16.580718068500804,0.5403493124335277,63.92030204900532,2793.222222222222
6901028178105,202605,0,-0.0845788434271952,-0.7266348313784614,1.5999173359071241,0.03,64.11592542606707,121.09491525423728
6901028178259,202605,0,-19.63360526468186,1.7998423564820416,22.499187391129162,0.03,56.32480402408755,319.5907434402332
6901028178648,202605,0,10.964537253637218,4.932083023443152,-6.378654874503925,0.03,64.95801734936948,319.5907434402332
6901028179270,202605,0,0.2769879163602553,-10.824139675220716,2.7654613348578785,0.03,70.6869217574993,58.523218066337336
6901028179324,202605,0,5.460492712831254,13.793460819371067,-8.842722140157882,0.03,75.08079781752559,137.65342645133128
6901028179348,202605,0,0.1503656438504919,4.359890394292956,-1.3309361360658931,0.03,59.175501387556274,525.7472899728998
6901028179492,202605,0,0.0,3.251221947354164,3.8208660443797733,0.03,55.37069531383868,319.5907434402332
6901028180009,202605,0,-0.548539357786396,-22.944293491486647,-3.37821217717617,0.0557864355982641,84.63614699419,165.69382391590014
6901028180580,202605,0,0.7296265096934249,11.525549242399938,2.230339507832627,0.03,50.90860514523432,240.75115715230328
6901028180603,202605,0,0.0219984442151428,11.631630174904,8.751805265512418,0.03,52.71940831610278,98.60009820426488
6901028180634,202605,0,0.1595172278345416,1.7991322288969396,5.842256982954472,0.03,47.84319182832645,319.5907434402332
6901028180788,202605,0,-1.9340844966850737,-13.069942721307475,-2.6504803868814903,0.2386774956676083,69.85237368156183,146.0
6901028180818,202605,0,-8.367791569354424,7.752565644958314,7.504873059161145,0.04795888491688988,58.013890594932015,977.181818181818
6901028181457,202605,0,-0.0198689436034413,0.34233476819619557,0.9925321443080366,0.1740655226699471,66.01648825567526,90.13809910641751
6901028181815,202605,0,1.6096433716019902,-10.895857780378575,-2.8435280881892173,0.03,67.0406687017524,426.6686046511628
6901028182560,202605,0,-0.5460748204433088,13.140238699583104,5.9977899522766105,0.03,53.50495226754835,10.764068464474818
6901028184250,202605,0,-14.937055962060825,8.592281590333958,24.276152064535104,0.03,52.02156359333012,319.5907434402332
6901028184304,202605,0,-0.2660236397079245,-8.713336803983148,0.8206910556340694,0.27111301410584426,94.70769714968722,218.18085106382972
6901028185912,202605,0,-3.987019434900155,6.9676375120747505,8.293301720641999,0.03,54.285988475682686,101.06957487630012
6901028187343,202605,0,-1.4042138391132042,-4.723468160173078,1.3325151669963258,0.18840272106327965,49.28961282493219,1072.181818181818
6901028187855,202605,0,12.512325233932089,-5.626837698391605,-16.829992818304785,0.15699557070634843,72.83533465724491,159.93548387096774
6901028188029,202605,0,-0.4406228964548262,5.582791659460895,-4.378329558523362,0.3178302212996926,69.16346223373529,222.5466155810983
6901028188081,202605,0,-0.2114728074677572,6.287128095430362,5.333806512942914,0.042852970883308236,53.36039773420836,107.6438263229308
6901028190602,202605,0,0.5739015527198461,1.7899780311408418,0.690994069838297,0.036994419975329006,54.00343644753696,163.98847262247838
6901028191142,202605,0,-15.486509919288563,12.549378893524906,26.791927598379807,0.03,49.4164617044313,319.5907434402332
6901028193504,202605,0,3.425501795186534,11.006358284983792,-4.281019081397413,0.0661111588225825,58.055646750564506,2068.022727272727
6901028196024,202605,0,-1.4947742209207178,15.310528570258978,3.9646301118309073,0.11262032142341989,81.40638491261379,1692.4999999999998
6901028204026,202605,0,-2.491566908957722,12.616489446282289,5.036471629362181,0.08585095610596366,54.12847460813555,1172.8125
6901028204835,202605,0,-9.814243795410732,11.00221403986568,19.9317710817372,0.03,51.79779343158992,319.5907434402332
6901028207508,202605,0,6.404743180678594,13.052504341647014,-1.8764739739497038,0.03,55.06303545852293,566.8541666666666
6901028211352,202605,0,9.93379242917694,8.507988487920288,-10.17670595410338,0.19689052093101755,47.73509754494217,132.18922305764409
6901028212229,202605,0,-4.708529357205919,-2.100601453475776,3.1101984574853656,0.030502527860381573,69.51969143771,450.0769230769231
6901028216166,202605,0,-0.2173266444867465,6.531680211981791,1.407475086155022,0.03,53.02346024773284,495.1867704280156
6901028218153,202605,0,0.3220190174210984,1.291426231917455,-7.611662970638755,0.09996603633952611,69.63569516497455,159.33870967741936
6901028218603,202605,0,-3.682568475781295,-1.1515607620299142,4.728654668183191,0.2830353580174423,70.2634019024112,172.94019138755982
6901028218757,202605,0,-11.465229966038171,-1.0956099125106762,30.301302910677137,0.5920950183107203,56.02064078382488,425.2645502645503
6901028218900,202605,0,0.1440519122987922,-5.367824086301951,-6.956236114129049,0.11263625198490385,65.43182849169987,66.23529411764704
6901028219174,202605,0,-0.6242002103198487,-2.0107476089340404,1.3637556497632732,0.03,62.17045176244476,1080.2476489028213
6901028221351,202605,0,0.0,3.251221947354164,3.6058169609472754,0.03,55.37069531383868,319.5907434402332
6901028221450,202605,0,3.162228926357976,11.235174778506568,4.046059201566569,0.03,55.61450479267676,380.4016260162602
6901028224079,202605,0,-0.1867736236247594,11.381818991613336,-3.577993640021933,0.03,49.42523615046237,459.70820668693005
6901028224642,202605,0,12.944712784087336,3.882261012238562,-6.77765932145294,0.03,43.68381426823624,494.33191489361707
6901028225175,202605,0,0.110848395165604,4.6460319999275885,-0.7660719567675073,0.03,53.8446473767483,228.49266113592853
6901028227285,202605,1,-0.1774278172129797,7.042992759829697,-45.539319064375775,0.09844874088118355,45.28211875519652,1945.56462585034
6901028229074,202605,0,-3.674505901741824,6.692820595890086,8.13128535489217,0.0707783492977764,50.23435954678472,3405.9473684210525
6901028230186,202605,0,-0.5699837923326498,-1.359959407648946,1.0604975059768482,0.13047330997306272,60.045902013698,192.5072463768116
6901028241410,202605,0,5.183389993862136,-5.7857407388803646,-10.08040458407642,0.2511982647637165,62.13007835444636,109.21311475409836
6901028242066,202605,1,-21.10793684063126,7.728805374413995,-79.95429661847325,0.31132972760814565,60.02716964409801,829.421052631579
6901028247375,202605,0,-1.0370264493783168,8.81271843259812,7.345195161127446,0.05970812977929186,53.61571671021552,494.3230769230769
6901028252959,202605,0,-1.5458726402567464,4.067403594382383,-3.0125842395803537,0.03,65.83053740793221,451.54838709677415
6901028268950,202605,0,1.315061335790368,11.333421332849687,4.757609677381291,0.056542412316737116,52.73066273962357,2759.076923076924
6901028268981,202605,0,1.324365895372246,3.225363113325385,2.9725001600617453,0.03,55.89375902243402,2466.0714285714284
6901028271004,202605,0,5.304059321079087,0.9641011907951044,-3.588530042183767,0.03,51.63686221992325,319.5907434402332
6901028271547,202605,0,-0.4145813061133765,-0.42406121388692,-4.955577890340484,0.6732336513805063,72.9096673668164,76.41836734693877
6901028275668,202605,0,0.8081889761267291,7.202540826458364,-2.3666333769146766,0.04611575791849919,66.02933665617654,117.4780487804878
6901028314459,202605,0,0.0,2.446631995238627,3.5636337203438253,0.03,55.37069531383868,319.5907434402332
6901028314985,202605,0,-0.1150087400553019,17.636047777681526,10.014311488435512,0.03,37.81697228400531,319.5907434402332
6901028315432,202605,0,-18.781922306489776,2.9521344624313435,26.80191056465955,0.03,52.3705498094346,319.5907434402332
6901028317177,202605,0,-2.165852616028509,8.076510065671215,7.03670320715947,0.04535172853108385,54.44867286618727,726.3040540540541
6901028324830,202605,0,-7.927028916648474,-3.042598758625129,6.6873440277143175,0.03,57.267147569992446,452.5902439024391
6901028325257,202605,0,0.1221661529070416,6.430418958863547,1.5110026479623575,0.03,70.69077771452706,491.0
6901028339957,202605,0,0.2636734607357738,6.509837673585401,-3.947581927466009,0.03,54.28243212471236,590.7312734082396
6901028936477,202605,0,0.0,11.626844534275428,8.966897500856737,0.03,53.20226642690941,319.5907434402332
6901028936750,202605,1,-0.4354467384206799,-5.258776588186172,20.507176594792234,0.10249008064074044,45.09969836069085,221.62184873949585
6901028936996,202605,0,0.0,6.192557420862638,6.39342471734873,0.03,53.53164802998727,319.5907434402332
6901028937535,202605,0,0.0,8.380512976127033,8.292276518101984,0.03,52.957936411480745,319.5907434402332
6901028937832,202605,1,13.472806761962232,7.279649822473838,285.4562875964927,0.03,58.99467912048095,1068.220588235294
6901028940504,202605,0,-1.8766028123436485,22.42795152849321,8.829163003975127,0.03,50.481336074310775,122.67031164570804
6901028942881,202605,0,0.0,2.073413103293907,2.209925663780423,0.03,55.37069531383868,319.5907434402332
6901028942911,202605,0,-0.6237783499815208,3.4383436339068454,4.512846465577855,0.03,54.53668420348127,319.5907434402332
8888075034777,202605,0,7.825836549514143,4.3231886051114055,-4.58434679114631,0.03,55.29919068689075,319.5907434402332
8888075056014,202605,0,-8.773511732098257,1.6388433697375386,17.789697815983406,0.03,39.759149436101424,319.5907434402332
4891132530116,202606,0,11.853675535912624,5.110718499789103,-1.834710493919534,0.03,39.83981805714251,319.5907434402332
6901028000833,202606,0,-0.075070417705767,-13.81208458740674,6.097328030973294,0.03,35.36859950011231,319.5907434402332
6901028001625,202606,0,-2.7682045937193607,5.143449584088236,2.107032681886794,0.03,56.31376592116294,540.1108179419525
6901028005036,202606,0,-1.8454528731802284,-4.656883819933347,4.779484957274417,0.033809996295651186,55.97610719206989,135.3957654723127
6901028009744,202606,1,-10.007944553110724,-1.5989290258108348,-79.88016190443543,0.131973852084224,63.03871286372862,216.2566844919786
6901028009805,202606,0,-11.84947575386363,-6.264934143340345,18.286065507268553,0.14664228032867582,53.44396509558058,2209.1739130434785
6901028010115,202606,1,-2.890284177466711,1.7510244862662903,-21.894702052494402,0.2755206327107078,47.44109221884669,284.82894736842104
6901028010771,202606,0,-9.607555369394696,13.06739958573996,14.416499399687137,0.05730223933368296,56.35262588500245,364.45238095238096
6901028011785,202606,0,0.08408277110221,-0.6229631646326782,-5.736035813762641,0.03,61.64735128243326,289.0091743119266
6901028012003,202606,0,0.4057385662754811,7.038181216930081,0.46052000209937294,0.2885573478991942,58.98250189843446,52.82120582120582
6901028013611,202606,0,0.0,15.634226648845354,9.88660819832422,0.03,52.78923235320859,319.5907434402332
6901028024976,202606,0,6.221551515128788,7.978092150318821,-3.12205184132986,0.18060648547435612,52.95077841262008,153.6421487603306
6901028025645,202606,0,7.621304584199308,15.080162659855748,-1.9182408700819629,0.03,41.56363225137213,319.5907434402332
6901028039758,202606,0,-0.711094319921699,-6.018154100966547,-4.2216256171261115,0.6028537162658193,56.84704173311873,97.99616858237547
6901028042635,202606,1,-9.95707389010876,-9.647687169103934,-251.36584873844424,0.04970835650657634,63.49018155495372,3836.314285714285
6901028045919,202606,0,-2.5240511561458376,0.5444094294174113,5.92102367669866,0.11982189554914194,66.94586694254102,1158.3835616438355
6901028046893,202606,0,-4.267344462023701,14.415441242853566,16.74403087075591,0.0710812388342592,48.026349575405305,173.88479890933877
6901028057080,202606,0,-0.8506574792031429,2.8983896515671774,3.2432224064308692,0.03,53.53430601594532,467.8405797101449
6901028058148,202606,0,-8.137357666395225,5.8929344217614785,11.025285242932302,0.08246052237247778,39.69267519151535,357.8687943262412
6901028059114,202606,0,-6.779676193530456,0.12918772144267432,13.680020432135768,0.17996228336965733,60.9752248141902,1316.5384615384614
6901028062015,202606,0,-8.5354034566354,7.135307980625999,15.741707932386998,0.1784997329391208,60.87647065006374,46.246153846153845
6901028062329,202606,0,-5.794350392954144,6.240274364387987,8.331240617928865,0.3828291336625132,52.15198504917217,210.4715447154472
6901028062350,202606,0,-0.7105634903838194,1.937682627074316,-0.5466343284271593,0.21310902075459262,73.22643657157218,143.75324675324677
6901028063371,202606,0,-9.13928232637543,6.839864855325127,13.377157016968335,0.1420553067885238,52.34734134709594,236.07606679035248
6901028065504,202606,0,-0.652111355914343,-12.00088864157669,-8.624675367340213,0.03,57.67828216568719,816.1764705882352
6901028071475,202606,1,-8.378265431541799,7.035994271157895,-343.1131490807257,0.03,40.71715893871825,283.4155844155844
6901028071536,202606,1,7.444067246552485,-8.378477971760262,160.64839770349462,0.06431841663686327,54.01295442415248,239.8
6901028075015,202606,0,-5.7249611093087225,2.809351265047407,6.746590780909774,0.03,71.2485216317609,179.2234762979684
6901028075022,202606,0,-15.93072691122211,8.408305655567016,20.177289031710725,0.16989093711255365,72.63567899583825,105.92447129909364
6901028075053,202606,0,3.66469756373101,14.073161317901254,6.728261577095721,0.09929847802239947,50.61791757556623,74.75203915171288
6901028077910,202606,0,-1.7884101123339915,-6.841163731910264,-1.754874090081156,0.09770179282088427,73.10585076136226,1464.3333333333333
6901028079990,202606,0,4.520619274161966,1.6676805576987057,-7.152031004562759,0.2431160035447504,63.04915760956429,40.18490153172866
6901028080224,202606,0,0.0,10.732466775053819,9.248960967085775,0.03,52.81243651465246,319.5907434402332
6901028084321,202606,0,-2.0061228294228077,10.192200227428119,4.601356102050266,0.07572363711139933,57.27853506933236,36.21410829607551
6901028084772,202606,0,-2.5778828896483503,3.970105943240756,2.9013130848782938,0.072518423556925,54.24739670239303,265.51502145922746
6901028084925,202606,0,-2.616156565771554,7.224898612845993,10.927727475946435,0.03,58.82256285830517,1452.2363636363636
6901028092432,202606,1,5.860220700974772,9.550102781586244,253.39866183821852,0.03,53.37429485916208,435.0384615384616
6901028095891,202606,0,-1.1507699320886502,15.232313840095971,7.327843959568957,0.03,33.5631995126291,319.5907434402332
6901028098335,202606,1,2.2889514618661977,-12.761481712503215,6.140439218053196,0.6504009444002382,50.55894223938475,194.4333333333333
6901028104241,202606,0,0.0,5.165323454040843,6.742346755498263,0.03,53.291686174824015,319.5907434402332
6901028104302,202606,1,-17.15289018242219,4.567499659868743,-184.48372908482517,0.10435187939019064,56.44959554092209,562.290909090909
6901028107150,202606,0,0.0,5.758624655457793,2.1360749778130783,0.03,55.37069531383867,319.5907434402332
6901028111270,202606,0,-10.891709206731456,10.125105896226986,21.619591277695925,0.03,47.42875202267013,50.9109557109557
6901028112505,202606,0,-1.6646263188088142,2.592908464197947,9.265569094811248,0.3604299306527402,64.81453735011806,352.57142857142856
6901028114455,202606,0,0.0,5.758624655457793,2.1360749778130783,0.03,55.37069531383867,319.5907434402332
6901028118187,202606,0,-2.046053698836829,6.407794504783717,9.706987039874232,0.03,45.42415641030566,222.07655502392345
6901028118828,202606,0,0.5185438787220278,9.021830268304946,3.0241127044223286,0.03,53.93222294264164,1588.258064516129
6901028119009,202606,0,-9.557279085269194,-1.7614541066606126,9.651740414724122,0.11617489240825171,58.506781215848456,2150.5
6901028120708,202606,1,-0.3793712547819794,5.994001161143959,16.72389965278923,0.05094949777412022,57.29206664530102,709.0441176470588
6901028121828,202606,0,-1.615437860307409,3.654834752273082,3.40922126484754,0.06192211045118515,52.08914782118181,2664.777777777778
6901028123266,202606,0,0.0,3.9003174712152435,6.737516705413178,0.03,53.39939632572116,319.5907434402332
6901028124058,202606,0,-4.913372577684797,10.551552701723502,15.403449386007537,0.35151593248234575,48.06949480071789,399.5634920634921
6901028125970,202606,1,5.373951681334475,-4.93635584871408,90.86943204204114,0.12878144522920143,68.95528679280206,512.8869565217391
6901028126007,202606,0,0.0,-7.315018664829577,2.271625332239098,0.03,58.28586112186481,319.5907434402332
6901028133333,202606,0,-16.86077061400689,5.717371208711442,22.343691469974175,0.03,58.33235615421777,319.5907434402332
6901028136686,202606,0,-4.636263896637999,8.148309173010562,6.801667640653537,0.03362731724532331,58.03117920307051,448.06420765027326
6901028136891,202606,0,0.0,5.509114867370887,6.114119491171543,0.03,53.484338477241664,319.5907434402332
6901028138536,202606,0,4.05352861188566,-0.4949989251720712,-11.325200513089584,0.2576358942903968,72.2452460350857,192.85641025641024
6901028141147,202606,0,-0.6412469758598647,-0.23032962596370057,1.5570721682928177,0.623291890905348,49.70089232095144,130.18112947658403
6901028143448,202606,1,5.438810444598776,25.0,2.189539031977727,0.25856688082996737,46.85600652179129,456.0833333333333
6901028143554,202606,0,-20.475221716510887,7.266431642167308,21.089688538464454,0.03472531397555789,57.99433086650193,201.44578313253007
6901028145077,202606,0,-0.1932838849257194,-1.5771369435043743,1.6267359598970241,0.09228016131888628,59.95913552373471,521.2773722627737
6901028145473,202606,0,-5.15894762956178,9.583273502219187,8.091041323705909,0.03,44.86714480923817,319.5907434402332
6901028149921,202606,0,-15.675081913424222,18.63664806631428,23.39682907053733,0.049664251770046394,48.34158829722954,9.527573062261752
6901028151634,202606,0,-3.621125877135455,3.1446014064060783,2.0466599336049054,0.46692515693435027,48.531727900293966,93.90030211480362
6901028155557,202606,0,2.24177840203609,2.6105425295187086,-0.8180526806226807,0.03,53.98657068889909,102.09290953545234
6901028159548,202606,0,-0.436702420292832,12.693171652219414,7.6750191027148915,0.03,37.87636059342348,319.5907434402332
6901028159753,202606,0,-3.157228874860394,-2.2238498619605673,0.8968070974881925,0.03197772622083845,54.14389690802523,72.3838383838384
6901028160285,202606,0,9.173932012184402,-3.479748722559869,-11.265587237425027,0.03,67.40759164107668,194.039100684262
6901028162876,202606,1,15.102493490939622,12.020837528550919,38.45121350711105,0.38699728954361967,54.43859947282908,64.14185110663983
6901028164177,202606,0,-17.736664603954548,8.090811986830444,21.182171621011967,0.03,57.47860664995122,319.5907434402332
6901028165242,202606,1,-3.1839318900408387,1.8574245477266336,-1.0812598198345995,0.11794398705187056,54.80265531712669,297.55968169761275
6901028165860,202606,1,-8.941475445135566,1.4025545268824962,-33.734073361021444,0.2893288077549025,73.83832486792502,42.74242424242424
6901028169967,202606,0,-10.54723609946953,2.320378050884227,4.4288462557167225,0.05048040111686273,77.4431202016978,571.6666666666666
6901028172509,202606,0,-2.084386136400873,-3.283433283978242,10.161953480696631,0.16394170207241845,48.677653997639325,282.3595744680852
6901028172936,202606,0,0.0,6.99517312373287,6.976614915630761,0.03,53.69790731535038,319.5907434402332
6901028177153,202606,0,0.0,6.430645715992975,6.920800599555276,0.03,53.35377237534114,319.5907434402332
6901028177214,202606,1,-2.596224300068485,-3.2540448108931663,-21.65039792361016,0.03,60.3858393000712,450.046511627907
6901028178105,202606,0,-0.8969626616738466,-2.594779267024879,-2.35424233123013,0.22504347850694517,63.955592289949024,87.43023255813952
6901028178648,202606,0,-14.38997532400829,-8.76672326469846,17.028914221852972,0.10457954317809769,69.28798422616282,648.375
6901028179270,202606,0,-1.4899203583847085,3.446644537820121,5.70188406221528,0.03,70.38597744346838,99.45958312150482
6901028179324,202606,0,-9.155550598474733,-1.074396356665317,5.417621072267574,0.03,72.82077102323731,599.654255319149
6901028179348,202606,0,-2.5287456509861457,-0.20810996621999236,2.6689036999100333,0.07668551272925567,55.926223107238094,297.1939443535188
6901028179492,202606,0,0.0,5.758624655457793,2.128705870821231,0.03,55.37069531383868,319.5907434402332
6901028180009,202606,0,-11.268013495362013,-15.435130655883844,8.817619969127248,0.18801620500288743,85.30032128405483,440.9036827195468
6901028180580,202606,0,-9.457984829111886,11.619967759967604,14.098517905429722,0.03,50.21923778571765,261.27818061964405
6901028180603,202606,0,-0.0201392422889981,14.134910688781623,9.1375680054799,0.037534769118476155,52.74414759387498,81.45167759770176
6901028180634,202606,0,0.5143513389654686,0.6313683024916643,5.495909548690259,0.03,45.23690833430773,319.5907434402332
6901028180788,202606,0,-5.455406701282868,-7.150509975537696,-0.23954308020013038,0.10412222651459052,72.35489389248394,148.89285714285714
6901028180818,202606,0,1.9303844116879605,5.370445664664527,-2.024560225980113,0.04627625539183498,61.81720426654497,340.2256
6901028181457,202606,0,-0.160756755353276,-1.8751153964925296,-0.1595965867771364,0.035915561799412195,66.01092313498481,90.80600858369098
6901028181815,202606,0,-13.62818816782385,-5.9604971181121575,24.280284179053325,0.3462947877482973,65.04006254424311,694.4548872180451
6901028182560,202606,0,-14.74023385735054,10.094893407711037,22.851202160283815,0.25209368550996974,54.0092023634496,118.71189507010402
6901028184250,202606,0,9.902400676814857,8.426235275998396,-8.316057961171849,0.03,50.338111462909765,319.5907434402332
6901028184304,202606,1,-8.460928588231397,-6.459676286798394,-47.39702520335423,0.08284315168738385,95.3612040134556,454.5808823529412
6901028185912,202606,0,3.320763608912287,11.592644713316746,0.8277266846053268,0.03,58.90533729130159,75.37781672508764
6901028187343,202606,0,-4.419431583008517,4.4737135889391375,13.023805222487804,0.34418124318980053,50.34518630609837,224.09533898305085
6901028187855,202606,0,-11.07753261317214,-13.252635052586912,10.28804456159854,0.3471955355065206,68.42170255177294,1121.3333333333333
6901028188029,202606,0,1.14118406485548,4.7160704740051,-4.380196452959076,0.03,70.05620628940096,781.0508982035927
6901028188081,202606,0,0.1990281672045739,-4.593430181431476,-0.21939247799429562,0.038733958507120254,53.35217690131094,205.99247176913423
6901028190602,202606,0,-1.7231313542265738,7.474360447303352,12.326866453974608,0.0766364200906484,48.11344534478334,26.869089099054257
6901028191142,202606,0,18.96258387701775,17.121997860037464,-8.42234005083982,0.03,49.48186245375156,319.5907434402332
6901028193504,202606,0,-0.3624242002652664,2.3192039413088734,2.424826438793605,0.06994899239020946,56.38760040006754,4670.290697674419
6901028204026,202606,0,4.505811371669395,8.118375496491545,-6.7655475306231025,0.19040467794049284,54.09082269808172,6316.75
6901028204835,202606,0,-3.734950049298533,9.063025935008998,12.910734625173184,0.03,49.7320966734228,319.5907434402332
6901028207508,202606,1,-1.891496259015831,0.20545841323452702,53.19525652849058,0.04449214527592186,57.35314921065918,667.9672131147541
6901028211352,202606,0,-6.10641512279615,14.39627916392243,14.23759661940287,0.034674714436333014,48.64804941758762,64.31372549019608
6901028216166,202606,0,0.1716661426272878,1.7820969717002242,-1.1362006962329305,0.05085836099263911,53.43436488323887,249.14511873350924
6901028218153,202606,0,0.0,9.717746083761417,-10.571491205764366,0.5637710877077413,69.08322686627042,44.52307692307692
6901028218184,202606,0,-21.15791875564902,7.508517100541109,24.25369033944471,0.03,54.59509264171505,319.5907434402332
6901028218603,202606,0,-6.312261420755753,2.778337913842119,7.4579103224378,0.14370246109547496,73.78980853958846,130.54849884526558
6901028218634,202606,0,12.930810886218836,5.488360814239471,-4.513715253174605,0.03,44.97296146689057,319.5907434402332
6901028218900,202606,0,-3.4118615639275447,-1.421650217130111,-2.4192380265800146,0.10125761786527929,69.29237807712163,370.75
6901028219174,202606,0,-0.7455998893205873,-8.165528557855595,-2.1015457795701495,0.18525321845466267,62.76548320821631,486.3611584327088
6901028221351,202606,0,0.0,4.919184953385359,2.1346871987812364,0.03,55.37069531383868,319.5907434402332
6901028221450,202606,0,-8.429122476581647,5.972616716892773,17.90450887565731,0.03,52.87222115379531,194.1308500477555
6901028224079,202606,0,-4.761715763677238,9.056193604387534,3.9312238815279654,0.03,59.18176456289353,194.39111747851004
6901028224642,202606,0,0.6973731286077722,7.803460256659342,5.628890247458146,0.34424380002800037,42.85733504146319,284.61975308641973
6901028225175,202606,0,-2.962993079048843,10.962694550697499,6.864914980716742,0.03,53.70625077937884,157.4900265957447
6901028227285,202606,0,5.449102330373535,11.577706321107517,3.712158637334563,0.03,44.76429485723119,532.6890130353817
6901028229074,202606,1,9.401180528354402,3.500360598818104,138.03422128212034,0.07695669061160632,52.01328338246092,1193.3333333333333
6901028230186,202606,0,-13.877587744691184,-0.7181070861169655,16.243528965835637,0.05938545200337949,60.09574027717747,136.05555555555554
6901028241410,202606,0,-3.049745636476274,-1.9961595121885674,-2.106364010641864,0.060505170059571775,62.084168638095406,126.82857142857142
6901028242066,202606,1,17.586710941696083,-5.562943090546286,180.45114331894865,0.09098330685672269,56.979882872267474,2874.75
6901028247375,202606,1,-3.5782164016710425,16.943116680946066,-122.62069616578975,0.0800190461921845,47.24761537643764,607.8181818181818
6901028252959,202606,1,-2.8353957182695098,-6.923327381091768,-8.43868163922365,0.04011134326575071,66.61705663445561,317.3855421686747
6901028268950,202606,0,-6.350914627925697,-5.330643218211272,0.6518521818294865,0.03,50.66468538752772,233.9747899159664
6901028268981,202606,0,-4.016667586762743,1.189301227431156,-3.8502015743283295,0.04834453283721366,53.95903583084474,236.9782608695652
6901028271004,202606,0,-2.071429591166563,9.03718735863474,8.281737023550113,0.032226014193139266,50.89669881127725,319.5907434402332
6901028271547,202606,0,0.1006349478401915,6.588696560508267,-2.605172248531436,0.18939020878146917,72.8246211756443,172.75
6901028275668,202606,0,-7.206060168340549,-3.859329325857084,9.216101947202116,0.03514401421843115,65.14596544239913,1226.9615384615386
6901028312356,202606,0,-7.177696785955689,-12.019033379223108,9.797001580634882,0.2743877655662281,70.9365273740932,4589.25
6901028314459,202606,0,0.0,5.758624655457793,2.1360749778130783,0.03,55.37069531383868,319.5907434402332
6901028314985,202606,0,0.0618872643338832,11.531688590368988,1.1353546577708933,0.5570188619839502,52.84159772362676,57.18873668188736
6901028315432,202606,0,-0.0064240012919825,-21.54343819615859,0.8938578294614263,0.03,53.32362742067208,319.5907434402332
6901028317177,202606,1,-3.0349813082082946,15.780166727798168,-265.99252071101665,0.03,55.54049440833473,600.1663201663202
6901028324830,202606,1,-1.6386559227298605,-0.9882572033812993,56.79274673736846,0.03,56.83535346928779,349.80232558139534
6901028325257,202606,0,-5.940240882796459,2.9219415669194313,4.23398230700727,0.10945089402798389,74.60607961962396,497.03333333333336
6901028339957,202606,0,-0.348251160449962,5.436405779909574,-2.692996385650977,0.03,65.24795151026123,301.5590507726269
6901028936477,202606,0,0.0,9.67429508663395,7.52787720957348,0.03,53.20226642690941,319.5907434402332
6901028936750,202606,0,2.220397656988524,0.14597607674586832,-14.375934528457535,0.7002867711941436,49.18727529922254,102.45182724252491
6901028937535,202606,0,0.0,9.102654568986605,7.508805051053963,0.03,52.957936411480745,319.5907434402332
6901028940504,202606,0,-1.812003290296467,15.284723375152439,6.7869360330794155,0.03,48.25435518876093,266.8845043310876
6901028942881,202606,0,15.443118913222207,5.748892261699213,-7.2770213024326855,0.03,39.92757640061647,319.5907434402332
