code,ym,T,Y,tau_oot,lag_S,lag_inventory_ratio
4891132530116,202509,0,3.521215136299759,14.457216673708457,39.83981805714251,319.5907434402332
4891132601014,202509,0,1.246749520650539,1.899056885419446,42.73981915367784,319.5907434402332
6901028000833,202509,0,-5.183721519679338,10.723527368082783,50.422466615665705,118.54176755447942
6901028001625,202509,0,3.942399333208464,5.755845657818583,48.64658132364801,495.195020746888
6901028005036,202509,0,8.2176428905533,4.4161481283344335,43.017465391142224,1147.3177570093458
6901028009744,202509,1,15.895500403196904,8.819495833729556,40.36890019466527,116.6625
6901028009805,202509,0,-3.1375774974545934,6.595553205389711,50.15109989717315,1142.8684210526317
6901028010115,202509,0,11.921803013466231,10.312522294501692,37.84856726160181,319.5907434402332
6901028011785,202509,0,2.240234692259349,1.8959527628877142,58.05124661456588,1786.6666666666667
6901028012003,202509,0,-0.0129702943058944,-12.032894574562915,61.13361169435174,259.1284046692607
6901028013611,202509,0,14.085464931362338,23.98597322893209,62.02744822350239,109.5068493150685
6901028018722,202509,0,11.183795286674211,7.699011020637289,37.285725681914094,319.5907434402332
6901028024976,202509,0,-10.233015694550147,3.504845516560255,58.39702002008214,231.88190954773867
6901028025645,202509,0,-5.336416133807013,0.6074297880749078,54.656009287169226,196.17406143344712
6901028039758,202509,0,-14.875983956763696,10.727660802863202,52.06732431075682,541.1052631578948
6901028042215,202509,0,0.0,-0.3608948531865251,55.37069531383868,319.5907434402332
6901028042635,202509,0,-1.6921441399007475,-0.9541997565934189,65.41832562890164,166.7041095890411
6901028042758,202509,0,0.0,3.3075289133794215,59.84434666066839,319.5907434402332
6901028042963,202509,0,-2.785507749972247,10.891636943324523,59.67354197380743,141.41608391608392
6901028045919,202509,0,-17.597906669116277,4.434690857758,55.05589509343606,1563.1833333333334
6901028046893,202509,0,-0.2530770417728547,4.657461981615179,52.39614359433386,610.440340909091
6901028057080,202509,1,12.331091892532127,13.257339255777902,45.67145174059053,3530.7499999999995
6901028058148,202509,1,9.13175637655241,9.102624128884854,51.96901446096227,716.8529411764706
6901028062015,202509,0,6.627947438251916,10.799408079352109,39.31846716271499,319.5907434402332
6901028062329,202509,0,-4.483013231023918,14.608207374650855,49.16417846793141,319.5907434402332
6901028063371,202509,0,0.2154877173433007,6.092480917350272,52.91996664185361,167.72513703993738
6901028065504,202509,0,-4.719007125047995,10.318327622147727,36.591554073652304,319.5907434402332
6901028071536,202509,0,8.537163269438281,12.526123864653554,34.998343930892275,1746.4999999999998
6901028075015,202509,0,-13.672503384416755,7.756864409829957,62.25356650347557,725.8813559322034
6901028075022,202509,0,21.9078671360658,10.63190768091219,40.91322589467523,319.5907434402332
6901028075053,202509,0,-5.924580119852344,13.64685427941489,41.25685237042101,3471.366666666667
6901028077910,202509,0,-8.98162568590088,9.544994153437138,39.26775860531086,319.5907434402332
6901028079990,202509,0,-6.064011560051725,-2.3288117441933056,73.82313555544536,196.9535714285714
6901028080224,202509,0,-0.0080436715630298,4.399851915204352,48.69522171576208,113.5204081632653
6901028080521,202509,0,0.0,11.286754381777033,39.28980319857845,319.5907434402332
6901028084321,202509,0,8.959507735102399,5.505246860812958,34.718534275035175,319.5907434402332
6901028084772,202509,0,-1.303782279738492,11.819395525406275,52.56657730026599,1477.0258620689656
6901028084925,202509,0,0.2235313258507787,6.2146340027720095,58.24559961278709,361.7164179104477
6901028092838,202509,0,0.0,4.034338437042747,33.96287801305309,319.5907434402332
6901028095891,202509,0,-11.401406320697369,4.437311640603932,33.86558140565072,319.5907434402332
6901028098335,202509,0,5.971917644282769,8.594012372240948,44.91742097498583,317.3064516129032
6901028100274,202509,0,0.0,3.4953974580045237,38.76375463214811,319.5907434402332
6901028104241,202509,0,0.2358347505154157,10.049286609414258,24.76937956325535,1083.625
6901028104302,202509,0,-3.0706849639271,14.920724499797428,50.36203137282773,375.44444444444446
6901028104692,202509,0,0.0,7.495183870383217,54.49024274954024,319.5907434402332
6901028107150,202509,0,0.0,11.750270750354568,39.92757640061646,319.5907434402332
6901028107297,202509,0,15.443118913222207,10.312522294501692,37.84856726160181,319.5907434402332
6901028111270,202509,0,-0.2561456596389746,-3.850101681083096,54.88188642701643,113.90338897319172
6901028112505,202509,0,0.0,8.955616692099033,38.154906397993685,319.5907434402332
6901028114455,202509,0,-0.6681213630752509,11.750270750354568,39.92757640061646,319.5907434402332
6901028118187,202509,0,-2.766261180892037,-7.987207857643438,52.73217472538207,114.53612303290416
6901028118828,202509,0,0.823407197307283,14.518033799427977,38.72289368565576,319.5907434402332
6901028119009,202509,0,0.7591817015133344,3.924454487578921,33.90473338050059,319.5907434402332
6901028121736,202509,0,-1.387411999028231,2.485263881552056,34.733978713084525,319.5907434402332
6901028123266,202509,0,0.5800555706529167,4.572961433196,33.99885780984246,319.5907434402332
6901028124058,202509,0,-15.11061589596912,15.887389258233199,52.53938604149768,1087.625
6901028125970,202509,0,5.93052449433128,11.750270750354568,39.92757640061647,319.5907434402332
6901028126007,202509,0,-3.8258954535278136,11.882414035912493,48.826387738618656,319.5907434402332
6901028129725,202509,0,0.0,8.69180463778808,53.65877777152609,319.5907434402332
6901028136686,202509,0,-16.821790779592,12.07787977527374,43.05728656891436,319.5907434402332
6901028136891,202509,0,-1.9043904584741755,8.603876841983503,53.832006654927646,132.47058823529412
6901028138536,202509,0,-15.301706167511604,13.285600629785625,51.658563745787966,319.5907434402332
6901028141147,202509,0,-5.770873614403911,12.297373111674624,49.848314471858615,62.33391434262949
6901028143448,202509,0,3.521215136299759,9.431409063415781,37.11665006570816,319.5907434402332
6901028143554,202509,0,-0.5113999254644099,-6.106517353243022,53.8578720108952,185.07857142857145
6901028143585,202509,0,10.384009975974736,12.887991855431428,48.51724556203235,319.5907434402332
6901028145077,202509,0,-7.817245314257072,13.080312623562655,38.83854322629199,319.5907434402332
6901028145473,202509,0,13.848828154886135,-2.5618571554377603,41.28974034108449,319.5907434402332
6901028150378,202509,0,9.848777130515424,8.99802172129374,36.12429387917426,319.5907434402332
6901028151634,202509,0,-0.7976748021354823,8.83776854506866,53.22699268883797,170.42168674698797
6901028154628,202509,0,7.761101870324481,7.138445489273796,36.54418829531275,319.5907434402332
6901028155557,202509,0,1.4427607626319343,0.8484473686674416,52.622727295866056,184.9045801526717
6901028159548,202509,0,0.2024886199303637,12.921282833998909,49.150752149283775,37.59344030202926
6901028159753,202509,0,0.2297943462307685,-2.5456704515180753,43.26339987903825,1987.625
6901028160285,202509,0,-15.787348373387587,2.9853765545165767,53.71088228614408,260.78752719361853
6901028162876,202509,0,-7.902435828874545,4.1302591376008495,51.529751831573776,824.7116883116884
6901028164177,202509,0,-7.676077686962834,10.444453405304847,41.95738186394746,319.5907434402332
6901028165242,202509,0,-10.64226484462356,1.6636973375850614,53.02683768504946,200.88834951456312
6901028165365,202509,0,5.9577408607214295,10.63190768091219,41.1882908697614,319.5907434402332
6901028165921,202509,0,0.0,8.421429120829671,53.95650256149349,319.5907434402332
6901028172509,202509,1,3.167217908158669,12.906368273851013,59.36055134194672,527.1525423728814
6901028172936,202509,0,6.291567090537384,4.392307972206364,33.41837597537855,319.5907434402332
6901028177153,202509,0,11.711904572403183,9.669545770356617,37.91065346211894,319.5907434402332
6901028177214,202509,0,-0.5981295336974313,7.69616015700233,61.43691196581384,240.4647887323944
6901028177771,202509,0,0.0,7.495183870383217,54.49024274954024,319.5907434402332
6901028178105,202509,0,6.344060718316946,10.63190768091219,42.09600528754574,319.5907434402332
6901028178259,202509,0,0.0,10.63190768091219,40.88168511086535,319.5907434402332
6901028178648,202509,0,3.3931951651827603,11.750270750354568,39.92757640061646,319.5907434402332
6901028179270,202509,0,-8.465400161558101,8.302135309490957,70.52410064223149,447.7381974248927
6901028179348,202509,0,-0.1107151200586855,-18.25470341443324,60.13080795026098,125.97520288548242
6901028179492,202509,0,-11.811909447991752,2.6704045799100697,66.11730557842176,14.79954376960365
6901028180009,202509,0,-1.1599744666385448,15.139699691060448,56.314803675637215,319.5907434402332
6901028180580,202509,0,-0.0258532821767829,-4.2232155443700705,54.87800749116602,172.8784032651436
6901028180603,202509,0,-0.0072904736627279,6.0497553204221655,52.57787203576847,201.99361331527
6901028180634,202509,0,5.832505220648457,0.2932452386091082,43.95227996672343,319.5907434402332
6901028180818,202509,0,-8.622854732165912,-5.367345132238193,55.28426810355914,230.4418604651163
6901028181457,202509,0,-0.1923052756172723,8.903114447013449,65.3745316573926,243.2988313856428
6901028181815,202509,0,0.5083327586005737,15.40943807513249,64.69169409474607,1479.7933333333333
6901028182560,202509,0,0.3654265869013926,-6.937490888840598,65.28636782213582,16.892078681552366
6901028184250,202509,0,0.0,11.750270750354568,39.92757640061647,319.5907434402332
6901028184304,202509,0,-0.807352080605412,6.619284325710064,63.78944448530039,319.5907434402332
6901028185912,202509,0,-1.5245502131271422,-17.38667086562556,60.05738953788574,57.21543408360129
6901028187343,202509,0,4.716768638865794,0.4486045129096705,53.433722539849896,324.8529411764705
6901028188029,202509,0,-11.625084706067554,5.425887771466997,72.79327606076448,1260.5232558139537
6901028188081,202509,0,-0.2422877688846796,13.079594901917591,53.35545927035952,95.369696969697
6901028189057,202509,0,0.0,8.421429120829671,53.95650256149349,319.5907434402332
6901028189989,202509,0,0.0,-1.5605808951086784,56.05690698691757,319.5907434402332
6901028190602,202509,0,0.0851429556664484,3.3837471246148487,53.58419821334615,136.86410256410255
6901028191142,202509,0,0.0,10.064381443700618,37.51481749825854,319.5907434402332
6901028193504,202509,0,-0.4863713665924578,8.549568229990088,55.574752862825136,959.4496855345913
6901028204026,202509,0,-3.8149730943024167,13.080312623562655,38.83854322629199,319.5907434402332
6901028204835,202509,0,-1.0244725189155162,1.814121979296708,64.65604117785944,1057.0333333333333
6901028207089,202509,0,0.0,5.954096332828211,52.55976897893037,319.5907434402332
6901028207508,202509,1,20.00052242875617,9.835814814042832,43.42247822999148,1121.875
6901028211352,202509,0,-0.1634950292496952,0.7446891426803068,52.60327779376692,110.5646004480956
6901028216166,202509,0,1.1823840304428472,8.254741804817096,52.02171899417093,484.66
6901028218153,202509,0,3.243838532212933,11.750270750354568,39.92757640061646,319.5907434402332
6901028218634,202509,0,0.0,-0.08043555811239383,49.49417443118679,319.5907434402332
6901028218757,202509,0,-5.431572673184114,8.71250264903526,38.25478840212817,319.5907434402332
6901028219174,202509,0,-13.537505373995174,1.899056885419446,43.54162454549857,319.5907434402332
6901028219839,202509,0,0.0,-1.5605808951086784,56.05690698691757,319.5907434402332
6901028221351,202509,0,3.303979695133457,9.47377819604367,37.07875688761382,319.5907434402332
6901028221450,202509,0,-0.5388111214713049,4.043851005345188,59.53590584541553,483.8189655172413
6901028224079,202509,0,10.833012439953045,1.5504586743594084,49.097249847080064,231.6475849731664
6901028224642,202509,0,0.778781616989896,-1.2097531817987495,43.7926227125934,395.7241379310345
6901028225113,202509,0,0.0,8.686899003386698,53.05399778506808,319.5907434402332
6901028225175,202509,0,-0.4862465396319848,9.935551435957889,53.990047367694096,156.76273653566233
6901028227285,202509,0,0.027505113579167,0.8729614810229828,52.42793919652225,524.8447653429603
6901028229074,202509,0,-0.2247140585021441,3.415749829795312,57.93317510464251,597.8611111111112
6901028241410,202509,0,1.0938195933827046,11.554942867205394,39.34932869743534,319.5907434402332
6901028242066,202509,0,2.7341080632364125,1.704809510703234,37.518331737975,319.5907434402332
6901028247375,202509,0,-1.9307694525209769,12.718148131701925,56.79885778316235,207.6176470588235
6901028252959,202509,0,-1.3471929720513174,10.338428884324351,61.90759830228127,408.75
6901028300063,202509,0,0.0,9.669545770356617,37.91065346211894,319.5907434402332
6901028314459,202509,0,-4.962522082325847,8.78944762043887,39.003187017307454,319.5907434402332
6901028314985,202509,0,-3.972574299011619,12.150480652987872,52.852029560728,34.204565030146426
6901028315432,202509,0,-17.78771071185972,9.078424369175272,33.995610329446855,319.5907434402332
6901028317177,202509,0,5.692908607976705,15.015478136535672,72.82547593928695,701.9794392523364
6901028324830,202509,0,4.870953400174216,1.0284702957409233,49.440178771849205,284.47727272727275
6901028331296,202509,0,0.0,-7.274302371937239,63.71411202757852,319.5907434402332
6901028339957,202509,0,4.991897472155358,12.139142756678039,68.2367213146671,469.7520510483136
6901028340618,202509,0,0.0,-6.509378565266324,59.35072301769621,319.5907434402332
6901028936477,202509,0,-1.9886645562633944,7.228062990317122,34.20710651515232,319.5907434402332
6901028936750,202509,0,-0.2100915778707559,9.265249328101707,53.0380772647154,753.2432432432433
6901028936996,202509,0,0.0,9.534908866396506,53.53164802998727,319.5907434402332
6901028937535,202509,0,10.85375648902746,10.274224741729741,28.05035895529497,319.5907434402332
6901028937832,202509,0,-0.270337535826421,12.044331893433961,58.234654724466886,373.9148936170213
6901028940504,202509,0,-2.956127995088586,4.260630560795107,49.11214110921791,226.9810650887574
6901028942881,202509,0,-1.2684225033368932,10.645092420948187,35.67910820824499,319.5907434402332
6901028942911,202509,0,-0.4136692556778953,0.42960237374028387,54.68382126161104,886.7777777777778
8888075005524,202509,0,-3.201643834924269,11.352797477616345,39.093565290259065,319.5907434402332
8888075056014,202509,0,10.910191542633854,11.508557850373696,39.759149436101424,319.5907434402332
8888075074865,202509,0,-1.8701581247712584,11.286754381777033,39.22299475452403,319.5907434402332
4891132530116,202510,0,8.414324205953541,15.051053218617035,36.31860292084275,319.5907434402332
4891132601014,202510,0,-1.2029381876472414,4.7554619565918355,56.9361885462495,94.0
6901028000833,202510,1,2.8045853311251534,8.53083135055739,59.14036194457317,209.4811320754717
6901028001625,202510,0,-2.450597687256426,7.2555449359824955,48.46463009151351,269.1717337715694
6901028005036,202510,0,4.625563776969074,9.984007170714868,45.69893576845915,977.304054054054
6901028009744,202510,0,4.734067038469554,12.218568168896503,40.63271591700762,440.8157894736843
6901028009805,202510,0,12.890108009896744,10.979150531523564,51.76389688299443,442.55
6901028010115,202510,0,3.521315899755976,16.44114775094075,37.84856726160181,319.5907434402332
6901028010771,202510,0,10.755417432472951,8.258434565676845,32.01818196426624,319.5907434402332
6901028011785,202510,0,-1.8207525504509905,2.8055211322462332,51.42969645747115,319.5907434402332
6901028012003,202510,0,-7.102615586832542,2.9524021215744485,57.0934687259814,369.58682634730536
6901028018722,202510,0,-6.640923832105969,12.66394218686171,52.26450996054304,319.5907434402332
6901028024976,202510,0,-3.0203928704934957,-1.7957659481579233,65.77575571563953,98.96041308089502
6901028025645,202510,0,-11.187669340584309,8.992769722815435,42.83921488273924,35.365075107296136
6901028039758,202510,0,14.467402710528129,7.607775311961389,53.333650249297634,217.7777777777778
6901028042215,202510,0,0.0,6.526976441579092,55.37069531383868,319.5907434402332
6901028042635,202510,0,-15.091317104294925,2.141835135378067,65.36744864358901,720.6176470588235
6901028042963,202510,0,2.225737364152714,8.93843306729142,53.65877777152609,319.5907434402332
6901028051989,202510,0,8.624658757904605,-2.6413226218604704,63.66174694033296,319.5907434402332
6901028057080,202510,0,0.4309970449632914,8.358202520483426,41.13676831080304,1719.0
6901028058148,202510,0,1.3379013345423232,13.645895739499101,43.30588208006144,3112.4
6901028062015,202510,0,14.404113318551431,13.44434304225451,39.31846716271499,319.5907434402332
6901028062329,202510,0,5.877584874653948,6.612007583964033,64.37223272545826,319.5907434402332
6901028063371,202510,0,-0.0930322553312024,2.9679043242560117,52.809623440710894,275.6569343065694
6901028065504,202510,0,-3.6250961026952666,9.908478022833663,55.06365178605358,539.4574468085107
6901028071475,202510,0,6.7908972340542775,3.246219355605886,33.866489336381626,1052.9199999999998
6901028071536,202510,0,-0.2621724047386706,13.312755821723298,45.52560014173663,361.6666666666667
6901028075022,202510,0,3.4918785920184376,16.314577356603827,40.91322589467523,319.5907434402332
6901028075053,202510,0,-8.406254462478842,5.35121841527418,53.95374964221349,134.84532924961715
6901028077910,202510,0,-1.5077902344273184,-8.455986001504025,65.86011123416688,4255.833333333333
6901028080224,202510,0,-11.925680519663324,6.049003936567385,49.30304179265661,81.61549295774648
6901028080521,202510,0,-15.443118913222207,4.435572701035575,54.73292211180066,319.5907434402332
6901028084321,202510,0,7.773927107223024,3.21391624580356,42.41892553371351,319.5907434402332
6901028084772,202510,0,2.461233483034043,-3.006014182227136,48.8603005788688,120.1693344566133
6901028084925,202510,0,-0.3282520007532241,-6.509524997394509,60.21897409718184,84.97510373443983
6901028092432,202510,0,3.5257799857184797,19.883033123644516,38.83854322629199,319.5907434402332
6901028092838,202510,0,0.0,8.899939492563528,53.72794615707408,319.5907434402332
6901028095891,202510,0,-4.625957853633743,13.095972742922852,49.442625884716826,319.5907434402332
6901028098335,202510,0,1.7817340798035772,3.7648390394248943,45.84713612810504,251.8823529411765
6901028100274,202510,0,0.0,2.59266099451869,57.72768323441396,319.5907434402332
6901028102094,202510,0,0.0,12.087696105608154,38.154906397993685,319.5907434402332
6901028104241,202510,1,0.0,1.7050786641429472,37.61273251108639,0.3333333333333333
6901028104692,202510,0,0.0,5.28858977136812,54.49024274954024,319.5907434402332
6901028107150,202510,0,0.0,6.968766145084566,55.37069531383867,319.5907434402332
6901028107297,202510,0,0.0,16.44114775094075,37.84856726160181,319.5907434402332
6901028111270,202510,0,0.242855587522591,6.653361964883393,54.7355049176476,75.09097035040432
6901028111546,202510,0,10.075930172388183,14.088765329278177,39.17114771912953,319.5907434402332
6901028112505,202510,0,9.832716533498823,8.795388921085259,53.59802531121588,319.5907434402332
6901028114455,202510,0,0.0,16.314577356603827,40.59569776369171,319.5907434402332
6901028118187,202510,0,4.747259607027431,-8.047160570025094,47.3058658542102,128.85388002201432
6901028118828,202510,0,-1.6522150735077616,17.45556619326213,58.19419639010673,1490.1527777777778
6901028119009,202510,0,3.4786929577784065,14.620481032405259,48.630787323474685,319.5907434402332
6901028120708,202510,0,-11.94134673628986,0.6055056335978182,64.90880770861247,852.375
6901028121736,202510,0,2.055533362103482,9.667155004463917,53.69790731535038,319.5907434402332
6901028123266,202510,0,-1.0339020603892486,8.806997315842239,30.576143217843143,319.5907434402332
6901028124058,202510,0,9.31707607777993,7.830459816614853,60.02930744795534,808.0769230769232
6901028125970,202510,0,3.220592945109672,6.968766145084566,55.37069531383868,319.5907434402332
6901028126007,202510,0,9.07454918483841,3.4445692292569396,43.199531333088025,319.5907434402332
6901028129725,202510,0,0.0,8.171217555391026,53.65877777152609,319.5907434402332
6901028133333,202510,0,17.952169478503812,19.883033123644516,38.83854322629199,319.5907434402332
6901028136686,202510,1,-6.114291001158378,8.69397572675534,56.69217446864205,130.29310344827587
6901028136891,202510,0,-4.317605403996801,5.371424645486959,55.44204879512332,178.6447931526391
6901028138536,202510,0,14.28548848020123,16.32521565629954,66.63234275613898,319.5907434402332
6901028141147,202510,0,0.1766091105554181,-5.624001720346545,50.72081591885368,33.206967476539404
6901028143448,202510,0,0.0,14.800028929188382,49.038553842630606,319.5907434402332
6901028143554,202510,0,-0.2993539138975691,-9.79778835022275,53.966709539478245,82.11908646003262
6901028143585,202510,0,3.5498390773508888,4.6211890302238885,43.77105564308203,319.5907434402332
6901028145077,202510,0,16.06010731538312,11.749359588422632,54.57627003246222,818.7614678899083
6901028145473,202510,0,1.160841806705747,-3.7513062095312173,54.24972863016302,103.79746835443036
6901028150378,202510,0,0.5077212531775928,2.9926213888121613,39.43442343007225,319.5907434402332
6901028151634,202510,0,-3.3980826585149373,-1.4691734530124236,53.06111607568822,41.74404015056462
6901028155557,202510,0,-0.494408676956418,9.778723193573553,52.44980882625953,210.91056910569105
6901028159548,202510,0,-1.3275443968604534,-7.326115094145893,48.56104033708451,18.76336345535304
6901028159753,202510,1,-11.38150828456662,-3.5187880505795888,50.26610793531241,109.63963963963964
6901028160285,202510,0,7.393369063591926,2.562245371885691,54.60232007852317,305.45510835913313
6901028162876,202510,0,0.5699353228153328,7.41149448416923,54.07037379748978,594.1842410196987
6901028164177,202510,0,6.620459011089302,2.5106092708230223,41.6105657587235,319.5907434402332
6901028165242,202510,0,10.36570000588042,-3.005727324996785,54.083687154039104,96.7509842519685
6901028165365,202510,0,-5.9577408607214295,7.64555275284019,56.6314097829836,319.5907434402332
6901028165860,202510,0,-0.3446461682518702,6.526976441579092,55.37069531383868,319.5907434402332
6901028165921,202510,0,0.0,9.828286685325164,53.95650256149349,319.5907434402332
6901028172509,202510,0,0.2596941976343103,20.099225454582744,56.11868783171828,972.4121212121212
6901028172936,202510,0,0.0,12.508361871597838,47.40634022481299,319.5907434402332
6901028177153,202510,0,3.7312143408190224,16.563562068981767,37.91065346211894,319.5907434402332
6901028177214,202510,0,-9.087622540433578,6.985819379027685,64.98492211177815,5598.75
6901028177771,202510,0,0.0,5.28858977136812,54.49024274954024,319.5907434402332
6901028178105,202510,0,-1.01219002484261,7.931965606920842,57.53912420076794,319.5907434402332
6901028178648,202510,0,0.6681213630752509,13.708499525605317,36.5343812354337,319.5907434402332
6901028179270,202510,0,-0.1111214424504751,-20.790487156242584,65.44616288824396,89.7375918094814
6901028179324,202510,1,-2.225163044452863,-6.882524472015878,75.32043931821337,3572.6874999999995
6901028179348,202510,0,-0.1233408624125615,-13.801579683263403,60.26917720066764,109.481843096951
6901028179492,202510,1,0.0200198846099084,-1.0398316295682601,65.45259651530573,9.858644245927485
6901028180009,202510,0,-1.237901226356385,13.545911677301579,55.6988480713479,319.5907434402332
6901028180580,202510,0,-0.0509227349630094,-8.495682787216758,54.94365327991123,119.09072589289542
6901028180603,202510,0,-0.0726780264109194,-4.679088990687661,52.64437807919155,108.77370091233638
6901028180634,202510,0,-7.226461255244068,0.257031563353372,53.70566104830646,319.5907434402332
6901028180818,202510,0,0.8836945937039431,-14.454993908509866,61.30376823309398,118.68129527055817
6901028181815,202510,0,-0.1345450263177241,2.350136084227855,66.37801922042658,156.0429762668377
6901028182560,202510,0,-0.2240074275122197,-3.6544643190684343,67.48644492110272,7.481501894591801
6901028184250,202510,0,0.6681213630752438,16.314577356603827,39.92757640061647,319.5907434402332
6901028184304,202510,0,-1.1910949748178083,8.042767286769697,63.085542970556304,319.5907434402332
6901028185912,202510,0,4.005206791403602,-11.074043998128847,58.00272420690358,66.80196547144755
6901028187343,202510,0,0.0504178716030025,6.5829266562661815,48.76446151951847,313.5348101265823
6901028187855,202510,0,3.380072068131668,9.625444923922146,74.98557790696891,820.75
6901028188081,202510,0,-15.183256881639744,-6.970158548520872,53.33619811264336,58.76720142602496
6901028189057,202510,0,0.0,9.828286685325164,53.95650256149349,319.5907434402332
6901028189989,202510,0,0.0,6.526976441579092,56.05690698691757,319.5907434402332
6901028190602,202510,0,-0.4995631776847418,-6.183522698384305,54.06555370293492,40.3764450867052
6901028191142,202510,0,0.0,16.51283416504493,37.51481749825854,319.5907434402332
6901028193504,202510,0,-3.88790423537732,11.612443909675484,57.2702264349387,500.9648562300319
6901028196024,202510,0,-15.443118913222214,7.641099693067506,49.49417443118679,319.5907434402332
6901028204026,202510,0,0.0,25.0,58.096635233816606,1779.375
6901028204835,202510,0,-0.3774008093738814,1.8879598400777489,66.84850706487086,477.8211009174312
6901028207089,202510,0,0.0,5.272592291753863,52.55976897893037,319.5907434402332
6901028207508,202510,0,0.2549152251484585,13.914888014360775,35.50309061777768,319.5907434402332
6901028211352,202510,0,0.1601999706062002,5.439819966734121,52.75303375105245,121.93762711864406
6901028212137,202510,0,21.435638879053883,16.314577356603827,39.92757640061647,319.5907434402332
6901028212229,202510,0,-5.830062054918997,-0.1755364334580159,61.69502390318279,319.5907434402332
6901028216166,202510,0,0.2576815986418737,6.836178886213908,52.12384120442744,290.49051490514904
6901028218153,202510,0,-15.443118913222207,9.374572749539071,52.12685678162573,319.5907434402332
6901028218603,202510,1,0.0,10.07298754657565,68.84520651959856,777.4473684210526
6901028218634,202510,0,0.0,7.641099693067506,49.49417443118679,319.5907434402332
6901028218757,202510,0,3.2016438349242837,9.160320219444591,55.92783615361021,319.5907434402332
6901028218788,202510,0,0.0,6.908751249575887,56.32480402408755,319.5907434402332
6901028219174,202510,1,2.866755334299576,0.614836956663389,69.65549349841638,241.0997899159664
6901028219839,202510,0,0.0,6.526976441579092,56.05690698691757,319.5907434402332
6901028221351,202510,0,-5.406561036459422,5.339375951110297,51.53332115592579,319.5907434402332
6901028221450,202510,0,3.0393065483460973,1.061152903530351,55.81204351775554,720.3529411764706
6901028224079,202510,0,-3.337226304352889,-3.258072993514589,49.59653967245033,53.33848614072495
6901028224642,202510,0,-0.182345437651854,10.111255872819827,53.17569200364678,602.1032608695652
6901028225113,202510,0,0.0,6.020272031564597,53.05399778506808,319.5907434402332
6901028225175,202510,0,0.4024106923655139,-7.428661828796055,54.001351647726594,91.67501789549031
6901028227285,202510,0,9.525575116518723,0.2870792958842902,52.315434041879016,307.1788617886179
6901028227438,202510,0,3.521315899755976,12.37976756887158,57.27834522969557,319.5907434402332
6901028229074,202510,0,-0.033788468873837,-0.9628784375309352,60.04961641074556,188.27
6901028241410,202510,0,-12.27455867114334,-1.1522347239081558,65.97318668841817,2145.125
6901028242066,202510,0,-14.619910422866637,4.008630827752767,37.19346833738006,319.5907434402332
6901028247375,202510,0,10.268308970792448,-5.368431879657408,65.88586760452968,253.896551724138
6901028300063,202510,0,0.0,7.580056851155743,53.35377237534114,319.5907434402332
6901028314985,202510,0,-14.982104345939554,3.441762544247946,56.77165092895648,9.10252935862692
6901028315432,202510,1,7.769464219760447,1.4513780065353166,47.86681375370108,150.56068204613842
6901028317177,202510,0,-0.8134978146851637,1.978945025073186,67.943686933267,327.44349315068496
6901028324830,202510,0,-0.7477499612724046,1.0973826952277366,49.67433995025268,223.8928571428571
6901028331296,202510,0,0.0,-1.764040533062244,60.29894278413247,319.5907434402332
6901028339957,202510,0,-13.03965399192461,0.6520306297880423,62.44938034520955,214.08065915004337
6901028340618,202510,0,0.0,2.796106538865507,59.35072301769621,319.5907434402332
6901028920858,202510,0,0.0,17.432394823685023,39.80002176020887,319.5907434402332
6901028936477,202510,0,1.2386063450398197,4.678540148975219,48.523348099746414,319.5907434402332
6901028936750,202510,0,-1.5269094320912586,4.009664520248738,53.81725646919706,460.97169811320754
6901028936996,202510,0,0.0,8.717089606706049,53.53164802998727,319.5907434402332
6901028937535,202510,0,-1.7635932971633466,5.122763795369838,35.39800006135055,319.5907434402332
6901028937832,202510,0,-1.749275016516755,4.286907340617258,59.68522749351549,115.604206500956
6901028940504,202510,0,-0.3404898419485178,7.070770665176984,49.27706328517788,109.87485218762318
6901028942881,202510,0,11.618318208235188,6.2820540143017976,35.67558517626086,319.5907434402332
6901028942911,202510,0,11.879897048560537,-1.6550701487150874,46.0397772761906,91.65503875968992
8888075005524,202510,0,3.201643834924269,6.2864638639595745,54.53668420348127,319.5907434402332
8888075018616,202510,0,5.892393616879978,16.314577356603827,39.98557289388477,319.5907434402332
8888075024037,202510,0,-11.577229041529968,12.607190042948863,37.11665006570816,319.5907434402332
8888075034715,202510,0,-14.89620660861376,17.432394823685023,39.81699435318951,319.5907434402332
8888075034777,202510,0,19.77217497488996,17.190958718360704,39.85607177366855,319.5907434402332
8888075056014,202510,0,4.532927370588361,17.233834199694904,39.759149436101424,319.5907434402332
8888075074865,202510,0,1.8701581247712584,4.435572701035575,54.66611366774623,319.5907434402332
6901028000833,202511,0,-7.069780380090009,14.410252508228105,53.95664042489384,844.6490384615386
6901028001625,202511,0,-3.8792118911356814,9.355318939248136,52.407029424721976,199.74277978339347
6901028005036,202511,0,-9.772866898884502,-10.466174669243566,53.91657865901245,186.1898148148148
6901028009744,202511,0,-8.307804776940031,16.040523753677753,56.52821632020453,33.3475935828877
6901028009805,202511,0,-18.07686627341413,15.979819802390578,48.62631938553984,319.67808219178085
6901028010115,202511,0,0.0,13.191328858257002,49.77037027506804,319.5907434402332
6901028010771,202511,0,0.3116427056564959,22.85807355227271,46.7711985136618,3395.0
6901028011785,202511,0,9.6180807909237,13.328017966486225,53.6699311497305,4052.875
6901028024976,202511,0,-17.172593647399204,18.208084605314895,55.54274002108939,706.4928909952606
6901028025645,202511,1,3.392164568309425,11.094461029370233,37.50279874893222,69.4751461988304
6901028039758,202511,0,-14.480420220611164,10.569228723346601,38.457666292533936,319.5907434402332
6901028042215,202511,0,0.0,2.330363915977951,55.37069531383868,319.5907434402332
6901028042635,202511,0,10.729179433697771,-1.0291504954118254,63.67530450368827,2855.0333333333333
6901028042963,202511,0,-7.768321030646469,9.384409886725027,50.87327002155384,319.5907434402332
6901028045919,202511,0,8.504721713547696,17.954248986022076,39.47855433421607,319.5907434402332
6901028051989,202511,0,-8.624658757904605,-1.748758345748473,63.66174694033296,319.5907434402332
6901028057080,202511,0,-15.263415826924948,-0.7802147191044853,53.46786020333517,842.95
6901028058148,202511,0,-0.0475936340820908,4.854466338348234,52.43763845661385,1506.6136363636365
6901028062015,202511,0,0.4221363639831423,4.379641291664506,45.9464146009669,91.90712074303406
6901028062329,202511,0,-11.810301807594795,14.61097810999266,59.88921949443434,472.6111111111112
6901028063371,202511,0,0.359607272101023,8.164418391663299,53.0251111580542,208.4475627769572
6901028071475,202511,0,-11.6976379962818,6.652851177380014,42.81739422434646,592.8372093023256
6901028071536,202511,0,0.1559115550572585,1.3870557620806447,54.062763411174906,182.0232558139535
6901028075015,202511,0,-5.163860712956875,12.655587700749695,67.5966457045622,1460.9305555555557
6901028075053,202511,1,12.675854355443208,7.778008461440951,48.02916952236114,373.42193308550185
6901028077910,202511,0,-2.477814213230843,11.766580935046091,56.878485548266,319.5907434402332
6901028080224,202511,1,10.53116869533195,0.3004864245848582,49.29499812109358,138.775069637883
6901028080521,202511,0,15.443118913222207,6.717579335824363,54.73292211180066,319.5907434402332
6901028084321,202511,0,-10.632807456896757,8.490879053214458,51.378433268815904,1348.1031746031745
6901028084772,202511,0,-7.111663328296409,1.7104504145000259,47.5565182991303,298.8507992895204
6901028084925,202511,0,-15.428300300389225,-0.839163814550164,60.44250542303262,192.42260061919504
6901028092838,202511,0,0.0,8.274789165402927,53.72794615707408,319.5907434402332
6901028095891,202511,0,1.5515545583512065,1.6053778406680097,38.04121956401946,319.5907434402332
6901028098335,202511,0,-12.687708100343675,6.82072344591641,51.81905377238781,1116.8461538461538
6901028102094,202511,0,-14.896206608613753,8.080132754855176,53.59802531121588,319.5907434402332
6901028104241,202511,0,0.0,8.049914835480687,37.84856726160181,319.5907434402332
6901028104302,202511,0,0.0,13.711236381351567,57.35234710344129,4263.499999999999
6901028104692,202511,0,0.0,4.63184917548984,54.49024274954024,319.5907434402332
6901028107150,202511,0,0.0,2.330363915977951,55.37069531383867,319.5907434402332
6901028107297,202511,0,0.0,7.6813117468249485,53.291686174824015,319.5907434402332
6901028111270,202511,0,0.4033532500125432,-1.2403501377785513,54.47935925800862,98.81994459833795
6901028114455,202511,0,15.443118913222207,24.034519845364887,39.92757640061646,319.5907434402332
6901028118187,202511,0,-7.361801977266836,1.0916837632907515,44.53960467331816,228.3360809291869
6901028118828,202511,0,-12.820193892839626,14.42199440075034,59.017603587414015,1721.1999999999998
6901028119009,202511,0,-4.58156061711977,11.04849088824559,49.38996902498802,319.5907434402332
6901028120708,202511,0,3.525102922746313,-0.6597074971450272,65.14361316319926,1469.9166666666663
6901028121736,202511,0,3.560766037282704,11.97152119510824,52.31049531632215,319.5907434402332
6901028123266,202511,0,0.2767264067457873,7.919898597370988,31.15619878849606,319.5907434402332
6901028124058,202511,0,6.040418051920092,22.546777018707537,44.91869155198622,354.6748768472906
6901028125888,202511,0,0.0,24.034519845364887,39.92757640061647,319.5907434402332
6901028126007,202511,0,-9.978016454550025,23.477543261882563,39.37363587956021,319.5907434402332
6901028129725,202511,0,0.0,8.075668644588829,53.65877777152609,319.5907434402332
6901028133081,202511,0,0.0,0.07464080954282049,38.25478840212817,319.5907434402332
6901028136686,202511,0,21.466868841464944,15.056605195147506,39.87038368905005,319.5907434402332
6901028136891,202511,0,2.944189653530721,9.184783805821109,53.537658336649145,169.40696278511408
6901028138536,202511,0,-12.413858641919203,9.135808469377134,51.33063658862738,319.5907434402332
6901028141147,202511,0,-2.21391761045404,12.391531945528836,44.94994230444977,78.64255602396273
6901028143554,202511,0,-1.2597579770890377,11.042857953167363,53.45530961401384,553.6691176470588
6901028143585,202511,0,-9.583340779817815,10.440220444608613,54.15506561905677,319.5907434402332
6901028145077,202511,0,-20.715221292598223,21.117554164106963,46.75902471820515,813.2689075630252
6901028145473,202511,0,-17.174836376523835,-3.4302746149577645,68.09855678504915,613.4137931034483
6901028150378,202511,0,4.952824752531193,10.256530479599169,49.28320056058767,319.5907434402332
6901028151634,202511,0,4.110785753930948,17.884157662464986,52.263441273552736,760.796875
6901028154628,202511,0,-12.85367369380571,17.831621812360748,51.96232961500782,319.5907434402332
6901028155557,202511,0,0.0878049180254336,2.1229700475365147,53.89256958889146,127.0549898167006
6901028159548,202511,0,-19.167717295541674,6.602065527590416,48.76352895701488,113.47227626459144
6901028159753,202511,0,11.998330831116036,11.913292250093493,50.49590228154318,840.0588235294117
6901028162876,202511,0,0.0348146946834333,8.835057663204946,46.167937968615234,794.9502487562188
6901028164177,202511,0,-7.334569457070096,7.04506713198027,33.93448807176067,319.5907434402332
6901028165242,202511,0,2.675304232639377,0.1594817889659742,43.44142230941554,550.6577181208054
6901028165365,202511,0,-3.5414747070494386,18.786015947019493,62.58915064370503,802.8666666666667
6901028165921,202511,0,0.0,5.7688414303388615,53.95650256149349,319.5907434402332
6901028172509,202511,0,2.547434531143189,9.482299021597733,59.28590573987695,504.4736842105264
6901028172936,202511,0,-14.246630802654336,8.745621811446775,53.69790731535038,319.5907434402332
6901028177153,202511,0,0.0,8.977351237921402,49.62255803452212,319.5907434402332
6901028177214,202511,0,0.0715252761915437,9.06781876926149,64.38679257808072,6276.25
6901028177771,202511,0,0.0,4.63184917548984,54.49024274954024,319.5907434402332
6901028178105,202511,0,0.6752953336333647,-5.971618277564856,63.88318491908489,251.2575757575757
6901028178259,202511,0,-2.518792024837872,24.034519845364887,40.88168511086535,319.5907434402332
6901028178648,202511,0,-14.18071590177478,24.034519845364887,39.92757640061646,319.5907434402332
6901028179270,202511,0,0.0011111430838752,0.8505277028872336,56.98076272668586,87.11624588364435
6901028179324,202511,0,-5.01442187408388,11.278778671958557,50.9830497765849,319.5907434402332
6901028179348,202511,0,-5.504807575584522,-12.933637589730614,60.15846208060896,151.5207756232687
6901028179492,202511,0,-10.765148735301551,24.194557281323192,53.640687067313976,319.5907434402332
6901028180009,202511,0,-4.488173644402053,22.250180883566227,54.53887360470936,319.5907434402332
6901028180580,202511,0,-14.873990796433477,-5.8692820684281655,54.91779999773445,124.719393182554
6901028180603,202511,0,-0.5463220288253652,-0.1468045468242941,52.63708760552882,162.6783341243474
6901028180634,202511,0,-6.425251439823683,13.847203585113444,59.53816626895492,319.5907434402332
6901028180818,202511,0,-14.94698144567218,1.5232382194389418,52.68091350092807,350.06324472960586
6901028181457,202511,1,0.0,6.272168171095499,65.68337293528079,232.7014492753624
6901028181815,202511,0,-5.605272101779384,1.7481313643791585,66.88635197902715,177.28516868236792
6901028182560,202511,0,-6.88800648338966,-0.056256984394203506,67.85187150800411,12.221187427240976
6901028184250,202511,0,-0.6681213630752438,24.034519845364887,39.92757640061647,319.5907434402332
6901028184304,202511,0,-4.926317849742745,17.1540485984407,62.27819088995089,319.5907434402332
6901028185912,202511,0,-14.316334807663452,-9.79699481859801,56.47817399377644,52.38447899618113
6901028187343,202511,0,0.0,-0.40691661801945633,53.48123015838426,483.172131147541
6901028187855,202511,0,-14.916264890100685,12.251604131674217,51.99062324570701,319.5907434402332
6901028188029,202511,1,0.0,-24.780181145105008,79.52246780702654,141.95296523517385
6901028188081,202511,1,0.6533440022941619,9.245880087026674,53.09391034375868,152.73714285714286
6901028189057,202511,0,0.0,5.7688414303388615,53.95650256149349,319.5907434402332
6901028189989,202511,0,0.0,2.330363915977951,56.05690698691757,319.5907434402332
6901028190602,202511,0,0.5274451988842017,12.146273493149385,54.15069665860137,31.156771799628945
6901028191142,202511,0,0.0,8.434053890311176,37.51481749825854,319.5907434402332
6901028193504,202511,0,0.8957914078630012,17.994724947024544,56.78385506834624,962.6119402985074
6901028204026,202511,0,-0.1531875313786415,5.998940201027894,54.28166213951419,319.5907434402332
6901028204835,202511,0,-11.848608425365583,1.9551515568924147,65.82403454595534,303.13986013986016
6901028207089,202511,0,0.0,1.4915715850253504,52.55976897893037,319.5907434402332
6901028207508,202511,1,-3.1216449420376198,9.740299622389546,55.50361304653385,31.123076923076923
6901028211352,202511,0,-15.633088626700795,-4.097436069195536,52.589538721802754,155.07083333333333
6901028212137,202511,0,-20.483468835187463,11.81501711335572,51.21783982072557,319.5907434402332
6901028216166,202511,0,-0.2060380231166121,-5.814386353715511,53.30622523487028,689.4537037037037
6901028218603,202511,0,0.0,24.034519845364887,39.92757640061646,319.5907434402332
6901028218634,202511,0,0.0,10.099196089050427,49.49417443118679,319.5907434402332
6901028218757,202511,0,0.0,13.304418062668686,50.496263480426094,319.5907434402332
6901028219174,202511,0,-14.640770534168048,14.243182629018918,56.1179881244212,4122.131578947368
6901028219839,202511,0,0.0,2.330363915977951,56.05690698691757,319.5907434402332
6901028221351,202511,0,0.2106652571433045,11.612860113832697,54.83730085105925,319.5907434402332
6901028221450,202511,0,1.2391716834161812,1.9515773286103584,55.27323239628424,249.9723404255319
6901028224079,202511,0,-5.449990916796878,-10.30657185257013,60.42955211240337,319.5337301587301
6901028224642,202511,0,-12.71532216314862,-3.4828713183317253,53.95447362063668,133.69179004037684
6901028225113,202511,0,0.0,7.304654626141575,53.05399778506808,319.5907434402332
6901028225175,202511,0,0.0641320082412235,4.472156097895704,53.51510510809461,465.185975609756
6901028227285,202511,0,-18.90496334562834,3.6185656783397553,52.34293915545818,580.0786516853932
6901028227438,202511,0,15.443118913222207,7.777266893499943,34.32725136184583,319.5907434402332
6901028229074,202511,0,-1.4059391861270851,6.90294198640094,59.82490235224341,258.2116182572614
6901028241410,202511,0,0.0,2.58087628568896,67.06700628180087,900.75
6901028247375,202511,0,-14.24079118828864,1.3757156924372897,63.9550981520087,402.5161290322581
6901028300063,202511,0,0.0,7.835460646087042,53.35377237534114,319.5907434402332
6901028312356,202511,0,-7.798925887918514,2.330363915977951,55.37069531383868,319.5907434402332
6901028314459,202511,0,5.613085426422558,0.12625070321215728,61.65916441387718,319.5907434402332
6901028314985,202511,1,0.0,3.681026719072375,52.799076629944864,36.67814652473388
6901028315432,202511,0,-13.0560665899676,11.69540468664398,30.07910304184136,319.5907434402332
6901028317177,202511,0,-15.36590195522858,11.788127346765148,73.63659554124371,516.1839557399724
6901028339957,202511,0,-0.6787303581613173,-9.485697791072798,67.4412778173649,1109.129909365559
6901028340618,202511,0,0.0,1.6760347861087288,59.35072301769621,319.5907434402332
6901028936477,202511,0,-4.973905201947694,19.076053430855545,46.53468354348302,319.5907434402332
6901028936750,202511,1,-15.05691240437421,1.2473502106660752,53.60716489132631,699.0677966101695
6901028936996,202511,0,-14.896206608613753,8.080132754855176,53.53164802998727,319.5907434402332
6901028937535,202511,0,-2.666844147242209,25.0,46.25175655037801,319.5907434402332
6901028937832,202511,1,0.0075982168888941,9.152237123362113,59.41488995768906,332.7719298245614
6901028940504,202511,0,-0.957149225946594,6.920943188341338,46.320935290089295,106.3261127094263
6901028942881,202511,0,-9.336734305941796,0.13356423143396365,34.40716267292397,319.5907434402332
6901028942911,202511,0,-4.045757494238458,11.001433885836327,45.6261080205127,139.50318471337582
8888075005524,202511,0,-13.159396398294575,11.163774838688301,51.335040368557,319.5907434402332
8888075018616,202511,0,0.0,7.29276407926011,49.536298190227,211.6842105263158
4891132530116,202512,1,14.896206608613756,12.877252382052284,48.25414226309605,10.953488372093023
6901028000833,202512,0,9.4822265391116,7.944728997510291,56.76122575601899,188.3041025641025
6901028001625,202512,0,11.89622721755245,0.4680327580081389,49.95643173746555,494.8307984790874
6901028005036,202512,0,8.481852049139107,-3.9312613981414373,58.542142435981525,482.9815498154981
6901028009744,202512,1,11.308027821308514,-8.297640995566722,61.26228335867408,17.925445705024313
6901028009805,202512,0,16.96915408124967,3.8453869649482466,61.51642739543658,253.57327586206893
6901028010115,202512,0,-6.606102287226271,9.433232416621864,53.291686174824015,319.5907434402332
6901028012003,202512,0,-2.792741546751216,-4.07358246114856,57.08049843167551,1036.4528301886794
6901028039758,202512,0,14.309998089487928,4.157695185081637,52.92506900306206,285.18333333333334
6901028042635,202512,0,5.57824994293459,15.410127102128495,48.583987399393344,3016.208333333333
6901028045919,202512,0,10.11164644861438,9.173678016604898,54.52870151561049,3346.938461538461
6901028046893,202512,0,-3.3752281609578816,14.451758611446378,29.596029869714645,319.5907434402332
6901028051989,202512,0,10.037213657007634,-10.299208017299865,72.28640569823756,139.2336448598131
6901028057080,202512,0,15.383147213045092,-8.93770275467507,53.89885724829846,137.2354948805461
6901028058148,202512,0,-4.982378810907541,4.760923721160909,53.77553979115617,363.3282051282051
6901028062015,202512,0,0.1785047550165259,-2.49427340185981,60.350527919518335,688.6825396825396
6901028062329,202512,0,2.2425576311929376,-8.383272675637814,65.76680436908829,196.1760563380282
6901028063371,202512,0,-3.458684672615675,7.562904734496608,52.93207890272299,59.27174929840973
6901028065504,202512,0,14.0674445158932,5.880993518676396,50.34464466100559,482.3023255813954
6901028071536,202512,0,-3.86348383531562,-16.111700934892074,53.80059100643624,16.898203592814372
6901028075015,202512,0,15.265071326018855,-2.0681711429048066,66.00272685686475,415.5297297297297
6901028075022,202512,0,17.05497280496595,13.613564281297817,66.31297162275946,1921.6944444444448
6901028075053,202512,0,1.239356633272493,24.22537817028801,39.6229150598823,4808.11111111111
6901028079990,202512,0,-1.6477340344527818,-2.548920008261406,76.83820919118199,167.74493927125505
6901028080224,202512,0,-13.817301793939556,22.669954307573775,37.369317601430254,319.5907434402332
6901028080521,202512,0,12.941580644516025,15.416725550685264,39.28980319857845,319.5907434402332
6901028084321,202512,0,7.223644196483704,7.514116926535617,59.15236037603893,745.9391891891893
6901028084772,202512,0,17.145279759763433,6.333542642997986,50.017751782164346,206.7643979057592
6901028084925,202512,0,15.544118917639928,4.094629125547617,60.1142534222794,343.3980582524272
6901028092838,202512,0,0.0,8.474630556319552,53.72794615707408,319.5907434402332
6901028095891,202512,0,3.0744032952825364,13.977815968222194,33.415261710385714,319.5907434402332
6901028098335,202512,0,12.166982135241753,-11.057117337580449,53.60078785219138,705.5925925925926
6901028100274,202512,0,0.0,3.9678593909433744,57.72768323441396,319.5907434402332
6901028102094,202512,0,14.896206608613753,8.384419638278398,53.59802531121588,319.5907434402332
6901028104241,202512,0,4.055064313509028,6.313389364580076,37.84856726160181,319.5907434402332
6901028104302,202512,0,6.527043880770528,6.62193488592694,54.28166213951419,319.5907434402332
6901028107150,202512,0,0.0,4.868856197039213,55.37069531383867,319.5907434402332
6901028107297,202512,0,0.0,9.433232416621864,53.291686174824015,319.5907434402332
6901028111270,202512,0,-3.498976627352292,-1.2786045186210822,54.72221484553121,232.67064439140813
6901028112505,202512,1,20.94581571638051,-0.856178579683592,63.4307418447147,255.34615384615387
6901028114455,202512,0,-15.443118913222207,18.957786303552144,39.92757640061646,319.5907434402332
6901028118187,202512,0,13.975874471911965,5.842633086214576,49.28686428034559,231.1024451939292
6901028118828,202512,0,8.58918857811473,12.082418057651456,57.365388513906254,3649.714285714285
6901028119009,202512,0,11.736786015930548,12.468285983944934,52.868661982766426,319.5907434402332
6901028120708,202512,0,9.166195954623618,12.753964826244117,53.20226642690941,319.5907434402332
6901028121736,202512,0,-4.874558589106528,6.087765204894357,54.36602867842563,319.5907434402332
6901028123266,202512,0,11.999920336324609,16.397411127763377,30.12229672810681,319.5907434402332
6901028124058,202512,0,-6.360942964129187,16.699758193948426,54.23576762976615,3003.851851851852
6901028126007,202512,0,12.86023107168178,20.877074944467797,48.44818506439862,319.5907434402332
6901028133081,202512,0,0.0,10.021115540797672,53.69790731535038,319.5907434402332
6901028133333,202512,0,13.484403602970708,19.31152704222886,38.83854322629199,319.5907434402332
6901028136686,202512,0,-2.406325789951943,16.56962668362303,33.75609268789167,319.5907434402332
6901028136891,202512,0,-10.508364001116846,14.308893556422863,49.22005293265234,96.44030322173089
6901028138536,202512,0,19.180495933517903,8.022443279395358,65.61612506882861,319.5907434402332
6901028141147,202512,0,16.154215323132817,1.5754817814222064,45.12655141500519,58.65298854134407
6901028143448,202512,0,-5.575235988910549,14.538032356945333,52.55976897893037,319.5907434402332
6901028143554,202512,0,1.9273670110455183,1.699385409104602,53.155955700116266,760.1041666666666
6901028143585,202512,0,5.232208458751309,11.264654311856017,57.70490469640765,319.5907434402332
6901028145077,202512,0,18.671806274876182,-6.126215106725957,62.81913203358827,299.7119341563786
6901028150378,202512,0,6.301215511265966,14.171574619004291,49.79092181376527,319.5907434402332
6901028151634,202512,0,0.2265283470688359,-8.81726868017351,48.8653586150378,384.7361111111112
6901028154628,202512,0,8.815738328596936,7.054021431401505,59.7234314853323,1221.7499999999998
6901028155557,202512,0,0.303740445516766,1.1617627098880958,53.39816091193504,696.5625
6901028159753,202512,1,6.239814660181594,-0.2187319442892657,39.11439399697656,304.59375
6901028160285,202512,0,-2.9355957975793388,1.6739191098259565,38.814971705135584,581.3104265402843
6901028162876,202512,0,3.646696752760569,8.537241522360386,46.73787329143057,457.0827067669173
6901028164177,202512,0,12.15581065354445,25.0,40.55494708284997,319.5907434402332
6901028165242,202512,0,-3.634513008658097,-1.42948106467216,53.80712231529596,261.4891774891775
6901028165860,202512,0,-7.086526611272902,10.763904841181615,74.42321283529697,660.9285714285714
6901028165921,202512,0,0.0,6.943415206005545,53.95650256149349,319.5907434402332
6901028172509,202512,0,-2.32450743381888,8.772545259677853,59.54559993751126,389.935866983373
6901028172936,202512,0,8.742922361406599,10.021115540797672,53.69790731535038,319.5907434402332
6901028177153,202512,0,-19.29585902242965,8.991994640705457,53.35377237534114,319.5907434402332
6901028177214,202512,0,13.93287864840508,-1.8175808870388412,55.29917003764714,249.23684210526315
6901028177771,202512,0,0.0,4.060486829043226,54.49024274954024,319.5907434402332
6901028178105,202512,0,0.3387300620588576,5.340828417961476,62.87099489424228,1030.871212121212
6901028179270,202512,0,0.1320136885091827,-6.395066852576819,56.869641284235385,95.55539631793629
6901028179348,202512,0,13.722795331100272,-8.085068176836508,60.0351212181964,253.27207001522072
6901028179492,202512,0,12.470429354389474,15.262895854420353,53.660706951923885,319.5907434402332
6901028180580,202512,0,13.164781904568244,0.5095758655251131,54.86687726277144,177.970094381036
6901028180603,202512,0,0.6094211634759787,2.6192916138576607,52.5644095791179,219.9041728965611
6901028180634,202512,0,-2.355754270161249,10.860919812517134,52.31170501371085,319.5907434402332
6901028181815,202512,0,-2.7860729762955074,-8.10523011854679,66.75180695270943,137.99017681728878
6901028182560,202512,0,7.86056381719041,3.65861366660947,67.62786408049189,21.343219713737643
6901028184250,202512,0,-0.3381891956555307,18.204166618875686,40.59569776369172,319.5907434402332
6901028185912,202512,0,16.84674471327333,3.592336664562816,60.48338078518004,53.9556810403833
6901028187343,202512,0,0.0556772358810704,8.384419638278398,53.53164802998727,319.5907434402332
6901028188081,202512,0,12.99832904921206,6.391505201368072,37.91065346211894,319.5907434402332
6901028189057,202512,0,-15.443118913222207,6.943415206005545,53.95650256149349,319.5907434402332
6901028190602,202512,0,-0.1610927921694482,4.703401023247857,53.65113348091663,414.25396825396825
6901028191142,202512,0,0.0,13.921152439988505,37.51481749825854,319.5907434402332
6901028193504,202512,0,4.844982216844961,9.310973537872894,52.89595083296892,3237.52427184466
6901028204835,202512,0,-2.602551903720162,4.085997399796819,65.44663373658146,764.5657894736843
6901028207508,202512,0,6.858845468568077,11.91796083071705,55.75852827168231,286.9107142857143
6901028211352,202512,1,15.619507152246436,2.8436209283339355,52.74973869240896,163.15824468085106
6901028216166,202512,0,-0.0882578803559113,-2.969283059053889,53.56390683351216,173.16387959866222
6901028218184,202512,0,12.182423400296685,14.404025662304564,63.59460445318741,559.475
6901028218757,202512,0,-3.0084282381845924,10.021115540797672,53.69790731535038,319.5907434402332
6901028221351,202512,0,7.25045748896251,13.494044192849483,49.43073981459983,319.5907434402332
6901028221450,202512,0,-3.9883891733675862,12.98530646479442,58.31253894463033,1912.032258064516
6901028224079,202512,0,10.82914138150536,1.9876582673433334,57.09232580805048,861.2107279693487
6901028224642,202512,0,13.014484194531896,5.289938363511768,53.77212818298482,391.7164750957854
6901028225175,202512,0,0.028953911020757,2.3634619477550687,53.91751580046012,181.01501976284587
6901028227285,202512,0,19.706831906723515,1.2382419155834856,61.868514271976906,402.6310975609756
6901028227438,202512,0,-21.054515307439296,6.313389364580076,37.84856726160181,319.5907434402332
6901028229074,202512,0,-1.7152281259236375,-2.219619222990366,59.791113883369576,188.70188679245285
6901028241410,202512,0,10.31383317134285,3.658548237816376,54.79244761065753,319.5907434402332
6901028242066,202512,0,2.647694261372713,16.67761766242235,39.92757640061647,319.5907434402332
6901028252959,202512,0,0.3972576082744297,11.016936378323075,65.92421719452913,345.4375
6901028300063,202512,0,0.0,8.991994640705457,53.35377237534114,319.5907434402332
6901028314985,202512,0,15.008837085848953,18.929634373130554,37.81697228400531,319.5907434402332
6901028315432,202512,0,11.123538130833133,6.313389364580076,37.84856726160181,319.5907434402332
6901028317177,202512,0,-0.8127892298740349,-2.749049782579208,72.82309772655854,1302.3651804670912
6901028324830,202512,0,0.1258355883318813,4.060486829043226,54.545293350426896,319.5907434402332
6901028339957,202512,0,14.02233270511232,3.854870410152295,54.401623825440296,292.18524930747924
6901028936477,202512,0,18.559777815044,24.513065343112228,47.77328988852284,319.5907434402332
6901028936750,202512,0,16.922543862155834,12.37708040608402,52.08025545923505,1531.2083333333337
6901028936996,202512,0,14.896206608613753,8.384419638278398,53.53164802998727,319.5907434402332
6901028937535,202512,0,1.3461184190373672,20.414763284623014,44.488163253214665,319.5907434402332
6901028937832,202512,0,2.0044374319368075,12.93136267683843,57.66561494117231,1470.155172413793
6901028940504,202512,0,8.242509429486766,0.29482609569656953,45.98044544814078,71.07944526083762
6901028942881,202512,0,3.2388298253991152,18.735348283644147,46.025480881159154,319.5907434402332
6901028942911,202512,1,5.4367479397927525,2.1233776251079814,57.50600506907324,33.133790737564325
8888075018616,202512,0,0.0,4.868856197039213,55.42869180710698,319.5907434402332
8888075024037,202512,0,14.89620660861376,3.9800088102262494,49.24079141184657,171.63157894736844
8888075034715,202512,0,14.89620660861376,4.748854421246202,55.26011326641172,319.5907434402332
8888075056014,202512,0,0.0,7.69028925900034,50.66934097873528,551.4411764705882
4891132530116,202601,0,0.0,13.009708901144704,24.943611448528756,319.5907434402332
6901028000833,202601,0,-6.386169235061097,0.7564721268521243,49.69144537592898,292.9089635854342
6901028001625,202601,0,-8.6327342958406,14.263398527198111,46.07721984632987,1839.607142857143
6901028005036,202601,0,1.0200577963589623,13.317315370390766,48.76927553709702,266.2598870056497
6901028009744,202601,0,-1.8407692912633,6.647732162825126,52.95447858173405,479.9166666666667
6901028009805,202601,0,2.980687874258855,8.258712598228403,43.43956112202245,1553.9
6901028010115,202601,0,1.326348204099176,7.513796181962031,53.291686174824015,319.5907434402332
6901028010771,202601,0,1.5585925070067432,-1.0047107747053292,57.526615946134754,319.5907434402332
6901028011785,202601,0,-11.713248616969224,14.324760209719601,51.84917859927951,319.5907434402332
6901028012003,202601,0,-0.2371565560114703,-17.522177953610807,60.520424781165175,319.5907434402332
6901028013611,202601,0,-7.145073710334408,14.965460232559307,45.84884113218066,319.5907434402332
6901028018630,202601,0,10.250396092914649,13.505697846128395,39.92757640061647,319.5907434402332
6901028018722,202601,0,-7.458651366687448,-2.6055012922372884,56.80738141511128,319.5907434402332
6901028024976,202601,0,-14.296273014355949,1.3111825738928853,52.52234715059589,260.7822222222222
6901028025645,202601,0,-17.418663401916092,12.958557667000761,26.315129408347914,319.5907434402332
6901028042758,202601,0,0.0,-5.26261721432439,55.37069531383868,319.5907434402332
6901028042963,202601,0,-14.837820622131645,3.6472358742537043,45.33068635506009,319.5907434402332
6901028045919,202601,0,-14.791773354282732,-0.6881286566261584,63.03342322915819,1477.711267605634
6901028046893,202601,0,-11.772570116949916,7.547377419478676,53.05845174002673,388.0459770114943
6901028057080,202601,0,-0.2951555349226851,11.957653895983887,38.63544142137352,319.5907434402332
6901028058148,202601,0,-5.314042012638325,6.7007319377234,53.72794615707408,319.5907434402332
6901028059114,202601,0,-14.53291068445175,8.019089922530853,53.78232217350979,319.5907434402332
6901028062015,202601,0,-0.1284685950997044,3.253669633020468,60.77266428350148,444.9289940828402
6901028062329,202601,0,-4.770240119916579,6.578534418293748,53.95650256149349,319.5907434402332
6901028062350,202601,0,-8.854939306649442,8.019089922530853,53.78232217350979,319.5907434402332
6901028063371,202601,0,-18.030644521382587,7.513796181962031,53.291686174824015,319.5907434402332
6901028065504,202601,0,-2.439242901263817,6.507122360150668,46.71954855831032,319.5907434402332
6901028071475,202601,1,7.468303876377163,-0.5827152354512792,49.608291458400736,82.22838137472284
6901028075015,202601,0,-6.243653485148954,-10.429863694364926,60.83886614390788,1892.12987012987
6901028075022,202601,0,-0.8520079983064051,-2.9577296194525418,55.08392765757058,2533.796875
6901028075053,202601,0,-8.590931398658817,5.111045933729564,52.29876941532551,1171.141176470588
6901028077910,202601,0,-3.326408527924144,-6.496528076146061,52.89288110060784,319.5907434402332
6901028079990,202601,0,0.2601535765616347,-12.221457812533156,68.54028326474057,778.2068965517242
6901028080224,202601,1,18.72925201182981,8.901397013775648,47.9004862967622,1123.4170040485828
6901028084321,202601,0,-1.3864749268182948,11.107381273372045,48.51955291914217,50.02263493905977
6901028084772,202601,0,-0.1159471206192037,-0.23169546444902164,42.90608845386794,347.66395663956644
6901028084925,202601,0,-0.0621508679502511,5.820375423129898,44.68595312189017,1103.2195121951218
6901028092432,202601,1,-21.98637757917502,16.26200289993596,57.29914081974853,217.63636363636363
6901028092838,202601,0,0.0,7.045655807133426,53.72794615707408,319.5907434402332
6901028095891,202601,0,0.0,0.1330548875459266,34.96681626873692,319.5907434402332
6901028098335,202601,0,0.4636354236868243,5.89105922624082,40.9130797518477,319.5907434402332
6901028100274,202601,0,0.0,-3.452428562253828,57.72768323441396,319.5907434402332
6901028102094,202601,0,0.0,11.963128022227183,38.701818702602125,319.5907434402332
6901028104241,202601,0,11.38805459971318,22.931511638550415,37.84856726160181,319.5907434402332
6901028104302,202601,0,-1.1554905034303076,6.578534418293748,54.28166213951419,319.5907434402332
6901028107150,202601,0,0.0,-5.26261721432439,55.37069531383867,319.5907434402332
6901028111270,202601,0,-16.523543269987364,1.204425838346696,55.12556809554376,19.64451827242525
6901028111546,202601,0,0.3104822310012736,7.2806949512216,54.61426663235173,319.5907434402332
6901028112505,202601,0,-4.122093276718161,13.743614896529037,38.154906397993685,319.5907434402332
6901028114455,202601,0,15.443118913222207,-5.26261721432439,55.37069531383867,319.5907434402332
6901028118187,202601,0,-6.484984280473029,5.234544223321987,41.925062303078754,353.83839779005524
6901028118828,202601,0,0.4942810036707925,19.116463277549613,44.54519462106663,5973.857142857143
6901028119009,202601,1,1.4785550155167255,9.863454634688841,48.287101365646656,2771.25
6901028120708,202601,0,-3.372531076145279,-3.873232584856829,56.72736934965572,319.5907434402332
6901028121736,202601,0,0.6456711887485724,5.099496103169082,57.92679471570833,971.2
6901028121828,202601,0,-5.473805334124265,8.019089922530853,53.78232217350979,319.5907434402332
6901028123266,202601,0,11.000452854543958,5.297502886571038,30.3990231348526,319.5907434402332
6901028124058,202601,0,-3.5959909230587783,-1.827302150260456,60.27618568168624,952.029411764706
6901028125970,202601,1,6.562126993965535,3.3097734238562184,64.52181275327963,4969.375
6901028126007,202601,0,1.6275367299503642,12.47298275513913,38.4701686098486,319.5907434402332
6901028133333,202601,0,1.6085481656213858,5.228579465570637,56.7907127047958,319.5907434402332
6901028136686,202601,0,-0.1256381537935951,-8.982349712732464,55.22296152935662,212.76763485477176
6901028136891,202601,1,11.828459892175443,0.5589316564756277,52.164242586183065,160.623595505618
6901028138536,202601,0,-1.9383376158778844,7.367120611397336,53.20226642690941,319.5907434402332
6901028141147,202601,0,-1.4463163087648852,20.214459227411528,42.91263380455115,319.5907434402332
6901028143554,202601,0,2.541191079982518,2.1893794827652227,51.89619772302723,2644.5348837209303
6901028145077,202601,0,-0.6965068859982608,16.80562993512568,42.103910740990045,4655.0
6901028145473,202601,0,-3.739037002717872,2.2772672772757945,69.2593985917549,362.0
6901028149921,202601,0,9.481339524863133,9.578713166345862,53.78232217350979,319.5907434402332
6901028150378,202601,0,-7.732901782960397,5.531950099043928,54.74374656629646,319.5907434402332
6901028151634,202601,0,0.2146373906801244,10.293006004957817,52.97614436896875,114.43661971830986
6901028154628,202601,0,-2.0874708089076464,8.508757195050421,46.86975779152659,319.5907434402332
6901028155557,202601,0,-0.4776459808752165,-8.136680758142045,53.48596582996048,723.8378378378378
6901028159548,202601,0,-0.5540572573968987,5.8799272727683025,28.26826726461275,319.5907434402332
6901028159753,202601,0,-1.1768320568049973,3.1650405323480797,51.1127248280926,693.8571428571429
6901028160285,202601,0,11.35963992890872,-7.17568718076767,56.74924410824471,319.5907434402332
6901028162876,202601,0,8.78229892025189,3.8633428542659645,46.772687986114,65.30555555555556
6901028164177,202601,0,-6.094211676130023,11.142757294388378,33.220377625779875,319.5907434402332
6901028165242,202601,0,-14.24045193174269,-6.512362965806136,56.48242654793534,259.39259259259256
6901028165365,202601,0,3.5414747070494386,-0.4576417047625783,56.6314097829836,319.5907434402332
6901028165860,202601,0,6.652830855054134,-4.639554170588257,74.0785666670451,1051.4
6901028169967,202601,0,8.171669376416645,-6.892927265009324,63.45894043586904,319.5907434402332
6901028172509,202601,0,-8.905914253674517,-12.969657587981162,62.09303446865445,720.521186440678
6901028172936,202601,0,5.503708441247738,15.74823028089695,39.45127651269604,319.5907434402332
6901028177153,202601,0,19.29585902242965,6.2491894268309816,53.35377237534114,319.5907434402332
6901028177214,202601,0,-13.93287864840508,-5.26261721432439,55.37069531383868,319.5907434402332
6901028178105,202601,0,-0.2656220881488167,-3.6822685587555397,63.546290227875645,766.3194444444445
6901028178259,202601,0,-0.8513343478650413,13.505697846128395,40.88168511086535,319.5907434402332
6901028178648,202601,0,-3.224465109449852,13.036763155651329,40.59569776369171,319.5907434402332
6901028179270,202601,0,0.1002947959417639,5.6130734286037205,56.87075242731926,196.41491596638656
6901028179324,202601,0,-2.060264590598578,3.1662166170679282,48.75788673213204,319.5907434402332
6901028179348,202601,0,-1.0074444079845222,-3.2433589785858974,54.53031364261187,738.1558073654392
6901028179492,202601,0,0.0047077428268735,13.365657042001335,42.895558216622334,319.5907434402332
6901028180009,202601,0,-3.647961170222743,19.59434429442657,53.300972378352974,319.5907434402332
6901028180580,202601,0,-6.3448050113563,1.9784591156946674,39.99288646633797,275.51511819681144
6901028180603,202601,0,-14.707736838086554,1.0830590636658264,52.018087550292535,899.0468319559228
6901028180634,202601,0,5.842102607113617,6.725784045751587,45.88645357388717,319.5907434402332
6901028180788,202601,0,-2.695398148637324,-2.1016105375579284,56.35372368592799,319.5907434402332
6901028180818,202601,0,-14.278029069861397,-6.341751057322209,53.564608094632014,503.5255354200988
6901028181457,202601,0,-1.2933679061188457,13.743614896529037,38.154906397993685,319.5907434402332
6901028181815,202601,1,-5.498300349178884,-9.925912914580566,61.146534850930045,399.1802325581396
6901028184250,202601,0,15.549278864134957,13.505697846128395,39.92757640061647,319.5907434402332
6901028184304,202601,0,-2.392837501048916,11.858024580388092,61.08709591513309,319.5907434402332
6901028185912,202601,0,4.973606921136863,4.350208584993464,46.16704597751659,114.98623680241326
6901028187343,202601,0,-5.805318602965151,6.015751983243602,53.53164802998727,319.5907434402332
6901028187855,202601,0,13.545878733720158,2.5820960870973835,40.454430423738,319.5907434402332
6901028188029,202601,0,-3.476753139903224,13.743614896529037,38.154906397993685,319.5907434402332
6901028188081,202601,0,-5.47355588445442,12.681645049892401,38.5639974644131,319.5907434402332
6901028190374,202601,0,-2.877875263242956,6.455904290369751,64.30389580695629,319.5907434402332
6901028190602,202601,0,-3.699410849941458,8.579346370285249,54.17857867980083,34.96089790007241
6901028191142,202601,0,15.443118913222207,25.0,37.51481749825854,319.5907434402332
6901028193504,202601,0,1.433182943876382,6.742449591084968,53.79174224083192,319.5907434402332
6901028204835,202601,0,-9.569255359589016,6.705530051036507,53.59802531121588,319.5907434402332
6901028207508,202601,0,-1.04126137748257,7.19598186060141,52.63688332964469,114.37037037037038
6901028211352,202601,0,-0.3979839548927515,22.200201444865474,37.11665006570816,319.5907434402332
6901028212229,202601,1,5.115301584187975,2.720632364831082,70.39814180058221,917.3333333333331
6901028216166,202601,0,-0.0557052863660914,-13.273442825615874,53.35786881039554,617.7785714285714
6901028218153,202601,0,21.479128836898845,-3.9986073361840084,55.37069531383867,319.5907434402332
6901028218184,202601,0,5.2908973916551005,6.187949813973382,40.04533205655183,319.5907434402332
6901028218603,202601,0,1.5903848698997365,13.505697846128395,39.92757640061646,319.5907434402332
6901028218634,202601,0,6.242416082193401,4.211267623067292,49.49417443118679,319.5907434402332
6901028218757,202601,0,9.02805656945234,6.742449591084968,53.69790731535038,319.5907434402332
6901028218900,202601,0,-10.29019318623756,8.019089922530853,53.78232217350979,319.5907434402332
6901028219174,202601,0,-12.162499354657804,-5.52206864592268,58.98474345872078,319.5907434402332
6901028221351,202601,0,-1.521167246866959,-5.865283505348471,49.64140507174313,319.5907434402332
6901028221450,202601,0,-5.037653080590765,0.7048939260561874,59.551710628046514,741.1524390243902
6901028224079,202601,0,-1.0763460238161784,-0.9223237241341496,51.6423348912536,432.5037878787879
6901028224642,202601,0,-10.882258264302363,2.8166655120150708,41.0568060198362,601.0
6901028225175,202601,0,-0.1988880913456157,5.2412500229707115,53.98164780870135,131.55876685934487
6901028227285,202601,0,-1.5018034298095273,7.522638075375838,42.96355092634857,2276.3576642335765
6901028227438,202601,0,21.054515307439296,7.513796181962031,53.291686174824015,319.5907434402332
6901028229074,202601,0,3.203872941888463,6.12939889609653,58.38517469724249,1563.8023255813955
6901028230186,202601,0,0.3335757916038346,8.019089922530853,53.78232217350979,319.5907434402332
6901028241410,202601,0,-0.5440973313698692,3.8989614179929974,54.79244761065753,319.5907434402332
6901028242066,202601,0,1.4405016426353685,-5.26261721432439,55.37069531383868,319.5907434402332
6901028247375,202601,1,0.5944394367507471,-6.062108816147252,74.22340712280115,30.027355623100306
6901028252959,202601,0,0.3170065901669545,13.982612388857904,64.57702422247782,1871.4
6901028268950,202601,0,3.852641432968007,8.019089922530853,53.78232217350979,319.5907434402332
6901028268981,202601,0,7.492950728084317,8.019089922530853,53.78232217350979,319.5907434402332
6901028271004,202601,0,3.785908533578123,8.019089922530853,53.78232217350979,319.5907434402332
6901028271547,202601,0,0.5096836999206857,8.019089922530853,53.78232217350979,319.5907434402332
6901028275668,202601,0,-7.640502066784592,8.019089922530853,53.78232217350979,319.5907434402332
6901028300063,202601,0,0.0,7.081059943292272,53.35377237534114,319.5907434402332
6901028301695,202601,0,-16.50389547566003,-7.716805012697519,64.937293344409,319.5907434402332
6901028314459,202601,0,-6.939032444135208,-8.0250450564668,56.69664233155133,319.5907434402332
6901028314985,202601,0,-0.5031413786164478,23.305903411210952,37.81697228400531,319.5907434402332
6901028315432,202601,0,10.728898065464628,7.470577039191005,24.79250067163421,319.5907434402332
6901028317177,202601,0,2.6741304053816464,10.506246087781784,57.45719577132997,2921.172727272727
6901028324830,202601,0,5.255277733513893,18.079095176311338,53.79754338915449,319.5907434402332
6901028325257,202601,0,0.62968226977992,8.019089922530853,53.78232217350979,319.5907434402332
6901028331296,202601,0,0.0,-6.877932967811589,60.29894278413247,319.5907434402332
6901028339957,202601,0,-3.3774929933023685,-0.7787197073670262,53.72289346727898,987.5429936305732
6901028936477,202601,0,-8.156896074709742,11.340826869130002,42.799384686575145,319.5907434402332
6901028936750,202601,0,5.489402050693215,4.601347302389691,37.02334305486084,2610.4999999999995
6901028936996,202601,0,0.0,11.957653895983887,38.63544142137352,319.5907434402332
6901028937535,202601,0,9.79049888647092,14.152238807875454,41.82131910597246,319.5907434402332
6901028937832,202601,0,-0.1260831688271153,10.810874955290116,57.6732131580612,2564.885714285714
6901028940504,202601,0,-20.36096857421464,3.939669561109532,45.02329622219418,864.6799431009958
6901028942881,202601,0,0.0,-1.4765527796018194,36.68874657521736,319.5907434402332
6901028942911,202601,0,-4.360311311146269,6.935466374418774,53.46024757483478,17.527272727272727
8888075018616,202601,0,-19.155356898127685,-5.26261721432439,55.42869180710698,319.5907434402332
8888075024037,202601,0,-18.62769083755017,10.698821133294517,37.663562370316605,319.5907434402332
8888075034715,202601,0,0.0,11.78906602358598,40.36390665779796,319.5907434402332
8888075034777,202601,0,-15.443118913222207,7.55391604021495,35.5270157120008,319.5907434402332
8888075056014,202601,0,-15.443118913222214,3.848968742346168,55.20226834932364,319.5907434402332
8888075074865,202601,0,-15.4431189132222,-1.1629408821115077,52.79595554297497,1240.625
4891132530116,202602,0,0.0,16.701403371252066,39.83981805714251,319.5907434402332
6901028000833,202602,0,0.5159377053059231,9.979817709936121,59.17367191504058,81.99921660791226
6901028001625,202602,0,-1.4552460872709574,2.5679457151481864,57.97344706388232,479.4015267175572
6901028005036,202602,0,-1.9304369438915143,7.236017605380981,57.25112758623613,309.0938166311301
6901028009744,202602,0,-2.6141287323083446,1.0355427659329821,64.26250640304256,67.31516587677726
6901028009805,202602,0,-3.883206937781523,6.446585398108509,60.40871520327212,577.0327868852459
6901028010115,202602,0,-2.9468462986877317,10.04736632788594,46.685583887597744,1840.1538461538464
6901028011785,202602,0,10.052289132400633,9.651050954054417,61.46725939020321,447.7307692307692
6901028012003,202602,0,-8.520986059785962,4.259955114427751,57.72768323441396,319.5907434402332
6901028018630,202602,0,-6.964262994307035,9.652043906819284,52.08456221523107,319.5907434402332
6901028018722,202602,0,-15.089560065612789,0.7170382622348922,79.4658938761591,2108.8
6901028024976,202602,0,-0.4106511146014568,2.0009077390160552,66.59940559301587,95.25432180851062
6901028025645,202602,1,13.158534836799925,16.303934275271754,57.12040405600067,28.71655221406583
6901028039758,202602,0,-3.4999125307978503,-8.91755121779224,38.4446487824509,181.9
6901028042635,202602,0,10.985985512235471,-2.996364570000474,64.89141677602571,1196.3037974683543
6901028042963,202602,0,0.0,13.011403072524285,68.49659839365773,319.5907434402332
6901028045919,202602,0,11.436976905086643,-3.84142832803847,73.14506967777257,372.66231884057976
6901028046893,202602,1,11.65879765884403,-6.245456445961901,49.68322357906885,77.53693552597232
6901028058148,202602,0,2.1529914285851746,-0.008883855239741542,48.74556734616654,353.5479115479116
6901028059114,202602,0,13.853064548392858,5.398522139085196,60.24386783371385,458.2195121951219
6901028062015,202602,0,-0.0572257569537413,0.630910816728129,60.951169038518,50.32993890020367
6901028062329,202602,0,3.712410778654189,-1.4390265604225803,56.19906019268643,705.9634146341464
6901028062350,202602,0,0.4467582119988407,5.695697670278242,72.48572111019892,325.2564102564103
6901028063371,202602,1,17.943210174526225,7.125309058711312,49.83300150220834,218.99207397622192
6901028065504,202602,0,-12.10228693391447,-1.9798894733515227,60.78699307420352,1596.0
6901028071475,202602,0,-10.539232884041644,7.700911546539546,37.91065346211894,319.5907434402332
6901028071536,202602,0,1.539163906715892,3.3959682174098136,53.95650256149349,319.5907434402332
6901028075015,202602,0,-4.333810706657999,6.072450704834092,76.10393746992673,66.62903752039152
6901028075022,202602,1,0.4094040511601946,-2.8620603306281653,72.13890046253653,124.93503937007874
6901028075053,202602,0,5.47692891334966,6.249271559383713,53.538126048598,343.0779510022272
6901028077910,202602,0,-1.4284263730199598,0.5820597224853603,76.95687375731744,293.5862068965517
6901028079990,202602,0,0.0310088226750195,-14.747472363154412,66.89254923028778,117.619449128724
6901028080224,202602,0,0.0,7.255049264591861,34.08318450282265,319.5907434402332
6901028080521,202602,1,4.22192136654629,2.036468320142983,54.73292211180066,319.5907434402332
6901028084321,202602,0,-8.639059868551946,7.964611782501283,55.74319711562588,29.69038488851016
6901028084772,202602,0,-17.83861056957094,-1.218898974304251,60.05136821363137,431.24577861163226
6901028084925,202602,0,0.3298130518226969,6.473784421619175,60.2300720395301,440.1705069124424
6901028092432,202602,1,9.623686462067395,9.216939933024662,60.82492080546701,382.1692307692308
6901028092838,202602,0,0.0,7.839611409114475,53.72794615707408,319.5907434402332
6901028095891,202602,0,-3.598413215420201,14.799678929115656,38.04121956401946,319.5907434402332
6901028100274,202602,0,0.0,4.259955114427751,57.72768323441396,319.5907434402332
6901028102094,202602,0,0.0,7.508567241760988,53.59802531121588,319.5907434402332
6901028104241,202602,0,0.0,12.88115087077141,41.90363157511084,319.5907434402332
6901028104302,202602,1,0.3640025782107656,-1.2700973652956045,60.80870602028472,91.07962529274003
6901028107150,202602,0,0.0,5.654508533906518,55.37069531383867,319.5907434402332
6901028107297,202602,0,0.0,7.835749846681922,53.291686174824015,319.5907434402332
6901028111270,202602,1,19.80902635762661,8.186155237753045,51.62659146819146,30.128446536650973
6901028111546,202602,0,-2.9206642388490422,11.04752327954089,64.69019680473991,500.63265306122446
6901028112505,202602,0,10.001651242127124,2.6933654346604587,59.10072211437419,1219.8620689655172
6901028114455,202602,0,0.0,16.19617945088698,39.92757640061646,319.5907434402332
6901028118187,202602,0,-3.483899049140597,17.273308685990763,55.90093677499072,102.16784914115011
6901028118828,202602,0,2.1636252273794483,1.057651834619793,53.13438319918136,195.0650406504065
6901028119009,202602,0,-3.212157473049693,3.2096514049957623,60.0238873815772,1272.1999999999998
6901028120708,202602,0,-1.198412071328164,-1.4562269154089351,65.89356530427933,252.765243902439
6901028121736,202602,0,0.0,11.36567611277362,53.052236126601805,319.5907434402332
6901028121828,202602,0,-1.396051701020312,4.291563386655876,62.75049391959641,91.54878048780488
6901028123266,202602,0,0.0,8.488720654401781,42.398943471177205,319.5907434402332
6901028124058,202602,0,0.3242666173763879,-5.718133050904062,53.91524271755706,147.43821656050957
6901028125970,202602,0,3.022186057321008,4.1686055937481505,65.10569914699713,2317.5365853658536
6901028126007,202602,0,0.0,-2.2692601163656,51.33039968153038,319.5907434402332
6901028133081,202602,0,0.0,3.8095551178613247,53.69790731535038,319.5907434402332
6901028133333,202602,0,1.2144576202904744,-7.7973995279309944,70.27511630776651,1379.1666666666667
6901028136686,202602,0,-6.036800101414457,-0.3582554813733134,52.816635739404674,217.36063408190225
6901028136891,202602,0,0.0,13.578310125040279,41.65587858506622,319.5907434402332
6901028138536,202602,0,-9.049123847239514,17.502628573112133,72.38276236042731,1111.873015873016
6901028141147,202602,0,-12.795849512669989,14.438215880145881,59.066849127683966,101.57712269047126
6901028143554,202602,0,5.467338670664667,0.9114195594695048,53.82356473407275,116.26923076923076
6901028145077,202602,0,-0.3131661025573535,5.664394850204852,60.77571701586623,186.92392392392392
6901028145473,202602,0,3.483695394276033,9.652043906819284,52.08456221523107,319.5907434402332
6901028149921,202602,0,1.6668466942034217,15.962146843271453,38.72289368565576,319.5907434402332
6901028150378,202602,0,0.0,11.915023048409633,61.04496207756242,319.5907434402332
6901028151634,202602,0,-5.495321414845357,-2.282199153677882,53.20267271603758,147.99070385126163
6901028155557,202602,0,0.5083704900643795,0.8084099866390927,53.78970627547724,77.49544072948328
6901028159548,202602,0,-6.438403771010712,11.136527397733959,53.27198563427753,105.35186846038864
6901028159753,202602,0,-7.1645073288087815,-10.090921836380783,57.35253948827419,124.25157232704404
6901028160285,202602,0,1.6303511401985131,-2.27863822517971,53.81364831066537,215.66735112936345
6901028162876,202602,0,-5.2618281310165855,8.949933313431988,50.41938473887457,109.81502767134948
6901028164177,202602,0,-6.781386992175541,6.486228014445056,45.376188279324325,319.5907434402332
6901028165242,202602,0,4.286196318805494,4.207236898695246,52.84791353927724,1534.2
6901028172509,202602,0,-1.5842761327251509,3.917226817071983,59.76852703483557,117.55771670190272
6901028172936,202602,0,0.0,10.200214787584898,48.19419887410264,319.5907434402332
6901028177153,202602,0,0.0,4.671674335030347,34.0579133529115,319.5907434402332
6901028177214,202602,0,8.549606735166634,1.7964999491335605,69.30357396224376,391.0857142857143
6901028178105,202602,0,-0.1868959862282864,-6.42812246956026,63.8850202899345,110.7435582822086
6901028178259,202602,0,3.370126372702913,5.5487284414576346,38.36289308602748,319.5907434402332
6901028179270,202602,0,0.6128307380223532,3.359194405565024,57.00276611582844,44.11706324488186
6901028179324,202602,0,0.0780186153329083,-7.740145679379553,79.24948581279148,137.1245696862398
6901028179348,202602,0,-10.456710444660471,-9.696052589755812,68.25310897371214,116.1940961337513
6901028179492,202602,0,14.156850935066586,-9.609546400546627,55.36598757101181,319.5907434402332
6901028180009,202602,0,1.8232508759677015,-23.681088692862037,87.3891610614754,396.55161691542287
6901028180580,202602,0,4.798163423301659,0.6584619768651333,53.15766837090621,95.45911247010858
6901028180603,202602,1,14.704930974832813,6.331395209198638,52.62750871376851,59.13892429263319
6901028180634,202602,0,3.1365892380055413,6.230705784577264,43.53069930372592,319.5907434402332
6901028180788,202602,0,-2.458523595948492,-1.2441501848957843,79.35079456507071,824.8039215686275
6901028180818,202602,0,-1.2888303965477943,-8.055683328236318,67.3503939412516,724.4530271398747
6901028181457,202602,1,0.6696873947803113,-3.2104321364107697,66.07267694188351,50.78852152214597
6901028181815,202602,0,14.340386614756476,8.857215253462838,58.36046187463454,5676.287878787878
6901028182560,202602,1,14.611406726198588,-2.76609206797043,60.73985759710223,91.21763869132292
6901028184250,202602,0,-0.9199908583958276,10.26901379931835,39.58938720496094,319.5907434402332
6901028184304,202602,0,2.283436668362313,-20.559918250775205,96.5585028162696,464.2271293375394
6901028185912,202602,0,-13.401076794405888,-2.9382666426854964,63.01379069078992,46.55974973536973
6901028187343,202602,0,5.852180194091531,-2.595438975686377,53.58732526586834,443.9260042283298
6901028188029,202602,0,-4.832529901113887,-10.668241932327552,79.4615432116611,192.83351082712105
6901028188081,202602,0,7.131665402697976,5.888998130472867,51.56232651362516,92.72355289421158
6901028190602,202602,0,0.0393653355710981,9.039039226885041,54.01748588763138,56.805707491082046
6901028191142,202602,0,-18.96362197975811,8.578840723905197,37.51481749825854,319.5907434402332
6901028193504,202602,0,-0.7123423647527787,9.32367675315789,58.63672445767688,1874.0970873786407
6901028204835,202602,0,5.248204978482455,7.460119066324562,50.99547340749572,319.5907434402332
6901028207508,202602,0,-4.348531530748957,-0.7227362382945413,59.49572879821277,47.59051724137931
6901028211352,202602,0,-5.014510629673808,13.07979188191573,52.73615721795459,74.82724124663332
6901028212229,202602,0,-0.1080675944447193,10.952279226414836,64.56807974566321,415.8823529411765
6901028216166,202602,0,0.139907264365938,3.0962921396873786,53.26961093003963,236.53909465020573
6901028218184,202602,0,-2.923560206788565,-1.558715400179364,52.22775545684851,319.5907434402332
6901028218603,202602,0,-5.666218346041219,-7.867279130048101,73.94172580631673,129.67261185006046
6901028218634,202602,0,-12.523355688113938,2.287499180369509,82.51500930618263,178.31463414634146
6901028218757,202602,0,-3.6968948627932434,7.50726242828048,50.689479077165785,319.5907434402332
6901028219174,202602,1,0.9555169724091924,2.690618102343559,73.57377945790644,104.81230769230768
6901028221351,202602,0,0.0,8.334397361314464,56.89186256070564,319.5907434402332
6901028221450,202602,0,4.468256982454086,-5.425534694288012,55.56332145467893,217.69883527454243
6901028224079,202602,0,-15.653283031944454,-1.783820094051289,62.47147627275896,255.0037807183365
6901028224642,202602,0,-4.236613488294658,4.711730111092837,54.0712902143681,101.1951219512195
6901028225175,202602,0,0.2241028157847324,9.837678429565964,54.0106017197221,86.73296573454115
6901028227285,202602,0,-18.114800029612677,2.0378949929456267,62.67038283307208,318.44148430066605
6901028227438,202602,0,-8.90913855135274,9.094321856939063,32.23717086738472,319.5907434402332
6901028229074,202602,0,-8.217096301531498,7.501640654795322,56.66994657131885,104.32163187855788
6901028241410,202602,0,-0.962538892981584,-10.015501111969208,65.10628078200038,63.40605686032138
6901028242066,202602,0,5.651673367932226,-6.037049598661265,58.018389575211394,1822.9081632653065
6901028247375,202602,0,-3.828582017418867,-3.2658404870290267,59.98261593451251,191.45794392523365
6901028252959,202602,0,0.3708535963451425,15.252057727788737,64.97428183075225,706.4426229508198
6901028268950,202602,0,-14.336283777573511,19.317143637342976,55.5176409389854,755.0
6901028271004,202602,0,3.9935599276150313,4.232342683882587,52.28290676145184,319.5907434402332
6901028271547,202602,0,0.2172352358865339,-2.777076214098025,72.18274843100917,369.6612903225807
6901028301695,202602,0,10.349678836365529,-4.266278924049951,90.12775124457288,3702.0
6901028314459,202602,0,0.0,-11.2511374275957,62.30972775797389,319.5907434402332
6901028314985,202602,0,0.5212765341175967,8.3224171472919,52.82580936985426,20.265120132560067
6901028315432,202602,0,-16.890333760573284,7.285466272799079,35.91603880246734,319.5907434402332
6901028317177,202602,0,-4.223393176072911,9.810979082271277,56.64440654145593,331.6904296875
6901028324830,202602,0,-0.3010993204819669,-1.7575824048625952,53.92337897748637,660.6822742474917
6901028339957,202602,0,1.527776205878851,3.5688855084123294,67.7452261723913,484.406552094522
6901028936750,202602,0,-12.9869066168905,-1.471617168896868,53.94588691701667,70.65681818181818
6901028936996,202602,0,0.0,3.4785109505078378,53.53164802998727,319.5907434402332
6901028937535,202602,0,0.0,13.445050008455546,43.167437525009824,319.5907434402332
6901028937832,202602,0,-0.0230566002130032,7.499915884636235,59.67765058999801,151.95838751625487
6901028940504,202602,1,13.34155064945118,9.64692451696081,53.26580565168095,71.13487738419619
6901028942881,202602,0,0.0,16.19617945088698,39.92757640061647,319.5907434402332
6901028942911,202602,0,0.0,8.409857853431154,58.896995514627534,319.5907434402332
8888075034715,202602,0,-20.949381386658736,6.305939800655177,55.26011326641172,319.5907434402332
8888075056014,202602,0,15.443118913222214,6.305939800655177,55.20226834932364,319.5907434402332
4891132530116,202603,0,0.0,25.0,39.83981805714251,319.5907434402332
6901028000833,202603,0,0.940178796434374,6.513663818053458,52.78750267997948,88.01638085487586
6901028001625,202603,0,3.2850903099974644,14.36763748219088,49.34071276804172,319.5907434402332
6901028005036,202603,0,-3.3557500180900064,-3.5728178065905896,58.27118538259509,954.6358695652174
6901028009744,202603,0,3.244325370874691,-0.7435884077134588,62.42173711177927,37.99652173913044
6901028009805,202603,0,-4.529223948878027,-16.391424205883855,63.38940307753098,296.2772277227723
6901028010115,202603,1,0.5840488499617251,23.864249665575063,48.01193209169692,5952.909090909091
6901028010771,202603,0,0.23937793462472,10.242027990479128,57.83825865179125,2693.1
6901028011785,202603,0,-2.2418858131844037,7.2084434357891025,49.75401077323399,319.5907434402332
6901028012003,202603,0,10.796281135717678,4.612191617887667,57.49052667840249,239.08461538461532
6901028018630,202603,0,-3.4760739577291986,5.499225674736241,62.33495830814572,4170.0
6901028024976,202603,0,1.3992047107655452,9.3472896481018,52.30313257865993,731.640522875817
6901028025645,202603,0,-11.308368296437926,10.609476076835362,39.70174065408458,319.5907434402332
6901028039758,202603,0,2.419257812816632,9.16774905023635,52.75464687193882,319.5907434402332
6901028042635,202603,0,-13.240127333690944,1.7164349623684292,63.34282826522941,1427.5819672131147
6901028042758,202603,0,0.0,4.8027380647709625,55.37069531383868,319.5907434402332
6901028042963,202603,0,12.718623165403116,7.546001510590139,53.65877777152609,319.5907434402332
6901028045919,202603,0,-1.2574578625575583,19.8889218877392,58.35329632348984,781.7803278688525
6901028046893,202603,0,0.1735072882498087,12.412382315407577,37.91065346211894,319.5907434402332
6901028051989,202603,0,3.969221188277494,-1.74503388256976,63.66174694033296,319.5907434402332
6901028057080,202603,0,0.1264572325904183,3.2101931189009885,54.018588634418606,112.80323450134772
6901028058148,202603,0,-1.310626572613458,6.174006371757906,43.43152533352821,2324.1304347826085
6901028059114,202603,0,-7.144522837577448,25.0,45.7109571492621,319.5907434402332
6901028062015,202603,0,-0.0429529454627655,8.016521370118284,60.8227004434183,173.6548463356974
6901028062329,202603,0,-0.0198823711856022,3.308574374592458,51.42882007276985,924.7894736842106
6901028062350,202603,0,6.705311627054741,-7.391992892780095,63.63078180354948,132.925
6901028063371,202603,0,3.5461190194720373,4.589698035713908,31.802356980825756,319.5907434402332
6901028065504,202603,0,0.2129627471992492,3.154419005254883,58.347750172939705,3368.5
6901028071536,202603,0,2.3941782951688357,11.407673739341014,50.093018726177874,85.10810810810811
6901028075015,202603,0,3.699853151628844,-1.8960194097801502,69.86028398477778,128.59882005899706
6901028075022,202603,0,0.8076134305412239,7.995002487728133,71.28689246423012,108.98636926889714
6901028075053,202603,0,-0.9303086006861534,16.02478241613438,44.94719464993919,160.33507306889354
6901028077910,202603,0,2.123508318295194,12.835431840192113,73.6304652293933,797.2666666666667
6901028079990,202603,0,0.0056354077623836,4.352083237575575,67.15270280684942,36.96569920844327
6901028080224,202603,0,0.0,13.129034051849567,52.81243651465246,319.5907434402332
6901028080521,202603,0,8.195012882447742,25.0,29.93734254958988,319.5907434402332
6901028084321,202603,0,3.883350448057677,13.161170546106035,54.35672218880758,727.6450511945393
6901028084772,202603,0,4.194262587098201,12.60337348288576,59.93542109301217,726.5760869565216
6901028084925,202603,0,-1.9640988019828711,10.947093001161411,60.16792117157985,335.66211604095565
6901028095891,202603,0,3.598413215420201,12.658337507384482,38.04121956401946,319.5907434402332
6901028098335,202603,0,3.79173450187983,-2.6060927261081965,53.08006188708946,135.3754266211604
6901028102094,202603,0,0.0,7.3110610109852106,53.59802531121588,319.5907434402332
6901028104241,202603,0,0.0,10.475674163461184,53.291686174824015,319.5907434402332
6901028104302,202603,0,-4.333538151244937,6.573663280521585,59.65321551685441,656.9374999999999
6901028111270,202603,0,-7.68981298239121,25.0,35.1030481982041,319.5907434402332
6901028114455,202603,0,0.0,4.8027380647709625,55.37069531383867,319.5907434402332
6901028118187,202603,0,-0.3984772155317557,12.701454425211834,49.41595249451769,80.44458571731299
6901028118828,202603,0,-6.297029367334496,11.66950216981198,53.62866420285215,351.9598214285714
6901028119009,202603,0,1.5933917087750586,8.911314230253176,61.50244239709393,1710.0909090909092
6901028120708,202603,0,-2.260065012251971,8.58274249374331,62.521034228134056,138.85603112840465
6901028121736,202603,0,0.0,7.546001510590139,53.69790731535038,319.5907434402332
6901028121828,202603,0,-0.6470339819683204,0.6632751217229955,57.276688585472144,68.97422680412372
6901028123266,202603,0,0.0,7.5924261698923114,53.39939632572116,319.5907434402332
6901028124058,202603,0,-0.3498217155939542,13.689611053759572,50.31925179449828,235.15860215053763
6901028125970,202603,0,-1.50479450746262,0.8637378357755772,71.66782614096266,3155.692307692308
6901028126007,202603,0,0.0,11.508178316504512,52.957936411480745,319.5907434402332
6901028133081,202603,0,0.0,7.546001510590139,53.69790731535038,319.5907434402332
6901028133333,202603,1,-14.650519304883929,6.942609203001812,71.8836644733879,49.32231404958678
6901028136686,202603,0,-11.088641632940371,10.039251214989656,52.69099758561108,95.73810444874276
6901028136891,202603,0,0.0,7.537331185964712,53.484338477241664,319.5907434402332
6901028138536,202603,0,-2.842843640076495,8.241516347978694,70.44442474454942,2812.307692307693
6901028141147,202603,0,4.580459686522843,11.82181101393684,57.62053281891908,553.7197943444729
6901028143554,202603,0,-4.292324291881883,3.3302066146020675,56.36475581405527,641.8391959798995
6901028145077,202603,0,0.1314982139473031,12.179201569090495,60.07921012986797,693.066371681416
6901028145473,202603,0,-6.9620757975510585,25.0,48.3455252125132,319.5907434402332
6901028149921,202603,0,7.8734258847389,-5.436617350679691,48.204233210518886,319.5907434402332
6901028151634,202603,0,1.1747973260332143,9.053935990453798,53.41731010671771,44.95492487479133
6901028155557,202603,0,-0.1723256614311026,9.336702848000947,53.31206029460203,319.5907434402332
6901028159548,202603,0,-9.743757040673875,10.73891359692211,52.71792837688063,67.08837803320561
6901028159753,202603,0,-8.117095265135127,-3.847640147522185,56.17570743146919,319.5907434402332
6901028160285,202603,0,-7.20287278687919,0.9725535394949292,65.17328823957409,307.2940320232896
6901028162876,202603,0,-4.323210061245682,8.233558275925336,59.20168365912646,108.88469928326582
6901028164177,202603,0,4.868727990411493,22.01290583795873,39.2819766031943,319.5907434402332
6901028165242,202603,0,6.9609248403845925,10.685864207439762,38.60746160753455,270.2301136363636
6901028169967,202603,0,19.09794476106876,-11.240789445147957,73.03402866818125,319.5907434402332
6901028172509,202603,0,-0.5841634557498878,13.870567820410876,50.862612781161054,336.1631205673759
6901028177153,202603,0,0.0,8.107667998398963,53.35377237534114,319.5907434402332
6901028177214,202603,0,-3.534462748934118,4.8027380647709625,55.37069531383868,319.5907434402332
6901028178105,202603,0,0.683423210509666,-7.452244804993042,63.619398201785685,683.5102040816325
6901028178259,202603,0,15.4431189132222,25.0,37.51155873816244,319.5907434402332
6901028178648,202603,1,12.17963153091626,-5.2291909710018585,78.82995461587183,1233.342105263158
6901028179270,202603,0,12.971030107706746,13.97950248374547,57.10306091177021,38.14712613896446
6901028179324,202603,0,-2.1864420200002144,-9.261600237402483,77.1892212221929,135.04563777713793
6901028179348,202603,0,2.3865472664891243,-2.1911242469579237,67.24566456572762,240.9060052219321
6901028179492,202603,0,-14.156850935066586,4.8027380647709625,55.37069531383868,319.5907434402332
6901028180009,202603,0,-0.9283037730303648,-5.380328168304595,83.74119989125266,171.19237749546278
6901028180580,202603,0,-0.702421637617249,13.261115095605922,46.81286335954991,171.73003667337042
6901028180603,202603,0,0.0947054655880066,12.412382315407577,37.91977187568196,319.5907434402332
6901028180634,202603,0,-4.666199320518629,2.6226553009596367,49.372801910839534,319.5907434402332
6901028180788,202603,0,-4.344499138923069,-4.231740135068103,76.65539641643339,281.1428571428571
6901028180818,202603,0,6.23035612008961,7.4032242806653485,53.0723648713902,1073.5521472392638
6901028181457,202603,0,0.5674918251302756,-4.169954093988611,64.77930903576467,366.6802594995367
6901028181815,202603,0,-0.161879438459735,4.203026760266665,52.86216152545565,348.2205700123916
6901028182560,202603,0,0.1706518556940039,16.672836059625812,38.72289368565576,319.5907434402332
6901028184250,202603,0,-2.1971116173699485,9.296470004286075,55.1386660690959,319.5907434402332
6901028184304,202603,0,-1.7414048338957857,-19.396521821918174,94.16566531522068,445.4226804123712
6901028185912,202603,0,-0.3003323418382067,9.508027771709191,67.98739761192678,108.2716205181501
6901028187343,202603,0,-4.344574032062525,-5.299075895401858,47.78200666290319,83.83629191321499
6901028187855,202603,0,17.690145162996757,-5.484913928090137,78.91593771146026,304.4715447154472
6901028188029,202603,0,-1.9887979369086963,-12.857599647164037,75.98479007175787,235.427807486631
6901028188081,202603,0,0.1399617023396402,18.072491363538987,46.08877062917074,123.9154970760234
6901028190602,202603,0,3.645996074275935,14.483569159489507,50.31807503768992,69.41006202618884
6901028191142,202603,0,15.422147272708663,11.508178316504512,52.957936411480745,319.5907434402332
6901028193504,202603,0,-1.3019182862359813,8.533818429738963,60.06990740155327,480.361581920904
6901028196024,202603,0,3.061480048427555,-1.2133815925083293,64.937293344409,319.5907434402332
6901028204835,202603,0,5.123370405200767,5.619515399238587,41.4262180479067,319.5907434402332
6901028207508,202603,1,0.9570995685416932,8.76807928137843,58.4544674207302,46.161716171617165
6901028211352,202603,0,0.4114349115541387,7.810456680668011,52.33817326306184,294.7879234167894
6901028212229,202603,0,-0.0556222976964733,3.2426275465205534,69.68338132985119,264.6046511627908
6901028216166,202603,0,-0.3303526603066444,2.3214593977666396,53.21390564367354,523.6844262295082
6901028218153,202603,0,-0.5524682987041274,18.540985740539732,39.92757640061646,319.5907434402332
6901028218184,202603,0,2.029416054075384,8.1008084876299,57.51865284850361,319.5907434402332
6901028218603,202603,0,0.3975095722359612,4.8630149394087585,75.53211067621646,290.57887323943663
6901028218634,202603,1,6.445402913309778,0.0694739993481644,88.75742538837603,395.6015325670498
6901028218757,202603,0,3.938389972998195,9.69448417799946,59.71753564661813,124.3166189111748
6901028218900,202603,0,-5.496297496679517,-2.9244718539449797,81.21831917461695,200.2
6901028219174,202603,0,-0.1963453132130723,-0.3141384982683214,61.41128010324864,390.4481099656357
6901028221351,202603,0,0.0,5.77101589992386,55.37069531383868,319.5907434402332
6901028221450,202603,0,0.6205794361345056,16.26399233258696,50.52566837408816,701.6908396946565
6901028224079,202603,0,3.6833889334640375,-3.597069877371602,61.39513024894279,361.9920212765958
6901028224642,202603,0,4.731395806465166,6.506813287419444,43.18903195006573,320.7968503937008
6901028225175,202603,0,-0.1911690674129218,5.262111100805554,53.81171362837649,300.14843749999994
6901028227285,202603,0,2.22833938154664,9.73504214012925,61.16857940326256,1157.9555555555555
6901028227438,202603,0,-0.1957316580195183,10.475674163461184,53.291686174824015,319.5907434402332
6901028229074,202603,0,-1.422363664891094,11.732026758996883,59.87381951320732,319.2439024390244
6901028230186,202603,0,0.3504623967169351,9.20333613223417,59.36186382537723,967.3157894736844
6901028241410,202603,0,-1.469566203202568,3.8518361607049147,64.56218345063051,3948.25
6901028242066,202603,0,-5.083394941680979,-10.146966281037523,59.45889121784676,132.61417322834646
6901028247375,202603,0,-3.1327566436288663,12.467208997146598,60.577055371263256,158.46280991735537
6901028252959,202603,0,0.1683953906678681,0.9345319319871542,65.2912884209192,1059.4814814814815
6901028268981,202603,0,-6.482759967324206,3.195217971216365,54.88356826167391,518.6842105263158
6901028271004,202603,0,-8.425513002721743,10.555214476886409,56.06881529502997,844.7499999999999
6901028275668,202603,0,1.5965426356478076,-0.37061236221284805,62.5662765358536,892.5806451612904
6901028312356,202603,0,0.2560259258630992,-6.158472260859779,83.65867291348799,130.48780487804876
6901028314459,202603,0,0.0,4.8027380647709625,55.37069531383868,319.5907434402332
6901028314985,202603,0,-15.0269722413501,6.15337886839724,52.322667991237815,31.56155075939249
6901028317177,202603,0,-0.6464709045773986,14.077279239338628,59.318536946837575,847.4464060529633
6901028324830,202603,0,-1.6104098205258524,-1.644807219803738,59.178656711000265,2387.894736842105
6901028325257,202603,0,-1.5061883083851484,-1.224551572353242,71.56728375313229,1356.4347826086955
6901028339957,202603,0,-11.613077260255425,3.9625736831788223,64.36773317908893,1046.5378787878788
6901028920858,202603,0,0.0,6.212886939320391,55.24314067343107,319.5907434402332
6901028936477,202603,0,0.0,15.725442530558995,61.359162501619146,319.5907434402332
6901028936750,202603,0,-1.348683990128535,-0.5791994256965212,59.43528896770989,511.65116279069775
6901028936996,202603,0,0.0,7.1007448872757575,53.53164802998727,319.5907434402332
6901028937535,202603,0,0.0,11.508178316504512,52.957936411480745,319.5907434402332
6901028937832,202603,0,-0.533831700476938,7.825776895551213,59.551567421170894,198.48076923076923
6901028940504,202603,0,4.234948347393285,13.4832693696399,32.90483707746631,319.5907434402332
6901028942881,202603,0,15.443118913222207,25.0,39.92757640061647,319.5907434402332
4891132530116,202604,0,0.0,13.857118296468293,39.83981805714251,319.5907434402332
6901028000833,202604,1,-18.87501968160747,12.33377519259076,53.303440385285406,115.68480451430877
6901028001625,202604,0,5.143208930394714,15.16987726170724,47.88546668077076,283.0373831775701
6901028005036,202604,0,2.991108771456318,-5.139510437736252,56.34074843870358,604.107476635514
6901028009744,202604,1,-0.0132208866169918,5.172117047064823,59.80760837947092,73.50248756218905
6901028009805,202604,0,-1.5330070952908486,-0.515448705963861,59.506196139749456,322.10176991150445
6901028010115,202604,0,1.7919575758757702,16.1223196836878,45.06508579300919,2058.16
6901028010771,202604,0,-3.28360320842026,-0.7043933284207308,59.39685115879799,927.6857142857142
6901028011785,202604,0,4.082937189983049,-5.861675185417096,59.80629990563462,1043.3125
6901028012003,202604,0,-0.7833198558997481,-3.707546139866447,48.96954061861653,121.24722222222223
6901028018722,202604,0,15.938913278601888,2.7274108409278464,72.00724250947165,1402.7333333333331
6901028024976,202604,0,-0.3409077622039334,3.5639650189745766,51.89248146405847,1523.770491803279
6901028025645,202604,0,0.0117250569255489,-3.763944123222778,52.8602754908845,319.5907434402332
6901028039758,202604,0,5.173049579161123,3.5085690978054815,49.254734341140974,201.3816425120773
6901028042635,202604,0,2.40149511117977,12.957877063001765,74.32881377746489,717.7982062780269
6901028045919,202604,0,-1.5869484234779063,-1.936501562697995,69.79027322857648,613.2291021671826
6901028046893,202604,0,-1.71660883380747,9.860422058902364,49.56945112096297,225.33291298865063
6901028051989,202604,0,13.179110092233174,11.957913390687349,62.5843798722365,319.5907434402332
6901028057080,202604,0,-0.3155843161410203,2.981341501917174,53.72343309949592,406.31060606060606
6901028058148,202604,1,-4.581214997984581,-5.4982139240451735,45.58451676211339,284.7662835249042
6901028059114,202604,0,8.555725954112688,9.024379636177365,59.56402169765496,493.5952380952381
6901028062015,202604,0,0.1539489090619454,4.759721545153146,60.76547468646456,302.9391891891892
6901028062329,202604,0,-2.96936343106627,6.917108752151891,55.14123085142404,301.1546391752577
6901028062350,202604,0,2.4435849289691163,1.3490873601493212,64.07754001554832,40.732283464566926
6901028063371,202604,0,-0.9443448277280736,5.776990623975129,49.74556715535198,318.3636363636364
6901028065504,202604,0,11.219856179462704,2.3785125998466734,46.245463239025234,1287.3055555555557
6901028071475,202604,1,4.963426820483903,13.600639484627724,45.3789573384961,3430.625
6901028071536,202604,0,-0.0134065039101187,15.699712313474135,51.632182632893766,2936.0
6901028075015,202604,0,2.02219520201227,-9.247658932161096,65.52647327811978,414.9370629370629
6901028075022,202604,0,0.1317690499067083,10.095058444584303,71.69629651539032,584.6850393700787
6901028075053,202604,0,1.12410261296354,6.795396117764691,50.424123563288845,256.88235294117646
6901028077910,202604,0,-1.2196964133062664,-3.0519218611776133,72.20203885637333,3017.666666666667
6901028079990,202604,0,-4.140189427722532,-0.13888279725822655,67.18371162952444,67.31279620853081
6901028080224,202604,0,0.0,11.176729169295642,52.81243651465246,319.5907434402332
6901028084321,202604,0,7.677522301019046,4.780837605095242,45.717662320255634,109.30252100840336
6901028084772,202604,0,7.956323591853604,4.157621570475854,42.09681052344123,2709.704225352113
6901028084925,202604,1,0.2889274368854941,-20.719442230341564,60.49773422340255,337.02857142857147
6901028092432,202604,1,0.2573259199337059,15.91038851684604,38.83854322629199,319.5907434402332
6901028095891,202604,0,-4.478020051390359,14.218832340070177,34.442806348599255,319.5907434402332
6901028098335,202604,0,-6.776489573271363,-14.00921452235521,53.54369731077628,526.3731343283582
6901028102094,202604,0,0.0,4.177986178070506,53.59802531121588,319.5907434402332
6901028104241,202604,0,0.0,5.386912344826931,53.291686174824015,319.5907434402332
6901028104302,202604,0,0.7659155971018521,1.5512685724435857,60.017218095065175,186.1891891891892
6901028107150,202604,0,0.0,5.326259557680794,55.37069531383867,319.5907434402332
6901028107297,202604,0,0.0,5.386912344826931,53.291686174824015,319.5907434402332
6901028111270,202604,0,0.2064904492306283,3.022622437798766,54.91207455583071,260.82893226176805
6901028111546,202604,0,0.1748783033448617,7.185450919803711,65.00067903574119,1166.642857142857
6901028112505,202604,0,-0.9438566089515632,-9.23426353492115,64.98028007978316,852.7
6901028114455,202604,0,0.0,5.326259557680794,55.37069531383867,319.5907434402332
6901028118187,202604,0,-0.1094198195396742,10.081761712203301,45.93205344537709,174.0119850187266
6901028118828,202604,0,4.436962879744534,9.329245309166035,55.7922894302316,1430.303571428571
6901028119009,202604,0,-1.3768954169708394,-2.021004994902903,58.29028492404424,2448.1666666666665
6901028120708,202604,0,-1.770490499252901,8.660812573027162,61.32262215680589,662.359375
6901028121828,202604,0,-3.1444550813017003,-3.687832252547217,55.88063688445183,1034.388888888889
6901028123266,202604,0,0.0,4.106465515317763,53.39939632572116,319.5907434402332
6901028124058,202604,0,-2.224201895562828,16.802592708063376,50.643518411874666,169.12010443864227
6901028125970,202604,0,-4.229930898018992,-1.5052694640122823,74.69001219828367,680.5974025974026
6901028126007,202604,0,5.327924710384068,9.341244578532619,52.957936411480745,319.5907434402332
6901028133333,202604,1,-0.1152466345766711,-11.56619123249619,73.09812209367837,12.560693641618498
6901028136891,202604,0,0.0,4.106465515317763,53.484338477241664,319.5907434402332
6901028138536,202604,0,13.692788777852286,7.070898475910326,61.39530089730991,1443.571428571429
6901028141147,202604,0,0.2957493281795038,16.758978827323407,44.82468330624909,315.6127527216174
6901028143448,202604,0,-0.1285264682285216,13.143921289272836,52.55976897893037,319.5907434402332
6901028143554,202604,0,0.4545606736638845,-3.721146757437104,61.83209448471993,707.6160714285714
6901028145077,202604,0,0.0615932824767924,4.835221679852417,59.76604402731061,1529.8125
6901028149921,202604,0,-9.402917492231666,3.2965356132059016,49.87107990472231,14.26214526214526
6901028150378,202604,0,0.0,4.471795344622647,53.31206029460203,319.5907434402332
6901028151634,202604,0,-0.5650581176115992,13.859722994790696,47.92198869187235,226.57438016528928
6901028155557,202604,0,0.3384655656637889,-5.800843535054549,53.82043078466641,207.37345679012344
6901028159548,202604,1,1.3405930282274383,1.1549290588870575,46.27952460586992,109.10912981455066
6901028159753,202604,0,13.24979207049995,-19.737854030370798,49.01120010266041,370.7117117117117
6901028160285,202604,0,7.806825048183263,1.1041024922963172,66.8036393797726,286.3738680465718
6901028162876,202604,0,4.821954005964884,3.7399342328892278,53.939855528109874,137.40611053896328
6901028164177,202604,0,20.109289048520964,10.35493515113724,32.50058961101876,319.5907434402332
6901028165242,202604,0,4.948072550402053,10.739874981430582,42.89365792634005,197.0204678362573
6901028165860,202604,0,6.85660030383832,-12.28092391363305,73.64487091082633,1543.5
6901028169967,202604,0,4.773486992006411,-2.4734724529854497,58.34517544062904,319.5907434402332
6901028172509,202604,0,-0.0165191950466905,13.14686152744055,49.278336648435904,1096.5069444444446
6901028172936,202604,0,0.0,7.277201810517148,53.69790731535038,319.5907434402332
6901028177153,202604,0,0.0,4.301663275036039,53.35377237534114,319.5907434402332
6901028178105,202604,0,-0.1603331361180409,-1.3541754421492795,63.4325022155574,455.3733333333333
6901028178259,202604,0,-5.935261452753345,14.962988480615095,40.88168511086535,319.5907434402332
6901028178648,202604,0,4.329966876793336,3.6822286779772546,52.77838581845322,319.5907434402332
6901028179270,202604,0,-0.3009443140309287,12.319314085279673,57.71589164979256,60.49029414257862
6901028179324,202604,0,-2.2600267942882795,4.525829866889865,77.2672398375258,122.75676818950932
6901028179348,202604,0,-3.24927828031818,-2.1685680816986688,56.78895412106715,634.5390070921986
6901028179492,202604,0,0.0,-4.631512682342605,69.52754624890527,319.5907434402332
6901028180009,202604,0,0.6641742898648317,-4.047380928413024,85.56445076722036,937.4057971014494
6901028180580,202604,0,-0.6893673595166661,-5.4206510016916685,51.61102678285157,341.59034097803664
6901028180603,202604,0,0.0247392777721984,11.298969862267194,52.62470285051477,148.8594809219446
6901028180634,202604,0,-2.6062834940187187,6.495495221709654,52.50939114884508,319.5907434402332
6901028180788,202604,0,2.502520210922114,-16.45626661019413,74.1968728204849,226.9375
6901028180818,202604,0,3.8033136716129543,4.678729227940384,51.783534474842405,355.5610119047619
6901028181457,202604,0,-0.0055651206904485,5.390598611917357,65.44899643054498,704.1323529411765
6901028181815,202604,0,-2.000606157509281,-1.4406492461306668,67.20254814021213,211.33875338753387
6901028182560,202604,0,0.5042500959012557,9.733323624927811,53.33430041185434,11.389949437622535
6901028184250,202604,0,-1.6834521304203562,5.053259461201671,54.21867521070007,319.5907434402332
6901028184304,202604,0,0.653506863768385,3.732100065943132,96.449101983583,99.68900804289544
6901028185912,202604,0,4.619348815618899,10.780082338938783,54.58632081752089,172.05575048732945
6901028187343,202604,0,1.055573481166178,-11.468482549733789,53.63418685699472,674.5646258503402
6901028187855,202604,0,-4.413632105471976,6.30985456483873,55.14518949424816,319.5907434402332
6901028188029,202604,0,0.8927440556656734,3.204307482021298,71.15226017064398,298.1280487804878
6901028188081,202604,0,-0.0082208328974147,2.473250244005295,53.22043603186872,306.6127232142857
6901028190374,202604,0,20.572950947393863,-9.192300105981568,85.09438259369534,126.02702702702705
6901028190602,202604,0,-5.889991102753619,5.331645026953783,50.35744037326102,255.51377633711505
6901028191142,202604,0,0.0654007493202613,10.363074206679618,33.99431443172264,319.5907434402332
6901028193504,202604,0,-1.6680463504969651,2.2622100106481344,59.35756503680049,1342.6107784431138
6901028196024,202604,0,-2.64108284018765,14.036834030030688,78.34490486418623,1149.125
6901028204026,202604,0,-0.0376519100538246,5.3710636822713385,54.28166213951419,319.5907434402332
6901028204835,202604,0,-2.065696758167121,8.716325875500317,46.67442302638916,319.5907434402332
6901028207508,202604,0,2.29011375213625,13.033804627509348,54.10593588998124,778.4375
6901028211352,202604,0,0.9129518726454506,9.528074592329247,47.32366263338803,64.80332640332641
6901028212229,202604,0,0.2891730102204946,0.46819992693887336,69.57531373540647,386.9677419354839
6901028216166,202604,1,0.4109046355060357,-8.422013448748249,53.35381290803948,637.6593406593407
6901028218603,202604,0,3.52640663717726,16.736239537349388,69.86589233017524,183.78260869565216
6901028218900,202604,0,3.860549585421751,-4.049198831558802,70.92812598837939,3612.5
6901028219174,202604,0,0.5950314457715535,3.6534932012828873,62.36679707565783,431.9411187438666
6901028221351,202604,0,0.0,5.326259557680794,55.37069531383868,319.5907434402332
6901028221450,202604,0,-2.742283638881446,16.93772039503256,54.99392535654225,760.5342960288808
6901028224079,202604,0,9.75652841243116,0.6870360022788884,45.74184721699833,1148.9160305343512
6901028224642,202604,0,-0.8264792267730527,5.018189808795471,38.952418461771074,4413.294117647059
6901028225175,202604,0,-0.1383965973694572,-9.18596588680936,54.03581644416122,211.7298161470824
6901028227285,202604,0,-0.5178238979653358,5.827027724548115,43.05377937364988,3331.1195652173915
6901028227438,202604,0,6.770548358201012,11.312573691234538,44.38254762347128,319.5907434402332
6901028229074,202604,0,1.7789238356761956,3.4857073644074736,51.65672321167582,2161.09375
6901028230186,202604,0,0.0498382634794722,9.156480640227931,59.69543961698106,233.4193548387097
6901028241410,202604,0,-0.0459097163509554,1.7474885128398066,63.59964455764893,384.6190476190476
6901028242066,202604,1,-3.047286771830535,9.501698394871413,65.11056458577899,156.85714285714286
6901028247375,202604,1,-6.368101333777879,6.871539640631477,56.74847335384439,235.4903225806452
6901028252959,202604,0,0.7865192265233958,2.796418156245685,65.66214201726434,642.2894736842105
6901028268950,202604,0,-2.065977352095849,-8.09555708896658,59.37028237195341,647.6428571428571
6901028268981,202604,1,-1.9347231915892775,18.61798112502403,62.37651898975823,352.4868421052632
6901028271004,202604,0,-0.7401634086459978,7.467938172234777,60.062375222645,1193.857142857143
6901028271547,202604,0,-0.085046191172097,3.2079703120469465,72.69243213092986,120.17194570135746
6901028275668,202604,0,-0.8833712137774086,12.192390397053009,64.43279402052873,2034.769230769231
6901028312356,202604,0,3.227556308657384,-0.4319028785320796,70.6805014482301,4879.25
6901028314459,202604,0,0.0,5.326259557680794,55.37069531383868,319.5907434402332
6901028314985,202604,1,15.024625439621444,5.010253159755045,52.84394452535541,77.6401384083045
6901028315432,202604,0,0.9530776112374824,13.997318259322904,29.754603107358683,319.5907434402332
6901028317177,202604,0,1.0918215421474642,19.619322434223573,55.095143770764665,604.3739644970415
6901028324830,202604,0,-0.431794100704657,-3.2575495140570467,58.8775573905183,848.3945578231293
6901028325257,202604,0,3.915301905096897,-5.2342609932569815,72.1969660229122,436.6818181818182
6901028339957,202604,0,10.965519385548872,5.145343734800607,65.89550938496778,1090.7104795737123
6901028936477,202604,0,0.0,9.76410787087503,53.20226642690941,319.5907434402332
6901028936750,202604,0,4.08757693853169,4.759121231592033,46.44838235081939,82.89402173913044
6901028936996,202604,0,0.0,4.106465515317763,53.53164802998727,319.5907434402332
6901028937535,202604,0,0.0,9.341244578532619,52.957936411480745,319.5907434402332
6901028937832,202604,0,-2.923465110923587,-6.2099574441136385,59.52851082095789,463.536
6901028940504,202604,0,-2.2269808855498425,8.638826055115178,46.24638772691749,319.5907434402332
6901028942881,202604,0,-15.443118913222207,13.941980242031335,39.92757640061647,319.5907434402332
6901028942911,202604,0,-2.844044697076548,5.3710636822713385,54.53668420348127,319.5907434402332
8888075074865,202604,0,12.177425709252368,5.773145347468357,54.66611366774623,319.5907434402332
4891132530116,202605,0,-14.91626489010068,7.532539464637322,39.83981805714251,319.5907434402332
6901028000833,202605,1,14.550521684188674,-8.695684972154599,54.24361918171978,83.95085066162571
6901028001625,202605,1,-1.6498950260735228,14.207039819820753,51.17055699076823,884.522633744856
6901028005036,202605,0,-5.062785411348415,2.421266740166138,52.98499842061357,406.13125
6901028009744,202605,0,-1.1248397684172955,-9.55505900037762,63.05193375034561,102.35930735930737
6901028009805,202605,1,-0.8206438022630351,2.9239130794021104,54.97697219087143,3307.444444444445
6901028010115,202605,0,-1.0711035521719126,13.447308590075615,45.649134642970914,1439.7826086956522
6901028010771,202605,0,-4.680140117709833,4.094365765689501,59.63622909342271,656.5428571428571
6901028011785,202605,0,-1.4790943658983051,7.5092285939644,57.56441409245021,280.9126213592233
6901028012003,202605,0,-1.4449384880601954,-25.0,59.765821754334205,305.8461538461538
6901028013611,202605,0,0.0,21.621069063112607,59.934306063543,319.5907434402332
6901028018630,202605,0,7.833326345428901,3.066632844400037,55.37069531383868,319.5907434402332
6901028018722,202605,0,2.25433141298781,3.457771201979759,56.91768244385887,319.5907434402332
6901028024976,202605,0,-0.1428672933626487,5.666386987736581,53.291686174824015,319.5907434402332
6901028025645,202605,0,-0.0992373866687614,-5.415993186051957,41.55190719444658,319.5907434402332
6901028039758,202605,0,-5.79431218421572,15.225086977473445,51.673992153957606,319.5907434402332
6901028042635,202605,0,10.407904449477506,8.060688651153304,61.088686443773945,5801.04
6901028042963,202605,0,-12.718623165403116,7.111575702243813,53.65877777152609,319.5907434402332
6901028045919,202605,1,-4.812649568570031,-11.108779547166794,68.53281536601892,685.5491071428571
6901028046893,202605,0,9.015806444172256,11.895102600675322,49.742958409212775,194.62125748503
6901028051989,202605,0,4.183204795028573,3.11360798725868,66.553601060514,5932.5
6901028057080,202605,0,-0.2231872608917768,0.8814978241025795,53.84989033208634,133.67447916666669
6901028058148,202605,0,17.23459899316981,7.6499819458423275,44.27389018949993,679.7857142857143
6901028059114,202605,1,-3.8187813269075193,10.452716538533336,52.41949886007751,1140.875
6901028062015,202605,0,-3.629166510098401,4.570728721481855,60.72252174100179,153.117381489842
6901028062329,202605,0,14.142285548957162,-2.1920238085021735,55.12134848023844,147.7301587301587
6901028062350,202605,1,-10.46368804218362,13.406079894721186,70.78285164260306,106.12587412587412
6901028063371,202605,0,-1.3700569419292634,5.666386987736581,53.291686174824015,319.5907434402332
6901028065504,202605,0,-9.126246818157668,-0.7784676365984072,46.45842598622448,1153.0
6901028071475,202605,0,9.169045325296809,12.9668002768769,35.753732118234346,976.2444444444444
6901028071536,202605,0,-13.119060413732932,-4.952500715833887,54.0263609280626,224.94444444444449
6901028075015,202605,0,3.1745152763676003,-8.893745033181627,69.22632642974862,264.63973063973066
6901028075022,202605,0,-0.3486072767186954,3.112089771391232,72.50390994593154,126.55510204081634
6901028075053,202605,0,-0.2619977689518507,2.3172027395973,49.49381496260269,1035.1549295774648
6901028077910,202605,0,-1.026701705559887,10.158454123334135,74.32554717466853,240.7142857142857
6901028079990,202605,0,-0.5958967547117666,8.611593529844084,67.18934703728682,95.2462203023758
6901028080224,202605,0,0.0,12.260922697651,52.81243651465246,319.5907434402332
6901028080521,202605,0,-4.664742843845019,15.581896154271986,42.35427679858391,319.5907434402332
6901028084321,202605,0,-5.365013466216404,17.471416055158993,49.60101276831331,319.5907434402332
6901028084772,202605,1,1.239659162275501,7.068199640141775,46.29107311053943,782.0813953488372
6901028084925,202605,0,-0.4085169221457505,0.2698487303451865,58.53363542141968,2056.767441860465
6901028092432,202605,0,0.2260841326555791,8.949322256448264,53.11696893922837,624.9230769230769
6901028098335,202605,0,-2.759082512696864,-11.562284655231867,57.33543181265611,302.6782608695652
6901028102094,202605,0,0.0,7.057695638391575,53.59802531121588,319.5907434402332
6901028104241,202605,0,0.0,7.902137938736027,53.291686174824015,319.5907434402332
6901028104302,202605,0,0.3644969206293353,10.246188811452965,55.68367994382024,1406.32
6901028107150,202605,0,0.0,3.6695353502950416,55.37069531383867,319.5907434402332
6901028107297,202605,0,0.0,7.902137938736027,53.291686174824015,319.5907434402332
6901028111270,202605,0,7.621832510783662,9.44227536274924,47.2222615734395,110.1147132169576
6901028111546,202605,0,-2.071751638969012,-0.5345369730277596,62.080014796892144,395.030303030303
6901028112505,202605,1,1.175015288695306,2.030516353228371,65.75839395906962,381.6
6901028114455,202605,0,0.0,3.6695353502950416,55.37069531383867,319.5907434402332
6901028118187,202605,0,1.0045582824265082,19.83311357801063,45.53357622984534,248.5541624874624
6901028118828,202605,0,-3.751208495793797,14.86235297631232,49.4952600628971,501.8589743589744
6901028119009,202605,0,-0.4024183580940317,-3.597452263899313,59.883676632819295,599.5714285714286
6901028120708,202605,0,2.327624359466455,3.0493971408713936,59.06255714455392,599.8000000000001
6901028121828,202605,0,1.226344938029257,3.419851281069716,55.23360290248351,616.6440677966102
6901028123266,202605,0,0.0,5.452100980622645,53.39939632572116,319.5907434402332
6901028124058,202605,1,3.857928321423678,17.804473578736207,50.29369669628071,510.64912280701753
6901028125970,202605,0,-8.34562343687982,0.26214059028864245,73.18521769082105,209.82978723404256
6901028126007,202605,0,-5.327924710384068,11.690334308354103,52.957936411480745,319.5907434402332
6901028133333,202605,0,6.280532422295245,11.754723618861862,58.44760278879444,987.7
6901028136686,202605,0,-3.573823073246324,20.5991545603394,35.56555585125625,319.5907434402332
6901028136891,202605,0,0.0,5.452100980622645,53.484338477241664,319.5907434402332
6901028138536,202605,0,-13.200837971870008,11.575698951939724,58.55245725723341,1146.52
6901028141147,202605,0,0.1696686539193166,20.574745932022967,49.405142992771935,319.5907434402332
6901028143448,202605,0,-17.1107783387351,4.645808853632827,46.984532990019815,433.375
6901028143554,202605,1,3.148960636627507,0.06639429944900471,57.53977019283805,705.8
6901028145077,202605,0,-0.3313892543702437,4.966961216325404,59.89754224125792,940.81
6901028145473,202605,0,10.794485734827106,5.091447888946318,51.82922060678923,319.5907434402332
6901028149921,202605,0,10.640028457177864,10.954626019767282,57.74450578946121,21.287029930928625
6901028151634,202605,0,5.307244823746103,13.274359102595378,49.096786017905565,74.15772357723577
6901028155557,202605,0,-0.9556603605120132,-1.0955415448354486,53.6481051232353,197.7170542635659
6901028159548,202605,0,-4.471240032615079,20.10242010870064,36.53576756519604,319.5907434402332
6901028159753,202605,0,-0.5695552729623401,6.7112066890957545,40.89410483752528,90.88922155688624
6901028160285,202605,0,-13.882229087439384,4.944881737616342,59.60076659289341,209.86976217440545
6901028162876,202605,0,-19.687470853959844,4.788745593104486,49.61664546686419,375.3014018691589
6901028164177,202605,0,-13.157003202094614,16.89938971120869,37.369317601430254,319.5907434402332
6901028165242,202605,0,1.0231757393703305,8.359919658634748,49.85458276672464,306.7584269662922
6901028165860,202605,1,-8.179090622107864,-7.197083037453713,66.9817245640867,2170.5
6901028172509,202605,0,10.409495818980552,13.802450809088763,48.694173192686016,559.5144927536231
6901028172936,202605,0,0.0,7.370300038175414,53.69790731535038,319.5907434402332
6901028177153,202605,0,0.0,5.903436754112108,53.35377237534114,319.5907434402332
6901028177214,202605,1,-8.560956168140244,5.815525952030073,63.92030204900532,2793.222222222222
6901028178105,202605,0,-0.0845788434271952,0.1586717739445509,64.11592542606707,121.09491525423728
6901028178259,202605,0,-19.63360526468186,3.21064976635369,56.32480402408755,319.5907434402332
6901028178648,202605,0,10.964537253637218,3.291027822107737,64.95801734936948,319.5907434402332
6901028179270,202605,0,0.2769879163602553,-9.05389106852231,70.6869217574993,58.523218066337336
6901028179324,202605,0,5.460492712831254,13.007919368692853,75.08079781752559,137.65342645133128
6901028179348,202605,0,0.1503656438504919,2.9218310195649404,59.175501387556274,525.7472899728998
6901028179492,202605,0,0.0,3.0820939853822624,55.37069531383868,319.5907434402332
6901028180009,202605,0,-0.548539357786396,-19.542836498211937,84.63614699419,165.69382391590014
6901028180580,202605,0,0.7296265096934249,9.62379060552597,50.90860514523432,240.75115715230328
6901028180603,202605,0,0.0219984442151428,9.87293313520675,52.71940831610278,98.60009820426488
6901028180634,202605,0,0.1595172278345416,0.9213834191622436,47.84319182832645,319.5907434402332
6901028180788,202605,0,-1.9340844966850737,-14.724110660883783,69.85237368156183,146.0
6901028180818,202605,0,-8.367791569354424,8.579686219177988,58.013890594932015,977.181818181818
6901028181457,202605,0,-0.0198689436034413,0.6280582922606287,66.01648825567526,90.13809910641751
6901028181815,202605,0,1.6096433716019902,-8.39197401388504,67.0406687017524,426.6686046511628
6901028182560,202605,0,-0.5460748204433088,9.166087364279898,53.50495226754835,10.764068464474818
6901028184250,202605,0,-14.937055962060825,7.7171964653318685,52.02156359333012,319.5907434402332
6901028184304,202605,0,-0.2660236397079245,-11.555378458045803,94.70769714968722,218.18085106382972
6901028185912,202605,0,-3.987019434900155,6.958839611731309,54.285988475682686,101.06957487630012
6901028187343,202605,0,-1.4042138391132042,-6.447632144048214,49.28961282493219,1072.181818181818
6901028187855,202605,0,12.512325233932089,-5.989548556260818,72.83533465724491,159.93548387096774
6901028188029,202605,0,-0.4406228964548262,5.767917495761989,69.16346223373529,222.5466155810983
6901028188081,202605,0,-0.2114728074677572,6.35866487456299,53.36039773420836,107.6438263229308
6901028190602,202605,0,0.5739015527198461,5.671396090545782,54.00343644753696,163.98847262247838
6901028191142,202605,0,-15.486509919288563,13.09442965643396,49.4164617044313,319.5907434402332
6901028193504,202605,0,3.425501795186534,4.606838086344603,58.055646750564506,2068.022727272727
6901028196024,202605,0,-1.4947742209207178,15.929921785341794,81.40638491261379,1692.4999999999998
6901028204026,202605,0,-2.491566908957722,13.055406364631006,54.12847460813555,1172.8125
6901028204835,202605,0,-9.814243795410732,9.83769551654752,51.79779343158992,319.5907434402332
6901028207508,202605,0,6.404743180678594,13.186779305517746,55.06303545852293,566.8541666666666
6901028211352,202605,0,9.93379242917694,10.670909910034574,47.73509754494217,132.18922305764409
6901028212229,202605,0,-4.708529357205919,-4.332633398109999,69.51969143771,450.0769230769231
6901028216166,202605,0,-0.2173266444867465,8.072961774231958,53.02346024773284,495.1867704280156
6901028218153,202605,0,0.3220190174210984,2.348412519027622,69.63569516497455,159.33870967741936
6901028218603,202605,0,-3.682568475781295,-6.06078558446099,70.2634019024112,172.94019138755982
6901028218757,202605,0,-11.465229966038171,2.5170479933091254,56.02064078382488,425.2645502645503
6901028218900,202605,0,0.1440519122987922,-9.199867844872951,65.43182849169987,66.23529411764704
6901028219174,202605,0,-0.6242002103198487,-2.5113244206382683,62.17045176244476,1080.2476489028213
6901028221351,202605,0,0.0,3.0820939853822624,55.37069531383868,319.5907434402332
6901028221450,202605,0,3.162228926357976,17.049383237162466,55.61450479267676,380.4016260162602
6901028224079,202605,0,-0.1867736236247594,11.832871958731848,49.42523615046237,459.70820668693005
6901028224642,202605,0,12.944712784087336,6.99730750295096,43.68381426823624,494.33191489361707
6901028225175,202605,0,0.110848395165604,4.655845738198855,53.8446473767483,228.49266113592853
6901028227285,202605,1,-0.1774278172129797,2.3358584255703265,45.28211875519652,1945.56462585034
6901028229074,202605,0,-3.674505901741824,12.428961667747453,50.23435954678472,3405.9473684210525
6901028230186,202605,0,-0.5699837923326498,-2.888508557789129,60.045902013698,192.5072463768116
6901028241410,202605,0,5.183389993862136,-3.390957698815466,62.13007835444636,109.21311475409836
6901028242066,202605,1,-21.10793684063126,3.331564613457827,60.02716964409801,829.421052631579
6901028247375,202605,0,-1.0370264493783168,10.213077062908358,53.61571671021552,494.3230769230769
6901028252959,202605,0,-1.5458726402567464,4.945497110703468,65.83053740793221,451.54838709677415
6901028268950,202605,0,1.315061335790368,14.679758277414642,52.73066273962357,2759.076923076924
6901028268981,202605,0,1.324365895372246,1.9295882347990414,55.89375902243402,2466.0714285714284
6901028271004,202605,0,5.304059321079087,-0.06282888552153608,51.63686221992325,319.5907434402332
6901028271547,202605,0,-0.4145813061133765,0.9253423789789957,72.9096673668164,76.41836734693877
6901028275668,202605,0,0.8081889761267291,8.555782358450848,66.02933665617654,117.4780487804878
6901028314459,202605,0,0.0,3.6695353502950416,55.37069531383868,319.5907434402332
6901028314985,202605,0,-0.1150087400553019,13.234018173860301,37.81697228400531,319.5907434402332
6901028315432,202605,0,-18.781922306489776,7.5554317347773665,52.3705498094346,319.5907434402332
6901028317177,202605,0,-2.165852616028509,9.471751037505832,54.44867286618727,726.3040540540541
6901028324830,202605,0,-7.927028916648474,-5.918286355964104,57.267147569992446,452.5902439024391
6901028325257,202605,0,0.1221661529070416,9.888205618196904,70.69077771452706,491.0
6901028339957,202605,0,0.2636734607357738,8.204380966983786,54.28243212471236,590.7312734082396
6901028936477,202605,0,0.0,11.83470098031328,53.20226642690941,319.5907434402332
6901028936750,202605,1,-0.4354467384206799,-8.382846926568822,45.09969836069085,221.62184873949585
6901028936996,202605,0,0.0,6.287877359908605,53.53164802998727,319.5907434402332
6901028937535,202605,0,0.0,11.690334308354103,52.957936411480745,319.5907434402332
6901028937832,202605,1,13.472806761962232,5.628553605053154,58.99467912048095,1068.220588235294
6901028940504,202605,0,-1.8766028123436485,21.377329371294394,50.481336074310775,122.67031164570804
6901028942881,202605,0,0.0,2.479191479487257,55.37069531383868,319.5907434402332
6901028942911,202605,0,-0.6237783499815208,4.507439690620217,54.53668420348127,319.5907434402332
8888075034777,202605,0,7.825836549514143,5.390829171456316,55.29919068689075,319.5907434402332
8888075056014,202605,0,-8.773511732098257,1.644507365323957,39.759149436101424,319.5907434402332
4891132530116,202606,0,11.853675535912624,8.087548030741988,39.83981805714251,319.5907434402332
6901028000833,202606,0,-0.075070417705767,-2.831384824830169,35.36859950011231,319.5907434402332
6901028001625,202606,0,-2.7682045937193607,7.0083367759070185,56.31376592116294,540.1108179419525
6901028005036,202606,0,-1.8454528731802284,-0.945223183048347,55.97610719206989,135.3957654723127
6901028009744,202606,1,-10.007944553110724,-6.70558371820953,63.03871286372862,216.2566844919786
6901028009805,202606,0,-11.84947575386363,-1.4993442810590931,53.44396509558058,2209.1739130434785
6901028010115,202606,1,-2.890284177466711,2.4661223401603203,47.44109221884669,284.82894736842104
6901028010771,202606,0,-9.607555369394696,7.964495715523514,56.35262588500245,364.45238095238096
6901028011785,202606,0,0.08408277110221,-0.8022156769547572,61.64735128243326,289.0091743119266
6901028012003,202606,0,0.4057385662754811,8.22827156004039,58.98250189843446,52.82120582120582
6901028013611,202606,0,0.0,5.432589428499549,52.78923235320859,319.5907434402332
6901028024976,202606,0,6.221551515128788,5.9360483940688615,52.95077841262008,153.6421487603306
6901028025645,202606,0,7.621304584199308,5.460004770583961,41.56363225137213,319.5907434402332
6901028039758,202606,0,-0.711094319921699,-5.076050869259866,56.84704173311873,97.99616858237547
6901028042635,202606,1,-9.95707389010876,-5.5612881207219065,63.49018155495372,3836.314285714285
6901028045919,202606,0,-2.5240511561458376,5.020210934715577,66.94586694254102,1158.3835616438355
6901028046893,202606,0,-4.267344462023701,15.517759612323452,48.026349575405305,173.88479890933877
6901028057080,202606,0,-0.8506574792031429,2.551034046662045,53.53430601594532,467.8405797101449
6901028058148,202606,0,-8.137357666395225,12.048797781668803,39.69267519151535,357.8687943262412
6901028059114,202606,0,-6.779676193530456,4.369767235286688,60.9752248141902,1316.5384615384614
6901028062015,202606,0,-8.5354034566354,9.477232599594922,60.87647065006374,46.246153846153845
6901028062329,202606,0,-5.794350392954144,10.110511727691991,52.15198504917217,210.4715447154472
6901028062350,202606,0,-0.7105634903838194,5.644796262842905,73.22643657157218,143.75324675324677
6901028063371,202606,0,-9.13928232637543,9.67727531046616,52.34734134709594,236.07606679035248
6901028065504,202606,0,-0.652111355914343,-9.808565842233032,57.67828216568719,816.1764705882352
6901028071475,202606,1,-8.378265431541799,5.532979906627352,40.71715893871825,283.4155844155844
6901028071536,202606,1,7.444067246552485,-7.555991881703241,54.01295442415248,239.8
6901028075015,202606,0,-5.7249611093087225,2.9158791679840026,71.2485216317609,179.2234762979684
6901028075022,202606,0,-15.93072691122211,5.2148461327062465,72.63567899583825,105.92447129909364
6901028075053,202606,0,3.66469756373101,15.41143432257996,50.61791757556623,74.75203915171288
6901028077910,202606,0,-1.7884101123339915,-7.831017901802973,73.10585076136226,1464.3333333333333
6901028079990,202606,0,4.520619274161966,3.6598249624501116,63.04915760956429,40.18490153172866
6901028080224,202606,0,0.0,4.692236182691778,52.81243651465246,319.5907434402332
6901028084321,202606,0,-2.0061228294228077,7.106187946366497,57.27853506933236,36.21410829607551
6901028084772,202606,0,-2.5778828896483503,5.6735332522990545,54.24739670239303,265.51502145922746
6901028084925,202606,0,-2.616156565771554,5.008792963154777,58.82256285830517,1452.2363636363636
6901028092432,202606,1,5.860220700974772,7.950227817392171,53.37429485916208,435.0384615384616
6901028095891,202606,0,-1.1507699320886502,13.878875089128487,33.5631995126291,319.5907434402332
6901028098335,202606,1,2.2889514618661977,-8.2391984540885,50.55894223938475,194.4333333333333
6901028104241,202606,0,0.0,9.11635338774613,53.291686174824015,319.5907434402332
6901028104302,202606,1,-17.15289018242219,2.0301418891260847,56.44959554092209,562.290909090909
6901028107150,202606,0,0.0,4.828190598766791,55.37069531383867,319.5907434402332
6901028111270,202606,0,-10.891709206731456,11.2644296214103,47.42875202267013,50.9109557109557
6901028112505,202606,0,-1.6646263188088142,4.700779459427904,64.81453735011806,352.57142857142856
6901028114455,202606,0,0.0,4.828190598766791,55.37069531383867,319.5907434402332
6901028118187,202606,0,-2.046053698836829,3.5415505402980547,45.42415641030566,222.07655502392345
6901028118828,202606,0,0.5185438787220278,5.504042708761425,53.93222294264164,1588.258064516129
6901028119009,202606,0,-9.557279085269194,-2.886635531094359,58.506781215848456,2150.5
6901028120708,202606,1,-0.3793712547819794,4.533507938728623,57.29206664530102,709.0441176470588
6901028121828,202606,0,-1.615437860307409,1.673593474701962,52.08914782118181,2664.777777777778
6901028123266,202606,0,0.0,5.306792684252443,53.39939632572116,319.5907434402332
6901028124058,202606,0,-4.913372577684797,10.180538861712508,48.06949480071789,399.5634920634921
6901028125970,202606,1,5.373951681334475,-4.0642322098949855,68.95528679280206,512.8869565217391
6901028126007,202606,0,0.0,-7.566942051772174,58.28586112186481,319.5907434402332
6901028133333,202606,0,-16.86077061400689,6.629138264080671,58.33235615421777,319.5907434402332
6901028136686,202606,0,-4.636263896637999,10.385333284760556,58.03117920307051,448.06420765027326
6901028136891,202606,0,0.0,5.306792684252443,53.484338477241664,319.5907434402332
6901028138536,202606,0,4.05352861188566,-3.865189290783329,72.2452460350857,192.85641025641024
6901028141147,202606,0,-0.6412469758598647,2.0822476795176614,49.70089232095144,130.18112947658403
6901028143448,202606,1,5.438810444598776,25.0,46.85600652179129,456.0833333333333
6901028143554,202606,0,-20.475221716510887,4.489656917679797,57.99433086650193,201.44578313253007
6901028145077,202606,0,-0.1932838849257194,-2.7297438757282793,59.95913552373471,521.2773722627737
6901028145473,202606,0,-5.15894762956178,11.440611807720474,44.86714480923817,319.5907434402332
6901028149921,202606,0,-15.675081913424222,18.242239835556024,48.34158829722954,9.527573062261752
6901028151634,202606,0,-3.621125877135455,4.847560578706449,48.531727900293966,93.90030211480362
6901028155557,202606,0,2.24177840203609,6.347859433302241,53.98657068889909,102.09290953545234
6901028159548,202606,0,-0.436702420292832,12.913285558062674,37.87636059342348,319.5907434402332
6901028159753,202606,0,-3.157228874860394,-4.8473513232545855,54.14389690802523,72.3838383838384
6901028160285,202606,0,9.173932012184402,-0.46929980612497146,67.40759164107668,194.039100684262
6901028162876,202606,1,15.102493490939622,11.193340622739939,54.43859947282908,64.14185110663983
6901028164177,202606,0,-17.736664603954548,6.995095892105224,57.47860664995122,319.5907434402332
6901028165242,202606,1,-3.1839318900408387,6.4781707366288765,54.80265531712669,297.55968169761275
6901028165860,202606,1,-8.941475445135566,0.3127175382391914,73.83832486792502,42.74242424242424
6901028169967,202606,0,-10.54723609946953,1.4672300385681194,77.4431202016978,571.6666666666666
6901028172509,202606,0,-2.084386136400873,-2.2410359842755248,48.677653997639325,282.3595744680852
6901028172936,202606,0,0.0,7.252314712759244,53.69790731535038,319.5907434402332
6901028177153,202606,0,0.0,5.107507246041259,53.35377237534114,319.5907434402332
6901028177214,202606,1,-2.596224300068485,-7.6432166150310845,60.3858393000712,450.046511627907
6901028178105,202606,0,-0.8969626616738466,-1.7180064864998654,63.955592289949024,87.43023255813952
6901028178648,202606,0,-14.38997532400829,-9.688423190546427,69.28798422616282,648.375
6901028179270,202606,0,-1.4899203583847085,4.384181087154627,70.38597744346838,99.45958312150482
6901028179324,202606,0,-9.155550598474733,-2.0378477754025295,72.82077102323731,599.654255319149
6901028179348,202606,0,-2.5287456509861457,-0.3868848031483496,55.926223107238094,297.1939443535188
6901028179492,202606,0,0.0,4.828190598766791,55.37069531383868,319.5907434402332
6901028180009,202606,0,-11.268013495362013,-18.469670986994334,85.30032128405483,440.9036827195468
6901028180580,202606,0,-9.457984829111886,9.724429702915927,50.21923778571765,261.27818061964405
6901028180603,202606,0,-0.0201392422889981,12.237013991697614,52.74414759387498,81.45167759770176
6901028180634,202606,0,0.5143513389654686,1.9092082444674314,45.23690833430773,319.5907434402332
6901028180788,202606,0,-5.455406701282868,-12.119661934153077,72.35489389248394,148.89285714285714
6901028180818,202606,0,1.9303844116879605,2.890201128236918,61.81720426654497,340.2256
6901028181457,202606,0,-0.160756755353276,1.8890747836157984,66.01092313498481,90.80600858369098
6901028181815,202606,0,-13.62818816782385,-3.9582723332290515,65.04006254424311,694.4548872180451
6901028182560,202606,0,-14.74023385735054,11.141956798381873,54.0092023634496,118.71189507010402
6901028184250,202606,0,9.902400676814857,12.055385442635988,50.338111462909765,319.5907434402332
6901028184304,202606,1,-8.460928588231397,-6.847678623827238,95.3612040134556,454.5808823529412
6901028185912,202606,0,3.320763608912287,10.024138424655572,58.90533729130159,75.37781672508764
6901028187343,202606,0,-4.419431583008517,4.114001136167816,50.34518630609837,224.09533898305085
6901028187855,202606,0,-11.07753261317214,-13.676716667449488,68.42170255177294,1121.3333333333333
6901028188029,202606,0,1.14118406485548,1.3720581013208195,70.05620628940096,781.0508982035927
6901028188081,202606,0,0.1990281672045739,-4.33939114021522,53.35217690131094,205.99247176913423
6901028190602,202606,0,-1.7231313542265738,10.108651251409052,48.11344534478334,26.869089099054257
6901028191142,202606,0,18.96258387701775,15.590571918845422,49.48186245375156,319.5907434402332
6901028193504,202606,0,-0.3624242002652664,-2.0939909329916238,56.38760040006754,4670.290697674419
6901028204026,202606,0,4.505811371669395,8.968592998102388,54.09082269808172,6316.75
6901028204835,202606,0,-3.734950049298533,10.151311878949763,49.7320966734228,319.5907434402332
6901028207508,202606,1,-1.891496259015831,0.4655646546335113,57.35314921065918,667.9672131147541
6901028211352,202606,0,-6.10641512279615,15.813347565071975,48.64804941758762,64.31372549019608
6901028216166,202606,0,0.1716661426272878,1.048383881917471,53.43436488323887,249.14511873350924
6901028218153,202606,0,0.0,7.004643243170192,69.08322686627042,44.52307692307692
6901028218184,202606,0,-21.15791875564902,7.921834121325573,54.59509264171505,319.5907434402332
6901028218603,202606,0,-6.312261420755753,2.0832842811746826,73.78980853958846,130.54849884526558
6901028218634,202606,0,12.930810886218836,7.444635879859078,44.97296146689057,319.5907434402332
6901028218900,202606,0,-3.4118615639275447,-3.4254238577205514,69.29237807712163,370.75
6901028219174,202606,0,-0.7455998893205873,-6.277219989270732,62.76548320821631,486.3611584327088
6901028221351,202606,0,0.0,2.856794213013263,55.37069531383868,319.5907434402332
6901028221450,202606,0,-8.429122476581647,3.8189464871778145,52.87222115379531,194.1308500477555
6901028224079,202606,0,-4.761715763677238,8.357954973925468,59.18176456289353,194.39111747851004
6901028224642,202606,0,0.6973731286077722,10.342899078540407,42.85733504146319,284.61975308641973
6901028225175,202606,0,-2.962993079048843,17.731778937284258,53.70625077937884,157.4900265957447
6901028227285,202606,0,5.449102330373535,5.808522313180022,44.76429485723119,532.6890130353817
6901028229074,202606,1,9.401180528354402,1.2450069036984754,52.01328338246092,1193.3333333333333
6901028230186,202606,0,-13.877587744691184,-1.022596870311987,60.09574027717747,136.05555555555554
6901028241410,202606,0,-3.049745636476274,-1.5783719127346196,62.084168638095406,126.82857142857142
6901028242066,202606,1,17.586710941696083,-5.140735601498492,56.979882872267474,2874.75
6901028247375,202606,1,-3.5782164016710425,14.386155904702855,47.24761537643764,607.8181818181818
6901028252959,202606,1,-2.8353957182695098,-5.094789789093312,66.61705663445561,317.3855421686747
6901028268950,202606,0,-6.350914627925697,-6.528900821906117,50.66468538752772,233.9747899159664
6901028268981,202606,0,-4.016667586762743,6.831902751848138,53.95903583084474,236.9782608695652
6901028271004,202606,0,-2.071429591166563,8.485737785410592,50.89669881127725,319.5907434402332
6901028271547,202606,0,0.1006349478401915,4.495802380311755,72.8246211756443,172.75
6901028275668,202606,0,-7.206060168340549,-0.8877783693970203,65.14596544239913,1226.9615384615386
6901028312356,202606,0,-7.177696785955689,-10.278780140509943,70.9365273740932,4589.25
6901028314459,202606,0,0.0,4.828190598766791,55.37069531383868,319.5907434402332
6901028314985,202606,0,0.0618872643338832,13.74473838932627,52.84159772362676,57.18873668188736
6901028315432,202606,0,-0.0064240012919825,-14.213463116161323,53.32362742067208,319.5907434402332
6901028317177,202606,1,-3.0349813082082946,15.090333283166778,55.54049440833473,600.1663201663202
6901028324830,202606,1,-1.6386559227298605,2.532194970040583,56.83535346928779,349.80232558139534
6901028325257,202606,0,-5.940240882796459,3.3298265545174472,74.60607961962396,497.03333333333336
6901028339957,202606,0,-0.348251160449962,6.643214639486178,65.24795151026123,301.5590507726269
6901028936477,202606,0,0.0,10.472346225872998,53.20226642690941,319.5907434402332
6901028936750,202606,0,2.220397656988524,2.2925803802025193,49.18727529922254,102.45182724252491
6901028937535,202606,0,0.0,3.6684831258955914,52.957936411480745,319.5907434402332
6901028940504,202606,0,-1.812003290296467,13.85659796255752,48.25435518876093,266.8845043310876
6901028942881,202606,0,15.443118913222207,7.518982548974926,39.92757640061647,319.5907434402332
